episode_frame_index,trajectory_time_s,control_dt_s,x,y,z,yaw,yaw_rate,state_vx_flu,state_vy_flu,state_vz_flu,speed_world_mps,effective_target_world_x,effective_target_world_y,effective_target_world_z,goal_direction_flu_x,goal_direction_flu_y,goal_direction_flu_z,goal_distance_norm,target_velocity_flu_x,target_velocity_flu_y,target_velocity_flu_z,target_yaw_rate,hierarchical_mode,planner_status,planner_failure_reason,plan_valid,plan_terminal,plan_points_xy,macro_update_mask,macro_label_valid,macro_correction_type,macro_direction_token,macro_direction_flu_x,macro_direction_flu_y,macro_direction_flu_z,macro_distance_norm,min_observed_clearance_m,truth_minimum_clearance_m,truth_brake_risk,truth_brake_would_trigger,emergency_brake,local_corridor_blocked,fsm_state,effective_target_source,target_correction_active,observability_reason,scene_id,task_id,navigation_goal_world_x,navigation_goal_world_y,navigation_goal_world_z,original_navigation_goal_world_x,original_navigation_goal_world_y,original_navigation_goal_world_z,episode_valid,failure_taxonomy
0,0.033333,0.033333,-2.3514319380524284e-09,8.0,2.000579595565796,0.16451305880532732,0.0,1.162502102608334e-05,-1.7118629942991018e-06,0.030822308479274068,0.03082231071907359,0.0,22.0,2.0,0.9864982196237896,-0.16377198380398691,0.0,0.9,0.06381408870220184,-0.008582369424402714,0.008699647150933743,-0.12639084458351135,local_avoidance,SAFE_PROGRESSING,NONE,1,0,"0.000,8.000;0.211,8.453;0.423,8.906;0.634,9.359;0.845,9.813;1.057,10.266;1.268,10.719",1,1,PASS_THROUGH,-1,0.9864982196237896,-0.16377198380398691,0.0,0.9,3.950316443020737,4.0,0.0,0,0,1,DIRECT_LOCAL,PASS_THROUGH,0,BYPASS_VISIBLE,1,14,0.0,22.0,2.0,0.0,22.0,2.0,1,
1,0.066667,0.033333,-3.430793071856897e-08,8.000003814697266,2.001826047897339,0.16446358086095034,-0.004305833484977484,0.00028997103674970824,-4.6745140382854064e-05,0.04155553467898508,0.04155657265423408,0.0,22.0,2.0,0.9865063206444824,-0.16372317372489342,-4.1399683235657444e-05,0.9,0.13770821690559387,-0.020528625696897507,0.006129480432718992,-0.31116026639938354,local_avoidance,SAFE_PROGRESSING,NONE,1,0,"-0.000,8.000;0.211,8.453;0.423,8.906;0.634,9.359;0.845,9.813;1.057,10.266;1.268,10.719",0,1,PASS_THROUGH,-1,0.9864982196237896,-0.16377198380398691,0.0,0.9,3.9503164429909745,3.9999961853027344,0.0,0,0,1,DIRECT_LOCAL,PASS_THROUGH,0,BYPASS_VISIBLE,1,14,0.0,22.0,2.0,0.0,22.0,2.0,1,
2,0.1,0.033333,4.4883969962938863e-07,8.000062942504883,2.003262996673584,0.16407057779866635,-0.021807542070746422,0.003057463152459726,-0.0005324306357939337,0.04423709790893228,0.044345827252572946,0.0,22.0,2.0,0.986570580248428,-0.16333546208881414,-0.00013043202709748085,0.9,0.21037502586841583,-0.040875308215618134,0.009500028565526009,-0.4610256850719452,local_avoidance,SAFE_PROGRESSING,NONE,1,0,"-0.000,8.000;0.211,8.453;0.423,8.906;0.634,9.359;0.845,9.813;1.057,10.266;1.268,10.719",0,1,PASS_THROUGH,-1,0.9864982196237896,-0.16377198380398691,0.0,0.9,3.950312628194808,3.9999370574951314,0.0,0,0,1,DIRECT_LOCAL,PASS_THROUGH,0,BYPASS_VISIBLE,1,14,0.0,22.0,2.0,0.0,22.0,2.0,1,
3,0.133333,0.033333,7.067550086503616e-06,8.000357627868652,2.0047390460968018,0.16276757256460686,-0.05679099261760712,0.012762367454408174,-0.0024055110775374642,0.04474952266978109,0.046595968556933584,0.0,22.0,2.0,0.9867825568233444,-0.16204978008784018,-0.00023307223250762683,0.9,0.2530941963195801,-0.07382030785083771,0.011778864078223705,-0.598840594291687,local_avoidance,SAFE_PROGRESSING,NONE,1,0,"0.000,8.000;0.211,8.453;0.423,8.906;0.634,9.360;0.845,9.813;1.057,10.266;1.268,10.719",0,1,PASS_THROUGH,-1,0.9864982196237896,-0.16377198380398691,0.0,0.9,3.9502534998768652,3.9996423721349155,0.0,0,0,1,DIRECT_LOCAL,PASS_THROUGH,0,BYPASS_VISIBLE,1,14,0.0,22.0,2.0,0.0,22.0,2.0,1,
4,0.166667,0.033333,4.6303179260576144e-05,8.001200675964355,2.0061569213867188,0.15979848245024048,-0.1082591712474823,0.032767196454137636,-0.006993471780757944,0.043426732107483525,0.05484960230072273,0.0,22.0,2.0,0.9872593925088406,-0.15911875223478456,-0.0003385119204695266,0.9,0.24678832292556763,-0.11954565346240997,0.010987530462443829,-0.7234405279159546,local_avoidance,SAFE_PROGRESSING,NONE,1,0,"0.000,8.000;0.211,8.454;0.423,8.907;0.634,9.360;0.845,9.813;1.057,10.266;1.268,10.719",0,1,PASS_THROUGH,-1,0.9864982196237896,-0.16377198380398691,0.0,0.9,3.9499587543454537,3.9987993241888127,0.0,0,0,1,DIRECT_LOCAL,PASS_THROUGH,0,BYPASS_VISIBLE,1,14,0.0,22.0,2.0,0.0,22.0,2.0,1,
5,0.2,0.033333,0.0001953587052412331,8.0029296875,2.0073983669281006,0.15435428679381924,-0.16950489580631256,0.06230146207315177,-0.01589277855354544,0.04087352479563483,0.0761885661751406,0.0,22.0,2.0,0.9881114230129018,-0.15373881185875507,-0.00043981777641581706,0.9,0.21713675558567047,-0.15898320078849792,0.008802687749266624,-0.8112561106681824,local_avoidance,SAFE_PROGRESSING,NONE,1,0,"0.000,8.001;0.211,8.454;0.423,8.908;0.634,9.361;0.845,9.814;1.057,10.267;1.268,10.720",0,1,PASS_THROUGH,-1,0.9864982196237896,-0.16377198380398691,0.0,0.9,3.9491152772906526,3.997070315227215,0.0,0,0,1,DIRECT_LOCAL,PASS_THROUGH,0,BYPASS_VISIBLE,1,14,0.0,22.0,2.0,0.0,22.0,2.0,1,
6,0.233333,0.033333,0.0006054921541363001,8.005772590637207,2.008383274078369,0.14599223169933784,-0.23387373983860016,0.09613991798088484,-0.030347354860609993,0.036915651949911074,0.10736205631084952,0.0,22.0,2.0,0.9893639409292464,-0.14546034857533247,-0.0005285653160783355,0.9,0.18413591384887695,-0.17882487177848816,0.006602207198739052,-0.857591986656189,local_avoidance,SAFE_PROGRESSING,NONE,1,0,"0.000,8.003;0.211,8.456;0.423,8.909;0.634,9.362;0.845,9.816;1.057,10.269;1.268,10.722",1,1,PASS_THROUGH,-1,0.9893640791341641,-0.1454603688947869,0.0,0.9,3.8473977651595117,3.9942274355716023,0.0,0,0,1,DIRECT_LOCAL,PASS_THROUGH,0,BYPASS_VISIBLE,1,14,0.0,22.0,2.0,0.0,22.0,2.0,1,
7,0.266667,0.033333,0.0014804750680923462,8.009746551513672,2.0090792179107666,0.13509966958424244,-0.29998934268951416,0.12730245882198804,-0.050129830566583,0.030434524821256217,0.14016125083579248,0.0,22.0,2.0,0.9908935606269,-0.1346461757519253,-0.0005990521892396556,0.9,0.15244722366333008,-0.17847882211208344,0.005132891237735748,-0.8665768504142761,local_avoidance,SAFE_PROGRESSING,NONE,1,0,"0.001,8.006;0.212,8.459;0.423,8.912;0.634,9.365;0.846,9.818;1.057,10.272;1.268,10.725",0,1,PASS_THROUGH,-1,0.9893639409292464,-0.14546034857533247,-0.0005285653160783355,0.9,3.844560480826429,3.990253605262218,0.0,0,0,1,DIRECT_LOCAL,PASS_THROUGH,0,BYPASS_VISIBLE,1,14,0.0,22.0,2.0,0.0,22.0,2.0,1,
8,0.3,0.033333,0.003009557956829667,8.014656066894531,2.009495973587036,0.12262283586476232,-0.3640097677707672,0.15014429978378405,-0.07298801312327417,0.021538090816583255,0.16832839978229894,0.0,22.0,2.0,0.9925039649744765,-0.12221071291619623,-0.000648967224322748,0.9,0.12430818378925323,-0.16230395436286926,0.004991763737052679,-0.8420455455780029,local_avoidance,SAFE_PROGRESSING,NONE,1,0,"0.001,8.010;0.213,8.463;0.424,8.916;0.635,9.369;0.847,9.822;1.058,10.276;1.269,10.729",0,1,PASS_THROUGH,-1,0.9893639409292464,-0.14546034857533247,-0.0005285653160783355,0.9,3.840598493454423,3.9853445814227717,0.0,0,0,1,DIRECT_LOCAL,PASS_THROUGH,0,BYPASS_VISIBLE,1,14,0.0,22.0,2.0,0.0,22.0,2.0,1,
9,0.333333,0.033333,0.0052936747670173645,8.020167350769043,2.00968861579895,0.10914080357840676,-0.420840322971344,0.16215119791296323,-0.09517429130099295,0.012007366723492223,0.18840205297418516,0.0,22.0,2.0,0.994073239836682,-0.10871031601054941,-0.0006789944690387808,0.9,0.10338631272315979,-0.13672129809856415,0.006692680064588785,-0.7887986898422241,local_avoidance,SAFE_PROGRESSING,NONE,1,0,"0.003,8.015;0.214,8.468;0.425,8.921;0.637,9.374;0.848,9.827;1.059,10.281;1.270,10.734",0,1,PASS_THROUGH,-1,0.9893639409292464,-0.14546034857533247,-0.0005285653160783355,0.9,3.93562447058576,3.979834656656487,0.0,0,0,1,DIRECT_LOCAL,PASS_THROUGH,0,BYPASS_VISIBLE,1,14,0.0,22.0,2.0,0.0,22.0,2.0,1,
10,0.366667,0.033333,0.008301774971187115,8.025911331176758,2.009742259979248,0.09449068522373044,-0.4651968479156494,0.16411016549147942,-0.11280034970425522,0.004072178720367196,0.19917993862478633,0.0,22.0,2.0,0.9955744924322631,-0.09397313292036812,-0.0006930421143570916,0.9,0.09454083442687988,-0.11017671227455139,0.010197950527071953,-0.7170053720474243,local_avoidance,SAFE_PROGRESSING,NONE,1,0,"0.005,8.020;0.216,8.473;0.428,8.927;0.639,9.380;0.850,9.833;1.061,10.286;1.272,10.740",0,1,PASS_THROUGH,-1,0.9893639409292464,-0.14546034857533247,-0.0005285653160783355,0.9,3.930086933704832,3.974093609930714,0.0,0,0,1,DIRECT_LOCAL,PASS_THROUGH,0,BYPASS_VISIBLE,1,14,0.0,22.0,2.0,0.0,22.0,2.0,1,
11,0.4,0.033333,0.011874516494572163,8.031571388244629,2.0097529888153076,0.07841331586521094,-0.49259427189826965,0.15912350686040871,-0.12326545115963528,-0.0005915016751116072,0.20128341153551288,0.0,22.0,2.0,0.9969733689819771,-0.07774069398104962,-0.000697165741779397,0.9,0.0990874320268631,-0.0895623192191124,0.014691279269754887,-0.6404874324798584,local_avoidance,SAFE_PROGRESSING,NONE,1,0,"0.008,8.026;0.219,8.479;0.430,8.932;0.641,9.386;0.852,9.839;1.064,10.292;1.275,10.746",0,1,PASS_THROUGH,-1,0.9893639409292464,-0.14546034857533247,-0.0005285653160783355,0.9,3.924310209802167,3.9684387291037346,0.0,0,0,1,DIRECT_LOCAL,PASS_THROUGH,0,BYPASS_VISIBLE,1,14,0.0,22.0,2.0,0.0,22.0,2.0,1,
12,0.433333,0.033333,0.015772949904203415,8.036956787109375,2.009803533554077,0.0612580197765648,-0.5012044906616211,0.15124731921469026,-0.126039740811263,-0.0013072384628585042,0.19688442474152076,0.0,22.0,2.0,0.9981757528684397,-0.060371175901126686,-0.0006982161834376317,0.9,0.11452668160200119,-0.0780826136469841,0.019056187942624092,-0.57322758436203,local_avoidance,SAFE_PROGRESSING,NONE,1,0,"0.012,8.032;0.223,8.485;0.434,8.938;0.645,9.392;0.856,9.845;1.066,10.298;1.277,10.752",1,1,PASS_THROUGH,-1,0.9981759961767825,-0.060371190616782436,0.0,0.9,3.9186140838204078,3.963061077610254,0.0,0,0,1,DIRECT_LOCAL,PASS_THROUGH,0,BLOCKED_UNKNOWN_OCCLUDED,1,14,0.0,22.0,2.0,0.0,22.0,2.0,1,
13,0.466667,0.033333,0.0197515357285738,8.042020797729492,2.009948253631592,0.04395067706297758,-0.49288737773895264,0.14430817737223645,-0.12254339284174369,0.0014933057251271071,0.18932501986703043,0.0,22.0,2.0,0.999083072402756,-0.042807960551682844,-0.000702105173879938,0.9,0.13720786571502686,-0.0759286880493164,0.02242431230843067,-0.5250954627990723,local_avoidance,SAFE_PROGRESSING,NONE,1,0,"0.016,8.037;0.227,8.490;0.437,8.944;0.648,9.397;0.859,9.851;1.070,10.304;1.281,10.757",0,1,PASS_THROUGH,-1,0.9981757528684397,-0.060371175901126686,-0.0006982161834376317,0.9,3.9131929005490713,3.958007236442958,0.0,0,0,1,DIRECT_LOCAL,PASS_THROUGH,0,BLOCKED_UNKNOWN_OCCLUDED,1,14,0.0,22.0,2.0,0.0,22.0,2.0,1,
14,0.5,0.033333,0.023625748232007027,8.046841621398926,2.0102081298828125,0.027390363763447913,-0.47246065735816956,0.14115737530244465,-0.11539223471132411,0.00653233377550926,0.1824375066111768,0.0,22.0,2.0,0.9996624071291897,-0.02597236592267133,-0.0007127278956615593,0.9,0.1630580574274063,-0.08153867721557617,0.02436274290084839,-0.4982254207134247,local_avoidance,SAFE_PROGRESSING,NONE,1,0,"0.020,8.042;0.230,8.495;0.441,8.949;0.652,9.402;0.862,9.856;1.073,10.309;1.284,10.763",0,1,PASS_THROUGH,-1,0.9981757528684397,-0.060371175901126686,-0.0006982161834376317,0.9,3.908096264803315,3.953198516789941,0.0,0,0,1,DIRECT_LOCAL,PASS_THROUGH,0,BLOCKED_UNKNOWN_OCCLUDED,1,14,0.0,22.0,2.0,0.0,22.0,2.0,1,
15,0.533333,0.033333,0.027310725301504135,8.05158519744873,2.010573148727417,0.01196098896878566,-0.44584891200065613,0.14336487404820272,-0.10748584526246688,0.012251072160558481,0.17960173387728534,0.0,22.0,2.0,0.999947019288763,-0.01026758875598737,-0.0007315986990672969,0.9,0.18842312693595886,-0.09293361008167267,0.024840865284204483,-0.4893333911895752,local_avoidance,SAFE_PROGRESSING,NONE,1,0,"0.024,8.047;0.234,8.500;0.445,8.954;0.655,9.407;0.866,9.861;1.076,10.314;1.287,10.768",0,1,PASS_THROUGH,-1,0.9981757528684397,-0.060371175901126686,-0.0006982161834376317,0.9,3.9032474850565264,3.9484684747093794,0.0,0,0,1,DIRECT_LOCAL,PASS_THROUGH,0,BLOCKED_UNKNOWN_OCCLUDED,1,14,0.0,22.0,2.0,0.0,22.0,2.0,1,
16,0.566667,0.033333,0.030823776498436928,8.056458473205566,2.011007785797119,-0.0024607853922546624,-0.4183863699436188,0.1512276167288415,-0.10127630588645624,0.017375313321891562,0.18283485364811145,0.0,22.0,2.0,0.9999899499890111,0.004418747820694362,-0.00075801627442744,0.9,0.21050584316253662,-0.10769449919462204,0.02418370172381401,-0.49248120188713074,local_avoidance,SAFE_PROGRESSING,NONE,1,0,"0.027,8.052;0.238,8.505;0.448,8.959;0.659,9.412;0.869,9.866;1.079,10.319;1.290,10.773",0,1,PASS_THROUGH,-1,0.9981757528684397,-0.060371175901126686,-0.0006982161834376317,0.9,3.898480829238128,3.9436099429271225,0.0,0,0,1,DIRECT_LOCAL,PASS_THROUGH,0,BLOCKED_UNKNOWN_OCCLUDED,1,14,0.0,22.0,2.0,0.0,22.0,2.0,1,
17,0.6,0.033333,0.03425932303071022,8.06164264678955,2.011467933654785,-0.01618069899344549,-0.39386454224586487,0.16398860094010903,-0.09833823910018018,0.021163029364511775,0.19238124731766795,0.0,22.0,2.0,0.9998305730871029,0.01839026606657764,-0.0007894519085682571,0.9,0.22846806049346924,-0.12354721128940582,0.022900182753801346,-0.5020198225975037,local_avoidance,SAFE_PROGRESSING,NONE,1,0,"0.031,8.056;0.241,8.510;0.451,8.964;0.662,9.417;0.872,9.871;1.082,10.325;1.293,10.778",0,1,PASS_THROUGH,-1,0.9981757528684397,-0.060371175901126686,-0.0006982161834376317,0.9,3.8935887492672516,3.9384419333207683,0.0,0,0,1,DIRECT_LOCAL,PASS_THROUGH,0,BLOCKED_UNKNOWN_OCCLUDED,1,14,0.0,22.0,2.0,0.0,22.0,2.0,1,
18,0.633333,0.033333,0.03775138035416603,8.067280769348145,2.0119106769561768,-0.02941197138105407,-0.374361515045166,0.1802125670449032,-0.09924262642065061,0.02332338725684663,0.2070498698693515,0.0,22.0,2.0,0.9994918599600293,0.031864477759745984,-0.0008227580081295268,0.9,0.24166226387023926,-0.13798943161964417,0.021427543833851814,-0.5119370222091675,local_avoidance,SAFE_PROGRESSING,NONE,1,0,"0.034,8.062;0.244,8.515;0.455,8.969;0.665,9.423;0.875,9.876;1.085,10.330;1.295,10.784",1,1,PASS_THROUGH,-1,0.9994921982535832,0.03186448854477371,0.0,0.9,3.8883892134375166,3.932822015439939,0.0,0,0,1,DIRECT_LOCAL,PASS_THROUGH,0,BYPASS_VISIBLE,1,14,0.0,22.0,2.0,0.0,22.0,2.0,1,
19,0.666667,0.033333,0.04143722727894783,8.073447227478027,2.0123019218444824,-0.04221788232570964,-0.36044955253601074,0.19821643484441281,-0.10367136697640944,0.023844941155452472,0.22495797072318577,0.0,22.0,2.0,0.9989905679893998,0.04491229530730546,-0.000854867501818593,0.9,0.25001612305641174,-0.14900332689285278,0.020067434757947922,-0.5171180963516235,local_avoidance,SAFE_PROGRESSING,NONE,1,0,"0.038,8.067;0.248,8.521;0.458,8.975;0.668,9.428;0.878,9.882;1.088,10.336;1.298,10.790",0,1,PASS_THROUGH,-1,0.9994918599600293,0.031864477759745984,-0.0008227580081295268,0.9,3.882738550656865,3.9266767179027777,0.0,0,0,1,DIRECT_LOCAL,PASS_THROUGH,0,BYPASS_VISIBLE,1,14,0.0,22.0,2.0,0.0,22.0,2.0,1,
20,0.7,0.033333,0.04542965441942215,8.080160140991211,2.0126211643218994,-0.05459282514734264,-0.35151907801628113,0.21642572202230193,-0.11067272808530852,0.022901093304646368,0.24415774812458332,0.0,22.0,2.0,0.9983430176499536,0.057536413012807056,-0.0008833386690427521,0.9,0.2554492652416229,-0.15668770670890808,0.01897289603948593,-0.516137957572937,local_avoidance,SAFE_PROGRESSING,NONE,1,0,"0.041,8.073;0.251,8.527;0.461,8.981;0.671,9.435;0.881,9.889;1.091,10.342;1.301,10.796",0,1,PASS_THROUGH,-1,0.9994918599600293,0.031864477759745984,-0.0008227580081295268,0.9,3.876562229504961,3.919988983215757,0.0,0,0,1,DIRECT_LOCAL,PASS_THROUGH,0,BYPASS_VISIBLE,1,14,0.0,22.0,2.0,0.0,22.0,2.0,1,
21,0.733333,0.033333,0.0498010627925396,8.087396621704102,2.012861967086792,-0.06655212356748215,-0.3462918698787689,0.23363070485908882,-0.11900055994979686,0.02084810116756754,0.26301916820568993,0.0,22.0,2.0,0.9975634585579938,0.0697590427717157,-0.0009066980687460835,0.9,0.259935200214386,-0.16202665865421295,0.018156319856643677,-0.5090795755386353,local_avoidance,SAFE_PROGRESSING,NONE,1,0,"0.045,8.080;0.255,8.534;0.465,8.988;0.675,9.442;0.885,9.896;1.095,10.349;1.304,10.803",0,1,PASS_THROUGH,-1,0.9994918599600293,0.031864477759745984,-0.0008227580081295268,0.9,3.8698425578351245,3.9127827690072206,0.0,0,0,1,DIRECT_LOCAL,PASS_THROUGH,0,BYPASS_VISIBLE,1,14,0.0,22.0,2.0,0.0,22.0,2.0,1,
22,0.766667,0.033333,0.05458042025566101,8.095094680786133,2.0130293369293213,-0.07817126223466961,-0.3432544767856598,0.24914437213737192,-0.12747847048041236,0.018216324500630113,0.28045590220578864,0.0,22.0,2.0,0.9966598371339259,0.08165974765332147,-0.0009244768099537853,0.9,0.2654252350330353,-0.16657008230686188,0.017555302008986473,-0.49742698669433594,local_avoidance,SAFE_PROGRESSING,NONE,1,0,"0.050,8.087;0.259,8.541;0.469,8.995;0.679,9.449;0.889,9.903;1.098,10.357;1.308,10.811",0,1,PASS_THROUGH,-1,0.9994918599600293,0.031864477759745984,-0.0008227580081295268,0.9,3.862603383418871,3.9051210336664806,0.0,0,0,1,DIRECT_LOCAL,PASS_THROUGH,0,BYPASS_VISIBLE,1,14,0.0,22.0,2.0,0.0,22.0,2.0,1,
23,0.8,0.033333,0.05976169928908348,8.103191375732422,2.0131349563598633,-0.08955952942120464,-0.3409726917743683,0.2628395064873755,-0.13529287778441457,0.015629621432032968,0.29602880605749216,0.0,22.0,2.0,0.9956330429756903,0.09334862463302926,-0.0009370240598850689,0.9,0.2725635766983032,-0.1714165359735489,0.01708204671740532,-0.48265260457992554,local_avoidance,SAFE_PROGRESSING,NONE,1,0,"0.055,8.095;0.264,8.549;0.474,9.003;0.683,9.457;0.893,9.911;1.102,10.365;1.312,10.819",0,1,PASS_THROUGH,-1,0.9994918599600293,0.031864477759745984,-0.0008227580081295268,0.9,3.8549080404535068,3.897067540663464,0.0,0,0,1,DIRECT_LOCAL,PASS_THROUGH,0,BYPASS_VISIBLE,1,14,0.0,22.0,2.0,0.0,22.0,2.0,1,
24,0.833333,0.033333,0.06531955301761627,8.111628532409668,2.0131916999816895,-0.10080718321425362,-0.33830639719963074,0.27505095307392874,-0.1421315298334417,0.013617155334753795,0.30990292912310763,0.0,22.0,2.0,0.9944808411060495,0.10491407593390423,-0.0009451687358590494,0.9,0.28102272748947144,-0.17724665999412537,0.016643455252051353,-0.4665027856826782,local_avoidance,SAFE_PROGRESSING,NONE,1,0,"0.060,8.103;0.269,8.557;0.478,9.011;0.688,9.465;0.897,9.919;1.107,10.373;1.316,10.828",1,1,PASS_THROUGH,-1,0.9944812853130631,0.10491412279611256,0.0,0.9,3.8468210099395628,3.8886811596646718,0.0,0,0,1,DIRECT_LOCAL,PASS_THROUGH,0,BYPASS_VISIBLE,1,14,0.0,22.0,2.0,0.0,22.0,2.0,1,
25,0.866667,0.033333,0.07122652232646942,8.120363235473633,2.0132124423980713,-0.11195142267654408,-0.3345244526863098,0.2863646616097806,-0.14814451954217311,0.012431155977786412,0.32265469426030285,0.0,22.0,2.0,0.993203120073462,0.11639012030792709,-0.0009498268508031212,0.9,0.29123547673225403,-0.18505579233169556,0.01608896441757679,-0.45117712020874023,local_avoidance,SAFE_PROGRESSING,NONE,1,0,"0.065,8.112;0.274,8.566;0.484,9.020;0.693,9.474;0.902,9.928;1.111,10.382;1.320,10.836",0,1,PASS_THROUGH,-1,0.9944808411060495,0.10491407593390423,-0.0009451687358590494,0.9,3.838402038858909,3.88000546724387,0.0,0,0,1,DIRECT_LOCAL,PASS_THROUGH,0,BYPASS_VISIBLE,1,14,0.0,22.0,2.0,0.0,22.0,2.0,1,
26,0.9,0.033333,0.07746666669845581,8.129374504089355,2.013202428817749,-0.12298246927564521,-0.329400897026062,0.2974051621738413,-0.1537987857190038,0.012044162099822535,0.33503575751996334,0.0,22.0,2.0,0.9918041512473857,0.1277639206601107,-0.0009519170182275571,0.9,0.3030705749988556,-0.19531749188899994,0.015285613015294075,-0.4379969835281372,local_avoidance,SAFE_PROGRESSING,NONE,1,0,"0.071,8.120;0.280,8.575;0.489,9.029;0.698,9.483;0.907,9.937;1.116,10.392;1.325,10.846",0,1,PASS_THROUGH,-1,0.9944808411060495,0.10491407593390423,-0.0009451687358590494,0.9,3.829695590182341,3.8710622024186883,0.0,0,0,1,DIRECT_LOCAL,PASS_THROUGH,0,BYPASS_VISIBLE,1,14,0.0,22.0,2.0,0.0,22.0,2.0,1,
27,0.933333,0.033333,0.08404378592967987,8.138659477233887,2.013160467147827,-0.13387308144538013,-0.32315346598625183,0.3086978887313569,-0.15970945073977802,0.012240476286780422,0.347780569357355,0.0,22.0,2.0,0.9902910390914388,0.13900630183774051,-0.0009518112174378265,0.9,0.3160378038883209,-0.2079513818025589,0.014162315055727959,-0.42774948477745056,local_avoidance,SAFE_PROGRESSING,NONE,1,0,"0.077,8.129;0.286,8.584;0.495,9.038;0.704,9.492;0.913,9.947;1.121,10.401;1.330,10.855",0,1,PASS_THROUGH,-1,0.9944808411060495,0.10491407593390423,-0.0009451687358590494,0.9,3.820724224251469,3.861855224886762,0.0,0,0,1,DIRECT_LOCAL,PASS_THROUGH,0,BYPASS_VISIBLE,1,14,0.0,22.0,2.0,0.0,22.0,2.0,1,
28,0.966667,0.033333,0.09098372608423233,8.148224830627441,2.013078451156616,-0.14460065654417117,-0.3162645697593689,0.3206012916704141,-0.16648492642071508,0.012723370600375433,0.3614751763337053,0.0,22.0,2.0,0.9886712233243795,0.1500943395799402,-0.0009494189467564464,0.9,0.3299742639064789,-0.2225595861673355,0.01271884422749281,-0.4205307364463806,local_avoidance,SAFE_PROGRESSING,NONE,1,0,"0.084,8.139;0.293,8.593;0.501,9.048;0.710,9.502;0.918,9.956;1.127,10.411;1.335,10.865",0,1,PASS_THROUGH,-1,0.9944808411060495,0.10491407593390423,-0.0009451687358590494,0.9,3.8114925632669814,3.8523792225797404,0.0,0,0,1,DIRECT_LOCAL,PASS_THROUGH,0,BYPASS_VISIBLE,1,14,0.0,22.0,2.0,0.0,22.0,2.0,1,
29,1.0,0.033333,0.09833164513111115,8.158082008361816,2.012941837310791,-0.15515453831307446,-0.309319406747818,0.33329895880898897,-0.17460849117878127,0.013214411625918432,0.3764982626912186,0.0,22.0,2.0,0.9869509012690149,0.161018716501333,-0.0009441506991631536,0.9,0.3437662422657013,-0.23804791271686554,0.011057504452764988,-0.4154849052429199,local_avoidance,SAFE_PROGRESSING,NONE,1,0,"0.091,8.148;0.299,8.603;0.508,9.057;0.716,9.512;0.924,9.966;1.133,10.421;1.341,10.875",0,1,PASS_THROUGH,-1,0.9944808411060495,0.10491407593390423,-0.0009451687358590494,0.9,3.801996068417418,3.8426245634797516,0.0,0,0,1,DIRECT_LOCAL,PASS_THROUGH,0,BYPASS_VISIBLE,1,14,0.0,22.0,2.0,0.0,22.0,2.0,1,
30,1.033333,0.033333,0.10614586621522903,8.168244361877441,2.0127358436584473,-0.16553318984534357,-0.3027932941913605,0.3468138637680866,-0.18435652787514448,0.013486173577989344,0.39300007932531444,0.0,22.0,2.0,0.9851347807891291,0.1717806436928433,-0.000934950280511239,0.9,0.3569048345088959,-0.2534215748310089,0.009366866201162338,-0.4115784764289856,local_avoidance,SAFE_PROGRESSING,NONE,1,0,"0.098,8.158;0.306,8.613;0.515,9.067;0.723,9.522;0.931,9.977;1.139,10.431;1.347,10.886",1,1,PASS_THROUGH,-1,0.9851352113583428,0.17178071877237364,0.0,0.9,3.7922259958012052,3.8325801893526243,0.0,0,0,1,DIRECT_LOCAL,PASS_THROUGH,0,BYPASS_VISIBLE,1,14,0.0,22.0,2.0,0.0,22.0,2.0,1,
31,1.066667,0.033333,0.11448945850133896,8.178719520568848,2.012446880340576,-0.17573504516110658,-0.29694727063179016,0.36103060303345924,-0.19575771683550613,0.013393413406707308,0.4109057842742499,0.0,22.0,2.0,0.9832272550272827,0.1823823379817601,-0.0009207409091309374,0.9,0.3707638680934906,-0.2689584493637085,0.007787836249917746,-0.4086448550224304,local_avoidance,SAFE_PROGRESSING,NONE,1,0,"0.106,8.168;0.314,8.623;0.522,9.078;0.730,9.533;0.937,9.987;1.145,10.442;1.353,10.897",0,1,PASS_THROUGH,-1,0.9851347807891291,0.1717806436928433,-0.000934950280511239,0.9,3.7820099010343404,3.8222412164314754,0.0,0,0,1,DIRECT_LOCAL,PASS_THROUGH,0,BYPASS_VISIBLE,1,14,0.0,22.0,2.0,0.0,22.0,2.0,1,
32,1.1,0.033333,0.12342200428247452,8.189508438110352,2.012063980102539,-0.18575757024542777,-0.29197341203689575,0.3757793141909642,-0.20862941277189262,0.012949194125588917,0.4300046586676455,0.0,22.0,2.0,0.9812326533239241,0.19282548872087973,-0.0009005278706181054,0.9,0.3855375647544861,-0.28474193811416626,0.006393988151103258,-0.40670323371887207,local_avoidance,SAFE_PROGRESSING,NONE,1,0,"0.114,8.179;0.322,8.634;0.530,9.088;0.737,9.543;0.945,9.998;1.152,10.453;1.360,10.908",0,1,PASS_THROUGH,-1,0.9851347807891291,0.1717806436928433,-0.000934950280511239,0.9,3.7714476601294624,3.811609817488903,0.0,0,0,1,DIRECT_LOCAL,PASS_THROUGH,0,BYPASS_VISIBLE,1,14,0.0,22.0,2.0,0.0,22.0,2.0,1,
33,1.133333,0.033333,0.13299442827701569,8.20060920715332,2.011580228805542,-0.19560979762716776,-0.2880110740661621,0.3909458574373419,-0.22267997930137023,0.012304204967841039,0.45008491430947534,0.0,22.0,2.0,0.9791528505580877,0.20312294857549554,-0.0008735021283368773,0.9,0.4017460346221924,-0.30065807700157166,0.00519713805988431,-0.404928982257843,local_avoidance,SAFE_PROGRESSING,NONE,1,0,"0.123,8.190;0.370,8.625;0.616,9.060;0.862,9.495;1.108,9.930;1.354,10.366;1.600,10.801",0,1,PASS_THROUGH,-1,0.9851347807891291,0.1717806436928433,-0.000934950280511239,0.9,3.7605854832591716,3.8006913377833085,0.0,0,0,1,DIRECT_LOCAL,PASS_THROUGH,0,BYPASS_VISIBLE,1,14,0.0,22.0,2.0,0.0,22.0,2.0,1,
34,1.166667,0.033333,0.14324794709682465,8.212017059326172,2.0109925270080566,-0.20531720111367946,-0.28509557247161865,0.4065399987737011,-0.23761126608131,0.011708597792945145,0.47103182019260753,0.0,22.0,2.0,0.9769857339990583,0.21330300372553448,-0.0008391447943772314,0.9,0.41951698064804077,-0.3170294761657715,0.004236295819282532,-0.4033762812614441,local_avoidance,SAFE_PROGRESSING,NONE,1,0,"0.133,8.201;0.379,8.636;0.625,9.071;0.870,9.507;1.116,9.942;1.362,10.378;1.608,10.813",0,1,PASS_THROUGH,-1,0.9851347807891291,0.1717806436928433,-0.000934950280511239,0.9,3.749429357509365,3.7894942652031434,0.0,0,0,1,DIRECT_LOCAL,PASS_THROUGH,0,BYPASS_VISIBLE,1,14,0.0,22.0,2.0,0.0,22.0,2.0,1,
35,1.2,0.033333,0.15421628952026367,8.22373104095459,2.0103001594543457,-0.21491735052788621,-0.28317028284072876,0.42270621626995114,-0.25319204106129817,0.011421067879102537,0.49286630613336085,0.0,22.0,2.0,0.9747254119294373,0.22340486967335277,-0.0007972109012188495,0.9,0.4385848045349121,-0.33405905961990356,0.0034922733902931213,-0.4024010896682739,local_avoidance,SAFE_PROGRESSING,NONE,1,0,"0.143,8.212;0.389,8.648;0.634,9.083;0.880,9.519;1.125,9.954;1.371,10.390;1.616,10.826",0,1,PASS_THROUGH,-1,0.9851347807891291,0.1717806436928433,-0.000934950280511239,0.9,3.7379890389067456,3.778023581345506,0.0,0,0,1,DIRECT_LOCAL,PASS_THROUGH,0,BYPASS_VISIBLE,1,14,0.0,22.0,2.0,0.0,22.0,2.0,1,
36,1.233333,0.033333,0.16592951118946075,8.235756874084473,2.0095033645629883,-0.22445320954603995,-0.282115638256073,0.43967528126277866,-0.26929566262742094,0.011608507046830061,0.5157220804845392,0.0,22.0,2.0,0.9723631966281773,0.23347217156833275,-0.0007476270457213107,0.9,0.4592770040035248,-0.3521989583969116,0.0029016018379479647,-0.4023732542991638,local_avoidance,SAFE_PROGRESSING,NONE,1,0,"0.154,8.224;0.399,8.660;0.644,9.095;0.890,9.531;1.135,9.967;1.380,10.403;1.625,10.838",1,1,PASS_THROUGH,-1,0.972363468377648,0.23347223681755164,0.0,0.9,3.7262713444196054,3.766277977527899,0.0,0,0,1,DIRECT_LOCAL,PASS_THROUGH,0,BYPASS_VISIBLE,1,14,0.0,22.0,2.0,0.0,22.0,2.0,1,
37,1.266667,0.033333,0.17841802537441254,8.24810791015625,2.0086007118225098,-0.23396776480001216,-0.281850129365921,0.4577058816588702,-0.2859061274225102,0.012363344833101142,0.5398053724244716,0.0,22.0,2.0,0.9698886230025635,0.24354790562483777,-0.000690388257808697,0.9,0.4825093746185303,-0.3723638653755188,0.002389726461842656,-0.4039793908596039,local_avoidance,SAFE_PROGRESSING,NONE,1,0,"0.166,8.236;0.411,8.672;0.655,9.108;0.900,9.544;1.145,9.980;1.390,10.416;1.635,10.852",0,1,PASS_THROUGH,-1,0.9723631966281773,0.23347217156833275,-0.0007476270457213107,0.9,3.7142772847133387,3.7542490170760736,0.0,0,0,1,DIRECT_LOCAL,PASS_THROUGH,0,BYPASS_VISIBLE,1,14,0.0,22.0,2.0,0.0,22.0,2.0,1,
38,1.3,0.033333,0.19171644747257233,8.260807037353516,2.007587194442749,-0.24350641370023732,-0.2824566960334778,0.47706302660430533,-0.3031155020333883,0.013759583602126715,0.5653825829177239,0.0,22.0,2.0,0.9672887853616174,0.25367698876551137,-0.000625367499402133,0.9,0.506777822971344,-0.39407652616500854,0.0019432948902249336,-0.4066545367240906,local_avoidance,SAFE_PROGRESSING,NONE,1,0,"0.178,8.248;0.423,8.684;0.667,9.121;0.912,9.557;1.156,9.993;1.400,10.429;1.645,10.865",0,1,PASS_THROUGH,-1,0.9723631966281773,0.23347217156833275,-0.0007476270457213107,0.9,3.7020011654528036,3.74191938427147,0.0,0,0,1,DIRECT_LOCAL,PASS_THROUGH,0,BYPASS_VISIBLE,1,14,0.0,22.0,2.0,0.0,22.0,2.0,1,
39,1.333333,0.033333,0.20586715638637543,8.273877143859863,2.006455898284912,-0.2531197704143409,-0.28394079208374023,0.49797440294648965,-0.3210954390907899,0.01570447227818754,0.5927287891138379,0.0,22.0,2.0,0.964547383146371,0.26390915248809166,-0.0005521761539913186,0.9,0.5303940773010254,-0.4170207977294922,0.0015531828394159675,-0.40998607873916626,local_avoidance,SAFE_PROGRESSING,NONE,1,0,"0.192,8.261;0.436,8.697;0.680,9.134;0.924,9.570;1.167,10.007;1.411,10.443;1.655,10.880",0,1,PASS_THROUGH,-1,0.9723631966281773,0.23347217156833275,-0.0007476270457213107,0.9,3.5896661537817516,3.7292726175991238,0.0,0,0,1,DIRECT_LOCAL,PASS_THROUGH,0,BYPASS_VISIBLE,1,14,0.0,22.0,2.0,0.0,22.0,2.0,1,
40,1.366667,0.033333,0.22092100977897644,8.287346839904785,2.0051941871643066,-0.2628485494750013,-0.2860667109489441,0.5205251561998785,-0.3400319908050602,0.01783204996517672,0.6220017484008553,0.0,22.0,2.0,0.961648474501043,0.2742845061666381,-0.000470283680745717,0.9,0.5510651469230652,-0.44028282165527344,0.00126615387853235,-0.4128400683403015,local_avoidance,SAFE_PROGRESSING,NONE,1,0,"0.206,8.274;0.449,8.711;0.693,9.147;0.936,9.584;1.180,10.021;1.423,10.457;1.667,10.894",0,1,PASS_THROUGH,-1,0.9723631966281773,0.23347217156833275,-0.0007476270457213107,0.9,3.5763951669374183,3.7162875564033166,0.0,0,0,1,DIRECT_LOCAL,PASS_THROUGH,0,BYPASS_VISIBLE,1,14,0.0,22.0,2.0,0.0,22.0,2.0,1,
41,1.4,0.033333,0.23693451285362244,8.301239967346191,2.003788948059082,-0.27270709752857963,-0.2883187532424927,0.5445335345609155,-0.3600525879734911,0.019511486790014597,0.6530967267446447,0.0,22.0,2.0,0.9585815756209364,0.28481787064202657,-0.0003787387292002436,0.9,0.5677395462989807,-0.4628139138221741,0.0012267263373360038,-0.4141504764556885,local_avoidance,SAFE_PROGRESSING,NONE,1,0,"0.221,8.287;0.464,8.724;0.707,9.161;0.950,9.598;1.193,10.035;1.436,10.472;1.679,10.909",0,1,PASS_THROUGH,-1,0.9723631966281773,0.23347217156833275,-0.0007476270457213107,0.9,3.562771831988221,3.7029488986908765,0.0,0,0,1,DIRECT_LOCAL,PASS_THROUGH,0,BYPASS_VISIBLE,1,14,0.0,22.0,2.0,0.0,22.0,2.0,1,
42,1.433333,0.033333,0.25396350026130676,8.31556510925293,2.0022287368774414,-0.2826671381079606,-0.29004228115081787,0.5694824235969673,-0.38115515905273756,0.02001212231662796,0.6855581456725675,0.0,22.0,2.0,0.9553478385370514,0.29548338518961914,-0.00027654921275426913,0.9,0.5810973644256592,-0.48375454545021057,0.0015042814193293452,-0.4132787883281708,local_avoidance,SAFE_PROGRESSING,NONE,1,0,"0.237,8.301;0.479,8.739;0.722,9.176;0.964,9.613;1.207,10.050;1.449,10.488;1.692,10.925",1,1,PASS_THROUGH,-1,0.9553478750693003,0.2954833964888257,0.0,0.9,3.548784084206229,3.6892576021634698,0.0,0,0,1,DIRECT_LOCAL,PASS_THROUGH,0,BYPASS_VISIBLE,1,14,0.0,22.0,2.0,0.0,22.0,2.0,1,
43,1.466667,0.033333,0.2720543146133423,8.330310821533203,2.0005075931549072,-0.292658239104204,-0.2907554507255554,0.5945917616481605,-0.40316227471061794,0.018804829450498495,0.7186325934581349,0.0,22.0,2.0,0.9519623074630384,0.3062151835772736,-0.000162838520813973,0.9,0.5939803123474121,-0.5031125545501709,0.0019957725889980793,-0.409748911857605,local_avoidance,SAFE_PROGRESSING,NONE,1,0,"0.254,8.316;0.496,8.753;0.738,9.191;0.980,9.628;1.222,10.066;1.464,10.503;1.705,10.941",0,1,PASS_THROUGH,-1,0.9553478385370514,0.29548338518961914,-0.00027654921275426913,0.9,3.534437113072545,3.6752353731877374,0.0,0,0,1,DIRECT_LOCAL,PASS_THROUGH,0,BYPASS_VISIBLE,1,14,0.0,22.0,2.0,0.0,22.0,2.0,1,
44,1.5,0.033333,0.2912365794181824,8.345440864562988,1.9986255168914795,-0.30259416844099135,-0.2903985381126404,0.6190620871025344,-0.4257326374447989,0.015949347678079373,0.751492200867585,0.0,22.0,2.0,0.9484480787237624,0.31693254895467704,-3.712539849886519e-05,0.9,0.6079908013343811,-0.5207859873771667,0.002646713051944971,-0.40377551317214966,local_avoidance,SAFE_PROGRESSING,NONE,1,0,"0.272,8.330;0.513,8.768;0.755,9.206;0.996,9.644;1.237,10.082;1.479,10.520;1.720,10.958",0,1,PASS_THROUGH,-1,0.9553478385370514,0.29548338518961914,-0.00027654921275426913,0.9,3.519758273775253,3.6609290667458234,0.0,0,0,1,DIRECT_LOCAL,PASS_THROUGH,0,BYPASS_VISIBLE,1,14,0.0,22.0,2.0,0.0,22.0,2.0,1,
45,1.533333,0.033333,0.3115197718143463,8.3609037399292,1.9965906143188477,-0.3124114071492183,-0.289169043302536,0.6423662498686273,-0.44842996540298163,0.012102893966017506,0.7834987638049953,0.0,22.0,2.0,0.9448247663319882,0.3275761755647866,0.00010063822299874898,0.9,0.6231327056884766,-0.5358297824859619,0.0034845340996980667,-0.39341631531715393,local_avoidance,SAFE_PROGRESSING,NONE,1,0,"0.291,8.345;0.532,8.784;0.773,9.222;1.013,9.660;1.254,10.098;1.495,10.537;1.735,10.975",0,1,PASS_THROUGH,-1,0.9553478385370514,0.29548338518961914,-0.00027654921275426913,0.9,3.504801733230731,3.64640080936422,0.0,0,0,1,DIRECT_LOCAL,PASS_THROUGH,0,BYPASS_VISIBLE,1,14,0.0,22.0,2.0,0.0,22.0,2.0,1,
46,1.566667,0.033333,0.33289533853530884,8.376643180847168,1.994420051574707,-0.3220782514870451,-0.2870897352695465,0.6643853457593175,-0.4707887759352417,0.008161977880087296,0.814319702014661,0.0,22.0,2.0,0.941104339899182,0.33811619152259825,0.00024990633996851996,0.9,0.6383256912231445,-0.5484219193458557,0.004801420494914055,-0.37909072637557983,local_avoidance,SAFE_PROGRESSING,NONE,1,0,"0.312,8.361;0.552,8.800;0.792,9.238;1.032,9.677;1.272,10.115;1.512,10.554;1.752,10.993",0,1,PASS_THROUGH,-1,0.9553478385370514,0.29548338518961914,-0.00027654921275426913,0.9,3.489308447242989,3.631717338686628,0.0,0,0,1,DIRECT_LOCAL,PASS_THROUGH,0,BYPASS_VISIBLE,1,14,0.0,22.0,2.0,0.0,22.0,2.0,1,
47,1.6,0.033333,0.3553401529788971,8.392611503601074,1.992140531539917,-0.33157178067821746,-0.2838504910469055,0.6853199226787233,-0.49236507933042556,0.004823178296461325,0.8438661213802264,0.0,22.0,2.0,0.9372974619269889,0.3485301998449183,0.00040946463367367924,0.9,0.6547242403030396,-0.5603796243667603,0.006566407158970833,-0.3631798326969147,local_avoidance,SAFE_PROGRESSING,NONE,1,0,"0.333,8.377;0.572,8.816;0.812,9.255;1.051,9.694;1.290,10.133;1.530,10.572;1.769,11.011",0,1,PASS_THROUGH,-1,0.9553478385370514,0.29548338518961914,-0.00027654921275426913,0.9,3.4733989351353394,3.6169365545291363,0.0,0,0,1,DIRECT_LOCAL,PASS_THROUGH,0,BYPASS_VISIBLE,1,14,0.0,22.0,2.0,0.0,22.0,2.0,1,
48,1.633333,0.033333,0.3788205087184906,8.408777236938477,1.989783763885498,-0.34086735510214183,-0.27921560406684875,0.7055322303368035,-0.5128273912509373,0.0025897255968929944,0.872223806107087,0.0,22.0,2.0,0.933416742185557,0.3587936064465252,0.0005773913726024319,0.9,0.6746721267700195,-0.5741048455238342,0.008466754108667374,-0.3484005928039551,local_avoidance,SAFE_PROGRESSING,NONE,1,0,"0.355,8.393;0.594,8.832;0.833,9.271;1.071,9.711;1.310,10.150;1.548,10.590;1.787,11.029",1,1,PASS_THROUGH,-1,0.9334168977772047,0.3587936662539894,0.0,0.9,3.457392620496763,3.6020998546012706,0.0,0,0,1,DIRECT_LOCAL,PASS_THROUGH,0,BYPASS_VISIBLE,1,14,0.0,22.0,2.0,0.0,22.0,2.0,1,
49,1.666667,0.033333,0.403298556804657,8.425125122070312,1.987377405166626,-0.3499521999308857,-0.27342134714126587,0.7254834695529968,-0.5320845688813879,0.0020310484016558134,0.8996912682659293,0.0,22.0,2.0,0.9294717230736567,0.36889260147658814,0.0007513869327664555,0.9,0.6972705721855164,-0.5894089937210083,0.010389717295765877,-0.3343750834465027,local_avoidance,SAFE_PROGRESSING,NONE,1,0,"0.379,8.409;0.617,8.849;0.854,9.288;1.092,9.728;1.330,10.168;1.568,10.608;1.806,11.048",0,1,PASS_THROUGH,-1,0.933416742185557,0.3587936064465252,0.0005773913726024319,0.9,3.4413434479481393,3.58723230092515,0.0,0,0,1,DIRECT_LOCAL,PASS_THROUGH,0,BYPASS_VISIBLE,1,14,0.0,22.0,2.0,0.0,22.0,2.0,1,
50,1.7,0.033333,0.42874249815940857,8.441658973693848,1.9849432706832886,-0.35883522340825424,-0.26685312390327454,0.7456803103576077,-0.5503328371164861,0.003513226002133815,0.9267781285834495,0.0,22.0,2.0,0.925464386308162,0.3788334803285024,0.0009294393210537795,0.9,0.7206915616989136,-0.6055131554603577,0.01239821221679449,-0.3212117552757263,local_avoidance,SAFE_PROGRESSING,NONE,1,0,"0.403,8.425;0.640,8.865;0.877,9.306;1.114,9.746;1.351,10.186;1.588,10.626;1.825,11.067",0,1,PASS_THROUGH,-1,0.933416742185557,0.3587936064465252,0.0005773913726024319,0.9,3.4251932725425043,3.5723403097419117,0.0,0,0,1,DIRECT_LOCAL,PASS_THROUGH,0,BYPASS_VISIBLE,1,14,0.0,22.0,2.0,0.0,22.0,2.0,1,
51,1.733333,0.033333,0.45513471961021423,8.458391189575195,1.9824965000152588,-0.36752824664707784,-0.2597235441207886,0.7665446169947087,-0.5679501194986515,0.006804236917592729,0.954046270220752,0.0,22.0,2.0,0.9213950788752822,0.3886256252696751,0.0011099586329095384,0.9,0.7436623573303223,-0.6216867566108704,0.014496434479951859,-0.3090416491031647,local_avoidance,SAFE_PROGRESSING,NONE,1,0,"0.429,8.442;0.665,8.882;0.901,9.323;1.137,9.764;1.373,10.204;1.610,10.645;1.846,11.086",0,1,PASS_THROUGH,-1,0.933416742185557,0.3587936064465252,0.0005773913726024319,0.9,3.4084073161795363,3.5574227743544258,0.0,0,0,1,DIRECT_LOCAL,PASS_THROUGH,0,BYPASS_VISIBLE,1,14,0.0,22.0,2.0,0.0,22.0,2.0,1,
52,1.766667,0.033333,0.4824734926223755,8.475347518920898,1.9800440073013306,-0.3760301080924621,-0.25212764739990234,0.7882827027439412,-0.5853253852680042,0.011064675691217468,0.9818950316263861,0.0,22.0,2.0,0.9172684546423888,0.398267389155097,0.001291841145957032,0.9,0.7655304074287415,-0.6372722387313843,0.016677729785442352,-0.29762282967567444,local_avoidance,SAFE_PROGRESSING,NONE,1,0,"0.455,8.458;0.690,8.900;0.926,9.341;1.161,9.782;1.396,10.223;1.632,10.664;1.867,11.105",0,1,PASS_THROUGH,-1,0.933416742185557,0.3587936064465252,0.0005773913726024319,0.9,3.3916126972719987,3.5424667114120583,0.0,0,0,1,DIRECT_LOCAL,PASS_THROUGH,0,BYPASS_VISIBLE,1,14,0.0,22.0,2.0,0.0,22.0,2.0,1,
53,1.8,0.033333,0.5107681155204773,8.492546081542969,1.9775866270065308,-0.38432063359813723,-0.24414239823818207,0.8108314743973767,-0.60271616321134,0.015184388796424406,1.0104182396081058,0.0,22.0,2.0,0.91309645100804,0.40774096770852936,0.0014745876148722738,0.9,0.7860809564590454,-0.6515843272209167,0.018972262740135193,-0.28612881898880005,local_avoidance,SAFE_PROGRESSING,NONE,1,0,"0.482,8.475;0.717,8.917;0.951,9.359;1.186,9.800;1.420,10.242;1.654,10.684;1.889,11.125",0,1,PASS_THROUGH,-1,0.933416742185557,0.3587936064465252,0.0005773913726024319,0.9,3.3748087198797565,3.527468159146707,0.0,0,0,1,DIRECT_LOCAL,PASS_THROUGH,0,BYPASS_VISIBLE,1,14,0.0,22.0,2.0,0.0,22.0,2.0,1,
54,1.833333,0.033333,0.5400298237800598,8.510003089904785,1.9751218557357788,-0.39236098798789276,-0.23583535850048065,0.8338933066684092,-0.6201723838315375,0.018185774338427024,1.0393856622841944,0.0,22.0,2.0,0.9088991332767579,0.4170127289178518,0.0016581463279221195,0.9,0.8054553270339966,-0.6640023589134216,0.021451201289892197,-0.2734215557575226,local_avoidance,SAFE_PROGRESSING,NONE,1,0,"0.511,8.493;0.744,8.935;0.978,9.377;1.211,9.819;1.445,10.261;1.678,10.703;1.912,11.145",1,1,PASS_THROUGH,-1,0.9089003827653521,0.4170133021967002,0.0,0.9,3.2580206866646777,3.5124259768244084,0.0,0,0,1,DIRECT_LOCAL,PASS_THROUGH,0,BYPASS_VISIBLE,1,14,0.0,22.0,2.0,0.0,22.0,2.0,1,
55,1.866667,0.033333,0.5702624917030334,8.527722358703613,1.9726494550704956,-0.40010151812813616,-0.2272256463766098,0.8570335415729831,-0.6375271726963729,0.019515493647606658,1.0683296503419113,0.0,22.0,2.0,0.9047024053011927,0.4260400946522413,0.001842712930823219,0.9,0.8241267204284668,-0.6741329431533813,0.02418997511267662,-0.258459210395813,local_avoidance,SAFE_PROGRESSING,NONE,1,0,"0.540,8.510;0.773,8.953;1.005,9.395;1.237,9.838;1.470,10.281;1.702,10.723;1.935,11.166",0,1,PASS_THROUGH,-1,0.9088991332767579,0.4170127289178518,0.0016581463279221195,0.9,3.2412474985098574,3.497351550860433,0.0,0,0,1,DIRECT_LOCAL,PASS_THROUGH,0,BYPASS_VISIBLE,1,14,0.0,22.0,2.0,0.0,22.0,2.0,1,
56,1.9,0.033333,0.6014559864997864,8.545695304870605,1.970175862312317,-0.40749465687574526,-0.21825318038463593,0.8798063677230354,-0.6544431304905105,0.019158336559228495,1.0966868730827122,0.0,22.0,2.0,0.9005330980718218,0.4347827333467072,0.0020283147518915003,0.9,0.8426207900047302,-0.6819211840629578,0.027220265939831734,-0.24084225296974182,local_avoidance,SAFE_PROGRESSING,NONE,1,0,"0.570,8.528;0.802,8.971;1.033,9.414;1.265,9.857;1.496,10.301;1.728,10.744;1.959,11.187",0,1,PASS_THROUGH,-1,0.9088991332767579,0.4170127289178518,0.0016581463279221195,0.9,3.224521090721726,3.4822679982600055,0.0,0,0,1,DIRECT_LOCAL,PASS_THROUGH,0,BYPASS_VISIBLE,1,14,0.0,22.0,2.0,0.0,22.0,2.0,1,
57,1.933333,0.033333,0.633582353591919,8.563912391662598,1.9677146673202515,-0.41450495110270896,-0.20877431333065033,0.901871941733752,-0.6704968122106215,0.01756663129345168,1.1239428637640856,0.0,22.0,2.0,0.8964145596832722,0.44321104821468527,0.0022144814935306503,0.9,0.8615210652351379,-0.6875943541526794,0.030494293197989464,-0.22068718075752258,local_avoidance,SAFE_PROGRESSING,NONE,1,0,"0.601,8.546;0.832,8.989;1.062,9.433;1.293,9.877;1.523,10.321;1.754,10.764;1.984,11.208",0,1,PASS_THROUGH,-1,0.9088991332767579,0.4170127289178518,0.0016581463279221195,0.9,3.2047178187439447,3.4671980254958434,0.0,0,0,1,DIRECT_LOCAL,PASS_THROUGH,0,BYPASS_VISIBLE,1,14,0.0,22.0,2.0,0.0,22.0,2.0,1,
58,1.966667,0.033333,0.6665972471237183,8.582365036010742,1.9652870893478394,-0.4211129136200297,-0.19859589636325836,0.9230685377735948,-0.6852798063529957,0.015468779607960254,1.1497405018373672,0.0,22.0,2.0,0.8923644493824066,0.45130912740625756,0.002400207956963141,0.9,0.8812875747680664,-0.6916954517364502,0.03387042135000229,-0.1989975869655609,local_avoidance,SAFE_PROGRESSING,NONE,1,0,"0.634,8.564;0.863,9.008;1.092,9.453;1.322,9.897;1.551,10.341;1.780,10.785;2.010,11.230",0,1,PASS_THROUGH,-1,0.9088991332767579,0.4170127289178518,0.0016581463279221195,0.9,3.1871837502461497,3.4521616858918165,0.0,0,0,1,DIRECT_LOCAL,PASS_THROUGH,0,BYPASS_VISIBLE,1,14,0.0,22.0,2.0,0.0,22.0,2.0,1,
59,2.0,0.033333,0.7004432678222656,8.60104751586914,1.962916374206543,-0.4273092130648718,-0.18755140900611877,0.9434273536393302,-0.6984883816185052,0.013639256096161317,1.173936633791537,0.0,22.0,2.0,0.8883966774025505,0.45906934874879257,0.0025839155304463934,0.9,0.9020520448684692,-0.6947893500328064,0.03716696426272392,-0.17693018913269043,local_avoidance,SAFE_PROGRESSING,NONE,1,0,"0.667,8.582;0.933,9.006;1.199,9.429;1.465,9.852;1.731,10.276;1.997,10.699;2.263,11.122",0,1,PASS_THROUGH,-1,0.9088991332767579,0.4170127289178518,0.0016581463279221195,0.9,3.1697801474430456,3.4371743541403346,0.0,0,0,1,DIRECT_LOCAL,PASS_THROUGH,0,BYPASS_VISIBLE,1,14,0.0,22.0,2.0,0.0,22.0,2.0,1,
60,2.033333,0.033333,0.7350574135780334,8.619964599609375,1.960625171661377,-0.43308824967494136,-0.17557291686534882,0.9631298936378009,-0.7099789518686349,0.01267978804787856,1.1965993820574143,0.0,22.0,2.0,0.8845238873109864,0.4664867134417107,0.002763866605463138,0.9,0.9235673546791077,-0.6973567605018616,0.04022933542728424,-0.15551802515983582,local_avoidance,SAFE_PROGRESSING,NONE,1,0,"0.700,8.601;0.927,9.047;1.155,9.492;1.382,9.937;1.609,10.383;1.836,10.828;2.063,11.274",1,1,PASS_THROUGH,-1,0.8845272657510258,0.4664884951882674,0.0,0.9,3.1493564851541493,3.4222395713250675,0.0,0,0,1,DIRECT_LOCAL,PASS_THROUGH,0,BYPASS_VISIBLE,1,14,0.0,22.0,2.0,0.0,22.0,2.0,1,
61,2.066667,0.033333,0.7703763842582703,8.639134407043457,1.9584304094314575,-0.43844350323766423,-0.16272616386413574,0.9824251474384309,-0.7197749365496207,0.012862381705310427,1.2179493300082587,0.0,22.0,2.0,0.8807592482480172,0.4735551843870879,0.002938361056591246,0.9,0.9453622102737427,-0.6997487545013428,0.0429561547935009,-0.13554945588111877,local_avoidance,SAFE_PROGRESSING,NONE,1,0,"0.735,8.620;0.999,9.045;1.263,9.469;1.527,9.894;1.791,10.319;2.055,10.743;2.318,11.168",0,1,PASS_THROUGH,-1,0.8845238873109864,0.4664867134417107,0.002763866605463138,0.9,3.131190887075249,3.407346632193488,0.0,0,0,1,DIRECT_LOCAL,PASS_THROUGH,0,BYPASS_VISIBLE,1,14,0.0,22.0,2.0,0.0,22.0,2.0,1,
62,2.1,0.033333,0.8063420653343201,8.658581733703613,1.9563430547714233,-0.44336769160278255,-0.14921171963214874,1.0015375009776675,-0.7280318025331476,0.014090774771510856,1.2382674272134904,0.0,22.0,2.0,0.877116194487729,0.4802681890167439,0.003106120722250622,0.9,0.9668875336647034,-0.7020652890205383,0.04533065855503082,-0.11718891561031342,local_avoidance,SAFE_PROGRESSING,NONE,1,0,"0.770,8.639;1.033,9.065;1.296,9.490;1.559,9.915;1.821,10.341;2.084,10.766;2.347,11.192",0,1,PASS_THROUGH,-1,0.8845238873109864,0.4664867134417107,0.002763866605463138,0.9,3.1131937317372267,3.3924778571728416,0.0,0,0,1,DIRECT_LOCAL,PASS_THROUGH,0,BYPASS_VISIBLE,1,14,0.0,22.0,2.0,0.0,22.0,2.0,1,
63,2.133333,0.033333,0.8429041504859924,8.67833423614502,1.9543672800064087,-0.4478556597593568,-0.13532008230686188,1.020594800255852,-0.7349777387373008,0.015975195035882503,1.2578001548756117,0.0,22.0,2.0,0.8736068188525377,0.48662147227612496,0.0032663089514205035,0.9,0.987653374671936,-0.7041805386543274,0.04741709306836128,-0.1000729501247406,local_avoidance,SAFE_PROGRESSING,NONE,1,0,"0.806,8.659;1.068,9.085;1.329,9.511;1.591,9.937;1.853,10.363;2.114,10.789;2.376,11.215",0,1,PASS_THROUGH,-1,0.8845238873109864,0.4664867134417107,0.002763866605463138,0.9,3.095369079541882,3.37761283214987,0.0,0,0,1,DIRECT_LOCAL,PASS_THROUGH,0,BYPASS_VISIBLE,1,14,0.0,22.0,2.0,0.0,22.0,2.0,1,
64,2.166667,0.033333,0.8800196647644043,8.698418617248535,1.9525032043457031,-0.4519060116365871,-0.12135401368141174,1.0395938810308372,-0.7408482385273721,0.01797732020745875,1.2766889731049258,0.0,22.0,2.0,0.870240864259424,0.4926146073556599,0.0034185951559160773,0.9,1.007372260093689,-0.7058373689651489,0.04931792616844177,-0.08360569179058075,local_avoidance,SAFE_PROGRESSING,NONE,1,0,"0.843,8.678;1.103,9.105;1.364,9.532;1.624,9.959;1.884,10.386;2.145,10.813;2.405,11.240",0,1,PASS_THROUGH,-1,0.8845238873109864,0.4664867134417107,0.002763866605463138,0.9,3.0730704101950423,3.3627323166869054,0.0,0,0,1,DIRECT_LOCAL,PASS_THROUGH,0,BYPASS_VISIBLE,1,14,0.0,22.0,2.0,0.0,22.0,2.0,1,
65,2.2,0.033333,0.9176511168479919,8.718863487243652,1.950749158859253,-0.4555196236523064,-0.10755801200866699,1.0584065966062677,-0.7458323775142498,0.019585277151787782,1.2949417138116037,0.0,22.0,2.0,0.86702633914454,0.4982495685970109,0.0035629513762796103,0.9,1.0259441137313843,-0.7067078351974487,0.05115482956171036,-0.06696772575378418,local_avoidance,SAFE_PROGRESSING,NONE,1,0,"0.880,8.698;1.139,9.126;1.398,9.554;1.657,9.981;1.917,10.409;2.176,10.836;2.435,11.264",0,1,PASS_THROUGH,-1,0.8845238873109864,0.4664867134417107,0.002763866605463138,0.9,3.0543500206722856,3.3478153300275943,0.0,0,0,1,DIRECT_LOCAL,PASS_THROUGH,0,BYPASS_VISIBLE,1,14,0.0,22.0,2.0,0.0,22.0,2.0,1,
66,2.233333,0.033333,0.9557626247406006,8.739684104919434,1.9491045475006104,-0.45869720475935893,-0.09406748414039612,1.0768186703278657,-0.7500376202374911,0.02045220764703294,1.3124454934723304,0.0,22.0,2.0,0.8639707221122187,0.5035284551498386,0.00369948473554629,0.9,1.0435197353363037,-0.7065746784210205,0.05300233140587807,-0.04968520626425743,local_avoidance,SAFE_PROGRESSING,NONE,1,0,"0.918,8.719;1.176,9.147;1.433,9.576;1.691,10.004;1.949,10.432;2.207,10.861;2.465,11.289",1,1,PASS_THROUGH,-1,0.8639766344054722,0.5035319008775839,0.0,0.9,3.03576933510191,3.3328538038588444,0.0,0,0,1,DIRECT_LOCAL,PASS_THROUGH,0,BYPASS_VISIBLE,1,14,0.0,22.0,2.0,0.0,22.0,2.0,1,
67,2.266667,0.033333,0.9943161010742188,8.760890007019043,1.9475715160369873,-0.4614379706848901,-0.08089927583932877,1.0945906380149228,-0.753480244137249,0.02047511107517637,1.3290148130508497,0.0,22.0,2.0,0.8610818167443297,0.5084520130879832,0.00382821878450085,0.9,1.060329794883728,-0.7053849697113037,0.05486469715833664,-0.03173333406448364,local_avoidance,SAFE_PROGRESSING,NONE,1,0,"0.956,8.740;1.212,9.169;1.469,9.598;1.726,10.027;1.982,10.456;2.239,10.885;2.495,11.314",0,1,PASS_THROUGH,-1,0.8639707221122187,0.5035284551498386,0.00369948473554629,0.9,3.025804450202123,3.3178444119311985,0.0,0,0,1,DIRECT_LOCAL,PASS_THROUGH,0,BYPASS_VISIBLE,1,14,0.0,22.0,2.0,0.0,22.0,2.0,1,
68,2.3,0.033333,1.0332694053649902,8.782485008239746,1.9461548328399658,-0.4637418289486825,-0.06798557192087173,1.1115184215187335,-0.7561047087817829,0.019795528938190914,1.3444550550254273,0.0,22.0,2.0,0.8583667962905556,0.5130212945590021,0.0039489688392426526,0.9,1.0766191482543945,-0.7032180428504944,0.056691017001867294,-0.013383228331804276,local_avoidance,SAFE_PROGRESSING,NONE,1,0,"0.994,8.761;1.250,9.191;1.505,9.621;1.760,10.051;2.016,10.481;2.271,10.910;2.526,11.340",0,1,PASS_THROUGH,-1,0.8639707221122187,0.5035284551498386,0.00369948473554629,0.9,2.9990780095527234,3.302788139928775,0.0,0,0,1,DIRECT_LOCAL,PASS_THROUGH,0,BYPASS_VISIBLE,1,14,0.0,22.0,2.0,0.0,22.0,2.0,1,
69,2.333333,0.033333,1.0725748538970947,8.804469108581543,1.9448610544204712,-0.4656103433421584,-0.055225059390068054,1.1274786981507796,-0.7578214796784866,0.01872861522242448,1.358621496544942,0.0,22.0,2.0,0.8558317653189403,0.5172383347288405,0.004061349283438928,0.9,1.0925294160842896,-0.7002570629119873,0.05840744450688362,0.0048987772315740585,local_avoidance,SAFE_PROGRESSING,NONE,1,0,"1.033,8.782;1.287,9.213;1.541,9.644;1.795,10.075;2.049,10.505;2.303,10.936;2.557,11.367",0,1,PASS_THROUGH,-1,0.8639707221122187,0.5035284551498386,0.00369948473554629,0.9,2.9731688316112654,3.287687956930811,0.0,0,0,1,DIRECT_LOCAL,PASS_THROUGH,0,BYPASS_VISIBLE,1,14,0.0,22.0,2.0,0.0,22.0,2.0,1,
70,2.366667,0.033333,1.1121810674667358,8.826845169067383,1.943696141242981,-0.46704815459421206,-0.042533956468105316,1.1424437928964402,-0.7585500935784506,0.01764757571666585,1.3714545203265607,0.0,22.0,2.0,0.8534810475049874,0.521107240109523,0.004164835557995572,0.9,1.1081193685531616,-0.6967175602912903,0.05995070934295654,0.022671712562441826,local_avoidance,SAFE_PROGRESSING,NONE,1,0,"1.073,8.804;1.325,9.236;1.578,9.667;1.831,10.099;2.083,10.530;2.336,10.962;2.589,11.393",0,1,PASS_THROUGH,-1,0.8639707221122187,0.5035284551498386,0.00369948473554629,0.9,2.9539281978219654,3.2725423309450976,0.0,0,0,1,DIRECT_LOCAL,PASS_THROUGH,0,BYPASS_VISIBLE,1,14,0.0,22.0,2.0,0.0,22.0,2.0,1,
71,2.4,0.033333,1.1520345211029053,8.849615097045898,1.942665934562683,-0.4680625306383664,-0.029881032183766365,1.1564663830828996,-0.758253656114267,0.016871635970496467,1.3829850882463692,0.0,22.0,2.0,0.851317284366341,0.5246339130506612,0.0042589454410261384,0.9,1.1233525276184082,-0.6927860379219055,0.0612921342253685,0.03960740566253662,local_avoidance,SAFE_PROGRESSING,NONE,1,0,"1.112,8.827;1.363,9.259;1.615,9.691;1.866,10.124;2.117,10.556;2.369,10.988;2.620,11.420",0,1,PASS_THROUGH,-1,0.8639707221122187,0.5035284551498386,0.00369948473554629,0.9,2.93488893788891,3.257349118620323,0.0,0,0,1,DIRECT_LOCAL,PASS_THROUGH,0,BYPASS_VISIBLE,1,14,0.0,22.0,2.0,0.0,22.0,2.0,1,
72,2.433333,0.033333,1.1920816898345947,8.872784614562988,1.9417743682861328,-0.46866238749994804,-0.017299119383096695,1.1696448033435791,-0.7569532659334629,0.01658734141193771,1.3933134438061996,0.0,22.0,2.0,0.8493418753994538,0.5278252696578737,0.004343201990661111,0.9,1.1381056308746338,-0.6886045932769775,0.06243966892361641,0.05548109859228134,local_avoidance,SAFE_PROGRESSING,NONE,1,0,"1.152,8.850;1.402,9.283;1.652,9.716;1.902,10.149;2.152,10.582;2.402,11.015;2.652,11.448",1,1,PASS_THROUGH,-1,0.849349886252054,0.5278302480188334,0.0,0.9,2.916068832730451,3.242101179472737,0.0,0,0,1,DIRECT_LOCAL,PASS_THROUGH,0,BYPASS_VISIBLE,1,14,0.0,22.0,2.0,0.0,22.0,2.0,1,
73,2.466667,0.033333,1.2322721481323242,8.89635944366455,1.941023349761963,-0.4688577754224394,-0.00487827742472291,1.1820839505194272,-0.7547241567754002,0.01682578556039918,1.4025741071172244,0.0,22.0,2.0,0.8475551445471114,0.5306889528448858,0.004417270664504534,0.9,1.1523082256317139,-0.6842257976531982,0.06343639642000198,0.07033290714025497,local_avoidance,SAFE_PROGRESSING,NONE,1,0,"1.192,8.873;1.441,9.307;1.689,9.740;1.938,10.174;2.186,10.608;2.435,11.042;2.684,11.476",0,1,PASS_THROUGH,-1,0.8493418753994538,0.5278252696578737,0.004343201990661111,0.9,2.897479638705947,3.226790721391363,0.0,0,0,1,DIRECT_LOCAL,PASS_THROUGH,0,BYPASS_VISIBLE,1,14,0.0,22.0,2.0,0.0,22.0,2.0,1,
74,2.5,0.033333,1.272559642791748,8.92034912109375,1.940413475036621,-0.46866023038176685,0.007261744234710932,1.1938656077307712,-0.7516756385381019,0.017502570589599184,1.41089960481647,0.0,22.0,2.0,0.8459560466527216,0.5332338024328704,0.0044809680517319764,0.9,1.165911078453064,-0.6796229481697083,0.06435569375753403,0.084435373544693,local_avoidance,SAFE_PROGRESSING,NONE,1,0,"1.232,8.896;1.479,9.331;1.727,9.766;1.974,10.200;2.221,10.635;2.468,11.069;2.715,11.504",0,1,PASS_THROUGH,-1,0.8493418753994538,0.5278252696578737,0.004343201990661111,0.9,2.879131191870248,3.211405867744258,0.0,0,0,1,DIRECT_LOCAL,PASS_THROUGH,0,BYPASS_VISIBLE,1,14,0.0,22.0,2.0,0.0,22.0,2.0,1,
75,2.533333,0.033333,1.312901496887207,8.9447660446167,1.9399445056915283,-0.4680823871053915,0.019011877477169037,1.2050354317503698,-0.7479260651546085,0.018479931353867458,1.4183953252088428,0.0,22.0,2.0,0.8445423208495855,0.5354696156048399,0.004534209743826834,0.9,1.178951621055603,-0.6747602224349976,0.0652623325586319,0.0980248898267746,local_avoidance,SAFE_PROGRESSING,NONE,1,0,"1.273,8.920;1.518,9.356;1.764,9.791;2.010,10.227;2.256,10.662;2.501,11.097;2.747,11.533",0,1,PASS_THROUGH,-1,0.8493418753994538,0.5278252696578737,0.004343201990661111,0.9,2.8610279181111116,3.1959316163879317,0.0,0,0,1,DIRECT_LOCAL,PASS_THROUGH,0,BYPASS_VISIBLE,1,14,0.0,22.0,2.0,0.0,22.0,2.0,1,
76,2.566667,0.033333,1.3532593250274658,8.969612121582031,1.9396162033081055,-0.4671374352483812,0.03030305914580822,1.2156080943680152,-0.7435806764197704,0.019633610271964166,1.4251318325299704,0.0,22.0,2.0,0.8433108222903822,0.5374066507899842,0.0045769743948822815,0.9,1.191499948501587,-0.6696079969406128,0.06620005518198013,0.11127261817455292,local_avoidance,SAFE_PROGRESSING,NONE,1,0,"1.313,8.945;1.557,9.381;1.802,9.817;2.046,10.253;2.290,10.690;2.535,11.126;2.779,11.562",0,1,PASS_THROUGH,-1,0.8493418753994538,0.5278252696578737,0.004343201990661111,0.9,2.8431699457218267,3.180363158014597,0.0,0,0,1,DIRECT_LOCAL,PASS_THROUGH,0,BYPASS_VISIBLE,1,14,0.0,22.0,2.0,0.0,22.0,2.0,1,
77,2.6,0.033333,1.39359712600708,8.994894027709961,1.939428687095642,-0.4658381001260213,0.041114792227745056,1.2255838694494152,-0.7387178153904065,0.020897042920762,1.431152164597674,0.0,22.0,2.0,0.8422581211642375,0.5390547395941073,0.004609235730336115,0.9,1.2036000490188599,-0.6641733050346375,0.06719038635492325,0.12425155937671661,local_avoidance,SAFE_PROGRESSING,NONE,1,0,"1.353,8.970;1.596,9.407;1.839,9.844;2.082,10.281;2.325,10.718;2.568,11.155;2.811,11.592",0,1,PASS_THROUGH,-1,0.8493418753994538,0.5278252696578737,0.004343201990661111,0.9,2.8255666162171216,3.164690640092874,0.0,0,0,1,DIRECT_LOCAL,PASS_THROUGH,0,BYPASS_VISIBLE,1,14,0.0,22.0,2.0,0.0,22.0,2.0,1,
78,2.633333,0.033333,1.4338809251785278,9.020615577697754,1.9393820762634277,-0.46419677927403413,0.05146583914756775,1.234966931351153,-0.7333885484661676,0.02227028128079318,1.4364880960107262,0.0,22.0,2.0,0.8413804806737871,0.5404233906228586,0.004630940383984484,0.9,1.2153091430664062,-0.658484697341919,0.06824102997779846,0.13705530762672424,local_avoidance,SAFE_PROGRESSING,NONE,1,0,"1.394,8.995;1.635,9.433;1.877,9.870;2.118,10.308;2.360,10.746;2.601,11.184;2.843,11.622",1,1,PASS_THROUGH,-1,0.8413895027772379,0.5404291855703877,0.0,0.9,2.7905890648302165,3.148906616404383,0.0,0,0,1,DIRECT_LOCAL,PASS_THROUGH,0,BYPASS_VISIBLE,1,14,0.0,22.0,2.0,0.0,22.0,2.0,1,
79,2.666667,0.033333,1.4740779399871826,9.046780586242676,1.9394766092300415,-0.46222511396793736,0.06140250340104103,1.2437771347432114,-0.7276249086778004,0.02379961271782559,1.4411752114867673,0.0,22.0,2.0,0.8406741658393092,0.5415213739327995,0.004642032347488101,0.9,1.2266664505004883,-0.6526229381561279,0.06933701038360596,0.14961007237434387,local_avoidance,SAFE_PROGRESSING,NONE,1,0,"1.434,9.021;1.674,9.459;1.914,9.898;2.154,10.336;2.394,10.775;2.634,11.214;2.874,11.652",0,1,PASS_THROUGH,-1,0.8413804806737871,0.5404233906228586,0.004630940383984484,0.9,2.7719451788334113,3.133003111159651,0.0,0,0,1,DIRECT_LOCAL,PASS_THROUGH,0,BYPASS_VISIBLE,1,14,0.0,22.0,2.0,0.0,22.0,2.0,1,
80,2.7,0.033333,1.5141570568084717,9.073389053344727,1.9397121667861938,-0.45993422816131685,0.07098094373941422,1.2520538209761598,-0.7214525623130493,0.025545723580238808,1.4452630052285649,0.0,22.0,2.0,0.8401353681903714,0.5423569035444629,0.004642444753718552,0.9,1.2376797199249268,-0.6466796398162842,0.07045683264732361,0.16179117560386658,local_avoidance,SAFE_PROGRESSING,NONE,1,0,"1.474,9.047;1.713,9.486;1.951,9.926;2.190,10.365;2.429,10.804;2.667,11.244;2.906,11.683",0,1,PASS_THROUGH,-1,0.8413804806737871,0.5404233906228586,0.004630940383984484,0.9,2.7535527752515843,3.1169754704181223,0.0,0,0,1,DIRECT_LOCAL,PASS_THROUGH,0,BYPASS_VISIBLE,1,14,0.0,22.0,2.0,0.0,22.0,2.0,1,
81,2.733333,0.033333,1.5540881156921387,9.100445747375488,1.9400875568389893,-0.45733484982260136,0.08024699240922928,1.2598519971318438,-0.7149032755671587,0.0275495013452058,1.4488176983727517,0.0,22.0,2.0,0.8397601656896068,0.5429377565121977,0.004632134979237738,0.9,1.2483042478561401,-0.6407707929611206,0.07157193869352341,0.17335063219070435,local_avoidance,SAFE_PROGRESSING,NONE,1,0,"1.514,9.073;1.751,9.514;1.989,9.954;2.226,10.394;2.463,10.834;2.700,11.274;2.937,11.714",0,1,PASS_THROUGH,-1,0.8413804806737871,0.5404233906228586,0.004630940383984484,0.9,2.7577800412402964,3.100813900701734,0.0,0,0,1,DIRECT_LOCAL,PASS_THROUGH,0,BYPASS_VISIBLE,1,14,0.0,22.0,2.0,0.0,22.0,2.0,1,
82,2.766667,0.033333,1.5938434600830078,9.127951622009277,1.9406005144119263,-0.45443776181296525,0.08921696990728378,1.2672319540872914,-0.7080243507743542,0.029812292581550274,1.4519173804105758,0.0,22.0,2.0,0.8395442912471563,0.543271681937715,0.0046111429034326875,0.9,1.2585259675979614,-0.634961724281311,0.07266822457313538,0.1842166632413864,local_avoidance,SAFE_PROGRESSING,NONE,1,0,"1.554,9.100;1.790,9.541;2.026,9.982;2.261,10.423;2.497,10.864;2.733,11.305;2.969,11.746",0,1,PASS_THROUGH,-1,0.8413804806737871,0.5404233906228586,0.004630940383984484,0.9,2.717546722527713,3.0845122342479394,0.0,0,0,1,DIRECT_LOCAL,PASS_THROUGH,0,BYPASS_VISIBLE,1,14,0.0,22.0,2.0,0.0,22.0,2.0,1,
83,2.8,0.033333,1.6333979368209839,9.155912399291992,1.9412474632263184,-0.4512540244705054,0.09787715971469879,1.2742493892459437,-0.700879602685859,0.03229784267780977,1.4546432119583097,0.0,22.0,2.0,0.8394830101460198,0.5433666377740557,0.00457958844175271,0.9,1.2683480978012085,-0.6292954087257385,0.07374053448438644,0.19431716203689575,local_avoidance,SAFE_PROGRESSING,NONE,1,0,"1.594,9.128;1.828,9.570;2.062,10.011;2.297,10.453;2.531,10.895;2.765,11.337;3.000,11.778",0,1,PASS_THROUGH,-1,0.8413804806737871,0.5404233906228586,0.004630940383984484,0.9,2.6999392766533545,3.06805971499623,0.0,0,0,1,DIRECT_LOCAL,PASS_THROUGH,0,BYPASS_VISIBLE,1,14,0.0,22.0,2.0,0.0,22.0,2.0,1,
84,2.833333,0.033333,1.6727290153503418,9.184329986572266,1.9420243501663208,-0.4477955684164194,0.10619434714317322,1.2809483339055336,-0.6935461196894259,0.03494760560448261,1.4570710996410257,0.0,22.0,2.0,0.8395707767781032,0.5432313688628853,0.004537693639749812,0.9,1.2777552604675293,-0.6237714886665344,0.07480069994926453,0.20373252034187317,local_avoidance,SAFE_PROGRESSING,NONE,1,0,"1.633,9.156;1.866,9.598;2.099,10.041;2.332,10.483;2.565,10.926;2.798,11.368;3.030,11.811",1,1,PASS_THROUGH,-1,0.8395794205712928,0.5432369616964335,0.0,0.9,2.682596358045356,3.0514494184350136,0.0,0,0,1,DIRECT_LOCAL,PASS_THROUGH,0,BYPASS_VISIBLE,1,14,0.0,22.0,2.0,0.0,22.0,2.0,1,
85,2.866667,0.033333,1.711817979812622,9.213205337524414,1.9429256916046143,-0.4440749043205529,0.11412964016199112,1.287359729716796,-0.6861050335332988,0.03769526285088033,1.4592656110446887,0.0,22.0,2.0,0.8398014539353534,0.5428751203734763,0.004485715946183914,0.9,1.286778211593628,-0.6183792948722839,0.07586224377155304,0.21257397532463074,local_avoidance,SAFE_PROGRESSING,NONE,1,0,"1.673,9.184;1.904,9.628;2.135,10.071;2.367,10.514;2.598,10.957;2.830,11.401;3.061,11.844",0,1,PASS_THROUGH,-1,0.8395707767781032,0.5432313688628853,0.004537693639749812,0.9,2.6655205584334825,3.0346759036145174,0.0,0,0,1,DIRECT_LOCAL,PASS_THROUGH,0,BYPASS_VISIBLE,1,14,0.0,22.0,2.0,0.0,22.0,2.0,1,
86,2.9,0.033333,1.7506487369537354,9.242539405822754,1.9439465999603271,-0.44010481031962373,0.12165488302707672,1.2935036540578768,-0.6786317034185614,0.0404824952852377,1.4612773605207112,0.0,22.0,2.0,0.8401684440360846,0.5423074899561952,0.004424023439772892,0.9,1.2954329252243042,-0.6131208539009094,0.07693378627300262,0.220887690782547,local_avoidance,SAFE_PROGRESSING,NONE,1,0,"1.712,9.213;1.902,9.676;2.092,10.138;2.283,10.600;2.473,11.063;2.663,11.525;2.854,11.987",0,1,PASS_THROUGH,-1,0.8395707767781032,0.5432313688628853,0.004537693639749812,0.9,2.6487154988655175,3.0177340830001382,0.0,0,0,1,DIRECT_LOCAL,PASS_THROUGH,0,BYPASS_VISIBLE,1,14,0.0,22.0,2.0,0.0,22.0,2.0,1,
87,2.933333,0.033333,1.7892075777053833,9.272332191467285,1.9450817108154297,-0.43589815218053063,0.1287575662136078,1.2993941502022044,-0.671189166028878,0.04326875508748676,1.4631446406083954,0.0,22.0,2.0,0.8406648569655982,0.5415382259693156,0.004352938894234612,0.9,1.3037456274032593,-0.6079996824264526,0.0780198723077774,0.22874245047569275,local_avoidance,SAFE_PROGRESSING,NONE,1,0,"1.751,9.243;1.939,9.706;2.128,10.168;2.317,10.631;2.506,11.094;2.695,11.557;2.884,12.020",0,1,PASS_THROUGH,-1,0.8395707767781032,0.5432313688628853,0.004537693639749812,0.9,2.6321848398882097,3.0006201580353604,0.0,0,0,1,DIRECT_LOCAL,PASS_THROUGH,0,BYPASS_VISIBLE,1,14,0.0,22.0,2.0,0.0,22.0,2.0,1,
88,2.966667,0.033333,1.8274827003479004,9.302579879760742,1.9463266134262085,-0.4314676929970083,0.13544024527072906,1.3050445874766519,-0.6638255409960857,0.046029483137816844,1.4648974153498888,0.0,22.0,2.0,0.8412836526137235,0.5405770609562704,0.004272822579081001,0.9,1.3117289543151855,-0.603076696395874,0.07910342514514923,0.2359386384487152,local_avoidance,SAFE_PROGRESSING,NONE,1,0,"1.789,9.272;1.976,9.736;2.164,10.200;2.351,10.663;2.538,11.127;2.726,11.590;2.913,12.054",0,1,PASS_THROUGH,-1,0.8395707767781032,0.5432313688628853,0.004537693639749812,0.9,2.61593331870624,2.983334275015727,0.0,0,0,1,DIRECT_LOCAL,PASS_THROUGH,0,BYPASS_VISIBLE,1,14,0.0,22.0,2.0,0.0,22.0,2.0,1,
89,3.0,0.033333,1.8654648065567017,9.333281517028809,1.9476759433746338,-0.4268261539474926,0.14170633256435394,1.310470379087579,-0.656577490687375,0.04875806988779202,1.4665619540689225,0.0,22.0,2.0,0.8420176690554327,0.5394337211138415,0.004183960292592696,0.9,1.3194124698638916,-0.5983469486236572,0.08018393069505692,0.24256327748298645,local_avoidance,SAFE_PROGRESSING,NONE,1,0,"1.827,9.303;2.013,9.767;2.199,10.231;2.385,10.695;2.571,11.159;2.756,11.624;2.942,12.088",0,1,PASS_THROUGH,-1,0.8395707767781032,0.5432313688628853,0.004537693639749812,0.9,2.599969448736232,2.9658743960754785,0.0,0,0,1,DIRECT_LOCAL,PASS_THROUGH,0,BYPASS_VISIBLE,1,14,0.0,22.0,2.0,0.0,22.0,2.0,1,
90,3.033333,0.033333,1.90314519405365,9.364433288574219,1.9491249322891235,-0.4219864700446283,0.14755776524543762,1.3156901597925785,-0.6494745734722325,0.051457507250438565,1.4681640552793778,0.0,22.0,2.0,0.8428594434394574,0.5381182559385801,0.004086713905919292,0.9,1.326796293258667,-0.5938538312911987,0.08125069737434387,0.248464435338974,local_avoidance,SAFE_PROGRESSING,NONE,1,0,"1.865,9.333;2.050,9.798;2.234,10.263;2.418,10.728;2.602,11.193;2.787,11.657;2.971,12.122",1,1,PASS_THROUGH,-1,0.8428664819225637,0.5381227496133951,0.0,0.9,2.5842995255926655,2.948241234901279,0.0,0,0,1,DIRECT_LOCAL,PASS_THROUGH,0,BYPASS_VISIBLE,1,14,0.0,22.0,2.0,0.0,22.0,2.0,1,
91,3.066667,0.033333,1.940517544746399,9.396031379699707,1.9506683349609375,-0.4169622293791526,0.15299078822135925,1.3207253480214056,-0.6425432293933069,0.054131504014704714,1.4697304059834706,0.0,22.0,2.0,0.8438011130247947,0.5366412489914547,0.003981399127094389,0.9,1.3338996171951294,-0.5895849466323853,0.08230665326118469,0.2537412941455841,local_avoidance,SAFE_PROGRESSING,NONE,1,0,"1.903,9.364;2.086,9.830;2.269,10.295;2.451,10.761;2.634,11.226;2.817,11.692;2.999,12.157",0,1,PASS_THROUGH,-1,0.8428594434394574,0.5381182559385801,0.004086713905919292,0.9,2.5689325206416744,2.9304361255120996,0.0,0,0,1,DIRECT_LOCAL,PASS_THROUGH,0,BYPASS_VISIBLE,1,14,0.0,22.0,2.0,0.0,22.0,2.0,1,
92,3.1,0.033333,1.9775761365890503,9.428072929382324,1.9523013830184937,-0.4117673625546758,0.1579989194869995,1.3255975210400543,-0.6358103726643658,0.05678153219572797,1.4712877897181202,0.0,22.0,2.0,0.8448345164157346,0.5350137153241307,0.0038683701557462634,0.9,1.3407471179962158,-0.5855134129524231,0.08336210250854492,0.2585635781288147,local_avoidance,SAFE_PROGRESSING,NONE,1,0,"1.941,9.396;2.122,9.862;2.303,10.328;2.484,10.794;2.665,11.260;2.847,11.726;3.028,12.192",0,1,PASS_THROUGH,-1,0.8428594434394574,0.5381182559385801,0.004086713905919292,0.9,2.5492697913365556,2.9124596113875105,0.0,0,0,1,DIRECT_LOCAL,PASS_THROUGH,0,BYPASS_VISIBLE,1,14,0.0,22.0,2.0,0.0,22.0,2.0,1,
93,3.133333,0.033333,2.014317512512207,9.460551261901855,1.9540199041366577,-0.40641609647417015,0.16258694231510162,1.3303263702626003,-0.6293021741795347,0.05939564680518879,1.4728602515861988,0.0,22.0,2.0,0.8459513102747322,0.5332469723760922,0.00374794559659329,0.9,1.347346305847168,-0.5817016363143921,0.08439585566520691,0.26263922452926636,local_avoidance,SAFE_PROGRESSING,NONE,1,0,"1.978,9.428;2.157,9.895;2.337,10.361;2.517,10.828;2.696,11.294;2.876,11.761;3.056,12.228",0,1,PASS_THROUGH,-1,0.8428594434394574,0.5381182559385801,0.004086713905919292,0.9,2.528853054237152,2.89431653062766,0.0,0,0,1,DIRECT_LOCAL,PASS_THROUGH,0,BYPASS_VISIBLE,1,14,0.0,22.0,2.0,0.0,22.0,2.0,1,
94,3.166667,0.033333,2.0507395267486572,9.493461608886719,1.9558185338974,-0.4009219480240896,0.166756272315979,1.3349296474733818,-0.6230421922643916,0.06195257592215419,1.474468330859777,0.0,22.0,2.0,0.8471434886077928,0.5313518631119051,0.0036203973436447767,0.9,1.3536572456359863,-0.5781614184379578,0.08539997041225433,0.2658756971359253,local_avoidance,SAFE_PROGRESSING,NONE,1,0,"2.014,9.461;2.192,9.928;2.371,10.395;2.549,10.862;2.727,11.329;2.905,11.796;3.083,12.264",0,1,PASS_THROUGH,-1,0.8428594434394574,0.5381182559385801,0.004086713905919292,0.9,2.508714119211607,2.8760103522180547,0.0,0,0,1,DIRECT_LOCAL,PASS_THROUGH,0,BYPASS_VISIBLE,1,14,0.0,22.0,2.0,0.0,22.0,2.0,1,
95,3.2,0.033333,2.086841106414795,9.5267972946167,1.9576928615570068,-0.3952990555357516,0.17049014568328857,1.339421637135039,-0.6170512673406442,0.06443057713063469,1.4761280052290822,0.0,22.0,2.0,0.848402692732527,0.5293398890309338,0.0034860930733822287,0.9,1.3597315549850464,-0.5748347043991089,0.08638583868741989,0.26848986744880676,local_avoidance,SAFE_PROGRESSING,NONE,1,0,"2.051,9.493;2.227,9.961;2.404,10.429;2.581,10.897;2.757,11.364;2.934,11.832;3.111,12.300",0,1,PASS_THROUGH,-1,0.8428594434394574,0.5381182559385801,0.004086713905919292,0.9,2.4888666052017414,2.8575467268846957,0.0,0,0,1,DIRECT_LOCAL,PASS_THROUGH,0,BYPASS_VISIBLE,1,14,0.0,22.0,2.0,0.0,22.0,2.0,1,
96,3.233333,0.033333,2.122622489929199,9.56055736541748,1.9596383571624756,-0.3895619906178602,0.1737741380929947,1.3438121717779485,-0.6113467229250237,0.06681731305440909,1.477849965988951,0.0,22.0,2.0,0.8497203692822152,0.5272230105152469,0.0033453266112245957,0.9,1.3656136989593506,-0.5716873407363892,0.08736345916986465,0.27061837911605835,local_avoidance,SAFE_PROGRESSING,NONE,1,0,"2.087,9.527;2.262,9.995;2.437,10.463;2.612,10.932;2.787,11.400;2.962,11.868;3.138,12.337",1,1,PASS_THROUGH,-1,0.8497251240217283,0.5272259606717583,0.0,0.9,2.4693265980193533,2.8389264775014293,0.0,0,0,1,DIRECT_LOCAL,PASS_THROUGH,0,BYPASS_VISIBLE,1,14,0.0,22.0,2.0,0.0,22.0,2.0,1,
97,3.266667,0.033333,2.1580848693847656,9.594733238220215,1.9616508483886719,-0.383725262458019,0.1766122430562973,1.3481086128258757,-0.6059395759686905,0.06910927249736074,1.479640393219088,0.0,22.0,2.0,0.8510879889287921,0.5250133382222104,0.003198404276397447,0.9,1.3713027238845825,-0.568719208240509,0.08833147585391998,0.2722659111022949,local_avoidance,SAFE_PROGRESSING,NONE,1,0,"2.123,9.561;2.296,10.029;2.470,10.498;2.643,10.967;2.817,11.436;2.991,11.905;3.164,12.374",0,1,PASS_THROUGH,-1,0.8497203692822152,0.5272230105152469,0.0033453266112245957,0.9,2.450105627717791,2.820157993514333,0.0,0,0,1,DIRECT_LOCAL,PASS_THROUGH,0,BYPASS_VISIBLE,1,14,0.0,22.0,2.0,0.0,22.0,2.0,1,
98,3.3,0.033333,2.193230628967285,9.629317283630371,1.9637264013290405,-0.37780293220542205,0.17902080714702606,1.3523191695577235,-0.6008326736281574,0.07130294384422353,1.481503002984909,0.0,22.0,2.0,0.8524973685811548,0.5227226423831398,0.003045603748794071,0.9,1.3767892122268677,-0.5659583806991577,0.08927683532238007,0.273331880569458,local_avoidance,SAFE_PROGRESSING,NONE,1,0,"2.158,9.595;2.330,10.064;2.502,10.534;2.674,11.003;2.846,11.473;3.019,11.942;3.191,12.411",0,1,PASS_THROUGH,-1,0.8497203692822152,0.5272230105152469,0.0033453266112245957,0.9,2.4312232099900313,2.8012492992244082,0.0,0,0,1,DIRECT_LOCAL,PASS_THROUGH,0,BYPASS_VISIBLE,1,14,0.0,22.0,2.0,0.0,22.0,2.0,1,
99,3.333333,0.033333,2.228062152862549,9.664302825927734,1.965861439704895,-0.3718084640496299,0.18101486563682556,1.3564523706463574,-0.5960226679581059,0.07339228441776344,1.4834394096032637,0.0,22.0,2.0,0.8539406893402915,0.5203623384215483,0.0028871857380197885,0.9,1.382056474685669,-0.5634171962738037,0.09019012749195099,0.2737775444984436,local_avoidance,SAFE_PROGRESSING,NONE,1,0,"2.193,9.629;2.364,10.099;2.534,10.569;2.705,11.039;2.876,11.509;3.046,11.979;3.217,12.449",0,1,PASS_THROUGH,-1,0.8497203692822152,0.5272230105152469,0.0033453266112245957,0.9,2.412698851121876,2.7822076485042677,0.0,0,0,1,DIRECT_LOCAL,PASS_THROUGH,0,BYPASS_VISIBLE,1,14,0.0,22.0,2.0,0.0,22.0,2.0,1,
100,3.366667,0.033333,2.262582778930664,9.699686050415039,1.9680522680282593,-0.36575516290867244,0.18260174989700317,1.3605162730691565,-0.591503234319591,0.07537273000931217,1.485449983649931,0.0,22.0,2.0,0.8554103217776415,0.5179437851483266,0.002723384382675446,0.9,1.3871526718139648,-0.5610560178756714,0.09107376635074615,0.27374881505966187,local_avoidance,SAFE_PROGRESSING,NONE,1,0,"2.228,9.664;2.397,10.135;2.566,10.605;2.735,11.076;2.904,11.547;3.073,12.017;3.242,12.488",0,1,PASS_THROUGH,-1,0.8497203692822152,0.5272230105152469,0.0033453266112245957,0.9,2.3945516723615756,2.7630381567085376,0.0,0,0,1,DIRECT_LOCAL,PASS_THROUGH,0,BYPASS_VISIBLE,1,14,0.0,22.0,2.0,0.0,22.0,2.0,1,
101,3.4,0.033333,2.2967958450317383,9.735457420349121,1.9702953100204468,-0.35965643973694167,0.18379168212413788,1.3645168044129177,-0.5872676418822099,0.07724695318518318,1.487533691888532,0.0,22.0,2.0,0.8568986423436423,0.5154786043649553,0.0025544454546169533,0.9,1.3920929431915283,-0.5588476061820984,0.09193123131990433,0.2733418643474579,local_avoidance,SAFE_PROGRESSING,NONE,1,0,"2.263,9.700;2.430,10.171;2.598,10.642;2.765,11.113;2.933,11.584;3.100,12.055;3.268,12.526",0,1,PASS_THROUGH,-1,0.8497203692822152,0.5272230105152469,0.0033453266112245957,0.9,2.3767991008847646,2.743751363587406,0.0,0,0,1,DIRECT_LOCAL,PASS_THROUGH,0,BYPASS_VISIBLE,1,14,0.0,22.0,2.0,0.0,22.0,2.0,1,
102,3.433333,0.033333,2.330705404281616,9.771611213684082,1.97258722782135,-0.3535251176482936,0.1846049427986145,1.3684582885470011,-0.5833086624068043,0.07901660817548656,1.4896881242392181,0.0,22.0,2.0,0.8583985002448155,0.5129779210589045,0.002380605707825536,0.9,1.3968557119369507,-0.5568207502365112,0.09275227040052414,0.27245497703552246,local_avoidance,SAFE_PROGRESSING,NONE,1,0,"2.297,9.735;2.463,10.207;2.629,10.679;2.795,11.150;2.961,11.622;3.127,12.094;3.293,12.565",1,1,PASS_THROUGH,-1,0.8584009326489982,0.5129793746607462,0.0,0.9,2.359464316816915,2.724354721924697,0.0,0,0,1,DIRECT_LOCAL,PASS_THROUGH,0,BYPASS_VISIBLE,1,14,0.0,22.0,2.0,0.0,22.0,2.0,1,
103,3.466667,0.033333,2.3643155097961426,9.808138847351074,1.9749250411987305,-0.3473733116225275,0.18506088852882385,1.3723458949530447,-0.579618299476346,0.0806798300017504,1.4919114797639423,0.0,22.0,2.0,0.8599031781366144,0.5104524219266848,0.0022020853144036233,0.9,1.4014487266540527,-0.5549525022506714,0.09353668242692947,0.27116990089416504,local_avoidance,SAFE_PROGRESSING,NONE,1,0,"2.331,9.772;2.495,10.244;2.660,10.716;2.824,11.188;2.989,11.660;3.153,12.132;3.318,12.605",0,1,PASS_THROUGH,-1,0.8583985002448155,0.5129779210589045,0.002380605707825536,0.9,2.3425678470275417,2.70485846084262,0.0,0,0,1,DIRECT_LOCAL,PASS_THROUGH,0,BYPASS_VISIBLE,1,14,0.0,22.0,2.0,0.0,22.0,2.0,1,
104,3.5,0.033333,2.397630453109741,9.845035552978516,1.9773049354553223,-0.34121254965822495,0.1851769983768463,1.3761823616574331,-0.5761877606374003,0.08223465305427198,1.494199707605489,0.0,22.0,2.0,0.8614064045381727,0.5079123246676468,0.0020190768497215044,0.9,1.4058771133422852,-0.5532213449478149,0.09428732097148895,0.26958221197128296,local_avoidance,SAFE_PROGRESSING,NONE,1,0,"2.364,9.808;2.527,10.281;2.690,10.754;2.853,11.226;3.016,11.699;3.179,12.172;3.342,12.644",0,1,PASS_THROUGH,-1,0.8583985002448155,0.5129779210589045,0.002380605707825536,0.9,2.326133276936006,2.685269583734332,0.0,0,0,1,DIRECT_LOCAL,PASS_THROUGH,0,BYPASS_VISIBLE,1,14,0.0,22.0,2.0,0.0,22.0,2.0,1,
105,3.533333,0.033333,2.430655002593994,9.882291793823242,1.9797250032424927,-0.33505379427711124,0.1849755048751831,1.3799683872048458,-0.5730080479326993,0.08367817652424299,1.4965470289659488,0.0,22.0,2.0,0.8629022770213544,0.5053674946656799,0.0018318424319970663,0.9,1.4101574420928955,-0.5516268610954285,0.09499993175268173,0.2676854133605957,local_avoidance,SAFE_PROGRESSING,NONE,1,0,"2.398,9.845;2.559,10.318;2.721,10.791;2.882,11.265;3.044,11.738;3.205,12.211;3.366,12.684",0,1,PASS_THROUGH,-1,0.8583985002448155,0.5129779210589045,0.002380605707825536,0.9,2.308436440295777,2.665599793949811,0.0,0,0,1,DIRECT_LOCAL,PASS_THROUGH,0,BYPASS_VISIBLE,1,14,0.0,22.0,2.0,0.0,22.0,2.0,1,
106,3.566667,0.033333,2.463393449783325,9.919902801513672,1.982182502746582,-0.3289068585452572,0.1844814568758011,1.3837042296061737,-0.5700679904462649,0.0850084228589253,1.4989467437899249,0.0,22.0,2.0,0.8643856073772302,0.5028268395253923,0.0016404913904698012,0.9,1.4142653942108154,-0.5501771569252014,0.09567020833492279,0.2654472589492798,local_avoidance,SAFE_PROGRESSING,NONE,1,0,"2.431,9.882;2.591,10.356;2.751,10.830;2.911,11.303;3.070,11.777;3.230,12.251;3.390,12.725",0,1,PASS_THROUGH,-1,0.8583985002448155,0.5129779210589045,0.002380605707825536,0.9,2.2884714243361954,2.6458564305607375,0.0,0,0,1,DIRECT_LOCAL,PASS_THROUGH,0,BYPASS_VISIBLE,1,14,0.0,22.0,2.0,0.0,22.0,2.0,1,
107,3.6,0.033333,2.4958512783050537,9.957862854003906,1.9846744537353516,-0.32278106275029705,0.1837158501148224,1.387388170040694,-0.5673560750483748,0.08622321741839026,1.5013904533748514,0.0,22.0,2.0,0.8658515415361286,0.5002989300504992,0.0014452023510516938,0.9,1.4182065725326538,-0.5488647222518921,0.09629730880260468,0.26289257407188416,local_avoidance,SAFE_PROGRESSING,NONE,1,0,"2.463,9.920;2.622,10.394;2.780,10.868;2.939,11.343;3.097,11.817;3.256,12.291;3.414,12.765",0,1,PASS_THROUGH,-1,0.8583985002448155,0.5129779210589045,0.002380605707825536,0.9,2.268977945984885,2.6260484002939934,0.0,0,0,1,DIRECT_LOCAL,PASS_THROUGH,0,BYPASS_VISIBLE,1,14,0.0,22.0,2.0,0.0,22.0,2.0,1,
108,3.633333,0.033333,2.528033971786499,9.996160507202148,1.9871983528137207,-0.31668504586471,0.18269531428813934,1.3910174799076638,-0.5648600658880514,0.08732503091923485,1.5038690715846132,0.0,22.0,2.0,0.8672956244000505,0.49779187111194756,0.0012461747039836087,0.9,1.4220061302185059,-0.54765784740448,0.09688780456781387,0.2601291537284851,local_avoidance,SAFE_PROGRESSING,NONE,1,0,"2.496,9.958;2.653,10.433;2.810,10.907;2.967,11.382;3.124,11.857;3.280,12.332;3.437,12.806",1,1,PASS_THROUGH,-1,0.8672962978348088,0.4977922576356876,0.0,0.9,2.2499811787634534,2.60618992116661,0.0,0,0,1,DIRECT_LOCAL,PASS_THROUGH,0,BYPASS_VISIBLE,1,14,0.0,22.0,2.0,0.0,22.0,2.0,1,
109,3.666667,0.033333,2.5599451065063477,10.034790992736816,1.9897522926330566,-0.31062706537353507,0.1814393401145935,1.3945879821932472,-0.562568534848425,0.08832057291950281,1.5063729684510956,0.0,22.0,2.0,0.8687137292612681,0.49531340336591967,0.0010435703377646502,0.9,1.4256668090820312,-0.5465698838233948,0.09743780642747879,0.25708508491516113,local_avoidance,SAFE_PROGRESSING,NONE,1,0,"2.528,9.996;2.683,10.471;2.839,10.947;2.994,11.422;3.150,11.897;3.305,12.372;3.460,12.848",0,1,PASS_THROUGH,-1,0.8672956244000505,0.49779187111194756,0.0012461747039836087,0.9,2.231512045215607,2.586288520487753,0.0,0,0,1,DIRECT_LOCAL,PASS_THROUGH,0,BYPASS_VISIBLE,1,14,0.0,22.0,2.0,0.0,22.0,2.0,1,
110,3.7,0.033333,2.591590166091919,10.073744773864746,1.9923341274261475,-0.3046144711994274,0.17996656894683838,1.3980960895901717,-0.5604695043638683,0.08922016078072247,1.5088932958095307,0.0,22.0,2.0,0.87010228372605,0.4928704844483959,0.0008375048154897593,0.9,1.4291949272155762,-0.5455836057662964,0.09795030951499939,0.25380396842956543,local_avoidance,SAFE_PROGRESSING,NONE,1,0,"2.560,10.035;2.714,10.511;2.868,10.986;3.022,11.462;3.175,11.938;3.329,12.413;3.483,12.889",0,1,PASS_THROUGH,-1,0.8672956244000505,0.49779187111194756,0.0012461747039836087,0.9,2.211123569547735,2.5663569901695347,0.0,0,0,1,DIRECT_LOCAL,PASS_THROUGH,0,BYPASS_VISIBLE,1,14,0.0,22.0,2.0,0.0,22.0,2.0,1,
111,3.733333,0.033333,2.622973918914795,10.113015174865723,1.9949421882629395,-0.298654265636817,0.17829249799251556,1.4015387652567999,-0.5585511391887262,0.09003900056933759,1.511422279586385,0.0,22.0,2.0,0.8714579243373697,0.49046986816968785,0.0006281140119423815,0.9,1.4326179027557373,-0.544649600982666,0.0984373614192009,0.25045254826545715,local_avoidance,SAFE_PROGRESSING,NONE,1,0,"2.592,10.074;2.744,10.550;2.896,11.026;3.049,11.502;3.201,11.979;3.353,12.455;3.506,12.931",0,1,PASS_THROUGH,-1,0.8672956244000505,0.49779187111194756,0.0012461747039836087,0.9,2.189104099787836,2.5464053999324587,0.0,0,0,1,DIRECT_LOCAL,PASS_THROUGH,0,BYPASS_VISIBLE,1,14,0.0,22.0,2.0,0.0,22.0,2.0,1,
112,3.766667,0.033333,2.654101848602295,10.152594566345215,1.997575044631958,-0.292752623308217,0.17643889784812927,1.4049149328071275,-0.5568009966143719,0.09079226315618058,1.5139539468901404,0.0,22.0,2.0,0.8727777641199128,0.4881176106437947,0.00041549637623395486,0.9,1.4359393119812012,-0.5437628626823425,0.09890008717775345,0.2470555305480957,local_avoidance,SAFE_PROGRESSING,NONE,1,0,"2.623,10.113;2.774,10.590;2.925,11.066;3.075,11.543;3.226,12.020;3.377,12.497;3.528,12.973",0,1,PASS_THROUGH,-1,0.8672956244000505,0.49779187111194756,0.0012461747039836087,0.9,2.167622766924375,2.5264451558827625,0.0,0,0,1,DIRECT_LOCAL,PASS_THROUGH,0,BYPASS_VISIBLE,1,14,0.0,22.0,2.0,0.0,22.0,2.0,1,
113,3.8,0.033333,2.6849772930145264,10.192476272583008,2.0002315044403076,-0.2869149540327794,0.17443478107452393,1.408225074720838,-0.5552049023085189,0.09149070682303495,1.516483067513416,0.0,22.0,2.0,0.8740593245219516,0.4858191611324474,0.0001997318076707007,0.9,1.439160704612732,-0.5429164171218872,0.09933967143297195,0.24368032813072205,local_avoidance,SAFE_PROGRESSING,NONE,1,0,"2.654,10.153;2.803,10.630;2.953,11.107;3.102,11.584;3.251,12.061;3.401,12.539;3.550,13.016",0,1,PASS_THROUGH,-1,0.8672956244000505,0.49779187111194756,0.0012461747039836087,0.9,2.1467109498088583,2.5064859442008007,0.0,0,0,1,DIRECT_LOCAL,PASS_THROUGH,0,BYPASS_VISIBLE,1,14,0.0,22.0,2.0,0.0,22.0,2.0,1,
114,3.833333,0.033333,2.7156054973602295,10.232654571533203,2.002910614013672,-0.2811455359187162,0.17231300473213196,1.4114713870385893,-0.5537472271554128,0.09213756102957149,1.5190052001765582,0.0,22.0,2.0,0.875300796127947,0.483578862164453,-1.9118453801579992e-05,0.9,1.4422705173492432,-0.5421309471130371,0.09974735975265503,0.24026042222976685,local_avoidance,SAFE_PROGRESSING,NONE,1,0,"2.685,10.192;2.833,10.670;2.981,11.148;3.128,11.625;3.276,12.103;3.424,12.581;3.572,13.058",1,1,PASS_THROUGH,-1,0.8753007962879148,0.48357886225283075,0.0,0.9,2.126398926582873,2.486537674309397,0.0,0,0,1,DIRECT_LOCAL,PASS_THROUGH,0,BYPASS_VISIBLE,1,14,0.0,22.0,2.0,0.0,22.0,2.0,1,
115,3.866667,0.033333,2.74599027633667,10.27311897277832,2.005610466003418,-0.2754476747532068,0.1701032668352127,1.4146559540487076,-0.5524123090782043,0.0927294551576842,1.5215155534533364,0.0,22.0,2.0,0.8765007870781774,0.4814003657710285,-0.00024101214766879663,0.9,1.4452427625656128,-0.5414083003997803,0.10012233257293701,0.2368275672197342,local_avoidance,SAFE_PROGRESSING,NONE,1,0,"2.716,10.233;2.862,10.711;3.008,11.189;3.154,11.667;3.301,12.145;3.447,12.623;3.593,13.101",0,1,PASS_THROUGH,-1,0.875300796127947,0.483578862164453,-1.9118453801579992e-05,0.9,2.1067177035316123,2.4666138370332895,0.0,0,0,1,DIRECT_LOCAL,PASS_THROUGH,0,BYPASS_VISIBLE,1,14,0.0,22.0,2.0,0.0,22.0,2.0,1,
116,3.9,0.033333,2.7761356830596924,10.313865661621094,2.008331060409546,-0.26982396400940456,0.16782879829406738,1.4177794514411515,-0.5511865749854024,0.09325907516106206,1.5240086838574138,0.0,22.0,2.0,0.8776583668890875,0.4792865260308212,-0.00046582709969307073,0.9,1.4481127262115479,-0.5407430529594421,0.10046128183603287,0.23338213562965393,local_avoidance,SAFE_PROGRESSING,NONE,1,0,"2.746,10.273;2.891,10.752;3.035,11.230;3.180,11.709;3.325,12.188;3.469,12.666;3.614,13.145",0,1,PASS_THROUGH,-1,0.875300796127947,0.483578862164453,-1.9118453801579992e-05,0.9,2.0877022945633086,2.4467223509273186,0.0,0,0,1,DIRECT_LOCAL,PASS_THROUGH,0,BYPASS_VISIBLE,1,14,0.0,22.0,2.0,0.0,22.0,2.0,1,
117,3.933333,0.033333,2.8060455322265625,10.354887008666992,2.01107120513916,-0.26427629796883717,0.16550903022289276,1.4208397324715976,-0.5500598809253924,0.0937258190990003,1.5264782825639533,0.0,22.0,2.0,0.878772882636507,0.477239708808718,-0.0006935985106380545,0.9,1.450869083404541,-0.5401055812835693,0.10077305883169174,0.2300357222557068,local_avoidance,SAFE_PROGRESSING,NONE,1,0,"2.776,10.314;2.919,10.793;3.062,11.272;3.206,11.751;3.349,12.230;3.492,12.709;3.635,13.188",0,1,PASS_THROUGH,-1,0.875300796127947,0.483578862164453,-1.9118453801579992e-05,0.9,2.069382520840138,2.4268744440220225,0.0,0,0,1,DIRECT_LOCAL,PASS_THROUGH,0,BYPASS_VISIBLE,1,14,0.0,22.0,2.0,0.0,22.0,2.0,1,
118,3.966667,0.033333,2.835723638534546,10.3961763381958,2.0138297080993652,-0.25880606418646535,0.16316410899162292,1.4238329465664248,-0.5490251570954215,0.09413325147030048,1.5289179022707695,0.0,22.0,2.0,0.879843970819645,0.47526175182922425,-0.0009242621578806739,0.9,1.4535412788391113,-0.5394778251647949,0.10105951130390167,0.22682860493659973,local_avoidance,SAFE_PROGRESSING,NONE,1,0,"2.806,10.355;2.948,10.834;3.089,11.314;3.231,11.793;3.372,12.273;3.514,12.753;3.656,13.232",0,1,PASS_THROUGH,-1,0.875300796127947,0.483578862164453,-1.9118453801579992e-05,0.9,2.051791735524572,2.407080622954667,0.0,0,0,1,DIRECT_LOCAL,PASS_THROUGH,0,BYPASS_VISIBLE,1,14,0.0,22.0,2.0,0.0,22.0,2.0,1,
119,4.0,0.033333,2.86517333984375,10.437724113464355,2.016605854034424,-0.2534137879747355,0.1608179211616516,1.4267541800519137,-0.5480762665074025,0.09448709340162947,1.531320637562163,0.0,22.0,2.0,0.880871667086197,0.47335374270520636,-0.0011577528913777353,0.9,1.4560860395431519,-0.5388720631599426,0.10132219642400742,0.22376754879951477,local_avoidance,SAFE_PROGRESSING,NONE,1,0,"2.836,10.396;2.976,10.876;3.116,11.356;3.256,11.836;3.396,12.316;3.536,12.796;3.676,13.276",0,1,PASS_THROUGH,-1,0.875300796127947,0.483578862164453,-1.9118453801579992e-05,0.9,2.0349627149712237,2.3873536668958337,0.0,0,0,1,DIRECT_LOCAL,PASS_THROUGH,0,BYPASS_VISIBLE,1,14,0.0,22.0,2.0,0.0,22.0,2.0,1,
120,4.033333,0.033333,2.8943982124328613,10.47952651977539,2.0193991661071777,-0.24809894803778637,0.1584940254688263,1.4295995433302333,-0.5472064994158312,0.0947872293460624,1.533680027300363,0.0,22.0,2.0,0.8818565379285364,0.47151575069473095,-0.001394044289242826,0.9,1.4585139751434326,-0.5383069515228271,0.10155551880598068,0.22081013023853302,local_avoidance,SAFE_PROGRESSING,NONE,1,0,"2.865,10.438;3.004,10.918;3.142,11.399;3.281,11.879;3.419,12.359;3.558,12.840;3.696,13.320",1,1,PASS_THROUGH,-1,0.8818573948119168,0.47151620885770085,0.0,0.9,2.0189303554534304,2.367701696028621,0.0,0,0,1,DIRECT_LOCAL,PASS_THROUGH,0,BYPASS_VISIBLE,1,14,0.0,22.0,2.0,0.0,22.0,2.0,1,
121,4.066667,0.033333,2.923400640487671,10.521578788757324,2.0222084522247314,-0.24286040695557926,0.15621137619018555,1.432364544903886,-0.5464090886227796,0.09503586174819312,1.5359892241306625,0.0,22.0,2.0,0.8827993597769105,0.46974740367991574,-0.001633129956635461,0.9,1.4608349800109863,-0.5377473831176758,0.10176798701286316,0.21807780861854553,local_avoidance,SAFE_PROGRESSING,NONE,1,0,"2.894,10.480;3.031,10.960;3.168,11.441;3.305,11.922;3.442,12.403;3.579,12.884;3.716,13.365",0,1,PASS_THROUGH,-1,0.8818565379285364,0.47151575069473095,-0.001394044289242826,0.9,2.0037249968982516,2.3481331182116287,0.0,0,0,1,DIRECT_LOCAL,PASS_THROUGH,0,BYPASS_VISIBLE,1,14,0.0,22.0,2.0,0.0,22.0,2.0,1,
122,4.1,0.033333,2.9521842002868652,10.563873291015625,2.0250332355499268,-0.23769648071740243,0.1539894938468933,1.4350444189259912,-0.5456775653547176,0.09523349313117432,1.538241173495253,0.0,22.0,2.0,0.883701197996159,0.4680477296702129,-0.0018749428558472612,0.9,1.4630317687988281,-0.5372475385665894,0.10194628685712814,0.21536144614219666,local_avoidance,SAFE_PROGRESSING,NONE,1,0,"2.923,10.522;3.059,11.003;3.194,11.484;3.330,11.966;3.465,12.447;3.600,12.928;3.736,13.409",0,1,PASS_THROUGH,-1,0.8818565379285364,0.47151575069473095,-0.001394044289242826,0.9,1.9836705095290912,2.328659468439313,0.0,0,0,1,DIRECT_LOCAL,PASS_THROUGH,0,BYPASS_VISIBLE,1,14,0.0,22.0,2.0,0.0,22.0,2.0,1,
123,4.133333,0.033333,2.9807510375976562,10.606402397155762,2.0278732776641846,-0.23260495685630472,0.15183918178081512,1.437634134275831,-0.5450066761297968,0.09538400268857919,1.5404292547955463,0.0,22.0,2.0,0.8845633220881639,0.46641530532553244,-0.0021194750391213433,0.9,1.4651215076446533,-0.5367511510848999,0.10210350155830383,0.2128438651561737,local_avoidance,SAFE_PROGRESSING,NONE,1,0,"2.952,10.564;3.086,11.046;3.220,11.527;3.354,12.009;3.488,12.491;3.621,12.973;3.755,13.454",0,1,PASS_THROUGH,-1,0.8818565379285364,0.47151575069473095,-0.001394044289242826,0.9,1.961478128875033,2.3092915387891573,0.0,0,0,1,DIRECT_LOCAL,PASS_THROUGH,0,BYPASS_VISIBLE,1,14,0.0,22.0,2.0,0.0,22.0,2.0,1,
124,4.166667,0.033333,3.0091042518615723,10.64915943145752,2.0307281017303467,-0.2275834013348174,0.14976780116558075,1.4401285287932422,-0.5443931976323825,0.09549562615734139,1.5425477456752452,0.0,22.0,2.0,0.8853871333307742,0.4648483867691413,-0.0023667383549418972,0.9,1.4671505689620972,-0.5362650156021118,0.10223687440156937,0.2104683518409729,local_avoidance,SAFE_PROGRESSING,NONE,1,0,"2.981,10.606;3.113,11.089;3.245,11.571;3.378,12.053;3.510,12.535;3.642,13.017;3.774,13.500",0,1,PASS_THROUGH,-1,0.8818565379285364,0.47151575069473095,-0.001394044289242826,0.9,1.9400672105842027,2.2900398912906548,0.0,0,0,1,DIRECT_LOCAL,PASS_THROUGH,0,BYPASS_VISIBLE,1,14,0.0,22.0,2.0,0.0,22.0,2.0,1,
125,4.2,0.033333,3.037245035171509,10.692137718200684,2.033596992492676,-0.2226290687809325,0.14778438210487366,1.442523254049338,-0.5438340282945501,0.09558389970682069,1.5445922020673715,0.0,22.0,2.0,0.8861741050334395,0.4633450208241602,-0.002616724219490548,0.9,1.4691001176834106,-0.5357689261436462,0.10235413908958435,0.2082918882369995,local_avoidance,SAFE_PROGRESSING,NONE,1,0,"3.009,10.649;3.140,11.132;3.270,11.614;3.401,12.097;3.532,12.580;3.663,13.062;3.793,13.545",0,1,PASS_THROUGH,-1,0.8818565379285364,0.47151575069473095,-0.001394044289242826,0.9,1.9194771012446776,2.2709140424240646,0.0,0,0,1,DIRECT_LOCAL,PASS_THROUGH,0,BYPASS_VISIBLE,1,14,0.0,22.0,2.0,0.0,22.0,2.0,1,
126,4.233333,0.033333,3.0651769638061523,10.735330581665039,2.03648042678833,-0.2177388157566862,0.14589761197566986,1.44481760874436,-0.5433253172167819,0.09565797399275118,1.5465609496088037,0.0,22.0,2.0,0.8869259401066489,0.4619027422418027,-0.002869403324683332,0.9,1.4709405899047852,-0.5353068113327026,0.10244683176279068,0.20617076754570007,local_avoidance,SAFE_PROGRESSING,NONE,1,0,"3.037,10.692;3.166,11.175;3.295,11.658;3.425,12.141;3.554,12.624;3.683,13.107;3.812,13.590",1,1,PASS_THROUGH,-1,0.8869295913706684,0.46190464378598695,0.0,0.9,1.8997464713898182,2.2519248916115844,0.0,0,0,1,DIRECT_LOCAL,PASS_THROUGH,0,BYPASS_VISIBLE,1,14,0.0,22.0,2.0,0.0,22.0,2.0,1,
127,4.266667,0.033333,3.0929017066955566,10.778733253479004,2.039377450942993,-0.21290936433062818,0.14410892128944397,1.4470131450298116,-0.542861928113517,0.09571528829328645,1.5484532706211247,0.0,22.0,2.0,0.8876442843788972,0.46051911983858856,-0.003124847607037346,0.9,1.4726567268371582,-0.5348973870277405,0.10251253098249435,0.2040543556213379,local_avoidance,SAFE_PROGRESSING,NONE,1,0,"3.065,10.735;3.193,11.219;3.320,11.702;3.448,12.186;3.575,12.669;3.703,13.153;3.830,13.636",0,1,PASS_THROUGH,-1,0.8869259401066489,0.4619027422418027,-0.002869403324683332,0.9,1.8809154971563913,2.2330807286496395,0.0,0,0,1,DIRECT_LOCAL,PASS_THROUGH,0,BYPASS_VISIBLE,1,14,0.0,22.0,2.0,0.0,22.0,2.0,1,
128,4.3,0.033333,3.120420217514038,10.82234001159668,2.042288064956665,-0.2081376045451292,0.14240901172161102,1.4491094651192262,-0.5424396693730807,0.09575292118162694,1.5502669636944864,0.0,22.0,2.0,0.8883307326977019,0.45919175145795454,-0.003383007203720331,0.9,1.4742928743362427,-0.534485936164856,0.10256564617156982,0.20212328433990479,local_avoidance,SAFE_PROGRESSING,NONE,1,0,"3.093,10.779;3.219,11.263;3.345,11.746;3.471,12.230;3.597,12.714;3.723,13.198;3.849,13.682",0,1,PASS_THROUGH,-1,0.8869259401066489,0.4619027422418027,-0.002869403324683332,0.9,1.863021779418075,2.2143902148359,0.0,0,0,1,DIRECT_LOCAL,PASS_THROUGH,0,BYPASS_VISIBLE,1,14,0.0,22.0,2.0,0.0,22.0,2.0,1,
129,4.333333,0.033333,3.1477346420288086,10.866143226623535,2.0452117919921875,-0.2034207911422349,0.14079222083091736,1.4511053789356243,-0.5420563427056769,0.09578107092185081,1.5520006162982967,0.0,22.0,2.0,0.8889867246204395,0.4579184701931095,-0.0036439133668632706,0.9,1.475900650024414,-0.5339973568916321,0.10262957960367203,0.200655996799469,local_avoidance,SAFE_PROGRESSING,NONE,1,0,"3.120,10.822;3.245,11.307;3.369,11.791;3.494,12.275;3.618,12.759;3.742,13.244;3.867,13.728",0,1,PASS_THROUGH,-1,0.8869259401066489,0.4619027422418027,-0.002869403324683332,0.9,1.8461030653929846,2.1958642398949095,0.0,0,0,1,DIRECT_LOCAL,PASS_THROUGH,0,BYPASS_VISIBLE,1,14,0.0,22.0,2.0,0.0,22.0,2.0,1,
130,4.366667,0.033333,3.174846649169922,10.910137176513672,2.048149347305298,-0.1987559581991763,0.13927538692951202,1.453000034217272,-0.5417097435497872,0.09581048550785304,1.5536531771362037,0.0,22.0,2.0,0.8896137541804405,0.45669694479299827,-0.003907555466490811,0.9,1.4774670600891113,-0.5335218906402588,0.10268089175224304,0.1993783861398697,local_avoidance,SAFE_PROGRESSING,NONE,1,0,"3.148,10.866;3.271,11.351;3.393,11.836;3.516,12.320;3.639,12.805;3.762,13.290;3.884,13.774",0,1,PASS_THROUGH,-1,0.8869259401066489,0.4619027422418027,-0.002869403324683332,0.9,1.8301988531129059,2.1775118696803624,0.0,0,0,1,DIRECT_LOCAL,PASS_THROUGH,0,BYPASS_VISIBLE,1,14,0.0,22.0,2.0,0.0,22.0,2.0,1,
131,4.4,0.033333,3.2017574310302734,10.954317092895508,2.051100254058838,-0.19413924174108543,0.1378801167011261,1.4547952771246564,-0.5413943443795347,0.0958383040530203,1.555224136577783,0.0,22.0,2.0,0.890213701267822,0.4555240318356442,-0.004174026263000871,0.9,1.4788832664489746,-0.5331671833992004,0.10269054770469666,0.1979365348815918,local_avoidance,SAFE_PROGRESSING,NONE,1,0,"3.175,10.910;3.296,11.395;3.417,11.880;3.538,12.365;3.660,12.851;3.781,13.336;3.902,13.821",0,1,PASS_THROUGH,-1,0.8869259401066489,0.4619027422418027,-0.002869403324683332,0.9,1.8153461652653298,2.159341123825312,0.0,0,0,1,DIRECT_LOCAL,PASS_THROUGH,0,BYPASS_VISIBLE,1,14,0.0,22.0,2.0,0.0,22.0,2.0,1,
132,4.433333,0.033333,3.2284679412841797,10.998677253723145,2.0540640354156494,-0.18956653849757996,0.136599600315094,1.456495186059427,-0.5411045192040453,0.09585056958888306,1.5567143795211247,0.0,22.0,2.0,0.8907885385101187,0.4543963430769433,-0.004443316026053681,0.9,1.4801691770553589,-0.5328913331031799,0.10266497731208801,0.19641807675361633,local_avoidance,SAFE_PROGRESSING,NONE,1,0,"3.202,10.954;3.279,11.448;3.355,11.942;3.432,12.437;3.509,12.931;3.586,13.425;3.663,13.919",1,1,PASS_THROUGH,-1,0.8907973320849104,0.45440082872988463,0.0,0.9,1.8015801014393602,2.141360614445583,0.0,0,0,1,DIRECT_LOCAL,PASS_THROUGH,0,BYPASS_VISIBLE,1,14,0.0,22.0,2.0,0.0,22.0,2.0,1,
133,4.466667,0.033333,3.254979133605957,11.04321002960205,2.057040214538574,-0.18503485206528844,0.13540686666965485,1.4581004799964021,-0.5408406620785018,0.09583774147133904,1.5581240336422442,0.0,22.0,2.0,0.8913397326764122,0.4533114225568786,-0.0047154142767169335,0.9,1.4813910722732544,-0.5326723456382751,0.10261331498622894,0.19482943415641785,local_avoidance,SAFE_PROGRESSING,NONE,1,0,"3.228,10.999;3.304,11.493;3.379,11.987;3.454,12.482;3.529,12.976;3.604,13.470;3.679,13.965",0,1,PASS_THROUGH,-1,0.8907885385101187,0.4543963430769433,-0.004443316026053681,0.9,1.788935128013662,2.123580391684314,0.0,0,0,1,DIRECT_LOCAL,PASS_THROUGH,0,BYPASS_VISIBLE,1,14,0.0,22.0,2.0,0.0,22.0,2.0,1,
134,4.5,0.033333,3.2812917232513428,11.087918281555176,2.060027837753296,-0.18054197046169637,0.13427318632602692,1.4596090692269639,-0.5406085153345292,0.0958100011131787,1.5594536729685542,0.0,22.0,2.0,0.8918684003303345,0.4522674577127406,-0.00499030923533777,0.9,1.4825711250305176,-0.5324363708496094,0.10256059467792511,0.1933697760105133,local_avoidance,SAFE_PROGRESSING,NONE,1,0,"3.255,11.043;3.328,11.538;3.402,12.032;3.476,12.527;3.549,13.021;3.623,13.516;3.696,14.011",0,1,PASS_THROUGH,-1,0.8907885385101187,0.4543963430769433,-0.004443316026053681,0.9,1.7774455186587392,2.106002227268215,0.0,0,0,1,DIRECT_LOCAL,PASS_THROUGH,0,BYPASS_VISIBLE,1,14,0.0,22.0,2.0,0.0,22.0,2.0,1,
135,4.533333,0.033333,3.3074073791503906,11.132787704467773,2.0630269050598145,-0.17608624884782167,0.13318167626857758,1.4610183693798546,-0.540414226406468,0.09578257773097733,1.5607038521015641,0.0,22.0,2.0,0.8923752801375985,0.45126334671568535,-0.005267951243296884,0.9,1.4837136268615723,-0.5322399139404297,0.10249770432710648,0.1918456256389618,local_avoidance,SAFE_PROGRESSING,NONE,1,0,"3.281,11.088;3.353,11.583;3.425,12.078;3.497,12.572;3.569,13.067;3.641,13.562;3.712,14.057",0,1,PASS_THROUGH,-1,0.8907885385101187,0.4543963430769433,-0.004443316026053681,0.9,1.7632156906572445,2.0886417156618613,0.0,0,0,1,DIRECT_LOCAL,PASS_THROUGH,0,BYPASS_VISIBLE,1,14,0.0,22.0,2.0,0.0,22.0,2.0,1,
136,4.566667,0.033333,3.3333277702331543,11.177815437316895,2.0660369396209717,-0.17166642546238434,0.13212019205093384,1.4623303178403673,-0.5402594573452708,0.09576278783526879,1.561877316328046,0.0,22.0,2.0,0.8928610856183122,0.4502980095679183,-0.005548366215365745,0.9,1.4847126007080078,-0.5321575403213501,0.10241614282131195,0.19004975259304047,local_avoidance,SAFE_PROGRESSING,NONE,1,0,"3.307,11.133;3.378,11.628;3.448,12.123;3.518,12.618;3.588,13.113;3.658,13.608;3.729,14.103",0,1,PASS_THROUGH,-1,0.8907885385101187,0.4543963430769433,-0.004443316026053681,0.9,1.750051167691016,2.0715055806950042,0.0,0,0,1,DIRECT_LOCAL,PASS_THROUGH,0,BYPASS_VISIBLE,1,14,0.0,22.0,2.0,0.0,22.0,2.0,1,
137,4.6,0.033333,3.3590540885925293,11.22299861907959,2.0690581798553467,-0.1672817206643488,0.131062313914299,1.463549597784599,-0.5401422917284622,0.09574907375170623,1.5629776088010492,0.0,22.0,2.0,0.893326177297449,0.4493710427533022,-0.005831542672081124,0.9,1.4857386350631714,-0.5321144461631775,0.10231724381446838,0.1880236119031906,local_avoidance,SAFE_PROGRESSING,NONE,1,0,"3.333,11.178;3.402,11.673;3.470,12.168;3.539,12.664;3.608,13.159;3.676,13.654;3.745,14.149",0,1,PASS_THROUGH,-1,0.8907885385101187,0.4543963430769433,-0.004443316026053681,0.9,1.7374458763754845,2.054600261303051,0.0,0,0,1,DIRECT_LOCAL,PASS_THROUGH,0,BYPASS_VISIBLE,1,14,0.0,22.0,2.0,0.0,22.0,2.0,1,
138,4.633333,0.033333,3.3845877647399902,11.268330574035645,2.072089672088623,-0.1629327243241316,0.12997615337371826,1.4646815812698044,-0.5400612195980333,0.09577532858837412,1.5640112432431361,0.0,22.0,2.0,0.8937703122433942,0.4484832268343394,-0.006117532231574694,0.9,1.4869282245635986,-0.5318760871887207,0.10225090384483337,0.1863355040550232,local_avoidance,SAFE_PROGRESSING,NONE,1,0,"3.359,11.223;3.426,11.719;3.493,12.214;3.560,12.710;3.627,13.205;3.694,13.701;3.760,14.196",1,1,PASS_THROUGH,-1,0.8937870370325592,0.4484916191330208,0.0,0.9,1.7225980894924118,2.0379351962788075,0.0,0,0,1,DIRECT_LOCAL,PASS_THROUGH,0,BYPASS_VISIBLE,1,14,0.0,22.0,2.0,0.0,22.0,2.0,1,
139,4.666667,0.033333,3.4099302291870117,11.313806533813477,2.075132131576538,-0.15862031273703742,0.1288616955280304,1.4657382377679236,-0.5400115393967088,0.09590482917107926,1.5649916231708574,0.0,22.0,2.0,0.8941931543272914,0.4476355239973997,-0.006406278934164466,0.9,1.488267183303833,-0.5313194990158081,0.10226484388113022,0.18557943403720856,local_avoidance,SAFE_PROGRESSING,NONE,1,0,"3.385,11.268;3.450,11.764;3.515,12.260;3.580,12.756;3.645,13.251;3.711,13.747;3.776,14.243",0,1,PASS_THROUGH,-1,0.8937703122433942,0.4484832268343394,-0.006117532231574694,0.9,1.7089615505050475,2.0215183399127,0.0,0,0,1,DIRECT_LOCAL,PASS_THROUGH,0,BYPASS_VISIBLE,1,14,0.0,22.0,2.0,0.0,22.0,2.0,1,
140,4.7,0.033333,3.4350831508636475,11.359424591064453,2.0781872272491455,-0.15434420959571502,0.12777933478355408,1.466742272943512,-0.5399792177748822,0.0962144194433061,1.5659398664626574,0.0,22.0,2.0,0.8945948591582167,0.44682790471597,-0.0066978753964437145,0.9,1.4898836612701416,-0.5300126671791077,0.10248246788978577,0.187749981880188,local_avoidance,SAFE_PROGRESSING,NONE,1,0,"3.410,11.314;3.473,11.810;3.537,12.306;3.601,12.802;3.664,13.298;3.728,13.794;3.791,14.289",0,1,PASS_THROUGH,-1,0.8937703122433942,0.4484832268343394,-0.006117532231574694,0.9,1.6951732720946513,2.0053556878101633,0.0,0,0,1,DIRECT_LOCAL,PASS_THROUGH,0,BYPASS_VISIBLE,1,14,0.0,22.0,2.0,0.0,22.0,2.0,1,
141,4.733333,0.033333,3.460045576095581,11.405180931091309,2.0812580585479736,-0.15009972290550946,0.12692879140377045,1.4677275769778348,-0.5399290007740023,0.09664677200925796,1.5668720958131357,0.0,22.0,2.0,0.8949775028542164,0.4460564698569812,-0.006992501952743509,0.9,1.4916157722473145,-0.5291988849639893,0.10252802819013596,0.1890527904033661,local_avoidance,SAFE_PROGRESSING,NONE,1,0,"3.435,11.359;3.497,11.856;3.559,12.352;3.621,12.848;3.683,13.344;3.744,13.840;3.806,14.336",0,1,PASS_THROUGH,-1,0.8937703122433942,0.4484832268343394,-0.006117532231574694,0.9,1.6798487666522117,1.9894528284019435,0.0,0,0,1,DIRECT_LOCAL,PASS_THROUGH,0,BYPASS_VISIBLE,1,14,0.0,22.0,2.0,0.0,22.0,2.0,1,
142,4.766667,0.033333,3.484816312789917,11.45107650756836,2.0843420028686523,-0.14587554330092284,0.12643936276435852,1.4687377366455643,-0.5398089566333366,0.09704974068814456,1.5678019329226325,0.0,22.0,2.0,0.895346211570492,0.445311138970481,-0.007290468790196798,0.9,1.4925518035888672,-0.5293207168579102,0.10228089988231659,0.18816250562667847,local_avoidance,SAFE_PROGRESSING,NONE,1,0,"3.460,11.405;3.520,11.902;3.580,12.398;3.641,12.894;3.701,13.391;3.761,13.887;3.821,14.383",0,1,PASS_THROUGH,-1,0.8937703122433942,0.4484832268343394,-0.006117532231574694,0.9,1.6657793961882983,1.9738116861236215,0.0,0,0,1,DIRECT_LOCAL,PASS_THROUGH,0,BYPASS_VISIBLE,1,14,0.0,22.0,2.0,0.0,22.0,2.0,1,
143,4.8,0.033333,3.509392261505127,11.497111320495605,2.0874335765838623,-0.14166211464040124,0.1261843591928482,1.4697991706237787,-0.5396040338758843,0.09724243751292008,1.5687377750901927,0.0,22.0,2.0,0.8957052491110401,0.44458348446425794,-0.0075915780012164365,0.9,1.493121862411499,-0.5298433303833008,0.10184118151664734,0.18616552650928497,local_avoidance,SAFE_PROGRESSING,NONE,1,0,"3.485,11.451;3.543,11.948;3.602,12.444;3.660,12.941;3.719,13.437;3.777,13.934;3.836,14.430",0,1,PASS_THROUGH,-1,0.8937703122433942,0.4484832268343394,-0.006117532231574694,0.9,1.6508257341338566,1.9584335375309925,0.0,0,0,1,DIRECT_LOCAL,PASS_THROUGH,0,BYPASS_VISIBLE,1,14,0.0,22.0,2.0,0.0,22.0,2.0,1,
144,4.833333,0.033333,3.5337722301483154,11.543285369873047,2.0905261039733887,-0.13745766121701042,0.12594272196292877,1.4708867738200808,-0.5393656448401166,0.09715383563116178,1.56966941360609,0.0,22.0,2.0,0.8960554818602552,0.4438718695160204,-0.007895370829725547,0.9,1.4936381578445435,-0.530269980430603,0.10138381272554398,0.18419188261032104,local_avoidance,SAFE_PROGRESSING,NONE,1,0,"3.509,11.497;3.566,11.994;3.623,12.491;3.680,12.987;3.737,13.484;3.793,13.981;3.850,14.478",1,1,PASS_THROUGH,-1,0.8960834118178264,0.44388570495671975,0.0,0.9,1.6350360006334297,1.9433209696216487,0.0,0,0,1,DIRECT_LOCAL,PASS_THROUGH,0,BYPASS_VISIBLE,1,14,0.0,22.0,2.0,0.0,22.0,2.0,1,
145,4.866667,0.033333,3.5579569339752197,11.589597702026367,2.0936152935028076,-0.13326595491203394,0.12557260692119598,1.471940012236765,-0.5391799746771069,0.096845518799845,1.5705736210786123,0.0,22.0,2.0,0.8963952398070578,0.4431797752043549,-0.008201274356139864,0.9,1.4942694902420044,-0.5303353667259216,0.10103332996368408,0.18290458619594574,local_avoidance,SAFE_PROGRESSING,NONE,1,0,"3.534,11.543;3.589,12.040;3.644,12.537;3.699,13.034;3.754,13.531;3.809,14.028;3.864,14.525",0,1,PASS_THROUGH,-1,0.8960554818602552,0.4438718695160204,-0.007895370829725547,0.9,1.6205350861389445,1.9284786068366149,0.0,0,0,1,DIRECT_LOCAL,PASS_THROUGH,0,BYPASS_VISIBLE,1,14,0.0,22.0,2.0,0.0,22.0,2.0,1,
146,4.9,0.033333,3.5819497108459473,11.636041641235352,2.0967013835906982,-0.12909155237426867,0.12505419552326202,1.4728987431112126,-0.5391119507203584,0.09643886799078143,1.57142383147496,0.0,22.0,2.0,0.8967224530256426,0.44251151448838977,-0.008508923837111399,0.9,1.4950096607208252,-0.5301538109779358,0.10078885406255722,0.18197709321975708,local_avoidance,SAFE_PROGRESSING,NONE,1,0,"3.558,11.590;3.611,12.087;3.665,12.584;3.718,13.081;3.772,13.578;3.825,14.075;3.878,14.572",0,1,PASS_THROUGH,-1,0.8960554818602552,0.4438718695160204,-0.007895370829725547,0.9,1.6044008416496967,1.913916927516369,0.0,0,0,1,DIRECT_LOCAL,PASS_THROUGH,0,BYPASS_VISIBLE,1,14,0.0,22.0,2.0,0.0,22.0,2.0,1,
147,4.933333,0.033333,3.6057543754577637,11.682613372802734,2.0997848510742188,-0.12493686472721424,0.12443584203720093,1.4737335323601524,-0.539169640592221,0.09604698319365079,1.5722021017412735,0.0,22.0,2.0,0.8970359823628113,0.44186953155165887,-0.008818357710126085,0.9,1.4956759214401245,-0.529867947101593,0.1006244570016861,0.18117356300354004,local_avoidance,SAFE_PROGRESSING,NONE,1,0,"3.582,11.636;3.634,12.133;3.685,12.631;3.737,13.128;3.789,13.625;3.840,14.123;3.892,14.620",0,1,PASS_THROUGH,-1,0.8960554818602552,0.4438718695160204,-0.007895370829725547,0.9,1.5881477805751738,1.8996447473709823,0.0,0,0,1,DIRECT_LOCAL,PASS_THROUGH,0,BYPASS_VISIBLE,1,14,0.0,22.0,2.0,0.0,22.0,2.0,1,
148,4.966667,0.033333,3.629373788833618,11.729307174682617,2.1028707027435303,-0.12080260552551424,0.12376946210861206,1.4744508180567044,-0.5393089088942247,0.09572897525372667,1.5729028421310367,0.0,22.0,2.0,0.8973353880930633,0.44125485944581433,-0.009129638072023246,0.9,1.496295690536499,-0.5295858979225159,0.10050252079963684,0.18038809299468994,local_avoidance,SAFE_PROGRESSING,NONE,1,0,"3.606,11.683;3.656,12.180;3.706,12.678;3.756,13.175;3.806,13.673;3.856,14.170;3.906,14.668",0,1,PASS_THROUGH,-1,0.8960554818602552,0.4438718695160204,-0.007895370829725547,0.9,1.5732394567608956,1.8856714642569958,0.0,0,0,1,DIRECT_LOCAL,PASS_THROUGH,0,BYPASS_VISIBLE,1,14,0.0,22.0,2.0,0.0,22.0,2.0,1,
149,5.0,0.033333,3.6528093814849854,11.776119232177734,2.105959415435791,-0.11668898129512811,0.12309189885854721,1.4750777047989694,-0.5394623126937257,0.09550200596813742,1.5735292991094245,0.0,22.0,2.0,0.8976205127705087,0.44066794782156127,-0.009443241834387685,0.9,1.4969377517700195,-0.5294229984283447,0.10037462413311005,0.1792914867401123,local_avoidance,SAFE_PROGRESSING,NONE,1,0,"3.629,11.729;3.678,12.227;3.726,12.725;3.774,13.222;3.822,13.720;3.871,14.218;3.919,14.715",0,1,PASS_THROUGH,-1,0.8960554818602552,0.4438718695160204,-0.007895370829725547,0.9,1.5559563569518586,1.8720040622518983,0.0,0,0,1,DIRECT_LOCAL,PASS_THROUGH,0,BYPASS_VISIBLE,1,14,0.0,22.0,2.0,0.0,22.0,2.0,1,
150,5.033333,0.033333,3.6760597229003906,11.82304573059082,2.1090526580810547,-0.11259635120652436,0.12241195887327194,1.4756465218690462,-0.5395721435178839,0.09537456311321155,1.5740924568949988,0.0,22.0,2.0,0.8978911636815233,0.44010932219949206,-0.009759236432383245,0.9,1.497582197189331,-0.5293942093849182,0.10022798180580139,0.17778678238391876,local_avoidance,SAFE_PROGRESSING,NONE,1,0,"3.653,11.776;3.699,12.274;3.746,12.772;3.792,13.270;3.839,13.767;3.885,14.265;3.932,14.763",1,1,PASS_THROUGH,-1,0.8979339255235691,0.44013028229586004,0.0,0.9,1.5392882885898391,1.8586472928427016,0.0,0,0,1,DIRECT_LOCAL,PASS_THROUGH,0,BYPASS_VISIBLE,1,14,0.0,22.0,2.0,0.0,22.0,2.0,1,
151,5.066667,0.033333,3.6991236209869385,11.870081901550293,2.112150192260742,-0.10852592165989891,0.12170626223087311,1.4761865937267957,-0.5396103365425107,0.09533532303871937,1.5746094749559774,0.0,22.0,2.0,0.8981468833749595,0.4395800425566617,-0.010077800837991372,0.9,1.4981963634490967,-0.5296344757080078,0.10001978278160095,0.17524853348731995,local_avoidance,SAFE_PROGRESSING,NONE,1,0,"3.676,11.823;3.721,12.321;3.766,12.819;3.810,13.317;3.855,13.815;3.900,14.313;3.945,14.811",0,1,PASS_THROUGH,-1,0.8978911636815233,0.44010932219949206,-0.009759236432383245,0.9,1.524022824959078,1.8456065529865864,0.0,0,0,1,DIRECT_LOCAL,PASS_THROUGH,0,BYPASS_VISIBLE,1,14,0.0,22.0,2.0,0.0,22.0,2.0,1,
152,5.1,0.033333,3.7219996452331543,11.917228698730469,2.115251064300537,-0.10448054975726109,0.12090318650007248,1.4767194575283549,-0.539581934300301,0.09535644952448726,1.575100591242353,0.0,22.0,2.0,0.8983864966750027,0.4390826399128672,-0.010398938367109119,0.9,1.498643159866333,-0.5301470756530762,0.09976216405630112,0.17143042385578156,local_avoidance,SAFE_PROGRESSING,NONE,1,0,"3.699,11.870;3.742,12.368;3.785,12.866;3.828,13.365;3.871,13.863;3.914,14.361;3.957,14.859",0,1,PASS_THROUGH,-1,0.8978911636815233,0.44010932219949206,-0.009759236432383245,0.9,1.5056173057825744,1.832883223816479,0.0,0,0,1,DIRECT_LOCAL,PASS_THROUGH,0,BYPASS_VISIBLE,1,14,0.0,22.0,2.0,0.0,22.0,2.0,1,
153,5.133333,0.033333,3.74468731880188,11.964483261108398,2.118353843688965,-0.10046628225804292,0.11988045275211334,1.477255321697567,-0.5395199460031554,0.09542838176039223,1.5755861238486575,0.0,22.0,2.0,0.8986073629806705,0.43862265472923245,-0.010722590881220918,0.9,1.4990746974945068,-0.5304601192474365,0.0996001809835434,0.16764338314533234,local_avoidance,SAFE_PROGRESSING,NONE,1,0,"3.722,11.917;3.763,12.416;3.805,12.914;3.846,13.412;3.887,13.910;3.929,14.409;3.970,14.907",0,1,PASS_THROUGH,-1,0.8978911636815233,0.44010932219949206,-0.009759236432383245,0.9,1.4885562804630434,1.820481821113603,0.0,0,0,1,DIRECT_LOCAL,PASS_THROUGH,0,BYPASS_VISIBLE,1,14,0.0,22.0,2.0,0.0,22.0,2.0,1,
154,5.166667,0.033333,3.767188787460327,12.011846542358398,2.121460437774658,-0.09649238715283366,0.11856123059988022,1.4777893071653887,-0.5394657390376005,0.09557337891418079,1.5760770256319385,0.0,22.0,2.0,0.8988054541177353,0.4382084925649025,-0.011048651148782212,0.9,1.4997833967208862,-0.5303322076797485,0.09961280226707458,0.164592444896698,local_avoidance,SAFE_PROGRESSING,NONE,1,0,"3.745,11.964;3.784,12.463;3.824,12.961;3.863,13.460;3.903,13.958;3.942,14.457;3.982,14.955",0,1,PASS_THROUGH,-1,0.8978911636815233,0.44010932219949206,-0.009759236432383245,0.9,1.472950633450146,1.8084064352737768,0.0,0,0,1,DIRECT_LOCAL,PASS_THROUGH,0,BYPASS_VISIBLE,1,14,0.0,22.0,2.0,0.0,22.0,2.0,1,
155,5.2,0.033333,3.789506196975708,12.059313774108887,2.12457275390625,-0.09256785954267134,0.11698303371667862,1.4783174758067255,-0.5394363342029611,0.09584122830841096,1.5765784658486117,0.0,22.0,2.0,0.8989767125155373,0.4378486345932254,-0.011377325678961804,0.9,1.500701665878296,-0.5298303365707397,0.09980601072311401,0.16244372725486755,local_avoidance,SAFE_PROGRESSING,NONE,1,0,"3.767,12.012;3.805,12.510;3.843,13.009;3.881,13.508;3.918,14.006;3.956,14.505;3.994,15.003",0,1,PASS_THROUGH,-1,0.8978911636815233,0.44010932219949206,-0.009759236432383245,0.9,1.4588497855886224,1.796664747099073,0.0,0,0,1,DIRECT_LOCAL,PASS_THROUGH,0,BYPASS_VISIBLE,1,14,0.0,22.0,2.0,0.0,22.0,2.0,1,
156,5.233333,0.033333,3.8116424083709717,12.106884002685547,2.127695322036743,-0.0886983596145246,0.11526535451412201,1.4788512774247276,-0.5394066594963383,0.09626128133805664,1.5770944421101074,0.0,22.0,2.0,0.8991186252505136,0.437548398819996,-0.011708817945646694,0.9,1.5018150806427002,-0.5291562676429749,0.10010407865047455,0.16094201803207397,local_avoidance,SAFE_PROGRESSING,NONE,1,0,"3.790,12.059;3.826,12.558;3.862,13.057;3.898,13.555;3.934,14.054;3.970,14.553;4.006,15.052",1,1,PASS_THROUGH,-1,0.8991802645597797,0.4375783950633352,0.0,0.9,1.4463043683603383,1.7852625866517364,0.0,0,0,1,DIRECT_LOCAL,PASS_THROUGH,0,BYPASS_VISIBLE,1,14,0.0,22.0,2.0,0.0,22.0,2.0,1,
157,5.266667,0.033333,3.8335978984832764,12.154556274414062,2.130830764770508,-0.08488517617268634,0.11354655027389526,1.4794212138630045,-0.5393199276446246,0.09681103258878643,1.5776328750420343,0.0,22.0,2.0,0.899230501285564,0.43730933859933396,-0.012043584662642883,0.9,1.5030441284179688,-0.5287201404571533,0.10034234076738358,0.1589204967021942,local_avoidance,SAFE_PROGRESSING,NONE,1,0,"3.812,12.107;3.846,12.606;3.880,13.105;3.914,13.603;3.949,14.102;3.983,14.601;4.017,15.100",0,1,PASS_THROUGH,-1,0.8991186252505136,0.437548398819996,-0.011708817945646694,0.9,1.4353597701807923,1.7742038962251891,0.0,0,0,1,DIRECT_LOCAL,PASS_THROUGH,0,BYPASS_VISIBLE,1,14,0.0,22.0,2.0,0.0,22.0,2.0,1,
158,5.3,0.033333,3.8553717136383057,12.20233154296875,2.133979320526123,-0.08112672340511846,0.11189378052949905,1.48006922438403,-0.5391183601493095,0.0974184544999553,1.5782090705910876,0.0,22.0,2.0,0.8993129871973709,0.4371302316069055,-0.01238190911913198,0.9,1.5040873289108276,-0.5288784503936768,0.10038658231496811,0.15507520735263824,local_avoidance,SAFE_PROGRESSING,NONE,1,0,"3.834,12.155;3.822,12.654;3.811,13.154;3.800,13.654;3.789,14.154;3.778,14.654;3.767,15.154",0,1,PASS_THROUGH,-1,0.8991186252505136,0.437548398819996,-0.011708817945646694,0.9,1.42605564613309,1.7634903007973026,0.0,0,0,1,DIRECT_LOCAL,PASS_THROUGH,0,BYPASS_VISIBLE,1,14,0.0,22.0,2.0,0.0,22.0,2.0,1,
159,5.333333,0.033333,3.8769614696502686,12.250210762023926,2.137136697769165,-0.07742253851539106,0.11022474616765976,1.4808314377506338,-0.5387813554594851,0.09802544735805642,1.5788464410293723,0.0,22.0,2.0,0.8993662532090702,0.4370108077695977,-0.012723854810642015,0.9,1.5048325061798096,-0.5290608406066895,0.10040950030088425,0.15104949474334717,local_avoidance,SAFE_PROGRESSING,NONE,1,0,"3.855,12.202;3.842,12.702;3.830,13.202;3.817,13.702;3.804,14.202;3.791,14.701;3.778,15.201",0,1,PASS_THROUGH,-1,0.8991186252505136,0.437548398819996,-0.011708817945646694,0.9,1.4184248621900408,1.753122246528255,0.0,0,0,1,DIRECT_LOCAL,PASS_THROUGH,0,BYPASS_VISIBLE,1,14,0.0,22.0,2.0,0.0,22.0,2.0,1,
160,5.366667,0.033333,3.898367404937744,12.298197746276855,2.1403019428253174,-0.07377668762163539,0.10842589288949966,1.4817134124873363,-0.5383441610501691,0.09864129115252158,1.5795629701920446,0.0,22.0,2.0,0.8993885369970098,0.43695475659451444,-0.013069055352503793,0.9,1.5059843063354492,-0.528316080570221,0.10069191455841064,0.14981044828891754,local_avoidance,SAFE_PROGRESSING,NONE,1,0,"3.877,12.250;3.862,12.750;3.848,13.250;3.833,13.750;3.818,14.249;3.803,14.749;3.789,15.249",0,1,PASS_THROUGH,-1,0.8991186252505136,0.437548398819996,-0.011708817945646694,0.9,1.4124940444453145,1.7431006569652832,0.0,0,0,1,DIRECT_LOCAL,PASS_THROUGH,0,BYPASS_VISIBLE,1,14,0.0,22.0,2.0,0.0,22.0,2.0,1,
161,5.4,0.033333,3.9195897579193115,12.346292495727539,2.1434764862060547,-0.0701933479101718,0.10658998787403107,1.4826935467225975,-0.5378599154397483,0.09933758206872215,1.580361160412691,0.0,22.0,2.0,0.8993778646162489,0.43696616388732873,-0.013417460859206054,0.9,1.507885217666626,-0.5267375707626343,0.10121291875839233,0.15163445472717285,local_avoidance,SAFE_PROGRESSING,NONE,1,0,"3.898,12.298;3.882,12.798;3.865,13.298;3.849,13.797;3.832,14.297;3.816,14.797;3.799,15.297",0,1,PASS_THROUGH,-1,0.8991186252505136,0.437548398819996,-0.011708817945646694,0.9,1.408285253657642,1.733428713799115,0.0,0,0,1,DIRECT_LOCAL,PASS_THROUGH,0,BYPASS_VISIBLE,1,14,0.0,22.0,2.0,0.0,22.0,2.0,1,
162,5.433333,0.033333,3.94062876701355,12.394498825073242,2.146665334701538,-0.06666785205091391,0.10501978546380997,1.4837601343943019,-0.5373449865918957,0.10023873404760153,1.5812436797776324,0.0,22.0,2.0,0.8993361656906993,0.4370410380780328,-0.013769245310703756,0.9,1.5102559328079224,-0.5241747498512268,0.10199330002069473,0.1582685261964798,local_avoidance,SAFE_PROGRESSING,NONE,1,0,"3.920,12.346;3.901,12.846;3.883,13.346;3.865,13.845;3.846,14.345;3.828,14.845;3.810,15.344",1,1,PASS_THROUGH,-1,0.899421431338678,0.43708247373771897,0.0,0.9,1.4002533711883176,1.7241074767578528,0.0,0,0,1,DIRECT_LOCAL,PASS_THROUGH,0,BYPASS_VISIBLE,1,14,0.0,22.0,2.0,0.0,22.0,2.0,1,
163,5.466667,0.033333,3.9614830017089844,12.442815780639648,2.1498730182647705,-0.06318206257496897,0.1041700541973114,1.4849375072119697,-0.5367625445726185,0.10131924622935587,1.5822196494916425,0.0,22.0,2.0,0.8992711785699847,0.4371633946525398,-0.014124934308456861,0.9,1.512944221496582,-0.5214922428131104,0.10264034569263458,0.16794924437999725,local_avoidance,SAFE_PROGRESSING,NONE,1,0,"3.941,12.394;3.921,12.894;3.900,13.394;3.880,13.893;3.860,14.393;3.840,14.892;3.820,15.392",0,1,PASS_THROUGH,-1,0.8993361656906993,0.4370410380780328,-0.013769245310703756,0.9,1.3861289145453088,1.7151393091376246,0.0,0,0,1,DIRECT_LOCAL,PASS_THROUGH,0,BYPASS_VISIBLE,1,14,0.0,22.0,2.0,0.0,22.0,2.0,1,
164,5.5,0.033333,3.982146739959717,12.491250991821289,2.1530964374542236,-0.05970235559278781,0.10448611527681351,1.4862791828401765,-0.5360376456980349,0.10223544324780279,1.5832922196504438,0.0,22.0,2.0,0.8991975506790809,0.4373030406223953,-0.01448501001550966,0.9,1.5145517587661743,-0.5210410952568054,0.10241186618804932,0.17343685030937195,local_avoidance,SAFE_PROGRESSING,NONE,1,0,"3.961,12.443;3.940,12.942;3.918,13.442;3.896,13.941;3.874,14.441;3.852,14.940;3.830,15.440",0,1,PASS_THROUGH,-1,0.8993361656906993,0.4370410380780328,-0.013769245310703756,0.9,1.3736596474645353,1.7065182719935832,0.0,0,0,1,DIRECT_LOCAL,PASS_THROUGH,0,BYPASS_VISIBLE,1,14,0.0,22.0,2.0,0.0,22.0,2.0,1,
165,5.533333,0.033333,4.002612590789795,12.539812088012695,2.1563198566436768,-0.05618913473171193,0.1059265062212944,1.487825100559235,-0.5351375390285421,0.10249940034580123,1.584456323980838,0.0,22.0,2.0,0.8991325933223067,0.4374243704145649,-0.014849235432343195,0.9,1.5141404867172241,-0.5225821733474731,0.10136984288692474,0.17445141077041626,local_avoidance,SAFE_PROGRESSING,NONE,1,0,"3.982,12.491;3.958,12.991;3.935,13.490;3.911,13.990;3.887,14.489;3.863,14.988;3.840,15.488",0,1,PASS_THROUGH,-1,0.8993361656906993,0.4370410380780328,-0.013769245310703756,0.9,1.3628852843191128,1.6982371283532984,0.0,0,0,1,DIRECT_LOCAL,PASS_THROUGH,0,BYPASS_VISIBLE,1,14,0.0,22.0,2.0,0.0,22.0,2.0,1,
166,5.566667,0.033333,4.022874355316162,12.588502883911133,2.159522294998169,-0.05261795476711752,0.10795751959085464,1.489512888801355,-0.5341795327580695,0.10175309304910608,1.5856702403299516,0.0,22.0,2.0,0.8990870838660239,0.4375052966786752,-0.01521614285531948,0.9,1.512855887413025,-0.5243199467658997,0.1000341847538948,0.17507921159267426,local_avoidance,SAFE_PROGRESSING,NONE,1,0,"4.003,12.540;3.977,13.039;3.951,13.539;3.926,14.038;3.900,14.537;3.875,15.037;3.849,15.536",0,1,PASS_THROUGH,-1,0.8993361656906993,0.4370410380780328,-0.013769245310703756,0.9,1.3538399664583873,1.6902917200921896,0.0,0,0,1,DIRECT_LOCAL,PASS_THROUGH,0,BYPASS_VISIBLE,1,14,0.0,22.0,2.0,0.0,22.0,2.0,1,
167,5.6,0.033333,4.042933464050293,12.637324333190918,2.1626880168914795,-0.04898416767629227,0.11007800698280334,1.4911429386389454,-0.5334139321905654,0.10001043588088704,1.5868332533044787,0.0,22.0,2.0,0.899063162708967,0.4375415145091192,-0.015583726794823963,0.9,1.5120518207550049,-0.5249409675598145,0.09884390980005264,0.17818033695220947,local_avoidance,SAFE_PROGRESSING,NONE,1,0,"4.023,12.589;3.995,13.088;3.968,13.587;3.941,14.086;3.913,14.585;3.886,15.085;3.858,15.584",0,1,PASS_THROUGH,-1,0.8993361656906993,0.4370410380780328,-0.013769245310703756,0.9,1.3465558614302593,1.6826859067493993,0.0,0,0,1,DIRECT_LOCAL,PASS_THROUGH,0,BYPASS_VISIBLE,1,14,0.0,22.0,2.0,0.0,22.0,2.0,1,
168,5.633333,0.033333,4.0627970695495605,12.686266899108887,2.165813446044922,-0.04528872921987162,0.11214598268270493,1.4924719151293744,-0.5330743322117016,0.09762554084642254,1.5878197024027791,0.0,22.0,2.0,0.8990602537243048,0.4375342764012872,-0.015950459152967764,0.9,1.5115220546722412,-0.5248187780380249,0.09785231947898865,0.1825411170721054,local_avoidance,SAFE_PROGRESSING,NONE,1,0,"4.043,12.637;4.014,13.136;3.984,13.636;3.955,14.135;3.926,14.634;3.897,15.133;3.867,15.632",1,1,PASS_THROUGH,-1,0.8991746437243031,0.4375899451350228,0.0,0.9,1.3410673817340355,1.6754337649569697,0.0,0,0,1,DIRECT_LOCAL,PASS_THROUGH,0,BYPASS_VISIBLE,1,14,0.0,22.0,2.0,0.0,22.0,2.0,1,
169,5.666667,0.033333,4.082475662231445,12.73531723022461,2.1689016819000244,-0.04152661787783023,0.11424139887094498,1.4933395000786545,-0.5332376291795757,0.0949939604731329,1.5885304794666646,0.0,22.0,2.0,0.8990803259543976,0.4374795500490097,-0.016315966739679146,0.9,1.5100178718566895,-0.5247557759284973,0.09702812135219574,0.18687944114208221,local_avoidance,SAFE_PROGRESSING,NONE,1,0,"4.063,12.686;4.032,13.185;4.001,13.684;3.969,14.183;3.938,14.682;3.907,15.181;3.876,15.680",0,1,PASS_THROUGH,-1,0.8990602537243048,0.4375342764012872,-0.015950459152967764,0.9,1.3374123301915188,1.6685539067713044,0.0,0,0,1,DIRECT_LOCAL,PASS_THROUGH,0,BYPASS_VISIBLE,1,14,0.0,22.0,2.0,0.0,22.0,2.0,1,
170,5.7,0.033333,4.1019792556762695,12.784457206726074,2.171959161758423,-0.037690174214028926,0.11642427742481232,1.493690427694614,-0.5338203359966448,0.09235136987931064,1.5889002550281983,0.0,22.0,2.0,0.8991264231017252,0.43737105016649924,-0.016680520272189952,0.9,1.5086990594863892,-0.5241977572441101,0.09639095515012741,0.19275707006454468,local_avoidance,SAFE_PROGRESSING,NONE,1,0,"4.082,12.735;4.050,13.234;4.017,13.733;3.984,14.232;3.951,14.731;3.918,15.230;3.885,15.729",0,1,PASS_THROUGH,-1,0.8990602537243048,0.4375342764012872,-0.015950459152967764,0.9,1.3356251762738316,1.6620664605758755,0.0,0,0,1,DIRECT_LOCAL,PASS_THROUGH,0,BYPASS_VISIBLE,1,14,0.0,22.0,2.0,0.0,22.0,2.0,1,
171,5.733333,0.033333,4.121316432952881,12.833672523498535,2.174994945526123,-0.03377341332489806,0.11879455298185349,1.4935325030671553,-0.5346543212565078,0.0899138177742928,1.5888924052883657,0.0,22.0,2.0,0.8992009483662591,0.4372037649965271,-0.017044715605776202,0.9,1.5082722902297974,-0.5237197875976562,0.09569882601499557,0.19781753420829773,local_avoidance,SAFE_PROGRESSING,NONE,1,0,"4.102,12.784;4.067,13.283;4.032,13.782;3.997,14.281;3.963,14.780;3.928,15.278;3.893,15.777",0,1,PASS_THROUGH,-1,0.8990602537243048,0.4375342764012872,-0.015950459152967764,0.9,1.3304147530703763,1.6559879591739346,0.0,0,0,1,DIRECT_LOCAL,PASS_THROUGH,0,BYPASS_VISIBLE,1,14,0.0,22.0,2.0,0.0,22.0,2.0,1,
172,5.766667,0.033333,4.140480995178223,12.882948875427246,2.1780147552490234,-0.029769415739335708,0.12142090499401093,1.4929429666926366,-0.5355540773734367,0.08791523954631178,1.5885294963999912,0.0,22.0,2.0,0.8993066928112448,0.4369718346602095,-0.01740942212113432,0.9,1.5074735879898071,-0.5243106484413147,0.09480126202106476,0.19926825165748596,local_avoidance,SAFE_PROGRESSING,NONE,1,0,"4.121,12.834;4.085,13.332;4.048,13.831;4.011,14.330;3.975,14.828;3.938,15.327;3.901,15.826",0,1,PASS_THROUGH,-1,0.8990602537243048,0.4375342764012872,-0.015950459152967764,0.9,1.323571586426712,1.6503213152949776,0.0,0,0,1,DIRECT_LOCAL,PASS_THROUGH,0,BYPASS_VISIBLE,1,14,0.0,22.0,2.0,0.0,22.0,2.0,1,
173,5.8,0.033333,4.159467697143555,12.93227767944336,2.1810200214385986,-0.02567411077139883,0.12410422414541245,1.492052518729061,-0.5363946982695913,0.08644965803052054,1.587895945693878,0.0,22.0,2.0,0.8994457831023944,0.4366707290694299,-0.017775197137949516,0.9,1.5063741207122803,-0.5254396200180054,0.09384599328041077,0.19870224595069885,local_avoidance,SAFE_PROGRESSING,NONE,1,0,"4.140,12.883;4.102,13.381;4.063,13.880;4.025,14.378;3.986,14.877;3.948,15.375;3.909,15.874",0,1,PASS_THROUGH,-1,0.8990602537243048,0.4375342764012872,-0.015950459152967764,0.9,1.3186326166752265,1.6450669659875565,0.0,0,0,1,DIRECT_LOCAL,PASS_THROUGH,0,BYPASS_VISIBLE,1,14,0.0,22.0,2.0,0.0,22.0,2.0,1,
174,5.833333,0.033333,4.178271770477295,12.981650352478027,2.1840131282806396,-0.021493193876800175,0.12651057541370392,1.4909744669331764,-0.5371647634007549,0.08553774902049376,1.587094058521281,0.0,22.0,2.0,0.8996159402569359,0.4363049635362559,-0.01814218369590358,0.9,1.506178617477417,-0.5260033011436462,0.09304533898830414,0.1987207531929016,local_avoidance,SAFE_PROGRESSING,NONE,1,0,"4.159,12.932;4.119,13.431;4.079,13.929;4.038,14.427;3.998,14.926;3.957,15.424;3.917,15.922",1,1,PASS_THROUGH,-1,0.899764026082213,0.43637678371829863,0.0,0.9,1.3156171599809288,1.6402252410437512,0.0,0,0,1,DIRECT_LOCAL,PASS_THROUGH,0,BYPASS_VISIBLE,1,14,0.0,22.0,2.0,0.0,22.0,2.0,1,
175,5.866667,0.033333,4.196888446807861,13.0310640335083,2.1869986057281494,-0.01724024024204928,0.12848034501075745,1.4897879890175991,-0.5379307176317618,0.08536135062868838,1.5862295765033756,0.0,22.0,2.0,0.8998114304272636,0.43588616237671574,-0.018510621841016685,0.9,1.5083420276641846,-0.524132251739502,0.09268926084041595,0.2036454677581787,local_avoidance,SAFE_PROGRESSING,NONE,1,0,"4.178,12.982;4.136,13.480;4.094,13.978;4.051,14.476;4.009,14.974;3.967,15.473;3.924,15.971",0,1,PASS_THROUGH,-1,0.8996159402569359,0.4363049635362559,-0.01814218369590358,0.9,1.3113689181152317,1.635793510834354,0.0,0,0,1,DIRECT_LOCAL,PASS_THROUGH,0,BYPASS_VISIBLE,1,14,0.0,22.0,2.0,0.0,22.0,2.0,1,
176,5.9,0.033333,4.215314865112305,13.08051872253418,2.189984083175659,-0.012926246284356626,0.13028423488140106,1.488608421717085,-0.5387174303491703,0.08600102981067828,1.5854235018119107,0.0,22.0,2.0,0.9000275503145495,0.43542383631631304,-0.018880980969634403,0.9,1.5094083547592163,-0.5226259827613831,0.09244947135448456,0.20739445090293884,local_avoidance,SAFE_PROGRESSING,NONE,1,0,"4.197,13.031;4.153,13.529;4.108,14.027;4.064,14.525;4.020,15.023;3.976,15.521;3.931,16.019",0,1,PASS_THROUGH,-1,0.8996159402569359,0.4363049635362559,-0.01814218369590358,0.9,1.303240131379617,1.6317694012740516,0.0,0,0,1,DIRECT_LOCAL,PASS_THROUGH,0,BYPASS_VISIBLE,1,14,0.0,22.0,2.0,0.0,22.0,2.0,1,
177,5.933333,0.033333,4.233546733856201,13.130019187927246,2.1929736137390137,-0.008550392083314212,0.1321418732404709,1.48759289773554,-0.5394352602568498,0.08697511171637014,1.5847673960110586,0.0,22.0,2.0,0.9002646146819211,0.43491712419603096,-0.019254054966839764,0.9,1.51003897190094,-0.522307813167572,0.09199951589107513,0.2080298364162445,local_avoidance,SAFE_PROGRESSING,NONE,1,0,"4.215,13.081;4.169,13.578;4.123,14.076;4.077,14.574;4.031,15.072;3.985,15.570;3.938,16.068",0,1,PASS_THROUGH,-1,0.8996159402569359,0.4363049635362559,-0.01814218369590358,0.9,1.2970226136177465,1.6281471654718143,0.0,0,0,1,DIRECT_LOCAL,PASS_THROUGH,0,BYPASS_VISIBLE,1,14,0.0,22.0,2.0,0.0,22.0,2.0,1,
178,5.966667,0.033333,4.2515764236450195,13.179573059082031,2.1959640979766846,-0.004111213800806759,0.1339387595653534,1.4868376460716135,-0.5399776949795461,0.0877991777132355,1.5842887339302518,0.0,22.0,2.0,0.9005231805238811,0.43436465420137166,-0.01963029596506649,0.9,1.5102392435073853,-0.5228079557418823,0.09140746295452118,0.20668892562389374,local_avoidance,SAFE_PROGRESSING,NONE,1,0,"4.234,13.130;4.185,13.628;4.137,14.125;4.089,14.623;4.041,15.121;3.993,15.618;3.945,16.116",0,1,PASS_THROUGH,-1,0.8996159402569359,0.4363049635362559,-0.01814218369590358,0.9,1.2927346657939984,1.6249169001522752,0.0,0,0,1,DIRECT_LOCAL,PASS_THROUGH,0,BYPASS_VISIBLE,1,14,0.0,22.0,2.0,0.0,22.0,2.0,1,
179,6.0,0.033333,4.269395351409912,13.229190826416016,2.1989495754241943,0.00038476511589085265,0.13543520867824554,1.4863429757360114,-0.5403165988417381,0.08824544358952453,1.583964875500084,0.0,22.0,2.0,0.9008004162464595,0.4337720972125677,-0.02000944202161001,0.9,1.5104784965515137,-0.5234625339508057,0.09082120656967163,0.20493394136428833,local_avoidance,SAFE_PROGRESSING,NONE,1,0,"4.252,13.180;4.202,13.677;4.152,14.175;4.102,14.672;4.052,15.170;4.002,15.667;3.952,16.165",0,1,PASS_THROUGH,-1,0.8996159402569359,0.4363049635362559,-0.01814218369590358,0.9,1.290382659756784,1.622066831612213,0.0,0,0,1,DIRECT_LOCAL,PASS_THROUGH,0,BYPASS_VISIBLE,1,14,0.0,22.0,2.0,0.0,22.0,2.0,1,
180,6.033333,0.033333,4.286995887756348,13.278876304626465,2.201925277709961,0.0049226230590798045,0.13646864891052246,1.4860376624421017,-0.5405106883685267,0.08832853638266332,1.5837492442860097,0.0,22.0,2.0,0.9010898439146283,0.43315274751009764,-0.020390942066626706,0.9,1.510769248008728,-0.5242944359779358,0.09028945863246918,0.20232000946998596,local_avoidance,SAFE_PROGRESSING,NONE,1,0,"4.269,13.229;4.174,13.720;4.079,14.211;3.984,14.702;3.889,15.193;3.794,15.684;3.699,16.175",1,1,PASS_THROUGH,-1,0.9012772346597718,0.43324282600411806,0.0,0.9,1.2899633264603059,1.619588782177055,0.0,0,0,1,DIRECT_LOCAL,PASS_THROUGH,0,BYPASS_VISIBLE,1,14,0.0,22.0,2.0,0.0,22.0,2.0,1,
181,6.066667,0.033333,4.3043742179870605,13.328633308410645,2.2048897743225098,0.009484042019403834,0.136962428689003,1.4858325929098193,-0.5406572536336048,0.08824050303095335,1.583601953280844,0.0,22.0,2.0,0.9013836332043905,0.43252279970587126,-0.020774347783924552,0.9,1.5112569332122803,-0.5244460701942444,0.09000188857316971,0.2011161893606186,local_avoidance,SAFE_PROGRESSING,NONE,1,0,"4.287,13.279;4.233,13.776;4.179,14.273;4.126,14.770;4.072,15.267;4.018,15.764;3.964,16.261",0,1,PASS_THROUGH,-1,0.9010898439146283,0.43315274751009764,-0.020390942066626706,0.9,1.2914687853733908,1.6174781024089402,0.0,0,0,1,DIRECT_LOCAL,PASS_THROUGH,0,BYPASS_VISIBLE,1,14,0.0,22.0,2.0,0.0,22.0,2.0,1,
182,6.1,0.033333,4.321531295776367,13.378464698791504,2.2078452110290527,0.014051430440507247,0.13698336482048035,1.4856641892154145,-0.540834494922039,0.08819703721589044,1.5835020528525796,0.0,22.0,2.0,0.9016741507791907,0.43189813546926703,-0.021159546185964048,0.9,1.512229561805725,-0.523766040802002,0.08994948118925095,0.2016853541135788,local_avoidance,SAFE_PROGRESSING,NONE,1,0,"4.304,13.329;4.249,13.826;4.193,14.322;4.137,14.819;4.081,15.316;4.026,15.813;3.970,16.310",0,1,PASS_THROUGH,-1,0.9010898439146283,0.43315274751009764,-0.020390942066626706,0.9,1.2948865700182917,1.6157349873492404,0.0,0,0,1,DIRECT_LOCAL,PASS_THROUGH,0,BYPASS_VISIBLE,1,14,0.0,22.0,2.0,0.0,22.0,2.0,1,
183,6.133333,0.033333,4.338468074798584,13.42836856842041,2.2107954025268555,0.018614065693120938,0.13676100969314575,1.4855213667080176,-0.5410461623092221,0.0883233811085712,1.5834474100348401,0.0,22.0,2.0,0.9019565871287595,0.43128882536995355,-0.02154678737181279,0.9,1.513338565826416,-0.5228513479232788,0.08997476100921631,0.20250508189201355,local_avoidance,SAFE_PROGRESSING,NONE,1,0,"4.322,13.378;4.221,13.868;4.120,14.358;4.019,14.848;3.919,15.337;3.818,15.827;3.717,16.317",0,1,PASS_THROUGH,-1,0.9010898439146283,0.43315274751009764,-0.020390942066626706,0.9,1.3002012367095774,1.614361341808359,0.0,0,0,1,DIRECT_LOCAL,PASS_THROUGH,0,BYPASS_VISIBLE,1,14,0.0,22.0,2.0,0.0,22.0,2.0,1,
184,6.166667,0.033333,4.3551836013793945,13.478346824645996,2.213742733001709,0.023169732290642016,0.13651032745838165,1.485447272716183,-0.5412154575622834,0.0885878599982702,1.58345052984404,0.0,22.0,2.0,0.9022299115265249,0.4306970828522029,-0.02193648945118162,0.9,1.5140571594238281,-0.5224477052688599,0.0899098813533783,0.20168152451515198,local_avoidance,SAFE_PROGRESSING,NONE,1,0,"4.338,13.428;4.236,13.918;4.133,14.407;4.031,14.896;3.928,15.386;3.825,15.875;3.723,16.364",0,1,PASS_THROUGH,-1,0.9010898439146283,0.43315274751009764,-0.020390942066626706,0.9,1.2979043551923328,1.613355892166668,0.0,0,0,1,DIRECT_LOCAL,PASS_THROUGH,0,BYPASS_VISIBLE,1,14,0.0,22.0,2.0,0.0,22.0,2.0,1,
185,6.2,0.033333,4.371674537658691,13.528400421142578,2.2166881561279297,0.02771950423654269,0.13625973463058472,1.4855002144819855,-0.5412451963889818,0.08888110076527078,1.5835267916626539,0.0,22.0,2.0,0.9024945130001265,0.43012216005171056,-0.022328937214188656,0.9,1.5145843029022217,-0.5220787525177002,0.08983210474252701,0.2007426619529724,local_avoidance,SAFE_PROGRESSING,NONE,1,0,"4.355,13.478;4.251,13.967;4.146,14.456;4.042,14.945;3.937,15.434;3.832,15.923;3.728,16.412",0,1,PASS_THROUGH,-1,0.9010898439146283,0.43315274751009764,-0.020390942066626706,0.9,1.2932705752165883,1.612715424097467,0.0,0,0,1,DIRECT_LOCAL,PASS_THROUGH,0,BYPASS_VISIBLE,1,14,0.0,22.0,2.0,0.0,22.0,2.0,1,
186,6.233333,0.033333,4.387933731079102,13.578535079956055,2.2196297645568848,0.032261917257511916,0.13596154749393463,1.4857087224196355,-0.5410814859042418,0.08912520763720806,1.5836801712778066,0.0,22.0,2.0,0.9027498016377884,0.42956536540604723,-0.022724270868454754,0.9,1.5153731107711792,-0.5214830636978149,0.08978792279958725,0.2005447894334793,local_avoidance,SAFE_PROGRESSING,NONE,1,0,"4.372,13.528;4.265,14.017;4.159,14.505;4.052,14.994;3.946,15.483;3.839,15.971;3.733,16.460",1,1,PASS_THROUGH,-1,0.9029829785571611,0.4296763205437752,0.0,0.9,1.282396118548229,1.6124315655906818,0.0,0,0,1,DIRECT_LOCAL,PASS_THROUGH,0,BYPASS_VISIBLE,1,14,0.0,22.0,2.0,0.0,22.0,2.0,1,
187,6.266667,0.033333,4.403955936431885,13.628752708435059,2.222567081451416,0.036794430177807994,0.13564059138298035,1.4860661684821859,-0.5407224944197201,0.08933201076660599,1.5839045682194408,0.0,22.0,2.0,0.9029947848059263,0.4290288751226521,-0.023122346859492635,0.9,1.5166383981704712,-0.5206869840621948,0.08975733816623688,0.20083026587963104,local_avoidance,SAFE_PROGRESSING,NONE,1,0,"4.388,13.579;4.280,14.067;4.171,14.555;4.063,15.043;3.954,15.531;3.846,16.019;3.738,16.507",0,1,PASS_THROUGH,-1,0.9027498016377884,0.42956536540604723,-0.022724270868454754,0.9,1.273367712472889,1.6124989999627992,0.0,0,0,1,DIRECT_LOCAL,PASS_THROUGH,0,BYPASS_VISIBLE,1,14,0.0,22.0,2.0,0.0,22.0,2.0,1,
188,6.3,0.033333,4.419734954833984,13.679055213928223,2.225499391555786,0.04131668539642067,0.13537107408046722,1.4865627427535566,-0.5401944138026358,0.08956767987497224,1.5842036365709857,0.0,22.0,2.0,0.9032294052438231,0.4285128963930287,-0.023523161516827932,0.9,1.5177459716796875,-0.5199567079544067,0.08972407132387161,0.20101594924926758,local_avoidance,SAFE_PROGRESSING,NONE,1,0,"4.404,13.629;4.294,14.116;4.183,14.604;4.073,15.092;3.963,15.579;3.852,16.067;3.742,16.555",0,1,PASS_THROUGH,-1,0.9027498016377884,0.42956536540604723,-0.022724270868454754,0.9,1.2662199817528452,1.6129114666153717,0.0,0,0,1,DIRECT_LOCAL,PASS_THROUGH,0,BYPASS_VISIBLE,1,14,0.0,22.0,2.0,0.0,22.0,2.0,1,
189,6.333333,0.033333,4.4352641105651855,13.729448318481445,2.2284257411956787,0.04583081035188343,0.13518577814102173,1.4871979551586656,-0.5395329353231697,0.08985065473668206,1.5845903843842932,0.0,22.0,2.0,0.9034547047148216,0.428015315304995,-0.023926687882359955,0.9,1.5192291736602783,-0.5189629793167114,0.08970274031162262,0.20175723731517792,local_avoidance,SAFE_PROGRESSING,NONE,1,0,"4.420,13.679;4.307,14.166;4.195,14.654;4.083,15.141;3.971,15.628;3.858,16.115;3.746,16.602",0,1,PASS_THROUGH,-1,0.9027498016377884,0.42956536540604723,-0.022724270868454754,0.9,1.2609793242114067,1.6136611607136055,0.0,0,0,1,DIRECT_LOCAL,PASS_THROUGH,0,BYPASS_VISIBLE,1,14,0.0,22.0,2.0,0.0,22.0,2.0,1,
190,6.366667,0.033333,4.450538635253906,13.779935836791992,2.2313458919525146,0.05033994905391704,0.13511715829372406,1.487974938162726,-0.5387736283722587,0.09021403054537507,1.5850820201292484,0.0,22.0,2.0,0.9036720888435047,0.4275332345254031,-0.02433288354190215,0.9,1.5209935903549194,-0.5174689888954163,0.08972284197807312,0.20369799435138702,local_avoidance,SAFE_PROGRESSING,NONE,1,0,"4.435,13.729;4.321,14.216;4.207,14.703;4.093,15.190;3.978,15.677;3.864,16.163;3.750,16.650",0,1,PASS_THROUGH,-1,0.9027498016377884,0.42956536540604723,-0.022724270868454754,0.9,1.2576624064596844,1.6147427562359482,0.0,0,0,1,DIRECT_LOCAL,PASS_THROUGH,0,BYPASS_VISIBLE,1,14,0.0,22.0,2.0,0.0,22.0,2.0,1,
191,6.4,0.033333,4.465559005737305,13.830517768859863,2.2342584133148193,0.05484980225705055,0.13524961471557617,1.4889097072834747,-0.537930390535273,0.09060627660945388,1.5856956577052932,0.0,22.0,2.0,0.9038840054152658,0.4270615286367236,-0.024741776672678052,0.9,1.5225356817245483,-0.5163344144821167,0.08963818848133087,0.2047034502029419,local_avoidance,SAFE_PROGRESSING,NONE,1,0,"4.451,13.780;4.334,14.266;4.218,14.753;4.102,15.239;3.986,15.725;3.870,16.212;3.754,16.698",0,1,PASS_THROUGH,-1,0.9027498016377884,0.42956536540604723,-0.022724270868454754,0.9,1.2562804223692077,1.6161570513441221,0.0,0,0,1,DIRECT_LOCAL,PASS_THROUGH,0,BYPASS_VISIBLE,1,14,0.0,22.0,2.0,0.0,22.0,2.0,1,
192,6.433333,0.033333,4.480316638946533,13.88120174407959,2.237161159515381,0.059368329656973154,0.13558323681354523,1.4900212286124066,-0.5369924453734337,0.09084332809740986,1.5864352045903352,0.0,22.0,2.0,0.9040937259883906,0.4265933057074994,-0.02515325334776608,0.9,1.522878885269165,-0.5163670778274536,0.08938544988632202,0.20309051871299744,local_avoidance,SAFE_PROGRESSING,NONE,1,0,"4.466,13.831;4.347,14.316;4.229,14.802;4.111,15.288;3.993,15.774;3.875,16.260;3.757,16.746",1,1,PASS_THROUGH,-1,0.9043798655641275,0.4267283196159013,0.0,0.9,1.2568423100943669,1.617894187037173,0.0,0,0,1,DIRECT_LOCAL,PASS_THROUGH,0,BYPASS_VISIBLE,1,14,0.0,22.0,2.0,0.0,22.0,2.0,1,
193,6.466667,0.033333,4.494809150695801,13.931990623474121,2.240049123764038,0.06389871838914687,0.13590778410434723,1.4912889276946049,-0.5359708972843125,0.09072056573737067,1.5872736656443287,0.0,22.0,2.0,0.904302667750508,0.4261255752411529,-0.025567151282666022,0.9,1.5231716632843018,-0.5165406465530396,0.08912259340286255,0.20142222940921783,local_avoidance,SAFE_PROGRESSING,NONE,1,0,"4.480,13.881;4.360,14.367;4.240,14.852;4.120,15.337;4.000,15.823;3.880,16.308;3.760,16.793",0,1,PASS_THROUGH,-1,0.9040937259883906,0.4265933057074994,-0.02515325334776608,0.9,1.2593377364529932,1.6199516587866913,0.0,0,0,1,DIRECT_LOCAL,PASS_THROUGH,0,BYPASS_VISIBLE,1,14,0.0,22.0,2.0,0.0,22.0,2.0,1,
194,6.5,0.033333,4.509034156799316,13.98288631439209,2.242919921875,0.06843481041744638,0.1360372006893158,1.4926288422748233,-0.5349310550004066,0.09024192518394052,1.588154809662909,0.0,22.0,2.0,0.9045081214438423,0.4256641200388124,-0.025982978153295436,0.9,1.5235278606414795,-0.5167174935340881,0.0889432355761528,0.19977983832359314,local_avoidance,SAFE_PROGRESSING,NONE,1,0,"4.495,13.932;4.373,14.417;4.251,14.902;4.129,15.387;4.007,15.872;3.885,16.356;3.763,16.841",0,1,PASS_THROUGH,-1,0.9040937259883906,0.4265933057074994,-0.02515325334776608,0.9,1.2637554786861276,1.6223272576304923,0.0,0,0,1,DIRECT_LOCAL,PASS_THROUGH,0,BYPASS_VISIBLE,1,14,0.0,22.0,2.0,0.0,22.0,2.0,1,
195,6.533333,0.033333,4.522993087768555,14.033886909484863,2.2457737922668457,0.07296776564196573,0.13591605424880981,1.4939410460222746,-0.5339562501348272,0.08957052603439389,1.5890223425686159,0.0,22.0,2.0,0.9047062599066131,0.4252171162961391,-0.02640051693781039,0.9,1.523975133895874,-0.5167187452316284,0.08890390396118164,0.1984245926141739,local_avoidance,SAFE_PROGRESSING,NONE,1,0,"4.509,13.983;4.385,14.467;4.261,14.952;4.137,15.436;4.013,15.920;3.889,16.405;3.765,16.889",0,1,PASS_THROUGH,-1,0.9040937259883906,0.4265933057074994,-0.02515325334776608,0.9,1.2700763724693194,1.6250233486618022,0.0,0,0,1,DIRECT_LOCAL,PASS_THROUGH,0,BYPASS_VISIBLE,1,14,0.0,22.0,2.0,0.0,22.0,2.0,1,
196,6.566667,0.033333,4.536688804626465,14.084988594055176,2.2486143112182617,0.07748999578237901,0.13556137681007385,1.4951535664848277,-0.5331061776500972,0.08891140694895276,1.5898401247630651,0.0,22.0,2.0,0.9048937266391188,0.4247917617178626,-0.02681981852665074,0.9,1.524409294128418,-0.5164148807525635,0.08903814852237701,0.1977570801973343,local_avoidance,SAFE_PROGRESSING,NONE,1,0,"4.523,14.034;4.355,14.505;4.188,14.976;4.020,15.447;3.853,15.918;3.685,16.389;3.517,16.860",0,1,PASS_THROUGH,-1,0.9040937259883906,0.4265933057074994,-0.02515325334776608,0.9,1.2782776112001242,1.6280439910433246,0.0,0,0,1,DIRECT_LOCAL,PASS_THROUGH,0,BYPASS_VISIBLE,1,14,0.0,22.0,2.0,0.0,22.0,2.0,1,
197,6.6,0.033333,4.550126075744629,14.136185646057129,2.2514472007751465,0.08199661758219577,0.13504938781261444,1.4962397956306612,-0.5323916873743278,0.08837185794643711,1.5905923488094216,0.0,22.0,2.0,0.9050683014986256,0.4243928387650229,-0.027241292688825507,0.9,1.524500846862793,-0.516154408454895,0.08926906436681747,0.19706837832927704,local_avoidance,SAFE_PROGRESSING,NONE,1,0,"4.537,14.085;4.367,14.555;4.198,15.026;4.028,15.496;3.859,15.967;3.689,16.437;3.519,16.907",0,1,PASS_THROUGH,-1,0.9040937259883906,0.4265933057074994,-0.02515325334776608,0.9,1.2883301451312874,1.6313953127809073,0.0,0,0,1,DIRECT_LOCAL,PASS_THROUGH,0,BYPASS_VISIBLE,1,14,0.0,22.0,2.0,0.0,22.0,2.0,1,
198,6.633333,0.033333,4.563309192657471,14.187472343444824,2.2542765140533447,0.08648548337745808,0.13445156812667847,1.4972026315739861,-0.5317779048895458,0.08793972440184183,1.5912689449771387,0.0,22.0,2.0,0.9052288919039486,0.4240227220030516,-0.027665583085707907,0.9,1.524600863456726,-0.5160041451454163,0.08953284472227097,0.19611699879169464,local_avoidance,SAFE_PROGRESSING,NONE,1,0,"4.550,14.136;4.379,14.606;4.207,15.076;4.036,15.545;3.864,16.015;3.693,16.485;3.521,16.954",1,1,PASS_THROUGH,-1,0.9055755149673187,0.42418508541870675,0.0,0.9,1.3001994651613988,1.635082737175165,0.0,0,0,1,DIRECT_LOCAL,PASS_THROUGH,0,BYPASS_VISIBLE,1,14,0.0,22.0,2.0,0.0,22.0,2.0,1,
199,6.666667,0.033333,4.576244354248047,14.238847732543945,2.2571089267730713,0.0909550966626641,0.133805513381958,1.4980517695438564,-0.5312192668459967,0.0876822564301935,1.5918672029395442,0.0,22.0,2.0,0.9053747068374343,0.4236831535792984,-0.02809315916963498,0.9,1.5250188112258911,-0.5147441625595093,0.09006412327289581,0.19853946566581726,local_avoidance,SAFE_PROGRESSING,NONE,1,0,"4.563,14.187;4.390,14.656;4.217,15.125;4.043,15.594;3.870,16.063;3.696,16.532;3.523,17.001",0,1,PASS_THROUGH,-1,0.9052288919039486,0.4240227220030516,-0.027665583085707907,0.9,1.3138436786931178,1.639112540566419,0.0,0,0,1,DIRECT_LOCAL,PASS_THROUGH,0,BYPASS_VISIBLE,1,14,0.0,22.0,2.0,0.0,22.0,2.0,1,
200,6.7,0.033333,4.588929653167725,14.290302276611328,2.2599499225616455,0.09540634310348305,0.1332988739013672,1.4988012344135597,-0.5306696978743274,0.08762775711680144,1.59238628866835,0.0,22.0,2.0,0.9055057656788488,0.4233741185370166,-0.028524797551707986,0.9,1.5265041589736938,-0.5131643414497375,0.09049992263317108,0.20117703080177307,local_avoidance,SAFE_PROGRESSING,NONE,1,0,"4.576,14.239;4.401,14.707;4.226,15.175;4.050,15.644;3.875,16.112;3.700,16.580;3.524,17.048",0,1,PASS_THROUGH,-1,0.9052288919039486,0.4240227220030516,-0.027665583085707907,0.9,1.326291242617635,1.6434842758757258,0.0,0,0,1,DIRECT_LOCAL,PASS_THROUGH,0,BYPASS_VISIBLE,1,14,0.0,22.0,2.0,0.0,22.0,2.0,1,
201,6.733333,0.033333,4.601362228393555,14.34183406829834,2.2628026008605957,0.09984868837663138,0.13315589725971222,1.4994968409747986,-0.5300638207579033,0.08788374384188381,1.5928534090121202,0.0,22.0,2.0,0.9056262488568376,0.42308669269183896,-0.02896114377186699,0.9,1.5286744832992554,-0.5111216306686401,0.09081365168094635,0.20413821935653687,local_avoidance,SAFE_PROGRESSING,NONE,1,0,"4.589,14.290;4.412,14.758;4.234,15.225;4.057,15.693;3.880,16.160;3.703,16.628;3.525,17.095",0,1,PASS_THROUGH,-1,0.9052288919039486,0.4240227220030516,-0.027665583085707907,0.9,1.3214645974777466,1.648194999194807,0.0,0,0,1,DIRECT_LOCAL,PASS_THROUGH,0,BYPASS_VISIBLE,1,14,0.0,22.0,2.0,0.0,22.0,2.0,1,
202,6.766667,0.033333,4.613540172576904,14.393442153930664,2.2656664848327637,0.10429661678360541,0.13347987830638885,1.5002355285107691,-0.5293318088115389,0.08850152398740016,1.5933396764575263,0.0,22.0,2.0,0.9057423111312306,0.42280770139766133,-0.029402609841358812,0.9,1.5300748348236084,-0.5089458227157593,0.0910688191652298,0.2074207216501236,local_avoidance,SAFE_PROGRESSING,NONE,1,0,"4.601,14.342;4.422,14.809;4.243,15.275;4.064,15.742;3.885,16.209;3.705,16.676;3.526,17.143",0,1,PASS_THROUGH,-1,0.9052288919039486,0.4240227220030516,-0.027665583085707907,0.9,1.3162472618972332,1.653242454956458,0.0,0,0,1,DIRECT_LOCAL,PASS_THROUGH,0,BYPASS_VISIBLE,1,14,0.0,22.0,2.0,0.0,22.0,2.0,1,
203,6.8,0.033333,4.625453472137451,14.44512939453125,2.2685399055480957,0.1087657350198589,0.1342569887638092,1.5011168395102383,-0.5284186409533931,0.08928063866613863,1.593909990686071,0.0,22.0,2.0,0.9058605123302639,0.42252308408887906,-0.029849214608994732,0.9,1.5319678783416748,-0.505973219871521,0.09133680164813995,0.21275869011878967,local_avoidance,SAFE_PROGRESSING,NONE,1,0,"4.614,14.393;4.432,14.859;4.251,15.326;4.070,15.792;3.889,16.258;3.708,16.724;3.527,17.190",0,1,PASS_THROUGH,-1,0.9052288919039486,0.4240227220030516,-0.027665583085707907,0.9,1.3128850921955333,1.6586158042622126,0.0,0,0,1,DIRECT_LOCAL,PASS_THROUGH,0,BYPASS_VISIBLE,1,14,0.0,22.0,2.0,0.0,22.0,2.0,1,
204,6.833333,0.033333,4.637092590332031,14.496898651123047,2.27142071723938,0.11327131801797496,0.1355418711900711,1.5021885903422871,-0.5272901099148958,0.08996065503674353,1.594584065022365,0.0,22.0,2.0,0.9059874905391074,0.4222185741313325,-0.030300868719478437,0.9,1.5330660343170166,-0.5036210417747498,0.09147238731384277,0.21674427390098572,local_avoidance,SAFE_PROGRESSING,NONE,1,0,"4.625,14.445;4.442,14.910;4.259,15.376;4.076,15.841;3.893,16.306;3.710,16.772;3.527,17.237",1,1,PASS_THROUGH,-1,0.9064036900344454,0.42241253614439644,0.0,0.9,1.3113838666333968,1.6643047347438653,0.0,0,0,1,DIRECT_LOCAL,PASS_THROUGH,0,BYPASS_VISIBLE,1,14,0.0,22.0,2.0,0.0,22.0,2.0,1,
205,6.866667,0.033333,4.648445129394531,14.548757553100586,2.2743053436279297,0.11783006905212547,0.1372901201248169,1.5034429830586347,-0.525931501413162,0.09028490450670963,1.5953357362852294,0.0,22.0,2.0,0.9061304452256849,0.42187865177491446,-0.03075742856095828,0.9,1.5341871976852417,-0.5012635588645935,0.09153808653354645,0.22109490633010864,local_avoidance,SAFE_PROGRESSING,NONE,1,0,"4.637,14.497;4.452,14.961;4.267,15.426;4.082,15.890;3.897,16.355;3.712,16.819;3.527,17.284",0,1,PASS_THROUGH,-1,0.9059874905391074,0.4222185741313325,-0.030300868719478437,0.9,1.3117422112941808,1.6702956937302709,0.0,0,0,1,DIRECT_LOCAL,PASS_THROUGH,0,BYPASS_VISIBLE,1,14,0.0,22.0,2.0,0.0,22.0,2.0,1,
206,6.9,0.033333,4.6595001220703125,14.600707054138184,2.2771894931793213,0.12245376170209661,0.13939356803894043,1.5048129515327873,-0.5243735880623095,0.090190718078764,1.5961090327999905,0.0,22.0,2.0,0.9062944675503244,0.4214922735321001,-0.031218607278600687,0.9,1.5350669622421265,-0.4991464614868164,0.09156591445207596,0.22517246007919312,local_avoidance,SAFE_PROGRESSING,NONE,1,0,"4.648,14.549;4.461,15.012;4.275,15.476;4.088,15.940;3.901,16.404;3.714,16.867;3.527,17.331",0,1,PASS_THROUGH,-1,0.9059874905391074,0.4222185741313325,-0.030300868719478437,0.9,1.313947592745784,1.6765774070561754,0.0,0,0,1,DIRECT_LOCAL,PASS_THROUGH,0,BYPASS_VISIBLE,1,14,0.0,22.0,2.0,0.0,22.0,2.0,1,
207,6.933333,0.033333,4.6702470779418945,14.652746200561523,2.2800710201263428,0.12715112319574146,0.1417587250471115,1.5062066833970802,-0.5226789304003964,0.08975957170494182,1.5968433292302626,0.0,22.0,2.0,0.9064834491684072,0.42105092304339126,-0.03168401155245787,0.9,1.5359323024749756,-0.49699491262435913,0.09161597490310669,0.22949370741844177,local_avoidance,SAFE_PROGRESSING,NONE,1,0,"4.660,14.601;4.471,15.064;4.282,15.527;4.093,15.990;3.904,16.452;3.715,16.915;3.526,17.378",0,1,PASS_THROUGH,-1,0.9059874905391074,0.4222185741313325,-0.030300868719478437,0.9,1.3179829108855163,1.683139221745309,0.0,0,0,1,DIRECT_LOCAL,PASS_THROUGH,0,BYPASS_VISIBLE,1,14,0.0,22.0,2.0,0.0,22.0,2.0,1,
208,6.966667,0.033333,4.680678844451904,14.704872131347656,2.282949209213257,0.13192844465278936,0.14430926740169525,1.5075388503881224,-0.5209217055488385,0.0891652235535743,1.597492799931446,0.0,22.0,2.0,0.9067002539523801,0.4205482172542931,-0.032153482656243876,0.9,1.5365147590637207,-0.49464380741119385,0.09179218113422394,0.23447245359420776,local_avoidance,SAFE_PROGRESSING,NONE,1,0,"4.670,14.653;4.440,15.096;4.209,15.540;3.979,15.984;3.749,16.428;3.518,16.871;3.288,17.315",0,1,PASS_THROUGH,-1,0.9059874905391074,0.4222185741313325,-0.030300868719478437,0.9,1.3238242512959666,1.689973870263553,0.0,0,0,1,DIRECT_LOCAL,PASS_THROUGH,0,BYPASS_VISIBLE,1,14,0.0,22.0,2.0,0.0,22.0,2.0,1,
209,7.0,0.033333,4.690789222717285,14.757083892822266,2.2858262062072754,0.1367914769682366,0.14701798558235168,1.5087492800700304,-0.5191573876532017,0.08851569260406165,1.5980249719900836,0.0,22.0,2.0,0.9069474031973364,0.4199784349924569,-0.032627012963103726,0.9,1.5371465682983398,-0.4924422800540924,0.0919736921787262,0.23859697580337524,local_avoidance,SAFE_PROGRESSING,NONE,1,0,"4.681,14.705;4.448,15.148;4.216,15.590;3.984,16.033;3.751,16.476;3.519,16.919;3.287,17.361",0,1,PASS_THROUGH,-1,0.9059874905391074,0.4222185741313325,-0.030300868719478437,0.9,1.3314438447042949,1.6970748096115118,0.0,0,0,1,DIRECT_LOCAL,PASS_THROUGH,0,BYPASS_VISIBLE,1,14,0.0,22.0,2.0,0.0,22.0,2.0,1,
210,7.033333,0.033333,4.700573921203613,14.809372901916504,2.2887051105499268,0.1417459428038567,0.14983682334423065,1.5098062232070275,-0.5174075428388522,0.08792157489937472,1.5984228477952866,0.0,22.0,2.0,0.907227280303834,0.4193360530860693,-0.03310493097267862,0.9,1.5377542972564697,-0.4902987480163574,0.09219540655612946,0.24214932322502136,local_avoidance,SAFE_PROGRESSING,NONE,1,0,"4.691,14.757;4.457,15.199;4.222,15.641;3.988,16.082;3.754,16.524;3.520,16.966;3.286,17.408",1,1,PASS_THROUGH,-1,0.9077248210205549,0.4195660249629395,0.0,0.9,1.3408079360193,1.70443767938563,0.0,0,0,1,DIRECT_LOCAL,PASS_THROUGH,0,BYPASS_VISIBLE,1,14,0.0,22.0,2.0,0.0,22.0,2.0,1,
211,7.066667,0.033333,4.710028648376465,14.861733436584473,2.29158878326416,0.14679483438610255,0.15267746150493622,1.5107088869801502,-0.5156717745954879,0.08751472566991816,1.5986924493236165,0.0,22.0,2.0,0.9075412150836717,0.4186177402083187,-0.033587654090951664,0.9,1.5386295318603516,-0.4878057539463043,0.09254530072212219,0.24632549285888672,local_avoidance,SAFE_PROGRESSING,NONE,1,0,"4.701,14.809;4.465,15.250;4.228,15.691;3.992,16.132;3.756,16.572;3.520,17.013;3.284,17.454",0,1,PASS_THROUGH,-1,0.907227280303834,0.4193360530860693,-0.03310493097267862,0.9,1.351184842178888,1.7120576727249182,0.0,0,0,1,DIRECT_LOCAL,PASS_THROUGH,0,BYPASS_VISIBLE,1,14,0.0,22.0,2.0,0.0,22.0,2.0,1,
212,7.1,0.033333,4.7191481590271,14.914159774780273,2.2944819927215576,0.15193859487930345,0.15551042556762695,1.5114819699851636,-0.5139345522542965,0.08740892251612348,1.5988579640876437,0.0,22.0,2.0,0.907889373603737,0.4178226173323508,-0.03407558866634704,0.9,1.539422869682312,-0.48500680923461914,0.09309375286102295,0.25156623125076294,local_avoidance,SAFE_PROGRESSING,NONE,1,0,"4.710,14.862;4.472,15.301;4.234,15.741;3.996,16.181;3.758,16.621;3.520,17.060;3.282,17.500",0,1,PASS_THROUGH,-1,0.907227280303834,0.4193360530860693,-0.03310493097267862,0.9,1.3600792616383766,1.7199288014878613,0.0,0,0,1,DIRECT_LOCAL,PASS_THROUGH,0,BYPASS_VISIBLE,1,14,0.0,22.0,2.0,0.0,22.0,2.0,1,
213,7.133333,0.033333,4.7279276847839355,14.96664810180664,2.297390937805176,0.15717840422541546,0.15838885307312012,1.5121648467411168,-0.5121627177059094,0.08760208596006608,1.5989456834401985,0.0,22.0,2.0,0.9082722420453196,0.4169490288771424,-0.0345693744284734,0.9,1.5406899452209473,-0.482159286737442,0.09371981769800186,0.2567631006240845,local_avoidance,SAFE_PROGRESSING,NONE,1,0,"4.719,14.914;4.479,15.353;4.239,15.792;4.000,16.230;3.760,16.669;3.520,17.108;3.280,17.547",0,1,PASS_THROUGH,-1,0.907227280303834,0.4193360530860693,-0.03310493097267862,0.9,1.369617173925288,1.7280453193322378,0.0,0,0,1,DIRECT_LOCAL,PASS_THROUGH,0,BYPASS_VISIBLE,1,14,0.0,22.0,2.0,0.0,22.0,2.0,1,
214,7.166667,0.033333,4.736358642578125,15.019193649291992,2.3003196716308594,0.16251746215976184,0.16137945652008057,1.5128032846010897,-0.5103151390212743,0.08809518677120048,1.5989859539553188,0.0,22.0,2.0,0.9086910465390433,0.41599361589292067,-0.035069837126957326,0.9,1.5420007705688477,-0.47945109009742737,0.09440083056688309,0.2615082859992981,local_avoidance,SAFE_PROGRESSING,NONE,1,0,"4.728,14.967;4.486,15.404;4.244,15.842;4.003,16.280;3.761,16.717;3.519,17.155;3.278,17.593",0,1,PASS_THROUGH,-1,0.907227280303834,0.4193360530860693,-0.03310493097267862,0.9,1.3780282521732916,1.7363975326504892,0.0,0,0,1,DIRECT_LOCAL,PASS_THROUGH,0,BYPASS_VISIBLE,1,14,0.0,22.0,2.0,0.0,22.0,2.0,1,
215,7.2,0.033333,4.744431972503662,15.071795463562012,2.303271770477295,0.16795961748015098,0.16448043286800385,1.513448353683754,-0.5083617907547608,0.0888530368579344,1.5990161011466801,0.0,22.0,2.0,0.9091474371073753,0.41495201421701966,-0.03557757015774154,0.9,1.5435445308685303,-0.47684288024902344,0.09508173167705536,0.2655559480190277,local_avoidance,SAFE_PROGRESSING,NONE,1,0,"4.736,15.019;4.493,15.456;4.249,15.892;4.006,16.329;3.762,16.766;3.518,17.202;3.275,17.639",0,1,PASS_THROUGH,-1,0.907227280303834,0.4193360530860693,-0.03310493097267862,0.9,1.386700875133135,1.7449751664579942,0.0,0,0,1,DIRECT_LOCAL,PASS_THROUGH,0,BYPASS_VISIBLE,1,14,0.0,22.0,2.0,0.0,22.0,2.0,1,
216,7.233333,0.033333,4.752137660980225,15.124451637268066,2.306248188018799,0.1735068533787323,0.1676284670829773,1.5141466084775028,-0.5062958816215721,0.08979998991071578,1.599074579217259,0.0,22.0,2.0,0.9096421659342628,0.41382171933921713,-0.03609313726399194,0.9,1.5443133115768433,-0.47491833567619324,0.0957946851849556,0.267798513174057,local_avoidance,SAFE_PROGRESSING,NONE,1,0,"4.744,15.072;4.499,15.507;4.253,15.943;4.008,16.379;3.763,16.814;3.517,17.250;3.272,17.685",1,1,PASS_THROUGH,-1,0.9102352475050721,0.41409152877036715,0.0,0.9,1.394602297492849,1.7537669861831997,0.0,0,0,1,DIRECT_LOCAL,PASS_THROUGH,0,BYPASS_VISIBLE,1,14,0.0,22.0,2.0,0.0,22.0,2.0,1,
217,7.266667,0.033333,4.759467601776123,15.177163124084473,2.3092494010925293,0.1791571544102324,0.17064811289310455,1.5149194147951979,-0.5041420423761456,0.09077509754370965,1.5991810874784278,0.0,22.0,2.0,0.9101743723974339,0.4126037102821437,-0.036616800684197794,0.9,1.545473337173462,-0.4727151691913605,0.09655367583036423,0.27038252353668213,local_avoidance,SAFE_PROGRESSING,NONE,1,0,"4.752,15.124;4.505,15.559;4.257,15.994;4.010,16.428;3.763,16.863;3.515,17.297;3.268,17.732",0,1,PASS_THROUGH,-1,0.9096421659342628,0.41382171933921713,-0.03609313726399194,0.9,1.4023704001359176,1.7627637590890366,0.0,0,0,1,DIRECT_LOCAL,PASS_THROUGH,0,BYPASS_VISIBLE,1,14,0.0,22.0,2.0,0.0,22.0,2.0,1,
218,7.3,0.033333,4.766412258148193,15.22992992401123,2.3122763633728027,0.18490262510821728,0.17343536019325256,1.5157484545478186,-0.5019522235923944,0.0917128824173012,1.599331318093515,0.0,22.0,2.0,0.910740601757591,0.4113046615016709,-0.037148778408141084,0.9,1.546182632446289,-0.47062572836875916,0.09742304682731628,0.2729335129261017,local_avoidance,SAFE_PROGRESSING,NONE,1,0,"4.759,15.177;4.510,15.611;4.261,16.044;4.012,16.478;3.763,16.911;3.513,17.344;3.264,17.778",0,1,PASS_THROUGH,-1,0.9096421659342628,0.41382171933921713,-0.03609313726399194,0.9,1.409729320035077,1.771954901775704,0.0,0,0,1,DIRECT_LOCAL,PASS_THROUGH,0,BYPASS_VISIBLE,1,14,0.0,22.0,2.0,0.0,22.0,2.0,1,
219,7.333333,0.033333,4.772968769073486,15.282750129699707,2.315330743789673,0.19073503136797293,0.17596971988677979,1.516600508979938,-0.49977009573933695,0.09252272966739766,1.5995023313326615,0.0,22.0,2.0,0.9113373560510444,0.40993137980302957,-0.03768935285563184,0.9,1.5461134910583496,-0.4687812626361847,0.09842681884765625,0.27538564801216125,local_avoidance,SAFE_PROGRESSING,NONE,1,0,"4.766,15.230;4.479,15.639;4.191,16.048;3.903,16.456;3.615,16.865;3.327,17.274;3.039,17.683",0,1,PASS_THROUGH,-1,0.9096421659342628,0.41382171933921713,-0.03609313726399194,0.9,1.4165544440587716,1.7813364770110116,0.0,0,0,0,DIRECT_LOCAL,PASS_THROUGH,0,BYPASS_VISIBLE,1,14,0.0,22.0,2.0,0.0,22.0,2.0,1,
220,7.366667,0.033333,4.779133319854736,15.335622787475586,2.318413734436035,0.19664607891599184,0.17823423445224762,1.5174163384975796,-0.49762294727974304,0.09309004537793278,1.5996395526953078,0.0,22.0,2.0,0.911960915892392,0.4084912192823732,-0.03823887621138609,0.9,1.5473073720932007,-0.46700745820999146,0.09928452968597412,0.27652114629745483,local_avoidance,SAFE_PROGRESSING,NONE,1,0,"4.773,15.283;4.483,15.690;4.194,16.098;3.904,16.506;3.615,16.913;3.325,17.321;3.035,17.728",0,1,PASS_THROUGH,-1,0.9096421659342628,0.41382171933921713,-0.03609313726399194,0.9,1.4233455970894267,1.7909036667854883,0.0,0,0,0,DIRECT_LOCAL,PASS_THROUGH,0,BYPASS_VISIBLE,1,14,0.0,22.0,2.0,0.0,22.0,2.0,1,
221,7.4,0.033333,4.784903049468994,15.388541221618652,2.321525812149048,0.2026272840962063,0.1802455633878708,1.5181442482596421,-0.4955244751227294,0.09363357014657321,1.5997105080069591,0.0,22.0,2.0,0.912607527045926,0.4069916994231783,-0.03879765688483169,0.9,1.5474450588226318,-0.4654209315776825,0.10027282685041428,0.27775824069976807,local_avoidance,SAFE_PROGRESSING,NONE,1,0,"4.779,15.336;4.488,15.742;4.196,16.148;3.905,16.555;3.614,16.961;3.322,17.367;3.031,17.774",0,1,PASS_THROUGH,-1,0.9096421659342628,0.41382171933921713,-0.03609313726399194,0.9,1.4292056360646594,1.8006521925374468,0.0,0,0,0,DIRECT_LOCAL,PASS_THROUGH,0,BYPASS_VISIBLE,1,14,0.0,22.0,2.0,0.0,22.0,2.0,1,
222,7.433333,0.033333,4.790278911590576,15.441500663757324,2.3246681690216064,0.2086703543260962,0.18197396397590637,1.5187735460110239,-0.4934784993888342,0.09427363424367072,1.5997129841116702,0.0,22.0,2.0,0.9132736798500208,0.40543989903885336,-0.03936589844733921,0.9,1.5495717525482178,-0.46319329738616943,0.1011614054441452,0.2795725464820862,local_avoidance,SAFE_PROGRESSING,NONE,1,0,"4.785,15.389;4.492,15.794;4.199,16.199;3.905,16.604;3.612,17.009;3.319,17.414;3.026,17.819",1,1,PASS_THROUGH,-1,0.9139821415902385,0.4057544144604234,0.0,0.9,1.435420561068871,1.810581553921267,0.0,0,0,0,DIRECT_LOCAL,PASS_THROUGH,0,BYPASS_VISIBLE,1,14,0.0,22.0,2.0,0.0,22.0,2.0,1,
223,7.466667,0.033333,4.795258522033691,15.494495391845703,2.327841281890869,0.2147673337229214,0.18352127075195312,1.5193354554078229,-0.4914754643767494,0.09529104014118048,1.599690201406143,0.0,22.0,2.0,0.9139558318530507,0.4038430670563181,-0.03994389330478786,0.9,1.5512299537658691,-0.46125155687332153,0.10203070938587189,0.2803509533405304,local_avoidance,SAFE_PROGRESSING,NONE,1,0,"4.790,15.442;4.495,15.845;4.200,16.249;3.906,16.653;3.611,17.057;3.316,17.460;3.021,17.864",0,1,PASS_THROUGH,-1,0.9132736798500208,0.40543989903885336,-0.03936589844733921,0.9,1.440303989402618,1.8206877087914934,0.0,0,0,0,DIRECT_LOCAL,PASS_THROUGH,0,BYPASS_VISIBLE,1,14,0.0,22.0,2.0,0.0,22.0,2.0,1,
224,7.5,0.033333,4.799840450286865,15.547525405883789,2.331044912338257,0.22091449160004725,0.18491938710212708,1.5199296066497157,-0.48948012393521195,0.09670757264775208,1.5997278379478836,0.0,22.0,2.0,0.9146523496248965,0.4022042365116474,-0.04053185731913854,0.9,1.5527534484863281,-0.45931851863861084,0.10288077592849731,0.2807021737098694,local_avoidance,SAFE_PROGRESSING,NONE,1,0,"4.795,15.494;4.499,15.897;4.202,16.299;3.905,16.702;3.609,17.104;3.312,17.507;3.015,17.909",0,1,PASS_THROUGH,-1,0.9132736798500208,0.40543989903885336,-0.03936589844733921,0.9,1.445943302970939,1.8309680622312365,0.0,0,0,0,DIRECT_LOCAL,PASS_THROUGH,0,BYPASS_VISIBLE,1,14,0.0,22.0,2.0,0.0,22.0,2.0,1,
225,7.533333,0.033333,4.804020881652832,15.600589752197266,2.334277391433716,0.2271058576072664,0.18610712885856628,1.5206539231016016,-0.4874537540610287,0.09826978986328823,1.5998926425833255,0.0,22.0,2.0,0.9153605164342611,0.40052896616791206,-0.04112994303018765,0.9,1.5540034770965576,-0.4586635231971741,0.1034940630197525,0.2761048376560211,local_avoidance,SAFE_PROGRESSING,NONE,1,0,"4.800,15.548;4.501,15.949;4.203,16.350;3.905,16.751;3.606,17.152;3.308,17.553;3.009,17.955",0,1,PASS_THROUGH,-1,0.9132736798500208,0.40543989903885336,-0.03936589844733921,0.9,1.4498425621094366,1.8414176314175608,0.0,0,0,0,DIRECT_LOCAL,PASS_THROUGH,0,BYPASS_VISIBLE,1,14,0.0,22.0,2.0,0.0,22.0,2.0,1,
226,7.566667,0.033333,4.807796478271484,15.653691291809082,2.3375332355499268,0.2333301995111429,0.18683025240898132,1.521562404316158,-0.4853793272266899,0.09975422955094833,1.6002175314127467,0.0,22.0,2.0,0.9160756793460686,0.3988273786891672,-0.041738132667464393,0.9,1.5553035736083984,-0.45844513177871704,0.10401852428913116,0.26908227801322937,local_avoidance,SAFE_PROGRESSING,NONE,1,0,"4.804,15.601;4.504,16.000;4.204,16.400;3.903,16.800;3.603,17.200;3.303,17.600;3.003,18.000",0,1,PASS_THROUGH,-1,0.9132736798500208,0.40543989903885336,-0.03936589844733921,0.9,1.454860164026221,1.8520324897373381,0.0,0,0,0,DIRECT_LOCAL,PASS_THROUGH,0,BYPASS_VISIBLE,1,14,0.0,22.0,2.0,0.0,22.0,2.0,1,
227,7.6,0.033333,4.811164855957031,15.706832885742188,2.340808629989624,0.23956339171655683,0.1867430955171585,1.5226556839818215,-0.48330264857988814,0.10119253712358234,1.6007191232867781,0.0,22.0,2.0,0.9167880201228745,0.39712176964087265,-0.04235594688448866,0.9,1.5567682981491089,-0.4565177857875824,0.10496535152196884,0.2675347626209259,local_avoidance,SAFE_PROGRESSING,NONE,1,0,"4.808,15.654;4.506,16.052;4.204,16.451;3.902,16.849;3.600,17.248;3.298,17.646;2.996,18.045",0,1,PASS_THROUGH,-1,0.9132736798500208,0.40543989903885336,-0.03936589844733921,0.9,1.4578011516307559,1.8628098872527055,0.0,0,0,0,DIRECT_LOCAL,PASS_THROUGH,0,BYPASS_VISIBLE,1,14,0.0,22.0,2.0,0.0,22.0,2.0,1,
228,7.633333,0.033333,4.814127445220947,15.760015487670898,2.3441059589385986,0.24577727194890614,0.18595437705516815,1.5238996535818918,-0.4812828347869867,0.10257401100655583,1.6013821370870793,0.0,22.0,2.0,0.9174862378938751,0.3954383085147073,-0.04298310638344557,0.9,1.5589338541030884,-0.4544861614704132,0.10599701851606369,0.2662352919578552,local_avoidance,SAFE_PROGRESSING,NONE,1,0,"4.811,15.707;4.507,16.104;4.204,16.501;3.900,16.898;3.596,17.296;3.293,17.693;2.989,18.090",1,1,PASS_THROUGH,-1,0.9183349637935738,0.39580411098705814,0.0,0.9,1.4622697128730089,1.8737507733089096,0.0,0,0,0,DIRECT_LOCAL,PASS_THROUGH,0,BYPASS_VISIBLE,1,14,0.0,22.0,2.0,0.0,22.0,2.0,1,
229,7.666667,0.033333,4.816687107086182,15.813241958618164,2.3474273681640625,0.25195754194720626,0.18481379747390747,1.5252693422412442,-0.4793044336930313,0.10389204957744184,1.6021775383846313,0.0,22.0,2.0,0.9181645521379272,0.3937907347706894,-0.04362009177110798,0.9,1.560304045677185,-0.4533005952835083,0.10700046271085739,0.263092577457428,local_avoidance,SAFE_PROGRESSING,NONE,1,0,"4.814,15.760;4.509,16.156;4.203,16.552;3.898,16.948;3.592,17.344;3.287,17.739;2.982,18.135",0,1,PASS_THROUGH,-1,0.9174862378938751,0.3954383085147073,-0.04298310638344557,0.9,1.4682549449522313,1.8848579478657674,0.0,0,0,0,DIRECT_LOCAL,PASS_THROUGH,0,BYPASS_VISIBLE,1,14,0.0,22.0,2.0,0.0,22.0,2.0,1,
230,7.7,0.033333,4.818843364715576,15.866514205932617,2.3507723808288574,0.2580972648348141,0.18342657387256622,1.5267621845263422,-0.4773127621681115,0.10508171659378608,1.603082158902187,0.0,22.0,2.0,0.9188200422705732,0.3921863461179198,-0.0442673676716548,0.9,1.5620726346969604,-0.4521886706352234,0.10790400207042694,0.2595280706882477,local_avoidance,SAFE_PROGRESSING,NONE,1,0,"4.817,15.813;4.510,16.208;4.202,16.602;3.895,16.997;3.588,17.391;3.281,17.786;2.974,18.180",0,1,PASS_THROUGH,-1,0.9174862378938751,0.3954383085147073,-0.04298310638344557,0.9,1.4757435438267459,1.8961309462417741,0.0,0,0,0,DIRECT_LOCAL,PASS_THROUGH,0,BYPASS_VISIBLE,1,14,0.0,22.0,2.0,0.0,22.0,2.0,1,
231,7.733333,0.033333,4.8205976486206055,15.919831275939941,2.354139804840088,0.264187662741215,0.18180237710475922,1.5283693190632117,-0.47527865233839317,0.10620391834849739,1.6040828672780343,0.0,22.0,2.0,0.9194492768692176,0.39063379821304767,-0.04492508161729596,0.9,1.5641138553619385,-0.4508058428764343,0.10876172035932541,0.2562994062900543,local_avoidance,SAFE_PROGRESSING,NONE,1,0,"4.819,15.867;4.510,16.260;4.201,16.653;3.892,17.046;3.583,17.439;3.274,17.832;2.965,18.226",0,1,PASS_THROUGH,-1,0.9174862378938751,0.3954383085147073,-0.04298310638344557,0.9,1.484715202131238,1.9075708111125413,0.0,0,0,0,DIRECT_LOCAL,PASS_THROUGH,0,BYPASS_VISIBLE,1,14,0.0,22.0,2.0,0.0,22.0,2.0,1,
232,7.766667,0.033333,4.821950912475586,15.973194122314453,2.3575258255004883,0.27022046000179256,0.17999880015850067,1.5300941847215714,-0.4731968303764382,0.10730811607125212,1.605184876010187,0.0,22.0,2.0,0.9200490805838716,0.3891412888348784,-0.04559327407307023,0.9,1.566051959991455,-0.45038020610809326,0.10942237079143524,0.24940448999404907,local_avoidance,SAFE_PROGRESSING,NONE,1,0,"4.821,15.920;4.510,16.312;4.199,16.703;3.889,17.095;3.578,17.487;3.267,17.879;2.957,18.271",0,1,PASS_THROUGH,-1,0.9174862378938751,0.3954383085147073,-0.04298310638344557,0.9,1.495147605289801,1.919178529188744,0.0,0,0,0,DIRECT_LOCAL,PASS_THROUGH,0,BYPASS_VISIBLE,1,14,0.0,22.0,2.0,0.0,22.0,2.0,1,
233,7.8,0.033333,4.822903156280518,16.02660369873047,2.3609273433685303,0.2761875979992763,0.17788945138454437,1.5319558186028714,-0.4710799613048664,0.10845326678213293,1.6064143522671557,0.0,22.0,2.0,0.9206163721450811,0.38771694430822445,-0.04627165908763787,0.9,1.5676939487457275,-0.4495570659637451,0.11019034683704376,0.24350348114967346,local_avoidance,SAFE_PROGRESSING,NONE,1,0,"4.822,15.973;4.510,16.364;4.197,16.754;3.885,17.144;3.572,17.535;3.260,17.925;2.948,18.316",0,1,PASS_THROUGH,-1,0.9174862378938751,0.3954383085147073,-0.04298310638344557,0.9,1.5070149068394498,1.9309542696224282,0.0,0,0,0,DIRECT_LOCAL,PASS_THROUGH,0,BYPASS_VISIBLE,1,14,0.0,22.0,2.0,0.0,22.0,2.0,1,
234,7.833333,0.033333,4.823457717895508,16.080060958862305,2.364344358444214,0.28207460440048643,0.1753590703010559,1.5339608585747444,-0.4689729435419259,0.10962360091975093,1.6077900582141806,0.0,22.0,2.0,0.9211456547626959,0.3863747366477172,-0.04696004250648863,0.9,1.569182276725769,-0.44812020659446716,0.11118590086698532,0.24011094868183136,local_avoidance,SAFE_PROGRESSING,NONE,1,0,"4.823,16.027;4.509,16.416;4.195,16.805;3.881,17.194;3.567,17.583;3.252,17.972;2.938,18.361",1,1,PASS_THROUGH,-1,0.9221630139148224,0.38680146815586314,0.0,0.9,1.5202874904696728,1.9429015801636496,0.0,0,0,0,DIRECT_LOCAL,PASS_THROUGH,0,BYPASS_VISIBLE,1,14,0.0,22.0,2.0,0.0,22.0,2.0,1,
235,7.866667,0.033333,4.823619842529297,16.133569717407227,2.367779016494751,0.28786958530536894,0.17254772782325745,1.536086226029712,-0.46691488039455636,0.11073078972174845,1.609295407041376,0.0,22.0,2.0,0.9216323315602679,0.38512660445266933,-0.04765861900581713,0.9,1.5714025497436523,-0.445341020822525,0.11231620609760284,0.2413114607334137,local_avoidance,SAFE_PROGRESSING,NONE,1,0,"4.823,16.080;4.508,16.468;4.192,16.855;3.876,17.243;3.560,17.631;3.244,18.018;2.928,18.406",0,1,PASS_THROUGH,-1,0.9211456547626959,0.3863747366477172,-0.04696004250648863,0.9,1.5349365051243644,1.9550266083508632,0.0,0,0,0,DIRECT_LOCAL,PASS_THROUGH,0,BYPASS_VISIBLE,1,14,0.0,22.0,2.0,0.0,22.0,2.0,1,
236,7.9,0.033333,4.82339334487915,16.1871280670166,2.3712339401245117,0.29357245786876296,0.1698896437883377,1.5382961123538001,-0.4648987267840859,0.11171691193984308,1.6108899477809324,0.0,22.0,2.0,0.9220761901986714,0.3839740200345647,-0.048367875777206394,0.9,1.5741922855377197,-0.44187161326408386,0.1132645532488823,0.24549469351768494,local_avoidance,SAFE_PROGRESSING,NONE,1,0,"4.824,16.134;4.506,16.520;4.189,16.906;3.871,17.292;3.553,17.678;3.236,18.065;2.918,18.451",0,1,PASS_THROUGH,-1,0.9211456547626959,0.3863747366477172,-0.04696004250648863,0.9,1.5509336258813173,1.967332926925983,0.0,0,0,0,DIRECT_LOCAL,PASS_THROUGH,0,BYPASS_VISIBLE,1,14,0.0,22.0,2.0,0.0,22.0,2.0,1,
237,7.933333,0.033333,4.822778701782227,16.24073600769043,2.3747079372406006,0.29920128545697505,0.16789747774600983,1.5405898748502056,-0.46284712660003213,0.11248196110350867,1.6125435859742114,0.0,22.0,2.0,0.9224841684706433,0.3829011526424857,-0.04908835122594639,0.9,1.57537841796875,-0.439078152179718,0.11389746516942978,0.25008296966552734,local_avoidance,SAFE_PROGRESSING,NONE,1,0,"4.823,16.187;4.504,16.572;4.185,16.957;3.866,17.341;3.546,17.726;3.227,18.111;2.908,18.496",0,1,PASS_THROUGH,-1,0.9211456547626959,0.3863747366477172,-0.04696004250648863,0.9,1.5682456788115686,1.9798213067482493,0.0,0,0,0,DIRECT_LOCAL,PASS_THROUGH,0,BYPASS_VISIBLE,1,14,0.0,22.0,2.0,0.0,22.0,2.0,1,
238,7.966667,0.033333,4.821772575378418,16.29439353942871,2.3781936168670654,0.3047850234485578,0.16680005192756653,1.5429747141940657,-0.46066200002828495,0.11265155783282148,1.6142090386299042,0.0,22.0,2.0,0.9228673491032273,0.38188193502607526,-0.04982011300591969,0.9,1.575558066368103,-0.437355101108551,0.11404738575220108,0.25323960185050964,local_avoidance,SAFE_PROGRESSING,NONE,1,0,"4.823,16.241;4.502,16.624;4.181,17.007;3.860,17.391;3.539,17.774;3.218,18.157;2.897,18.541",0,1,PASS_THROUGH,-1,0.9211456547626959,0.3863747366477172,-0.04696004250648863,0.9,1.575393877057856,1.9924888986943383,0.0,0,0,0,DIRECT_LOCAL,PASS_THROUGH,0,BYPASS_VISIBLE,1,14,0.0,22.0,2.0,0.0,22.0,2.0,1,
239,8.0,0.033333,4.820370197296143,16.348094940185547,2.3816795349121094,0.310349933114664,0.16652700304985046,1.5453819313210022,-0.45831932647146517,0.11196378855832209,1.6157963388431789,0.0,22.0,2.0,0.9232358394325253,0.38089240780519096,-0.050562421457881895,0.9,1.5761899948120117,-0.4362652897834778,0.11368156969547272,0.2543430030345917,local_avoidance,SAFE_PROGRESSING,NONE,1,0,"4.822,16.294;4.499,16.676;4.176,17.058;3.854,17.440;3.531,17.822;3.208,18.204;2.885,18.586",0,1,PASS_THROUGH,-1,0.9211456547626959,0.3863747366477172,-0.04696004250648863,0.9,1.5783911184939095,2.005330039741108,0.0,0,0,0,DIRECT_LOCAL,PASS_THROUGH,0,BYPASS_VISIBLE,1,14,0.0,22.0,2.0,0.0,22.0,2.0,1,
240,8.033333,0.033333,4.818568706512451,16.401840209960938,2.385153293609619,0.31591439121101283,0.1668563187122345,1.5476837045762322,-0.45590883127153825,0.11066982718213943,1.6172277274678155,0.0,22.0,2.0,0.923596912808982,0.37991528076426306,-0.05131395610873196,0.9,1.577075481414795,-0.43484753370285034,0.11316370218992233,0.25596457719802856,local_avoidance,SAFE_PROGRESSING,NONE,1,0,"4.820,16.348;4.496,16.729;4.171,17.109;3.847,17.489;3.523,17.870;3.198,18.250;2.874,18.631",1,1,PASS_THROUGH,-1,0.924815291159247,0.38041645237559973,0.0,0.9,1.5828152646101947,2.018342391033557,0.0,0,0,0,DIRECT_LOCAL,PASS_THROUGH,0,BYPASS_VISIBLE,1,14,0.0,22.0,2.0,0.0,22.0,2.0,1,
241,8.066667,0.033333,4.816370487213135,16.45561408996582,2.388608694076538,0.3214908233661824,0.1675800085067749,1.5497771375686,-0.4535854780519608,0.10923921098617469,1.618481438647608,0.0,22.0,2.0,0.9239552602694386,0.37893937826865587,-0.052073262023791554,0.9,1.5782617330551147,-0.4328129291534424,0.11272045969963074,0.25901976227760315,local_avoidance,SAFE_PROGRESSING,NONE,1,0,"4.819,16.402;4.492,16.781;4.166,17.160;3.840,17.539;3.514,17.918;3.188,18.297;2.861,18.676",0,1,PASS_THROUGH,-1,0.923596912808982,0.37991528076426306,-0.05131395610873196,0.9,1.5886570675898912,2.031524326583815,0.0,0,0,0,DIRECT_LOCAL,PASS_THROUGH,0,BYPASS_VISIBLE,1,14,0.0,22.0,2.0,0.0,22.0,2.0,1,
242,8.1,0.033333,4.813780784606934,16.509408950805664,2.392045259475708,0.32709178244717263,0.1686244010925293,1.5516266548098272,-0.45147197067953626,0.10803106002938537,1.6195810958876593,0.0,22.0,2.0,0.9243158484095114,0.3779526298524405,-0.0528395871163766,0.9,1.5794646739959717,-0.4306296110153198,0.11238404363393784,0.2623928189277649,local_avoidance,SAFE_PROGRESSING,NONE,1,0,"4.816,16.456;4.488,16.833;4.161,17.211;3.833,17.588;3.505,17.965;3.177,18.343;2.849,18.720",0,1,PASS_THROUGH,-1,0.923596912808982,0.37991528076426306,-0.05131395610873196,0.9,1.5959061611504446,2.0448786727753125,0.0,0,0,0,DIRECT_LOCAL,PASS_THROUGH,0,BYPASS_VISIBLE,1,14,0.0,22.0,2.0,0.0,22.0,2.0,1,
243,8.133333,0.033333,4.810808181762695,16.563220977783203,2.3954665660858154,0.3327314804831037,0.16996826231479645,1.5532621276107776,-0.44960084915476217,0.10717132611872474,1.6205708419481972,0.0,22.0,2.0,0.9246838248420215,0.3769422685256915,-0.053612967407476224,0.9,1.5805933475494385,-0.42866912484169006,0.11211469024419785,0.26515525579452515,local_avoidance,SAFE_PROGRESSING,NONE,1,0,"4.814,16.509;4.484,16.885;4.155,17.261;3.825,17.637;3.495,18.013;3.166,18.389;2.836,18.765",0,1,PASS_THROUGH,-1,0.923596912808982,0.37991528076426306,-0.05131395610873196,0.9,1.6045513816095462,2.0584123188107517,0.0,0,0,0,DIRECT_LOCAL,PASS_THROUGH,0,BYPASS_VISIBLE,1,14,0.0,22.0,2.0,0.0,22.0,2.0,1,
244,8.166667,0.033333,4.807456016540527,16.617036819458008,2.398876190185547,0.33842177323952005,0.1715397834777832,1.5547456169274236,-0.44793175753084286,0.10662535927071962,1.6214949151937894,0.0,22.0,2.0,0.925063109098209,0.3758983070019806,-0.054393997633927334,0.9,1.581782341003418,-0.4269891381263733,0.11188846826553345,0.26713287830352783,local_avoidance,SAFE_PROGRESSING,NONE,1,0,"4.811,16.563;4.479,16.938;4.148,17.312;3.817,17.687;3.485,18.061;3.154,18.435;2.823,18.810",0,1,PASS_THROUGH,-1,0.923596912808982,0.37991528076426306,-0.05131395610873196,0.9,1.614581604236056,2.0721239561405227,0.0,0,0,0,DIRECT_LOCAL,PASS_THROUGH,0,BYPASS_VISIBLE,1,14,0.0,22.0,2.0,0.0,22.0,2.0,1,
245,8.2,0.033333,4.803727626800537,16.670875549316406,2.402277708053589,0.3441692114445397,0.1732216328382492,1.5561371496835843,-0.44640062128770736,0.10632626231097617,1.622387628579688,0.0,22.0,2.0,0.9254561132717913,0.37481434168839434,-0.05518325536396962,0.9,1.5831722021102905,-0.42549633979797363,0.1117076575756073,0.26850470900535583,local_avoidance,SAFE_PROGRESSING,NONE,1,0,"4.807,16.617;4.474,16.990;4.141,17.363;3.808,17.736;3.475,18.109;3.142,18.482;2.809,18.855",0,1,PASS_THROUGH,-1,0.923596912808982,0.37991528076426306,-0.05131395610873196,0.9,1.6259743645542932,2.0860224354391246,0.0,0,0,0,DIRECT_LOCAL,PASS_THROUGH,0,BYPASS_VISIBLE,1,14,0.0,22.0,2.0,0.0,22.0,2.0,1,
246,8.233333,0.033333,4.799623012542725,16.724714279174805,2.4056739807128906,0.3499747210058224,0.17489434778690338,1.5574835659780655,-0.4449585003259474,0.10623967010831685,1.6232775464500184,0.0,22.0,2.0,0.9258619830694721,0.3736919295904876,-0.055981515392158614,0.9,1.584781289100647,-0.4241103529930115,0.11158189922571182,0.26942673325538635,local_avoidance,SAFE_PROGRESSING,NONE,1,0,"4.804,16.671;4.469,17.042;4.134,17.414;3.799,17.785;3.465,18.156;3.130,18.528;2.795,18.899",1,1,PASS_THROUGH,-1,0.9273161953659326,0.3742788717147304,0.0,0.9,1.6387131769040288,2.100100038952095,0.0,0,0,0,DIRECT_LOCAL,PASS_THROUGH,0,BYPASS_VISIBLE,1,14,0.0,22.0,2.0,0.0,22.0,2.0,1,
247,8.266667,0.033333,4.795141696929932,16.778553009033203,2.409066677093506,0.3558351626530506,0.17646116018295288,1.5588212850992547,-0.44358371193226015,0.10635216187840936,1.6241924426330476,0.0,22.0,2.0,0.9262799333934144,0.37253250392080284,-0.0567892464749128,0.9,1.5865232944488525,-0.42281055450439453,0.11151441186666489,0.26994404196739197,local_avoidance,SAFE_PROGRESSING,NONE,1,0,"4.800,16.725;4.463,17.095;4.127,17.464;3.790,17.834;3.454,18.204;3.117,18.574;2.781,18.944",0,1,PASS_THROUGH,-1,0.9258619830694721,0.3736919295904876,-0.055981515392158614,0.9,1.6527637410378417,2.1143557462868303,0.0,0,0,0,DIRECT_LOCAL,PASS_THROUGH,0,BYPASS_VISIBLE,1,14,0.0,22.0,2.0,0.0,22.0,2.0,1,
248,8.3,0.033333,4.790283679962158,16.8323917388916,2.412458658218384,0.3617448355044419,0.1778499186038971,1.5601801053776228,-0.4422750625192859,0.10663418312704306,1.6251584664744976,0.0,22.0,2.0,0.9267074662983495,0.37134177985105005,-0.05760689580204298,0.9,1.5883111953735352,-0.4216021001338959,0.11149884760379791,0.2700554430484772,local_avoidance,SAFE_PROGRESSING,NONE,1,0,"4.795,16.779;4.457,17.147;4.119,17.515;3.781,17.883;3.442,18.252;3.104,18.620;2.766,18.988",0,1,PASS_THROUGH,-1,0.9258619830694721,0.3736919295904876,-0.055981515392158614,0.9,1.6680952457087694,2.1287890597362242,0.0,0,0,0,DIRECT_LOCAL,PASS_THROUGH,0,BYPASS_VISIBLE,1,14,0.0,22.0,2.0,0.0,22.0,2.0,1,
249,8.333333,0.033333,4.785048484802246,16.88623046875,2.4158506393432617,0.36769640767829315,0.1790083795785904,1.5615837482855524,-0.44103990293889966,0.10702581421275545,1.6261963361789413,0.0,22.0,2.0,0.9271414699148164,0.37012705283912095,-0.05843508809628233,0.9,1.5900800228118896,-0.42048826813697815,0.1115257740020752,0.2697853446006775,local_avoidance,SAFE_PROGRESSING,NONE,1,0,"4.790,16.832;4.450,17.199;4.110,17.566;3.771,17.932;3.431,18.299;3.091,18.666;2.751,19.033",0,1,PASS_THROUGH,-1,0.9258619830694721,0.3736919295904876,-0.055981515392158614,0.9,1.6846757254929712,2.143399107900253,0.0,0,0,0,DIRECT_LOCAL,PASS_THROUGH,0,BYPASS_VISIBLE,1,14,0.0,22.0,2.0,0.0,22.0,2.0,1,
250,8.366667,0.033333,4.779435634613037,16.9400691986084,2.4192426204681396,0.3736815071493219,0.17990189790725708,1.563045452378663,-0.43988350257885567,0.10744899812554537,1.6273149262637654,0.0,22.0,2.0,0.9275785097364568,0.36889657355414823,-0.05927416212062907,0.9,1.591794729232788,-0.4194697141647339,0.11158640682697296,0.2691696286201477,local_avoidance,SAFE_PROGRESSING,NONE,1,0,"4.785,16.886;4.443,17.251;4.102,17.616;3.760,17.982;3.419,18.347;3.077,18.712;2.735,19.077",0,1,PASS_THROUGH,-1,0.9258619830694721,0.3736919295904876,-0.055981515392158614,0.9,1.7024714839930544,2.158185095631792,0.0,0,0,0,DIRECT_LOCAL,PASS_THROUGH,0,BYPASS_VISIBLE,1,14,0.0,22.0,2.0,0.0,22.0,2.0,1,
251,8.4,0.033333,4.773445129394531,16.99388885498047,2.4226346015930176,0.37969105114363777,0.18051251769065857,1.564566744654597,-0.4388047962670659,0.10783188019133638,1.6285105041391852,0.0,22.0,2.0,0.9280149294721309,0.3676592872921914,-0.060124363985273425,0.9,1.5934646129608154,-0.41853830218315125,0.11167144775390625,0.26824119687080383,local_avoidance,SAFE_PROGRESSING,NONE,1,0,"4.779,16.940;4.436,17.304;4.093,17.667;3.749,18.031;3.406,18.394;3.063,18.757;2.719,19.121",0,1,PASS_THROUGH,-1,0.9258619830694721,0.3736919295904876,-0.055981515392158614,0.9,1.7214478496352705,2.173139392028374,0.0,0,0,0,DIRECT_LOCAL,PASS_THROUGH,0,BYPASS_VISIBLE,1,14,0.0,22.0,2.0,0.0,22.0,2.0,1,
252,8.433333,0.033333,4.7670793533325195,17.047700881958008,2.4260265827178955,0.3857159130273251,0.18083776533603668,1.566139388399765,-0.4377958868569946,0.10813414599714295,1.6297701727472569,0.0,22.0,2.0,0.9284477813918304,0.3664224974182079,-0.060985823060703326,0.9,1.5951383113861084,-0.41763123869895935,0.11177623271942139,0.2671564817428589,local_avoidance,SAFE_PROGRESSING,NONE,1,0,"4.773,16.994;4.428,17.356;4.083,17.718;3.738,18.079;3.393,18.441;3.048,18.803;2.703,19.165",1,1,PASS_THROUGH,-1,0.9301791868407455,0.36710581630953426,0.0,0.9,1.7415606397240848,2.1882679636792854,0.0,0,0,0,DIRECT_LOCAL,PASS_THROUGH,0,BYPASS_VISIBLE,1,14,0.0,22.0,2.0,0.0,22.0,2.0,1,
253,8.466667,0.033333,4.76033878326416,17.101512908935547,2.4294211864471436,0.39174698878136893,0.180894136428833,1.5677494081304313,-0.43684387987063933,0.10835491514250772,1.6310768129396271,0.0,22.0,2.0,0.9288729616833148,0.36519652743986925,-0.0618588506159631,0.9,1.5967998504638672,-0.4167174994945526,0.11189889162778854,0.2660316824913025,local_avoidance,SAFE_PROGRESSING,NONE,1,0,"4.767,17.048;4.420,17.408;4.074,17.768;3.727,18.128;3.380,18.489;3.033,18.849;2.687,19.209",0,1,PASS_THROUGH,-1,0.9284477813918304,0.3664224974182079,-0.060985823060703326,0.9,1.7611735166244404,2.2035739485349533,0.0,0,0,0,DIRECT_LOCAL,PASS_THROUGH,0,BYPASS_VISIBLE,1,14,0.0,22.0,2.0,0.0,22.0,2.0,1,
254,8.5,0.033333,4.7532243728637695,17.155324935913086,2.43281626701355,0.39777611911366434,0.18071560561656952,1.5693848309006204,-0.4359320370856002,0.10851244801063441,1.6324155230185209,0.0,22.0,2.0,0.9292869286939291,0.363990353419407,-0.06274413738525202,0.9,1.5984457731246948,-0.4158245325088501,0.11202641576528549,0.2647998631000519,local_avoidance,SAFE_PROGRESSING,NONE,1,0,"4.760,17.102;4.412,17.460;4.063,17.819;3.715,18.177;3.366,18.536;3.018,18.894;2.670,19.253",0,1,PASS_THROUGH,-1,0.9284477813918304,0.3664224974182079,-0.060985823060703326,0.9,1.7689326331075932,2.219058106416801,0.0,0,0,0,DIRECT_LOCAL,PASS_THROUGH,0,BYPASS_VISIBLE,1,14,0.0,22.0,2.0,0.0,22.0,2.0,1,
255,8.533333,0.033333,4.7457380294799805,17.209136962890625,2.436211347579956,0.4037962446601702,0.1803409904241562,1.571037903794252,-0.4350419978893767,0.10862779961907267,1.6337752703281745,0.0,22.0,2.0,0.929686872770003,0.3628113283886262,-0.06364164196509282,0.9,1.600054383277893,-0.41499021649360657,0.11214657127857208,0.26336997747421265,local_avoidance,SAFE_PROGRESSING,NONE,1,0,"4.753,17.155;4.403,17.512;4.053,17.869;3.703,18.226;3.353,18.583;3.002,18.940;2.652,19.297",0,1,PASS_THROUGH,-1,0.9284477813918304,0.3664224974182079,-0.060985823060703326,0.9,1.7766053459259714,2.2347221096503436,0.0,0,0,0,DIRECT_LOCAL,PASS_THROUGH,0,BYPASS_VISIBLE,1,14,0.0,22.0,2.0,0.0,22.0,2.0,1,
256,8.566667,0.033333,4.737879753112793,17.262948989868164,2.4396064281463623,0.4098013704832704,0.1798003762960434,1.5727049829909672,-0.4341577265110269,0.10871850459340415,1.6351494146575312,0.0,22.0,2.0,0.9300703446323024,0.36166593680887854,-0.06455156224063262,0.9,1.601660966873169,-0.41416651010513306,0.11225704848766327,0.2618699073791504,local_avoidance,SAFE_PROGRESSING,NONE,1,0,"4.746,17.209;4.394,17.564;4.042,17.920;3.690,18.275;3.338,18.630;2.986,18.985;2.634,19.340",0,1,PASS_THROUGH,-1,0.9284477813918304,0.3664224974182079,-0.060985823060703326,0.9,1.7855423847938179,2.250565939563228,0.0,0,0,0,DIRECT_LOCAL,PASS_THROUGH,0,BYPASS_VISIBLE,1,14,0.0,22.0,2.0,0.0,22.0,2.0,1,
257,8.6,0.033333,4.729650974273682,17.316740036010742,2.4430036544799805,0.4157861224246925,0.17912012338638306,1.574385304576509,-0.4332700908814205,0.10879929403480387,1.6365357757474577,0.0,22.0,2.0,0.9304352041567034,0.36055992835734735,-0.06547418520927101,0.9,1.6032674312591553,-0.4133227467536926,0.11235886812210083,0.26040175557136536,local_avoidance,SAFE_PROGRESSING,NONE,1,0,"4.738,17.263;4.384,17.616;4.031,17.970;3.677,18.324;3.324,18.677;2.970,19.031;2.616,19.384",0,1,PASS_THROUGH,-1,0.9284477813918304,0.3664224974182079,-0.060985823060703326,0.9,1.7957295244965208,2.26658169336649,0.0,0,0,0,DIRECT_LOCAL,PASS_THROUGH,0,BYPASS_VISIBLE,1,14,0.0,22.0,2.0,0.0,22.0,2.0,1,
258,8.633333,0.033333,4.721052169799805,17.370527267456055,2.446401834487915,0.4217462703821883,0.17833028733730316,1.576079182052137,-0.4323745006042804,0.10887487673213768,1.6379337702283239,0.0,22.0,2.0,0.9307804747955928,0.3594960690058868,-0.06640996994883687,0.9,1.6048396825790405,-0.4124916195869446,0.11244834214448929,0.25891348719596863,local_avoidance,SAFE_PROGRESSING,NONE,1,0,"4.730,17.317;4.374,17.669;4.019,18.020;3.664,18.372;3.308,18.724;2.953,19.076;2.598,19.428",1,1,PASS_THROUGH,-1,0.9328397921036584,0.36029144073652813,0.0,0.9,1.8071440648155666,2.282777026879339,0.0,0,0,0,DIRECT_LOCAL,PASS_THROUGH,0,BYPASS_VISIBLE,1,14,0.0,22.0,2.0,0.0,22.0,2.0,1,
259,8.666667,0.033333,4.712084770202637,17.424299240112305,2.4498000144958496,0.42767861671276775,0.177458718419075,1.5777870642270375,-0.4314688632463289,0.10893664514298206,1.6393427319045464,0.0,22.0,2.0,0.9311041553178669,0.3584798400057031,-0.0673591586889785,0.9,1.606368064880371,-0.4116796851158142,0.11252354085445404,0.25741422176361084,local_avoidance,SAFE_PROGRESSING,NONE,1,0,"4.721,17.371;4.364,17.721;4.007,18.071;3.650,18.421;3.293,18.771;2.936,19.121;2.579,19.471",0,1,PASS_THROUGH,-1,0.9307804747955928,0.3594960690058868,-0.06640996994883687,0.9,1.8197733093273785,2.29914801521761,0.0,0,0,0,DIRECT_LOCAL,PASS_THROUGH,0,BYPASS_VISIBLE,1,14,0.0,22.0,2.0,0.0,22.0,2.0,1,
260,8.7,0.033333,4.702748775482178,17.47806167602539,2.453198194503784,0.4335806397933896,0.176527202129364,1.5795073394553754,-0.4305535972259788,0.10896992498690614,1.6407602750034145,0.0,22.0,2.0,0.9314055539088086,0.3575133870979646,-0.0683218280900496,0.9,1.6078495979309082,-0.4108828008174896,0.11258535087108612,0.25594258308410645,local_avoidance,SAFE_PROGRESSING,NONE,1,0,"4.712,17.424;4.353,17.773;3.995,18.121;3.636,18.469;3.277,18.818;2.919,19.166;2.560,19.514",0,1,PASS_THROUGH,-1,0.9307804747955928,0.3594960690058868,-0.06640996994883687,0.9,1.833593492728974,2.31569710531788,0.0,0,0,0,DIRECT_LOCAL,PASS_THROUGH,0,BYPASS_VISIBLE,1,14,0.0,22.0,2.0,0.0,22.0,2.0,1,
261,8.733333,0.033333,4.693046569824219,17.53179931640625,2.4565963745117188,0.4394507791928816,0.17555458843708038,1.5812346629727807,-0.4296305010113908,0.1089632489764135,1.642180993804714,0.0,22.0,2.0,0.9316836916600628,0.3565995503695073,-0.06929833598970685,0.9,1.609310507774353,-0.41007381677627563,0.11263478547334671,0.2545701265335083,local_avoidance,SAFE_PROGRESSING,NONE,1,0,"4.703,17.478;4.342,17.825;3.982,18.171;3.622,18.518;3.261,18.864;2.901,19.211;2.540,19.557",0,1,PASS_THROUGH,-1,0.9307804747955928,0.3594960690058868,-0.06640996994883687,0.9,1.8485845001405294,2.3324191400427274,0.0,0,0,0,DIRECT_LOCAL,PASS_THROUGH,0,BYPASS_VISIBLE,1,14,0.0,22.0,2.0,0.0,22.0,2.0,1,
262,8.766667,0.033333,4.682980060577393,17.585521697998047,2.459991455078125,0.4452879101406542,0.17456156015396118,1.5829612379465854,-0.42870258473323836,0.1089159114894077,1.6435981451601585,0.0,22.0,2.0,0.9319384796322114,0.3557388703235249,-0.07028887765318674,0.9,1.610756516456604,-0.4092365801334381,0.11267310380935669,0.2533435821533203,local_avoidance,SAFE_PROGRESSING,NONE,1,0,"4.693,17.532;4.331,17.877;3.969,18.221;3.607,18.566;3.245,18.911;2.882,19.256;2.520,19.600",0,1,PASS_THROUGH,-1,0.9307804747955928,0.3594960690058868,-0.06640996994883687,0.9,1.8647176904361835,2.34932002207609,0.0,0,0,0,DIRECT_LOCAL,PASS_THROUGH,0,BYPASS_VISIBLE,1,14,0.0,22.0,2.0,0.0,22.0,2.0,1,
263,8.8,0.033333,4.672550201416016,17.639223098754883,2.4633865356445312,0.45109179235268604,0.17357178032398224,1.5846790439282927,-0.42777207120067445,0.10883437974083726,1.645005027158998,0.0,22.0,2.0,0.9321691936266416,0.3549335866188596,-0.07129336254750149,0.9,1.6121644973754883,-0.408406525850296,0.11269764602184296,0.2521818280220032,local_avoidance,SAFE_PROGRESSING,NONE,1,0,"4.683,17.586;4.319,17.928;3.955,18.271;3.591,18.614;3.228,18.957;2.864,19.300;2.500,19.643",0,1,PASS_THROUGH,-1,0.9307804747955928,0.3594960690058868,-0.06640996994883687,0.9,1.8819736251256252,2.3663976697365783,0.0,0,0,0,DIRECT_LOCAL,PASS_THROUGH,0,BYPASS_VISIBLE,1,14,0.0,22.0,2.0,0.0,22.0,2.0,1,
264,8.833333,0.033333,4.661758899688721,17.692899703979492,2.4667816162109375,0.45686298354454247,0.17260433733463287,1.5863818339487619,-0.42683990940223676,0.10872552781075132,1.64639632887676,0.0,22.0,2.0,0.9323759579343369,0.3541835226294398,-0.072312553293523,0.9,1.613525390625,-0.4075831174850464,0.11271007359027863,0.2511065602302551,local_avoidance,SAFE_PROGRESSING,NONE,1,0,"4.673,17.639;4.307,17.980;3.941,18.322;3.576,18.663;3.210,19.004;2.845,19.345;2.479,19.686",1,1,PASS_THROUGH,-1,0.9348233062708613,0.3551132017439162,0.0,0.9,1.8947433324877039,2.383651628264948,0.0,0,0,0,DIRECT_LOCAL,PASS_THROUGH,0,BYPASS_VISIBLE,1,14,0.0,22.0,2.0,0.0,22.0,2.0,1,
265,8.866667,0.033333,4.650607109069824,17.746549606323242,2.4701766967773438,0.4626025108430581,0.17167188227176666,1.588063863569006,-0.42590665242523035,0.10859531442539638,1.6477670507899274,0.0,22.0,2.0,0.9325589659335709,0.3534883713123667,-0.07334675455559996,0.9,1.6148794889450073,-0.40675339102745056,0.11270859837532043,0.25012868642807007,local_avoidance,SAFE_PROGRESSING,NONE,1,0,"4.662,17.693;4.295,18.032;3.927,18.372;3.560,18.711;3.193,19.050;2.826,19.389;2.458,19.729",0,1,PASS_THROUGH,-1,0.9323759579343369,0.3541835226294398,-0.072312553293523,0.9,1.9080352307104418,2.4010814864178034,0.0,0,0,0,DIRECT_LOCAL,PASS_THROUGH,0,BYPASS_VISIBLE,1,14,0.0,22.0,2.0,0.0,22.0,2.0,1,
266,8.9,0.033333,4.639097690582275,17.800172805786133,2.4735701084136963,0.46831167747147473,0.17078500986099243,1.5897203571130434,-0.42497381812165663,0.10845344733484347,1.6491136134746243,0.0,22.0,2.0,0.9327184468502618,0.35284768558185536,-0.07439630155299011,0.9,1.61620032787323,-0.40592658519744873,0.11269576847553253,0.24924074113368988,local_avoidance,SAFE_PROGRESSING,NONE,1,0,"4.651,17.747;4.282,18.084;3.913,18.421;3.544,18.759;3.175,19.096;2.806,19.434;2.437,19.771",0,1,PASS_THROUGH,-1,0.9323759579343369,0.3541835226294398,-0.072312553293523,0.9,1.9224634550537443,2.4186894287299747,0.0,0,0,0,DIRECT_LOCAL,PASS_THROUGH,0,BYPASS_VISIBLE,1,14,0.0,22.0,2.0,0.0,22.0,2.0,1,
267,8.933333,0.033333,4.627232551574707,17.853763580322266,2.476962089538574,0.47399210649588447,0.16995121538639069,1.5913484094522403,-0.4240440062425264,0.10830673505098862,1.6504343150679437,0.0,22.0,2.0,0.9328545884985453,0.3522611432515821,-0.07546127266550787,0.9,1.6174978017807007,-0.4051072895526886,0.11267153918743134,0.24842704832553864,local_avoidance,SAFE_PROGRESSING,NONE,1,0,"4.639,17.800;4.268,18.136;3.898,18.471;3.527,18.807;3.156,19.142;2.786,19.478;2.415,19.814",0,1,PASS_THROUGH,-1,0.9323759579343369,0.3541835226294398,-0.072312553293523,0.9,1.9380091251554679,2.436473825810838,0.0,0,0,0,DIRECT_LOCAL,PASS_THROUGH,0,BYPASS_VISIBLE,1,14,0.0,22.0,2.0,0.0,22.0,2.0,1,
268,8.966667,0.033333,4.615013122558594,17.907318115234375,2.480354070663452,0.4796457031905846,0.16917434334754944,1.5929458191604495,-0.42312005763304017,0.1081596232197932,1.651728025447044,0.0,22.0,2.0,0.9329679124937296,0.3517274433088337,-0.0765420138258965,0.9,1.6187632083892822,-0.40428268909454346,0.11264021694660187,0.24773825705051422,local_avoidance,SAFE_PROGRESSING,NONE,1,0,"4.627,17.854;4.255,18.187;3.882,18.521;3.510,18.855;3.138,19.188;2.765,19.522;2.393,19.856",0,1,PASS_THROUGH,-1,0.9323759579343369,0.3541835226294398,-0.072312553293523,0.9,1.9505361917763036,2.4544334943748263,0.0,0,0,0,DIRECT_LOCAL,PASS_THROUGH,0,BYPASS_VISIBLE,1,14,0.0,22.0,2.0,0.0,22.0,2.0,1,
269,9.0,0.033333,4.602442264556885,17.96083641052246,2.48374605178833,0.485274269045505,0.16845786571502686,1.5945109870977558,-0.42220616240197795,0.10801263915306482,1.6529942715455717,0.0,22.0,2.0,0.9330588095533794,0.351245540234495,-0.0776390905421221,0.9,1.6200087070465088,-0.4034504294395447,0.11260122805833817,0.24717828631401062,local_avoidance,SAFE_PROGRESSING,NONE,1,0,"4.615,17.907;4.241,18.239;3.867,18.571;3.493,18.903;3.119,19.234;2.745,19.566;2.370,19.898",0,1,PASS_THROUGH,-1,0.9323759579343369,0.3541835226294398,-0.072312553293523,0.9,1.9622093857468557,2.4725704242572375,0.0,0,0,0,DIRECT_LOCAL,PASS_THROUGH,0,BYPASS_VISIBLE,1,14,0.0,22.0,2.0,0.0,22.0,2.0,1,
270,9.033333,0.033333,4.589521884918213,18.014312744140625,2.487138032913208,0.49088011734208636,0.16780664026737213,1.5960420968271263,-0.4213049875440373,0.1078642075336451,1.6542318321930192,0.0,22.0,2.0,0.9331276275488367,0.35081450390439106,-0.07875287014068347,0.9,1.6212186813354492,-0.4026404023170471,0.11255219578742981,0.2466726005077362,local_avoidance,SAFE_PROGRESSING,NONE,1,0,"4.602,17.961;4.227,18.291;3.851,18.620;3.475,18.950;3.099,19.280;2.723,19.610;2.348,19.940",1,1,PASS_THROUGH,-1,0.9360347928347117,0.35190746880803586,0.0,0.9,1.9750131283965424,2.4908826659865726,0.0,0,0,0,DIRECT_LOCAL,PASS_THROUGH,0,BYPASS_VISIBLE,1,14,0.0,22.0,2.0,0.0,22.0,2.0,1,
271,9.066667,0.033333,4.5762529373168945,18.067747116088867,2.490530014038086,0.49646527728201506,0.16722197830677032,1.5975371992756227,-0.42041935800083924,0.10771183977683678,1.6554393314402518,0.0,22.0,2.0,0.9331748766733021,0.3504329403343183,-0.07988368966448221,0.9,1.622384786605835,-0.4018453061580658,0.11249615252017975,0.2462601363658905,local_avoidance,SAFE_PROGRESSING,NONE,1,0,"4.590,18.014;4.212,18.342;3.834,18.670;3.457,18.998;3.079,19.326;2.702,19.654;2.324,19.981",0,1,PASS_THROUGH,-1,0.9331276275488367,0.35081450390439106,-0.07875287014068347,0.9,1.9889282180665617,2.5093705007535174,0.0,0,0,0,DIRECT_LOCAL,PASS_THROUGH,0,BYPASS_VISIBLE,1,14,0.0,22.0,2.0,0.0,22.0,2.0,1,
272,9.1,0.033333,4.562638282775879,18.12113380432129,2.493921995162964,0.5020321995272187,0.16670231521129608,1.5989933987821559,-0.41955094367235884,0.1075528239877596,1.6566141655898696,0.0,22.0,2.0,0.9332009799463619,0.3500996338398576,-0.08103195303303314,0.9,1.623528003692627,-0.4010642170906067,0.1124316081404686,0.24592575430870056,direct,SAFE_PROGRESSING,NONE,1,0,"4.576,18.068;4.197,18.394;3.818,18.719;3.439,19.045;3.059,19.371;2.680,19.697;2.301,20.023",0,1,PASS_THROUGH,-1,0.9331276275488367,0.35081450390439106,-0.07875287014068347,0.9,2.0039357264898507,2.5280325907079364,0.0,0,0,0,DIRECT_LOCAL,PASS_THROUGH,0,BYPASS_VISIBLE,1,14,0.0,22.0,2.0,0.0,22.0,2.0,1,
273,9.133333,0.033333,4.548679351806641,18.174474716186523,2.497313976287842,0.5075827680776072,0.166246235370636,1.600408125742096,-0.418703288402547,0.10738902062472948,1.6577548113068992,0.0,22.0,2.0,0.9332063239284658,0.3498134429303192,-0.08219800560327283,0.9,1.6246604919433594,-0.4002833664417267,0.11235896497964859,0.2456873655319214,direct,SAFE_PROGRESSING,NONE,1,0,"4.563,18.121;4.182,18.445;3.801,18.769;3.420,19.093;3.039,19.417;2.658,19.740;2.277,20.064",0,1,PASS_THROUGH,-1,0.9331276275488367,0.35081450390439106,-0.07875287014068347,0.9,2.02001423618481,2.5468706104667334,0.0,0,0,0,DIRECT_LOCAL,PASS_THROUGH,0,BYPASS_VISIBLE,1,14,0.0,22.0,2.0,0.0,22.0,2.0,1,
274,9.166667,0.033333,4.5343828201293945,18.22776222229004,2.5007059574127197,0.513119216488385,0.16585326194763184,1.6017793401702531,-0.4178790192402896,0.10722728442350274,1.6588603376542332,0.0,22.0,2.0,0.9331911081260129,0.34957366969428827,-0.0833822833161378,0.9,1.625772476196289,-0.39949122071266174,0.11228113621473312,0.24558568000793457,direct,SAFE_PROGRESSING,NONE,1,0,"4.549,18.174;4.166,18.496;3.783,18.818;3.401,19.140;3.018,19.462;2.635,19.784;2.253,20.105",0,1,PASS_THROUGH,-1,0.9331276275488367,0.35081450390439106,-0.07875287014068347,0.9,2.03714381613007,2.565885061975978,0.0,0,0,0,DIRECT_LOCAL,PASS_THROUGH,0,BYPASS_VISIBLE,1,14,0.0,22.0,2.0,0.0,22.0,2.0,1,
275,9.2,0.033333,4.519742965698242,18.280994415283203,2.504098415374756,0.5186435843056194,0.1655251830816269,1.6031059403919334,-0.41707983274148336,0.10707195173246915,1.6599303135515566,0.0,22.0,2.0,0.9331556814010821,0.34937921616693846,-0.08458509076343068,0.9,1.626854658126831,-0.3987024426460266,0.11219710856676102,0.24558910727500916,direct,SAFE_PROGRESSING,NONE,1,0,"4.534,18.228;4.150,18.548;3.766,18.867;3.381,19.187;2.997,19.507;2.612,19.827;2.228,20.146",0,1,PASS_THROUGH,-1,0.9331276275488367,0.35081450390439106,-0.07875287014068347,0.9,2.055302736095249,2.585069456067517,0.0,0,0,0,DIRECT_LOCAL,PASS_THROUGH,0,BYPASS_VISIBLE,1,14,0.0,22.0,2.0,0.0,22.0,2.0,1,
276,9.233333,0.033333,4.50476598739624,18.334171295166016,2.507493495941162,0.5241582602741314,0.16526436805725098,1.6043881498794406,-0.4163054783929278,0.10692194004136403,1.6609647461869106,0.0,22.0,2.0,0.9331006901342547,0.34922809107607916,-0.08580700714006499,0.9,1.6279035806655884,-0.39792829751968384,0.11210542172193527,0.24567152559757233,direct,SAFE_PROGRESSING,NONE,1,0,"4.520,18.281;4.134,18.599;3.748,18.916;3.361,19.234;2.975,19.552;2.589,19.869;2.203,20.187",1,1,PASS_THROUGH,-1,0.936554913253794,0.35052089019083926,0.0,0.9,2.074461091936214,2.6044281444863797,0.0,0,0,0,DIRECT_LOCAL,PASS_THROUGH,0,BYPASS_VISIBLE,1,14,0.0,22.0,2.0,0.0,22.0,2.0,1,
277,9.266667,0.033333,4.489455223083496,18.38728904724121,2.5108885765075684,0.5296654822980799,0.16507090628147125,1.6056280422856648,-0.41555575445111936,0.10677358945266195,1.6619652808154992,0.0,22.0,2.0,0.9330261510603723,0.3491199051349769,-0.08704879824565087,0.9,1.628927230834961,-0.3971730172634125,0.11200466006994247,0.24581420421600342,direct,SAFE_PROGRESSING,NONE,1,0,"4.505,18.334;4.117,18.650;3.729,18.965;3.341,19.281;2.954,19.597;2.566,19.912;2.178,20.228",0,1,PASS_THROUGH,-1,0.9331006901342547,0.34922809107607916,-0.08580700714006499,0.9,2.0945993383871317,2.6239608186430274,0.0,0,0,0,DIRECT_LOCAL,PASS_THROUGH,0,BYPASS_VISIBLE,1,14,0.0,22.0,2.0,0.0,22.0,2.0,1,
278,9.3,0.033333,4.473811149597168,18.44034194946289,2.5142836570739746,0.5351674052652836,0.16494257748126984,1.606824558009986,-0.4148296121443115,0.10662490335290531,1.6629304367142972,0.0,22.0,2.0,0.9329323802352029,0.3490536380980734,-0.08831042769219247,0.9,1.629927158355713,-0.39643752574920654,0.1118956059217453,0.24601002037525177,direct,SAFE_PROGRESSING,NONE,1,0,"4.489,18.387;4.100,18.701;3.710,19.014;3.321,19.328;2.931,19.641;2.542,19.955;2.152,20.268",0,1,PASS_THROUGH,-1,0.9331006901342547,0.34922809107607916,-0.08580700714006499,0.9,2.115692658295872,2.643663608994964,0.0,0,0,0,DIRECT_LOCAL,PASS_THROUGH,0,BYPASS_VISIBLE,1,14,0.0,22.0,2.0,0.0,22.0,2.0,1,
279,9.333333,0.033333,4.457834720611572,18.493330001831055,2.517679452896118,0.5406662107612653,0.16487513482570648,1.6079789824978907,-0.41412781615275757,0.10647595421972597,1.663861588321999,0.0,22.0,2.0,0.9328198495003907,0.3490277122363408,-0.08959232371768612,0.9,1.6308842897415161,-0.39572539925575256,0.1117815375328064,0.2462649941444397,direct,SAFE_PROGRESSING,NONE,1,0,"4.474,18.440;4.083,18.752;3.691,19.063;3.300,19.374;2.909,19.686;2.518,19.997;2.126,20.308",0,1,PASS_THROUGH,-1,0.9331006901342547,0.34922809107607916,-0.08580700714006499,0.9,2.1377121850221887,2.663536430357185,0.0,0,0,0,DIRECT_LOCAL,PASS_THROUGH,0,BYPASS_VISIBLE,1,14,0.0,22.0,2.0,0.0,22.0,2.0,1,
280,9.366667,0.033333,4.441528797149658,18.546247482299805,2.5210776329040527,0.546163656283239,0.1648631989955902,1.609089396092536,-0.4134509677967956,0.10632492092734358,1.6647568519756135,0.0,22.0,2.0,0.932688560558219,0.3490417306013085,-0.09089510054277344,0.9,1.631809949874878,-0.39503607153892517,0.11166225373744965,0.24656791985034943,direct,SAFE_PROGRESSING,NONE,1,0,"4.458,18.493;4.065,18.802;3.672,19.112;3.279,19.421;2.886,19.730;2.493,20.039;2.100,20.348",0,1,PASS_THROUGH,-1,0.9331006901342547,0.34922809107607916,-0.08580700714006499,0.9,2.1606327737470146,2.68357715366189,0.0,0,0,0,DIRECT_LOCAL,PASS_THROUGH,0,BYPASS_VISIBLE,1,14,0.0,22.0,2.0,0.0,22.0,2.0,1,
281,9.4,0.033333,4.4248948097229,18.599092483520508,2.5244758129119873,0.5516616522308222,0.16490156948566437,1.610156235148505,-0.41280168602404926,0.10617066371562817,1.6656171659195047,0.0,22.0,2.0,0.9325387411848294,0.349094635269822,-0.09221947633360238,0.9,1.6326993703842163,-0.39436474442481995,0.11153920739889145,0.24693167209625244,direct,SAFE_PROGRESSING,NONE,1,0,"4.442,18.546;4.047,18.853;3.652,19.160;3.257,19.467;2.863,19.774;2.468,20.081;2.073,20.388",0,1,PASS_THROUGH,-1,0.9331006901342547,0.34922809107607916,-0.08580700714006499,0.9,2.184426799058539,2.703784776974538,0.0,0,0,0,DIRECT_LOCAL,PASS_THROUGH,0,BYPASS_VISIBLE,1,14,0.0,22.0,2.0,0.0,22.0,2.0,1,
282,9.433333,0.033333,4.407933712005615,18.65186309814453,2.527873992919922,0.5571617182809954,0.16498619318008423,1.6111785103133567,-0.4121812671477972,0.1060143723117386,1.6664419090444718,0.0,22.0,2.0,0.9323703915077222,0.34918611805443983,-0.09356552782840455,0.9,1.6335910558700562,-0.3936755359172821,0.11141254752874374,0.2474248707294464,direct,SAFE_PROGRESSING,NONE,1,0,"4.425,18.599;4.028,18.904;3.632,19.208;3.236,19.513;2.839,19.818;2.443,20.123;2.046,20.427",1,1,PASS_THROUGH,-1,0.9364786073541008,0.35072470396041966,0.0,0.9,2.199009796069403,2.724157902873171,0.0,0,0,0,DIRECT_LOCAL,PASS_THROUGH,0,BYPASS_VISIBLE,1,14,0.0,22.0,2.0,0.0,22.0,2.0,1,
283,9.466667,0.033333,4.390647888183594,18.704557418823242,2.5312740802764893,0.5626651551692384,0.1651184856891632,1.6121540154159522,-0.4115911396013035,0.10586033085171975,1.6672295118753488,0.0,22.0,2.0,0.9321833956273242,0.3493160424060215,-0.0949337634064207,0.9,1.6344201564788818,-0.39300546050071716,0.11128421872854233,0.24800044298171997,direct,SAFE_PROGRESSING,NONE,1,0,"4.408,18.652;4.010,18.954;3.612,19.257;3.213,19.559;2.815,19.862;2.417,20.164;2.019,20.466",0,1,PASS_THROUGH,-1,0.9323703915077222,0.34918611805443983,-0.09356552782840455,0.9,2.2127793800757756,2.7446962101898285,0.0,0,0,0,DIRECT_LOCAL,PASS_THROUGH,0,BYPASS_VISIBLE,1,14,0.0,22.0,2.0,0.0,22.0,2.0,1,
284,9.5,0.033333,4.373039245605469,18.757169723510742,2.5346755981445312,0.568174233981861,0.16530060768127441,1.6130849687810882,-0.4110303259494088,0.10570469623907122,1.66798157308903,0.0,22.0,2.0,0.9319778696203773,0.34948353242715413,-0.09632502841993636,0.9,1.635230541229248,-0.3923574686050415,0.11114731431007385,0.24861782789230347,direct,SAFE_PROGRESSING,NONE,1,0,"4.391,18.705;3.991,19.005;3.591,19.305;3.191,19.605;2.791,19.905;2.391,20.205;1.991,20.505",0,1,PASS_THROUGH,-1,0.9323703915077222,0.34918611805443983,-0.09356552782840455,0.9,2.2275320346516136,2.765396480284026,0.0,0,0,0,DIRECT_LOCAL,PASS_THROUGH,0,BYPASS_VISIBLE,1,14,0.0,22.0,2.0,0.0,22.0,2.0,1,
285,9.533333,0.033333,4.355108737945557,18.80970001220703,2.5380771160125732,0.5736903725184382,0.16553251445293427,1.6139710872835407,-0.41049600399816655,0.1055454473973206,1.668696941134602,0.0,22.0,2.0,0.9317538630416493,0.349687981774335,-0.09773972636321297,0.9,1.635996699333191,-0.3917350172996521,0.1110033392906189,0.2492838352918625,direct,SAFE_PROGRESSING,NONE,1,0,"4.373,18.757;3.971,19.055;3.570,19.353;3.168,19.651;2.767,19.948;2.365,20.246;1.963,20.544",0,1,PASS_THROUGH,-1,0.9323703915077222,0.34918611805443983,-0.09356552782840455,0.9,2.24324871048239,2.786258402658837,0.0,0,0,0,DIRECT_LOCAL,PASS_THROUGH,0,BYPASS_VISIBLE,1,14,0.0,22.0,2.0,0.0,22.0,2.0,1,
286,9.566667,0.033333,4.336857795715332,18.86214828491211,2.5414786338806152,0.5792150754793952,0.16581209003925323,1.6148125878221504,-0.4099867486776825,0.10538166270417794,1.6693753690271291,0.0,22.0,2.0,0.9315111896400757,0.3499294129021899,-0.09917817079004719,0.9,1.636742353439331,-0.39111611247062683,0.11085304617881775,0.2500450611114502,direct,SAFE_PROGRESSING,NONE,1,0,"4.355,18.810;3.952,19.105;3.548,19.401;3.145,19.696;2.742,19.992;2.338,20.287;1.935,20.583",0,1,PASS_THROUGH,-1,0.9323703915077222,0.34918611805443983,-0.09356552782840455,0.9,2.259911874167486,2.807282059182798,0.0,0,0,0,DIRECT_LOCAL,PASS_THROUGH,0,BYPASS_VISIBLE,1,14,0.0,22.0,2.0,0.0,22.0,2.0,1,
287,9.6,0.033333,4.3182878494262695,18.914505004882812,2.544882297515869,0.5847499192836152,0.16613882780075073,1.6156095137340372,-0.40950233280627074,0.10521513027095471,1.6700169116148627,0.0,22.0,2.0,0.9312496174840323,0.35020786857608394,-0.10064093959835395,0.9,1.6374685764312744,-0.3904918432235718,0.1106967106461525,0.25092047452926636,direct,SAFE_PROGRESSING,NONE,1,0,"4.337,18.862;3.932,19.155;3.527,19.448;3.122,19.741;2.717,20.035;2.311,20.328;1.906,20.621",0,1,PASS_THROUGH,-1,0.9323703915077222,0.34918611805443983,-0.09356552782840455,0.9,2.2775038003676014,2.828461150574407,0.0,0,0,0,DIRECT_LOCAL,PASS_THROUGH,0,BYPASS_VISIBLE,1,14,0.0,22.0,2.0,0.0,22.0,2.0,1,
288,9.633333,0.033333,4.299400329589844,18.96677017211914,2.5482869148254395,0.5902967086314821,0.16651585698127747,1.6163624141492228,-0.4090417413075864,0.10504679340874123,1.6706218688894576,0.0,22.0,2.0,0.9309694475299363,0.35052185608335296,-0.10212891937980294,0.9,1.6381349563598633,-0.3898985683917999,0.11053377389907837,0.2518445551395416,direct,SAFE_PROGRESSING,NONE,1,0,"4.318,18.915;3.911,19.205;3.505,19.496;3.098,19.787;2.691,20.077;2.284,20.368;1.877,20.659",1,1,PASS_THROUGH,-1,0.9358629141232766,0.35236430859082307,0.0,0.9,2.2960001802603127,2.8497956197196643,0.0,0,0,0,DIRECT_LOCAL,PASS_THROUGH,0,BYPASS_VISIBLE,1,14,0.0,22.0,2.0,0.0,22.0,2.0,1,
289,9.666667,0.033333,4.280196189880371,19.018939971923828,2.5516915321350098,0.5958569250656643,0.16694392263889313,1.6170717555908294,-0.4086044191722757,0.10487172483052996,1.671190208433992,0.0,22.0,2.0,0.9306703920298603,0.35087156186051643,-0.1036425032337022,0.9,1.6387838125228882,-0.38933008909225464,0.1103597953915596,0.2527988851070404,direct,SAFE_PROGRESSING,NONE,1,0,"4.299,18.967;3.891,19.255;3.482,19.543;3.074,19.831;2.665,20.120;2.257,20.408;1.848,20.696",0,1,PASS_THROUGH,-1,0.9309694475299363,0.35052185608335296,-0.10212891937980294,0.9,2.315381883879932,2.8712824767501646,0.0,0,0,0,DIRECT_LOCAL,PASS_THROUGH,0,BYPASS_VISIBLE,1,14,0.0,22.0,2.0,0.0,22.0,2.0,1,
290,9.7,0.033333,4.260676860809326,19.071012496948242,2.55509614944458,0.6014324902360599,0.16742071509361267,1.6177378647169576,-0.4081893527722913,0.10468988131761356,1.6717219619021397,0.0,22.0,2.0,0.9303525149188745,0.3512562071752334,-0.10518210353950481,0.9,1.6393969058990479,-0.388785719871521,0.11017788201570511,0.25379300117492676,direct,SAFE_PROGRESSING,NONE,1,0,"4.280,19.019;3.870,19.305;3.460,19.590;3.049,19.876;2.639,20.162;2.229,20.448;1.818,20.734",0,1,PASS_THROUGH,-1,0.9309694475299363,0.35052185608335296,-0.10212891937980294,0.9,2.335626573529445,2.8929203339723486,0.0,0,0,0,DIRECT_LOCAL,PASS_THROUGH,0,BYPASS_VISIBLE,1,14,0.0,22.0,2.0,0.0,22.0,2.0,1,
291,9.733333,0.033333,4.240842342376709,19.122983932495117,2.5585007667541504,0.6070245765889182,0.16794244945049286,1.618360797312212,-0.4077972526574808,0.10450235287788893,1.6722173935553424,0.0,22.0,2.0,0.9300154522032194,0.3516760597391881,-0.1067483380177915,0.9,1.639955997467041,-0.3882720470428467,0.10999132692813873,0.2548271119594574,direct,SAFE_PROGRESSING,NONE,1,0,"4.261,19.071;3.849,19.354;3.437,19.638;3.025,19.921;2.613,20.204;2.201,20.487;1.788,20.771",0,1,PASS_THROUGH,-1,0.9309694475299363,0.35052185608335296,-0.10212891937980294,0.9,2.356713142783997,2.914705426351178,0.0,0,0,0,DIRECT_LOCAL,PASS_THROUGH,0,BYPASS_VISIBLE,1,14,0.0,22.0,2.0,0.0,22.0,2.0,1,
292,9.766667,0.033333,4.220694541931152,19.17485237121582,2.5619053840637207,0.6126346124933889,0.16850407421588898,1.6189400999653885,-0.407429662761775,0.10430802563311184,1.672676340953501,0.0,22.0,2.0,0.9296590639602645,0.3521307566190019,-0.10834184343758428,0.9,1.6405069828033447,-0.38775599002838135,0.10979942232370377,0.255953311920166,direct,SAFE_PROGRESSING,NONE,1,0,"4.241,19.123;3.827,19.404;3.413,19.684;3.000,19.965;2.586,20.246;2.172,20.527;1.758,20.807",0,1,PASS_THROUGH,-1,0.9309694475299363,0.35052185608335296,-0.10212891937980294,0.9,2.378617889691571,2.9366366519885467,0.0,0,0,0,DIRECT_LOCAL,PASS_THROUGH,0,BYPASS_VISIBLE,1,14,0.0,22.0,2.0,0.0,22.0,2.0,1,
293,9.8,0.033333,4.2002339363098145,19.226612091064453,2.565310001373291,0.6182644154533026,0.16910497844219208,1.619475441248627,-0.40708679134298487,0.1041091741962758,1.6730986464178352,0.0,22.0,2.0,0.9292831411700384,0.3526200846742496,-0.1099632639633427,0.9,1.6409955024719238,-0.3872576653957367,0.10960544645786285,0.25716274976730347,direct,SAFE_PROGRESSING,NONE,1,0,"4.221,19.175;3.805,19.453;3.390,19.731;2.974,20.009;2.559,20.287;2.143,20.565;1.728,20.844",0,1,PASS_THROUGH,-1,0.9309694475299363,0.35052185608335296,-0.10212891937980294,0.9,2.4013196278145443,2.958709162902723,0.0,0,0,0,DIRECT_LOCAL,PASS_THROUGH,0,BYPASS_VISIBLE,1,14,0.0,22.0,2.0,0.0,22.0,2.0,1,
294,9.833333,0.033333,4.179461479187012,19.278261184692383,2.568713903427124,0.6239146761765967,0.16974623501300812,1.6199665506415653,-0.40676929600140876,0.10390181841737667,1.6734839327694335,0.0,22.0,2.0,0.9288873273043705,0.3531441882591205,-0.11161324057722834,0.9,1.641439437866211,-0.3867798447608948,0.10940588265657425,0.2584418058395386,direct,SAFE_PROGRESSING,NONE,1,0,"4.200,19.227;3.783,19.502;3.366,19.778;2.948,20.053;2.531,20.329;2.114,20.604;1.697,20.880",1,1,PASS_THROUGH,-1,0.9347277664551921,0.3553646051841518,0.0,0.9,2.4237052080882404,2.9809210846201237,0.0,0,0,0,DIRECT_LOCAL,PASS_THROUGH,0,BYPASS_VISIBLE,1,14,0.0,22.0,2.0,0.0,22.0,2.0,1,
295,9.866667,0.033333,4.158379554748535,19.329801559448242,2.572115421295166,0.6295871246639998,0.17042918503284454,1.620412526452331,-0.4064763700487431,0.10368202054347125,1.6738308626248968,0.0,22.0,2.0,0.9284713789497406,0.3537029074197718,-0.11329232875162906,0.9,1.6418659687042236,-0.3863057494163513,0.10919755697250366,0.25980907678604126,direct,SAFE_PROGRESSING,NONE,1,0,"4.179,19.278;3.760,19.551;3.341,19.824;2.922,20.097;2.504,20.370;2.085,20.643;1.666,20.915",0,1,PASS_THROUGH,-1,0.9288873273043705,0.3531441882591205,-0.11161324057722834,0.9,2.4449792904043255,3.003274278720826,0.0,0,0,0,DIRECT_LOCAL,PASS_THROUGH,0,BYPASS_VISIBLE,1,14,0.0,22.0,2.0,0.0,22.0,2.0,1,
296,9.9,0.033333,4.136988162994385,19.381223678588867,2.575516939163208,0.6352832099723288,0.17115718126296997,1.620812465492815,-0.40620712401713965,0.10345135264777014,1.6741384226711444,0.0,22.0,2.0,0.9280346545258815,0.3542971440500113,-0.11500092920073798,0.9,1.6422361135482788,-0.3858593702316284,0.10898134112358093,0.2612309455871582,direct,SAFE_PROGRESSING,NONE,1,0,"4.158,19.330;3.738,19.600;3.317,19.870;2.896,20.140;2.475,20.410;2.055,20.681;1.634,20.951",0,1,PASS_THROUGH,-1,0.9288873273043705,0.3531441882591205,-0.11161324057722834,0.9,2.467033500805612,3.025760697420984,0.0,0,0,0,DIRECT_LOCAL,PASS_THROUGH,0,BYPASS_VISIBLE,1,14,0.0,22.0,2.0,0.0,22.0,2.0,1,
297,9.933333,0.033333,4.1152873039245605,19.43252944946289,2.57891845703125,0.641004461477671,0.17193138599395752,1.6211658510406959,-0.40595986469650325,0.10320976071606192,1.6744056805421956,0.0,22.0,2.0,0.9275772101150309,0.35492570090888104,-0.1167401649371594,0.9,1.6425679922103882,-0.38543614745140076,0.1087561696767807,0.26270973682403564,direct,SAFE_PROGRESSING,NONE,1,0,"4.137,19.381;3.715,19.649;3.292,19.916;2.870,20.184;2.447,20.451;2.025,20.718;1.602,20.986",0,1,PASS_THROUGH,-1,0.9288873273043705,0.3531441882591205,-0.11161324057722834,0.9,2.4880639300445657,3.048380519957262,0.0,0,0,0,DIRECT_LOCAL,PASS_THROUGH,0,BYPASS_VISIBLE,1,14,0.0,22.0,2.0,0.0,22.0,2.0,1,
298,9.966667,0.033333,4.093278408050537,19.48371124267578,2.5823171138763428,0.646752234626151,0.17275120317935944,1.621471846769344,-0.40573442341396715,0.10295880490002231,1.6746318663261763,0.0,22.0,2.0,0.9270983537927018,0.35558939672563844,-0.1185108574399794,0.9,1.6428762674331665,-0.38501566648483276,0.10852248966693878,0.2642834782600403,direct,SAFE_PROGRESSING,NONE,1,0,"4.115,19.433;3.691,19.697;3.267,19.962;2.843,20.227;2.418,20.491;1.994,20.756;1.570,21.020",0,1,PASS_THROUGH,-1,0.9288873273043705,0.3531441882591205,-0.11161324057722834,0.9,2.508714910785941,3.0711279539727983,0.0,0,0,0,DIRECT_LOCAL,PASS_THROUGH,0,BYPASS_VISIBLE,1,14,0.0,22.0,2.0,0.0,22.0,2.0,1,
299,10.0,0.033333,4.070961952209473,19.534767150878906,2.5857152938842773,0.6525283862106537,0.17361792922019958,1.6217302657799855,-0.40553071809465524,0.10270092990304613,1.6748169151486794,0.0,22.0,2.0,0.9265981488411761,0.356287277539537,-0.12031311826883531,0.9,1.6431167125701904,-0.38463258743286133,0.10828099399805069,0.26589250564575195,direct,SAFE_PROGRESSING,NONE,1,0,"4.093,19.484;3.667,19.746;3.241,20.007;2.815,20.269;2.389,20.531;1.964,20.793;1.538,21.055",0,1,PASS_THROUGH,-1,0.9288873273043705,0.3531441882591205,-0.11161324057722834,0.9,2.5301218408390467,3.0940006833793143,0.0,0,0,0,DIRECT_LOCAL,PASS_THROUGH,0,BYPASS_VISIBLE,1,14,0.0,22.0,2.0,0.0,22.0,2.0,1,
300,10.033333,0.033333,4.048338890075684,19.585695266723633,2.589110851287842,0.6583342441635157,0.174530491232872,1.6219412899278534,-0.4053489230127646,0.10243324426721055,1.6749608553311157,0.0,22.0,2.0,0.9260759964641246,0.35701969017654417,-0.1221482279823297,0.9,1.643324613571167,-0.38427087664604187,0.10802999883890152,0.2675568163394928,direct,SAFE_PROGRESSING,NONE,1,0,"4.071,19.535;3.643,19.794;3.216,20.053;2.788,20.312;2.360,20.571;1.932,20.830;1.505,21.089",1,1,PASS_THROUGH,-1,0.9330628935032963,0.3597132702128962,0.0,0.9,2.5522651221973045,3.1169967180104603,0.0,0,0,0,DIRECT_LOCAL,PASS_THROUGH,0,BYPASS_VISIBLE,1,14,0.0,22.0,2.0,0.0,22.0,2.0,1,
301,10.066667,0.033333,4.025410175323486,19.636489868164062,2.5925052165985107,0.6641713279867371,0.17548686265945435,1.6221037970808447,-0.40518970966500734,0.10215558269022941,1.6750627428240674,0.0,22.0,2.0,0.9255314120255727,0.3577869459313865,-0.12401655806802882,0.9,1.6434930562973022,-0.38391178846359253,0.10777224600315094,0.26933449506759644,direct,SAFE_PROGRESSING,NONE,1,0,"4.048,19.586;3.619,19.842;3.189,20.098;2.760,20.354;2.331,20.610;1.901,20.866;1.472,21.122",0,1,PASS_THROUGH,-1,0.9260759964641246,0.35701969017654417,-0.1221482279823297,0.9,2.575125463188109,3.1401111860605475,0.0,0,0,0,DIRECT_LOCAL,PASS_THROUGH,0,BYPASS_VISIBLE,1,14,0.0,22.0,2.0,0.0,22.0,2.0,1,
302,10.1,0.033333,4.002176284790039,19.68714714050293,2.5958971977233887,0.6700409826623276,0.17648836970329285,1.622217172526054,-0.4050542687250143,0.10186805296974125,1.6751222688707315,0.0,22.0,2.0,0.9249639810809881,0.35858889129300553,-0.12591918338387775,0.9,1.6436240673065186,-0.38358038663864136,0.10750404000282288,0.2711504101753235,direct,SAFE_PROGRESSING,NONE,1,0,"4.025,19.636;3.594,19.890;3.163,20.143;2.732,20.396;2.301,20.649;1.870,20.902;1.438,21.155",0,1,PASS_THROUGH,-1,0.9260759964641246,0.35701969017654417,-0.1221482279823297,0.9,2.598680675245795,3.1633402738499345,0.0,0,0,0,DIRECT_LOCAL,PASS_THROUGH,0,BYPASS_VISIBLE,1,14,0.0,22.0,2.0,0.0,22.0,2.0,1,
303,10.133333,0.033333,3.978637456893921,19.737667083740234,2.5992860794067383,0.6759448262828329,0.17753569781780243,1.622281284267212,-0.40494281409735333,0.10157158192708546,1.6751394074010464,0.0,22.0,2.0,0.9243733082678528,0.3594254482574662,-0.12785669363339883,0.9,1.6437095403671265,-0.38327622413635254,0.10722655057907104,0.2730104327201843,direct,SAFE_PROGRESSING,NONE,1,0,"4.002,19.687;3.569,19.937;3.136,20.188;2.703,20.438;2.271,20.688;1.838,20.938;1.405,21.188",0,1,PASS_THROUGH,-1,0.9260759964641246,0.35701969017654417,-0.1221482279823297,0.9,2.6229096339908224,3.186682908453853,0.0,0,0,0,DIRECT_LOCAL,PASS_THROUGH,0,BYPASS_VISIBLE,1,14,0.0,22.0,2.0,0.0,22.0,2.0,1,
304,10.166667,0.033333,3.9547946453094482,19.788043975830078,2.6026723384857178,0.6818844488843758,0.17862695455551147,1.6222959058430992,-0.4048552222123233,0.10126685237299424,1.6751139461115487,0.0,22.0,2.0,0.9237586826953791,0.3602972459462236,-0.12982985291705645,0.9,1.6437506675720215,-0.3829951882362366,0.10694073140621185,0.27492690086364746,direct,SAFE_PROGRESSING,NONE,1,0,"3.979,19.738;3.544,19.985;3.109,20.232;2.675,20.479;2.240,20.726;1.805,20.973;1.371,21.221",0,1,PASS_THROUGH,-1,0.9260759964641246,0.35701969017654417,-0.1221482279823297,0.9,2.647794142022817,3.2101341210195278,0.0,0,0,0,DIRECT_LOCAL,PASS_THROUGH,0,BYPASS_VISIBLE,1,14,0.0,22.0,2.0,0.0,22.0,2.0,1,
305,10.2,0.033333,3.9306485652923584,19.838275909423828,2.606055736541748,0.6878611454813968,0.17975987493991852,1.6222605793639535,-0.4047915292810942,0.10095390646405195,1.6750454503583925,0.0,22.0,2.0,0.9231195823572669,0.36120431205697057,-0.1318396056577673,0.9,1.643752932548523,-0.3827366530895233,0.10664631426334381,0.2768959105014801,direct,SAFE_PROGRESSING,NONE,1,0,"3.955,19.788;3.518,20.032;3.082,20.276;2.646,20.520;2.209,20.764;1.773,21.008;1.337,21.252",0,1,PASS_THROUGH,-1,0.9260759964641246,0.35701969017654417,-0.1221482279823297,0.9,2.673312158390254,3.233691676650831,0.0,0,0,0,DIRECT_LOCAL,PASS_THROUGH,0,BYPASS_VISIBLE,1,14,0.0,22.0,2.0,0.0,22.0,2.0,1,
306,10.233333,0.033333,3.9061999320983887,19.888357162475586,2.609435796737671,0.6938763495456909,0.18093283474445343,1.6221747539893012,-0.4047529752797123,0.10064110412607755,1.674934188354201,0.0,22.0,2.0,0.9224552526984408,0.362147241266194,-0.13388682688129167,0.8971744353828246,1.6438900232315063,-0.38238704204559326,0.10633982717990875,0.2790442109107971,direct,SAFE_PROGRESSING,NONE,1,0,"3.931,19.838;3.493,20.079;3.054,20.320;2.616,20.561;2.178,20.802;1.740,21.043;1.302,21.284",1,1,PASS_THROUGH,-1,0.9308359142923504,0.36543741004927766,0.0,0.8971744353828246,2.6994446359807913,3.257350370360591,0.0,0,0,0,DIRECT_LOCAL,PASS_THROUGH,0,BYPASS_VISIBLE,1,14,0.0,22.0,2.0,0.0,22.0,2.0,1,
307,10.266667,0.033333,3.881448984146118,19.93828582763672,2.6128122806549072,0.6999318382429054,0.18215569853782654,1.622042191093731,-0.4047387783793799,0.10037346625988172,1.674786309097733,0.0,22.0,2.0,0.921765299725956,0.3631256854715662,-0.1359723088423653,0.8880863332535551,1.6443759202957153,-0.3818134665489197,0.10601199418306351,0.2813718914985657,direct,SAFE_PROGRESSING,NONE,1,0,"3.906,19.888;3.466,20.126;3.027,20.364;2.587,20.602;2.147,20.839;1.707,21.077;1.267,21.315",0,1,PASS_THROUGH,-1,0.9224552526984408,0.362147241266194,-0.13388682688129167,0.8971744353828246,2.7261696600668084,3.2811076357571363,0.0,0,0,0,DIRECT_LOCAL,PASS_THROUGH,0,BYPASS_VISIBLE,1,14,0.0,22.0,2.0,0.0,22.0,2.0,1,
308,10.3,0.033333,3.856395959854126,19.98805809020996,2.6161839962005615,0.7060292286934545,0.1834525316953659,1.6218795601308464,-0.4047401246305183,0.10021720521748799,1.6746197670748302,0.0,22.0,2.0,0.9210489615522393,0.36414012862447054,-0.1380969845756795,0.8790065197722379,1.6448452472686768,-0.3812830150127411,0.10566011071205139,0.28325778245925903,direct,SAFE_PROGRESSING,NONE,1,0,"3.881,19.938;3.440,20.173;2.998,20.407;2.557,20.642;2.115,20.876;1.674,21.111;1.232,21.346",0,1,PASS_THROUGH,-1,0.9224552526984408,0.362147241266194,-0.13388682688129167,0.8971744353828246,2.7534683619038063,3.304959421795534,0.0,0,0,0,DIRECT_LOCAL,PASS_THROUGH,0,BYPASS_VISIBLE,1,14,0.0,22.0,2.0,0.0,22.0,2.0,1,
309,10.333333,0.033333,3.8310396671295166,20.037668228149414,2.619550943374634,0.7121713558192155,0.18480652570724487,1.6217198814978016,-0.4047371006176853,0.10017422355818943,1.6744618149504455,0.0,22.0,2.0,0.9203060381581607,0.36518965936786857,-0.1402615728573243,0.8699356308957304,1.6452771425247192,-0.3807837963104248,0.10529668629169464,0.28483107686042786,direct,SAFE_PROGRESSING,NONE,1,0,"3.856,19.988;3.413,20.219;2.970,20.451;2.527,20.682;2.083,20.913;1.640,21.144;1.197,21.376",0,1,PASS_THROUGH,-1,0.9224552526984408,0.362147241266194,-0.13388682688129167,0.8971744353828246,2.781320625361462,3.3288992809196998,0.0,0,0,0,DIRECT_LOCAL,PASS_THROUGH,0,BYPASS_VISIBLE,1,14,0.0,22.0,2.0,0.0,22.0,2.0,1,
310,10.366667,0.033333,3.80537748336792,20.08711814880371,2.622911214828491,0.7183594800293921,0.1861656904220581,1.6215967068599961,-0.404709389261224,0.10019636223802915,1.6743371465929766,0.0,22.0,2.0,0.9195358740172288,0.3662743564036122,-0.14246709176680294,0.8608742280713042,1.6457610130310059,-0.38025110960006714,0.10493815690279007,0.28629305958747864,direct,SAFE_PROGRESSING,NONE,1,0,"3.831,20.038;3.386,20.266;2.941,20.494;2.496,20.722;2.051,20.949;1.606,21.177;1.161,21.405",0,1,PASS_THROUGH,-1,0.9224552526984408,0.362147241266194,-0.13388682688129167,0.8971744353828246,2.8097042661684632,3.352926007031064,0.0,0,0,0,DIRECT_LOCAL,PASS_THROUGH,0,BYPASS_VISIBLE,1,14,0.0,22.0,2.0,0.0,22.0,2.0,1,
311,10.4,0.033333,3.7794060707092285,20.13640594482422,2.6262645721435547,0.7245927698658806,0.187489315867424,1.6215308414177831,-0.40464429071314856,0.1002345734574225,1.674259908554225,0.0,22.0,2.0,0.9187365057820398,0.3673976051229096,-0.14471431405828014,0.8518219242907452,1.6462610960006714,-0.37966445088386536,0.10460592061281204,0.2878038287162781,direct,SAFE_PROGRESSING,NONE,1,0,"3.805,20.087;3.359,20.312;2.912,20.536;2.465,20.761;2.018,20.985;1.572,21.210;1.125,21.434",0,1,PASS_THROUGH,-1,0.9224552526984408,0.362147241266194,-0.13388682688129167,0.8971744353828246,2.830141266391993,3.377035069476986,0.0,0,0,0,DIRECT_LOCAL,PASS_THROUGH,0,BYPASS_VISIBLE,1,14,0.0,22.0,2.0,0.0,22.0,2.0,1,
312,10.433333,0.033333,3.7531228065490723,20.185518264770508,2.6296098232269287,0.7308696669647741,0.18875989317893982,1.621531001367272,-0.40453512525639834,0.10025019414037636,1.6742346183813486,0.0,22.0,2.0,0.9179058858067791,0.3685627425965008,-0.14700438623053994,0.8427785723379607,1.64678955078125,-0.37903934717178345,0.10430294275283813,0.2893589735031128,direct,SAFE_PROGRESSING,NONE,1,0,"3.779,20.136;3.331,20.358;2.883,20.579;2.434,20.800;1.986,21.021;1.537,21.242;1.089,21.463",1,1,PASS_THROUGH,-1,0.9279876923604855,0.37261084636314723,0.0,0.8427785723379607,2.850806469599517,3.4012132033941285,0.0,0,0,0,DIRECT_LOCAL,PASS_THROUGH,0,BYPASS_VISIBLE,1,14,0.0,22.0,2.0,0.0,22.0,2.0,1,
313,10.466667,0.033333,3.7265233993530273,20.234464645385742,2.632946252822876,0.7371883150528287,0.1899780035018921,1.6215962351036501,-0.4043787813006445,0.10022405924453982,1.6742584658648079,0.0,22.0,2.0,0.9170427122440139,0.3697712835976401,-0.14933807868958374,0.8337451593507506,1.647334098815918,-0.3783755898475647,0.10402985662221909,0.2909918427467346,direct,SAFE_PROGRESSING,NONE,1,0,"3.753,20.186;3.303,20.403;2.853,20.621;2.403,20.838;1.953,21.056;1.502,21.274;1.052,21.491",0,1,PASS_THROUGH,-1,0.9179058858067791,0.3685627425965008,-0.14700438623053994,0.8427785723379607,2.8720713374879714,3.4254647123549695,0.0,0,0,0,DIRECT_LOCAL,PASS_THROUGH,0,BYPASS_VISIBLE,1,14,0.0,22.0,2.0,0.0,22.0,2.0,1,
314,10.5,0.033333,3.6996049880981445,20.283239364624023,2.6362738609313965,0.7435469233155237,0.19115504622459412,1.6217204350463055,-0.40417342735632666,0.1001547140355145,1.6743250268604584,0.0,22.0,2.0,0.916143813628425,0.3710290473705869,-0.15171670559842837,0.8247203582868204,1.6478848457336426,-0.3776538372039795,0.10378599166870117,0.29278627038002014,direct,SAFE_PROGRESSING,NONE,1,0,"3.727,20.234;3.275,20.449;2.823,20.663;2.371,20.877;1.919,21.091;1.467,21.305;1.015,21.519",0,1,PASS_THROUGH,-1,0.9179058858067791,0.3685627425965008,-0.14700438623053994,0.8427785723379607,2.8939271076629143,3.4497825739999586,0.0,0,0,0,DIRECT_LOCAL,PASS_THROUGH,0,BYPASS_VISIBLE,1,14,0.0,22.0,2.0,0.0,22.0,2.0,1,
315,10.533333,0.033333,3.6723639965057373,20.33184051513672,2.6395926475524902,0.7499445763609142,0.1923113465309143,1.6218966938833719,-0.4039187143290118,0.10004861920039275,1.674427943991296,0.0,22.0,2.0,0.9152073996483825,0.37233829847485594,-0.15414151652846564,0.8157044598906443,1.6484380960464478,-0.3768554627895355,0.10356626659631729,0.29481813311576843,direct,SAFE_PROGRESSING,NONE,1,0,"3.700,20.283;3.246,20.494;2.793,20.704;2.339,20.915;1.885,21.125;1.432,21.336;0.978,21.546",0,1,PASS_THROUGH,-1,0.9179058858067791,0.3685627425965008,-0.14700438623053994,0.8427785723379607,2.9163544961148027,3.4741625405673116,0.0,0,0,0,DIRECT_LOCAL,PASS_THROUGH,0,BYPASS_VISIBLE,1,14,0.0,22.0,2.0,0.0,22.0,2.0,1,
316,10.566667,0.033333,3.6447978019714355,20.38026237487793,2.642902135848999,0.7563810187610507,0.19347581267356873,1.6221191595613844,-0.4036129060380577,0.09991061629648806,1.6745614581093646,0.0,22.0,2.0,0.9142315391528304,0.3737014612175938,-0.15661389051448046,0.806697301093066,1.6489770412445068,-0.37600812315940857,0.10335958003997803,0.29703834652900696,direct,SAFE_PROGRESSING,NONE,1,0,"3.672,20.332;3.217,20.539;2.762,20.745;2.307,20.952;1.851,21.159;1.396,21.366;0.941,21.573",0,1,PASS_THROUGH,-1,0.9179058858067791,0.3685627425965008,-0.14700438623053994,0.8427785723379607,2.939336995991777,3.4985978672158895,0.0,0,0,0,DIRECT_LOCAL,PASS_THROUGH,0,BYPASS_VISIBLE,1,14,0.0,22.0,2.0,0.0,22.0,2.0,1,
317,10.6,0.033333,3.616903066635132,20.42850112915039,2.6462020874023438,0.7628571739708754,0.1946783810853958,1.6223825928614641,-0.40325313489608827,0.09973957380981324,1.6747197828314961,0.0,22.0,2.0,0.9132149573976927,0.37511928457865296,-0.15913504932078992,0.7976992162837291,1.6494872570037842,-0.37515416741371155,0.10315495729446411,0.2993503212928772,direct,SAFE_PROGRESSING,NONE,1,0,"3.645,20.380;3.188,20.583;2.731,20.786;2.274,20.989;1.817,21.192;1.360,21.396;0.903,21.599",0,1,PASS_THROUGH,-1,0.9179058858067791,0.3685627425965008,-0.14700438623053994,0.8427785723379607,2.962855852098533,3.523083036618627,0.0,0,0,0,DIRECT_LOCAL,PASS_THROUGH,0,BYPASS_VISIBLE,1,14,0.0,22.0,2.0,0.0,22.0,2.0,1,
318,10.633333,0.033333,3.588676929473877,20.47655487060547,2.6494925022125244,0.769374877014764,0.195939302444458,1.6226823741512986,-0.40283747269264186,0.09953189615974914,1.674897822298377,0.0,22.0,2.0,0.91215648598055,0.37659207924471244,-0.16170637258240228,0.7887102508403505,1.6499710083007812,-0.3742887079715729,0.10294914245605469,0.30176955461502075,direct,SAFE_PROGRESSING,NONE,1,0,"3.617,20.429;3.158,20.628;2.700,20.827;2.241,21.026;1.783,21.225;1.324,21.425;0.865,21.624",1,1,PASS_THROUGH,-1,0.9243215582779054,0.3816145396898613,0.0,0.7887102508403505,2.9868936507276866,3.547614478181388,0.0,0,0,0,DIRECT_LOCAL,PASS_THROUGH,0,BYPASS_VISIBLE,1,14,0.0,22.0,2.0,0.0,22.0,2.0,1,
319,10.666667,0.033333,3.5601160526275635,20.524417877197266,2.6527724266052246,0.775935884238921,0.19726979732513428,1.6230124478490173,-0.4023682237517152,0.09928547056888733,1.675090205936401,0.0,22.0,2.0,0.911054632908742,0.37812076964996866,-0.16432936260702966,0.779730393569828,1.6504271030426025,-0.37341076135635376,0.10274194180965424,0.30430078506469727,direct,SAFE_PROGRESSING,NONE,1,0,"3.589,20.477;3.128,20.672;2.668,20.867;2.208,21.063;1.748,21.258;1.287,21.453;0.827,21.649",0,1,PASS_THROUGH,-1,0.91215648598055,0.37659207924471244,-0.16170637258240228,0.7887102508403505,3.011435138496287,3.5721852674793952,0.0,0,0,0,DIRECT_LOCAL,PASS_THROUGH,0,BYPASS_VISIBLE,1,14,0.0,22.0,2.0,0.0,22.0,2.0,1,
320,10.7,0.033333,3.5312187671661377,20.57208824157715,2.6560420989990234,0.7825425857928957,0.1986757218837738,1.6233655909497215,-0.40185156696717483,0.09900042692640765,1.6752914994964676,0.0,22.0,2.0,0.9099084409432939,0.3797049647069526,-0.1670052959550567,0.7707598564873883,1.6508556604385376,-0.37250977754592896,0.10253457725048065,0.30697348713874817,direct,SAFE_PROGRESSING,NONE,1,0,"3.560,20.524;3.098,20.716;2.636,20.907;2.174,21.099;1.713,21.290;1.251,21.482;0.789,21.673",0,1,PASS_THROUGH,-1,0.91215648598055,0.37659207924471244,-0.16170637258240228,0.7887102508403505,3.0364619393896315,3.596792656549746,0.0,0,0,0,DIRECT_LOCAL,PASS_THROUGH,0,BYPASS_VISIBLE,1,14,0.0,22.0,2.0,0.0,22.0,2.0,1,
321,10.733333,0.033333,3.501981258392334,20.619558334350586,2.659301519393921,0.7891975070423095,0.2001611441373825,1.6237333887530272,-0.40129649096444975,0.09867847236399543,1.6754958765451682,0.0,22.0,2.0,0.9087164539414399,0.38134520793596494,-0.16973579092333757,0.761798870343835,1.6512542963027954,-0.37156569957733154,0.10232853889465332,0.3098490536212921,direct,SAFE_PROGRESSING,NONE,1,0,"3.531,20.572;3.068,20.760;2.604,20.947;2.141,21.134;1.677,21.322;1.214,21.509;0.750,21.697",0,1,PASS_THROUGH,-1,0.91215648598055,0.37659207924471244,-0.16170637258240228,0.7887102508403505,3.0619600807743304,3.621427988530894,0.0,0,0,0,DIRECT_LOCAL,PASS_THROUGH,0,BYPASS_VISIBLE,1,14,0.0,22.0,2.0,0.0,22.0,2.0,1,
322,10.766667,0.033333,3.472402572631836,20.666824340820312,2.6625497341156006,0.7959034518529772,0.20173242688179016,1.624107078695415,-0.4007118844282618,0.09832014164478564,1.6756970691755877,0.0,22.0,2.0,0.9074778324324002,0.38304044960505634,-0.17252245537943384,0.752847711729061,1.6516087055206299,-0.3705841600894928,0.10212216526269913,0.31293272972106934,direct,SAFE_PROGRESSING,NONE,1,0,"3.502,20.620;3.037,20.803;2.572,20.986;2.106,21.170;1.641,21.353;1.176,21.536;0.711,21.720",0,1,PASS_THROUGH,-1,0.91215648598055,0.37659207924471244,-0.16170637258240228,0.7887102508403505,3.0879098961760088,3.646087400578912,0.0,0,0,0,DIRECT_LOCAL,PASS_THROUGH,0,BYPASS_VISIBLE,1,14,0.0,22.0,2.0,0.0,22.0,2.0,1,
323,10.8,0.033333,3.4424803256988525,20.713882446289062,2.665787696838379,0.8026633512292008,0.20339815318584442,1.6244782244221305,-0.40010398509911277,0.09792274035510275,1.6758882909050121,0.0,22.0,2.0,0.9061912743263352,0.38479073576372375,-0.17536665591048034,0.7439069018270872,1.6519131660461426,-0.36957794427871704,0.10191142559051514,0.31620365381240845,direct,SAFE_PROGRESSING,NONE,1,0,"3.472,20.667;3.006,20.846;2.539,21.025;2.072,21.204;1.605,21.384;1.139,21.563;0.672,21.742",0,1,PASS_THROUGH,-1,0.91215648598055,0.37659207924471244,-0.16170637258240228,0.7887102508403505,3.1142967251098215,3.6707663280041487,0.0,0,0,0,DIRECT_LOCAL,PASS_THROUGH,0,BYPASS_VISIBLE,1,14,0.0,22.0,2.0,0.0,22.0,2.0,1,
324,10.833333,0.033333,3.4122133255004883,20.76072883605957,2.6690146923065186,0.8094806043159625,0.20516639947891235,1.6248374769609732,-0.3994770610766783,0.09748350724287691,1.676061389999702,0.0,22.0,2.0,0.904855506907551,0.3865956429999613,-0.17827035769450106,0.7349767113259327,1.6521730422973633,-0.36855030059814453,0.10169274359941483,0.319652795791626,direct,SAFE_PROGRESSING,NONE,1,0,"3.442,20.714;2.974,20.889;2.506,21.064;2.037,21.239;1.569,21.414;1.101,21.589;0.632,21.764",1,1,PASS_THROUGH,-1,0.9195858521213273,0.3928891199540814,0.0,0.7349767113259327,3.1411054900310122,3.695460887894974,0.0,0,0,0,DIRECT_LOCAL,PASS_THROUGH,0,BYPASS_VISIBLE,1,14,0.0,22.0,2.0,0.0,22.0,2.0,1,
325,10.866667,0.033333,3.3815996646881104,20.807357788085938,2.6722311973571777,0.8163588309633856,0.20704342424869537,1.6251756458746782,-0.3988333754467412,0.09700357764485847,1.676208112195595,0.0,22.0,2.0,0.9034692554992219,0.3884548119799,-0.18123510536687532,0.7260576505071031,1.6523854732513428,-0.367492139339447,0.10146521031856537,0.3233110308647156,direct,SAFE_PROGRESSING,NONE,1,0,"3.412,20.761;2.942,20.931;2.472,21.102;2.002,21.273;1.532,21.443;1.062,21.614;0.592,21.785",0,1,PASS_THROUGH,-1,0.904855506907551,0.3865956429999613,-0.17827035769450106,0.7349767113259327,3.168322016324727,3.720165233910632,0.0,0,0,0,DIRECT_LOCAL,PASS_THROUGH,0,BYPASS_VISIBLE,1,14,0.0,22.0,2.0,0.0,22.0,2.0,1,
326,10.9,0.033333,3.3506388664245605,20.853759765625,2.6754367351531982,0.8233016856244486,0.20903494954109192,1.6254843304994913,-0.39817581471372077,0.09648685886976612,1.6763212705376223,0.0,22.0,2.0,0.9020313031770939,0.3903674491954664,-0.1842628087739326,0.7171502419398046,1.6525524854660034,-0.3664102852344513,0.10122574120759964,0.3271557688713074,direct,SAFE_PROGRESSING,NONE,1,0,"3.382,20.807;2.910,20.974;2.439,21.140;1.967,21.306;1.495,21.473;1.024,21.639;0.552,21.805",0,1,PASS_THROUGH,-1,0.904855506907551,0.3865956429999613,-0.17827035769450106,0.7349767113259327,3.195930401161839,3.744870955536875,0.0,0,0,0,DIRECT_LOCAL,PASS_THROUGH,0,BYPASS_VISIBLE,1,14,0.0,22.0,2.0,0.0,22.0,2.0,1,
327,10.933333,0.033333,3.3193295001983643,20.899932861328125,2.6786317825317383,0.830313285694507,0.2111458033323288,1.6257550438188038,-0.39750616193795013,0.09593849475936575,1.676393392392613,0.0,22.0,2.0,0.900540909380358,0.3923316879134667,-0.18735505648732273,0.7082555326460901,1.6526597738265991,-0.36530840396881104,0.10097353160381317,0.33118656277656555,direct,SAFE_PROGRESSING,NONE,1,0,"3.351,20.854;2.878,21.016;2.404,21.177;1.931,21.339;1.458,21.501;0.985,21.663;0.512,21.825",0,1,PASS_THROUGH,-1,0.904855506907551,0.3865956429999613,-0.17827035769450106,0.7349767113259327,3.2239122212928866,3.769575769504807,0.0,0,0,0,DIRECT_LOCAL,PASS_THROUGH,0,BYPASS_VISIBLE,1,14,0.0,22.0,2.0,0.0,22.0,2.0,1,
328,10.966667,0.033333,3.287670612335205,20.945871353149414,2.681816339492798,0.8373975257747972,0.21337848901748657,1.6259807680842138,-0.396826838269076,0.09536141943913375,1.6764184436076235,0.0,22.0,2.0,0.8989963043028777,0.39434767943765303,-0.19051391700320972,0.6993738925774353,1.6527042388916016,-0.36419036984443665,0.10070709884166718,0.3353966474533081,direct,SAFE_PROGRESSING,NONE,1,0,"3.319,20.900;2.845,21.057;2.370,21.215;1.895,21.372;1.421,21.529;0.946,21.686;0.472,21.844",0,1,PASS_THROUGH,-1,0.904855506907551,0.3865956429999613,-0.17827035769450106,0.7349767113259327,3.252255704346914,3.7942743691593286,0.0,0,0,0,DIRECT_LOCAL,PASS_THROUGH,0,BYPASS_VISIBLE,1,14,0.0,22.0,2.0,0.0,22.0,2.0,1,
329,11.0,0.033333,3.255661725997925,20.99156379699707,2.6849899291992188,0.844558467120052,0.21573369204998016,1.6261544934879126,-0.39614075066424953,0.09475610394124595,1.6763903633288668,0.0,22.0,2.0,0.8973960560023533,0.3964147127707367,-0.19374130734129852,0.6905060538278746,1.6526811122894287,-0.3630717098712921,0.1004243716597557,0.3397417962551117,direct,SAFE_PROGRESSING,NONE,1,0,"3.288,20.946;2.812,21.099;2.335,21.251;1.859,21.404;1.383,21.557;0.907,21.709;0.431,21.862",0,1,PASS_THROUGH,-1,0.904855506907551,0.3865956429999613,-0.17827035769450106,0.7349767113259327,3.278795785960257,3.818956665620756,0.0,0,0,0,DIRECT_LOCAL,PASS_THROUGH,0,BYPASS_VISIBLE,1,14,0.0,22.0,2.0,0.0,22.0,2.0,1,
330,11.033333,0.033333,3.223301887512207,21.037010192871094,2.6881532669067383,0.8518002014043631,0.21820904314517975,1.6262694609789674,-0.39545102018124595,0.09412270904755668,1.6763033596081767,0.0,22.0,2.0,0.89573927649117,0.3985308015578126,-0.19703895239460328,0.6816531918697294,1.652583122253418,-0.36195290088653564,0.10012597590684891,0.3442208766937256,direct,SAFE_PROGRESSING,NONE,1,0,"3.256,20.992;2.778,21.140;2.300,21.287;1.823,21.435;1.345,21.583;0.868,21.731;0.390,21.879",1,1,PASS_THROUGH,-1,0.9136507968447701,0.40649996485229467,0.0,0.6816531918697294,3.3045143069653773,3.843622368809462,0.0,0,0,0,DIRECT_LOCAL,PASS_THROUGH,0,BYPASS_VISIBLE,1,14,0.0,22.0,2.0,0.0,22.0,2.0,1,
331,11.066667,0.033333,3.1905906200408936,21.082199096679688,2.6913061141967773,0.8591264944810612,0.2207990437746048,1.6263186427586807,-0.3947613908137505,0.09346164993495933,1.6761515335643757,0.0,22.0,2.0,0.8940234707451244,0.4006971371958752,-0.20040917643628908,0.6728157081006336,1.652411937713623,-0.36083096265792847,0.09981255978345871,0.34883731603622437,direct,SAFE_PROGRESSING,NONE,1,0,"3.223,21.037;2.744,21.180;2.265,21.323;1.786,21.466;1.307,21.610;0.828,21.753;0.349,21.896",0,1,PASS_THROUGH,-1,0.89573927649117,0.3985308015578126,-0.19703895239460328,0.6816531918697294,3.330592791690818,3.8682613779867276,0.0,0,0,0,DIRECT_LOCAL,PASS_THROUGH,0,BYPASS_VISIBLE,1,14,0.0,22.0,2.0,0.0,22.0,2.0,1,
332,11.1,0.033333,3.1575281620025635,21.12712287902832,2.694448709487915,0.8665410730790056,0.22349785268306732,1.6262950129108085,-0.3940763920882009,0.09277427542232888,1.6759292162856874,0.0,22.0,2.0,0.8922473205936199,0.4029122866807851,-0.20385388918332412,0.6639947892213768,1.6521551609039307,-0.35969650745391846,0.09948597103357315,0.3536222279071808,direct,SAFE_PROGRESSING,NONE,1,0,"3.191,21.082;2.710,21.220;2.230,21.359;1.749,21.497;1.269,21.635;0.788,21.773;0.308,21.912",0,1,PASS_THROUGH,-1,0.89573927649117,0.3985308015578126,-0.19703895239460328,0.6816531918697294,3.3570124659367764,3.8928672458238722,0.0,0,0,0,DIRECT_LOCAL,PASS_THROUGH,0,BYPASS_VISIBLE,1,14,0.0,22.0,2.0,0.0,22.0,2.0,1,
333,11.133333,0.033333,3.1241142749786377,21.171777725219727,2.6975812911987305,0.8740476622363881,0.22630120813846588,1.62619156025668,-0.3933989955618605,0.09206037013516066,1.6756302909975573,0.0,22.0,2.0,0.8904088930907496,0.40517591678674825,-0.20737521443249665,0.6551915311465829,1.6518117189407349,-0.3585563898086548,0.09914427995681763,0.3585564196109772,direct,SAFE_PROGRESSING,NONE,1,0,"3.158,21.127;2.676,21.260;2.194,21.394;1.712,21.527;1.230,21.660;0.748,21.793;0.266,21.926",0,1,PASS_THROUGH,-1,0.89573927649117,0.3985308015578126,-0.19703895239460328,0.6816531918697294,3.383758374865122,3.917436685119979,0.0,0,0,0,DIRECT_LOCAL,PASS_THROUGH,0,BYPASS_VISIBLE,1,14,0.0,22.0,2.0,0.0,22.0,2.0,1,
334,11.166667,0.033333,3.0903494358062744,21.216154098510742,2.7007040977478027,0.8816494999523727,0.22920650243759155,1.6260010339981628,-0.39273138386954776,0.09131923965771929,1.6752481923496736,0.0,22.0,2.0,0.8885054370151917,0.4074892133236734,-0.21097542373294814,0.6464067493325703,1.6513707637786865,-0.3573983907699585,0.09878746420145035,0.36368033289909363,direct,SAFE_PROGRESSING,NONE,1,0,"3.124,21.172;2.641,21.300;2.158,21.428;1.674,21.556;1.191,21.684;0.708,21.812;0.224,21.941",0,1,PASS_THROUGH,-1,0.89573927649117,0.3985308015578126,-0.19703895239460328,0.6816531918697294,3.410818993493808,3.9419616400423916,0.0,0,0,0,DIRECT_LOCAL,PASS_THROUGH,0,BYPASS_VISIBLE,1,14,0.0,22.0,2.0,0.0,22.0,2.0,1,
335,11.2,0.033333,3.0562338829040527,21.260244369506836,2.703817129135132,0.8893502501730887,0.23221343755722046,1.6257165932274875,-0.3920742264760162,0.09054877622700044,1.6747763198224894,0.0,22.0,2.0,0.8865348815493266,0.4098516797709707,-0.21465671288183583,0.6376417186059791,1.6508275270462036,-0.35621845722198486,0.09841315448284149,0.3690125346183777,direct,SAFE_PROGRESSING,NONE,1,0,"3.090,21.216;2.606,21.339;2.121,21.462;1.636,21.585;1.152,21.708;0.667,21.831;0.182,21.954",0,1,PASS_THROUGH,-1,0.89573927649117,0.3985308015578126,-0.19703895239460328,0.6816531918697294,3.4381780619366653,3.9664356103356635,0.0,0,0,0,DIRECT_LOCAL,PASS_THROUGH,0,BYPASS_VISIBLE,1,14,0.0,22.0,2.0,0.0,22.0,2.0,1,
336,11.233333,0.033333,3.021768093109131,21.304039001464844,2.706920623779297,0.8971532135261631,0.23532503843307495,1.6253310768186529,-0.3914267947781786,0.08974542754962028,1.6742073607259238,0.0,22.0,2.0,0.884494623000726,0.41226374244212594,-0.21842130974430163,0.628897573213862,1.6501706838607788,-0.35503095388412476,0.09801721572875977,0.37451988458633423,direct,SAFE_PROGRESSING,NONE,1,0,"3.056,21.260;2.570,21.378;2.084,21.495;1.598,21.613;1.112,21.731;0.626,21.848;0.140,21.966",1,1,PASS_THROUGH,-1,0.9063795518248099,0.4224643275282028,0.0,0.628897573213862,3.4658210959016533,3.990850459030164,0.0,0,0,0,DIRECT_LOCAL,PASS_THROUGH,0,BYPASS_VISIBLE,1,14,0.0,22.0,2.0,0.0,22.0,2.0,1,
337,11.266667,0.033333,2.9869532585144043,21.347532272338867,2.710014581680298,0.9050620041937765,0.23854468762874603,1.6248377473036335,-0.3907871810984049,0.08890575427155208,1.6735341523602612,0.0,22.0,2.0,0.8823822362013476,0.41472516118513875,-0.22227152295395308,0.620175591909725,1.6494009494781494,-0.3538343608379364,0.09759649634361267,0.38020139932632446,direct,SAFE_PROGRESSING,NONE,1,0,"3.022,21.304;2.535,21.416;2.047,21.528;1.560,21.641;1.073,21.753;0.586,21.865;0.098,21.977",0,1,PASS_THROUGH,-1,0.884494623000726,0.41226374244212594,-0.21842130974430163,0.628897573213862,3.4937320884270373,4.015201758818718,0.0,0,0,0,DIRECT_LOCAL,PASS_THROUGH,0,BYPASS_VISIBLE,1,14,0.0,22.0,2.0,0.0,22.0,2.0,1,
338,11.3,0.033333,2.9517900943756104,21.390710830688477,2.7130990028381348,0.9130802271861399,0.24187475442886353,1.6242290608112964,-0.39015375939713093,0.08802942627244062,1.6727489882960667,0.0,22.0,2.0,0.8801946024738764,0.41723692790807365,-0.22620965444845173,0.6114770283236844,1.6485240459442139,-0.3525894284248352,0.09715089201927185,0.3861538767814636,direct,SAFE_PROGRESSING,NONE,1,0,"2.987,21.348;2.498,21.454;2.010,21.561;1.522,21.668;1.033,21.774;0.545,21.881;0.056,21.988",0,1,PASS_THROUGH,-1,0.884494623000726,0.41226374244212594,-0.21842130974430163,0.628897573213862,3.5218989836259826,4.039477941064449,0.0,0,0,0,DIRECT_LOCAL,PASS_THROUGH,0,BYPASS_VISIBLE,1,14,0.0,22.0,2.0,0.0,22.0,2.0,1,
339,11.333333,0.033333,2.9162797927856445,21.433568954467773,2.7161741256713867,0.9212116249202702,0.24532179534435272,1.6234980817952782,-0.38952507919711293,0.0871169926277687,1.671844843076346,0.0,22.0,2.0,0.877929506843623,0.4197978777244632,-0.23023797009040387,0.6028033859591135,1.6475099325180054,-0.3513154685497284,0.0966775044798851,0.3923444151878357,direct,SAFE_PROGRESSING,NONE,1,0,"2.952,21.391;2.462,21.492;1.972,21.593;1.483,21.694;0.993,21.795;0.503,21.896;0.014,21.997",0,1,PASS_THROUGH,-1,0.884494623000726,0.41226374244212594,-0.21842130974430163,0.628897573213862,3.5503025624893754,4.063674491488226,0.0,0,0,0,DIRECT_LOCAL,PASS_THROUGH,0,BYPASS_VISIBLE,1,14,0.0,22.0,2.0,0.0,22.0,2.0,1,
340,11.366667,0.033333,2.8804235458374023,21.476085662841797,2.7192397117614746,0.9294602558816379,0.24889406561851501,1.622638342473916,-0.3888981562965488,0.08616416904910534,1.6708145410144342,0.0,22.0,2.0,0.8755836134640433,0.42240883493052217,-0.23435893839554636,0.5941559377521229,1.6463468074798584,-0.35004252195358276,0.0961717814207077,0.3986973166465759,direct,SAFE_PROGRESSING,NONE,1,0,"2.916,21.434;2.430,21.528;1.944,21.622;1.458,21.717;0.972,21.811;0.486,21.906;0.000,22.000",0,1,PASS_THROUGH,-1,0.884494623000726,0.41226374244212594,-0.21842130974430163,0.628897573213862,3.5789310449767346,4.08777294471822,0.0,0,0,0,DIRECT_LOCAL,PASS_THROUGH,0,BYPASS_VISIBLE,1,14,0.0,22.0,2.0,0.0,22.0,2.0,1,
341,11.4,0.033333,2.8442227840423584,21.518272399902344,2.7222955226898193,0.9378305026403261,0.2525947093963623,1.6216421634642475,-0.38827096066834443,0.08516572366673833,1.669649917111669,0.0,22.0,2.0,0.8731557368952166,0.42506607386163675,-0.23857470942835626,0.5855365415102437,1.6450399160385132,-0.3487853705883026,0.09563103318214417,0.4051540195941925,direct,SAFE_PROGRESSING,NONE,1,0,"2.880,21.476;2.400,21.563;1.920,21.651;1.440,21.738;0.960,21.825;0.480,21.913;0.000,22.000",0,1,PASS_THROUGH,-1,0.884494623000726,0.41226374244212594,-0.21842130974430163,0.628897573213862,3.607758356946002,4.111784468373203,0.0,0,0,0,DIRECT_LOCAL,PASS_THROUGH,0,BYPASS_VISIBLE,1,14,0.0,22.0,2.0,0.0,22.0,2.0,1,
342,11.433333,0.033333,2.8076791763305664,21.56010627746582,2.725341320037842,0.9463265886470582,0.25641992688179016,1.6205022964570581,-0.3876417890647852,0.08412180110157541,1.6683435877757673,0.0,22.0,2.0,0.8706397321557189,0.4277755515358708,-0.24288790480384048,0.5769459151761632,1.6435801982879639,-0.3475065529346466,0.09505975991487503,0.4118044972419739,direct,SAFE_PROGRESSING,NONE,1,0,"2.844,21.518;2.370,21.599;1.896,21.679;1.422,21.759;0.948,21.839;0.474,21.920;0.000,22.000",1,1,PASS_THROUGH,-1,0.8975164341776438,0.4409810090934153,0.0,0.5769459151761632,3.6367893726529954,4.135688945634244,0.0,0,0,0,DIRECT_LOCAL,PASS_THROUGH,0,BYPASS_VISIBLE,1,14,0.0,22.0,2.0,0.0,22.0,2.0,1,
343,11.466667,0.033333,2.7707936763763428,21.601581573486328,2.728376626968384,0.9549523877489678,0.26036468148231506,1.6192106949489742,-0.3870110140939516,0.08303441492983228,1.6668879727593897,0.0,22.0,2.0,0.868034047010985,0.4305337002213724,-0.2473006797471945,0.5683860956893744,1.6419625282287598,-0.34620004892349243,0.0944589227437973,0.4186609983444214,direct,SAFE_PROGRESSING,NONE,1,0,"2.808,21.560;2.340,21.633;1.872,21.707;1.404,21.780;0.936,21.853;0.468,21.927;0.000,22.000",0,1,PASS_THROUGH,-1,0.8706397321557189,0.4277755515358708,-0.24288790480384048,0.5769459151761632,3.6659966338157295,4.15948160612494,0.0,0,0,0,DIRECT_LOCAL,PASS_THROUGH,0,BYPASS_VISIBLE,1,14,0.0,22.0,2.0,0.0,22.0,2.0,1,
344,11.5,0.033333,2.7335708141326904,21.642684936523438,2.7314016819000244,0.9637118962212057,0.2644274830818176,1.6177589513319885,-0.38637988379008104,0.08190448028685572,1.6652752874835655,0.0,22.0,2.0,0.8653344746060216,0.4333419366905299,-0.25181543432367576,0.5598583692196718,1.6401804685592651,-0.34485724568367004,0.0938272476196289,0.4257360100746155,direct,SAFE_PROGRESSING,NONE,1,0,"2.771,21.602;2.309,21.668;1.847,21.734;1.385,21.801;0.924,21.867;0.462,21.934;0.000,22.000",0,1,PASS_THROUGH,-1,0.8706397321557189,0.4277755515358708,-0.24288790480384048,0.5769459151761632,3.6953689129581564,4.183151993504902,0.0,0,0,0,DIRECT_LOCAL,PASS_THROUGH,0,BYPASS_VISIBLE,1,14,0.0,22.0,2.0,0.0,22.0,2.0,1,
345,11.533333,0.033333,2.6960113048553467,21.683406829833984,2.7344164848327637,0.9726092182738182,0.26860952377319336,1.6161397884223951,-0.3857458725861334,0.08073028382871356,1.663497842699619,0.0,22.0,2.0,0.8625377184365997,0.4361995762502857,-0.2564344242750109,0.5513649771418319,1.6382074356079102,-0.34350210428237915,0.09316160529851913,0.43297407031059265,direct,SAFE_PROGRESSING,NONE,1,0,"2.734,21.643;2.278,21.702;1.822,21.762;1.367,21.821;0.911,21.881;0.456,21.940;0.000,22.000",0,1,PASS_THROUGH,-1,0.8706397321557189,0.4277755515358708,-0.24288790480384048,0.5769459151761632,3.724888803647171,4.206691599408107,0.0,0,0,0,DIRECT_LOCAL,PASS_THROUGH,0,BYPASS_VISIBLE,1,14,0.0,22.0,2.0,0.0,22.0,2.0,1,
346,11.566667,0.033333,2.65811824798584,21.72373390197754,2.737419843673706,0.9816479898869596,0.2729102373123169,1.6143449957551737,-0.38510721572995643,0.07950636689834112,1.6615470487784645,0.0,22.0,2.0,0.8596394910028134,0.439107380115457,-0.2611602079884365,0.5429072919496881,1.6360368728637695,-0.3421247601509094,0.09245958924293518,0.44038909673690796,direct,SAFE_PROGRESSING,NONE,1,0,"2.696,21.683;2.247,21.736;1.797,21.789;1.348,21.842;0.899,21.894;0.449,21.947;0.000,22.000",0,1,PASS_THROUGH,-1,0.8706397321557189,0.4277755515358708,-0.24288790480384048,0.5769459151761632,3.7545415938564797,4.230089225236257,0.0,0,0,0,DIRECT_LOCAL,PASS_THROUGH,0,BYPASS_VISIBLE,1,14,0.0,22.0,2.0,0.0,22.0,2.0,1,
347,11.6,0.033333,2.6198949813842773,21.763656616210938,2.7404122352600098,0.990832461677234,0.277327299118042,1.612366673133393,-0.3844600541779906,0.07822755868993422,1.6594141655501125,0.0,22.0,2.0,0.8566362421607284,0.4420646574989453,-0.2659947127427269,0.5344872525025033,1.6336697340011597,-0.340657502412796,0.0917235016822815,0.44815894961357117,direct,SAFE_PROGRESSING,NONE,1,0,"2.658,21.724;2.215,21.770;1.772,21.816;1.329,21.862;0.886,21.908;0.443,21.954;0.000,22.000",0,1,PASS_THROUGH,-1,0.8706397321557189,0.4277755515358708,-0.24288790480384048,0.5769459151761632,3.784309651028042,4.253337199902988,0.0,0,0,0,DIRECT_LOCAL,PASS_THROUGH,0,BYPASS_VISIBLE,1,14,0.0,22.0,2.0,0.0,22.0,2.0,1,
348,11.633333,0.033333,2.5813446044921875,21.80315589904785,2.7433931827545166,1.0001664881524617,0.28186729550361633,1.6101952504415222,-0.38379920077792895,0.07688838216682845,1.6570885294317999,0.0,22.0,2.0,0.8535232625339964,0.4450722697171974,-0.2709404271091797,0.5261067537503539,1.6311012506484985,-0.33915001153945923,0.09094557911157608,0.4561469554901123,direct,SAFE_PROGRESSING,NONE,1,0,"2.620,21.764;2.183,21.803;1.747,21.842;1.310,21.882;0.873,21.921;0.437,21.961;0.000,22.000",1,1,PASS_THROUGH,-1,0.8866888690205281,0.4623665748679257,0.0,0.5261067537503539,3.8141791701183645,4.276418772575593,0.0,0,0,0,DIRECT_LOCAL,PASS_THROUGH,0,BYPASS_VISIBLE,1,14,0.0,22.0,2.0,0.0,22.0,2.0,1,
349,11.666667,0.033333,2.542470932006836,21.842226028442383,2.7463626861572266,1.0096543350803922,0.2865399420261383,1.6078216129418559,-0.38311800487012243,0.07548653150386632,1.6545597484337333,0.0,22.0,2.0,0.8502974929906589,0.4481277462403839,-0.27599945011415183,0.5177678076984156,1.6283140182495117,-0.3376031517982483,0.09012250602245331,0.464336097240448,direct,SAFE_PROGRESSING,NONE,1,0,"2.581,21.803;2.151,21.836;1.721,21.869;1.291,21.902;0.860,21.934;0.430,21.967;0.000,22.000",0,1,PASS_THROUGH,-1,0.8535232625339964,0.4450722697171974,-0.2709404271091797,0.5261067537503539,3.8441270860854684,4.299329795563024,0.0,0,0,0,DIRECT_LOCAL,PASS_THROUGH,0,BYPASS_VISIBLE,1,14,0.0,22.0,2.0,0.0,22.0,2.0,1,
350,11.7,0.033333,2.5032780170440674,21.880849838256836,2.749319314956665,1.0193006236284132,0.2913495898246765,1.6052367071815503,-0.3824080720691725,0.07402248201281428,1.6518172258183001,0.0,22.0,2.0,0.8469534908741186,0.45123267710684123,-0.2811740660287457,0.5094723178427174,1.6253108978271484,-0.3359658122062683,0.08925360441207886,0.4728317856788635,direct,SAFE_PROGRESSING,NONE,1,0,"2.542,21.842;2.119,21.869;1.695,21.895;1.271,21.921;0.847,21.947;0.424,21.974;0.000,22.000",0,1,PASS_THROUGH,-1,0.8535232625339964,0.4450722697171974,-0.2709404271091797,0.5261067537503539,3.8741435736007084,4.3220554031812135,0.0,0,0,0,DIRECT_LOCAL,PASS_THROUGH,0,BYPASS_VISIBLE,1,14,0.0,22.0,2.0,0.0,22.0,2.0,1,
351,11.733333,0.033333,2.4637703895568848,21.919017791748047,2.752263069152832,1.0291097243280782,0.296301931142807,1.602432105121919,-0.38166332083616483,0.07249514495389656,1.648851445109304,0.0,22.0,2.0,0.8434875851983359,0.4543852725269853,-0.2864659102351574,0.5012224093816836,1.6220471858978271,-0.3342975974082947,0.08833445608615875,0.4814874529838562,direct,SAFE_PROGRESSING,NONE,1,0,"2.503,21.881;2.086,21.901;1.669,21.921;1.252,21.940;0.834,21.960;0.417,21.980;0.000,22.000",0,1,PASS_THROUGH,-1,0.8535232625339964,0.4450722697171974,-0.2709404271091797,0.5261067537503539,3.9042077626881313,4.344587921386966,0.0,0,0,0,DIRECT_LOCAL,PASS_THROUGH,0,BYPASS_VISIBLE,1,14,0.0,22.0,2.0,0.0,22.0,2.0,1,
352,11.766667,0.033333,2.423952102661133,21.95671272277832,2.755192995071411,1.0390869194049626,0.3013976812362671,1.59939942774713,-0.38087532563506893,0.07089941550614656,1.645652232482483,0.0,22.0,2.0,0.8398948239291429,0.4575854761555355,-0.2918770575919692,0.4930201882483372,1.6185261011123657,-0.3325597047805786,0.08736489713191986,0.4903755784034729,direct,SAFE_PROGRESSING,NONE,1,0,"2.464,21.919;1.971,21.935;1.478,21.951;0.986,21.968;0.493,21.984;0.000,22.000",0,1,PASS_THROUGH,-1,0.8535232625339964,0.4450722697171974,-0.2709404271091797,0.5261067537503539,3.934306399083721,4.366912223127209,0.0,0,0,0,DIRECT_LOCAL,PASS_THROUGH,0,BYPASS_VISIBLE,1,14,0.0,22.0,2.0,0.0,22.0,2.0,1,
353,11.8,0.033333,2.383828639984131,21.99392318725586,2.758108615875244,1.049236451427376,0.306633859872818,1.5961289302325203,-0.3800379869466077,0.06922963966911469,1.6422086275672634,0.0,22.0,2.0,0.8361710335849231,0.46083160893606523,-0.29740919756947454,0.48486771739783185,1.6147315502166748,-0.3306693136692047,0.08634811639785767,0.49970078468322754,direct,SAFE_PROGRESSING,NONE,1,0,"2.424,21.957;1.939,21.965;1.454,21.974;0.970,21.983;0.485,21.991;0.000,22.000",0,1,PASS_THROUGH,-1,0.8535232625339964,0.4450722697171974,-0.2709404271091797,0.5261067537503539,3.9644187133802293,4.389018915528891,0.0,0,0,0,DIRECT_LOCAL,PASS_THROUGH,0,BYPASS_VISIBLE,1,14,0.0,22.0,2.0,0.0,22.0,2.0,1,
354,11.833333,0.033333,2.34340500831604,22.0306339263916,2.7610089778900146,1.0595631537392785,0.3120185136795044,1.5926093026453954,-0.3791448899841007,0.06747448979361509,1.6385078715851862,0.0,22.0,2.0,0.8323110281314252,0.46412345324537957,-0.3030639744317921,0.4767672770843955,1.6106116771697998,-0.3286020755767822,0.0852830708026886,0.509559154510498,direct,SAFE_PROGRESSING,NONE,1,0,"2.384,21.994;1.907,21.995;1.430,21.996;0.954,21.998;0.477,21.999;0.000,22.000",1,1,PASS_THROUGH,-1,0.873386194585759,0.48702828984259916,0.0,0.4767672770843955,3.994529866184323,4.410894712511391,0.0,0,0,0,DIRECT_LOCAL,PASS_THROUGH,0,BYPASS_VISIBLE,1,14,0.0,22.0,2.0,0.0,22.0,2.0,1,
355,11.866667,0.033333,2.302687883377075,22.066822052001953,2.7638933658599854,1.0700725858397035,0.31757232546806335,1.588827131645875,-0.37818406709281827,0.06561502058147062,1.6345336257730616,0.0,22.0,2.0,0.8283105103050944,0.46745889886554004,-0.308842802068513,0.46872104584483365,1.60621976852417,-0.32656800746917725,0.0841471254825592,0.5193522572517395,direct,SAFE_PROGRESSING,NONE,1,0,"2.343,22.031;1.875,22.025;1.406,22.018;0.937,22.012;0.469,22.006;0.000,22.000",0,1,PASS_THROUGH,-1,0.8323110281314252,0.46412345324537957,-0.3030639744317921,0.4767672770843955,4.024621219423559,4.4325194519027455,0.0,0,0,0,DIRECT_LOCAL,PASS_THROUGH,0,BYPASS_VISIBLE,1,14,0.0,22.0,2.0,0.0,22.0,2.0,1,
356,11.9,0.033333,2.261683225631714,22.102476119995117,2.7667603492736816,1.0807701770609044,0.32330048084259033,1.5847691638447123,-0.3771419532182824,0.06365649994619532,1.630270378046467,0.0,22.0,2.0,0.8241665410613294,0.47083320002340184,-0.31474689887388424,0.4607314478038306,1.6015503406524658,-0.3244680166244507,0.08294568210840225,0.5292515754699707,direct,SAFE_PROGRESSING,NONE,1,0,"2.303,22.067;1.842,22.053;1.382,22.040;0.921,22.027;0.461,22.013;0.000,22.000",0,1,PASS_THROUGH,-1,0.8323110281314252,0.46412345324537957,-0.3030639744317921,0.4767672770843955,4.054666853624476,4.453883420620742,0.0,0,0,0,DIRECT_LOCAL,PASS_THROUGH,0,BYPASS_VISIBLE,1,14,0.0,22.0,2.0,0.0,22.0,2.0,1,
357,11.933333,0.033333,2.22039794921875,22.13758087158203,2.769609212875366,1.0916615413692787,0.32918840646743774,1.5804219923627325,-0.37600986881446335,0.06161990407298384,1.6257041883342809,0.0,22.0,2.0,0.8198739233716225,0.47424546373339066,-0.3207771654958065,0.4528007229796846,1.5965707302093506,-0.3221294581890106,0.08169087767601013,0.5396559834480286,direct,SAFE_PROGRESSING,NONE,1,0,"2.262,22.102;1.809,22.082;1.357,22.061;0.905,22.041;0.452,22.020;0.000,22.000",0,1,PASS_THROUGH,-1,0.8323110281314252,0.46412345324537957,-0.3030639744317921,0.4767672770843955,4.08465205697175,4.474973428131269,0.0,0,0,0,DIRECT_LOCAL,PASS_THROUGH,0,BYPASS_VISIBLE,1,14,0.0,22.0,2.0,0.0,22.0,2.0,1,
358,11.966667,0.033333,2.178839683532715,22.172115325927734,2.7724387645721436,1.102752081980021,0.3352326452732086,1.5757762988650639,-0.3747809246080236,0.0595100356190726,1.620824830095562,0.0,22.0,2.0,0.8154279234833555,0.47769355951083403,-0.3269344961999153,0.4449312553246895,1.5912102460861206,-0.31960397958755493,0.08037851005792618,0.5504578351974487,direct,SAFE_PROGRESSING,NONE,1,0,"2.220,22.138;1.776,22.110;1.332,22.083;0.888,22.055;0.444,22.028;0.000,22.000",0,1,PASS_THROUGH,-1,0.8323110281314252,0.46412345324537957,-0.3030639744317921,0.4767672770843955,4.9376918721173375,4.495770848614867,0.0,0,0,0,DIRECT_LOCAL,PASS_THROUGH,0,BYPASS_VISIBLE,1,14,0.0,22.0,2.0,0.0,22.0,2.0,1,
359,12.0,0.033333,2.1370162963867188,22.206066131591797,2.775247812271118,1.114047254881638,0.3414408266544342,1.5708222641567036,-0.3734416402247607,0.057306778956376536,1.6156191726822589,0.0,22.0,2.0,0.8108250313042562,0.4811731520999657,-0.33321939665727,0.43712543060115594,1.5854322910308838,-0.3169260025024414,0.07900215685367584,0.5615867376327515,direct,SAFE_PROGRESSING,NONE,1,0,"2.179,22.172;1.743,22.138;1.307,22.103;0.872,22.069;0.436,22.034;0.000,22.000",0,1,PASS_THROUGH,-1,0.8323110281314252,0.46412345324537957,-0.3030639744317921,0.4767672770843955,4.907990850667032,4.516264214614649,0.0,0,0,0,DIRECT_LOCAL,PASS_THROUGH,0,BYPASS_VISIBLE,1,14,0.0,22.0,2.0,0.0,22.0,2.0,1,
360,12.033333,0.033333,2.0949370861053467,22.239412307739258,2.7780351638793945,1.1255522614258038,0.34781885147094727,1.5655464855140915,-0.3719752442734537,0.05498358883812589,1.610069742495442,0.0,22.0,2.0,0.8060599385774619,0.4846827994235318,-0.33963209413049705,0.42938569615727146,1.5793213844299316,-0.314081072807312,0.07755038142204285,0.5729807019233704,direct,SAFE_PROGRESSING,NONE,1,0,"2.137,22.206;1.710,22.165;1.282,22.124;0.855,22.082;0.427,22.041;0.000,22.000",1,1,PASS_THROUGH,-1,0.8570015082087016,0.5153138994127857,0.0,0.42938569615727146,4.860838342932055,4.5364349633089915,0.0,0,0,0,DIRECT_LOCAL,PASS_THROUGH,0,BYPASS_VISIBLE,1,14,0.0,22.0,2.0,0.0,22.0,2.0,1,
361,12.066667,0.033333,2.0526106357574463,22.272132873535156,2.780799388885498,1.1372731406548144,0.35437387228012085,1.5599330406276972,-0.37036162993471133,0.052537149493876154,1.604156781691494,0.0,22.0,2.0,0.8011294348244451,0.48821740383519163,-0.3461724934917424,0.4217145787300504,1.572847604751587,-0.3109823167324066,0.07602301985025406,0.584787130355835,direct,SAFE_PROGRESSING,NONE,1,0,"2.095,22.239;1.676,22.192;1.257,22.144;0.838,22.096;0.419,22.048;0.000,22.000",0,1,PASS_THROUGH,-1,0.8060599385774619,0.4846827994235318,-0.33963209413049705,0.42938569615727146,4.896769367318765,4.556264086992677,0.0,0,0,0,DIRECT_LOCAL,PASS_THROUGH,0,BYPASS_VISIBLE,1,14,0.0,22.0,2.0,0.0,22.0,2.0,1,
362,12.1,0.033333,2.010047197341919,22.304210662841797,2.783538818359375,1.1492155022029051,0.36111554503440857,1.5539667152963204,-0.36858092434150724,0.049974483340884376,1.5978616645449828,0.0,22.0,2.0,0.796030136337058,0.49177203065016906,-0.3528403207024588,0.41411431865527615,1.5659444332122803,-0.30763423442840576,0.07441911101341248,0.5969740748405457,direct,SAFE_PROGRESSING,NONE,1,0,"2.053,22.272;1.642,22.218;1.232,22.163;0.821,22.109;0.411,22.054;0.000,22.000",0,1,PASS_THROUGH,-1,0.8060599385774619,0.4846827994235318,-0.33963209413049705,0.42938569615727146,4.865197445646499,4.575736475268521,0.0,0,0,0,DIRECT_LOCAL,PASS_THROUGH,0,BYPASS_VISIBLE,1,14,0.0,22.0,2.0,0.0,22.0,2.0,1,
363,12.133333,0.033333,1.9672577381134033,22.335628509521484,2.786252021789551,1.1613856838074916,0.3680499792098999,1.5476341746878253,-0.3666105086582292,0.04729883896629377,1.5911668623648088,0.0,22.0,2.0,0.790758357778153,0.49534242467525447,-0.35963467841802815,0.4065874500241614,1.5586607456207275,-0.3042045831680298,0.07272708415985107,0.6090633273124695,direct,SAFE_PROGRESSING,NONE,1,0,"2.010,22.304;1.608,22.243;1.206,22.183;0.804,22.122;0.402,22.061;0.000,22.000",0,1,PASS_THROUGH,-1,0.8060599385774619,0.4846827994235318,-0.33963209413049705,0.42938569615727146,4.818116961670973,4.594836972435383,0.0,0,0,0,DIRECT_LOCAL,PASS_THROUGH,0,BYPASS_VISIBLE,1,14,0.0,22.0,2.0,0.0,22.0,2.0,1,
364,12.166667,0.033333,1.9242533445358276,22.366355895996094,2.7889366149902344,1.1737899758189687,0.375163733959198,1.5409245062410626,-0.3644293294200976,0.04452689711429815,1.5840579896716127,0.0,22.0,2.0,0.7853104916585708,0.4989241641066187,-0.36655437544992636,0.39913654328165327,1.5509357452392578,-0.3005889654159546,0.07095753401517868,0.6212459802627563,direct,SAFE_PROGRESSING,NONE,1,0,"1.967,22.336;1.475,22.252;0.984,22.168;0.492,22.084;-0.000,22.000",0,1,PASS_THROUGH,-1,0.8060599385774619,0.4846827994235318,-0.33963209413049705,0.42938569615727146,4.856276808803865,4.613537293560316,0.0,0,0,0,DIRECT_LOCAL,PASS_THROUGH,0,BYPASS_VISIBLE,1,14,0.0,22.0,2.0,0.0,22.0,2.0,1,
365,12.2,0.033333,1.8810466527938843,22.396371841430664,2.791590929031372,1.1864340382931975,0.3824252784252167,1.5338281267778011,-0.3620222418826446,0.041672729560883644,1.5765232134356566,0.0,22.0,2.0,0.7796860883359397,0.5025079049637315,-0.37359792438444117,0.39176358056809824,1.542807936668396,-0.29679375886917114,0.06911027431488037,0.6334149837493896,direct,SAFE_PROGRESSING,NONE,1,0,"1.924,22.366;1.443,22.275;0.962,22.183;0.481,22.092;-0.000,22.000",0,1,PASS_THROUGH,-1,0.8060599385774619,0.4846827994235318,-0.33963209413049705,0.42938569615727146,4.809795779235336,4.631818454778357,0.0,0,0,0,DIRECT_LOCAL,PASS_THROUGH,0,BYPASS_VISIBLE,1,14,0.0,22.0,2.0,0.0,22.0,2.0,1,
366,12.233333,0.033333,1.8376508951187134,22.4256591796875,2.794212579727173,1.1993223992405315,0.3898000419139862,1.5263371073476506,-0.35937828330576915,0.03874601031400497,1.5685531451287993,0.0,22.0,2.0,0.7738822023837445,0.5060884679858253,-0.3807634428427251,0.3844709168021015,1.5341730117797852,-0.2928418517112732,0.06719029694795609,0.6454976201057434,direct,SAFE_PROGRESSING,NONE,1,0,"1.881,22.396;1.411,22.297;0.941,22.198;0.470,22.099;0.000,22.000",1,1,PASS_THROUGH,-1,0.8369257404241228,0.5473164578336137,0.0,0.3844709168021015,4.862665513834143,4.649665029608018,0.0,0,0,0,DIRECT_LOCAL,PASS_THROUGH,0,BYPASS_VISIBLE,1,14,0.0,22.0,2.0,0.0,22.0,2.0,1,
367,12.266667,0.033333,1.7940804958343506,22.454193115234375,2.796799898147583,1.2124584829893172,0.39724400639533997,1.5184431303003183,-0.3564874490145835,0.03573577766215841,1.5601377782318693,0.0,22.0,2.0,0.7678947879261465,0.5096627875180145,-0.38804824145359235,0.3772609998175186,1.524967908859253,-0.2884694039821625,0.0652105063199997,0.6580957174301147,direct,SAFE_PROGRESSING,NONE,1,0,"1.838,22.426;1.378,22.319;0.919,22.213;0.459,22.106;0.000,22.000",0,1,PASS_THROUGH,-1,0.7738822023837445,0.5060884679858253,-0.3807634428427251,0.3844709168021015,4.816278063959452,4.667054181675044,0.0,0,0,0,DIRECT_LOCAL,PASS_THROUGH,0,BYPASS_VISIBLE,1,14,0.0,22.0,2.0,0.0,22.0,2.0,1,
368,12.3,0.033333,1.7503503561019897,22.48194694519043,2.7993509769439697,1.2258437987915871,0.40473294258117676,1.5101330520878922,-0.3533353816668467,0.032600533606766326,1.5512609457268607,0.0,22.0,2.0,0.7617210157589479,0.5132256991139784,-0.39544971351630115,0.3701359864406343,1.5152066946029663,-0.2836490869522095,0.0631587877869606,0.6712334156036377,direct,SAFE_PROGRESSING,NONE,1,0,"1.794,22.454;1.346,22.341;0.897,22.227;0.449,22.114;0.000,22.000",0,1,PASS_THROUGH,-1,0.7738822023837445,0.5060884679858253,-0.3807634428427251,0.3844709168021015,4.769918680432288,4.683960987651536,0.0,0,0,0,DIRECT_LOCAL,PASS_THROUGH,0,BYPASS_VISIBLE,1,14,0.0,22.0,2.0,0.0,22.0,2.0,1,
369,12.333333,0.033333,1.706477403640747,22.50890350341797,2.801863670349121,1.2394796813579185,0.4122832417488098,1.5013864534655392,-0.34989382485477083,0.02930022332103846,1.5418967132749177,0.0,22.0,2.0,0.7553589236385407,0.5167708761595998,-0.402964958815112,0.3630977403997303,1.5049761533737183,-0.27861741185188293,0.06100524589419365,0.6842637062072754,direct,SAFE_PROGRESSING,NONE,1,0,"1.750,22.482;1.313,22.361;0.875,22.241;0.438,22.120;0.000,22.000",0,1,PASS_THROUGH,-1,0.7738822023837445,0.5060884679858253,-0.3807634428427251,0.3844709168021015,4.723596842685104,4.700369923112727,0.0,0,0,0,DIRECT_LOCAL,PASS_THROUGH,0,BYPASS_VISIBLE,1,14,0.0,22.0,2.0,0.0,22.0,2.0,1,
370,12.366667,0.033333,1.6624798774719238,22.535036087036133,2.8043363094329834,1.253367863693103,0.4199126958847046,1.4921824350246125,-0.3461253543438444,0.025836053860290475,1.532017846500068,0.0,22.0,2.0,0.748805050356264,0.5202950134782285,-0.41058993595878945,0.3561487276365057,1.4941102266311646,-0.27301204204559326,0.05876418575644493,0.6979542970657349,direct,SAFE_PROGRESSING,NONE,1,0,"1.706,22.509;1.280,22.382;0.853,22.254;0.427,22.127;-0.000,22.000",0,1,PASS_THROUGH,-1,0.7738822023837445,0.5060884679858253,-0.3807634428427251,0.3844709168021015,4.768692075540793,4.7162560983896755,0.0,0,0,0,DIRECT_LOCAL,PASS_THROUGH,0,BYPASS_VISIBLE,1,14,0.0,22.0,2.0,0.0,22.0,2.0,1,
371,12.4,0.033333,1.618376612663269,22.560319900512695,2.8067638874053955,1.2675114319127803,0.42763373255729675,1.4825013521444868,-0.3419866229410775,0.022206656916689986,1.521597267673773,0.0,22.0,2.0,0.7420597052599919,0.5237891973438504,-0.4183207747355358,0.3492908792070013,1.482674479484558,-0.2668840289115906,0.056424252688884735,0.7121276259422302,direct,SAFE_PROGRESSING,NONE,1,0,"1.662,22.535;1.247,22.401;0.831,22.268;0.416,22.134;0.000,22.000",0,1,PASS_THROUGH,-1,0.7738822023837445,0.5060884679858253,-0.3807634428427251,0.3844709168021015,4.6311084708896315,4.731596203792832,0.0,0,0,0,DIRECT_LOCAL,PASS_THROUGH,0,BYPASS_VISIBLE,1,14,0.0,22.0,2.0,0.0,22.0,2.0,1,
372,12.433333,0.033333,1.5741888284683228,22.584728240966797,2.8091444969177246,1.2819129626268277,0.4354754090309143,1.4723248101555317,-0.3374294570363623,0.018419387628053813,1.5106085723694171,0.0,22.0,2.0,0.7351237100971932,0.5272454693834607,-0.42615178735698367,0.34252598449320565,1.470651626586914,-0.2603629231452942,0.053978804498910904,0.7264633178710938,direct,SAFE_PROGRESSING,NONE,1,0,"1.618,22.560;1.214,22.420;0.809,22.280;0.405,22.140;0.000,22.000",1,1,PASS_THROUGH,-1,0.8126041546594708,0.5828159982620302,0.0,0.34252598449320565,4.584966243612396,4.746365144827202,0.0,0,0,0,DIRECT_LOCAL,PASS_THROUGH,0,BYPASS_VISIBLE,1,14,0.0,22.0,2.0,0.0,22.0,2.0,1,
373,12.466667,0.033333,1.529937982559204,22.60823631286621,2.8114750385284424,1.2965769769569075,0.4434587061405182,1.4616385915933563,-0.3324055714904829,0.014503391791205134,1.4990300813413897,0.0,22.0,2.0,0.7280000450184027,0.5306525360567665,-0.4340781271035499,0.3358557775866656,1.4580607414245605,-0.2536051273345947,0.051432814449071884,0.7406264543533325,direct,SAFE_PROGRESSING,NONE,1,0,"1.574,22.585;1.181,22.439;0.787,22.292;0.394,22.146;0.000,22.000",0,1,PASS_THROUGH,-1,0.7351237100971932,0.5272454693834607,-0.42615178735698367,0.34252598449320565,4.538910443441773,4.760539286859732,0.0,0,0,0,DIRECT_LOCAL,PASS_THROUGH,0,BYPASS_VISIBLE,1,14,0.0,22.0,2.0,0.0,22.0,2.0,1,
374,12.5,0.033333,1.485647439956665,22.630815505981445,2.813751459121704,1.3115081422493495,0.45157161355018616,1.4504342262025083,-0.3268799859886795,0.010513784473056328,1.486849188533784,0.0,22.0,2.0,0.720692322497473,0.5339993761287486,-0.4420941557941089,0.32928174214592654,1.4449900388717651,-0.24657973647117615,0.04879727587103844,0.7545942664146423,direct,SAFE_PROGRESSING,NONE,1,0,"1.530,22.608;1.147,22.456;0.765,22.304;0.382,22.152;0.000,22.000",0,1,PASS_THROUGH,-1,0.7351237100971932,0.5272454693834607,-0.42615178735698367,0.34252598449320565,4.592671808646004,4.774091175319251,0.0,0,0,0,DIRECT_LOCAL,PASS_THROUGH,0,BYPASS_VISIBLE,1,14,0.0,22.0,2.0,0.0,22.0,2.0,1,
375,12.533333,0.033333,1.4413419961929321,22.652435302734375,2.8159701824188232,1.326711481972898,0.4597814083099365,1.438711541922204,-0.3208382467740661,0.006512793191814546,1.4740659747543123,0.0,22.0,2.0,0.7132067881522761,0.5372724809194686,-0.45019369007145543,0.3228049887121585,1.4312487840652466,-0.23903988301753998,0.04609879106283188,0.768884539604187,direct,SAFE_PROGRESSING,NONE,1,0,"1.486,22.631;1.114,22.473;0.743,22.315;0.371,22.158;0.000,22.000",0,1,PASS_THROUGH,-1,0.7351237100971932,0.5272454693834607,-0.42615178735698367,0.34252598449320565,4.640826330514314,4.786991255454495,0.0,0,0,0,DIRECT_LOCAL,PASS_THROUGH,0,BYPASS_VISIBLE,1,14,0.0,22.0,2.0,0.0,22.0,2.0,1,
376,12.566667,0.033333,1.3970470428466797,22.673072814941406,2.818127155303955,1.3421908887578315,0.4680497944355011,1.4264749246793242,-0.3142766832834956,0.00251082877659399,1.4606871152494303,0.0,22.0,2.0,0.7055507960943961,0.5404575374312998,-0.458370728084003,0.3164262046192459,1.4169598817825317,-0.2309546172618866,0.04332698881626129,0.7834212779998779,direct,SAFE_PROGRESSING,NONE,1,0,"1.441,22.652;1.081,22.489;0.721,22.326;0.360,22.163;0.000,22.000",0,1,PASS_THROUGH,-1,0.7351237100971932,0.5272454693834607,-0.42615178735698367,0.34252598449320565,4.59559061880087,4.799217067329225,0.0,0,0,0,DIRECT_LOCAL,PASS_THROUGH,0,BYPASS_VISIBLE,1,14,0.0,22.0,2.0,0.0,22.0,2.0,1,
377,12.6,0.033333,1.3527904748916626,22.69269371032715,2.8202199935913086,1.3579485870852612,0.4763648211956024,1.413728462798602,-0.30718624854756277,-0.0015151415492710568,1.4467183048118029,0.0,22.0,2.0,0.6977299301783692,0.5435441338072525,-0.46661838705414455,0.31014625286401903,1.4018380641937256,-0.2221532016992569,0.04049566015601158,0.7985917925834656,direct,SAFE_PROGRESSING,NONE,1,0,"1.397,22.673;1.048,22.505;0.699,22.337;0.349,22.168;-0.000,22.000",0,1,PASS_THROUGH,-1,0.7351237100971932,0.5272454693834607,-0.42615178735698367,0.34252598449320565,4.550487890179854,4.810734830338595,0.0,0,0,0,DIRECT_LOCAL,PASS_THROUGH,0,BYPASS_VISIBLE,1,14,0.0,22.0,2.0,0.0,22.0,2.0,1,
378,12.633333,0.033333,1.308600902557373,22.71128273010254,2.822244644165039,1.3739851749174437,0.4847252368927002,1.40046923695576,-0.29954161315192934,-0.005625191311547692,1.4321560335544448,0.0,22.0,2.0,0.6897532802103397,0.5465168061244632,-0.47493135615854287,0.30396490884866306,1.3863013982772827,-0.2129097580909729,0.037565264850854874,0.8136297464370728,direct,SAFE_PROGRESSING,NONE,1,0,"1.353,22.693;1.015,22.520;0.676,22.346;0.338,22.173;0.000,22.000",1,1,PASS_THROUGH,-1,0.7837901987188644,0.6210257034875799,0.0,0.30396490884866306,4.505537407407215,4.821529113015667,0.0,0,0,0,DIRECT_LOCAL,PASS_THROUGH,0,BYPASS_VISIBLE,1,14,0.0,22.0,2.0,0.0,22.0,2.0,1,
379,12.666667,0.033333,1.264508605003357,22.728805541992188,2.8241963386535645,1.3903015589195753,0.49315527081489563,1.386692136147985,-0.29130476388981236,-0.009819621932283237,1.4169932854090925,0.0,22.0,2.0,0.6816264042298612,0.5493677115069304,-0.48330173040276586,0.297883161277444,1.3700509071350098,-0.20322249829769135,0.03454715758562088,0.8285166621208191,direct,SAFE_PROGRESSING,NONE,1,0,"1.309,22.711;0.872,22.474;0.436,22.237;-0.000,22.000",0,1,PASS_THROUGH,-1,0.6897532802103397,0.5465168061244632,-0.47493135615854287,0.30396490884866306,4.558765317033243,4.83156543215063,0.0,0,0,0,DIRECT_LOCAL,PASS_THROUGH,0,BYPASS_VISIBLE,1,14,0.0,22.0,2.0,0.0,22.0,2.0,1,
380,12.7,0.033333,1.2205456495285034,22.745235443115234,2.8260698318481445,1.4068997624864257,0.501640260219574,1.3723959297289159,-0.2824367407750581,-0.01408002098671092,1.4012277999908216,0.0,22.0,2.0,0.6733623030990018,0.5520790853547808,-0.49172339000604465,0.2918999506794108,1.3532631397247314,-0.19295625388622284,0.031445879489183426,0.8433464765548706,direct,SAFE_PROGRESSING,NONE,1,0,"1.265,22.729;0.843,22.486;0.422,22.243;-0.000,22.000",0,1,PASS_THROUGH,-1,0.6897532802103397,0.5465168061244632,-0.47493135615854287,0.30396490884866306,4.514558355996697,4.8408165232883364,0.0,0,0,0,DIRECT_LOCAL,PASS_THROUGH,0,BYPASS_VISIBLE,1,14,0.0,22.0,2.0,0.0,22.0,2.0,1,
381,12.733333,0.033333,1.1767451763153076,22.76055145263672,2.8278615474700928,1.4237812540378199,0.5101481080055237,1.357583516463157,-0.27290395820197705,-0.018379737889301875,1.3848636717524418,0.0,22.0,2.0,0.664973236262498,0.5546360759436061,-0.5001893824507457,0.2860145134959494,1.3353830575942993,-0.18162794411182404,0.028340313583612442,0.8593431115150452,direct,SAFE_PROGRESSING,NONE,1,0,"1.221,22.745;0.814,22.497;0.407,22.248;0.000,22.000",0,1,PASS_THROUGH,-1,0.6897532802103397,0.5465168061244632,-0.47493135615854287,0.30396490884866306,4.4705481884798575,4.849260351077879,0.0,0,0,0,DIRECT_LOCAL,PASS_THROUGH,0,BYPASS_VISIBLE,1,14,0.0,22.0,2.0,0.0,22.0,2.0,1,
382,12.766667,0.033333,1.1331424713134766,22.77472496032715,2.8295650482177734,1.440946875895013,0.5186510682106018,1.3422502247313959,-0.26266534728775626,-0.022752376564249,1.3678985419601128,0.0,22.0,2.0,0.656470586132886,0.5570257259696196,-0.5086931394764068,0.28022617451545584,1.317244529724121,-0.169847309589386,0.02518489770591259,0.8752433061599731,direct,SAFE_PROGRESSING,NONE,1,0,"1.177,22.761;0.784,22.507;0.392,22.254;-0.000,22.000",0,1,PASS_THROUGH,-1,0.6897532802103397,0.5465168061244632,-0.47493135615854287,0.30396490884866306,4.426757751355227,4.856867064487498,0.0,0,0,0,DIRECT_LOCAL,PASS_THROUGH,0,BYPASS_VISIBLE,1,14,0.0,22.0,2.0,0.0,22.0,2.0,1,
383,12.8,0.033333,1.089774489402771,22.787731170654297,2.8311760425567627,1.4583959543881246,0.5272106528282166,1.3263933588509478,-0.2516796835729123,-0.027139111622831523,1.3503327504385487,0.0,22.0,2.0,0.6478691892052338,0.559232124606801,-0.517228135822401,0.2745331036103526,1.2986021041870117,-0.15770235657691956,0.021976470947265625,0.8907464146614075,direct,SAFE_PROGRESSING,NONE,1,0,"1.133,22.775;0.755,22.516;0.378,22.258;-0.000,22.000",0,1,PASS_THROUGH,-1,0.6897532802103397,0.5465168061244632,-0.47493135615854287,0.30396490884866306,4.383788801417076,4.863610190245548,0.0,0,0,0,DIRECT_LOCAL,PASS_THROUGH,0,BYPASS_VISIBLE,1,14,0.0,22.0,2.0,0.0,22.0,2.0,1,
384,12.833333,0.033333,1.0466800928115845,22.799541473388672,2.8326897621154785,1.4761324759985586,0.5358608365058899,1.310029026778442,-0.23992191019137052,-0.03144704768849046,1.332188984641545,0.0,22.0,2.0,0.6391865164373842,0.5612366963038355,-0.5257889005357548,0.26893336237614396,1.2793300151824951,-0.14483009278774261,0.018748221918940544,0.9064344763755798,direct,SAFE_PROGRESSING,NONE,1,0,"1.090,22.788;0.727,22.525;0.363,22.263;0.000,22.000",1,1,PASS_THROUGH,-1,0.7514403678302269,0.6598010106048439,0.0,0.26893336237614396,4.439934814610522,4.869459092707579,0.0,0,0,0,DIRECT_LOCAL,PASS_THROUGH,0,BYPASS_VISIBLE,1,14,0.0,22.0,2.0,0.0,22.0,2.0,1,
385,12.866667,0.033333,1.0038992166519165,22.81013298034668,2.8341004848480225,1.494161519956785,0.5445646643638611,1.2931886713607423,-0.2273829282426337,-0.03562650437042033,1.31351025256966,0.0,22.0,2.0,0.6304432886476595,0.5630175722939551,-0.5343711005353349,0.26342405238372557,1.2597090005874634,-0.13169479370117188,0.015476103872060776,0.9213588237762451,direct,SAFE_PROGRESSING,NONE,1,0,"1.047,22.800;0.698,22.533;0.349,22.267;-0.000,22.000",0,1,PASS_THROUGH,-1,0.6391865164373842,0.5612366963038355,-0.5257889005357548,0.26893336237614396,4.3969591988226595,4.8743882815043635,0.0,0,0,0,DIRECT_LOCAL,PASS_THROUGH,0,BYPASS_VISIBLE,1,14,0.0,22.0,2.0,0.0,22.0,2.0,1,
386,12.9,0.033333,0.9614724516868591,22.819482803344727,2.835402250289917,1.512486027054522,0.5532869100570679,1.2759142312556877,-0.21407344253217225,-0.03962679281379668,1.2943549926612388,0.0,22.0,2.0,0.62165888326811,0.5645561871662484,-0.5429701137135949,0.25800225448935327,1.2395782470703125,-0.11836890876293182,0.012200972065329552,0.9355082511901855,direct,SAFE_PROGRESSING,NONE,1,0,"1.004,22.810;0.669,22.540;0.335,22.270;-0.000,22.000",0,1,PASS_THROUGH,-1,0.6391865164373842,0.5612366963038355,-0.5257889005357548,0.26893336237614396,4.354314453974075,4.878371696433003,0.0,0,0,0,DIRECT_LOCAL,PASS_THROUGH,0,BYPASS_VISIBLE,1,14,0.0,22.0,2.0,0.0,22.0,2.0,1,
387,12.933333,0.033333,0.9194412231445312,22.82756996154785,2.836590051651001,1.5311095304016866,0.5619502663612366,1.2582536916079778,-0.20002593708225452,-0.04341924743766475,1.2747933004996501,0.0,22.0,2.0,0.6128539242865815,0.5658328749825693,-0.5515824735028272,0.25266431012950535,1.218912124633789,-0.10463370382785797,0.008978285826742649,0.9493954181671143,direct,SAFE_PROGRESSING,NONE,1,0,"0.961,22.819;0.641,22.546;0.320,22.273;-0.000,22.000",0,1,PASS_THROUGH,-1,0.6391865164373842,0.5612366963038355,-0.5257889005357548,0.26893336237614396,4.3120323006229135,4.881384628714915,0.0,0,0,0,DIRECT_LOCAL,PASS_THROUGH,0,BYPASS_VISIBLE,1,14,0.0,22.0,2.0,0.0,22.0,2.0,1,
388,12.966667,0.033333,0.8778472542762756,22.834379196166992,2.8376588821411133,1.5500319036127308,0.5704655647277832,1.2402497896061775,-0.18528781916840034,-0.04702190223072705,1.2548952848105477,0.0,22.0,2.0,0.6040469986289547,0.5668300207545589,-0.5602061683155032,0.24740607947856286,1.197877287864685,-0.09071745723485947,0.005792864598333836,0.9625659584999084,direct,SAFE_PROGRESSING,NONE,1,0,"0.919,22.828;0.613,22.552;0.306,22.276;-0.000,22.000",0,1,PASS_THROUGH,-1,0.6391865164373842,0.5612366963038355,-0.5257889005357548,0.26893336237614396,4.273132276109642,4.883407460684406,0.0,0,0,0,DIRECT_LOCAL,PASS_THROUGH,0,BYPASS_VISIBLE,1,14,0.0,22.0,2.0,0.0,22.0,2.0,1,
389,13.0,0.033333,0.8367335200309753,22.839895248413086,2.838604688644409,1.5692492100846824,0.578779935836792,1.221937076241189,-0.16991204213273256,-0.05046288601887734,1.2347254039744766,0.0,22.0,2.0,0.5952534705461838,0.5675340025026793,-0.5688395747537369,0.24222340471859213,1.1761479377746582,-0.07639828324317932,0.002684438368305564,0.9754720330238342,direct,SAFE_PROGRESSING,NONE,1,0,"0.878,22.834;0.585,22.556;0.293,22.278;-0.000,22.000",0,1,PASS_THROUGH,-1,0.6391865164373842,0.5612366963038355,-0.5257889005357548,0.26893336237614396,4.231865793414369,4.884420111183416,0.0,0,0,0,DIRECT_LOCAL,PASS_THROUGH,0,BYPASS_VISIBLE,1,14,0.0,22.0,2.0,0.0,22.0,2.0,1,
390,13.033333,0.033333,0.7961430549621582,22.84410858154297,2.839423179626465,1.5887552467455066,0.5868280529975891,1.2033365414981425,-0.15394561569208817,-0.05381032201428998,1.2143367059637158,0.0,22.0,2.0,0.5864877751495198,0.5679310226697285,-0.5774828509051008,0.23711153593617545,1.1540597677230835,-0.062130510807037354,-0.0004025665111839771,0.9872138500213623,direct,SAFE_PROGRESSING,NONE,1,0,"0.837,22.840;0.558,22.560;0.279,22.280;-0.000,22.000",1,1,PASS_THROUGH,-1,0.718380392770299,0.6956504950642894,0.0,0.23711153593617545,4.191037791898425,4.88440760000398,0.0,0,0,0,DIRECT_LOCAL,PASS_THROUGH,0,BYPASS_VISIBLE,1,14,0.0,22.0,2.0,0.0,22.0,2.0,1,
391,13.066667,0.033333,0.7561202645301819,22.84701156616211,2.840111494064331,1.608539401712255,0.5945639610290527,1.1844572538160996,-0.1374359712362719,-0.05708623670009945,1.1937698566841994,0.0,22.0,2.0,0.5777605015277547,0.5680113282083586,-0.586136446487824,0.23206577183194949,1.1313055753707886,-0.04755052924156189,-0.0033915836829692125,0.9985616207122803,direct,SAFE_PROGRESSING,NONE,1,0,"0.796,22.844;0.531,22.563;0.265,22.281;-0.000,22.000",0,1,PASS_THROUGH,-1,0.5864877751495198,0.5679310226697285,-0.5774828509051008,0.23711153593617545,4.250577488369314,4.8833564155069835,0.0,0,0,0,DIRECT_LOCAL,PASS_THROUGH,0,BYPASS_VISIBLE,1,14,0.0,22.0,2.0,0.0,22.0,2.0,1,
392,13.1,0.033333,0.7167105674743652,22.84860610961914,2.8406665325164795,1.6285915778883087,0.6019338965415955,1.1652985522723316,-0.12042693662253134,-0.06028779328322572,1.1730549778297858,0.0,22.0,2.0,0.5690821957756256,0.5677636857533943,-0.59480236347119,0.22708117030221434,1.108073115348816,-0.03260043263435364,-0.0062295133247971535,1.0098763704299927,direct,SAFE_PROGRESSING,NONE,1,0,"0.756,22.847;0.504,22.565;0.252,22.282;-0.000,22.000",0,1,PASS_THROUGH,-1,0.5864877751495198,0.5679310226697285,-0.5774828509051008,0.23711153593617545,4.210731674767829,4.881262075421698,0.0,0,0,0,DIRECT_LOCAL,PASS_THROUGH,0,BYPASS_VISIBLE,1,14,0.0,22.0,2.0,0.0,22.0,2.0,1,
393,13.133333,0.033333,0.6779608726501465,22.848888397216797,2.841087579727173,1.6488986595833293,0.6089349389076233,1.1458540341878767,-0.10295025778054631,-0.06338277488923498,1.1522142159313828,0.0,22.0,2.0,0.5604600627949646,0.567181275798072,-0.6034814979731654,0.22215367355165294,1.0843539237976074,-0.01719609647989273,-0.008876902982592583,1.0214784145355225,blocked,NO_SAFE_CANDIDATE,NO_SAFE_CANDIDATE,0,0,,0,1,PASS_THROUGH,-1,0.5864877751495198,0.5679310226697285,-0.5774828509051008,0.23711153593617545,4.171441158626188,4.878113988564078,0.0,0,0,0,DIRECT_LOCAL,PASS_THROUGH,0,BYPASS_VISIBLE,1,14,0.0,22.0,2.0,0.0,22.0,2.0,1,
394,13.166667,0.033333,0.6399192810058594,22.84786605834961,2.8413751125335693,1.6694466214508428,0.6156349778175354,1.1261204167918997,-0.08502617616636719,-0.06632957038466969,1.1312719636128403,0.0,22.0,2.0,0.5519018744653069,0.5662523894714486,-0.6121785298257002,0.21727792854073794,1.0606324672698975,-0.0020913775078952312,-0.011405294761061668,1.032171607017517,blocked,NO_SAFE_CANDIDATE,NO_SAFE_CANDIDATE,0,0,,0,1,PASS_THROUGH,-1,0.5864877751495198,0.5679310226697285,-0.5774828509051008,0.23711153593617545,4.138767357574158,4.873912518945006,0.0,0,0,0,DIRECT_LOCAL,PASS_THROUGH,0,BYPASS_VISIBLE,1,14,0.0,22.0,2.0,0.0,22.0,2.0,1,
395,13.2,0.033333,0.6026344895362854,22.84554672241211,2.841529130935669,1.690226033714911,0.6221441030502319,1.1061177357771912,-0.06669091765281636,-0.06903264838726443,1.1102745743470819,0.0,22.0,2.0,0.5434159121046623,0.5649655660843745,-0.6208969766478334,0.2124498565877943,1.036964774131775,0.012328222393989563,-0.013830294832587242,1.0413315296173096,blocked,NO_SAFE_CANDIDATE,NO_SAFE_CANDIDATE,0,0,,0,1,PASS_THROUGH,-1,0.5864877751495198,0.5679310226697285,-0.5774828509051008,0.23711153593617545,4.100751627916547,4.868657553962432,0.0,0,0,0,DIRECT_LOCAL,PASS_THROUGH,0,BYPASS_VISIBLE,1,14,0.0,22.0,2.0,0.0,22.0,2.0,1,
396,13.233333,0.033333,0.5661545991897583,22.841943740844727,2.841549873352051,1.711236800049843,0.6285063624382019,1.085901266833513,-0.048030274050581946,-0.07139519284382102,1.0893051648170995,0.0,22.0,2.0,0.5350160038833247,0.5633023370906298,-0.6296414476644249,0.20766488270870642,1.0130735635757446,0.026013681665062904,-0.01614503748714924,1.048742651939392,blocked,NO_SAFE_CANDIDATE,NO_SAFE_CANDIDATE,0,0,,1,1,PASS_THROUGH,-1,0.6886674451446014,0.7250773407009816,0.0,0.20766488270870642,4.063396875879534,4.862354142669834,0.0,0,0,0,DIRECT_LOCAL,PASS_THROUGH,0,BYPASS_VISIBLE,1,14,0.0,22.0,2.0,0.0,22.0,2.0,1,
397,13.266667,0.033333,0.5305260419845581,22.837072372436523,2.8414385318756104,1.7324827755114074,0.6346188187599182,1.0655398144661388,-0.02918656294152646,-0.07340282893994382,1.068463816404308,0.0,22.0,2.0,0.5267166083684821,0.561243180926506,-0.6384165617622247,0.20291873180476244,0.9887048602104187,0.03904792666435242,-0.01828071102499962,1.0545600652694702,blocked,NO_SAFE_CANDIDATE,NO_SAFE_CANDIDATE,0,0,,0,1,PASS_THROUGH,-1,0.5350160038833247,0.5633023370906298,-0.6296414476644249,0.20766488270870642,4.026751657653034,4.855008672944393,0.0,0,0,0,DIRECT_LOCAL,PASS_THROUGH,0,BYPASS_VISIBLE,1,14,0.0,22.0,2.0,0.0,22.0,2.0,1,
398,13.3,0.033333,0.49579232931137085,22.830955505371094,2.841198444366455,1.7539626778164115,0.6402901411056519,1.0450773288607444,-0.010333841006939733,-0.07513858429004908,1.0478259485323786,0.0,22.0,2.0,0.5185274379037479,0.5587706275209696,-0.6472284619520351,0.1982067645586609,0.9633174538612366,0.05186266452074051,-0.020121850073337555,1.0594487190246582,blocked,NO_SAFE_CANDIDATE,NO_SAFE_CANDIDATE,0,0,,0,1,PASS_THROUGH,-1,0.5350160038833247,0.5633023370906298,-0.6296414476644249,0.20766488270870642,4.090611607856519,4.846634575466467,0.0,0,0,0,DIRECT_LOCAL,PASS_THROUGH,0,BYPASS_VISIBLE,1,14,0.0,22.0,2.0,0.0,22.0,2.0,1,
399,13.333333,0.033333,0.46199509501457214,22.823625564575195,2.8408355712890625,1.7756629763848772,0.6453080177307129,1.0244911791061493,0.00837646196993516,-0.07674469941350351,1.027395780636416,0.0,22.0,2.0,0.510447676931401,0.5558754021037386,-0.6560836123935293,0.1935248909789668,0.9366960525512695,0.06531348824501038,-0.021498465910553932,1.0647101402282715,blocked,NO_SAFE_CANDIDATE,NO_SAFE_CANDIDATE,0,0,,0,1,PASS_THROUGH,-1,0.5350160038833247,0.5633023370906298,-0.6296414476644249,0.20766488270870642,4.063688308542779,4.837254394396807,0.0,0,0,0,DIRECT_LOCAL,PASS_THROUGH,0,BYPASS_VISIBLE,1,14,0.0,22.0,2.0,0.0,22.0,2.0,1,
400,13.366667,0.033333,0.4291759431362152,22.815122604370117,2.8403613567352295,1.7975520887001728,0.6495589017868042,1.0036777038835087,0.02686568707863744,-0.0783979813705984,1.0070933134015259,0.0,22.0,2.0,0.502463529073855,0.5525593066956456,-0.6649876799871368,0.1888701711164929,0.9097293019294739,0.07759281247854233,-0.02262434922158718,1.067180871963501,blocked,NO_SAFE_CANDIDATE,NO_SAFE_CANDIDATE,0,0,,0,1,PASS_THROUGH,-1,0.5350160038833247,0.5633023370906298,-0.6296414476644249,0.20766488270870642,4.029354874533281,4.826898064463573,0.0,0,0,0,DIRECT_LOCAL,PASS_THROUGH,0,BYPASS_VISIBLE,1,14,0.0,22.0,2.0,0.0,22.0,2.0,1,
401,13.4,0.033333,0.39737820625305176,22.80549430847168,2.8397867679595947,1.8195909740051854,0.6530771255493164,0.9824931611077778,0.04509941494854758,-0.08013308307558271,0.9867867448721902,0.0,22.0,2.0,0.4945554977078824,0.5488268601559831,-0.6739465388725085,0.1842408044187804,0.8811691403388977,0.08927126228809357,-0.023385321721434593,1.0670955181121826,blocked,NO_SAFE_CANDIDATE,NO_SAFE_CANDIDATE,0,0,,0,1,PASS_THROUGH,-1,0.5350160038833247,0.5633023370906298,-0.6296414476644249,0.20766488270870642,3.995892353737273,4.81560303741104,0.0,0,0,0,DIRECT_LOCAL,PASS_THROUGH,0,BYPASS_VISIBLE,1,14,0.0,22.0,2.0,0.0,22.0,2.0,1,
402,13.433333,0.033333,0.36664825677871704,22.794782638549805,2.8391246795654297,1.8417501551510302,0.6557098031044006,0.9607678372650625,0.06304857140711138,-0.08197410422438697,0.9663176047464177,0.0,22.0,2.0,0.48671127464318553,0.5446777291350623,-0.6829628880982314,0.17963635709790626,0.8512471914291382,0.09954430162906647,-0.023864641785621643,1.0630613565444946,blocked,NO_SAFE_CANDIDATE,NO_SAFE_CANDIDATE,0,0,,1,1,PASS_THROUGH,-1,0.6663142259131212,0.7456710751704119,0.0,0.17963635709790626,4.062960318266464,4.803401010228574,0.0,0,0,0,DIRECT_LOCAL,PASS_THROUGH,0,GOAL_OUTSIDE_FOV,1,14,0.0,22.0,2.0,0.0,22.0,2.0,1,
403,13.466667,0.033333,0.337035596370697,22.78304672241211,2.8383867740631104,1.8640005930382673,0.6571803092956543,0.9383071598673932,0.08065111210715199,-0.08395045084234695,0.9455012460801772,0.0,22.0,2.0,0.47892212999575734,0.5401035363131237,-0.6920417353472154,0.17505546398088367,0.8192453384399414,0.1083865761756897,-0.024051720276474953,1.0555949211120605,blocked,NO_SAFE_CANDIDATE,NO_SAFE_CANDIDATE,0,0,,0,1,PASS_THROUGH,-1,0.48671127464318553,0.5446777291350623,-0.6829628880982314,0.17963635709790626,4.041199675126043,4.790340767673185,0.0,0,0,0,DIRECT_LOCAL,PASS_THROUGH,0,GOAL_OUTSIDE_FOV,1,14,0.0,22.0,2.0,0.0,22.0,2.0,1,
404,13.5,0.033333,0.3085927665233612,22.77034568786621,2.8375866413116455,1.886313338829919,0.657177209854126,0.9148824418915577,0.09779805108981424,-0.08609278033754313,0.9241137960796137,0.0,22.0,2.0,0.47118332210576813,0.5350999563041672,-0.7011806569869495,0.17049987245758264,0.785118043422699,0.11655709147453308,-0.023899346590042114,1.0470874309539795,blocked,NO_SAFE_CANDIDATE,NO_SAFE_CANDIDATE,0,0,,0,1,PASS_THROUGH,-1,0.48671127464318553,0.5446777291350623,-0.6829628880982314,0.17963635709790626,4.010484049403377,4.776471025117471,0.0,0,0,0,DIRECT_LOCAL,PASS_THROUGH,0,GOAL_OUTSIDE_FOV,1,14,0.0,22.0,2.0,0.0,22.0,2.0,1,
405,13.533333,0.033333,0.2813752293586731,22.756755828857422,2.8367388248443604,1.9086517344704323,0.6555249094963074,0.8902321488192323,0.11437559401092366,-0.08835151487232543,0.9018874904758875,0.0,22.0,2.0,0.46349082060742,0.5296607341618071,-0.7103771997325334,0.16597131973502016,0.7493361830711365,0.1253957897424698,-0.023361489176750183,1.041130781173706,blocked,NO_SAFE_CANDIDATE,NO_SAFE_CANDIDATE,0,0,,0,1,PASS_THROUGH,-1,0.48671127464318553,0.5446777291350623,-0.6829628880982314,0.17963635709790626,3.980847546500468,4.761857574589361,0.0,0,0,0,DIRECT_LOCAL,PASS_THROUGH,0,GOAL_OUTSIDE_FOV,1,14,0.0,22.0,2.0,0.0,22.0,2.0,1,
406,13.566667,0.033333,0.2554415762424469,22.742359161376953,2.8358607292175293,1.9309655946869144,0.6524481177330017,0.8641004521805753,0.13034501198252876,-0.09060685868703275,0.8785607642323509,0.0,22.0,2.0,0.4558397787302859,0.5237887709727569,-0.7196217197458488,0.161474630107188,0.7122302055358887,0.13438625633716583,-0.022711899131536484,1.0380138158798218,blocked,NO_SAFE_CANDIDATE,NO_SAFE_CANDIDATE,0,0,,0,1,PASS_THROUGH,-1,0.48671127464318553,0.5446777291350623,-0.6829628880982314,0.17963635709790626,3.952361509063214,4.746571872940369,0.0,0,0,0,DIRECT_LOCAL,PASS_THROUGH,0,GOAL_OUTSIDE_FOV,1,14,0.0,22.0,2.0,0.0,22.0,2.0,1,
407,13.6,0.033333,0.23085302114486694,22.727245330810547,2.834963083267212,1.9531974716067788,0.6485387086868286,0.836292865444585,0.145762577004391,-0.09268029942840256,0.8539450354388235,0.0,22.0,2.0,0.44822934491749405,0.5174862200620142,-0.7289022337740245,0.1570156072947551,0.6746301054954529,0.14301571249961853,-0.02210564911365509,1.0377731323242188,blocked,NO_SAFE_CANDIDATE,NO_SAFE_CANDIDATE,0,0,,0,1,PASS_THROUGH,-1,0.48671127464318553,0.5446777291350623,-0.6829628880982314,0.17963635709790626,3.936355096943733,4.7306929521165895,0.0,0,0,0,DIRECT_LOCAL,PASS_THROUGH,0,GOAL_OUTSIDE_FOV,1,14,0.0,22.0,2.0,0.0,22.0,2.0,1,
408,13.633333,0.033333,0.20767508447170258,22.711503982543945,2.834083080291748,1.975308956942317,0.6445713043212891,0.8072843580985757,0.16098381039481294,-0.08874073950873367,0.8279485134284738,-0.793603274118551,17.83332161878814,2.834963083267212,0.573576436351046,0.8191520442889917,0.0,1.0,0.7174911499023438,0.21752646565437317,-0.006519325077533722,1.1869169473648071,macro_turn_left,SAFE_HOLD,NONE,0,0,,1,1,TURN_LEFT,0,0.5735764363510462,0.8191520442889919,0.0,1.0,3.9100873746643705,4.714299878375319,0.0,0,0,0,DIRECT_LOCAL,TURN_LEFT,1,GOAL_OUTSIDE_FOV,1,14,0.0,22.0,2.0,0.0,22.0,2.0,1,
409,13.666667,0.033333,0.1859620213508606,22.69517707824707,2.833343982696533,1.9972518928774858,0.6576091647148132,0.7803081178952258,0.17785428229205183,-0.07111923063941072,0.80347423701669,-0.8167812107917154,17.81758027052154,2.834083080291748,0.5914115139580436,0.8063699034300913,0.0,1.0,0.7304550409317017,0.24855643510818481,0.00018369872123003006,1.2825360298156738,macro_turn_left,SAFE_HOLD,NONE,0,0,,0,1,TURN_LEFT,0,0.573576436351046,0.8191520442889917,0.0,1.0,3.885182490341693,4.697423733884215,0.0,0,0,0,DIRECT_LOCAL,TURN_LEFT,1,GOAL_OUTSIDE_FOV,1,14,0.0,22.0,2.0,0.0,22.0,2.0,1,
410,13.7,0.033333,0.16568177938461304,22.678194046020508,2.8327383995056152,2.0191710493956134,0.6899199485778809,0.7588916592596373,0.19783748206662724,-0.048493457265637085,0.785753037030009,-0.8384942739125574,17.801253366224664,2.833343982696533,0.608942980825,0.7932139976727361,0.0,1.0,0.7241793870925903,0.24197709560394287,-0.0017873288597911596,1.3295818567276,macro_turn_left,SAFE_HOLD,NONE,0,0,,0,1,TURN_LEFT,0,0.573576436351046,0.8191520442889917,0.0,1.0,3.8617078165292074,4.679981397136638,0.0,0,0,0,DIRECT_LOCAL,TURN_LEFT,1,GOAL_OUTSIDE_FOV,1,14,0.0,22.0,2.0,0.0,22.0,2.0,1,
411,13.733333,0.033333,0.14670950174331665,22.660398483276367,2.8321096897125244,2.0420792102942587,0.7285387516021729,0.7447633634081977,0.2199698133787525,-0.03031470332077585,0.7771603229131048,-0.8587745158788049,17.7842703339981,2.8327383995056152,0.6269526907089693,0.7790573301194099,0.0,1.0,0.7200709581375122,0.2178763747215271,-0.006373862270265818,1.3509361743927002,macro_turn_left,SAFE_HOLD,NONE,0,0,,0,1,TURN_LEFT,0,0.573576436351046,0.8191520442889917,0.0,1.0,3.8520665092621695,4.661803221206131,0.0,0,0,0,DIRECT_LOCAL,TURN_LEFT,1,GOAL_OUTSIDE_FOV,1,14,0.0,22.0,2.0,0.0,22.0,2.0,1,
412,13.766667,0.033333,0.12887310981750488,22.64167022705078,2.8313357830047607,2.066887949407025,0.7661870121955872,0.7378945153052646,0.2409730005087571,-0.02030741124574149,0.7765105882364312,-0.8777467935201013,17.76647477125396,2.8321096897125244,0.6460852117404048,0.763265287544479,0.0,1.0,0.7268246412277222,0.18925559520721436,-0.00982352439314127,1.3589611053466797,macro_turn_left,SAFE_HOLD,NONE,0,0,,0,1,TURN_LEFT,0,0.573576436351046,0.8191520442889917,0.0,1.0,3.849722147703755,4.6427568414433,0.0,0,0,0,DIRECT_LOCAL,TURN_LEFT,1,GOAL_OUTSIDE_FOV,1,14,0.0,22.0,2.0,0.0,22.0,2.0,1,
413,13.8,0.033333,0.11197274923324585,22.622011184692383,2.830381393432617,2.0935214231065196,0.8001850843429565,0.7371762492356845,0.2565241540178922,-0.017991940940140585,0.7807414258066369,-0.8955831854459131,17.747746515028375,2.8313357830047607,0.6661820803710773,0.7457891362794602,0.0,1.0,0.7395087480545044,0.16303233802318573,-0.011168017983436584,1.3612134456634521,macro_turn_left,SAFE_HOLD,NONE,0,0,,0,1,TURN_LEFT,0,0.573576436351046,0.8191520442889917,0.0,1.0,4.008431297879284,4.622833619865164,0.0,0,0,0,DIRECT_LOCAL,TURN_LEFT,1,GOAL_OUTSIDE_FOV,1,14,0.0,22.0,2.0,0.0,22.0,2.0,1,
414,13.833333,0.033333,0.09578298777341843,22.601539611816406,2.8292784690856934,2.12134368783419,0.8295737504959106,0.7411444178242149,0.2631196342374252,-0.020347395390145462,0.7867280384557258,-0.9124835460301721,17.728087472669976,2.830381393432617,0.6866711243406236,0.7269682021909786,0.0,1.0,0.7477587461471558,0.14214849472045898,-0.010792058892548084,1.3626079559326172,macro_turn_left,SAFE_HOLD,NONE,0,0,,1,1,TURN_LEFT,0,0.6866711243406237,0.7269682021909788,0.0,1.0,4.042604517429769,4.602143043297773,0.0,0,0,0,DIRECT_LOCAL,TURN_LEFT,1,GOAL_OUTSIDE_FOV,1,14,0.0,22.0,2.0,0.0,22.0,2.0,1,
415,13.866667,0.033333,0.08006640523672104,22.580461502075195,2.828092575073242,2.149811097827235,0.8538278937339783,0.7482387390239056,0.25951182057407773,-0.024155669463443268,0.7923326902008928,-0.9286733074899995,17.707615899794,2.8292784690856934,0.7070850130539498,0.7071285486490384,0.0,1.0,0.7451750040054321,0.12646032869815826,-0.009399207308888435,1.3646730184555054,macro_turn_left,SAFE_HOLD,NONE,0,0,,0,1,TURN_LEFT,0,0.6866711243406236,0.7269682021909786,0.0,1.0,4.018354891801103,4.5808843292647365,0.0,0,0,0,DIRECT_LOCAL,TURN_LEFT,1,GOAL_OUTSIDE_FOV,1,14,0.0,22.0,2.0,0.0,22.0,2.0,1,
416,13.9,0.033333,0.06460801512002945,22.55898666381836,2.826897621154785,2.1786937971218623,0.8728306293487549,0.7566630767082587,0.24690575211242494,-0.027872694735191758,0.7964159398151268,-0.9443898900266969,17.68653779005279,2.828092575073242,0.7272110464793203,0.6864139377070163,0.0,1.0,0.7330518960952759,0.11457586288452148,-0.007473592646420002,1.36641263961792,macro_turn_left,SAFE_HOLD,NONE,0,0,,0,1,TURN_LEFT,0,0.6866711243406236,0.7269682021909786,0.0,1.0,3.9936806831699507,4.559262766923872,0.0,0,0,0,DIRECT_LOCAL,TURN_LEFT,1,GOAL_OUTSIDE_FOV,1,14,0.0,22.0,2.0,0.0,22.0,2.0,1,
417,13.933333,0.033333,0.04925864562392235,22.537307739257812,2.8257546424865723,2.2079872546524624,0.8870311975479126,0.764381192957514,0.22810022182218131,-0.03149072092949587,0.7983107069601032,-0.9598482801433885,17.665062951795953,2.826897621154785,0.7470036184064008,0.6648199711859928,0.0,1.0,0.7176680564880371,0.1058599203824997,-0.005186087917536497,1.366485834121704,macro_turn_left,SAFE_HOLD,NONE,0,0,,0,1,TURN_LEFT,0,0.6866711243406236,0.7269682021909786,0.0,1.0,3.992964181683523,4.537468697808596,0.0,0,0,0,DIRECT_LOCAL,TURN_LEFT,1,GOAL_OUTSIDE_FOV,1,14,0.0,22.0,2.0,0.0,22.0,2.0,1,
418,13.966667,0.033333,0.033963195979595184,22.51556396484375,2.8247082233428955,2.237705161231392,0.8971127867698669,0.7695357811598964,0.20634870859165658,-0.035045634124946205,0.7974918836540192,-0.9751976496394956,17.643384027235406,2.8257546424865723,0.7664279329125333,0.64233030728078,0.0,1.0,0.7060703039169312,0.10070203244686127,-0.002595676574856043,1.3641576766967773,macro_turn_left,SAFE_HOLD,NONE,0,0,,0,1,TURN_LEFT,0,0.6866711243406236,0.7269682021909786,0.0,1.0,3.9496992433821427,4.515640705112177,0.0,0,0,0,DIRECT_LOCAL,TURN_LEFT,1,GOAL_OUTSIDE_FOV,1,14,0.0,22.0,2.0,0.0,22.0,2.0,1,
419,14.0,0.033333,0.018757380545139313,22.493844985961914,2.8237900733947754,2.267735924429326,0.903654158115387,0.771102535899722,0.18448875197746223,-0.0374610198802773,0.7937496762126294,-0.9904930992838228,17.621640252821344,2.8247082233428955,0.785369128715236,0.6190277309305867,0.0,1.0,0.7030408978462219,0.09968750178813934,0.00022013438865542412,1.3589081764221191,macro_turn_left,SAFE_HOLD,NONE,0,0,,0,1,TURN_LEFT,0,0.6866711243406236,0.7269682021909786,0.0,1.0,3.9094242262201755,4.493868461145514,0.0,0,0,0,DIRECT_LOCAL,TURN_LEFT,1,GOAL_OUTSIDE_FOV,1,14,0.0,22.0,2.0,0.0,22.0,2.0,1,
420,14.033333,0.033333,0.0037356477696448565,22.472196578979492,2.823018789291382,2.297882734150265,0.9072253108024597,0.7691681765738391,0.1644803707980118,-0.038404499059808334,0.787495004288796,0.5985559085731962,17.52757539331025,2.8237900733947754,0.5735764363510462,0.8191520442889918,0.0,1.0,0.6663671135902405,0.09727917611598969,0.002004182431846857,1.3680356740951538,macro_turn_left,SAFE_HOLD,NONE,0,0,,1,1,TURN_LEFT,0,0.5735764363510463,0.8191520442889919,0.0,1.0,3.8723220111349304,4.47219751277876,0.0,0,0,0,DIRECT_LOCAL,TURN_LEFT,1,GOAL_OUTSIDE_FOV,1,14,0.0,22.0,2.0,0.0,22.0,2.0,1,
421,14.066667,0.033333,-0.010981789790093899,22.450637817382812,2.8223888874053955,2.328000664095405,0.9084939956665039,0.7637011013431897,0.14721328080941662,-0.04081983055391847,0.7788307780294275,0.5835341757977017,17.50592698632783,2.823018789291382,0.5979837476018734,0.8015082267849899,0.0,1.0,0.6363493800163269,0.08777416497468948,0.0020798337645828724,1.3821454048156738,macro_turn_left,SAFE_HOLD,NONE,0,0,,0,1,TURN_LEFT,0,0.5735764363510462,0.8191520442889918,0.0,1.0,3.8490339991249045,4.450645910625596,0.0,0,0,0,DIRECT_LOCAL,TURN_LEFT,1,GOAL_OUTSIDE_FOV,1,14,0.0,22.0,2.0,0.0,22.0,2.0,1,
422,14.1,0.033333,-0.025261813774704933,22.429187774658203,2.8218722343444824,2.358065225033948,0.9090880751609802,0.754277682454755,0.1324604426150425,-0.04530813767832467,0.7671593175129706,0.568816738237963,17.48436822473115,2.8223888874053955,0.6218068788011426,0.7831706107072591,0.0,1.0,0.6183627247810364,0.07423669099807739,0.0011957132956013083,1.3931419849395752,macro_turn_left,SAFE_HOLD,NONE,0,0,,0,1,TURN_LEFT,0,0.5735764363510462,0.8191520442889918,0.0,1.0,3.825909670629494,4.429230723995998,0.0,0,0,0,DIRECT_LOCAL,TURN_LEFT,1,GOAL_OUTSIDE_FOV,1,14,0.0,22.0,2.0,0.0,22.0,2.0,1,
423,14.133333,0.033333,-0.038981858640909195,22.407896041870117,2.8214406967163086,2.388185636598409,0.9104721546173096,0.7410379297031429,0.11920184703623203,-0.04956542949940881,0.7521987938018979,0.5545367142533519,17.46291818200654,2.8218722343444824,0.6451106907469637,0.7640891287565706,0.0,1.0,0.6082712411880493,0.0613054558634758,0.0003637210465967655,1.399393916130066,macro_turn_left,SAFE_HOLD,NONE,0,0,,0,1,TURN_LEFT,0,0.5735764363510462,0.8191520442889918,0.0,1.0,3.8811927813702365,4.407998606402275,0.0,0,0,0,DIRECT_LOCAL,TURN_LEFT,1,GOAL_OUTSIDE_FOV,1,14,0.0,22.0,2.0,0.0,22.0,2.0,1,
424,14.166667,0.033333,-0.05206082761287689,22.386844635009766,2.82108211517334,2.41851999812457,0.9128468036651611,0.725050339200229,0.10631447904138433,-0.05093124569054658,0.7345711365251149,0.5408166693871477,17.441626449218454,2.8214406967163086,0.6679885080074974,0.7441715885264081,0.0,1.0,0.6026350855827332,0.05157327651977539,0.00011209165677428246,1.401483178138733,macro_turn_left,SAFE_HOLD,NONE,0,0,,0,1,TURN_LEFT,0,0.5735764363510462,0.8191520442889918,0.0,1.0,3.8594930881642915,4.387028089261898,0.0,0,0,0,DIRECT_LOCAL,TURN_LEFT,1,GOAL_OUTSIDE_FOV,1,14,0.0,22.0,2.0,0.0,22.0,2.0,1,
425,14.2,0.033333,-0.06447427719831467,22.36609649658203,2.8208024501800537,2.449129683567917,0.9158222079277039,0.707921930731777,0.09318315306436493,-0.048166901084151136,0.7156511792668788,0.52773770041518,17.420575042358102,2.82108211517334,0.6904508968628205,0.7233792636102634,0.0,1.0,0.6002231240272522,0.04582953080534935,0.0005421251989901066,1.4001083374023438,macro_turn_left,SAFE_HOLD,NONE,0,0,,0,1,TURN_LEFT,0,0.5735764363510462,0.8191520442889918,0.0,1.0,3.8380944275370674,4.3663786577516035,0.0,0,0,0,DIRECT_LOCAL,TURN_LEFT,1,GOAL_OUTSIDE_FOV,1,14,0.0,22.0,2.0,0.0,22.0,2.0,1,
426,14.233333,0.033333,-0.07624528557062149,22.34571075439453,2.820618152618408,2.479924408264002,0.9189503192901611,0.6909261260276806,0.07985369389340875,-0.04307794667502827,0.6968581157924308,0.0,22.0,2.0,0.2765905864155645,0.3060970056642897,-0.9109348333605702,0.0743461033894534,0.5347901582717896,0.026053467765450478,0.004150474909693003,1.3041326999664307,local_avoidance,SAFE_PROGRESSING,NONE,1,0,"-0.064,22.366;-0.157,22.205;-0.250,22.044",1,1,PASS_THROUGH,-1,0.670440921271352,0.7419629175941482,0.0,0.0743461033894534,3.9161232456656005,4.346106440203492,0.0,0,0,0,DIRECT_LOCAL,PASS_THROUGH,0,GOAL_OUTSIDE_FOV,1,14,0.0,22.0,2.0,0.0,22.0,2.0,1,
427,14.266667,0.033333,-0.08740895986557007,22.325700759887695,2.820556163787842,2.5107399320563135,0.9176075458526611,0.6730383960976196,0.06655203181366882,-0.04162010789419822,0.6776002427252436,0.0,22.0,2.0,0.26204719814601357,0.29705102524404625,-0.9182003889921225,0.07080374828376858,0.4904244840145111,0.009844093583524227,0.0062204934656620026,1.1299339532852173,local_avoidance,SAFE_PROGRESSING,NONE,1,0,"-0.076,22.346;-0.158,22.189;-0.240,22.032",0,1,PASS_THROUGH,-1,0.2765905864155645,0.3060970056642897,-0.9109348333605702,0.0743461033894534,3.895799160239128,4.32622221541798,0.0,0,0,0,DIRECT_LOCAL,PASS_THROUGH,0,GOAL_OUTSIDE_FOV,1,14,0.0,22.0,2.0,0.0,22.0,2.0,1,
428,14.3,0.033333,-0.09796930849552155,22.30613899230957,2.820610761642456,2.5413585299215113,0.9059856534004211,0.6517420720194277,0.053676418880093286,-0.04541810532776841,0.6555239817699519,0.0,22.0,2.0,0.24730639390699907,0.28867475644989427,-0.9249359072505027,0.06744518107506361,0.46049413084983826,0.02629157155752182,0.006584605202078819,1.0266715288162231,direct,SAFE_PROGRESSING,NONE,1,0,"-0.087,22.326;-0.044,22.163;-0.000,22.000",0,1,PASS_THROUGH,-1,0.2765905864155645,0.3060970056642897,-0.9109348333605702,0.0743461033894534,3.8758812946828347,4.306795806668843,0.0,0,0,0,DIRECT_LOCAL,PASS_THROUGH,0,GOAL_OUTSIDE_FOV,1,14,0.0,22.0,2.0,0.0,22.0,2.0,1,
429,14.333333,0.033333,-0.10788215696811676,22.287153244018555,2.8207411766052246,2.5713038464300864,0.879135251045227,0.6253103694005744,0.04283745760324668,-0.05137520549107602,0.6288779830722674,0.0,22.0,2.0,0.2323790498813486,0.281104071516957,-0.9311178648016755,0.06428656718768232,0.417007178068161,0.056406911462545395,0.006134262774139643,1.0158603191375732,direct,SAFE_PROGRESSING,NONE,1,0,"-0.098,22.306;-0.049,22.153;-0.000,22.000",0,1,PASS_THROUGH,-1,0.2765905864155645,0.3060970056642897,-0.9109348333605702,0.0743461033894534,3.9564298023634525,4.287951767239012,0.0,0,0,0,DIRECT_LOCAL,PASS_THROUGH,0,GOAL_OUTSIDE_FOV,1,14,0.0,22.0,2.0,0.0,22.0,2.0,1,
430,14.366667,0.033333,-0.11703943461179733,22.268871307373047,2.820911407470703,2.599685785939363,0.8382292985916138,0.5932324255828008,0.03677980100170044,-0.05737854258046486,0.5971346260879836,0.0,22.0,2.0,0.21726917776356347,0.2745184293081888,-0.9367143301797566,0.061349994406673915,0.3633039593696594,0.08098103851079941,0.004149953369051218,1.0342867374420166,direct,SAFE_PROGRESSING,NONE,1,0,"-0.108,22.287;-0.054,22.144;-0.000,22.000",0,1,PASS_THROUGH,-1,0.2765905864155645,0.3060970056642897,-0.9109348333605702,0.0743461033894534,3.9373785161687818,4.269813499148751,0.0,0,0,0,DIRECT_LOCAL,PASS_THROUGH,0,GOAL_OUTSIDE_FOV,1,14,0.0,22.0,2.0,0.0,22.0,2.0,1,
431,14.4,0.033333,-0.12526334822177887,22.251407623291016,2.8210692405700684,2.6257889201485445,0.7929971218109131,0.5556062272490266,0.03781303799435438,-0.0632194570102508,0.5604683803257151,0.0,22.0,2.0,0.20208732621918032,0.2689284348328881,-0.9417208766507811,0.05864810625510107,0.3080039620399475,0.09710752218961716,0.0008761952631175518,1.0509291887283325,direct,SAFE_PROGRESSING,NONE,1,0,"-0.117,22.269;-0.059,22.134;0.000,22.000",0,1,PASS_THROUGH,-1,0.2765905864155645,0.3060970056642897,-0.9109348333605702,0.0743461033894534,3.919444681271161,4.252489464006879,0.0,0,0,0,DIRECT_LOCAL,PASS_THROUGH,0,GOAL_OUTSIDE_FOV,1,14,0.0,22.0,2.0,0.0,22.0,2.0,1,
432,14.433333,0.033333,-0.13233235478401184,22.234844207763672,2.821138620376587,2.649660188236595,0.7515828609466553,0.5128836272020851,0.046559140306518636,-0.06845419057131993,0.5195222274405822,0.0,22.0,2.0,0.18717819950011255,0.26407132318463744,-0.9461662950578037,0.05617711258388699,0.2566615045070648,0.10784537345170975,-0.0032407771795988083,1.063713788986206,direct,SAFE_PROGRESSING,NONE,1,0,"-0.125,22.251;-0.063,22.126;0.000,22.000",1,1,PASS_THROUGH,-1,0.5782799796037151,0.8158383817825237,0.0,0.05617711258388699,3.9034011676190907,4.2360543504546895,0.0,0,0,0,DIRECT_LOCAL,PASS_THROUGH,0,GOAL_OUTSIDE_FOV,1,14,0.0,22.0,2.0,0.0,22.0,2.0,1,
433,14.466667,0.033333,-0.13803185522556305,22.219266891479492,2.821037769317627,2.672035256656044,0.7177723050117493,0.46596087863569907,0.061835685701473575,-0.07231668833616366,0.47557638277886966,0.0,22.0,2.0,0.17303673255800878,0.2595015902601531,-0.9501143161946881,0.05391239339626029,0.2105194479227066,0.11597833782434464,-0.0078223692253232,1.0765061378479004,direct,SAFE_PROGRESSING,NONE,1,0,"-0.132,22.235;-0.066,22.117;-0.000,22.000",0,1,PASS_THROUGH,-1,0.18717819950011255,0.26407132318463744,-0.9461662950578037,0.05617711258388699,3.9848833741823815,4.220586350392119,0.0,0,0,0,DIRECT_LOCAL,PASS_THROUGH,0,GOAL_OUTSIDE_FOV,1,14,0.0,22.0,2.0,0.0,22.0,2.0,1,
434,14.5,0.033333,-0.1422041356563568,22.204763412475586,2.820692539215088,2.693899459835515,0.692511260509491,0.4162002847430756,0.08140317374812184,-0.07450065366011886,0.4305804235125759,0.0,22.0,2.0,0.16017840504163416,0.2547726966159915,-0.9536423604356794,0.05181920985738405,0.17018863558769226,0.12404227256774902,-0.012489323504269123,1.0966541767120361,direct,SAFE_PROGRESSING,NONE,1,0,"-0.138,22.219;-0.069,22.110;-0.000,22.000",0,1,PASS_THROUGH,-1,0.18717819950011255,0.26407132318463744,-0.9461662950578037,0.05617711258388699,3.969284934630495,4.20616665405017,0.0,0,0,0,DIRECT_LOCAL,PASS_THROUGH,0,GOAL_OUTSIDE_FOV,1,14,0.0,22.0,2.0,0.0,22.0,2.0,1,
435,14.533333,0.033333,-0.14477573335170746,22.19141387939453,2.820047616958618,2.7160323524145618,0.6758567690849304,0.36525331336340844,0.10293459296447156,-0.07527048007430699,0.38687356916998905,0.0,22.0,2.0,0.14899212942383283,0.24956037777844398,-0.9568285965693293,0.049859832044008526,0.1339319795370102,0.13236017525196075,-0.016882671043276787,1.123765468597412,direct,SAFE_PROGRESSING,NONE,1,0,"-0.142,22.205;-0.071,22.102;0.000,22.000",0,1,PASS_THROUGH,-1,0.18717819950011255,0.26407132318463744,-0.9461662950578037,0.05617711258388699,3.9547710963033507,4.1928710260726785,0.0,0,0,0,DIRECT_LOCAL,PASS_THROUGH,0,GOAL_OUTSIDE_FOV,1,14,0.0,22.0,2.0,0.0,22.0,2.0,1,
436,14.566667,0.033333,-0.1457560956478119,22.17928695678711,2.8190736770629883,2.7387685205435957,0.6677393913269043,0.3147388928697507,0.12467699219657669,-0.07513255646366546,0.34677056407490464,0.0,22.0,2.0,0.13966710694379708,0.2436962620424396,-0.9597422732715761,0.04799970257924057,0.09959612041711807,0.13904714584350586,-0.020661616697907448,1.1487911939620972,direct,SAFE_PROGRESSING,NONE,1,0,"-0.145,22.191;-0.072,22.096;-0.000,22.000",0,1,PASS_THROUGH,-1,0.18717819950011255,0.26407132318463744,-0.9461662950578037,0.05617711258388699,3.9414173417244034,4.180766396932294,0.0,0,0,0,DIRECT_LOCAL,PASS_THROUGH,0,GOAL_OUTSIDE_FOV,1,14,0.0,22.0,2.0,0.0,22.0,2.0,1,
437,14.6,0.033333,-0.14521585404872894,22.16842269897461,2.8177719116210938,2.7620775799103536,0.6674768328666687,0.26590222142005854,0.14560698181626744,-0.07458452751663469,0.31219903307768965,0.0,22.0,2.0,0.1322279951904518,0.23712752924139074,-0.9624376822235231,0.04621196913894794,0.06590989977121353,0.14245359599590302,-0.023679938167333603,1.1656317710876465,direct,SAFE_PROGRESSING,NONE,1,0,"-0.146,22.179;-0.073,22.090;-0.000,22.000",0,1,PASS_THROUGH,-1,0.18717819950011255,0.26407132318463744,-0.9461662950578037,0.05617711258388699,3.9306695079047147,4.169893418694697,0.0,0,0,0,DIRECT_LOCAL,PASS_THROUGH,0,GOAL_OUTSIDE_FOV,1,14,0.0,22.0,2.0,0.0,22.0,2.0,1,
438,14.633333,0.033333,-0.1432608962059021,22.158838272094727,2.8161678314208984,2.7858191836245547,0.6734461784362793,0.2194240721745286,0.16523166690569793,-0.0739906603134523,0.2844697611552218,0.0,22.0,2.0,0.12660594478365472,0.22984457145305892,-0.964957205123107,0.044476443111828814,0.03427518159151077,0.1428721845149994,-0.025940241292119026,1.1761680841445923,direct,SAFE_PROGRESSING,NONE,1,0,"-0.145,22.168;-0.073,22.084;-0.000,22.000",1,1,PASS_THROUGH,-1,0.48247874084201625,0.8759076804295659,0.0,0.044476443111828814,3.9237702524832483,4.160271579373922,0.0,0,0,0,DIRECT_LOCAL,PASS_THROUGH,0,GOAL_OUTSIDE_FOV,1,14,0.0,22.0,2.0,0.0,22.0,2.0,1,
439,14.666667,0.033333,-0.14001286029815674,22.15053367614746,2.8142993450164795,2.8099211534914383,0.6836398243904114,0.17550440146181215,0.18332156159855176,-0.07349613704653007,0.26421633567999314,0.0,22.0,2.0,0.12270762947016037,0.22184139889787355,-0.9673309833789303,0.04278003322287473,0.007168482057750225,0.14193107187747955,-0.027562331408262253,1.1867468357086182,direct,SAFE_PROGRESSING,NONE,1,0,"-0.143,22.159;-0.072,22.079;-0.000,22.000",0,1,PASS_THROUGH,-1,0.12660594478365472,0.22984457145305892,-0.964957205123107,0.044476443111828814,4.008843936514786,4.151904323658685,0.0,0,0,0,DIRECT_LOCAL,PASS_THROUGH,0,GOAL_OUTSIDE_FOV,1,14,0.0,22.0,2.0,0.0,22.0,2.0,1,
440,14.7,0.033333,-0.13559915125370026,22.14350128173828,2.812208652496338,2.834393415600674,0.6964457631111145,0.1341620744467488,0.1997565739042005,-0.07307529129761942,0.25147991815656207,0.0,22.0,2.0,0.12043561998065755,0.21310714284074975,-0.9695775405351172,0.04111641458266506,-0.01458255760371685,0.14076796174049377,-0.02871692180633545,1.2005760669708252,direct,SAFE_PROGRESSING,NONE,1,0,"-0.140,22.151;-0.070,22.075;0.000,22.000",0,1,PASS_THROUGH,-1,0.12660594478365472,0.22984457145305892,-0.964957205123107,0.044476443111828814,4.000546142334734,4.144788148854883,0.0,0,0,0,DIRECT_LOCAL,PASS_THROUGH,0,GOAL_OUTSIDE_FOV,1,14,0.0,22.0,2.0,0.0,22.0,2.0,1,
441,14.733333,0.033333,-0.13014981150627136,22.13772964477539,2.8099365234375,2.8592683651097843,0.7108807563781738,0.095518289470653,0.21447780506725397,-0.07266438812744783,0.24577344403291987,0.0,22.0,2.0,0.11968954369160509,0.20363290019099117,-0.9717036868771781,0.03948657882433142,-0.032035332173109055,0.139450803399086,-0.029516855254769325,1.2157057523727417,direct,SAFE_PROGRESSING,NONE,1,0,"-0.136,22.144;-0.068,22.072;-0.000,22.000",0,1,PASS_THROUGH,-1,0.12660594478365472,0.22984457145305892,-0.964957205123107,0.044476443111828814,3.993527246894641,4.138916126089488,0.0,0,0,0,DIRECT_LOCAL,PASS_THROUGH,0,GOAL_OUTSIDE_FOV,1,14,0.0,22.0,2.0,0.0,22.0,2.0,1,
442,14.766667,0.033333,-0.1237969696521759,22.133190155029297,2.807521343231201,2.8845641657983263,0.7262923121452332,0.05988431783878482,0.22746417759246854,-0.07225976198280898,0.2460641315036526,0.0,22.0,2.0,0.12036431945820411,0.1934174316946763,-0.9737053598075748,0.037899038766213186,-0.04589466750621796,0.13790562748908997,-0.03001561388373375,1.2301329374313354,direct,SAFE_PROGRESSING,NONE,1,0,"-0.130,22.138;-0.065,22.069;0.000,22.000",0,1,PASS_THROUGH,-1,0.12660594478365472,0.22984457145305892,-0.964957205123107,0.044476443111828814,3.9877790497724024,4.134264326298959,0.0,0,0,0,DIRECT_LOCAL,PASS_THROUGH,0,GOAL_OUTSIDE_FOV,1,14,0.0,22.0,2.0,0.0,22.0,2.0,1,
443,14.8,0.033333,-0.11667416244745255,22.129846572875977,2.8050007820129395,2.910281534928647,0.7421011924743652,0.02768521842348831,0.2387049238463074,-0.07191132466222733,0.25083410972653614,0.0,22.0,2.0,0.12233518821671302,0.18246542314057093,-0.9755718687426949,0.03636773685111016,-0.05613794922828674,0.13627105951309204,-0.030247950926423073,1.2437328100204468,direct,SAFE_PROGRESSING,NONE,1,0,"-0.124,22.133;-0.062,22.067;-0.000,22.000",0,1,PASS_THROUGH,-1,0.12660594478365472,0.22984457145305892,-0.964957205123107,0.044476443111828814,3.983276341144524,4.130801148043194,0.0,0,0,0,DIRECT_LOCAL,PASS_THROUGH,0,GOAL_OUTSIDE_FOV,1,14,0.0,22.0,2.0,0.0,22.0,2.0,1,
444,14.833333,0.033333,-0.10891525447368622,22.127634048461914,2.802412509918213,2.936407801706217,0.7578024864196777,-0.0006631093432796151,0.24818167977602407,-0.07165363284532343,0.2583192385216063,0.0,22.0,2.0,0.12546964229883495,0.17079143464846086,-0.9772858613077973,0.03491303061634772,-0.06374679505825043,0.1343720257282257,-0.030218712985515594,1.2542974948883057,direct,SAFE_PROGRESSING,NONE,1,0,"-0.117,22.130;-0.058,22.065;-0.000,22.000",1,1,PASS_THROUGH,-1,0.592046465559358,0.8059038296339532,0.0,0.03491303061634772,3.982079170809105,4.128466150684216,0.0,0,0,0,DIRECT_LOCAL,PASS_THROUGH,0,GOAL_OUTSIDE_FOV,1,14,0.0,22.0,2.0,0.0,22.0,2.0,1,
445,14.866667,0.033333,-0.10065241158008575,22.126468658447266,2.7997937202453613,2.962919140416301,0.7728949785232544,-0.024887421874815602,0.2558564707254127,-0.07146429427986332,0.26681278593155516,0.0,22.0,2.0,0.1296041311235392,0.15841690539036474,-0.9788293279638962,0.03355770134192511,-0.07044606655836105,0.13189095258712769,-0.02993154153227806,1.2581979036331177,direct,SAFE_PROGRESSING,NONE,1,0,"-0.109,22.128;-0.054,22.064;-0.000,22.000",0,1,PASS_THROUGH,-1,0.12546964229883495,0.17079143464846086,-0.9772858613077973,0.03491303061634772,4.0778410206248665,4.127179417398446,0.0,0,0,0,DIRECT_LOCAL,PASS_THROUGH,0,GOAL_OUTSIDE_FOV,1,14,0.0,22.0,2.0,0.0,22.0,2.0,1,
446,14.9,0.033333,-0.0920141264796257,22.12624740600586,2.7971813678741455,2.9897819598954927,0.7867131233215332,-0.04498386995556773,0.26166246011780725,-0.07126039333495292,0.27489786330441845,0.0,22.0,2.0,0.13455594255680692,0.14537480720803234,-0.9801840968674592,0.032326601755420015,-0.07706766575574875,0.1287575364112854,-0.02942461334168911,1.2539981603622437,direct,SAFE_PROGRESSING,NONE,1,0,"-0.101,22.126;-0.050,22.063;-0.000,22.000",0,1,PASS_THROUGH,-1,0.12546964229883495,0.17079143464846086,-0.9772858613077973,0.03491303061634772,4.076767335498275,4.126841424577725,0.0,0,0,0,DIRECT_LOCAL,PASS_THROUGH,0,GOAL_OUTSIDE_FOV,1,14,0.0,22.0,2.0,0.0,22.0,2.0,1,
447,14.933333,0.033333,-0.08312348276376724,22.12687110900879,2.794607400894165,3.0169481000250062,0.7984409928321838,-0.06126644159932629,0.26551260846018143,-0.07092287797822076,0.2815680676821981,0.0,22.0,2.0,0.1401235829684125,0.13171215699065322,-0.9813344430911228,0.031244203939301673,-0.08339335024356842,0.12527096271514893,-0.02877337858080864,1.2431755065917969,direct,SAFE_PROGRESSING,NONE,1,0,"-0.092,22.126;-0.046,22.063;-0.000,22.000",0,1,PASS_THROUGH,-1,0.12546964229883495,0.17079143464846086,-0.9772858613077973,0.03491303061634772,4.076463921316284,4.127355843355301,0.0,0,0,0,DIRECT_LOCAL,PASS_THROUGH,0,GOAL_OUTSIDE_FOV,1,14,0.0,22.0,2.0,0.0,22.0,2.0,1,
448,14.966667,0.033333,-0.07409703731536865,22.128238677978516,2.7920989990234375,3.0443477081860713,0.8073199987411499,-0.07429167757616321,0.26733798958181104,-0.07034328300391651,0.28624645237014595,0.0,22.0,2.0,0.1461159487808824,0.1174960361599966,-0.9822651429214778,0.0303353204617313,-0.08904743194580078,0.121865414083004,-0.028084244579076767,1.2289327383041382,direct,SAFE_PROGRESSING,NONE,1,0,"-0.083,22.127;-0.042,22.063;-0.000,22.000",0,1,PASS_THROUGH,-1,0.12546964229883495,0.17079143464846086,-0.9772858613077973,0.03491303061634772,4.077005666488698,4.128623781710451,0.0,0,0,0,DIRECT_LOCAL,PASS_THROUGH,0,GOAL_OUTSIDE_FOV,1,14,0.0,22.0,2.0,0.0,22.0,2.0,1,
449,15.0,0.033333,-0.06504371762275696,22.130258560180664,2.7896764278411865,3.071888888168583,0.8128976225852966,-0.08470852444521246,0.26713802965928624,-0.06943538360937727,0.2887205110498944,0.0,22.0,2.0,0.15234868944009297,0.10281194218363411,-0.9829646897881505,0.029621296034166068,-0.0945548266172409,0.11849471181631088,-0.027376975864171982,1.2119674682617188,direct,SAFE_PROGRESSING,NONE,1,0,"-0.074,22.128;-0.037,22.064;-0.000,22.000",0,1,PASS_THROUGH,-1,0.12546964229883495,0.17079143464846086,-0.9772858613077973,0.03491303061634772,4.078309868287024,4.130555225242409,0.0,0,0,0,DIRECT_LOCAL,PASS_THROUGH,0,GOAL_OUTSIDE_FOV,1,14,0.0,22.0,2.0,0.0,22.0,2.0,1,
450,15.033333,0.033333,-0.056063320487737656,22.132854461669922,2.7873520851135254,3.0994680088106756,0.8150671720504761,-0.0931372689190921,0.26500438463404374,-0.06814276322276971,0.28904205734911637,0.0,22.0,2.0,0.15866259339778893,0.08776176907348583,-0.9834246556525721,0.02911905060439205,-0.1003086119890213,0.11501424014568329,-0.026647694408893585,1.1924386024475098,direct,SAFE_PROGRESSING,NONE,1,0,"-0.065,22.130;-0.033,22.065;-0.000,22.000",1,1,PASS_THROUGH,-1,0.8750551299514205,0.4840232634344165,0.0,0.02911905060439205,4.080286292819108,4.133074783518579,0.0,0,0,0,DIRECT_LOCAL,PASS_THROUGH,0,CORRIDOR_CLEAR,1,14,0.0,22.0,2.0,0.0,22.0,2.0,1,
451,15.066667,0.033333,-0.04724506288766861,22.135967254638672,2.785132884979248,3.1269828190765803,0.8139490485191345,-0.1001136158085241,0.26110777826771137,-0.06646723954294344,0.2874332998707979,0.0,22.0,2.0,0.16493421994082816,0.07245725284957295,-0.9836394916848366,0.028839836261473833,-0.10642141103744507,0.11153687536716461,-0.025936931371688843,1.1715342998504639,direct,SAFE_PROGRESSING,NONE,1,0,"-0.056,22.133;-0.028,22.066;0.000,22.000",0,1,PASS_THROUGH,-1,0.15866259339778893,0.08776176907348583,-0.9834246556525721,0.02911905060439205,4.082858963892008,4.1361236505012045,0.0,0,0,0,DIRECT_LOCAL,PASS_THROUGH,0,CORRIDOR_CLEAR,1,14,0.0,22.0,2.0,0.0,22.0,2.0,1,
452,15.1,0.033333,-0.03866663575172424,22.139545440673828,2.783022165298462,-3.1288454415045934,0.8098297715187073,-0.10607999976823028,0.2556692830224713,-0.06444717551180289,0.28420624036692343,0.0,22.0,2.0,0.17107900623695035,0.057012040832273195,-0.9836064257746169,0.02878832423135268,-0.11342109739780426,0.10797488689422607,-0.025228168815374374,1.1480833292007446,local_avoidance,SAFE_PROGRESSING,NONE,1,0,"-0.047,22.136;-0.079,22.071;-0.110,22.006",0,1,PASS_THROUGH,-1,0.15866259339778893,0.08776176907348583,-0.9834246556525721,0.02911905060439205,4.08596818338787,4.139650146062257,0.0,0,0,0,DIRECT_LOCAL,PASS_THROUGH,0,CORRIDOR_CLEAR,1,14,0.0,22.0,2.0,0.0,22.0,2.0,1,
453,15.133333,0.033333,-0.03039403446018696,22.143537521362305,2.781019687652588,-3.1017282693019546,0.8030500411987305,-0.11141534809607076,0.2489282245190916,-0.06213967724121035,0.2797141044731883,0.0,22.0,2.0,0.17703855801465346,0.04153528407424571,-0.9833270916398896,0.028960689724666023,-0.12164474278688431,0.10423104465007782,-0.02453659661114216,1.1210020780563354,local_avoidance,SAFE_PROGRESSING,NONE,1,0,"-0.039,22.140;-0.069,22.074;-0.099,22.008",0,1,PASS_THROUGH,-1,0.15866259339778893,0.08776176907348583,-0.9834246556525721,0.02911905060439205,4.089561144729502,4.143602180723803,0.0,0,0,0,DIRECT_LOCAL,PASS_THROUGH,0,CORRIDOR_CLEAR,1,14,0.0,22.0,2.0,0.0,22.0,2.0,1,
454,15.166667,0.033333,-0.022482343018054962,22.14790916442871,2.7791221141815186,-3.0749229514090963,0.7938591837882996,-0.116477371747321,0.24111300830179044,-0.059608588495567036,0.2743276229692095,0.0,22.0,2.0,0.1827694642517956,0.026128702892929,-0.9828085336535517,0.029344040191903436,-0.13129764795303345,0.10022784769535065,-0.023859458044171333,1.0892597436904907,local_avoidance,SAFE_PROGRESSING,NONE,1,0,"-0.030,22.144;-0.059,22.076;-0.088,22.009",0,1,PASS_THROUGH,-1,0.15866259339778893,0.08776176907348583,-0.9834246556525721,0.02911905060439205,4.093584472401393,4.147944521236265,0.0,0,0,0,DIRECT_LOCAL,PASS_THROUGH,0,CORRIDOR_CLEAR,1,14,0.0,22.0,2.0,0.0,22.0,2.0,1,
455,15.2,0.033333,-0.014977343380451202,22.152618408203125,2.7773239612579346,-3.0484962605204164,0.7823442816734314,-0.12162549361020306,0.2324259564694649,-0.05694494003209784,0.2684349309086475,0.0,22.0,2.0,0.18826183734123003,0.01088421608792415,-0.9820585595783257,0.029921615377235856,-0.14172594249248505,0.09630917757749557,-0.023309923708438873,1.057525396347046,local_avoidance,SAFE_PROGRESSING,NONE,1,0,"-0.022,22.148;-0.050,22.078;-0.077,22.009",0,1,PASS_THROUGH,-1,0.15866259339778893,0.08776176907348583,-0.9834246556525721,0.02911905060439205,4.098001554581768,4.152634089213634,0.0,0,0,0,DIRECT_LOCAL,PASS_THROUGH,0,CORRIDOR_CLEAR,1,14,0.0,22.0,2.0,0.0,22.0,2.0,1,
456,15.233333,0.033333,-0.007917429320514202,22.15766716003418,2.7756171226501465,-3.0225141951470724,0.7686481475830078,-0.12719277712220234,0.22305356414611385,-0.05425953552831583,0.26244045462941,0.0,22.0,2.0,0.19350712881153145,-0.004113767934414574,-0.9810902445812512,0.030670310945402325,-0.15213114023208618,0.09270229935646057,-0.022950362414121628,1.0310479402542114,local_avoidance,SAFE_PROGRESSING,NONE,1,0,"-0.015,22.153;-0.047,22.083;-0.078,22.013",1,1,PASS_THROUGH,-1,0.9997741040388914,-0.021254197073323322,0.0,0.030670310945402325,4.102767893727822,4.157671538951673,0.0,0,0,0,DIRECT_LOCAL,PASS_THROUGH,0,CORRIDOR_CLEAR,1,14,0.0,22.0,2.0,0.0,22.0,2.0,1,
457,15.266667,0.033333,-0.00133486685808748,22.163036346435547,2.77398943901062,-2.997036768433617,0.7532895803451538,-0.133421935714414,0.21318785529400114,-0.05161911332330211,0.25673918172908683,0.0,22.0,2.0,0.19855880322034622,-0.018796208960893585,-0.979908722377958,0.03157316521369941,-0.1622576266527176,0.08924131095409393,-0.02266642078757286,1.0088348388671875,local_avoidance,SAFE_PROGRESSING,NONE,1,0,"-0.008,22.158;-0.038,22.085;-0.067,22.011",0,1,PASS_THROUGH,-1,0.19350712881153145,-0.004113767934414574,-0.9810902445812512,0.030670310945402325,4.107882719890899,4.16303647081503,0.0,0,0,0,DIRECT_LOCAL,PASS_THROUGH,0,CORRIDOR_CLEAR,1,14,0.0,22.0,2.0,0.0,22.0,2.0,1,
458,15.3,0.033333,0.004743863828480244,22.168725967407227,2.7724313735961914,-2.9721056611887295,0.737056314945221,-0.14042380928766143,0.20302797355541627,-0.04902696881887426,0.25168005072401584,0.0,22.0,2.0,0.20345184408644892,-0.03310430503778357,-0.9785251412844683,0.03260836219657803,-0.17251980304718018,0.08554987609386444,-0.022295059636235237,0.984882116317749,local_avoidance,SAFE_PROGRESSING,NONE,1,0,"-0.001,22.163;-0.029,22.086;-0.056,22.009",0,1,PASS_THROUGH,-1,0.19350712881153145,-0.004113767934414574,-0.9810902445812512,0.030670310945402325,4.113324237436625,4.1687275370195715,0.0,0,0,0,DIRECT_LOCAL,PASS_THROUGH,0,CORRIDOR_CLEAR,1,14,0.0,22.0,2.0,0.0,22.0,2.0,1,
459,15.333333,0.033333,0.010298057459294796,22.174732208251953,2.7709341049194336,-2.9477399318803634,0.7205074429512024,-0.14819681813364505,0.19275449382494625,-0.04649364605259092,0.24754444230867223,0.0,22.0,2.0,0.2082463067077522,-0.04699692247675533,-0.9769466541322994,0.03375852859443233,-0.18300360441207886,0.08165305852890015,-0.02185291051864624,0.9573909044265747,local_avoidance,SAFE_PROGRESSING,NONE,1,0,"0.005,22.169;-0.026,22.090;-0.057,22.012",0,1,PASS_THROUGH,-1,0.19350712881153145,-0.004113767934414574,-0.9810902445812512,0.030670310945402325,4.118974594781541,4.174739598767009,0.0,0,0,0,DIRECT_LOCAL,PASS_THROUGH,0,CORRIDOR_CLEAR,1,14,0.0,22.0,2.0,0.0,22.0,2.0,1,
460,15.366667,0.033333,0.015312294475734234,22.181053161621094,2.769491195678711,-2.9239456015531515,0.7037437558174133,-0.15667924109099438,0.18250644641835292,-0.04407018340038697,0.2445386853609237,0.0,22.0,2.0,0.21299762129251665,-0.06044555594392208,-0.9751811873135986,0.0350070819052596,-0.19348746538162231,0.0777781754732132,-0.021419335156679153,0.927905797958374,local_avoidance,SAFE_PROGRESSING,NONE,1,0,"0.010,22.175;-0.024,22.094;-0.059,22.014",0,1,PASS_THROUGH,-1,0.19350712881153145,-0.004113767934414574,-0.9810902445812512,0.030670310945402325,4.124923276138907,4.18106948694903,0.0,0,0,0,DIRECT_LOCAL,PASS_THROUGH,0,CORRIDOR_CLEAR,1,14,0.0,22.0,2.0,0.0,22.0,2.0,1,
461,15.4,0.033333,0.01977548375725746,22.187686920166016,2.7680959701538086,-2.9007287127362242,0.6866138577461243,-0.16578968879030062,0.17238107820172702,-0.04180305947175964,0.24279405431841636,0.0,22.0,2.0,0.21776183367997298,-0.07343174545953811,-0.9732356151267284,0.03633990296910848,-0.20386052131652832,0.07400303333997726,-0.02101176604628563,0.8972471952438354,local_avoidance,SAFE_PROGRESSING,NONE,1,0,"0.015,22.181;-0.016,22.096;-0.046,22.010",0,1,PASS_THROUGH,-1,0.19350712881153145,-0.004113767934414574,-0.9810902445812512,0.030670310945402325,4.131198792245923,4.187714124259775,0.0,0,0,0,DIRECT_LOCAL,PASS_THROUGH,0,CORRIDOR_CLEAR,1,14,0.0,22.0,2.0,0.0,22.0,2.0,1,
462,15.433333,0.033333,0.023679934442043304,22.194629669189453,2.7667412757873535,-2.878101688820467,0.6689426898956299,-0.17544600671985827,0.16244795266869555,-0.03971091315950469,0.2423790321462585,0.0,22.0,2.0,0.22259367853211467,-0.08594376621927083,-0.9711157105750009,0.03774517174910607,-0.2139771282672882,0.07037469744682312,-0.020631926134228706,0.8662112951278687,local_avoidance,SAFE_PROGRESSING,NONE,1,0,"0.020,22.188;-0.014,22.100;-0.048,22.012",1,1,PASS_THROUGH,-1,0.9328803017895135,-0.3601865385228965,0.0,0.03774517174910607,4.13779730903956,4.194668638379138,0.0,0,0,0,DIRECT_LOCAL,PASS_THROUGH,0,CORRIDOR_CLEAR,1,14,0.0,22.0,2.0,0.0,22.0,2.0,1,
463,15.466667,0.033333,0.02702081948518753,22.201875686645508,2.765421152114868,-2.8560831562698525,0.6506323218345642,-0.18556759626170125,0.15276262442783997,-0.03778811547813145,0.2433098721297919,0.0,22.0,2.0,0.2275442632810295,-0.09797428626225616,-0.968826427942227,0.039212981230187245,-0.22377613186836243,0.0668947845697403,-0.020251629874110222,0.8346846699714661,local_avoidance,SAFE_PROGRESSING,NONE,1,0,"0.024,22.195;-0.013,22.104;-0.050,22.013",0,1,PASS_THROUGH,-1,0.22259367853211467,-0.08594376621927083,-0.9711157105750009,0.03774517174910607,4.14471323984862,4.201926376364963,0.0,0,0,0,DIRECT_LOCAL,PASS_THROUGH,0,CORRIDOR_CLEAR,1,14,0.0,22.0,2.0,0.0,22.0,2.0,1,
464,15.5,0.033333,0.029795994982123375,22.209421157836914,2.7641305923461914,-2.8346945831062236,0.6316606998443604,-0.19607046084262966,0.14337460830331372,-0.036024175004056705,0.24555578817428178,0.0,22.0,2.0,0.2326602077089106,-0.10951940001223565,-0.9663719412161171,0.04073520224289864,-0.23317092657089233,0.06361528486013412,-0.019870325922966003,0.8029812574386597,local_avoidance,SAFE_PROGRESSING,NONE,1,0,"0.027,22.202;-0.012,22.108;-0.051,22.014",0,1,PASS_THROUGH,-1,0.22259367853211467,-0.08594376621927083,-0.9711157105750009,0.03774517174910607,4.058006443436487,4.209482729876224,0.0,0,0,0,DIRECT_LOCAL,PASS_THROUGH,0,CORRIDOR_CLEAR,1,14,0.0,22.0,2.0,0.0,22.0,2.0,1,
465,15.533333,0.033333,0.03200609236955643,22.217254638671875,2.762864589691162,-2.813957862329788,0.6120607256889343,-0.20686083938143657,0.13432991857769114,-0.03442418480652907,0.24904007387220978,0.0,22.0,2.0,0.23798742139130774,-0.12057951550037271,-0.9637544125456503,0.04230603865489105,-0.2421640008687973,0.06057050824165344,-0.019515888765454292,0.7714124321937561,local_avoidance,SAFE_PROGRESSING,NONE,1,0,"0.030,22.209;-0.012,22.112;-0.053,22.015",0,1,PASS_THROUGH,-1,0.22259367853211467,-0.08594376621927083,-0.9711157105750009,0.03774517174910607,4.06120045547081,4.217325606440343,0.0,0,0,0,DIRECT_LOCAL,PASS_THROUGH,0,CORRIDOR_CLEAR,1,14,0.0,22.0,2.0,0.0,22.0,2.0,1,
466,15.566667,0.033333,0.033654727041721344,22.225370407104492,2.761619806289673,-2.7938927290907634,0.5919183492660522,-0.2178347002102859,0.12567053267930522,-0.033001828570397386,0.25364179483790783,0.0,22.0,2.0,0.24355987820424752,-0.13115613404479365,-0.960976927002702,0.04391991255602203,-0.2509070336818695,0.057724714279174805,-0.019204875454306602,0.739274263381958,local_avoidance,SAFE_PROGRESSING,NONE,1,0,"0.032,22.217;-0.012,22.116;-0.055,22.016",0,1,PASS_THROUGH,-1,0.22259367853211467,-0.08594376621927083,-0.9711157105750009,0.03774517174910607,4.067294441826124,4.225448786097206,0.0,0,0,0,DIRECT_LOCAL,PASS_THROUGH,0,CORRIDOR_CLEAR,1,14,0.0,22.0,2.0,0.0,22.0,2.0,1,
467,15.6,0.033333,0.03474854305386543,22.233755111694336,2.760392427444458,-2.7745154806755465,0.5713219046592712,-0.22888742630121942,0.11743002197647245,-0.03176931558618138,0.259207548873495,0.0,22.0,2.0,0.24941334483087302,-0.1412563132583189,-0.9580394759011466,0.04557387894428005,-0.2595365643501282,0.05502543970942497,-0.01896572671830654,0.7062329053878784,local_avoidance,SAFE_PROGRESSING,NONE,1,0,"0.034,22.225;-0.012,22.121;-0.057,22.016",0,1,PASS_THROUGH,-1,0.22259367853211467,-0.08594376621927083,-0.9711157105750009,0.03774517174910607,4.075403185336525,4.233838571409256,0.0,0,0,0,DIRECT_LOCAL,PASS_THROUGH,0,CORRIDOR_CLEAR,1,14,0.0,22.0,2.0,0.0,22.0,2.0,1,
468,15.633333,0.033333,0.03529701381921768,22.242395401000977,2.759178400039673,-2.755839135188385,0.5503154993057251,-0.23992887412765515,0.1096276976008306,-0.030736761877271097,0.2655726741442412,0.0,22.0,2.0,0.2555707487386648,-0.15088748093913276,-0.9549432236970956,0.04726474943870868,-0.2680536210536957,0.05247127637267113,-0.018835382536053658,0.6729846000671387,local_avoidance,SAFE_PROGRESSING,NONE,1,0,"0.035,22.234;0.088,22.128;0.140,22.022",1,1,PASS_THROUGH,-1,0.8611206678655997,-0.5084006248763895,0.0,0.04726474943870868,4.083783591135625,4.242481413412439,0.0,0,0,0,DIRECT_LOCAL,PASS_THROUGH,0,CORRIDOR_CLEAR,1,14,0.0,22.0,2.0,0.0,22.0,2.0,1,
469,15.666667,0.033333,0.03531182184815407,22.251279830932617,2.757974147796631,-2.7378747844010825,0.528932511806488,-0.25089178216507046,0.10226650424813429,-0.029907119711588603,0.2725794564132485,0.0,22.0,2.0,0.26205063601445516,-0.16005915185389538,-0.9516882536168193,0.048990370323555736,-0.27634280920028687,0.050084371119737625,-0.01882464624941349,0.6406410336494446,local_avoidance,SAFE_PROGRESSING,NONE,1,0,"0.035,22.242;0.090,22.133;0.145,22.024",0,1,PASS_THROUGH,-1,0.2555707487386648,-0.15088748093913276,-0.9549432236970956,0.04726474943870868,4.092421813051113,4.251365810056227,0.0,0,0,0,DIRECT_LOCAL,PASS_THROUGH,0,CORRIDOR_CLEAR,1,14,0.0,22.0,2.0,0.0,22.0,2.0,1,
470,15.7,0.033333,0.03480616956949234,22.260395050048828,2.756775140762329,-2.7206315796656666,0.5072673559188843,-0.2617276009290455,0.09533656137012556,-0.029300862483703262,0.2800873748747742,0.0,22.0,2.0,0.26886900218225934,-0.16878263239849278,-0.9482731055271743,0.05074976973179699,-0.28454864025115967,0.04779045283794403,-0.019013525918126106,0.6107374429702759,local_avoidance,SAFE_PROGRESSING,NONE,1,0,"0.035,22.251;0.093,22.138;0.151,22.025",0,1,PASS_THROUGH,-1,0.2555707487386648,-0.15088748093913276,-0.9549432236970956,0.04726474943870868,4.101306132708467,4.260478479564114,0.0,0,0,0,DIRECT_LOCAL,PASS_THROUGH,0,CORRIDOR_CLEAR,1,14,0.0,22.0,2.0,0.0,22.0,2.0,1,
471,15.733333,0.033333,0.03379422053694725,22.269729614257812,2.7555763721466064,-2.704113730339088,0.4855499267578125,-0.2724026841849966,0.08881916977618498,-0.0289335202616433,0.2879743319562575,0.0,22.0,2.0,0.27603540808759003,-0.17706949521921786,-0.9446961666825632,0.052542193151802086,-0.29294002056121826,0.04544674977660179,-0.01939646154642105,0.5821102261543274,local_avoidance,SAFE_PROGRESSING,NONE,1,0,"0.035,22.260;0.095,22.144;0.156,22.027",0,1,PASS_THROUGH,-1,0.2555707487386648,-0.15088748093913276,-0.9549432236970956,0.04726474943870868,4.110423131497418,4.2698081621015795,0.0,0,0,0,DIRECT_LOCAL,PASS_THROUGH,0,CORRIDOR_CLEAR,1,14,0.0,22.0,2.0,0.0,22.0,2.0,1,
472,15.766667,0.033333,0.0322905108332634,22.27927017211914,2.7543718814849854,-2.6883169214578064,0.4640561640262604,-0.2829016886182757,0.0826866461707321,-0.028775454422753012,0.2961392808380402,0.0,22.0,2.0,0.2835563490250683,-0.18493354131043932,-0.9409545059278657,0.05436767942421974,-0.3010745048522949,0.04316860809922218,-0.01989428885281086,0.5551794767379761,local_avoidance,SAFE_PROGRESSING,NONE,1,0,"0.034,22.270;0.097,22.150;0.161,22.029",0,1,PASS_THROUGH,-1,0.2555707487386648,-0.15088748093913276,-0.9549432236970956,0.04726474943870868,4.025539853338244,4.279341791384252,0.0,0,0,0,DIRECT_LOCAL,PASS_THROUGH,0,CORRIDOR_CLEAR,1,14,0.0,22.0,2.0,0.0,22.0,2.0,1,
473,15.8,0.033333,0.030309326946735382,22.28900718688965,2.753157138824463,-2.673228246847545,0.44301727414131165,-0.29321573566186476,0.07690701084160435,-0.028818290417496076,0.3045006565163798,0.0,22.0,2.0,0.2914316683054159,-0.19238877605614244,-0.9370454319595938,0.056226152678385356,-0.30855923891067505,0.041034355759620667,-0.020552409812808037,0.5329750180244446,local_avoidance,SAFE_PROGRESSING,NONE,1,0,"0.032,22.279;0.088,22.150;0.144,22.021",0,1,PASS_THROUGH,-1,0.2555707487386648,-0.15088748093913276,-0.9549432236970956,0.04726474943870868,4.0293090903944755,4.2890702031074515,0.0,0,0,0,DIRECT_LOCAL,PASS_THROUGH,0,CORRIDOR_CLEAR,1,14,0.0,22.0,2.0,0.0,22.0,2.0,1,
474,15.833333,0.033333,0.02786465734243393,22.298927307128906,2.7519278526306152,-2.6588272646364977,0.42276084423065186,-0.3033110320349054,0.07145599935878208,-0.029026495798680434,0.3129633835719325,0.0,22.0,2.0,0.2996599630014356,-0.1994509025520989,-0.9329647603447471,0.0581184340373456,-0.31473544239997864,0.03923828899860382,-0.021132569760084152,0.5141720175743103,local_avoidance,SAFE_PROGRESSING,NONE,1,0,"0.030,22.289;0.089,22.156;0.149,22.024",1,1,PASS_THROUGH,-1,0.8324634415375187,-0.5540799748262971,0.0,0.0581184340373456,4.039055183870545,4.298980495513113,0.0,0,0,0,DIRECT_LOCAL,PASS_THROUGH,0,CORRIDOR_CLEAR,1,14,0.0,22.0,2.0,0.0,22.0,2.0,1,
475,15.866667,0.033333,0.02497102878987789,22.309019088745117,2.7506837844848633,-2.6450824682836966,0.4036567509174347,-0.3130893501828531,0.06633025381597527,-0.029385183707495106,0.32138471150746445,0.0,22.0,2.0,0.3082307381593344,-0.20613535895588952,-0.9287098717262989,0.060044641418248376,-0.3189045786857605,0.037999242544174194,-0.021625593304634094,0.501787543296814,local_avoidance,SAFE_PROGRESSING,NONE,1,0,"0.028,22.299;0.091,22.163;0.153,22.026",0,1,PASS_THROUGH,-1,0.2996599630014356,-0.1994509025520989,-0.9329647603447471,0.0581184340373456,4.048987813245269,4.309061744979264,0.0,0,0,0,DIRECT_LOCAL,PASS_THROUGH,0,CORRIDOR_CLEAR,1,14,0.0,22.0,2.0,0.0,22.0,2.0,1,
476,15.9,0.033333,0.02164543978869915,22.31926918029785,2.7494263648986816,-2.631950226674606,0.3861505091190338,-0.32235869804042777,0.06155814359488858,-0.029939631650270512,0.32954653205355156,0.0,22.0,2.0,0.3171279072383927,-0.21246093876703434,-0.924278226482063,0.062005273803987834,-0.3217591643333435,0.03708217293024063,-0.022038642317056656,0.49232208728790283,local_avoidance,SAFE_PROGRESSING,NONE,1,0,"0.025,22.309;0.091,22.169;0.158,22.029",0,1,PASS_THROUGH,-1,0.2996599630014356,-0.1994509025520989,-0.9329647603447471,0.0581184340373456,4.059096255596445,4.319301186501456,0.0,0,0,0,DIRECT_LOCAL,PASS_THROUGH,0,CORRIDOR_CLEAR,1,14,0.0,22.0,2.0,0.0,22.0,2.0,1,
477,15.933333,0.033333,0.01790967956185341,22.329660415649414,2.7481584548950195,-2.6193723305213945,0.3706369698047638,-0.33086465768753465,0.05718876182670374,-0.03069673039411365,0.33717097360664045,0.0,22.0,2.0,0.32632507226971663,-0.2184519480151827,-0.9196687956087974,0.06400041704605001,-0.32429051399230957,0.036278679966926575,-0.022380433976650238,0.4810943007469177,local_avoidance,SAFE_PROGRESSING,NONE,1,0,"0.022,22.319;0.092,22.176;0.163,22.032",0,1,PASS_THROUGH,-1,0.2996599630014356,-0.1994509025520989,-0.9329647603447471,0.0581184340373456,4.069367966012256,4.329682296345453,0.0,0,0,0,DIRECT_LOCAL,PASS_THROUGH,0,CORRIDOR_CLEAR,1,14,0.0,22.0,2.0,0.0,22.0,2.0,1,
478,15.966667,0.033333,0.013791216537356377,22.34016227722168,2.74688458442688,-2.607279975263011,0.3571232855319977,-0.3383853630546553,0.05326090991383801,-0.031571126997864546,0.34400307340835784,0.0,22.0,2.0,0.335783305398988,-0.22413908445443076,-0.914883185240203,0.06602931054256214,-0.3270881772041321,0.03551981598138809,-0.022678125649690628,0.4660317301750183,local_avoidance,SAFE_PROGRESSING,NONE,1,0,"0.018,22.330;0.093,22.182;0.167,22.035",0,1,PASS_THROUGH,-1,0.2996599630014356,-0.1994509025520989,-0.9329647603447471,0.0581184340373456,4.0797866237932805,4.34017523316724,0.0,0,0,0,DIRECT_LOCAL,PASS_THROUGH,0,CORRIDOR_CLEAR,1,14,0.0,22.0,2.0,0.0,22.0,2.0,1,
479,16.0,0.033333,0.009321652352809906,22.35075569152832,2.745609760284424,-2.595609715842519,0.34515953063964844,-0.3448247319150841,0.04977875045501776,-0.032415438193992785,0.34990395878080777,0.0,22.0,2.0,0.34544615646759363,-0.2295503122100758,-0.9099305507268252,0.0680883462857541,-0.3303082585334778,0.034798938781023026,-0.022974856197834015,0.44762036204338074,local_avoidance,SAFE_PROGRESSING,NONE,1,0,"0.014,22.340;0.093,22.189;0.172,22.039",0,1,PASS_THROUGH,-1,0.2996599630014356,-0.1994509025520989,-0.9329647603447471,0.0581184340373456,4.090322545962247,4.350761602020472,0.0,0,0,0,DIRECT_LOCAL,PASS_THROUGH,0,CORRIDOR_CLEAR,1,14,0.0,22.0,2.0,0.0,22.0,2.0,1,
480,16.033333,0.033333,0.004533474333584309,22.361408233642578,2.7443387508392334,-2.5843180868344255,0.3340573012828827,-0.35024603657303227,0.046707273318139675,-0.03308187758674504,0.35489190768542134,0.0,22.0,2.0,0.35526725891180544,-0.23471679687295066,-0.9048166665192426,0.07017590707417948,-0.3340449631214142,0.03408294543623924,-0.023289678618311882,0.4266163110733032,local_avoidance,SAFE_PROGRESSING,NONE,1,0,"0.009,22.351;0.093,22.197;0.177,22.042",1,1,PASS_THROUGH,-1,0.8343497473501311,-0.5512354298271949,0.0,0.07017590707417948,4.015234468851334,4.361409629597464,0.0,0,0,0,DIRECT_LOCAL,PASS_THROUGH,0,CORRIDOR_CLEAR,1,14,0.0,22.0,2.0,0.0,22.0,2.0,1,
481,16.066667,0.033333,-0.0005434432532638311,22.372098922729492,2.743074417114258,-2.573385999848612,0.3231339454650879,-0.3548428859611531,0.04398297816882173,-0.03347618314042129,0.35912202790067055,0.0,22.0,2.0,0.36519300858900655,-0.23965454604350908,-0.8995553151632141,0.07228733325671424,-0.3382398188114166,0.0333593375980854,-0.023638665676116943,0.4043304920196533,local_avoidance,SAFE_PROGRESSING,NONE,1,0,"0.005,22.361;0.079,22.197;0.153,22.032",0,1,PASS_THROUGH,-1,0.35526725891180544,-0.23471679687295066,-0.9048166665192426,0.07017590707417948,4.011665891109532,4.372098942759783,0.0,0,0,0,DIRECT_LOCAL,PASS_THROUGH,0,CORRIDOR_CLEAR,1,14,0.0,22.0,2.0,0.0,22.0,2.0,1,
482,16.1,0.033333,-0.0058843581937253475,22.38280487060547,2.741819143295288,-2.5628170397785848,0.3118753731250763,-0.3588741708858978,0.041531449116280844,-0.03357760239529735,0.362826387101814,0.0,22.0,2.0,0.37518748943183416,-0.24437381081463994,-0.8941564674942344,0.0744198639146883,-0.3428649604320526,0.03260483592748642,-0.02400801330804825,0.38121742010116577,local_avoidance,SAFE_PROGRESSING,NONE,1,0,"-0.001,22.372;0.078,22.204;0.157,22.035",0,1,PASS_THROUGH,-1,0.35526725891180544,-0.23471679687295066,-0.9048166665192426,0.07017590707417948,4.022402975240916,4.382807215626532,0.0,0,0,0,DIRECT_LOCAL,PASS_THROUGH,0,CORRIDOR_CLEAR,1,14,0.0,22.0,2.0,0.0,22.0,2.0,1,
483,16.133333,0.033333,-0.011470641940832138,22.393526077270508,2.7405736446380615,-2.552629401322361,0.29997873306274414,-0.3625956513278969,0.03928371992753566,-0.03343971402294796,0.3662472272757616,0.0,22.0,2.0,0.38522091666272074,-0.24887162726122425,-0.8886325216364093,0.07657001884043695,-0.3476676940917969,0.03184840828180313,-0.024417703971266747,0.3588213622570038,local_avoidance,SAFE_PROGRESSING,NONE,1,0,"-0.006,22.383;0.078,22.211;0.161,22.038",0,1,PASS_THROUGH,-1,0.35526725891180544,-0.23471679687295066,-0.9048166665192426,0.07017590707417948,4.033046158207362,4.39353497529467,0.0,0,0,0,DIRECT_LOCAL,PASS_THROUGH,0,CORRIDOR_CLEAR,1,14,0.0,22.0,2.0,0.0,22.0,2.0,1,
484,16.166667,0.033333,-0.017289267852902412,22.404258728027344,2.739337205886841,-2.542847665191562,0.28737014532089233,-0.3662066405050174,0.037187010764048574,-0.033167182842459536,0.3695811674547849,0.0,22.0,2.0,0.39528854059627255,-0.2531472215362548,-0.8829855343672077,0.07873864340168643,-0.3525100350379944,0.03108454868197441,-0.024866215884685516,0.33758974075317383,local_avoidance,SAFE_PROGRESSING,NONE,1,0,"-0.011,22.394;0.077,22.218;0.165,22.042",0,1,PASS_THROUGH,-1,0.35526725891180544,-0.23471679687295066,-0.9048166665192426,0.07017590707417948,4.043709639551171,4.4042789135980005,0.0,0,0,0,DIRECT_LOCAL,PASS_THROUGH,0,CORRIDOR_CLEAR,1,14,0.0,22.0,2.0,0.0,22.0,2.0,1,
485,16.2,0.033333,-0.023331264033913612,22.41499137878418,2.7381081581115723,-2.533495252861897,0.2741726040840149,-0.369823741213459,0.03520875313634404,-0.0328722975830995,0.37294750811733196,0.0,22.0,2.0,0.405386493392609,-0.2571915711811974,-0.8772196342354582,0.08092565426839014,-0.35731041431427,0.030301518738269806,-0.025348979979753494,0.3175298869609833,local_avoidance,SAFE_PROGRESSING,NONE,1,0,"-0.017,22.404;0.076,22.225;0.169,22.045",0,1,PASS_THROUGH,-1,0.35526725891180544,-0.23471679687295066,-0.9048166665192426,0.07017590707417948,4.054390684897483,4.415028084594497,0.0,0,0,0,DIRECT_LOCAL,PASS_THROUGH,0,CORRIDOR_CLEAR,1,14,0.0,22.0,2.0,0.0,22.0,2.0,1,
486,16.233333,0.033333,-0.02958982065320015,22.425724029541016,2.736884593963623,-2.524588921889636,0.2606115937232971,-0.37348484387938796,0.033332707687340896,-0.03264127149419097,0.37638736776642495,0.0,22.0,2.0,0.4155069171951556,-0.26098936812943785,-0.8713429585911479,0.08312934315790417,-0.36208611726760864,0.029473893344402313,-0.02585521899163723,0.2981484830379486,local_avoidance,SAFE_PROGRESSING,NONE,1,0,"-0.023,22.415;0.075,22.232;0.173,22.049",1,1,PASS_THROUGH,-1,0.8468076726594648,-0.5318992061707374,0.0,0.08312934315790417,4.0650788591450135,4.425782983658299,0.0,0,0,0,DIRECT_LOCAL,PASS_THROUGH,0,CORRIDOR_CLEAR,1,14,0.0,22.0,2.0,0.0,22.0,2.0,1,
487,16.266667,0.033333,-0.0360587015748024,22.436477661132812,2.735663890838623,-2.516137597788194,0.24691657721996307,-0.3771747658511701,0.03155125572939955,-0.03251965664603949,0.3798865801806683,0.0,22.0,2.0,0.4256502129365293,-0.2645318450212112,-0.8653581912692345,0.08535022128030556,-0.3667675256729126,0.028604507446289062,-0.026384487748146057,0.27941805124282837,local_avoidance,SAFE_PROGRESSING,NONE,1,0,"-0.030,22.426;0.074,22.239;0.177,22.052",0,1,PASS_THROUGH,-1,0.4155069171951556,-0.26098936812943785,-0.8713429585911479,0.08312934315790417,4.0757751336891745,4.436565083053238,0.0,0,0,0,DIRECT_LOCAL,PASS_THROUGH,0,CORRIDOR_CLEAR,1,14,0.0,22.0,2.0,0.0,22.0,2.0,1,
488,16.3,0.033333,-0.042731378227472305,22.447235107421875,2.734443187713623,-2.508142304773759,0.23327365517616272,-0.3808561271361896,0.029858193092742864,-0.03251625195036881,0.3834060613929321,0.0,22.0,2.0,0.43582938730451165,-0.267824056670297,-0.8592572489251631,0.08759291720846633,-0.37136155366897583,0.027693377807736397,-0.026933273300528526,0.2611238360404968,local_avoidance,SAFE_PROGRESSING,NONE,1,0,"-0.036,22.436;0.073,22.246;0.181,22.056",0,1,PASS_THROUGH,-1,0.4155069171951556,-0.26098936812943785,-0.8713429585911479,0.08312934315790417,4.086501441910827,4.447357700278813,0.0,0,0,0,DIRECT_LOCAL,PASS_THROUGH,0,CORRIDOR_CLEAR,1,14,0.0,22.0,2.0,0.0,22.0,2.0,1,
489,16.333333,0.033333,-0.04960082843899727,22.45801544189453,2.7332208156585693,-2.500598765305317,0.2198135405778885,-0.3844933857674234,0.02824425580722747,-0.03261355364594519,0.38690637829637503,0.0,22.0,2.0,0.4460286391717009,-0.270853360158156,-0.8530515285313526,0.08985437373792672,-0.37584188580513,0.026754580438137054,-0.027499737218022346,0.24333098530769348,local_avoidance,SAFE_PROGRESSING,NONE,1,0,"-0.043,22.447;0.054,22.244;0.150,22.042",0,1,PASS_THROUGH,-1,0.4155069171951556,-0.26098936812943785,-0.8713429585911479,0.08312934315790417,4.097241554796691,4.458180379537566,0.0,0,0,0,DIRECT_LOCAL,PASS_THROUGH,0,CORRIDOR_CLEAR,1,14,0.0,22.0,2.0,0.0,22.0,2.0,1,
490,16.366667,0.033333,-0.056659772992134094,22.468807220458984,2.731994867324829,-2.4934992528357207,0.20661930739879608,-0.3880657904017728,0.026697329126562235,-0.03278254018911974,0.3903620114763932,0.0,22.0,2.0,0.4562546402973669,-0.273628202063778,-0.84673449808217,0.09213867530970424,-0.3801800012588501,0.025804299861192703,-0.028075577691197395,0.22605876624584198,local_avoidance,SAFE_PROGRESSING,NONE,1,0,"-0.050,22.458;0.052,22.251;0.154,22.045",0,1,PASS_THROUGH,-1,0.4155069171951556,-0.26098936812943785,-0.8713429585911479,0.08312934315790417,4.108015461288071,4.469022133201627,0.0,0,0,0,DIRECT_LOCAL,PASS_THROUGH,0,CORRIDOR_CLEAR,1,14,0.0,22.0,2.0,0.0,22.0,2.0,1,
491,16.4,0.033333,-0.06390108913183212,22.479616165161133,2.7307631969451904,-2.4868338873399773,0.19374243915081024,-0.3915679792657068,0.025204394602546854,-0.032996164298701586,0.3937632420020143,0.0,22.0,2.0,0.46649253872200436,-0.2761423633714434,-0.8403154803217259,0.09444374830130345,-0.3843395709991455,0.02486475743353367,-0.028653370216488838,0.2094276249408722,local_avoidance,SAFE_PROGRESSING,NONE,1,0,"-0.057,22.469;0.050,22.258;0.157,22.048",0,1,PASS_THROUGH,-1,0.4155069171951556,-0.26098936812943785,-0.8713429585911479,0.08312934315790417,4.030490254495707,4.4798891253368165,0.0,0,0,0,DIRECT_LOCAL,PASS_THROUGH,0,CORRIDOR_CLEAR,1,14,0.0,22.0,2.0,0.0,22.0,2.0,1,
492,16.433333,0.033333,-0.07131800055503845,22.49044418334961,2.729525327682495,-2.4805914780775207,0.18121834099292755,-0.3950031042829438,0.023755076169546946,-0.033237864994550254,0.3971102009598585,0.0,22.0,2.0,0.47673826420132354,-0.27839962081251984,-0.8337951058729922,0.0967708664993975,-0.38828667998313904,0.023953642696142197,-0.02922501042485237,0.19350390136241913,local_avoidance,SAFE_PROGRESSING,NONE,1,0,"-0.064,22.480;0.048,22.265;0.160,22.051",1,1,PASS_THROUGH,-1,0.8635404829816506,-0.5042795199607231,0.0,0.0967708664993975,4.029640142594245,4.490783692049796,0.0,0,0,0,DIRECT_LOCAL,PASS_THROUGH,0,CORRIDOR_CLEAR,1,14,0.0,22.0,2.0,0.0,22.0,2.0,1,
493,16.466667,0.033333,-0.07890412956476212,22.501285552978516,2.7282798290252686,-2.4747597320120636,0.1690770387649536,-0.39837404751497146,0.022343950415983065,-0.03350135669447502,0.40040413928183016,0.0,22.0,2.0,0.4869839726265483,-0.2804019070035503,-0.8271767531511252,0.09912048308692481,-0.39206552505493164,0.023073412477970123,-0.029783805832266808,0.17823705077171326,local_avoidance,SAFE_PROGRESSING,NONE,1,0,"-0.071,22.490;0.046,22.272;0.163,22.054",0,1,PASS_THROUGH,-1,0.47673826420132354,-0.27839962081251984,-0.8337951058729922,0.0967708664993975,4.040500421471499,4.5017005278127815,0.0,0,0,0,DIRECT_LOCAL,PASS_THROUGH,0,CORRIDOR_CLEAR,1,14,0.0,22.0,2.0,0.0,22.0,2.0,1,
494,16.5,0.033333,-0.08665330708026886,22.512144088745117,2.7270267009735107,-2.469325756751372,0.15734262764453888,-0.4016783610925992,0.02097127543343811,-0.0337891535940687,0.4036421770131871,0.0,22.0,2.0,0.49721766709746,-0.2821478373933575,-0.8204676650425725,0.10149149073441555,-0.3956301212310791,0.02224358171224594,-0.03033696673810482,0.16394522786140442,local_avoidance,SAFE_PROGRESSING,NONE,1,0,"-0.079,22.501;0.044,22.279;0.167,22.057",0,1,PASS_THROUGH,-1,0.47673826420132354,-0.27839962081251984,-0.8337951058729922,0.0967708664993975,4.051388660753044,4.512643849251484,0.0,0,0,0,DIRECT_LOCAL,PASS_THROUGH,0,CORRIDOR_CLEAR,1,14,0.0,22.0,2.0,0.0,22.0,2.0,1,
495,16.533333,0.033333,-0.09455934911966324,22.523027420043945,2.7257649898529053,-2.4642757071515975,0.14604634046554565,-0.4049066902911006,0.019642210395831576,-0.034108153522462825,0.4068152042493484,0.0,22.0,2.0,0.5074320311391003,-0.28364150950615885,-0.8136708350795885,0.10388462124193625,-0.3990125060081482,0.021462686359882355,-0.03088601678609848,0.15061257779598236,local_avoidance,SAFE_PROGRESSING,NONE,1,0,"-0.087,22.512;0.042,22.286;0.170,22.061",0,1,PASS_THROUGH,-1,0.47673826420132354,-0.27839962081251984,-0.8337951058729922,0.0967708664993975,4.062309449395359,4.523621669996372,0.0,0,0,0,DIRECT_LOCAL,PASS_THROUGH,0,CORRIDOR_CLEAR,1,14,0.0,22.0,2.0,0.0,22.0,2.0,1,
496,16.566667,0.033333,-0.10261573642492294,22.533926010131836,2.724494457244873,-2.4595943103088986,0.13522902131080627,-0.40804446001055494,0.018365149431196555,-0.03446254779005007,0.4099088035882091,0.0,22.0,2.0,0.5176213808187933,-0.2848905667596041,-0.8067871287338672,0.10630129869832447,-0.4022142291069031,0.020742779597640038,-0.031434737145900726,0.1383190155029297,local_avoidance,SAFE_PROGRESSING,NONE,1,0,"-0.095,22.523;0.039,22.293;0.173,22.064",0,1,PASS_THROUGH,-1,0.47673826420132354,-0.27839962081251984,-0.8337951058729922,0.0967708664993975,4.073271154738389,4.534624815842062,0.0,0,0,0,DIRECT_LOCAL,PASS_THROUGH,0,CORRIDOR_CLEAR,1,14,0.0,22.0,2.0,0.0,22.0,2.0,1,
497,16.6,0.033333,-0.11081555485725403,22.544841766357422,2.723214626312256,-2.4552649377302194,0.12493500858545303,-0.4110753934840356,0.017150098506531614,-0.03485230845824056,0.4129065129199429,0.0,22.0,2.0,0.527769729041993,-0.2858952539984962,-0.7998268667956063,0.10873950039563925,-0.40522050857543945,0.020097820088267326,-0.03198416158556938,0.12703582644462585,local_avoidance,SAFE_PROGRESSING,NONE,1,0,"-0.103,22.534;0.016,22.289;0.135,22.045",0,1,PASS_THROUGH,-1,0.47673826420132354,-0.27839962081251984,-0.8337951058729922,0.0967708664993975,4.084200891810526,4.545655529281051,0.0,0,0,0,DIRECT_LOCAL,PASS_THROUGH,0,CORRIDOR_CLEAR,1,14,0.0,22.0,2.0,0.0,22.0,2.0,1,
498,16.633333,0.033333,-0.11915143579244614,22.555776596069336,2.7219252586364746,-2.451269372457211,0.11520618945360184,-0.41398446271010075,0.016007456652622005,-0.035270520093377916,0.41579247662928415,0.0,22.0,2.0,0.537866825346212,-0.2866637726699628,-0.7927945254797182,0.1111993952440024,-0.40808963775634766,0.019528841599822044,-0.03252581134438515,0.11640141159296036,local_avoidance,SAFE_PROGRESSING,NONE,1,0,"-0.111,22.545;0.013,22.296;0.137,22.047",1,1,PASS_THROUGH,-1,0.8824881595735881,-0.4703346130282369,0.0,0.1111993952440024,4.095029244370097,4.556716021815331,0.0,0,0,0,DIRECT_LOCAL,PASS_THROUGH,0,CORRIDOR_CLEAR,1,14,0.0,22.0,2.0,0.0,22.0,2.0,1,
499,16.666667,0.033333,-0.12761564552783966,22.566736221313477,2.72062611579895,-2.4475884972917163,0.10606041550636292,-0.41676080920415726,0.014947147440876185,-0.03570137885378483,0.41855415152305564,0.0,22.0,2.0,0.54790170906848,-0.2872059281464978,-0.7856948975507908,0.11368107835340395,-0.41084641218185425,0.01904502511024475,-0.03304837644100189,0.1060597151517868,local_avoidance,SAFE_PROGRESSING,NONE,1,0,"-0.119,22.556;0.010,22.303;0.140,22.050",0,1,PASS_THROUGH,-1,0.537866825346212,-0.2866637726699628,-0.7927945254797182,0.1111993952440024,4.1058924840702264,4.567812285986013,0.0,0,0,0,DIRECT_LOCAL,PASS_THROUGH,0,CORRIDOR_CLEAR,1,14,0.0,22.0,2.0,0.0,22.0,2.0,1,
500,16.7,0.033333,-0.1362002193927765,22.577713012695312,2.7193171977996826,-2.4442029071749976,0.09747239202260971,-0.4194004390765015,0.013977852822515815,-0.036128731829705364,0.42118570005487255,0.0,22.0,2.0,0.5578648909855773,-0.2875347208540611,-0.7785310191052294,0.11618531706410498,-0.4134744107723236,0.018650980666279793,-0.03355294466018677,0.09612677991390228,local_avoidance,SAFE_PROGRESSING,NONE,1,0,"-0.128,22.567;0.007,22.310;0.142,22.052",0,1,PASS_THROUGH,-1,0.537866825346212,-0.2866637726699628,-0.7927945254797182,0.1111993952440024,4.116797077243364,4.578936930898324,0.0,0,0,0,DIRECT_LOCAL,PASS_THROUGH,0,CORRIDOR_CLEAR,1,14,0.0,22.0,2.0,0.0,22.0,2.0,1,
501,16.733333,0.033333,-0.14489702880382538,22.588708877563477,2.717999219894409,-2.441094829902368,0.08939117193222046,-0.4219054990441892,0.01310679586086986,-0.03654078100574388,0.4236876997246611,0.0,22.0,2.0,0.5677410491808753,-0.28765642705962674,-0.7713130888596981,0.11871020593026275,-0.4159867763519287,0.01834028959274292,-0.03403426706790924,0.08650978654623032,local_avoidance,SAFE_PROGRESSING,NONE,1,0,"-0.136,22.578;0.004,22.316;0.145,22.055",0,1,PASS_THROUGH,-1,0.537866825346212,-0.2866637726699628,-0.7927945254797182,0.1111993952440024,4.127736080361609,4.590092066461835,0.0,0,0,0,DIRECT_LOCAL,PASS_THROUGH,0,CORRIDOR_CLEAR,1,14,0.0,22.0,2.0,0.0,22.0,2.0,1,
502,16.766667,0.033333,-0.1536981165409088,22.59972381591797,2.716672897338867,-2.4382483462468856,0.08175823837518692,-0.42428173403603153,0.012339773722456121,-0.03692956326803509,0.42606461070512647,0.0,22.0,2.0,0.577519836687975,-0.2875818107879095,-0.7640468181570038,0.12125564588557929,-0.4183541238307953,0.018107974901795387,-0.03448750823736191,0.07718771696090698,local_avoidance,SAFE_PROGRESSING,NONE,1,0,"-0.145,22.589;0.001,22.323;0.147,22.058",0,1,PASS_THROUGH,-1,0.537866825346212,-0.2866637726699628,-0.7927945254797182,0.1111993952440024,4.138712023508976,4.601277865547279,0.0,0,0,0,DIRECT_LOCAL,PASS_THROUGH,0,CORRIDOR_CLEAR,1,14,0.0,22.0,2.0,0.0,22.0,2.0,1,
503,16.8,0.033333,-0.16259558498859406,22.610761642456055,2.7153384685516357,-2.4356493400434305,0.07451406121253967,-0.42653467401503437,0.011680635754974317,-0.03729536826375935,0.42832138620746163,0.0,22.0,2.0,0.5871909791509592,-0.2873201306879854,-0.7567389883607007,0.1238211236271796,-0.42052483558654785,0.01795279234647751,-0.034915804862976074,0.06834456324577332,local_avoidance,SAFE_PROGRESSING,NONE,1,0,"-0.154,22.600;-0.002,22.330;0.150,22.060",0,1,PASS_THROUGH,-1,0.537866825346212,-0.2866637726699628,-0.7927945254797182,0.1111993952440024,4.149725463746095,4.6124982825967304,0.0,0,0,0,DIRECT_LOCAL,PASS_THROUGH,0,CORRIDOR_CLEAR,1,14,0.0,22.0,2.0,0.0,22.0,2.0,1,
504,16.833333,0.033333,-0.17158161103725433,22.621822357177734,2.713996648788452,-2.433285845259552,0.06761356443166733,-0.4286653247866036,0.011131351944733518,-0.03764644343490986,0.4304591994298873,0.0,22.0,2.0,0.5967469850377356,-0.28688187393010167,-0.7493943062625481,0.1264068207263201,-0.422493577003479,0.01786372996866703,-0.035320937633514404,0.05997510254383087,local_avoidance,SAFE_PROGRESSING,NONE,1,0,"-0.163,22.611;-0.005,22.337;0.153,22.063",1,1,PASS_THROUGH,-1,0.9012616927337536,-0.4332751564660604,0.0,0.1264068207263201,4.160780707282567,4.623753425552304,0.0,0,0,0,DIRECT_LOCAL,PASS_THROUGH,0,CORRIDOR_CLEAR,1,14,0.0,22.0,2.0,0.0,22.0,2.0,1,
505,16.866667,0.033333,-0.18064847588539124,22.632905960083008,2.7126481533050537,-2.4311466598994036,0.061030566692352295,-0.4306677896867632,0.010691950232281163,-0.037991620118563225,0.43247245701048415,0.0,22.0,2.0,0.6061791477665627,-0.28627547322040925,-0.7420196724113415,0.12901213789906957,-0.42428058385849,0.01782800629734993,-0.035702720284461975,0.051901593804359436,local_avoidance,SAFE_PROGRESSING,NONE,1,0,"-0.172,22.622;-0.033,22.331;0.105,22.039",0,1,PASS_THROUGH,-1,0.5967469850377356,-0.28688187393010167,-0.7493943062625481,0.1264068207263201,4.171878179643188,4.63504337036211,0.0,0,0,0,DIRECT_LOCAL,PASS_THROUGH,0,CORRIDOR_CLEAR,1,14,0.0,22.0,2.0,0.0,22.0,2.0,1,
506,16.9,0.033333,-0.18978829681873322,22.644014358520508,2.711293935775757,-2.4292216388087766,0.05474327132105827,-0.43253129078326485,0.010360193144106526,-0.03833678211800193,0.4343505035933349,0.0,22.0,2.0,0.6154795799074815,-0.28550907493933314,-0.7346219809154886,0.13163644269704475,-0.4258783459663391,0.017842166125774384,-0.03606609255075455,0.04418514668941498,local_avoidance,SAFE_PROGRESSING,NONE,1,0,"-0.181,22.633;-0.037,22.337;0.107,22.041",0,1,PASS_THROUGH,-1,0.5967469850377356,-0.28688187393010167,-0.7493943062625481,0.1264068207263201,4.183018240454141,4.646370061073231,0.0,0,0,0,DIRECT_LOCAL,PASS_THROUGH,0,CORRIDOR_CLEAR,1,14,0.0,22.0,2.0,0.0,22.0,2.0,1,
507,16.933333,0.033333,-0.19899317622184753,22.6551456451416,2.7099344730377197,-2.427501148926447,0.04873184859752655,-0.4342432550882663,0.010131635102709244,-0.03868432934875411,0.43608064845469846,0.0,22.0,2.0,0.6246414842681541,-0.2845919016469074,-0.7272073058270759,0.13427942382806635,-0.4272899031639099,0.017899351194500923,-0.0364144928753376,0.03681279718875885,local_avoidance,SAFE_PROGRESSING,NONE,1,0,"-0.190,22.644;-0.040,22.343;0.109,22.043",0,1,PASS_THROUGH,-1,0.5967469850377356,-0.28688187393010167,-0.7493943062625481,0.1264068207263201,4.194203088554479,4.657731591830134,0.0,0,0,0,DIRECT_LOCAL,PASS_THROUGH,0,CORRIDOR_CLEAR,1,14,0.0,22.0,2.0,0.0,22.0,2.0,1,
508,16.966667,0.033333,-0.20825514197349548,22.66629981994629,2.7085697650909424,-2.425976408067118,0.04298122599720955,-0.43579218583936435,0.01000054606199486,-0.039031686319145074,0.43765090277195257,0.0,22.0,2.0,0.6336576164868918,-0.2835312742361588,-0.7197833296195261,0.13694000153802607,-0.4285140335559845,0.017993954941630363,-0.0367453508079052,0.029688678681850433,local_avoidance,SAFE_PROGRESSING,NONE,1,0,"-0.199,22.655;-0.044,22.350;0.111,22.045",0,1,PASS_THROUGH,-1,0.5967469850377356,-0.28688187393010167,-0.7493943062625481,0.1264068207263201,4.205431039521358,4.669127925225065,0.0,0,0,0,DIRECT_LOCAL,PASS_THROUGH,0,CORRIDOR_CLEAR,1,14,0.0,22.0,2.0,0.0,22.0,2.0,1,
509,17.0,0.033333,-0.21756623685359955,22.677478790283203,2.7072010040283203,-2.4246386376401454,0.03747565299272537,-0.4371691138459194,0.009959668738882555,-0.03937285582679026,0.4390515355606581,0.0,22.0,2.0,0.6425221372353684,-0.28233590227735395,-0.7123564707698855,0.13961742788332093,-0.42953646183013916,0.01812100224196911,-0.037056151777505875,0.022817010059952736,local_avoidance,SAFE_PROGRESSING,NONE,1,0,"-0.208,22.666;-0.048,22.356;0.113,22.046",0,1,PASS_THROUGH,-1,0.5967469850377356,-0.28688187393010167,-0.7493943062625481,0.1264068207263201,4.216506469205374,4.680560893754249,0.0,0,0,0,DIRECT_LOCAL,PASS_THROUGH,0,CORRIDOR_CLEAR,1,14,0.0,22.0,2.0,0.0,22.0,2.0,1,
510,17.033333,0.033333,-0.2269185185432434,22.688678741455078,2.705828905105591,-2.4234802733865477,0.0321979783475399,-0.43836769197889347,0.010001388038345051,-0.03970332668125329,0.440275612864435,0.0,22.0,2.0,0.6512301060962262,-0.2810146265222868,-0.7049327121040968,0.14231128960166567,-0.4303697347640991,0.018270688131451607,-0.037348777055740356,0.01616828888654709,local_avoidance,SAFE_PROGRESSING,NONE,1,0,"-0.218,22.677;-0.052,22.363;0.114,22.048",1,1,PASS_THROUGH,-1,0.9181641157116669,-0.39620027337119906,0.0,0.14231128960166567,4.22760320646181,4.692026573235502,0.0,0,0,0,DIRECT_LOCAL,PASS_THROUGH,0,CORRIDOR_CLEAR,1,14,0.0,22.0,2.0,0.0,22.0,2.0,1,
511,17.066667,0.033333,-0.2363041788339615,22.69989776611328,2.704453945159912,-2.4224938102358378,0.027131076902151108,-0.4393837090991605,0.010117524210138203,-0.04002000181494418,0.4413184889205829,0.0,22.0,2.0,0.6597755178259459,-0.2795738934827693,-0.6975203969493582,0.14502005695627218,-0.4310401976108551,0.018440229818224907,-0.03762441873550415,0.009769076481461525,local_avoidance,SAFE_PROGRESSING,NONE,1,0,"-0.227,22.689;-0.055,22.369;0.116,22.050",0,1,PASS_THROUGH,-1,0.6512301060962262,-0.2810146265222868,-0.7049327121040968,0.14231128960166567,4.238741585429507,4.703522913156727,0.0,0,0,0,DIRECT_LOCAL,PASS_THROUGH,0,CORRIDOR_CLEAR,1,14,0.0,22.0,2.0,0.0,22.0,2.0,1,
512,17.1,0.033333,-0.2457156479358673,22.711137771606445,2.7030773162841797,-2.421672646177256,0.022260135039687157,-0.4402154752510432,0.010299923604264299,-0.0403188972140542,0.4421779806246722,0.0,22.0,2.0,0.6681540249758797,-0.27802063226287166,-0.6901266021134708,0.14774255283360366,-0.43155816197395325,0.018623024225234985,-0.037882328033447266,0.0035377684980630875,local_avoidance,SAFE_PROGRESSING,NONE,1,0,"-0.236,22.700;-0.059,22.376;0.118,22.052",0,1,PASS_THROUGH,-1,0.6512301060962262,-0.2810146265222868,-0.7049327121040968,0.14231128960166567,4.2499198342947695,4.715051646770497,0.0,0,0,0,DIRECT_LOCAL,PASS_THROUGH,0,CORRIDOR_CLEAR,1,14,0.0,22.0,2.0,0.0,22.0,2.0,1,
513,17.133333,0.033333,-0.2551455497741699,22.722400665283203,2.701697587966919,-2.4210103271401175,0.017570333555340767,-0.44086413677241115,0.010540170043829218,-0.04059598651540563,0.44285473509695594,0.0,22.0,2.0,0.6763627265363562,-0.27636328449497694,-0.6827567627899812,0.15047831868357964,-0.4319019913673401,0.01881595142185688,-0.03812133148312569,-0.002544212620705366,local_avoidance,SAFE_PROGRESSING,NONE,1,0,"-0.246,22.711;-0.063,22.382;0.120,22.053",0,1,PASS_THROUGH,-1,0.6512301060962262,-0.2810146265222868,-0.7049327121040968,0.14231128960166567,4.261139925452315,4.726614477682707,0.0,0,0,0,DIRECT_LOCAL,PASS_THROUGH,0,CORRIDOR_CLEAR,1,14,0.0,22.0,2.0,0.0,22.0,2.0,1,
514,17.166667,0.033333,-0.26458683609962463,22.733673095703125,2.700317859649658,-2.42050121512011,0.013045089319348335,-0.44133208678496627,0.010829629397741628,-0.04085058788415149,0.44335094702655853,0.0,22.0,2.0,0.6844005706301699,-0.2746101860507304,-0.6754147648950836,0.1532268870363394,-0.432053804397583,0.019017934799194336,-0.03834319859743118,-0.008384902961552143,local_avoidance,SAFE_PROGRESSING,NONE,1,0,"-0.255,22.722;-0.097,22.374;0.062,22.025",0,1,PASS_THROUGH,-1,0.6512301060962262,-0.2810146265222868,-0.7049327121040968,0.14231128960166567,4.272403763854118,4.738197835739247,0.0,0,0,0,DIRECT_LOCAL,PASS_THROUGH,0,CORRIDOR_CLEAR,1,14,0.0,22.0,2.0,0.0,22.0,2.0,1,
515,17.2,0.033333,-0.27403274178504944,22.744964599609375,2.6989381313323975,-2.4201403050711177,0.008672662079334259,-0.4416212927481853,0.011160238557249251,-0.041085410334343674,0.4436687143303825,0.0,22.0,2.0,0.6922612637867149,-0.2727614072828062,-0.6681134315051024,0.1559849230144781,-0.43201953172683716,0.019224075600504875,-0.03854844346642494,-0.013981785625219345,local_avoidance,SAFE_PROGRESSING,NONE,1,0,"-0.265,22.734;-0.071,22.395;0.123,22.057",0,1,PASS_THROUGH,-1,0.6512301060962262,-0.2810146265222868,-0.7049327121040968,0.14231128960166567,4.283697931301669,4.749811003680841,0.0,0,0,0,DIRECT_LOCAL,PASS_THROUGH,0,CORRIDOR_CLEAR,1,14,0.0,22.0,2.0,0.0,22.0,2.0,1,
516,17.233333,0.033333,-0.28347688913345337,22.75625991821289,2.6975584030151367,-2.419922435182782,0.004448214080184698,-0.44173169236721516,0.011524318366043524,-0.04130347789788689,0.4438081513918678,0.0,22.0,2.0,0.6999465162779293,-0.27082793906967406,-0.6608533133530189,0.15875341863927064,-0.4318123757839203,0.01942911185324192,-0.03873685002326965,-0.019372347742319107,local_avoidance,SAFE_PROGRESSING,NONE,1,0,"-0.274,22.745;-0.105,22.386;0.064,22.027",1,1,PASS_THROUGH,-1,0.9326215114140569,-0.36085608827863797,0.0,0.15875341863927064,4.295031837434436,4.761438466260531,0.0,0,0,0,DIRECT_LOCAL,PASS_THROUGH,0,CORRIDOR_CLEAR,1,14,0.0,22.0,2.0,0.0,22.0,2.0,1,
517,17.266667,0.033333,-0.29291290044784546,22.767576217651367,2.6961798667907715,-2.419842745711858,0.00036936235846951604,-0.44166202332364135,0.011914700165869546,-0.0415055471414545,0.4437679724471865,0.0,22.0,2.0,0.7074524403494307,-0.2688092750931066,-0.6536456366163196,0.16152872321270273,-0.4314393103122711,0.019630763679742813,-0.0389069989323616,-0.024566302075982094,local_avoidance,SAFE_PROGRESSING,NONE,1,0,"-0.283,22.756;-0.109,22.392;0.065,22.028",0,1,PASS_THROUGH,-1,0.6999465162779293,-0.27082793906967406,-0.6608533133530189,0.15875341863927064,4.30639004101033,4.7730970831626625,0.0,0,0,0,DIRECT_LOCAL,PASS_THROUGH,0,CORRIDOR_CLEAR,1,14,0.0,22.0,2.0,0.0,22.0,2.0,1,
518,17.3,0.033333,-0.302334725856781,22.778892517089844,2.694803476333618,-2.419896472585437,-0.0035664448514580727,-0.4414112506616649,0.01232457418069788,-0.041690233754116096,0.44354691175782474,0.0,22.0,2.0,0.7147828232623175,-0.2667191106306813,-0.6464877660045308,0.1643132638776004,-0.4309055209159851,0.019824687391519547,-0.03905897215008736,-0.029576992616057396,local_avoidance,SAFE_PROGRESSING,NONE,1,0,"-0.293,22.768;-0.114,22.398;0.066,22.028",0,1,PASS_THROUGH,-1,0.6999465162779293,-0.27082793906967406,-0.6608533133530189,0.15875341863927064,4.317789470580234,4.784765576361003,0.0,0,0,0,DIRECT_LOCAL,PASS_THROUGH,0,CORRIDOR_CLEAR,1,14,0.0,22.0,2.0,0.0,22.0,2.0,1,
519,17.333333,0.033333,-0.3117365539073944,22.79020881652832,2.6934292316436768,-2.420078838346052,-0.0073625473305583,-0.4409792732530528,0.012747237203952592,-0.04185586973618021,0.44314458738260193,0.0,22.0,2.0,0.7219331384537293,-0.2645542358128074,-0.6393931497254641,0.16710234464392743,-0.4302211105823517,0.02000933513045311,-0.03919542208313942,-0.03442142903804779,local_avoidance,SAFE_PROGRESSING,NONE,1,0,"-0.302,22.779;-0.118,22.404;0.067,22.029",0,1,PASS_THROUGH,-1,0.6999465162779293,-0.27082793906967406,-0.6608533133530189,0.15875341863927064,4.3291549294147,4.7964436177117085,0.0,0,0,0,DIRECT_LOCAL,PASS_THROUGH,0,CORRIDOR_CLEAR,1,14,0.0,22.0,2.0,0.0,22.0,2.0,1,
520,17.366667,0.033333,-0.3211127817630768,22.801525115966797,2.6920576095581055,-2.4203855996451638,-0.011023500002920628,-0.44036824425570287,0.013176903804531289,-0.04200099211195147,0.44256288217733825,0.0,22.0,2.0,0.7289048443458442,-0.2623204061961332,-0.6323651890974522,0.1698952209758881,-0.4293859302997589,0.02018374390900135,-0.03931787610054016,-0.039109427481889725,local_avoidance,SAFE_PROGRESSING,NONE,1,0,"-0.312,22.790;-0.122,22.410;0.068,22.030",0,1,PASS_THROUGH,-1,0.6999465162779293,-0.27082793906967406,-0.6608533133530189,0.15875341863927064,4.340377479249593,4.808130861715393,0.0,0,0,0,DIRECT_LOCAL,PASS_THROUGH,0,CORRIDOR_CLEAR,1,14,0.0,22.0,2.0,0.0,22.0,2.0,1,
521,17.4,0.033333,-0.3304579555988312,22.812841415405273,2.6906895637512207,-2.4208120669012967,-0.014555053785443306,-0.43958206917840126,0.013607713526006461,-0.04212472550417834,0.44180545255731385,0.0,22.0,2.0,0.7356993553946041,-0.2600235131729293,-0.6254072521718721,0.17269116134153578,-0.42840147018432617,0.02034776657819748,-0.03942662477493286,-0.0436396449804306,local_avoidance,SAFE_PROGRESSING,NONE,1,0,"-0.321,22.802;-0.126,22.416;0.069,22.031",0,1,PASS_THROUGH,-1,0.6999465162779293,-0.27082793906967406,-0.6608533133530189,0.15875341863927064,4.35162099754417,4.819826944548737,0.0,0,0,0,DIRECT_LOCAL,PASS_THROUGH,0,CORRIDOR_CLEAR,1,14,0.0,22.0,2.0,0.0,22.0,2.0,1,
522,17.433333,0.033333,-0.33976712822914124,22.82415771484375,2.6893248558044434,-2.4213541085057617,-0.017963077872991562,-0.4386257248957573,0.014034609960683352,-0.04222698203410929,0.4408770971923877,0.0,22.0,2.0,0.7423182670850278,-0.257668906180698,-0.6185226957351879,0.1754894443568168,-0.42726632952690125,0.020501453429460526,-0.0395214781165123,-0.04803533852100372,local_avoidance,SAFE_PROGRESSING,NONE,1,0,"-0.330,22.813;-0.130,22.422;0.070,22.032",1,1,PASS_THROUGH,-1,0.9447054015498517,-0.32792027122843936,0.0,0.1754894443568168,4.36288518155989,4.831531500809663,0.0,0,0,0,DIRECT_LOCAL,PASS_THROUGH,0,CORRIDOR_CLEAR,1,14,0.0,22.0,2.0,0.0,22.0,2.0,1,
523,17.466667,0.033333,-0.3490354120731354,22.835453033447266,2.687964916229248,-2.422007698607159,-0.02125389128923416,-0.4375042543087733,0.014453244313399127,-0.042308761733466906,0.43978278744043403,0.0,22.0,2.0,0.7487640387393845,-0.255261687691003,-0.6117138915275887,0.17828938727378582,-0.4259801208972931,0.020646201446652412,-0.03960254043340683,-0.052281782031059265,local_avoidance,SAFE_PROGRESSING,NONE,1,0,"-0.340,22.824;-0.135,22.428;0.071,22.033",0,1,PASS_THROUGH,-1,0.7423182670850278,-0.257668906180698,-0.6185226957351879,0.1754894443568168,4.374169684179134,4.843223186817969,0.0,0,0,0,DIRECT_LOCAL,PASS_THROUGH,0,CORRIDOR_CLEAR,1,14,0.0,22.0,2.0,0.0,22.0,2.0,1,
524,17.5,0.033333,-0.35825833678245544,22.846744537353516,2.6866092681884766,-2.4227690980539354,-0.024433303624391556,-0.4362221964798349,0.014860065938770239,-0.0423715914516226,0.4385270550644958,0.0,22.0,2.0,0.7550350041980876,-0.25279777542833215,-0.6049920885218917,0.1810864423392653,-0.42454594373703003,0.02078085206449032,-0.03966929763555527,-0.05637800693511963,local_avoidance,SAFE_PROGRESSING,NONE,1,0,"-0.349,22.835;-0.139,22.435;0.071,22.034",0,1,PASS_THROUGH,-1,0.7423182670850278,-0.257668906180698,-0.6185226957351879,0.1754894443568168,4.385453139528651,4.854918769176507,0.0,0,0,0,DIRECT_LOCAL,PASS_THROUGH,0,CORRIDOR_CLEAR,1,14,0.0,22.0,2.0,0.0,22.0,2.0,1,
525,17.533333,0.033333,-0.367431640625,22.85801124572754,2.6852591037750244,-2.4236347426692353,-0.02750568650662899,-0.43478302531824514,0.015252463103474756,-0.04241685105955016,0.43711337887259505,0.0,22.0,2.0,0.7611375280222323,-0.2502889547670566,-0.598351988847551,0.1838831528348533,-0.4229661822319031,0.020905079320073128,-0.03972132131457329,-0.06029819697141647,local_avoidance,SAFE_PROGRESSING,NONE,1,0,"-0.358,22.847;-0.143,22.441;0.072,22.034",0,1,PASS_THROUGH,-1,0.7423182670850278,-0.257668906180698,-0.6185226957351879,0.1754894443568168,4.396752293099351,4.866596897548066,0.0,0,0,0,DIRECT_LOCAL,PASS_THROUGH,0,CORRIDOR_CLEAR,1,14,0.0,22.0,2.0,0.0,22.0,2.0,1,
526,17.566667,0.033333,-0.3765510618686676,22.869260787963867,2.6839139461517334,-2.4246010511017095,-0.030472885817289352,-0.43318959715549715,0.015628512012462115,-0.04244534212693793,0.43554458387143147,0.0,22.0,2.0,0.7670708251475591,-0.247730834047925,-0.5918038383361182,0.1866750447518149,-0.4212528467178345,0.021014956757426262,-0.039758872240781784,-0.06411827355623245,local_avoidance,SAFE_PROGRESSING,NONE,1,0,"-0.367,22.858;-0.147,22.447;0.073,22.035",0,1,PASS_THROUGH,-1,0.7423182670850278,-0.257668906180698,-0.6185226957351879,0.1754894443568168,4.408045712620882,4.878264786815693,0.0,0,0,0,DIRECT_LOCAL,PASS_THROUGH,0,CORRIDOR_CLEAR,1,14,0.0,22.0,2.0,0.0,22.0,2.0,1,
527,17.6,0.033333,-0.38561269640922546,22.8804874420166,2.682574510574341,-2.4256644561342924,-0.0333380363881588,-0.43144475258726633,0.01598658568557458,-0.04245698373004496,0.433823398313672,0.0,22.0,2.0,0.7728397549749898,-0.24513113533195988,-0.5853455728209296,0.18946292721120767,-0.4194146692752838,0.021111415699124336,-0.03978263586759567,-0.06782758235931396,local_avoidance,SAFE_PROGRESSING,NONE,1,0,"-0.377,22.869;-0.151,22.453;0.074,22.036",0,1,PASS_THROUGH,-1,0.7423182670850278,-0.257668906180698,-0.6185226957351879,0.1754894443568168,4.419340547063711,4.88991631612233,0.0,0,0,0,DIRECT_LOCAL,PASS_THROUGH,0,CORRIDOR_CLEAR,1,14,0.0,22.0,2.0,0.0,22.0,2.0,1,
528,17.633333,0.033333,-0.3946128487586975,22.89168930053711,2.681241273880005,-2.426821896464673,-0.03610655292868614,-0.4295521229757943,0.016325249350528547,-0.04245100759185856,0.4319532708117083,0.0,22.0,2.0,0.7784467843513421,-0.24249131962632725,-0.578980624752623,0.1922451858623182,-0.4174579381942749,0.02119523473083973,-0.03979308530688286,-0.07142321020364761,direct,SAFE_PROGRESSING,NONE,1,0,"-0.386,22.880;-0.193,22.440;-0.000,22.000",1,1,PASS_THROUGH,-1,0.95474960480466,-0.29741081373303424,0.0,0.1922451858623182,4.427390144185681,4.901549171942002,0.0,0,0,0,DIRECT_LOCAL,PASS_THROUGH,0,CORRIDOR_CLEAR,1,14,0.0,22.0,2.0,0.0,22.0,2.0,1,
529,17.666667,0.033333,-0.4035477936267853,22.902860641479492,2.6799144744873047,-2.428070133526823,-0.03878391161561012,-0.4275166151987272,0.016643264726109632,-0.04242633963093409,0.429938889641539,0.0,22.0,2.0,0.7838951600880057,-0.2398144784082727,-0.5727105673342932,0.19502093314286179,-0.41538771986961365,0.02126717008650303,-0.0397908017039299,-0.07491050660610199,direct,SAFE_PROGRESSING,NONE,1,0,"-0.395,22.892;-0.197,22.446;0.000,22.000",0,1,PASS_THROUGH,-1,0.7784467843513421,-0.24249131962632725,-0.578980624752623,0.1922451858623182,4.425657175602087,4.9131572169638265,0.0,0,0,0,DIRECT_LOCAL,PASS_THROUGH,0,CORRIDOR_CLEAR,1,14,0.0,22.0,2.0,0.0,22.0,2.0,1,
530,17.7,0.033333,-0.41241416335105896,22.91399574279785,2.6785945892333984,-2.429406206727411,-0.04137503728270531,-0.4253443360051209,0.016939657199734226,-0.042382452024094255,0.4277861947249544,0.0,22.0,2.0,0.7891877613301831,-0.23710206025338426,-0.5665379867142665,0.19778859013338526,-0.41320815682411194,0.021329127252101898,-0.03977595269680023,-0.07826422154903412,direct,SAFE_PROGRESSING,NONE,1,0,"-0.404,22.903;-0.202,22.451;-0.000,22.000",0,1,PASS_THROUGH,-1,0.7784467843513421,-0.24249131962632725,-0.578980624752623,0.1922451858623182,4.424009192221691,4.924734321045411,0.0,0,0,0,DIRECT_LOCAL,PASS_THROUGH,0,CORRIDOR_CLEAR,1,14,0.0,22.0,2.0,0.0,22.0,2.0,1,
531,17.733333,0.033333,-0.4212087094783783,22.925094604492188,2.677281618118286,-2.4308270701180965,-0.04388299211859703,-0.4230421309165388,0.017213663888899503,-0.04231945713075909,0.4255019285581771,0.0,22.0,2.0,0.794327543316565,-0.23435538307817733,-0.5604652606102819,0.2005466190176389,-0.41092532873153687,0.021380074322223663,-0.039748936891555786,-0.08151069283485413,direct,SAFE_PROGRESSING,NONE,1,0,"-0.412,22.914;-0.275,22.609;-0.137,22.305;-0.000,22.000",0,1,PASS_THROUGH,-1,0.7784467843513421,-0.24249131962632725,-0.578980624752623,0.1922451858623182,4.422445450006719,4.936280064809433,0.0,0,0,0,DIRECT_LOCAL,PASS_THROUGH,0,CORRIDOR_CLEAR,1,14,0.0,22.0,2.0,0.0,22.0,2.0,1,
532,17.766667,0.033333,-0.4299285411834717,22.936153411865234,2.6759755611419678,-2.432330340847014,-0.04630987346172333,-0.4206170034666938,0.01746548095105595,-0.04223814295464734,0.4230930953707583,0.0,22.0,2.0,0.7993185901680883,-0.2315775158855018,-0.5544922411972956,0.2032945453474832,-0.4085458815097809,0.02142179012298584,-0.03971042484045029,-0.0846405029296875,direct,SAFE_PROGRESSING,NONE,1,0,"-0.421,22.925;-0.281,22.617;-0.140,22.308;0.000,22.000",0,1,PASS_THROUGH,-1,0.7784467843513421,-0.24249131962632725,-0.578980624752623,0.1922451858623182,4.420968091782364,4.94779022918851,0.0,0,0,0,DIRECT_LOCAL,PASS_THROUGH,0,CORRIDOR_CLEAR,1,14,0.0,22.0,2.0,0.0,22.0,2.0,1,
533,17.8,0.033333,-0.43857085704803467,22.94717025756836,2.6746768951416016,-2.433913075244294,-0.04865754395723343,-0.4180760943922635,0.017695089251555864,-0.04213973017056328,0.4205668719059519,0.0,22.0,2.0,0.8041644044435232,-0.22877025287801733,-0.5486198884693497,0.206031236570678,-0.4060758352279663,0.021454650908708572,-0.03966112434864044,-0.08764776587486267,direct,SAFE_PROGRESSING,NONE,1,0,"-0.430,22.936;-0.287,22.624;-0.143,22.312;-0.000,22.000",0,1,PASS_THROUGH,-1,0.7784467843513421,-0.24249131962632725,-0.578980624752623,0.1922451858623182,4.419576876088641,4.959262497206069,0.0,0,0,0,DIRECT_LOCAL,PASS_THROUGH,0,CORRIDOR_CLEAR,1,14,0.0,22.0,2.0,0.0,22.0,2.0,1,
534,17.833333,0.033333,-0.4471330940723419,22.958141326904297,2.6733858585357666,-2.435572972328318,-0.05092693492770195,-0.41542635569221054,0.017903312917765587,-0.04202556196236894,0.4179302973886858,0.0,22.0,2.0,0.8088686786123234,-0.22593554887921502,-0.5428485870964406,0.2087559238415964,-0.4035222828388214,0.02147885225713253,-0.039601583033800125,-0.0905425027012825,direct,SAFE_PROGRESSING,NONE,1,0,"-0.439,22.947;-0.292,22.631;-0.146,22.316;0.000,22.000",1,1,PASS_THROUGH,-1,0.9631331521706563,-0.2690251497347698,0.0,0.2087559238415964,4.4182724595619405,4.970692653891303,0.0,0,0,0,DIRECT_LOCAL,PASS_THROUGH,0,BYPASS_VISIBLE,1,14,0.0,22.0,2.0,0.0,22.0,2.0,1,
535,17.866667,0.033333,-0.4556128680706024,22.96906280517578,2.672102451324463,-2.4373072963396467,-0.05311863124370575,-0.4126747666303117,0.018091178164537595,-0.041896659907584954,0.41519041878657936,0.0,22.0,2.0,0.813434869011731,-0.22307487651949465,-0.5371790328574639,0.21146752054503618,-0.4008934497833252,0.02149626612663269,-0.03953233361244202,-0.09331842511892319,direct,SAFE_PROGRESSING,NONE,1,0,"-0.447,22.958;-0.298,22.639;-0.149,22.319;0.000,22.000",0,1,PASS_THROUGH,-1,0.8088686786123234,-0.22593554887921502,-0.5428485870964406,0.2087559238415964,4.417054218974299,4.982076489134116,0.0,0,0,0,DIRECT_LOCAL,PASS_THROUGH,0,BYPASS_VISIBLE,1,14,0.0,22.0,2.0,0.0,22.0,2.0,1,
536,17.9,0.033333,-0.4640079140663147,22.979930877685547,2.6708271503448486,-2.4391134390478273,-0.05523298680782318,-0.4098282616411183,0.018259915443130763,-0.04175383770160943,0.4123542306253006,0.0,22.0,2.0,0.8178665373313595,-0.22018956515772342,-0.5316115898936596,0.21416496500844148,-0.3981916308403015,0.02150602638721466,-0.03945388272404671,-0.09598128497600555,direct,SAFE_PROGRESSING,NONE,1,0,"-0.456,22.969;-0.304,22.646;-0.152,22.323;0.000,22.000",0,1,PASS_THROUGH,-1,0.8088686786123234,-0.22593554887921502,-0.5428485870964406,0.2087559238415964,4.4159213235688926,4.993409795384908,0.0,0,0,0,DIRECT_LOCAL,PASS_THROUGH,0,BYPASS_VISIBLE,1,14,0.0,22.0,2.0,0.0,22.0,2.0,1,
537,17.933333,0.033333,-0.47231635451316833,22.99074363708496,2.6695592403411865,-2.440988666445379,-0.05727030709385872,-0.4068940077038744,0.018410625274922262,-0.04159792547211452,0.40942895846766586,0.0,22.0,2.0,0.8221670176132972,-0.21728098023793319,-0.5261467198184351,0.21684721527912126,-0.39542752504348755,0.021509245038032532,-0.03936653584241867,-0.09853222221136093,direct,SAFE_PROGRESSING,NONE,1,0,"-0.464,22.980;-0.309,22.653;-0.155,22.327;0.000,22.000",0,1,PASS_THROUGH,-1,0.8088686786123234,-0.22593554887921502,-0.5428485870964406,0.2087559238415964,4.41487278728339,5.004690288346852,0.0,0,0,0,DIRECT_LOCAL,PASS_THROUGH,0,BYPASS_VISIBLE,1,14,0.0,22.0,2.0,0.0,22.0,2.0,1,
538,17.966667,0.033333,-0.48053619265556335,23.001502990722656,2.668299674987793,-2.442930641874089,-0.05923108756542206,-0.40387926459968154,0.01854465372019898,-0.04142968423461231,0.406421927669954,0.0,22.0,2.0,0.8263403536190954,-0.214350779182454,-0.5207834131810876,0.21951361626695923,-0.3926003575325012,0.021508991718292236,-0.039270948618650436,-0.1009213998913765,direct,SAFE_PROGRESSING,NONE,1,0,"-0.472,22.991;-0.315,22.660;-0.157,22.330;-0.000,22.000",0,1,PASS_THROUGH,-1,0.8088686786123234,-0.22593554887921502,-0.5428485870964406,0.2087559238415964,4.41390830197593,5.015919482067888,0.0,0,0,0,DIRECT_LOCAL,PASS_THROUGH,0,BYPASS_VISIBLE,1,14,0.0,22.0,2.0,0.0,22.0,2.0,1,
539,18.0,0.033333,-0.4886658787727356,23.012203216552734,2.6670477390289307,-2.444936674031807,-0.06111343950033188,-0.40079132368342957,0.018663504752911085,-0.04124977077801658,0.40334049528756283,0.0,22.0,2.0,0.8303901670745947,-0.2114022848200814,-0.5155203627391219,0.22216419809486224,-0.3897225558757782,0.021503008902072906,-0.039166465401649475,-0.103181391954422,direct,SAFE_PROGRESSING,NONE,1,0,"-0.481,23.002;-0.320,22.668;-0.160,22.334;-0.000,22.000",0,1,PASS_THROUGH,-1,0.8088686786123234,-0.22593554887921502,-0.5428485870964406,0.2087559238415964,4.413029746889642,5.027091299120418,0.0,0,0,0,DIRECT_LOCAL,PASS_THROUGH,0,BYPASS_VISIBLE,1,14,0.0,22.0,2.0,0.0,22.0,2.0,1,
540,18.033333,0.033333,-0.4967038333415985,23.02284049987793,2.665803909301758,-2.447004059513902,-0.0629143938422203,-0.3976373523641431,0.018768563182297516,-0.04105858856208811,0.4001918673009291,0.0,22.0,2.0,0.8343198742177378,-0.208435886964554,-0.5103575496753213,0.22479765947860147,-0.38679975271224976,0.02149074524641037,-0.0390535332262516,-0.1053149476647377,direct,SAFE_PROGRESSING,NONE,1,0,"-0.489,23.012;-0.326,22.675;-0.163,22.337;0.000,22.000",1,1,PASS_THROUGH,-1,0.9701819094652653,-0.24237793329082596,0.0,0.22479765947860147,4.412234380318622,5.038201564065048,0.0,0,0,0,DIRECT_LOCAL,PASS_THROUGH,0,BYPASS_VISIBLE,1,14,0.0,22.0,2.0,0.0,22.0,2.0,1,
541,18.066667,0.033333,-0.504648745059967,23.033418655395508,2.6645679473876953,-2.4491301223435755,-0.06463202089071274,-0.3944247571224031,0.018861379500287427,-0.04085689851021043,0.3969835347008665,0.0,22.0,2.0,0.838132596437237,-0.20545264936376023,-0.5052949234445043,0.22741305030686093,-0.3838370442390442,0.021472733467817307,-0.03893319517374039,-0.10732816159725189,direct,SAFE_PROGRESSING,NONE,1,0,"-0.497,23.023;-0.331,22.682;-0.166,22.341;-0.000,22.000",0,1,PASS_THROUGH,-1,0.8343198742177378,-0.208435886964554,-0.5103575496753213,0.22479765947860147,4.41152048835291,5.049253732411916,0.0,0,0,0,DIRECT_LOCAL,PASS_THROUGH,0,BYPASS_VISIBLE,1,14,0.0,22.0,2.0,0.0,22.0,2.0,1,
542,18.1,0.033333,-0.5124994516372681,23.043930053710938,2.6633400917053223,-2.451311979774705,-0.0662655159831047,-0.3911608952620017,0.018943128432090242,-0.04064580529539663,0.3937229604494467,0.0,22.0,2.0,0.8418322837176766,-0.2024565122544461,-0.5003296580620089,0.23001082350272642,-0.38083550333976746,0.021449560299515724,-0.03880625218153,-0.10921812057495117,direct,SAFE_PROGRESSING,NONE,1,0,"-0.505,23.033;-0.336,22.689;-0.168,22.344;0.000,22.000",0,1,PASS_THROUGH,-1,0.8343198742177378,-0.208435886964554,-0.5103575496753213,0.22479765947860147,4.410890385155734,5.0602398473570585,0.0,0,0,0,DIRECT_LOCAL,PASS_THROUGH,0,BYPASS_VISIBLE,1,14,0.0,22.0,2.0,0.0,22.0,2.0,1,
543,18.133333,0.033333,-0.5202547907829285,23.054378509521484,2.6621198654174805,-2.453546989447637,-0.06781484931707382,-0.3878528377452407,0.019014876585308562,-0.04042653991612852,0.39041733364206693,0.0,22.0,2.0,0.8454216624397524,-0.19944696809194568,-0.4954625309713495,0.232589393134719,-0.3778029680252075,0.021423159167170525,-0.03867277130484581,-0.11097349226474762,direct,SAFE_PROGRESSING,NONE,1,0,"-0.512,23.044;-0.342,22.696;-0.171,22.348;0.000,22.000",0,1,PASS_THROUGH,-1,0.8343198742177378,-0.208435886964554,-0.5103575496753213,0.22479765947860147,4.410339822750829,5.0711633747542315,0.0,0,0,0,DIRECT_LOCAL,PASS_THROUGH,0,BYPASS_VISIBLE,1,14,0.0,22.0,2.0,0.0,22.0,2.0,1,
544,18.166667,0.033333,-0.5279143452644348,23.06475830078125,2.660907745361328,-2.4558322676649134,-0.0692797303199768,-0.38450738706271315,0.01907776583323902,-0.04020006145222062,0.3870735547615534,0.0,22.0,2.0,0.8489045172098263,-0.19642794192791735,-0.49069051783248707,0.23514923675600868,-0.3747403621673584,0.02139357477426529,-0.038532696664333344,-0.1125791072845459,direct,SAFE_PROGRESSING,NONE,1,0,"-0.520,23.054;-0.347,22.703;-0.173,22.351;0.000,22.000",0,1,PASS_THROUGH,-1,0.8343198742177378,-0.208435886964554,-0.5103575496753213,0.22479765947860147,4.409870973485203,5.082018312646666,0.0,0,0,0,DIRECT_LOCAL,PASS_THROUGH,0,BYPASS_VISIBLE,1,14,0.0,22.0,2.0,0.0,22.0,2.0,1,
545,18.2,0.033333,-0.5354772210121155,23.0750732421875,2.659703254699707,-2.4581648487601986,-0.07065865397453308,-0.38113087768523823,0.019132719417851465,-0.039967213044945715,0.38369803882222586,0.0,22.0,2.0,0.8522835521000988,-0.19339951334052013,-0.48601376015426595,0.23768919159427943,-0.37165307998657227,0.021360132843255997,-0.038385696709156036,-0.11404137313365936,direct,SAFE_PROGRESSING,NONE,1,0,"-0.528,23.065;-0.352,22.710;-0.176,22.355;-0.000,22.000",0,1,PASS_THROUGH,-1,0.8343198742177378,-0.208435886964554,-0.5103575496753213,0.22479765947860147,4.409479992197421,5.0928081480358465,0.0,0,0,0,DIRECT_LOCAL,PASS_THROUGH,0,BYPASS_VISIBLE,1,14,0.0,22.0,2.0,0.0,22.0,2.0,1,
546,18.233333,0.033333,-0.5429430603981018,23.08531951904297,2.658506393432617,-2.460542094747959,-0.07194952666759491,-0.37772915814137914,0.019180862186956277,-0.03972873510849618,0.38029671938862547,0.0,22.0,2.0,0.8555623744069807,-0.19036528613477982,-0.48142920698054104,0.24020976918438608,-0.3685455322265625,0.021324455738067627,-0.03823249042034149,-0.11535009741783142,direct,SAFE_PROGRESSING,NONE,1,0,"-0.535,23.075;-0.357,22.717;-0.178,22.358;-0.000,22.000",1,1,PASS_THROUGH,-1,0.9761289637182077,-0.21719172680011967,0.0,0.24020976918438608,4.40916883303799,5.103528792560169,0.0,0,0,0,DIRECT_LOCAL,PASS_THROUGH,0,BYPASS_VISIBLE,1,14,0.0,22.0,2.0,0.0,22.0,2.0,1,
547,18.266667,0.033333,-0.5503113865852356,23.095495223999023,2.6573173999786377,-2.4629608948103505,-0.0731499195098877,-0.37430752893885727,0.019223315414458722,-0.03948533957250324,0.3768749847323288,0.0,22.0,2.0,0.8587437302427898,-0.18732623635522666,-0.4769361455600576,0.24271016668035297,-0.3654225170612335,0.021287256851792336,-0.03807291015982628,-0.11649011075496674,direct,SAFE_PROGRESSING,NONE,1,0,"-0.543,23.085;-0.362,22.724;-0.181,22.362;0.000,22.000",0,1,PASS_THROUGH,-1,0.8555623744069807,-0.19036528613477982,-0.48142920698054104,0.24020976918438608,4.408934659208558,5.114178057203105,0.0,0,0,0,DIRECT_LOCAL,PASS_THROUGH,0,BYPASS_VISIBLE,1,14,0.0,22.0,2.0,0.0,22.0,2.0,1,
548,18.3,0.033333,-0.5575820207595825,23.105600357055664,2.6561355590820312,-2.465418092569919,-0.0742565169930458,-0.3708712372166752,0.019261210486173578,-0.0392373659028656,0.37343813370760004,0.0,22.0,2.0,0.8618303075791489,-0.1842841737091218,-0.4725334530574273,0.24518991888004166,-0.3622880280017853,0.021246084943413734,-0.03790683299303055,-0.11748483777046204,direct,SAFE_PROGRESSING,NONE,1,0,"-0.550,23.095;-0.367,22.730;-0.183,22.365;0.000,22.000",0,1,PASS_THROUGH,-1,0.8555623744069807,-0.19036528613477982,-0.48142920698054104,0.24020976918438608,4.408775799351759,5.124755679906642,0.0,0,0,0,DIRECT_LOCAL,PASS_THROUGH,0,BYPASS_VISIBLE,1,14,0.0,22.0,2.0,0.0,22.0,2.0,1,
549,18.333333,0.033333,-0.5647547841072083,23.11563491821289,2.654961585998535,-2.4679104675467425,-0.07526647299528122,-0.36742513992364334,0.01929528481546932,-0.0389851563125118,0.36999105918485375,0.0,22.0,2.0,0.8648251527298818,-0.18124155038829087,-0.4682189184757333,0.24764893372643065,-0.3591465651988983,0.0212002731859684,-0.0377352237701416,-0.1183452159166336,direct,SAFE_PROGRESSING,NONE,1,0,"-0.558,23.106;-0.372,22.737;-0.186,22.369;-0.000,22.000",0,1,PASS_THROUGH,-1,0.8555623744069807,-0.19036528613477982,-0.48142920698054104,0.24020976918438608,4.408691429727515,5.135261402800056,0.0,0,0,0,DIRECT_LOCAL,PASS_THROUGH,0,BYPASS_VISIBLE,1,14,0.0,22.0,2.0,0.0,22.0,2.0,1,
550,18.366667,0.033333,-0.5718297362327576,23.125598907470703,2.653795003890991,-2.470435122361921,-0.07617880403995514,-0.3639741830083118,0.01932637125165879,-0.03872922426452007,0.36653876648242345,0.0,22.0,2.0,0.8677308323507714,-0.17820048817369605,-0.46399115142693587,0.25008712377152587,-0.35600489377975464,0.02115318737924099,-0.03755843639373779,-0.11903400719165802,direct,SAFE_PROGRESSING,NONE,1,0,"-0.565,23.116;-0.377,22.744;-0.188,22.372;-0.000,22.000",0,1,PASS_THROUGH,-1,0.8555623744069807,-0.19036528613477982,-0.48142920698054104,0.24020976918438608,4.408680731424699,5.145694988908504,0.0,0,0,0,DIRECT_LOCAL,PASS_THROUGH,0,BYPASS_VISIBLE,1,14,0.0,22.0,2.0,0.0,22.0,2.0,1,
551,18.4,0.033333,-0.5788070559501648,23.13549041748047,2.6526355743408203,-2.47298855359571,-0.07699226588010788,-0.3605231048463746,0.019355002277533558,-0.038469873369980256,0.363086017905311,0.0,22.0,2.0,0.8705500832667828,-0.1751636004160052,-0.45984808971387464,0.2525044275048868,-0.35286399722099304,0.0211030263453722,-0.037376441061496735,-0.1195630431175232,direct,SAFE_PROGRESSING,NONE,1,0,"-0.572,23.126;-0.381,22.750;-0.191,22.375;0.000,22.000",0,1,PASS_THROUGH,-1,0.8555623744069807,-0.19036528613477982,-0.48142920698054104,0.24020976918438608,4.408742697036471,5.156054312039261,0.0,0,0,0,DIRECT_LOCAL,PASS_THROUGH,0,BYPASS_VISIBLE,1,14,0.0,22.0,2.0,0.0,22.0,2.0,1,
552,18.433333,0.033333,-0.5856871008872986,23.145309448242188,2.6514837741851807,-2.475567391664951,-0.07770495861768723,-0.3570767345222212,0.019381654707427462,-0.038207558780179986,0.35963767937215874,0.0,22.0,2.0,0.8732853836183841,-0.1721326974481358,-0.45578829869548004,0.25490045870556344,-0.3497285842895508,0.02104909159243107,-0.0371902771294117,-0.119951531291008,direct,SAFE_PROGRESSING,NONE,1,0,"-0.579,23.135;-0.386,22.757;-0.193,22.378;-0.000,22.000",1,1,PASS_THROUGH,-1,0.9811222875958289,-0.1933883574125589,0.0,0.25490045870556344,4.408875110786725,5.166339166834133,0.0,0,0,0,DIRECT_LOCAL,PASS_THROUGH,0,BYPASS_VISIBLE,1,14,0.0,22.0,2.0,0.0,22.0,2.0,1,
553,18.466667,0.033333,-0.5924700498580933,23.15505599975586,2.650339126586914,-2.478168153445421,-0.0783161148428917,-0.3536395662207433,0.01940639532514385,-0.03794323552834345,0.3561983156875824,0.0,22.0,2.0,0.8759390561632252,-0.16911023876605757,-0.4518102444969186,0.25727519214868677,-0.3466034531593323,0.020992644131183624,-0.0370011031627655,-0.12020651996135712,direct,SAFE_PROGRESSING,NONE,1,0,"-0.586,23.145;-0.390,22.764;-0.195,22.382;0.000,22.000",0,1,PASS_THROUGH,-1,0.8732853836183841,-0.1721326974481358,-0.45578829869548004,0.25490045870556344,4.409076725904909,5.176549340591842,0.0,0,0,0,DIRECT_LOCAL,PASS_THROUGH,0,BYPASS_VISIBLE,1,14,0.0,22.0,2.0,0.0,22.0,2.0,1,
554,18.5,0.033333,-0.5991566181182861,23.164730072021484,2.6492013931274414,-2.4807877500748505,-0.07882663607597351,-0.3502160480405935,0.019429404572460018,-0.03767807074191043,0.3527724749495687,0.0,22.0,2.0,0.8785136237266018,-0.16609853828467974,-0.4479119204781755,0.2596285903016738,-0.34348392486572266,0.02093459479510784,-0.03680996969342232,-0.12032373994588852,direct,SAFE_PROGRESSING,NONE,1,0,"-0.592,23.155;-0.395,22.770;-0.197,22.385;0.000,22.000",0,1,PASS_THROUGH,-1,0.8732853836183841,-0.1721326974481358,-0.45578829869548004,0.25490045870556344,4.4093464490807115,5.186684664869345,0.0,0,0,0,DIRECT_LOCAL,PASS_THROUGH,0,BYPASS_VISIBLE,1,14,0.0,22.0,2.0,0.0,22.0,2.0,1,
555,18.533333,0.033333,-0.6057476997375488,23.174333572387695,2.648071050643921,-2.483422868951048,-0.07923819869756699,-0.3468099890719445,0.0194509397694034,-0.03741359045455312,0.34936411425430675,0.0,22.0,2.0,0.8810114999202863,-0.16309981153019992,-0.444091419064837,0.2619606683230224,-0.3403720259666443,0.020875511690974236,-0.03661758452653885,-0.1203027218580246,direct,SAFE_PROGRESSING,NONE,1,0,"-0.599,23.165;-0.399,22.776;-0.200,22.388;-0.000,22.000",0,1,PASS_THROUGH,-1,0.8732853836183841,-0.1721326974481358,-0.45578829869548004,0.25490045870556344,4.7276410604020604,5.196746893030301,0.0,0,0,0,DIRECT_LOCAL,PASS_THROUGH,0,BYPASS_VISIBLE,1,14,0.0,22.0,2.0,0.0,22.0,2.0,1,
556,18.566667,0.033333,-0.6122434139251709,23.18386459350586,2.6469478607177734,-2.4860696399185858,-0.07955249398946762,-0.3434245324792771,0.019470905983603994,-0.03715098387489886,0.34597647505474327,0.0,22.0,2.0,0.883434865640231,-0.16011729350252202,-0.44034678435598257,0.264271800612489,-0.33726978302001953,0.020814502611756325,-0.036423977464437485,-0.12016074359416962,direct,SAFE_PROGRESSING,NONE,1,0,"-0.606,23.174;-0.404,22.783;-0.202,22.391;0.000,22.000",0,1,PASS_THROUGH,-1,0.8732853836183841,-0.1721326974481358,-0.45578829869548004,0.25490045870556344,4.737708742531357,5.206733922988704,0.0,0,0,0,DIRECT_LOCAL,PASS_THROUGH,0,BYPASS_VISIBLE,1,14,0.0,22.0,2.0,0.0,22.0,2.0,1,
557,18.6,0.033333,-0.6186449527740479,23.19332504272461,2.6458311080932617,-2.488725636029346,-0.0797717273235321,-0.34006214138821034,0.01948953836970804,-0.036890954170909464,0.34261209057918485,0.0,22.0,2.0,0.8857858776943358,-0.15715221792656103,-0.43667672170386823,0.2665616156652373,-0.3341866731643677,0.020755745470523834,-0.036229029297828674,-0.11986477673053741,direct,SAFE_PROGRESSING,NONE,1,0,"-0.612,23.184;-0.408,22.789;-0.204,22.395;0.000,22.000",0,1,PASS_THROUGH,-1,0.8732853836183841,-0.1721326974481358,-0.45578829869548004,0.25490045870556344,4.7563791862472025,5.2166475422358864,0.0,0,0,0,DIRECT_LOCAL,PASS_THROUGH,0,BYPASS_VISIBLE,1,14,0.0,22.0,2.0,0.0,22.0,2.0,1,
558,18.633333,0.033333,-0.6249530911445618,23.202713012695312,2.644721031188965,-2.4913875559779965,-0.07989731431007385,-0.33672480672786037,0.019507136641185512,-0.03663333488183501,0.33927293595336705,0.0,22.0,2.0,0.8880669926272671,-0.15420726764603232,-0.4330786709260872,0.2688305217185351,-0.33112192153930664,0.02069747820496559,-0.03603235259652138,-0.11943334341049194,direct,SAFE_PROGRESSING,NONE,1,0,"-0.619,23.193;-0.412,22.796;-0.206,22.398;0.000,22.000",1,1,PASS_THROUGH,-1,0.9852565124989897,-0.17108361867323296,0.0,0.2688305217185351,4.790221136211629,5.2264857098746695,0.0,0,0,0,DIRECT_LOCAL,PASS_THROUGH,0,BYPASS_VISIBLE,1,14,0.0,22.0,2.0,0.0,22.0,2.0,1,
559,18.666667,0.033333,-0.6311688423156738,23.2120304107666,2.6436173915863037,-2.494051987599707,-0.07992984354496002,-0.33341462329892674,0.01952408347015511,-0.03637768204667918,0.3359610641369088,0.0,22.0,2.0,0.8902800253053282,-0.15128422061873126,-0.4295515814592319,0.2710782143247795,-0.3280770182609558,0.02063876762986183,-0.03583402931690216,-0.11887968331575394,direct,SAFE_PROGRESSING,NONE,1,0,"-0.625,23.203;-0.417,22.802;-0.208,22.401;0.000,22.000",0,1,PASS_THROUGH,-1,0.8880669926272671,-0.15420726764603232,-0.4330786709260872,0.2688305217185351,4.8325794243599125,5.236250213226015,0.0,0,0,0,DIRECT_LOCAL,PASS_THROUGH,0,BYPASS_VISIBLE,1,14,0.0,22.0,2.0,0.0,22.0,2.0,1,
560,18.7,0.033333,-0.63729327917099,23.221277236938477,2.642519950866699,-2.496715899182158,-0.0798705592751503,-0.33013364258474526,0.019540594412694352,-0.036123844453597266,0.3326785068716966,0.0,22.0,2.0,0.8924271523575491,-0.1483856708909902,-0.42609326491887517,0.2733050913637113,-0.32505080103874207,0.02057707868516445,-0.03563434258103371,-0.11823014914989471,direct,SAFE_PROGRESSING,NONE,1,0,"-0.631,23.212;-0.421,22.808;-0.210,22.404;0.000,22.000",0,1,PASS_THROUGH,-1,0.8880669926272671,-0.15420726764603232,-0.4330786709260872,0.2688305217185351,4.862059844366071,5.245940948750437,0.0,0,0,0,DIRECT_LOCAL,PASS_THROUGH,0,BYPASS_VISIBLE,1,14,0.0,22.0,2.0,0.0,22.0,2.0,1,
561,18.733333,0.033333,-0.643327534198761,23.230453491210938,2.6414289474487305,-2.499376505795161,-0.07972259074449539,-0.3268838436130301,0.01955686526170636,-0.03587219422173581,0.3294272795510025,0.0,22.0,2.0,0.894510405752551,-0.14551337170278694,-0.4227020140194428,0.27551122032618514,-0.3220421373844147,0.0205136239528656,-0.035434119403362274,-0.11748310923576355,direct,SAFE_PROGRESSING,NONE,1,0,"-0.637,23.221;-0.425,22.814;-0.212,22.407;0.000,22.000",0,1,PASS_THROUGH,-1,0.8880669926272671,-0.15420726764603232,-0.4330786709260872,0.2688305217185351,4.87487647961849,5.255557824111255,0.0,0,0,0,DIRECT_LOCAL,PASS_THROUGH,0,BYPASS_VISIBLE,1,14,0.0,22.0,2.0,0.0,22.0,2.0,1,
562,18.766667,0.033333,-0.6492725610733032,23.23955726623535,2.6403441429138184,-2.50203083562927,-0.07949045300483704,-0.3236667495567337,0.01957272492980163,-0.035623247746998314,0.32620893934692097,0.0,22.0,2.0,0.8965316052467452,-0.14266922291668988,-0.41937641043106133,0.2776966769906649,-0.3190511167049408,0.02044796012341976,-0.03523332253098488,-0.11664986610412598,direct,SAFE_PROGRESSING,NONE,1,0,"-0.643,23.230;-0.429,22.820;-0.214,22.410;0.000,22.000",0,1,PASS_THROUGH,-1,0.8880669926272671,-0.15420726764603232,-0.4330786709260872,0.2688305217185351,4.884281095038695,5.2650988380136425,0.0,0,0,0,DIRECT_LOCAL,PASS_THROUGH,0,BYPASS_VISIBLE,1,14,0.0,22.0,2.0,0.0,22.0,2.0,1,
563,18.8,0.033333,-0.6551297307014465,23.24859046936035,2.6392650604248047,-2.504676010288521,-0.07917927950620651,-0.3204833032285401,0.019587553101492156,-0.03537769570171529,0.3230244591945683,0.0,22.0,2.0,0.8984925094378928,-0.13985459592259164,-0.4161152514428266,0.27986118522149833,-0.3160770535469055,0.020381804555654526,-0.035032328218221664,-0.11572754383087158,direct,SAFE_PROGRESSING,NONE,1,0,"-0.649,23.240;-0.433,22.826;-0.216,22.413;0.000,22.000",0,1,PASS_THROUGH,-1,0.8880669926272671,-0.15420726764603232,-0.4330786709260872,0.2688305217185351,4.893616230702161,5.274565831224704,0.0,0,0,0,DIRECT_LOCAL,PASS_THROUGH,0,BYPASS_VISIBLE,1,14,0.0,22.0,2.0,0.0,22.0,2.0,1,
564,18.833333,0.033333,-0.6609001755714417,23.257556915283203,2.6381924152374268,-2.507309695286378,-0.07879415899515152,-0.3173337979516944,0.01960094708435675,-0.03513633392683763,0.3198741915360926,0.0,22.0,2.0,0.9003952022904198,-0.1370713783122537,-0.4129163558639606,0.28200518606766456,-0.31311479210853577,0.020312856882810593,-0.03483162820339203,-0.1147458627820015,direct,SAFE_PROGRESSING,NONE,1,0,"-0.655,23.249;-0.437,22.832;-0.218,22.416;0.000,22.000",1,1,PASS_THROUGH,-1,0.9886099002209421,-0.15050071489909583,0.0,0.28200518606766456,4.902883518188628,5.283962533184937,0.0,0,0,0,DIRECT_LOCAL,PASS_THROUGH,0,BYPASS_VISIBLE,1,14,0.0,22.0,2.0,0.0,22.0,2.0,1,
565,18.866667,0.033333,-0.666585385799408,23.26645278930664,2.6371257305145264,-2.5099292697922566,-0.07834086567163467,-0.3142176532136629,0.019612159931086746,-0.03489991771795633,0.3167575960651685,0.0,22.0,2.0,0.9022414279011005,-0.13432240817451946,-0.4097778623122301,0.28412943791497336,-0.3101652264595032,0.020243898034095764,-0.034631893038749695,-0.11369609832763672,direct,SAFE_PROGRESSING,NONE,1,0,"-0.661,23.258;-0.441,22.838;-0.220,22.419;0.000,22.000",0,1,PASS_THROUGH,-1,0.9003952022904198,-0.1370713783122537,-0.4129163558639606,0.28200518606766456,4.912086497691184,5.2932851026837895,0.0,0,0,0,DIRECT_LOCAL,PASS_THROUGH,0,BYPASS_VISIBLE,1,14,0.0,22.0,2.0,0.0,22.0,2.0,1,
566,18.9,0.033333,-0.672186017036438,23.275278091430664,2.6360647678375244,-2.5125327371757002,-0.07782543450593948,-0.3111339767008826,0.01962085980235606,-0.03466892417751624,0.31367381768441466,0.0,22.0,2.0,0.9040328955098552,-0.13160745739646323,-0.40669890704759143,0.28623338338523097,-0.3072289228439331,0.020176898688077927,-0.034432947635650635,-0.11256670206785202,direct,SAFE_PROGRESSING,NONE,1,0,"-0.667,23.266;-0.444,22.844;-0.222,22.422;0.000,22.000",0,1,PASS_THROUGH,-1,0.9003952022904198,-0.1370713783122537,-0.4129163558639606,0.28200518606766456,4.921221114603865,5.302533440583762,0.0,0,0,0,DIRECT_LOCAL,PASS_THROUGH,0,BYPASS_VISIBLE,1,14,0.0,22.0,2.0,0.0,22.0,2.0,1,
567,18.933333,0.033333,-0.6777037382125854,23.284034729003906,2.635009527206421,-2.5151181886873943,-0.07725241035223007,-0.30808103311561713,0.01962685150022198,-0.03444312444685865,0.3106210956890396,0.0,22.0,2.0,0.9057712897822376,-0.12892788642615377,-0.40367805328987955,0.28831706518916617,-0.30430713295936584,0.02011195756494999,-0.03423429653048515,-0.11135955154895782,direct,SAFE_PROGRESSING,NONE,1,0,"-0.672,23.275;-0.448,22.850;-0.224,22.425;0.000,22.000",0,1,PASS_THROUGH,-1,0.9003952022904198,-0.1370713783122537,-0.4129163558639606,0.28200518606766456,4.93028710158885,5.3117094359782655,0.0,0,0,0,DIRECT_LOCAL,PASS_THROUGH,0,BYPASS_VISIBLE,1,14,0.0,22.0,2.0,0.0,22.0,2.0,1,
568,18.966667,0.033333,-0.6831396818161011,23.292726516723633,2.6339595317840576,-2.5176835502959674,-0.07662476599216461,-0.30505727899667967,0.01963019614988902,-0.034221924556751715,0.30759783515185735,0.0,22.0,2.0,0.9074583793586636,-0.1262852377308225,-0.40071352418282247,0.2903809595738293,-0.30139610171318054,0.020045720040798187,-0.03403589874505997,-0.11010046303272247,direct,SAFE_PROGRESSING,NONE,1,0,"-0.678,23.284;-0.452,22.856;-0.226,22.428;-0.000,22.000",0,1,PASS_THROUGH,-1,0.9003952022904198,-0.1370713783122537,-0.4129163558639606,0.28200518606766456,4.9392861528172896,5.320816841274844,0.0,0,0,0,DIRECT_LOCAL,PASS_THROUGH,0,BYPASS_VISIBLE,1,14,0.0,22.0,2.0,0.0,22.0,2.0,1,
569,19.0,0.033333,-0.6884950995445251,23.301347732543945,2.6329152584075928,-2.5202271445423983,-0.07594558596611023,-0.30206104456664173,0.019631077737707968,-0.03400511327603777,0.3046023663512004,0.0,22.0,2.0,0.909096047815561,-0.12368158875935598,-0.3978030171430185,0.29242583141112694,-0.29849278926849365,0.01997429132461548,-0.03383844345808029,-0.10882390290498734,direct,SAFE_PROGRESSING,NONE,1,0,"-0.683,23.293;-0.455,22.862;-0.228,22.431;0.000,22.000",0,1,PASS_THROUGH,-1,0.9003952022904198,-0.1370713783122537,-0.4129163558639606,0.28200518606766456,4.953940599838018,5.329849919338843,0.0,0,0,0,DIRECT_LOCAL,PASS_THROUGH,0,BYPASS_VISIBLE,1,14,0.0,22.0,2.0,0.0,22.0,2.0,1,
570,19.033333,0.033333,-0.693771243095398,23.30990219116211,2.6318764686584473,-2.5227473504759264,-0.07522008568048477,-0.299090566426848,0.019629536029716867,-0.033793253938823264,0.3016330048619489,0.0,22.0,2.0,0.9106854674287221,-0.12111599424707409,-0.3949466993806537,0.2944507716474245,-0.29559391736984253,0.01989750564098358,-0.03364335373044014,-0.10753244161605835,direct,SAFE_PROGRESSING,NONE,1,0,"-0.688,23.301;-0.459,22.868;-0.229,22.434;0.000,22.000",1,1,PASS_THROUGH,-1,0.9912718703131009,-0.13183352807979742,0.0,0.2944507716474245,4.962904724149327,5.338812443293527,0.0,0,0,0,DIRECT_LOCAL,PASS_THROUGH,0,BYPASS_VISIBLE,1,14,0.0,22.0,2.0,0.0,22.0,2.0,1,
571,19.066667,0.033333,-0.6989691257476807,23.318391799926758,2.630842924118042,-2.525242580220432,-0.07445525377988815,-0.29614380288911146,0.01962490013172535,-0.03358713325271373,0.2986877704475705,0.0,22.0,2.0,0.9122283774106189,-0.11859040860378295,-0.39214245171108053,0.29645655925665937,-0.29270049929618835,0.019818753004074097,-0.033451322466135025,-0.1062038391828537,direct,SAFE_PROGRESSING,NONE,1,0,"-0.694,23.310;-0.463,22.873;-0.231,22.437;-0.000,22.000",0,1,PASS_THROUGH,-1,0.9106854674287221,-0.12111599424707409,-0.3949466993806537,0.2944507716474245,4.971801324819208,5.347706270337811,0.0,0,0,0,DIRECT_LOCAL,PASS_THROUGH,0,BYPASS_VISIBLE,1,14,0.0,22.0,2.0,0.0,22.0,2.0,1,
572,19.1,0.033333,-0.7040899395942688,23.32680892944336,2.629814624786377,-2.5277118152643956,-0.07365712523460388,-0.2932184591472514,0.019616535312872597,-0.033386993954649426,0.29576437345917317,0.0,22.0,2.0,0.9137264039654469,-0.11610581622347038,-0.38938862096298443,0.2984436145648014,-0.2898159325122833,0.019741002470254898,-0.0332619771361351,-0.10482385754585266,direct,SAFE_PROGRESSING,NONE,1,0,"-0.699,23.318;-0.466,22.879;-0.233,22.439;0.000,22.000",0,1,PASS_THROUGH,-1,0.9106854674287221,-0.12111599424707409,-0.3949466993806537,0.2944507716474245,4.980632141435918,5.356523774303255,0.0,0,0,0,DIRECT_LOCAL,PASS_THROUGH,0,BYPASS_VISIBLE,1,14,0.0,22.0,2.0,0.0,22.0,2.0,1,
573,19.133333,0.033333,-0.7091348171234131,23.335159301757812,2.6287918090820312,-2.5301539135696203,-0.07282920181751251,-0.2903121514662972,0.019603650425981098,-0.03319259489910003,0.2928603707488435,0.0,22.0,2.0,0.9151806375115576,-0.11366039052220622,-0.38668555229058993,0.3004106907743794,-0.2869335114955902,0.019664382562041283,-0.03307550027966499,-0.10339909046888351,direct,SAFE_PROGRESSING,NONE,1,0,"-0.704,23.327;-0.528,22.995;-0.352,22.663;-0.176,22.332;-0.000,22.000",0,1,PASS_THROUGH,-1,0.9106854674287221,-0.12111599424707409,-0.3949466993806537,0.2944507716474245,4.989389422114596,5.365270633669686,0.0,0,0,0,DIRECT_LOCAL,PASS_THROUGH,0,BYPASS_VISIBLE,1,14,0.0,22.0,2.0,0.0,22.0,2.0,1,
574,19.166667,0.033333,-0.7141048908233643,23.34344482421875,2.6277735233306885,-2.5325680228374363,-0.07197301089763641,-0.287422519570134,0.019586054664430773,-0.033004053433402826,0.2899734226380015,0.0,22.0,2.0,0.9165927018855662,-0.1112560519503053,-0.38403113123098315,0.302358896011152,-0.284042090177536,0.01959310844540596,-0.03289273381233215,-0.10191033035516739,direct,SAFE_PROGRESSING,NONE,1,0,"-0.709,23.335;-0.532,23.001;-0.355,22.668;-0.177,22.334;-0.000,22.000",0,1,PASS_THROUGH,-1,0.9106854674287221,-0.12111599424707409,-0.3949466993806537,0.2944507716474245,4.998078738952868,5.373948729833524,0.0,0,0,0,DIRECT_LOCAL,PASS_THROUGH,0,BYPASS_VISIBLE,1,14,0.0,22.0,2.0,0.0,22.0,2.0,1,
575,19.2,0.033333,-0.7190009355545044,23.351661682128906,2.626760721206665,-2.5349531581605396,-0.0710882619023323,-0.2845466923016348,0.019564143911948845,-0.03282269588234981,0.2871008624016896,0.0,22.0,2.0,0.9179642301405403,-0.10889373073721692,-0.38142342296798637,0.30428866497574286,-0.2811223864555359,0.019521716982126236,-0.03271564841270447,-0.1003701239824295,direct,SAFE_PROGRESSING,NONE,1,0,"-0.714,23.343;-0.536,23.008;-0.357,22.672;-0.179,22.336;-0.000,22.000",0,1,PASS_THROUGH,-1,0.9106854674287221,-0.12111599424707409,-0.3949466993806537,0.2944507716474245,inf,5.382554216828453,0.0,0,0,0,DIRECT_LOCAL,PASS_THROUGH,0,BYPASS_VISIBLE,1,14,0.0,22.0,2.0,0.0,22.0,2.0,1,
576,19.233333,0.033333,-0.7238239645957947,23.35980796813965,2.6257522106170654,-2.5373082750722014,-0.07017363607883453,-0.2816807355611872,0.01953870846048397,-0.03264909180217459,0.284238915544832,0.0,22.0,2.0,0.9192961022182814,-0.10657288430607115,-0.3788626357625675,0.30619938917403455,-0.27823472023010254,0.019454805180430412,-0.03254179656505585,-0.09876038879156113,direct,SAFE_PROGRESSING,NONE,1,0,"-0.719,23.352;-0.539,23.014;-0.360,22.676;-0.180,22.338;0.000,22.000",1,1,PASS_THROUGH,-1,0.9933472405258366,-0.1151575431298612,0.0,0.30619938917403455,inf,5.3910851739148935,0.0,0,0,0,DIRECT_LOCAL,PASS_THROUGH,0,BYPASS_VISIBLE,1,14,0.0,22.0,2.0,0.0,22.0,2.0,1,
577,19.266667,0.033333,-0.7285748720169067,23.367889404296875,2.624748706817627,-2.539632311618946,-0.06922714412212372,-0.27882131912252284,0.019510818258837912,-0.03248007015464121,0.28138399916058404,0.0,22.0,2.0,0.9205897232118866,-0.1042934977853735,-0.37634748283515107,0.3080908205019587,-0.27540457248687744,0.01939270831644535,-0.03236917406320572,-0.09710800647735596,direct,SAFE_PROGRESSING,NONE,1,0,"-0.724,23.360;-0.543,23.020;-0.362,22.680;-0.181,22.340;-0.000,22.000",0,1,PASS_THROUGH,-1,0.9192961022182814,-0.10657288430607115,-0.3788626357625675,0.30619938917403455,inf,5.399547275102293,0.0,0,0,0,DIRECT_LOCAL,PASS_THROUGH,0,BYPASS_VISIBLE,1,14,0.0,22.0,2.0,0.0,22.0,2.0,1,
578,19.3,0.033333,-0.7332544326782227,23.375900268554688,2.623749256134033,-2.5419241096814837,-0.06824742257595062,-0.27596850495514424,0.019481478629069855,-0.032312091653919385,0.2785358415066249,0.0,22.0,2.0,0.9218463581630179,-0.10205787542852796,-0.37387629238104403,0.3099640473682141,-0.27259811758995056,0.019327552989125252,-0.03220067173242569,-0.0954812541604042,direct,SAFE_PROGRESSING,NONE,1,0,"-0.729,23.368;-0.546,23.026;-0.364,22.684;-0.182,22.342;0.000,22.000",0,1,PASS_THROUGH,-1,0.9192961022182814,-0.10657288430607115,-0.3788626357625675,0.30619938917403455,inf,5.407934786367978,0.0,0,0,0,DIRECT_LOCAL,PASS_THROUGH,0,BYPASS_VISIBLE,1,14,0.0,22.0,2.0,0.0,22.0,2.0,1,
579,19.333333,0.033333,-0.7378634810447693,23.38384437561035,2.6227548122406006,-2.5441829229134694,-0.06723754107952118,-0.27312540987770134,0.019451463135852096,-0.032145226208675645,0.2756975961211755,0.0,22.0,2.0,0.9230671191421106,-0.0998647397611912,-0.3714486873191426,0.31181812725055763,-0.2697686553001404,0.01925140805542469,-0.03203967958688736,-0.09392163902521133,direct,SAFE_PROGRESSING,NONE,1,0,"-0.733,23.376;-0.550,23.032;-0.367,22.688;-0.183,22.344;-0.000,22.000",0,1,PASS_THROUGH,-1,0.9192961022182814,-0.10657288430607115,-0.3788626357625675,0.30619938917403455,inf,5.416251483357232,0.0,0,0,0,DIRECT_LOCAL,PASS_THROUGH,0,BYPASS_VISIBLE,1,14,0.0,22.0,2.0,0.0,22.0,2.0,1,
580,19.366667,0.033333,-0.7424027919769287,23.3917179107666,2.6217644214630127,-2.546407671421517,-0.06620652228593826,-0.2702953008777782,0.01942058470203924,-0.03198067064306798,0.27287262977726096,0.0,22.0,2.0,0.9242530648076903,-0.0977158019758042,-0.369063536857567,0.3136538074098836,-0.26699191331863403,0.019180050119757652,-0.031882062554359436,-0.09233717620372772,direct,SAFE_PROGRESSING,NONE,1,0,"-0.738,23.384;-0.553,23.038;-0.369,22.692;-0.184,22.346;-0.000,22.000",0,1,PASS_THROUGH,-1,0.9192961022182814,-0.10657288430607115,-0.3788626357625675,0.30619938917403455,inf,5.424493539638814,0.0,0,0,0,DIRECT_LOCAL,PASS_THROUGH,0,BYPASS_VISIBLE,1,14,0.0,22.0,2.0,0.0,22.0,2.0,1,
581,19.4,0.033333,-0.7468733191490173,23.399524688720703,2.6207783222198486,-2.54859776122438,-0.06516268104314804,-0.26748086096130275,0.0193879839876515,-0.03181778348981866,0.270063467077482,0.0,22.0,2.0,0.9254053285783029,-0.09561021900948824,-0.36672014378793116,0.3154704834803848,-0.2642350196838379,0.019102903082966805,-0.0317266583442688,-0.09079534560441971,direct,SAFE_PROGRESSING,NONE,1,0,"-0.742,23.392;-0.557,23.044;-0.371,22.696;-0.186,22.348;-0.000,22.000",0,1,PASS_THROUGH,-1,0.9192961022182814,-0.10657288430607115,-0.3788626357625675,0.30619938917403455,inf,5.432664747948023,0.0,0,0,0,DIRECT_LOCAL,PASS_THROUGH,0,BYPASS_VISIBLE,1,14,0.0,22.0,2.0,0.0,22.0,2.0,1,
582,19.433333,0.033333,-0.751275897026062,23.407258987426758,2.6197965145111084,-2.550752890079637,-0.0641130805015564,-0.26468443446657947,0.019352676548794828,-0.03165604775261164,0.26727229803668573,0.0,22.0,2.0,0.9265251222722439,-0.09354893597127445,-0.36441706104002003,0.3172689149094472,-0.26150697469711304,0.01902250200510025,-0.031572405248880386,-0.0893227756023407,direct,SAFE_PROGRESSING,NONE,1,0,"-0.747,23.400;-0.560,23.050;-0.373,22.700;-0.187,22.350;-0.000,22.000",1,1,PASS_THROUGH,-1,0.9949414251135292,-0.1004567598176419,0.0,0.3172689149094472,inf,5.440759394457368,0.0,0,0,0,DIRECT_LOCAL,PASS_THROUGH,0,BYPASS_VISIBLE,1,14,0.0,22.0,2.0,0.0,22.0,2.0,1,
583,19.466667,0.033333,-0.7556115984916687,23.414928436279297,2.618818759918213,-2.5528730025567534,-0.06306666135787964,-0.2619078456442886,0.019313468537537196,-0.03149531764193009,0.2645008217574174,0.0,22.0,2.0,0.9276132884190224,-0.09153004232975936,-0.362154440121283,0.31904816759515786,-0.25877460837364197,0.01893848367035389,-0.03141871094703674,-0.08788681775331497,direct,SAFE_PROGRESSING,NONE,1,0,"-0.751,23.407;-0.563,23.055;-0.376,22.704;-0.188,22.352;0.000,22.000",0,1,PASS_THROUGH,-1,0.9265251222722439,-0.09354893597127445,-0.36441706104002003,0.3172689149094472,inf,5.448785088725897,0.0,0,0,0,DIRECT_LOCAL,PASS_THROUGH,0,BYPASS_VISIBLE,1,14,0.0,22.0,2.0,0.0,22.0,2.0,1,
584,19.5,0.033333,-0.7598814964294434,23.422527313232422,2.617844820022583,-2.55495848577618,-0.062031619250774384,-0.25915121471383484,0.01926950557821513,-0.03133731151174888,0.26174929422191273,0.0,22.0,2.0,0.9286712777409345,-0.08955486035079346,-0.3599299721981623,0.32080968611105937,-0.25599145889282227,0.01883462816476822,-0.03126639500260353,-0.08657171577215195,direct,SAFE_PROGRESSING,NONE,1,0,"-0.756,23.415;-0.567,23.061;-0.378,22.707;-0.189,22.354;-0.000,22.000",0,1,PASS_THROUGH,-1,0.9265251222722439,-0.09354893597127445,-0.36441706104002003,0.3172689149094472,inf,5.456736145272714,0.0,0,0,0,DIRECT_LOCAL,PASS_THROUGH,0,BYPASS_VISIBLE,1,14,0.0,22.0,2.0,0.0,22.0,2.0,1,
585,19.533333,0.033333,-0.7640866637229919,23.430057525634766,2.616874933242798,-2.5570095633369117,-0.06101769581437111,-0.25641105200937686,0.01921920936021361,-0.031185822865495035,0.2590145964010235,0.0,22.0,2.0,0.9296999428061038,-0.0876211155597898,-0.35774370218689444,0.3225525597795251,-0.2531726360321045,0.01871645078063011,-0.031116489320993423,-0.0853487178683281,direct,SAFE_PROGRESSING,NONE,1,0,"-0.760,23.423;-0.570,23.067;-0.380,22.711;-0.190,22.356;0.000,22.000",0,1,PASS_THROUGH,-1,0.9265251222722439,-0.09354893597127445,-0.36441706104002003,0.3172689149094472,inf,5.464614481191136,0.0,0,0,0,DIRECT_LOCAL,PASS_THROUGH,0,BYPASS_VISIBLE,1,14,0.0,22.0,2.0,0.0,22.0,2.0,1,
586,19.566667,0.033333,-0.7682279944419861,23.437517166137695,2.6159090995788574,-2.559027685023764,-0.060035619884729385,-0.2536799336823563,0.019160787678027747,-0.031042772979461987,0.2562894814302405,0.0,22.0,2.0,0.9307004158490019,-0.08572752623407964,-0.35559461073570875,0.32427722438086587,-0.2503642737865448,0.018600385636091232,-0.03096732310950756,-0.08411717414855957,direct,SAFE_PROGRESSING,NONE,1,0,"-0.764,23.430;-0.573,23.073;-0.382,22.715;-0.191,22.358;-0.000,22.000",0,1,PASS_THROUGH,-1,0.9265251222722439,-0.09354893597127445,-0.36441706104002003,0.3172689149094472,inf,5.472418201453033,0.0,0,0,0,DIRECT_LOCAL,PASS_THROUGH,0,BYPASS_VISIBLE,1,14,0.0,22.0,2.0,0.0,22.0,2.0,1,
587,19.6,0.033333,-0.7723066210746765,23.444910049438477,2.6149470806121826,-2.561013571537337,-0.0590897761285305,-0.2509496676960619,0.019092536746368398,-0.030905818228830366,0.25356543588700897,0.0,22.0,2.0,0.9316736026265728,-0.08387252266535067,-0.35348224582088006,0.32598342622807724,-0.24756550788879395,0.01848107948899269,-0.030817298218607903,-0.08290773630142212,direct,SAFE_PROGRESSING,NONE,1,0,"-0.768,23.438;-0.576,23.078;-0.384,22.719;-0.192,22.359;0.000,22.000",0,1,PASS_THROUGH,-1,0.9265251222722439,-0.09354893597127445,-0.36441706104002003,0.3172689149094472,inf,5.480151134270118,0.0,0,0,0,DIRECT_LOCAL,PASS_THROUGH,0,BYPASS_VISIBLE,1,14,0.0,22.0,2.0,0.0,22.0,2.0,1,
588,19.633333,0.033333,-0.7763230800628662,23.452234268188477,2.6139888763427734,-2.5629687046163716,-0.05817887932062149,-0.2482144842249088,0.01901375855193684,-0.03077127844270193,0.2508362509094472,0.0,22.0,2.0,0.932620718040867,-0.08205528673340956,-0.3514050742377455,0.3276719437439882,-0.24477460980415344,0.018356136977672577,-0.030667249113321304,-0.08174329996109009,direct,SAFE_PROGRESSING,NONE,1,0,"-0.772,23.445;-0.579,23.084;-0.386,22.722;-0.193,22.361;0.000,22.000",1,1,PASS_THROUGH,-1,0.9961517747607418,-0.08764497499015,0.0,0.3276719437439882,inf,5.487811357999062,0.0,0,0,0,DIRECT_LOCAL,PASS_THROUGH,0,BYPASS_VISIBLE,1,14,0.0,22.0,2.0,0.0,22.0,2.0,1,
589,19.666667,0.033333,-0.7802780866622925,23.45948600769043,2.61303448677063,-2.564893918096664,-0.05730101466178894,-0.24547225996306934,0.018924458825206786,-0.030636398130977113,0.24809948497254766,0.0,22.0,2.0,0.9335425668842364,-0.08027431728391438,-0.349362719533428,0.32934249008223737,-0.24198967218399048,0.018227877095341682,-0.03051852621138096,-0.08061377704143524,direct,SAFE_PROGRESSING,NONE,1,0,"-0.776,23.452;-0.582,23.089;-0.388,22.726;-0.194,22.363;0.000,22.000",0,1,PASS_THROUGH,-1,0.932620718040867,-0.08205528673340956,-0.3514050742377455,0.3276719437439882,inf,5.495395070674203,0.0,0,0,0,DIRECT_LOCAL,PASS_THROUGH,0,BYPASS_VISIBLE,1,14,0.0,22.0,2.0,0.0,22.0,2.0,1,
590,19.7,0.033333,-0.7841723561286926,23.46666717529297,2.61208438873291,-2.5667904224392037,-0.056454285979270935,-0.24272402537217735,0.018825287682473015,-0.030499806376806972,0.24535603138750017,0.0,22.0,2.0,0.9344398937659262,-0.07852716229803774,-0.34735510608042336,0.33099445911794456,-0.23921102285385132,0.01809966191649437,-0.030371662229299545,-0.07949569821357727,direct,SAFE_PROGRESSING,NONE,1,0,"-0.780,23.459;-0.585,23.095;-0.390,22.730;-0.195,22.365;0.000,22.000",0,1,PASS_THROUGH,-1,0.932620718040867,-0.08205528673340956,-0.3514050742377455,0.3276719437439882,inf,5.50290417100533,0.0,0,0,0,DIRECT_LOCAL,PASS_THROUGH,0,BYPASS_VISIBLE,1,14,0.0,22.0,2.0,0.0,22.0,2.0,1,
591,19.733333,0.033333,-0.7880064845085144,23.473777770996094,2.611138105392456,-2.568659176751839,-0.05563567578792572,-0.2399722761272055,0.018717135483023478,-0.030362076234962152,0.24260849149124855,0.0,22.0,2.0,0.9353135198048085,-0.07681315914311104,-0.34538146773212275,0.33262825419367376,-0.23641738295555115,0.01796913519501686,-0.030228570103645325,-0.0784066691994667,direct,SAFE_PROGRESSING,NONE,1,0,"-0.784,23.467;-0.588,23.100;-0.392,22.733;-0.196,22.367;0.000,22.000",0,1,PASS_THROUGH,-1,0.932620718040867,-0.08205528673340956,-0.3514050742377455,0.3276719437439882,inf,5.510338649657545,0.0,0,0,0,DIRECT_LOCAL,PASS_THROUGH,0,BYPASS_VISIBLE,1,14,0.0,22.0,2.0,0.0,22.0,2.0,1,
592,19.766667,0.033333,-0.7917811870574951,23.480815887451172,2.6101953983306885,-2.570500990517815,-0.054841965436935425,-0.23721906615608362,0.018601103448440796,-0.03022594445488095,0.23985932151086728,0.0,22.0,2.0,0.9361643155384245,-0.07513133479505746,-0.34344090735436056,0.33424393115864837,-0.2335970401763916,0.017838016152381897,-0.030090954154729843,-0.07733596861362457,direct,SAFE_PROGRESSING,NONE,1,0,"-0.788,23.474;-0.591,23.105;-0.394,22.737;-0.197,22.368;-0.000,22.000",0,1,PASS_THROUGH,-1,0.932620718040867,-0.08205528673340956,-0.3514050742377455,0.3276719437439882,inf,5.517696611468525,0.0,0,0,0,DIRECT_LOCAL,PASS_THROUGH,0,BYPASS_VISIBLE,1,14,0.0,22.0,2.0,0.0,22.0,2.0,1,
593,19.8,0.033333,-0.7954971194267273,23.487781524658203,2.6092565059661865,-2.5723166492690934,-0.054070282727479935,-0.23446408599756266,0.018478307347061993,-0.03009439327116289,0.23710868388029233,0.0,22.0,2.0,0.9369930120935845,-0.07348016389512102,-0.3415329571238148,0.33584122085926127,-0.23075973987579346,0.017711805179715157,-0.029958143830299377,-0.07623295485973358,direct,SAFE_PROGRESSING,NONE,1,0,"-0.792,23.481;-0.594,23.111;-0.396,22.740;-0.198,22.370;0.000,22.000",0,1,PASS_THROUGH,-1,0.932620718040867,-0.08205528673340956,-0.3514050742377455,0.3276719437439882,inf,5.524978057294069,0.0,0,0,0,DIRECT_LOCAL,PASS_THROUGH,0,BYPASS_VISIBLE,1,14,0.0,22.0,2.0,0.0,22.0,2.0,1,
594,19.833333,0.033333,-0.7991547584533691,23.494672775268555,2.608321189880371,-2.5741068709253208,-0.05331553518772125,-0.23170461610689022,0.018349896018862902,-0.029968433763885607,0.2343541227104932,0.0,22.0,2.0,0.9378002880043006,-0.07185872323299974,-0.33965709725305904,0.3374201850589563,-0.2279176563024521,0.01758658140897751,-0.029827792197465897,-0.0751219093799591,direct,SAFE_PROGRESSING,NONE,1,0,"-0.795,23.488;-0.597,23.116;-0.398,22.744;-0.199,22.372;-0.000,22.000",1,1,PASS_THROUGH,-1,0.997077187348413,-0.07640080149695888,0.0,0.3374201850589563,inf,5.532181074429177,0.0,0,0,0,DIRECT_LOCAL,PASS_THROUGH,0,BYPASS_VISIBLE,1,14,0.0,22.0,2.0,0.0,22.0,2.0,1,
595,19.866667,0.033333,-0.8027545809745789,23.501489639282227,2.607389211654663,-2.5758721543534575,-0.0525716207921505,-0.2289368211828407,0.01821720342633494,-0.029847601657964344,0.23159191246395655,0.0,22.0,2.0,0.9385867834515002,-0.07026588199332756,-0.33781290052019414,0.3389805323665456,-0.22506415843963623,0.017462115734815598,-0.029700487852096558,-0.07401281595230103,direct,SAFE_PROGRESSING,NONE,1,0,"-0.799,23.495;-0.599,23.121;-0.400,22.747;-0.200,22.374;0.000,22.000",0,1,PASS_THROUGH,-1,0.9378002880043006,-0.07185872323299974,-0.33965709725305904,0.3374201850589563,inf,5.5393056511696965,0.0,0,0,0,DIRECT_LOCAL,PASS_THROUGH,0,BYPASS_VISIBLE,1,14,0.0,22.0,2.0,0.0,22.0,2.0,1,
596,19.9,0.033333,-0.8062970638275146,23.50823402404785,2.6064610481262207,-2.5776126821937364,-0.05183394253253937,-0.22615725394497085,0.01808145817705164,-0.029731191923970716,0.2288186758439059,0.0,22.0,2.0,0.9393531620234438,-0.0687013172096177,-0.33599965180074437,0.34052230788290755,-0.22219491004943848,0.01733805239200592,-0.029576376080513,-0.0729110985994339,direct,SAFE_PROGRESSING,NONE,1,0,"-0.803,23.501;-0.602,23.126;-0.401,22.751;-0.201,22.375;0.000,22.000",0,1,PASS_THROUGH,-1,0.9378002880043006,-0.07185872323299974,-0.33965709725305904,0.3374201850589563,inf,5.546353676457718,0.0,0,0,0,DIRECT_LOCAL,PASS_THROUGH,0,BYPASS_VISIBLE,1,14,0.0,22.0,2.0,0.0,22.0,2.0,1,
597,19.933333,0.033333,-0.8097824454307556,23.514902114868164,2.6055362224578857,-2.579328621624653,-0.05109979957342148,-0.22336321642192972,0.017943729733978828,-0.029618399341308534,0.226031753226526,0.0,22.0,2.0,0.9401000077477847,-0.06716521250147106,-0.33421671062687364,0.34204589320337975,-0.21930670738220215,0.017213596031069756,-0.029455341398715973,-0.07182112336158752,direct,SAFE_PROGRESSING,NONE,1,0,"-0.806,23.508;-0.605,23.131;-0.403,22.754;-0.202,22.377;-0.000,22.000",0,1,PASS_THROUGH,-1,0.9378002880043006,-0.07185872323299974,-0.33965709725305904,0.3374201850589563,inf,5.553321321844173,0.0,0,0,0,DIRECT_LOCAL,PASS_THROUGH,0,BYPASS_VISIBLE,1,14,0.0,22.0,2.0,0.0,22.0,2.0,1,
598,19.966667,0.033333,-0.8132109045982361,23.521493911743164,2.604614734649658,-2.581020044861941,-0.050368163734674454,-0.22055284378383153,0.01780479607024005,-0.02950892060592289,0.22322935304203312,0.0,22.0,2.0,0.940827825325144,-0.06565646029272104,-0.3324638812198863,0.34355063827970694,-0.2163899838924408,0.017086675390601158,-0.029338113963603973,-0.07075440883636475,direct,SAFE_PROGRESSING,NONE,1,0,"-0.810,23.515;-0.607,23.136;-0.405,22.757;-0.202,22.379;-0.000,22.000",0,1,PASS_THROUGH,-1,0.9378002880043006,-0.07185872323299974,-0.33965709725305904,0.3374201850589563,inf,5.560208552554855,0.0,0,0,0,DIRECT_LOCAL,PASS_THROUGH,0,BYPASS_VISIBLE,1,14,0.0,22.0,2.0,0.0,22.0,2.0,1,
599,20.0,0.033333,-0.8165826201438904,23.52800941467285,2.603696346282959,-2.5826871627926513,-0.04963962733745575,-0.21772438818573492,0.017665134467777132,-0.02940313169741362,0.2204098689719512,0.0,22.0,2.0,0.9415371609172074,-0.06417485498125691,-0.33074062738057936,0.34503656031377294,-0.2134469896554947,0.01695907860994339,-0.029224831610918045,-0.06969600170850754,direct,SAFE_PROGRESSING,NONE,1,0,"-0.813,23.521;-0.610,23.141;-0.407,22.761;-0.203,22.380;0.000,22.000",0,1,PASS_THROUGH,-1,0.9378002880043006,-0.07185872323299974,-0.33965709725305904,0.3374201850589563,inf,5.567015335125172,0.0,0,0,0,DIRECT_LOCAL,PASS_THROUGH,0,BYPASS_VISIBLE,1,14,0.0,22.0,2.0,0.0,22.0,2.0,1,
600,20.033333,0.033333,-0.8198977708816528,23.534448623657227,2.602780818939209,-2.5843300956745225,-0.04891527071595192,-0.21487584827113007,0.017524963933963494,-0.029301304346200967,0.21757141578689293,0.0,22.0,2.0,0.9422285775373755,-0.06272027668719882,-0.3290463106679287,0.3465036765663494,-0.2104751169681549,0.016829881817102432,-0.029115233570337296,-0.06864617019891739,direct,SAFE_PROGRESSING,NONE,1,0,"-0.817,23.528;-0.612,23.146;-0.408,22.764;-0.204,22.382;0.000,22.000",1,1,PASS_THROUGH,-1,0.99779182728402,-0.06641889343565044,0.0,0.3465036765663494,inf,5.5737416373798805,0.0,0,0,0,DIRECT_LOCAL,PASS_THROUGH,0,BYPASS_VISIBLE,1,14,0.0,22.0,2.0,0.0,22.0,2.0,1,
601,20.066667,0.033333,-0.8231562376022339,23.540809631347656,2.6018683910369873,-2.5859488803315553,-0.048195838928222656,-0.21200483354502628,0.017384301898054542,-0.02920358676897833,0.21471169711757723,0.0,22.0,2.0,0.9429026151922023,-0.06129268191021919,-0.3273803069947216,0.347952004353489,-0.20746928453445435,0.016696671023964882,-0.029009327292442322,-0.06761442869901657,direct,SAFE_PROGRESSING,NONE,1,0,"-0.820,23.534;-0.615,23.151;-0.410,22.767;-0.205,22.384;-0.000,22.000",0,1,PASS_THROUGH,-1,0.9422285775373755,-0.06272027668719882,-0.3290463106679287,0.3465036765663494,inf,5.580385501271161,0.0,0,0,0,DIRECT_LOCAL,PASS_THROUGH,0,BYPASS_VISIBLE,1,14,0.0,22.0,2.0,0.0,22.0,2.0,1,
602,20.1,0.033333,-0.8263580799102783,23.54709243774414,2.600959062576294,-2.587543846889887,-0.04748222976922989,-0.20910852931749344,0.01724303505953791,-0.02911015250801632,0.2118279968994407,0.0,22.0,2.0,0.9435596526728856,-0.05989139335343835,-0.32574254074346387,0.34938119649215044,-0.2044329047203064,0.01655995473265648,-0.02890704944729805,-0.06659569591283798,direct,SAFE_PROGRESSING,NONE,1,0,"-0.823,23.541;-0.617,23.156;-0.412,22.770;-0.206,22.385;-0.000,22.000",0,1,PASS_THROUGH,-1,0.9422285775373755,-0.06272027668719882,-0.3290463106679287,0.3465036765663494,inf,5.586946885568588,0.0,0,0,0,DIRECT_LOCAL,PASS_THROUGH,0,BYPASS_VISIBLE,1,14,0.0,22.0,2.0,0.0,22.0,2.0,1,
603,20.133333,0.033333,-0.8295034170150757,23.553293228149414,2.60005259513855,-2.5891151375777337,-0.046775419265031815,-0.20618397293825083,0.017100930122840616,-0.0290208408064132,0.20891740403513262,0.0,22.0,2.0,0.9442001600730678,-0.05851632257071632,-0.32413253108997364,0.35079125913614834,-0.2013676017522812,0.016417378559708595,-0.028808435425162315,-0.06560159474611282,direct,SAFE_PROGRESSING,NONE,1,0,"-0.826,23.547;-0.620,23.160;-0.413,22.774;-0.207,22.387;0.000,22.000",0,1,PASS_THROUGH,-1,0.9422285775373755,-0.06272027668719882,-0.3290463106679287,0.3465036765663494,inf,5.593421959007152,0.0,0,0,0,DIRECT_LOCAL,PASS_THROUGH,0,BYPASS_VISIBLE,1,14,0.0,22.0,2.0,0.0,22.0,2.0,1,
604,20.166667,0.033333,-0.8325920104980469,23.55941390991211,2.5991485118865967,-2.5906629603499884,-0.0460767038166523,-0.20322863358993282,0.016957617204353376,-0.02893536023988738,0.20597740983975069,0.0,22.0,2.0,0.9448245094372012,-0.05716631524702387,-0.3225502422380579,0.35218153111453837,-0.19827741384506226,0.016273556277155876,-0.02871396765112877,-0.06461485475301743,direct,SAFE_PROGRESSING,NONE,1,0,"-0.830,23.553;-0.622,23.165;-0.415,22.777;-0.207,22.388;-0.000,22.000",0,1,PASS_THROUGH,-1,0.9422285775373755,-0.06272027668719882,-0.3290463106679287,0.3465036765663494,inf,5.599812552442181,0.0,0,0,0,DIRECT_LOCAL,PASS_THROUGH,0,BYPASS_VISIBLE,1,14,0.0,22.0,2.0,0.0,22.0,2.0,1,
605,20.2,0.033333,-0.8356237411499023,23.56545066833496,2.5982470512390137,-2.592187695294613,-0.04538694769144058,-0.20024054942436523,0.01681274392064334,-0.028853336265237273,0.20300606149952183,0.0,22.0,2.0,0.9454332822949949,-0.055841694904491035,-0.3209947255627514,0.35355232701101275,-0.19515840709209442,0.016132794320583344,-0.028623659163713455,-0.0636143758893013,direct,SAFE_PROGRESSING,NONE,1,0,"-0.833,23.559;-0.624,23.170;-0.416,22.780;-0.208,22.390;0.000,22.000",0,1,PASS_THROUGH,-1,0.9422285775373755,-0.06272027668719882,-0.3290463106679287,0.3465036765663494,inf,5.606114813808446,0.0,0,0,0,DIRECT_LOCAL,PASS_THROUGH,0,BYPASS_VISIBLE,1,14,0.0,22.0,2.0,0.0,22.0,2.0,1,
606,20.233333,0.033333,-0.8385985493659973,23.5714054107666,2.5973477363586426,-2.593689489410287,-0.0447051115334034,-0.19721871703714916,0.01666632107583932,-0.028774397054701684,0.2000023863203729,0.0,22.0,2.0,0.946026728877462,-0.05454147803688397,-0.3194662038822907,0.3549029631752169,-0.19200889766216278,0.015993520617485046,-0.028537467122077942,-0.06260617077350616,direct,SAFE_PROGRESSING,NONE,1,0,"-0.836,23.565;-0.627,23.174;-0.418,22.783;-0.209,22.391;0.000,22.000",1,1,PASS_THROUGH,-1,0.9983421853214125,-0.05755763205402581,0.0,0.3549029631752169,inf,5.612330592976429,0.0,0,0,0,DIRECT_LOCAL,PASS_THROUGH,0,BYPASS_VISIBLE,1,14,0.0,22.0,2.0,0.0,22.0,2.0,1,
607,20.266667,0.033333,-0.8415162563323975,23.577274322509766,2.5964512825012207,-2.595168606999758,-0.044028885662555695,-0.1941624818743743,0.016518730723799592,-0.028698660647913734,0.1969658624110438,0.0,22.0,2.0,0.946605405748024,-0.05326600704820339,-0.317963737400603,0.35623377111022514,-0.18881605565547943,0.015852095559239388,-0.028456049039959908,-0.06161126494407654,direct,SAFE_PROGRESSING,NONE,1,0,"-0.839,23.571;-0.629,23.179;-0.419,22.786;-0.210,22.393;-0.000,22.000",0,1,PASS_THROUGH,-1,0.946026728877462,-0.05454147803688397,-0.3194662038822907,0.3549029631752169,inf,5.61845603418948,0.0,0,0,0,DIRECT_LOCAL,PASS_THROUGH,0,BYPASS_VISIBLE,1,14,0.0,22.0,2.0,0.0,22.0,2.0,1,
608,20.3,0.033333,-0.8443766832351685,23.583057403564453,2.5955569744110107,-2.596625381184133,-0.043356798589229584,-0.19107101879667038,0.016370571170172248,-0.02862699505549007,0.19389593773553457,0.0,22.0,2.0,0.9471694710552441,-0.05201415171625229,-0.316487789846888,0.3575440615152395,-0.18557986617088318,0.01571113057434559,-0.028380081057548523,-0.06061963737010956,direct,SAFE_PROGRESSING,NONE,1,0,"-0.842,23.577;-0.631,23.183;-0.421,22.789;-0.210,22.394;0.000,22.000",0,1,PASS_THROUGH,-1,0.946026728877462,-0.05454147803688397,-0.3194662038822907,0.3549029631752169,inf,5.624491079250635,0.0,0,0,0,DIRECT_LOCAL,PASS_THROUGH,0,BYPASS_VISIBLE,1,14,0.0,22.0,2.0,0.0,22.0,2.0,1,
609,20.333333,0.033333,-0.8471794724464417,23.588756561279297,2.5946640968322754,-2.5980599079552222,-0.04268813878297806,-0.18794263874562092,0.01622249484986565,-0.028560450193946218,0.1907912579577528,0.0,22.0,2.0,0.9477194162075769,-0.05078598719209665,-0.3150376035461381,0.3588338181482594,-0.18229572474956512,0.015568681061267853,-0.02830994315445423,-0.0596420094370842,direct,SAFE_PROGRESSING,NONE,1,0,"-0.844,23.583;-0.633,23.187;-0.422,22.792;-0.211,22.396;-0.000,22.000",0,1,PASS_THROUGH,-1,0.946026728877462,-0.05454147803688397,-0.3194662038822907,0.3549029631752169,inf,5.630437551332655,0.0,0,0,0,DIRECT_LOCAL,PASS_THROUGH,0,BYPASS_VISIBLE,1,14,0.0,22.0,2.0,0.0,22.0,2.0,1,
610,20.366667,0.033333,-0.8499245047569275,23.5943660736084,2.5937740802764893,-2.5994719337567096,-0.042022936046123505,-0.18477486376996702,0.016074771217387318,-0.028499784879622764,0.1876496370608959,0.0,22.0,2.0,0.9482557547865573,-0.04958247601811361,-0.31361218341462715,0.3601033445855591,-0.17896950244903564,0.015425942838191986,-0.02824566140770912,-0.05867193639278412,direct,SAFE_PROGRESSING,NONE,1,0,"-0.847,23.589;-0.635,23.192;-0.424,22.794;-0.212,22.397;-0.000,22.000",0,1,PASS_THROUGH,-1,0.946026728877462,-0.05454147803688397,-0.3194662038822907,0.3549029631752169,inf,5.636289705132485,0.0,0,0,0,DIRECT_LOCAL,PASS_THROUGH,0,BYPASS_VISIBLE,1,14,0.0,22.0,2.0,0.0,22.0,2.0,1,
611,20.4,0.033333,-0.8526113629341125,23.599885940551758,2.5928847789764404,-2.6008622022890293,-0.04136161878705025,-0.18156474457118033,0.015927632521642372,-0.028444972979223028,0.18446832366759122,0.0,22.0,2.0,0.9487784645156716,-0.04840159442104197,-0.31221260533294515,0.36135162047290004,-0.1755962371826172,0.015277868136763573,-0.02818668633699417,-0.057731300592422485,direct,SAFE_PROGRESSING,NONE,1,0,"-0.850,23.594;-0.637,23.196;-0.425,22.797;-0.212,22.399;0.000,22.000",0,1,PASS_THROUGH,-1,0.946026728877462,-0.05454147803688397,-0.3194662038822907,0.3549029631752169,inf,5.642047461493378,0.0,0,0,0,DIRECT_LOCAL,PASS_THROUGH,0,BYPASS_VISIBLE,1,14,0.0,22.0,2.0,0.0,22.0,2.0,1,
612,20.433333,0.033333,-0.8552396893501282,23.605314254760742,2.5919978618621826,-2.6022302078625255,-0.04070558771491051,-0.17830943629468518,0.015780845177527387,-0.028395564540547154,0.18124458124816276,0.0,22.0,2.0,0.9492881853030846,-0.047244108369525084,-0.31083747436296194,0.36257860714496365,-0.17217905819416046,0.01512562483549118,-0.02813274785876274,-0.05681212991476059,direct,SAFE_PROGRESSING,NONE,1,0,"-0.853,23.600;-0.639,23.200;-0.426,22.800;-0.213,22.400;0.000,22.000",1,1,PASS_THROUGH,-1,0.998763872350905,-0.04970641092077571,0.0,0.36257860714496365,inf,5.647708849714364,0.0,0,0,0,DIRECT_LOCAL,PASS_THROUGH,0,BYPASS_VISIBLE,1,14,0.0,22.0,2.0,0.0,22.0,2.0,1,
613,20.466667,0.033333,-0.8578090667724609,23.610647201538086,2.591110944747925,-2.603576442440998,-0.04005691409111023,-0.17500653247329795,0.01563383358351929,-0.028351036806364326,0.17797607830503662,0.0,22.0,2.0,0.9497849426080388,-0.04610930282601772,-0.30948747145553873,0.3637839349271895,-0.16871587932109833,0.014967594295740128,-0.02808365970849991,-0.0559225007891655,direct,SAFE_PROGRESSING,NONE,1,0,"-0.855,23.605;-0.641,23.204;-0.428,22.803;-0.214,22.401;0.000,22.000",0,1,PASS_THROUGH,-1,0.9492881853030846,-0.047244108369525084,-0.31083747436296194,0.36257860714496365,inf,5.653269996041537,0.0,0,0,0,DIRECT_LOCAL,PASS_THROUGH,0,BYPASS_VISIBLE,1,14,0.0,22.0,2.0,0.0,22.0,2.0,1,
614,20.5,0.033333,-0.8603190779685974,23.615888595581055,2.590226888656616,-2.604901352297402,-0.03941785544157028,-0.17165433495140842,0.015485822811907144,-0.028310834177676426,0.17466117126484643,0.0,22.0,2.0,0.9502693118425709,-0.04499609513467967,-0.30816162381594053,0.3649668918057915,-0.16520652174949646,0.014804670587182045,-0.028039410710334778,-0.05505816638469696,direct,SAFE_PROGRESSING,NONE,1,0,"-0.858,23.611;-0.643,23.208;-0.429,22.805;-0.214,22.403;0.000,22.000",0,1,PASS_THROUGH,-1,0.9492881853030846,-0.047244108369525084,-0.31083747436296194,0.36257860714496365,inf,5.658734619295155,0.0,0,0,0,DIRECT_LOCAL,PASS_THROUGH,0,BYPASS_VISIBLE,1,14,0.0,22.0,2.0,0.0,22.0,2.0,1,
615,20.533333,0.033333,-0.8627692461013794,23.62103271484375,2.5893430709838867,-2.6062051459059212,-0.03879059478640556,-0.1682516687618558,0.015335865939923162,-0.028274536767005812,0.17129875146849532,0.0,22.0,2.0,0.9507412883281637,-0.04390547450187726,-0.3068604112244987,0.3661281125095778,-0.1616501659154892,0.014635520055890083,-0.02799960970878601,-0.05422404408454895,direct,SAFE_PROGRESSING,NONE,1,0,"-0.860,23.616;-0.645,23.212;-0.430,22.808;-0.215,22.404;-0.000,22.000",0,1,PASS_THROUGH,-1,0.9492881853030846,-0.047244108369525084,-0.31083747436296194,0.36257860714496365,inf,5.664096943272538,0.0,0,0,0,DIRECT_LOCAL,PASS_THROUGH,0,BYPASS_VISIBLE,1,14,0.0,22.0,2.0,0.0,22.0,2.0,1,
616,20.566667,0.033333,-0.8651591539382935,23.626079559326172,2.5884592533111572,-2.6074883165779195,-0.038177087903022766,-0.16479775208148284,0.01518305698740306,-0.028241942937377047,0.16788815220696987,0.0,22.0,2.0,0.9512014004797829,-0.04283587071790268,-0.30558302293343975,0.3672665426968289,-0.15804347395896912,0.014460562728345394,-0.027964485809206963,-0.05341985076665878,direct,SAFE_PROGRESSING,NONE,1,0,"-0.863,23.621;-0.647,23.216;-0.431,22.811;-0.216,22.405;0.000,22.000",0,1,PASS_THROUGH,-1,0.9492881853030846,-0.047244108369525084,-0.31083747436296194,0.36257860714496365,inf,5.669356892265309,0.0,0,0,0,DIRECT_LOCAL,PASS_THROUGH,0,BYPASS_VISIBLE,1,14,0.0,22.0,2.0,0.0,22.0,2.0,1,
617,20.6,0.033333,-0.8674883246421814,23.631025314331055,2.587575912475586,-2.6087513300120913,-0.03757915645837784,-0.16129188547449344,0.015026627667186281,-0.028213177250045716,0.16442887589930152,0.0,22.0,2.0,0.951649985377057,-0.041787106828335585,-0.30432900459004003,0.3683821436987206,-0.1543816328048706,0.014281034469604492,-0.027934202924370766,-0.05263620615005493,direct,SAFE_PROGRESSING,NONE,1,0,"-0.865,23.626;-0.649,23.220;-0.433,22.813;-0.216,22.407;-0.000,22.000",0,1,PASS_THROUGH,-1,0.9492881853030846,-0.047244108369525084,-0.31083747436296194,0.36257860714496365,inf,5.674510589653687,0.0,0,0,0,DIRECT_LOCAL,PASS_THROUGH,0,BYPASS_VISIBLE,1,14,0.0,22.0,2.0,0.0,22.0,2.0,1,
618,20.633333,0.033333,-0.8697564005851746,23.63587188720703,2.586695432662964,-2.6099946188456875,-0.03699779883027077,-0.1577330475983731,0.014865910634940796,-0.02818824128491006,0.1609201247526642,0.0,22.0,2.0,0.9520871393999026,-0.04075812521772321,-0.30309875324396607,0.3694741977123282,-0.15066397190093994,0.014097909443080425,-0.027907907962799072,-0.051871027797460556,direct,SAFE_PROGRESSING,NONE,1,0,"-0.867,23.631;-0.651,23.223;-0.434,22.816;-0.217,22.408;0.000,22.000",1,1,PASS_THROUGH,-1,0.9990849420894079,-0.04277006535188366,0.0,0.3694741977123282,inf,5.679559864913175,0.0,0,0,0,DIRECT_LOCAL,PASS_THROUGH,0,BYPASS_VISIBLE,1,14,0.0,22.0,2.0,0.0,22.0,2.0,1,
619,20.666667,0.033333,-0.8719629049301147,23.640615463256836,2.585814952850342,-2.6112188442572317,-0.036433134227991104,-0.15411988536014407,0.014700610689030141,-0.028167149795227782,0.15736084438525727,0.0,22.0,2.0,0.9525128646916227,-0.03974898273125327,-0.30189279714625356,0.37054300844642435,-0.1468866467475891,0.0139131685718894,-0.027885811403393745,-0.0511193610727787,direct,SAFE_PROGRESSING,NONE,1,0,"-0.870,23.636;-0.652,23.227;-0.435,22.818;-0.217,22.409;-0.000,22.000",0,1,PASS_THROUGH,-1,0.9520871393999026,-0.04075812521772321,-0.30309875324396607,0.3694741977123282,inf,5.684500842964281,0.0,0,0,0,DIRECT_LOCAL,PASS_THROUGH,0,BYPASS_VISIBLE,1,14,0.0,22.0,2.0,0.0,22.0,2.0,1,
620,20.7,0.033333,-0.8741074800491333,23.645252227783203,2.5849344730377197,-2.6124245825714465,-0.035884466022253036,-0.15045047560144562,0.014530668022449664,-0.028150112038135215,0.15374951944523077,0.0,22.0,2.0,0.9529277456863137,-0.03875850755111904,-0.3007099758797672,0.3715878580283057,-0.1430438607931137,0.01372307725250721,-0.02786807343363762,-0.05040084198117256,direct,SAFE_PROGRESSING,NONE,1,0,"-0.872,23.641;-0.654,23.230;-0.436,22.820;-0.218,22.410;-0.000,22.000",0,1,PASS_THROUGH,-1,0.9520871393999026,-0.04075812521772321,-0.30309875324396607,0.3694741977123282,inf,5.689329661640665,0.0,0,0,0,DIRECT_LOCAL,PASS_THROUGH,0,BYPASS_VISIBLE,1,14,0.0,22.0,2.0,0.0,22.0,2.0,1,
621,20.733333,0.033333,-0.8761894702911377,23.6497859954834,2.5840539932250977,-2.613612206317234,-0.035351525992155075,-0.14672249036488655,0.014356168174929516,-0.0281370660536876,0.1500842537698431,0.0,22.0,2.0,0.9533319283019407,-0.037785655801619245,-0.2995504610174137,0.3726080396182261,-0.13915112614631653,0.013532934710383415,-0.027854185551404953,-0.04969117417931557,direct,SAFE_PROGRESSING,NONE,1,0,"-0.874,23.645;-0.656,23.234;-0.437,22.823;-0.219,22.411;-0.000,22.000",0,1,PASS_THROUGH,-1,0.9520871393999026,-0.04075812521772321,-0.30309875324396607,0.3694741977123282,inf,5.694050020301804,0.0,0,0,0,DIRECT_LOCAL,PASS_THROUGH,0,BYPASS_VISIBLE,1,14,0.0,22.0,2.0,0.0,22.0,2.0,1,
622,20.766667,0.033333,-0.8782083988189697,23.65420913696289,2.5831735134124756,-2.61478249789635,-0.03483377397060394,-0.14293378528765363,0.014177419362492713,-0.028127609141604247,0.1463633444290609,0.0,22.0,2.0,0.953725791316568,-0.036830972345517576,-0.2984134622527443,0.37360416586233147,-0.1351889818906784,0.013335071504116058,-0.027843963354825974,-0.04902137070894241,direct,SAFE_PROGRESSING,NONE,1,0,"-0.876,23.650;-0.657,23.237;-0.438,22.825;-0.219,22.412;-0.000,22.000",0,1,PASS_THROUGH,-1,0.9520871393999026,-0.04075812521772321,-0.30309875324396607,0.3694741977123282,inf,5.698654250977455,0.0,0,0,0,DIRECT_LOCAL,PASS_THROUGH,0,BYPASS_VISIBLE,1,14,0.0,22.0,2.0,0.0,22.0,2.0,1,
623,20.8,0.033333,-0.8801636695861816,23.658523559570312,2.5822930335998535,-2.6159355982870416,-0.034331344068050385,-0.13908244944945994,0.0139945336390957,-0.028121801088921556,0.1425854495140449,0.0,22.0,2.0,0.9541093341502004,-0.035892767495738,-0.29729965981978196,0.37457484488778425,-0.13115055859088898,0.01312572043389082,-0.027838341891765594,-0.048403300344944,direct,SAFE_PROGRESSING,NONE,1,0,"-0.878,23.654;-0.659,23.241;-0.439,22.827;-0.220,22.414;0.000,22.000",0,1,PASS_THROUGH,-1,0.9520871393999026,-0.04075812521772321,-0.30309875324396607,0.3694741977123282,inf,5.703144162708876,0.0,0,0,0,DIRECT_LOCAL,PASS_THROUGH,0,BYPASS_VISIBLE,1,14,0.0,22.0,2.0,0.0,22.0,2.0,1,
624,20.833333,0.033333,-0.8820548057556152,23.662723541259766,2.5814099311828613,-2.617072265948297,-0.0338461808860302,-0.13516621602396883,0.01380714063604568,-0.028120113702918486,0.13874899596554496,0.0,22.0,2.0,0.9544828626544362,-0.03497111820803189,-0.29620851741682347,0.3755203580584783,-0.12704940140247345,0.012913258746266365,-0.027837377041578293,-0.04780469089746475,direct,SAFE_PROGRESSING,NONE,1,0,"-0.880,23.659;-0.660,23.244;-0.440,22.829;-0.220,22.415;0.000,22.000",1,1,PASS_THROUGH,-1,0.9993294737375015,-0.03661424476250347,0.0,0.3755203580584783,inf,5.707513986934083,0.0,0,0,0,DIRECT_LOCAL,PASS_THROUGH,0,BYPASS_VISIBLE,1,14,0.0,22.0,2.0,0.0,22.0,2.0,1,
625,20.866667,0.033333,-0.8838810920715332,23.66680908203125,2.580526113510132,-2.6181931479120633,-0.03337983787059784,-0.131182851788243,0.013614692792179257,-0.02812234402807742,0.13485238854671827,0.0,22.0,2.0,0.9548468157587181,-0.03406433383743557,-0.2951392545827277,0.37643965014413616,-0.12288457155227661,0.012699376791715622,-0.027840297669172287,-0.047216545790433884,direct,SAFE_PROGRESSING,NONE,1,0,"-0.882,23.663;-0.662,23.247;-0.441,22.831;-0.221,22.416;0.000,22.000",0,1,PASS_THROUGH,-1,0.9544828626544362,-0.03497111820803189,-0.29620851741682347,0.3755203580584783,inf,5.711763624508009,0.0,0,0,0,DIRECT_LOCAL,PASS_THROUGH,0,BYPASS_VISIBLE,1,14,0.0,22.0,2.0,0.0,22.0,2.0,1,
626,20.9,0.033333,-0.8856418132781982,23.670774459838867,2.5796422958374023,-2.6192987961127763,-0.03293197602033615,-0.12713044772882587,0.013416678947732429,-0.0281277779519816,0.13089434634939057,0.0,22.0,2.0,0.9552011365332032,-0.03317227166437675,-0.2940924840221215,0.37733265434432917,-0.11865244060754776,0.012478888034820557,-0.02784639410674572,-0.04666311666369438,direct,SAFE_PROGRESSING,NONE,1,0,"-0.884,23.667;-0.663,23.250;-0.442,22.833;-0.221,22.417;0.000,22.000",0,1,PASS_THROUGH,-1,0.9544828626544362,-0.03497111820803189,-0.29620851741682347,0.3755203580584783,inf,5.715887284426106,0.0,0,0,0,DIRECT_LOCAL,PASS_THROUGH,0,BYPASS_VISIBLE,1,14,0.0,22.0,2.0,0.0,22.0,2.0,1,
627,20.933333,0.033333,-0.8873363733291626,23.67462158203125,2.5787582397460938,-2.6203898137929094,-0.03250220790505409,-0.12300762205644222,0.01321286363464602,-0.028135979828583183,0.12687430082693152,0.0,22.0,2.0,0.9555457633810054,-0.03229338050755687,-0.293068987885115,0.37819829280823325,-0.11435028910636902,0.012250361032783985,-0.027855951339006424,-0.04615083336830139,direct,SAFE_PROGRESSING,NONE,1,0,"-0.886,23.671;-0.664,23.253;-0.443,22.835;-0.221,22.418;0.000,22.000",0,1,PASS_THROUGH,-1,0.9544828626544362,-0.03497111820803189,-0.29620851741682347,0.3755203580584783,inf,5.719886778558269,0.0,0,0,0,DIRECT_LOCAL,PASS_THROUGH,0,BYPASS_VISIBLE,1,14,0.0,22.0,2.0,0.0,22.0,2.0,1,
628,20.966667,0.033333,-0.8889639377593994,23.678346633911133,2.577871322631836,-2.6214668972339856,-0.03209124505519867,-0.11881328330769708,0.013003082168393859,-0.028147061112096756,0.12279223707336388,0.0,22.0,2.0,0.955881003944328,-0.031427791573180985,-0.29206814310228446,0.37903684688630457,-0.10997500270605087,0.012019192799925804,-0.02786974236369133,-0.04565287008881569,direct,SAFE_PROGRESSING,NONE,1,0,"-0.887,23.675;-0.666,23.256;-0.444,22.837;-0.222,22.419;0.000,22.000",0,1,PASS_THROUGH,-1,0.9544828626544362,-0.03497111820803189,-0.29620851741682347,0.3755203580584783,inf,5.723758202801896,0.0,0,0,0,DIRECT_LOCAL,PASS_THROUGH,0,BYPASS_VISIBLE,1,14,0.0,22.0,2.0,0.0,22.0,2.0,1,
629,21.0,0.033333,-0.8905239701271057,23.681947708129883,2.576984405517578,-2.6225306218734215,-0.03169926255941391,-0.11454639182067948,0.012787311974215378,-0.02816130781669811,0.11864843228888175,0.0,22.0,2.0,0.9562073064822306,-0.03057450410327922,-0.2910889670338539,0.3798475644885736,-0.10552145540714264,0.011785389855504036,-0.027887612581253052,-0.045168034732341766,direct,SAFE_PROGRESSING,NONE,1,0,"-0.889,23.678;-0.667,23.259;-0.444,22.839;-0.222,22.420;-0.000,22.000",0,1,PASS_THROUGH,-1,0.9544828626544362,-0.03497111820803189,-0.29620851741682347,0.3755203580584783,inf,5.727499581671298,0.0,0,0,0,DIRECT_LOCAL,PASS_THROUGH,0,BYPASS_VISIBLE,1,14,0.0,22.0,2.0,0.0,22.0,2.0,1,
630,21.033333,0.033333,-0.8920157551765442,23.685422897338867,2.5760951042175293,-2.6235815952070767,-0.031325168907642365,-0.11020554261778553,0.012565701671319688,-0.028178824100835807,0.11444301905262291,0.0,22.0,2.0,0.9565244101205177,-0.029732783399090412,-0.29013275312335635,0.3806300584165317,-0.10098883509635925,0.01154397428035736,-0.02790917083621025,-0.04471210390329361,direct,SAFE_PROGRESSING,NONE,1,0,"-0.891,23.682;-0.668,23.261;-0.445,22.841;-0.223,22.420;-0.000,22.000",1,1,PASS_THROUGH,-1,0.9995172364829986,-0.03106918044283058,0.0,0.3806300584165317,inf,5.731108922301992,0.0,0,0,0,DIRECT_LOCAL,PASS_THROUGH,0,BYPASS_VISIBLE,1,14,0.0,22.0,2.0,0.0,22.0,2.0,1,
631,21.066667,0.033333,-0.8934383392333984,23.688770294189453,2.575205087661743,-2.6246203296193786,-0.030968083068728447,-0.10578895063971527,0.01233842911630733,-0.028199529849195326,0.11017600643618336,0.0,22.0,2.0,0.9568327748106186,-0.02890208871732125,-0.2891983926580306,0.3813839246930747,-0.09638413786888123,0.01129588857293129,-0.02793419174849987,-0.04427729919552803,direct,SAFE_PROGRESSING,NONE,1,0,"-0.892,23.685;-0.669,23.264;-0.446,22.843;-0.223,22.421;0.000,22.000",0,1,PASS_THROUGH,-1,0.9565244101205177,-0.029732783399090412,-0.29013275312335635,0.3806300584165317,inf,5.73458420826093,0.0,0,0,0,DIRECT_LOCAL,PASS_THROUGH,0,BYPASS_VISIBLE,1,14,0.0,22.0,2.0,0.0,22.0,2.0,1,
632,21.1,0.033333,-0.8947910666465759,23.691984176635742,2.5743119716644287,-2.6256475255752343,-0.030627427622675896,-0.10129471748329236,0.012105567575894807,-0.02822324581042303,0.10584760819418698,0.0,22.0,2.0,0.9571322856497484,-0.028081786636598327,-0.28828666466936176,0.3821087370133724,-0.0917021781206131,0.011042969301342964,-0.027962714433670044,-0.04385737329721451,direct,SAFE_PROGRESSING,NONE,1,0,"-0.893,23.689;-0.670,23.267;-0.447,22.844;-0.223,22.422;-0.000,22.000",0,1,PASS_THROUGH,-1,0.9565244101205177,-0.029732783399090412,-0.29013275312335635,0.3806300584165317,inf,5.7379196597266,0.0,0,0,0,DIRECT_LOCAL,PASS_THROUGH,0,BYPASS_VISIBLE,1,14,0.0,22.0,2.0,0.0,22.0,2.0,1,
633,21.133333,0.033333,-0.8960732221603394,23.695066452026367,2.5734174251556396,-2.626663562978713,-0.030302319675683975,-0.09672121276331032,0.0118670364926619,-0.028249942590218634,0.10145875422985623,0.0,22.0,2.0,0.9574232709421442,-0.02727053870842472,-0.28739693452957654,0.3828034224996557,-0.08693671971559525,0.010780691169202328,-0.027994951233267784,-0.0434708297252655,direct,SAFE_PROGRESSING,NONE,1,0,"-0.895,23.692;-0.671,23.269;-0.447,22.846;-0.224,22.423;0.000,22.000",0,1,PASS_THROUGH,-1,0.9565244101205177,-0.029732783399090412,-0.29013275312335635,0.3806300584165317,inf,5.741117081050179,0.0,0,0,0,DIRECT_LOCAL,PASS_THROUGH,0,BYPASS_VISIBLE,1,14,0.0,22.0,2.0,0.0,22.0,2.0,1,
634,21.166667,0.033333,-0.8972837924957275,23.698009490966797,2.5725207328796387,-2.627669079156586,-0.029992539435625076,-0.09206687191745393,0.011622586008307421,-0.02827973957047215,0.09701101525269745,0.0,22.0,2.0,0.9577057254615129,-0.026468565085945306,-0.2865295071725219,0.38346825142418606,-0.08208854496479034,0.010509178042411804,-0.028031442314386368,-0.04311572387814522,direct,SAFE_PROGRESSING,NONE,1,0,"-0.896,23.695;-0.672,23.271;-0.448,22.848;-0.224,22.424;0.000,22.000",0,1,PASS_THROUGH,-1,0.9565244101205177,-0.029732783399090412,-0.29013275312335635,0.3806300584165317,inf,5.744168760335313,0.0,0,0,0,DIRECT_LOCAL,PASS_THROUGH,0,BYPASS_VISIBLE,1,14,0.0,22.0,2.0,0.0,22.0,2.0,1,
635,21.2,0.033333,-0.8984220623970032,23.700815200805664,2.5716211795806885,-2.6286644558295507,-0.02969871461391449,-0.08733018995361597,0.011371761479631409,-0.028312789813762007,0.09250671923445637,0.0,22.0,2.0,0.9579796669865459,-0.025674232566768207,-0.2856847763225308,0.3841017800369499,-0.0771631971001625,0.010230940766632557,-0.028071872889995575,-0.04278182610869408,direct,SAFE_PROGRESSING,NONE,1,0,"-0.897,23.698;-0.673,23.274;-0.449,22.849;-0.224,22.425;-0.000,22.000",0,1,PASS_THROUGH,-1,0.9565244101205177,-0.029732783399090412,-0.29013275312335635,0.3806300584165317,inf,5.747076503653812,0.0,0,0,0,DIRECT_LOCAL,PASS_THROUGH,0,BYPASS_VISIBLE,1,14,0.0,22.0,2.0,0.0,22.0,2.0,1,
636,21.233333,0.033333,-0.8994868993759155,23.703479766845703,2.570718765258789,-2.6296503651017415,-0.02942129224538803,-0.08250978047702673,0.011114013008531164,-0.02834918499894181,0.0879491981181476,0.0,22.0,2.0,0.9582454077560556,-0.02488773462081978,-0.28486196513377215,0.3847042786085591,-0.0721450001001358,0.009941350668668747,-0.028116673231124878,-0.04248131811618805,direct,SAFE_PROGRESSING,NONE,1,0,"-0.898,23.701;-0.674,23.276;-0.449,22.850;-0.225,22.425;0.000,22.000",1,1,PASS_THROUGH,-1,0.99966289313497,-0.02596343754246061,0.0,0.3847042786085591,inf,5.749836383272628,0.0,0,0,0,DIRECT_LOCAL,PASS_THROUGH,0,BYPASS_VISIBLE,1,14,0.0,22.0,2.0,0.0,22.0,2.0,1,
637,21.266667,0.033333,-0.9004777669906616,23.70599937438965,2.5698134899139404,-2.6306274456270202,-0.02916084975004196,-0.07760423184393546,0.010848781172845642,-0.02838904778492393,0.08334297143225862,0.0,22.0,2.0,0.9585029717496074,-0.024108135876804604,-0.2840613506475614,0.38527496665117444,-0.0670451819896698,0.00964462198317051,-0.028165562078356743,-0.04219994693994522,direct,SAFE_PROGRESSING,NONE,1,0,"-0.899,23.703;-0.675,23.278;-0.450,22.852;-0.225,22.426;0.000,22.000",0,1,PASS_THROUGH,-1,0.9582454077560556,-0.02488773462081978,-0.28486196513377215,0.3847042786085591,inf,5.752444533712707,0.0,0,0,0,DIRECT_LOCAL,PASS_THROUGH,0,BYPASS_VISIBLE,1,14,0.0,22.0,2.0,0.0,22.0,2.0,1,
638,21.3,0.033333,-0.901393711566925,23.708372116088867,2.5689051151275635,-2.6315961004935398,-0.028917675837874413,-0.07261207382737365,0.010575532244004536,-0.028432242776370385,0.07869401233289867,0.0,22.0,2.0,0.9587523901151972,-0.023334466572690116,-0.28328317478834614,0.3858131192306638,-0.061855096369981766,0.009335193783044815,-0.028218431398272514,-0.04195519536733627,direct,SAFE_PROGRESSING,NONE,1,0,"-0.900,23.706;-0.675,23.279;-0.450,22.853;-0.225,22.426;-0.000,22.000",0,1,PASS_THROUGH,-1,0.9582454077560556,-0.02488773462081978,-0.28486196513377215,0.3847042786085591,inf,5.7548989449065875,0.0,0,0,0,DIRECT_LOCAL,PASS_THROUGH,0,BYPASS_VISIBLE,1,14,0.0,22.0,2.0,0.0,22.0,2.0,1,
639,21.333333,0.033333,-0.9022338390350342,23.710594177246094,2.567993402481079,-2.6325570265467424,-0.028692210093140602,-0.06753180532935105,0.010293765417526603,-0.02847866750221906,0.07401041035026343,0.0,22.0,2.0,0.9589937717381897,-0.022566104926874053,-0.2825273733212241,0.38631830970236714,-0.05658380687236786,0.009018106386065483,-0.028275202959775925,-0.04172724857926369,direct,SAFE_PROGRESSING,NONE,1,0,"-0.901,23.708;-0.676,23.281;-0.451,22.854;-0.225,22.427;-0.000,22.000",0,1,PASS_THROUGH,-1,0.9582454077560556,-0.02488773462081978,-0.28486196513377215,0.3847042786085591,inf,5.757195716721961,0.0,0,0,0,DIRECT_LOCAL,PASS_THROUGH,0,BYPASS_VISIBLE,1,14,0.0,22.0,2.0,0.0,22.0,2.0,1,
640,21.366667,0.033333,-0.9029971957206726,23.712663650512695,2.567077875137329,-2.6335106862356685,-0.02848454937338829,-0.06236221275630231,0.010003063717862288,-0.02852809192662979,0.06930338298077639,0.0,22.0,2.0,0.9592271594699506,-0.021802183465719494,-0.28179411159805506,0.3867897795717015,-0.051231756806373596,0.008694829419255257,-0.0283355750143528,-0.041514668613672256,direct,SAFE_PROGRESSING,NONE,1,0,"-0.902,23.711;-0.677,23.283;-0.451,22.855;-0.226,22.428;0.000,22.000",0,1,PASS_THROUGH,-1,0.9582454077560556,-0.02488773462081978,-0.28486196513377215,0.3847042786085591,inf,5.759332841172586,0.0,0,0,0,DIRECT_LOCAL,PASS_THROUGH,0,BYPASS_VISIBLE,1,14,0.0,22.0,2.0,0.0,22.0,2.0,1,
641,21.4,0.033333,-0.903683066368103,23.714576721191406,2.5661582946777344,-2.6344577433090794,-0.02829393930733204,-0.05710258986881196,0.009703254734232421,-0.02858037669604489,0.06458867434969523,0.0,22.0,2.0,0.959452681532688,-0.021042111805898767,-0.28108322865386787,0.38722710211279743,-0.045787263661623,0.008363035507500172,-0.028399815782904625,-0.04132300987839699,direct,SAFE_PROGRESSING,NONE,1,0,"-0.903,23.713;-0.677,23.284;-0.451,22.856;-0.226,22.428;-0.000,22.000",0,1,PASS_THROUGH,-1,0.9582454077560556,-0.02488773462081978,-0.28486196513377215,0.3847042786085591,inf,5.761306438766516,0.0,0,0,0,DIRECT_LOCAL,PASS_THROUGH,0,BYPASS_VISIBLE,1,14,0.0,22.0,2.0,0.0,22.0,2.0,1,
642,21.433333,0.033333,-0.904290497303009,23.716333389282227,2.565234899520874,-2.6353986808560856,-0.028119424358010292,-0.05175251845746094,0.00939440379866921,-0.028635551323492874,0.059888002045674224,0.0,22.0,2.0,0.959670374352316,-0.020284924451253572,-0.28039489016473296,0.38762953537066447,-0.04026239737868309,0.00802792701870203,-0.028467772528529167,-0.04113522544503212,direct,SAFE_PROGRESSING,NONE,1,0,"-0.904,23.715;-0.678,23.286;-0.452,22.857;-0.226,22.429;-0.000,22.000",1,1,PASS_THROUGH,-1,0.9997766802574041,-0.02113266697519328,0.0,0.38762953537066447,inf,5.763116400951702,0.0,0,0,0,DIRECT_LOCAL,PASS_THROUGH,0,BYPASS_VISIBLE,1,14,0.0,22.0,2.0,0.0,22.0,2.0,1,
643,21.466667,0.033333,-0.9048185348510742,23.717927932739258,2.5643069744110107,-2.636334101348615,-0.027959471568465233,-0.04631173235646433,0.009076853944687567,-0.028693565957906675,0.055231210006396914,0.0,22.0,2.0,0.9598803136776832,-0.019530527627799887,-0.27972905087711586,0.3879969900232495,-0.03464333713054657,0.007686134427785873,-0.028539365157485008,-0.04096148535609245,direct,SAFE_PROGRESSING,NONE,1,0,"-0.904,23.716;-0.678,23.287;-0.452,22.858;-0.226,22.429;0.000,22.000",0,1,PASS_THROUGH,-1,0.959670374352316,-0.020284924451253572,-0.28039489016473296,0.38762953537066447,inf,5.764756928828399,0.0,0,0,0,DIRECT_LOCAL,PASS_THROUGH,0,BYPASS_VISIBLE,1,14,0.0,22.0,2.0,0.0,22.0,2.0,1,
644,21.5,0.033333,-0.905266284942627,23.719356536865234,2.5633742809295654,-2.6372644325840353,-0.027812348678708076,-0.04077988041271965,0.008751150349436772,-0.028754463174351416,0.05065965289418489,0.0,22.0,2.0,0.9600825239548768,-0.01877767204603531,-0.2790859119141716,0.3883283643050466,-0.028932347893714905,0.0073387823067605495,-0.028614729642868042,-0.04079430177807808,direct,SAFE_PROGRESSING,NONE,1,0,"-0.905,23.718;-0.679,23.288;-0.452,22.859;-0.226,22.429;0.000,22.000",0,1,PASS_THROUGH,-1,0.959670374352316,-0.020284924451253572,-0.28039489016473296,0.38762953537066447,inf,5.766224128074089,0.0,0,0,0,DIRECT_LOCAL,PASS_THROUGH,0,BYPASS_VISIBLE,1,14,0.0,22.0,2.0,0.0,22.0,2.0,1,
645,21.533333,0.033333,-0.9056328535079956,23.720619201660156,2.562437057495117,-2.6381899892115475,-0.027676381170749664,-0.035156211490887254,0.008417851779849177,-0.02881832545493295,0.046231107676606015,0.0,22.0,2.0,0.9602770162142531,-0.018025632032617256,-0.2784656688363503,0.3886228993518029,-0.02312259003520012,0.006980482023209333,-0.02869378589093685,-0.040648993104696274,direct,SAFE_PROGRESSING,NONE,1,0,"-0.905,23.719;-0.679,23.290;-0.453,22.860;-0.226,22.430;0.000,22.000",0,1,PASS_THROUGH,-1,0.959670374352316,-0.020284924451253572,-0.28039489016473296,0.38762953537066447,inf,5.767517899937065,0.0,0,0,0,DIRECT_LOCAL,PASS_THROUGH,0,BYPASS_VISIBLE,1,14,0.0,22.0,2.0,0.0,22.0,2.0,1,
646,21.566667,0.033333,-0.905917227268219,23.721710205078125,2.5614945888519287,-2.6391112073723484,-0.027550650760531425,-0.029439445348320808,0.008077266905168282,-0.028885283303737762,0.042027167101903094,0.0,22.0,2.0,0.9604638481647922,-0.01727444393207006,-0.27786829606005253,0.3888805113386202,-0.01721649244427681,0.006608207710087299,-0.028776884078979492,-0.04053284227848053,direct,SAFE_PROGRESSING,NONE,1,0,"-0.906,23.721;-0.679,23.290;-0.453,22.860;-0.226,22.430;0.000,22.000",0,1,PASS_THROUGH,-1,0.959670374352316,-0.020284924451253572,-0.28039489016473296,0.38762953537066447,inf,5.768632443204883,0.0,0,0,0,DIRECT_LOCAL,PASS_THROUGH,0,BYPASS_VISIBLE,1,14,0.0,22.0,2.0,0.0,22.0,2.0,1,
647,21.6,0.033333,-0.9061185121536255,23.72262954711914,2.560546398162842,-2.6400284169938857,-0.02743556722998619,-0.023627858277003377,0.007729172128188649,-0.02895557626195598,0.03816334871584613,0.0,22.0,2.0,0.9606430236154202,-0.016522978303700364,-0.27729401790698394,0.3891000926718727,-0.011211595498025417,0.006219382397830486,-0.028864165768027306,-0.04045069217681885,direct,SAFE_PROGRESSING,NONE,1,0,"-0.906,23.722;-0.679,23.291;-0.453,22.861;-0.226,22.430;-0.000,22.000",0,1,PASS_THROUGH,-1,0.959670374352316,-0.020284924451253572,-0.28039489016473296,0.38762953537066447,inf,5.76956766176893,0.0,0,0,0,DIRECT_LOCAL,PASS_THROUGH,0,BYPASS_VISIBLE,1,14,0.0,22.0,2.0,0.0,22.0,2.0,1,
648,21.633333,0.033333,-0.9062358736991882,23.723371505737305,2.5595929622650146,-2.640942070072553,-0.027332620695233345,-0.017719586351189583,0.007372719008783729,-0.029029191202689035,0.03479992338959991,0.0,22.0,2.0,0.9608146833913305,-0.015771254395535228,-0.2767425007374341,0.38928155952602717,-0.005120032001286745,0.005822404287755489,-0.02895534783601761,-0.04037328436970711,direct,SAFE_PROGRESSING,NONE,1,0,"-0.906,23.723;-0.680,23.292;-0.453,22.861;-0.227,22.431;-0.000,22.000",1,1,PASS_THROUGH,-1,0.9998653099649039,-0.016412249351839436,0.0,0.38928155952602717,inf,5.770317775650371,0.0,0,0,0,DIRECT_LOCAL,PASS_THROUGH,0,BYPASS_VISIBLE,1,14,0.0,22.0,2.0,0.0,22.0,2.0,1,
649,21.666667,0.033333,-0.9062680602073669,23.723934173583984,2.558633327484131,-2.6418525287975947,-0.027242494747042656,-0.011713225310227659,0.007006795809950313,-0.02910566595742207,0.03214707802453488,0.0,22.0,2.0,0.9609786674467816,-0.015018029165811353,-0.276214517200278,0.38942382082079136,0.0010598822264000773,0.005411571357399225,-0.02904941514134407,-0.04032081738114357,direct,SAFE_PROGRESSING,NONE,1,0,"-0.906,23.723;-0.680,23.293;-0.453,22.862;-0.227,22.431;0.000,22.000",0,1,PASS_THROUGH,-1,0.9608146833913305,-0.015771254395535228,-0.2767425007374341,0.38928155952602717,inf,5.7708807574825975,0.0,0,0,0,DIRECT_LOCAL,PASS_THROUGH,0,BYPASS_VISIBLE,1,14,0.0,22.0,2.0,0.0,22.0,2.0,1,
650,21.7,0.033333,-0.9062142968177795,23.724313735961914,2.5576674938201904,-2.64276025820488,-0.027165355160832405,-0.005608352254409895,0.006630392567123067,-0.029184566267911646,0.030449213928274592,0.0,22.0,2.0,0.9611351019885379,-0.014263023528537033,-0.2757097783636034,0.38952642178947083,0.007323508616536856,0.004990122281014919,-0.029146399348974228,-0.04028259217739105,direct,SAFE_PROGRESSING,NONE,1,0,"-0.906,23.724;-0.680,23.293;-0.453,22.862;-0.227,22.431;0.000,22.000",0,1,PASS_THROUGH,-1,0.9608146833913305,-0.015771254395535228,-0.2767425007374341,0.38928155952602717,inf,5.77125273351821,0.0,0,0,0,DIRECT_LOCAL,PASS_THROUGH,0,BYPASS_VISIBLE,1,14,0.0,22.0,2.0,0.0,22.0,2.0,1,
651,21.733333,0.033333,-0.9060735702514648,23.724504470825195,2.5566954612731934,-2.64366577619085,-0.02710122801363468,0.0005943855485154463,0.006242799908271785,-0.029265723472205206,0.02993005872407511,0.0,22.0,2.0,0.961283937342199,-0.013505256164816903,-0.2752286319840325,0.3895886144015955,0.013667730614542961,0.004563373047858477,-0.029246147722005844,-0.04024030640721321,direct,SAFE_PROGRESSING,NONE,1,0,"-0.906,23.724;-0.680,23.293;-0.453,22.862;-0.227,22.431;0.000,22.000",0,1,PASS_THROUGH,-1,0.9608146833913305,-0.015771254395535228,-0.2767425007374341,0.38928155952602717,inf,5.771427909762302,0.0,0,0,0,DIRECT_LOCAL,PASS_THROUGH,0,BYPASS_VISIBLE,1,14,0.0,22.0,2.0,0.0,22.0,2.0,1,
652,21.766667,0.033333,-0.9058451056480408,23.72450828552246,2.5557165145874023,-2.6445693569124598,-0.027048898860812187,0.00689335935784499,0.005843893894871661,-0.029349105568059277,0.03070894815417805,0.0,22.0,2.0,0.9614250510476875,-0.012743643608594424,-0.2747716702382702,0.3896092906800003,0.020094677805900574,0.004135250113904476,-0.029348785057663918,-0.040178656578063965,direct,SAFE_PROGRESSING,NONE,1,0,"-0.906,23.725;-0.680,23.293;-0.453,22.862;-0.227,22.431;-0.000,22.000",0,1,PASS_THROUGH,-1,0.9608146833913305,-0.015771254395535228,-0.2767425007374341,0.38928155952602717,inf,5.771408107001781,0.0,0,0,0,DIRECT_LOCAL,PASS_THROUGH,0,BYPASS_VISIBLE,1,14,0.0,22.0,2.0,0.0,22.0,2.0,1,
653,21.8,0.033333,-0.9055280089378357,23.724319458007812,2.5547306537628174,-2.6454714440363296,-0.027005251497030258,0.013286384441994318,0.005434299521493385,-0.02943465872645986,0.03274841610174348,0.0,22.0,2.0,0.9615586434469087,-0.011978588893485798,-0.27433827407174044,0.38958871555845287,0.026605354622006416,0.003698456333950162,-0.029453612864017487,-0.0401218980550766,direct,SAFE_PROGRESSING,NONE,1,0,"-0.906,23.725;-0.679,23.293;-0.453,22.862;-0.226,22.431;0.000,22.000",0,1,PASS_THROUGH,-1,0.9608146833913305,-0.015771254395535228,-0.2767425007374341,0.38928155952602717,inf,5.771187546754696,0.0,0,0,0,DIRECT_LOCAL,PASS_THROUGH,0,BYPASS_VISIBLE,1,14,0.0,22.0,2.0,0.0,22.0,2.0,1,
654,21.833333,0.033333,-0.905121386051178,23.723936080932617,2.5537374019622803,-2.6463720411633433,-0.026967285200953484,0.0197713013016547,0.005015117842619752,-0.029522608941481423,0.03588370383402213,0.0,22.0,2.0,0.9616845786337515,-0.011209211257653229,-0.27392905067006895,0.3895257921234627,0.03321040794253349,0.0032556504011154175,-0.029561882838606834,-0.04005448892712593,direct,SAFE_PROGRESSING,NONE,1,0,"-0.906,23.724;-0.679,23.293;-0.453,22.862;-0.226,22.431;0.000,22.000",1,1,PASS_THROUGH,-1,0.9999320779851757,-0.011655016784571537,0.0,0.3895257921234627,inf,5.770764246500139,0.0,0,0,0,DIRECT_LOCAL,PASS_THROUGH,0,BYPASS_VISIBLE,1,14,0.0,22.0,2.0,0.0,22.0,2.0,1,
655,21.866667,0.033333,-0.9046244621276855,23.72335433959961,2.552736759185791,-2.6472715479721254,-0.026932386681437492,0.02634666899293332,0.004587459912654903,-0.02961304834888693,0.039901433407672514,0.0,22.0,2.0,0.9618028953939378,-0.010435124222397674,-0.2735439609903702,0.38942009884588735,0.039900410920381546,0.002804485848173499,-0.029672877863049507,-0.03998517245054245,direct,SAFE_PROGRESSING,NONE,1,0,"-0.905,23.724;-0.679,23.293;-0.453,22.862;-0.226,22.431;0.000,22.000",0,1,PASS_THROUGH,-1,0.9616845786337515,-0.011209211257653229,-0.27392905067006895,0.3895257921234627,inf,5.7701343405726195,0.0,0,0,0,DIRECT_LOCAL,PASS_THROUGH,0,BYPASS_VISIBLE,1,14,0.0,22.0,2.0,0.0,22.0,2.0,1,
656,21.9,0.033333,-0.9040364623069763,23.72256851196289,2.5517284870147705,-2.6481696762312263,-0.02689848095178604,0.03301187916052494,0.004152165679283803,-0.029705968032455697,0.044603466034408165,0.0,22.0,2.0,0.9619135017118476,-0.009656108085459414,-0.2731834087222235,0.3892708875473022,0.046681422740221024,0.0023444409016519785,-0.02978697419166565,-0.03991390019655228,direct,SAFE_PROGRESSING,NONE,1,0,"-0.905,23.723;-0.678,23.293;-0.452,22.862;-0.226,22.431;0.000,22.000",0,1,PASS_THROUGH,-1,0.9616845786337515,-0.011209211257653229,-0.27392905067006895,0.3895257921234627,inf,5.769292067839173,0.0,0,0,0,DIRECT_LOCAL,PASS_THROUGH,0,BYPASS_VISIBLE,1,14,0.0,22.0,2.0,0.0,22.0,2.0,1,
657,21.933333,0.033333,-0.9033564925193787,23.721580505371094,2.5507118701934814,-2.6490667591887327,-0.026864131912589073,0.03976698174902767,0.003709613281109337,-0.02980149816025593,0.04983275389458845,0.0,22.0,2.0,0.9620162780555473,-0.008870902971914563,-0.272847920711547,0.38907707224078675,0.053550660610198975,0.0018757299985736609,-0.02990429475903511,-0.039839692413806915,direct,SAFE_PROGRESSING,NONE,1,0,"-0.904,23.723;-0.678,23.292;-0.452,22.861;-0.226,22.431;0.000,22.000",0,1,PASS_THROUGH,-1,0.9616845786337515,-0.011209211257653229,-0.27392905067006895,0.3895257921234627,inf,5.768239245381368,0.0,0,0,0,DIRECT_LOCAL,PASS_THROUGH,0,BYPASS_VISIBLE,1,14,0.0,22.0,2.0,0.0,22.0,2.0,1,
658,21.966667,0.033333,-0.9025837779045105,23.72038459777832,2.549686908721924,-2.6499626956278366,-0.026828480884432793,0.04661232546914002,0.0032597569347778375,-0.029899611351479033,0.05547361228443995,0.0,22.0,2.0,0.9621113851082566,-0.008080470600440814,-0.272536949127907,0.38883890695508877,0.06050022691488266,0.0013992468593642116,-0.030024517327547073,-0.03975894674658775,direct,SAFE_PROGRESSING,NONE,1,0,"-0.903,23.722;-0.678,23.291;-0.452,22.861;-0.226,22.430;0.000,22.000",0,1,PASS_THROUGH,-1,0.9616845786337515,-0.011209211257653229,-0.27392905067006895,0.3895257921234627,inf,5.766970115684536,0.0,0,0,0,DIRECT_LOCAL,PASS_THROUGH,0,BYPASS_VISIBLE,1,14,0.0,22.0,2.0,0.0,22.0,2.0,1,
659,22.0,0.033333,-0.901717483997345,23.718978881835938,2.5486536026000977,-2.6508574104022076,-0.026790829375386238,0.05354792551795948,0.002802344911999174,-0.030000154849571102,0.06144300411992393,0.0,22.0,2.0,0.9621986548988898,-0.007283934759521604,-0.27225115758282137,0.38855530573699554,0.06752462685108185,0.0009165796800516546,-0.030147230252623558,-0.03966818004846573,direct,SAFE_PROGRESSING,NONE,1,0,"-0.903,23.720;-0.677,23.290;-0.451,22.860;-0.226,22.430;-0.000,22.000",0,1,PASS_THROUGH,-1,0.9616845786337515,-0.011209211257653229,-0.27392905067006895,0.3895257921234627,inf,5.765482711342688,0.0,0,0,0,DIRECT_LOCAL,PASS_THROUGH,0,BYPASS_VISIBLE,1,14,0.0,22.0,2.0,0.0,22.0,2.0,1,
660,22.033333,0.033333,-0.9007568359375,23.71735954284668,2.5476112365722656,-2.6517508768779994,-0.026750333607196808,0.06057286163557056,0.0023371685407306718,-0.030103053331848872,0.06768107374598822,0.0,22.0,2.0,0.9622780280301652,-0.006481271648753728,-0.27199079007972343,0.3882258526757038,0.07461606711149216,0.0004294188693165779,-0.030271952971816063,-0.039559222757816315,direct,SAFE_PROGRESSING,NONE,1,0,"-0.902,23.719;-0.676,23.289;-0.451,22.859;-0.225,22.430;-0.000,22.000",1,1,PASS_THROUGH,-1,0.9999773183555641,-0.00673518926346256,0.0,0.3882258526757038,inf,5.763773175792959,0.0,0,0,0,DIRECT_LOCAL,PASS_THROUGH,0,BYPASS_VISIBLE,1,14,0.0,22.0,2.0,0.0,22.0,2.0,1,
661,22.066667,0.033333,-0.8997010588645935,23.715526580810547,2.5465598106384277,-2.6526429138458716,-0.02670571766793728,0.0676849324190627,0.0018642905477092683,-0.030208269213864443,0.07414354445746894,0.0,22.0,2.0,0.9623494722964494,-0.005672135945594681,-0.27175599357614943,0.38784979963355365,0.08177649229764938,-6.313901394605637e-05,-0.030398376286029816,-0.03943417966365814,direct,SAFE_PROGRESSING,NONE,1,0,"-0.901,23.717;-0.676,23.288;-0.450,22.859;-0.225,22.429;-0.000,22.000",0,1,PASS_THROUGH,-1,0.9622780280301652,-0.006481271648753728,-0.27199079007972343,0.3882258526757038,inf,5.761841448927118,0.0,0,0,0,DIRECT_LOCAL,PASS_THROUGH,0,BYPASS_VISIBLE,1,14,0.0,22.0,2.0,0.0,22.0,2.0,1,
662,22.1,0.033333,-0.8985491991043091,23.713472366333008,2.545498847961426,-2.6535334205395853,-0.02665547840297222,0.07488085836373702,0.0013840362551572252,-0.03031591740858071,0.08079674098606653,0.0,22.0,2.0,0.9624129746633415,-0.004856978442146498,-0.27154682093530536,0.38742707415923305,0.0890103131532669,-0.0005631893873214722,-0.030526554211974144,-0.03929751738905907,direct,SAFE_PROGRESSING,NONE,1,0,"-0.900,23.716;-0.675,23.287;-0.450,22.858;-0.225,22.429;0.000,22.000",0,1,PASS_THROUGH,-1,0.9622780280301652,-0.006481271648753728,-0.27199079007972343,0.3882258526757038,inf,5.759679865272471,0.0,0,0,0,DIRECT_LOCAL,PASS_THROUGH,0,BYPASS_VISIBLE,1,14,0.0,22.0,2.0,0.0,22.0,2.0,1,
663,22.133333,0.033333,-0.8973007202148438,23.711198806762695,2.544428586959839,-2.6544220396809317,-0.02659841813147068,0.08215705134921818,0.0008968857228981355,-0.030426244151486714,0.08761473519656318,0.0,22.0,2.0,0.9624683340244429,-0.004034808678329449,-0.27136401072939426,0.3869562359439544,0.096316397190094,-0.0010684317676350474,-0.030656930059194565,-0.03913946449756622,direct,SAFE_PROGRESSING,NONE,1,0,"-0.899,23.713;-0.674,23.285;-0.449,22.857;-0.225,22.428;-0.000,22.000",0,1,PASS_THROUGH,-1,0.9622780280301652,-0.006481271648753728,-0.27199079007972343,0.3882258526757038,inf,5.757290290577439,0.0,0,0,0,DIRECT_LOCAL,PASS_THROUGH,0,BYPASS_VISIBLE,1,14,0.0,22.0,2.0,0.0,22.0,2.0,1,
664,22.166667,0.033333,-0.895954966545105,23.708703994750977,2.543348550796509,-2.6553087101367994,-0.026533346623182297,0.0895102797422495,0.0004032601977499202,-0.030539188878701117,0.09457745426734551,0.0,22.0,2.0,0.9625155565402891,-0.0032063625673710017,-0.2712075269180857,0.3864375726434556,0.1036873608827591,-0.0015737534267827868,-0.030789460986852646,-0.038943029940128326,direct,SAFE_PROGRESSING,NONE,1,0,"-0.897,23.711;-0.673,23.283;-0.449,22.856;-0.224,22.428;0.000,22.000",0,1,PASS_THROUGH,-1,0.9622780280301652,-0.006481271648753728,-0.27199079007972343,0.3882258526757038,inf,5.754670785944407,0.0,0,0,0,DIRECT_LOCAL,PASS_THROUGH,0,BYPASS_VISIBLE,1,14,0.0,22.0,2.0,0.0,22.0,2.0,1,
665,22.2,0.033333,-0.894511342048645,23.70598030090332,2.5422585010528564,-2.656192969798648,-0.026458075270056725,0.09693780189727698,-9.627426056119375e-05,-0.03065469651886502,0.10166935194085129,0.0,22.0,2.0,0.9625546116616177,-0.002371928458903383,-0.2710774677547699,0.38587068526928997,0.11112120747566223,-0.0020825951360166073,-0.0309239961206913,-0.03871894255280495,direct,SAFE_PROGRESSING,NONE,1,0,"-0.896,23.709;-0.672,23.282;-0.448,22.854;-0.224,22.427;0.000,22.000",0,1,PASS_THROUGH,-1,0.9622780280301652,-0.006481271648753728,-0.27199079007972343,0.3882258526757038,inf,5.751813728637643,0.0,0,0,0,DIRECT_LOCAL,PASS_THROUGH,0,BYPASS_VISIBLE,1,14,0.0,22.0,2.0,0.0,22.0,2.0,1,
666,22.233333,0.033333,-0.8929693102836609,23.703027725219727,2.5411579608917236,-2.6570745809543164,-0.026370113715529442,0.10443713543755291,-0.0006010718793603552,-0.030772703309405063,0.10887807775110006,0.0,22.0,2.0,0.9625852488647022,-0.0015302174692862214,-0.27097471672201406,0.38525416691445924,0.1186043843626976,-0.0025929780676960945,-0.031060196459293365,-0.03846271336078644,direct,SAFE_PROGRESSING,NONE,1,0,"-0.895,23.706;-0.671,23.279;-0.447,22.853;-0.224,22.426;-0.000,22.000",1,1,PASS_THROUGH,-1,0.9999987364364528,-0.0015896935233155607,0.0,0.38525416691445924,inf,5.748719093390285,0.0,0,0,0,DIRECT_LOCAL,PASS_THROUGH,0,BYPASS_VISIBLE,1,14,0.0,22.0,2.0,0.0,22.0,2.0,1,
667,22.266667,0.033333,-0.8913282155990601,23.699844360351562,2.5400471687316895,-2.6579529615999853,-0.026267273351550102,0.11200541784162345,-0.0011104391270500883,-0.03089328878320834,0.11619312368971862,0.0,22.0,2.0,0.9626074832745798,-0.0006820036297355836,-0.27089918422695314,0.38458796767322573,0.12612579762935638,-0.003097111824899912,-0.031197596341371536,-0.03815788775682449,direct,SAFE_PROGRESSING,NONE,1,0,"-0.893,23.703;-0.670,23.277;-0.446,22.852;-0.223,22.426;0.000,22.000",0,1,PASS_THROUGH,-1,0.9625852488647022,-0.0015302174692862214,-0.27097471672201406,0.38525416691445924,inf,5.745384947631745,0.0,0,0,0,DIRECT_LOCAL,PASS_THROUGH,0,BYPASS_VISIBLE,1,14,0.0,22.0,2.0,0.0,22.0,2.0,1,
668,22.3,0.033333,-0.8895877003669739,23.696426391601562,2.5389254093170166,-2.658827498003386,-0.026146773248910904,0.1196386724268808,-0.0016233783037369548,-0.03101670833759246,0.12360454479218316,0.0,22.0,2.0,0.9626211670817808,0.0001723055657409378,-0.2708513595995084,0.38387168884105105,0.13369393348693848,-0.0035931889433413744,-0.031336311250925064,-0.037801630795001984,direct,SAFE_PROGRESSING,NONE,1,0,"-0.891,23.700;-0.668,23.275;-0.446,22.850;-0.223,22.425;0.000,22.000",0,1,PASS_THROUGH,-1,0.9625852488647022,-0.0015302174692862214,-0.27097471672201406,0.38525416691445924,inf,5.741807493944737,0.0,0,0,0,DIRECT_LOCAL,PASS_THROUGH,0,BYPASS_VISIBLE,1,14,0.0,22.0,2.0,0.0,22.0,2.0,1,
669,22.333333,0.033333,-0.8877471685409546,23.692773818969727,2.537792682647705,-2.6596976481675414,-0.026005243882536888,0.1273319902497412,-0.002138491350914534,-0.031143311869542684,0.1311026878459085,0.0,22.0,2.0,0.962626211934757,0.001032957866383466,-0.270831514219056,0.3831046216774994,0.1413143277168274,-0.004088437184691429,-0.0314764529466629,-0.037409428507089615,direct,SAFE_PROGRESSING,NONE,1,0,"-0.890,23.696;-0.667,23.272;-0.445,22.848;-0.222,22.424;0.000,22.000",0,1,PASS_THROUGH,-1,0.9625852488647022,-0.0015302174692862214,-0.27097471672201406,0.38525416691445924,inf,5.737986707647135,0.0,0,0,0,DIRECT_LOCAL,PASS_THROUGH,0,BYPASS_VISIBLE,1,14,0.0,22.0,2.0,0.0,22.0,2.0,1,
670,22.366667,0.033333,-0.885806143283844,23.68888282775879,2.536649227142334,-2.6605625552001,-0.025840073823928833,0.13508046543713018,-0.0026542202237766588,-0.031273096786439414,0.1386787064055691,0.0,22.0,2.0,0.9626225489921516,0.0018989134382080275,-0.2708398462184004,0.3822867111183351,0.1489780992269516,-0.004580667708069086,-0.031618185341358185,-0.03697001188993454,direct,SAFE_PROGRESSING,NONE,1,0,"-0.888,23.693;-0.666,23.270;-0.444,22.846;-0.222,22.423;0.000,22.000",0,1,PASS_THROUGH,-1,0.9625852488647022,-0.0015302174692862214,-0.27097471672201406,0.38525416691445924,inf,5.733918783570234,0.0,0,0,0,DIRECT_LOCAL,PASS_THROUGH,0,BYPASS_VISIBLE,1,14,0.0,22.0,2.0,0.0,22.0,2.0,1,
671,22.4,0.033333,-0.8837642073631287,23.684751510620117,2.535494089126587,-2.6614214102103695,-0.02564932405948639,0.14287968716585792,-0.00316921310830961,-0.03140603356014412,0.14632493929716903,0.0,22.0,2.0,0.9626099468348097,0.0027701320316522726,-0.2708771245845837,0.3814172376481127,0.1566804200410843,-0.005067193415015936,-0.031761541962623596,-0.03647778928279877,direct,SAFE_PROGRESSING,NONE,1,0,"-0.886,23.689;-0.664,23.267;-0.443,22.844;-0.221,22.422;-0.000,22.000",0,1,PASS_THROUGH,-1,0.9625852488647022,-0.0015302174692862214,-0.27097471672201406,0.38525416691445924,inf,5.729601822273143,0.0,0,0,0,DIRECT_LOCAL,PASS_THROUGH,0,BYPASS_VISIBLE,1,14,0.0,22.0,2.0,0.0,22.0,2.0,1,
672,22.433333,0.033333,-0.8816209435462952,23.680381774902344,2.534327745437622,-2.662273382180388,-0.025430873036384583,0.15072573698247532,-0.0036823880332757636,-0.03154198599879474,0.15403475144033596,0.0,22.0,2.0,0.9625883859361981,0.0036461463120994186,-0.27094336101446703,0.380495825299198,0.1644144058227539,-0.005549648776650429,-0.031906139105558395,-0.03593781590461731,direct,SAFE_PROGRESSING,NONE,1,0,"-0.884,23.685;-0.663,23.264;-0.442,22.842;-0.221,22.421;0.000,22.000",1,1,PASS_THROUGH,-1,0.9999928261501908,0.003787828950010952,0.0,0.380495825299198,inf,5.72503772176122,0.0,0,0,0,DIRECT_LOCAL,PASS_THROUGH,0,BYPASS_VISIBLE,1,14,0.0,22.0,2.0,0.0,22.0,2.0,1,
673,22.466667,0.033333,-0.8793759942054749,23.67576789855957,2.5331497192382812,-2.6631174997408205,-0.025182969868183136,0.15861487605689276,-0.00419297884680871,-0.031680801711512024,0.16180214206010182,0.0,22.0,2.0,0.9625577807607235,0.004525467233328584,-0.27103881427447024,0.3795227738897054,0.17216581106185913,-0.006020839791744947,-0.03205174207687378,-0.035336174070835114,direct,SAFE_PROGRESSING,NONE,1,0,"-0.882,23.680;-0.661,23.260;-0.441,22.840;-0.220,22.420;0.000,22.000",0,1,PASS_THROUGH,-1,0.9625883859361981,0.0036461463120994186,-0.27094336101446703,0.380495825299198,inf,5.720220798171432,0.0,0,0,0,DIRECT_LOCAL,PASS_THROUGH,0,BYPASS_VISIBLE,1,14,0.0,22.0,2.0,0.0,22.0,2.0,1,
674,22.5,0.033333,-0.8770289421081543,23.67091178894043,2.5319600105285645,-2.6639527526967504,-0.024903664365410805,0.16654271714553315,-0.00470016895565385,-0.031822741491343724,0.169620915863739,0.0,22.0,2.0,0.9625179063165924,0.005408400646142231,-0.2711642108066153,0.37849703771774096,0.17992904782295227,-0.006477846298366785,-0.032197996973991394,-0.034670569002628326,direct,SAFE_PROGRESSING,NONE,1,0,"-0.879,23.676;-0.660,23.257;-0.440,22.838;-0.220,22.419;-0.000,22.000",0,1,PASS_THROUGH,-1,0.9625883859361981,0.0036461463120994186,-0.27094336101446703,0.380495825299198,inf,5.715152954302148,0.0,0,0,0,DIRECT_LOCAL,PASS_THROUGH,0,BYPASS_VISIBLE,1,14,0.0,22.0,2.0,0.0,22.0,2.0,1,
675,22.533333,0.033333,-0.8745796084403992,23.66581153869629,2.5307583808898926,-2.664778032707452,-0.02459055557847023,0.17450384498281987,-0.005202845220571204,-0.03196824319001102,0.17748416854703675,0.0,22.0,2.0,0.9624687257727982,0.0062933475620735035,-0.271319637486396,0.3774189169459027,0.18770554661750793,-0.006920984946191311,-0.032344914972782135,-0.033940788358449936,direct,SAFE_PROGRESSING,NONE,1,0,"-0.877,23.671;-0.658,23.253;-0.439,22.835;-0.219,22.418;0.000,22.000",0,1,PASS_THROUGH,-1,0.9625883859361981,0.0036461463120994186,-0.27094336101446703,0.380495825299198,inf,5.709832324201281,0.0,0,0,0,DIRECT_LOCAL,PASS_THROUGH,0,BYPASS_VISIBLE,1,14,0.0,22.0,2.0,0.0,22.0,2.0,1,
676,22.566667,0.033333,-0.872027575969696,23.660463333129883,2.5295450687408447,-2.6655921608210296,-0.024241315200924873,0.18249206531082632,-0.005699507188075298,-0.03211773015811345,0.18538442996677806,0.0,22.0,2.0,0.9624101000613481,0.007179659216489054,-0.271505528108437,0.3762880584846381,0.19549952447414398,-0.007358181290328503,-0.03249291703104973,-0.033162929117679596,direct,SAFE_PROGRESSING,NONE,1,0,"-0.875,23.666;-0.656,23.249;-0.437,22.833;-0.219,22.416;0.000,22.000",0,1,PASS_THROUGH,-1,0.9625883859361981,0.0036461463120994186,-0.27094336101446703,0.380495825299198,inf,5.704255122509837,0.0,0,0,0,DIRECT_LOCAL,PASS_THROUGH,0,BYPASS_VISIBLE,1,14,0.0,22.0,2.0,0.0,22.0,2.0,1,
677,22.6,0.033333,-0.8693726062774658,23.654870986938477,2.5283195972442627,-2.666393910203311,-0.02385466732084751,0.19050119660553524,-0.006188727251048387,-0.032271304350300276,0.19331436402295182,0.0,22.0,2.0,0.962341746069751,0.008067002553892755,-0.2717228132513326,0.37510374959045045,0.20329830050468445,-0.00778429489582777,-0.032642215490341187,-0.032323528081178665,direct,SAFE_PROGRESSING,NONE,1,0,"-0.872,23.660;-0.654,23.245;-0.436,22.830;-0.218,22.415;0.000,22.000",0,1,PASS_THROUGH,-1,0.9625883859361981,0.0036461463120994186,-0.27094336101446703,0.380495825299198,inf,5.698425175231151,0.0,0,0,0,DIRECT_LOCAL,PASS_THROUGH,0,BYPASS_VISIBLE,1,14,0.0,22.0,2.0,0.0,22.0,2.0,1,
678,22.633333,0.033333,-0.8666145205497742,23.649030685424805,2.5270824432373047,-2.6671819878405176,-0.023429883643984795,0.19852532377115426,-0.006669363423916343,-0.032428661111748865,0.20126699344011315,0.0,22.0,2.0,0.9622637406495089,0.008953260911279903,-0.2719711980160198,0.37386664531388203,0.2110762894153595,-0.008187870495021343,-0.03279178962111473,-0.03140188381075859,direct,SAFE_PROGRESSING,NONE,1,0,"-0.869,23.655;-0.652,23.241;-0.435,22.827;-0.217,22.414;-0.000,22.000",1,1,PASS_THROUGH,-1,0.9999567171304193,0.00930397042957537,0.0,0.37386664531388203,inf,5.692338725834812,0.0,0,0,0,DIRECT_LOCAL,PASS_THROUGH,0,BYPASS_VISIBLE,1,14,0.0,22.0,2.0,0.0,22.0,2.0,1,
679,22.666667,0.033333,-0.8637531399726868,23.642942428588867,2.5258328914642334,-2.667955127249952,-0.02296510525047779,0.20655831271186648,-0.0071402771274356154,-0.03259014147611702,0.2092353637157522,0.0,22.0,2.0,0.9621757543053783,0.009838198999511272,-0.2722517725696611,0.37257605552157086,0.21884512901306152,-0.008571556769311428,-0.032941918820142746,-0.030409377068281174,direct,SAFE_PROGRESSING,NONE,1,0,"-0.867,23.649;-0.650,23.237;-0.433,22.825;-0.217,22.412;0.000,22.000",0,1,PASS_THROUGH,-1,0.9622637406495089,0.008953260911279903,-0.2719711980160198,0.37386664531388203,inf,5.685995815720515,0.0,0,0,0,DIRECT_LOCAL,PASS_THROUGH,0,BYPASS_VISIBLE,1,14,0.0,22.0,2.0,0.0,22.0,2.0,1,
680,22.7,0.033333,-0.8607883453369141,23.636606216430664,2.524571180343628,-2.66871198689277,-0.022458095103502274,0.214593387208507,-0.007599987474322751,-0.0327560346192448,0.21721196893174938,0.0,22.0,2.0,0.9620777448031946,0.010720617477978589,-0.27256463694927485,0.3712319657825905,0.2265949696302414,-0.008931298740208149,-0.033092763274908066,-0.02933906763792038,direct,SAFE_PROGRESSING,NONE,1,0,"-0.864,23.643;-0.648,23.232;-0.432,22.821;-0.216,22.411;-0.000,22.000",0,1,PASS_THROUGH,-1,0.9622637406495089,0.008953260911279903,-0.2719711980160198,0.37386664531388203,inf,5.6793964947544975,0.0,0,0,0,DIRECT_LOCAL,PASS_THROUGH,0,BYPASS_VISIBLE,1,14,0.0,22.0,2.0,0.0,22.0,2.0,1,
681,22.733333,0.033333,-0.8577200770378113,23.630023956298828,2.5232977867126465,-2.6694510471714317,-0.021906696259975433,0.22262348140870972,-0.008046628627636901,-0.03292663327902538,0.22518908918039676,0.0,22.0,2.0,0.9619695353739187,0.011599185180378835,-0.2729103734115619,0.3698343674201929,0.2343229204416275,-0.009265666827559471,-0.03324455767869949,-0.028187664225697517,direct,SAFE_PROGRESSING,NONE,1,0,"-0.861,23.637;-0.646,23.227;-0.430,22.818;-0.215,22.409;0.000,22.000",0,1,PASS_THROUGH,-1,0.9622637406495089,0.008953260911279903,-0.2719711980160198,0.37386664531388203,inf,5.672542719228625,0.0,0,0,0,DIRECT_LOCAL,PASS_THROUGH,0,BYPASS_VISIBLE,1,14,0.0,22.0,2.0,0.0,22.0,2.0,1,
682,22.766667,0.033333,-0.8545482158660889,23.623193740844727,2.5220119953155518,-2.670170674232333,-0.021308669820427895,0.230641644263166,-0.008478069381773194,-0.033101930841948804,0.23315913783149084,0.0,22.0,2.0,0.9618509809236955,0.012472039281680447,-0.2732894779026097,0.36838359511041385,0.24202695488929749,-0.009580546990036964,-0.03339739888906479,-0.02696709707379341,direct,SAFE_PROGRESSING,NONE,1,0,"-0.858,23.630;-0.643,23.223;-0.429,22.815;-0.214,22.408;0.000,22.000",0,1,PASS_THROUGH,-1,0.9622637406495089,0.008953260911279903,-0.2719711980160198,0.37386664531388203,inf,5.665432646174315,0.0,0,0,0,DIRECT_LOCAL,PASS_THROUGH,0,BYPASS_VISIBLE,1,14,0.0,22.0,2.0,0.0,22.0,2.0,1,
683,22.8,0.033333,-0.851272702217102,23.616119384765625,2.520714044570923,-2.670869441755303,-0.020662473514676094,0.23864116243909633,-0.008892311044512899,-0.033281779157766325,0.24111481586559938,0.0,22.0,2.0,0.9617219447165035,0.0133384281872298,-0.2737023700741388,0.36687930296256355,0.24968186020851135,-0.00986543670296669,-0.03355080634355545,-0.025660086423158646,direct,SAFE_PROGRESSING,NONE,1,0,"-0.855,23.623;-0.641,23.217;-0.427,22.812;-0.214,22.406;0.000,22.000",0,1,PASS_THROUGH,-1,0.9622637406495089,0.008953260911279903,-0.2719711980160198,0.37386664531388203,inf,5.658070135201838,0.0,0,0,0,DIRECT_LOCAL,PASS_THROUGH,0,BYPASS_VISIBLE,1,14,0.0,22.0,2.0,0.0,22.0,2.0,1,
684,22.833333,0.033333,-0.8478935360908508,23.608797073364258,2.519404172897339,-2.6715455677254805,-0.019966579973697662,0.24661510220607402,-0.009287433540764176,-0.033466301915215366,0.2490487069265102,0.0,22.0,2.0,0.9615823721341544,0.01419590663434267,-0.27414926196450295,0.36532216354090696,0.257290244102478,-0.010120161809027195,-0.03370462730526924,-0.02427314780652523,direct,SAFE_PROGRESSING,NONE,1,0,"-0.851,23.616;-0.638,23.212;-0.426,22.808;-0.213,22.404;-0.000,22.000",1,1,PASS_THROUGH,-1,0.9998910437108641,0.01476146018518576,0.0,0.36532216354090696,inf,5.650451462144023,0.0,0,0,0,DIRECT_LOCAL,PASS_THROUGH,0,BYPASS_VISIBLE,1,14,0.0,22.0,2.0,0.0,22.0,2.0,1,
685,22.866667,0.033333,-0.8444106578826904,23.601228713989258,2.518082618713379,-2.672197404847568,-0.01921943947672844,0.254556121831446,-0.009661533518206991,-0.03365584599772634,0.25695307034867676,0.0,22.0,2.0,0.9614319050247174,0.015044062667003422,-0.2746313313863041,0.3637115050041749,0.2648462653160095,-0.010337360203266144,-0.03385911509394646,-0.022793471813201904,direct,SAFE_PROGRESSING,NONE,1,0,"-0.848,23.609;-0.636,23.207;-0.424,22.804;-0.212,22.402;0.000,22.000",0,1,PASS_THROUGH,-1,0.9615823721341544,0.01419590663434267,-0.27414926196450295,0.36532216354090696,inf,5.642578593770448,0.0,0,0,0,DIRECT_LOCAL,PASS_THROUGH,0,BYPASS_VISIBLE,1,14,0.0,22.0,2.0,0.0,22.0,2.0,1,
686,22.9,0.033333,-0.8408240675926208,23.59341812133789,2.516749143600464,-2.672823156477497,-0.018419304862618446,0.26245645550465246,-0.010012413576922145,-0.03385067506635396,0.2648197644892633,0.0,22.0,2.0,0.9612703933588544,0.015880933294579735,-0.27514909923422676,0.3620476628097229,0.2723448872566223,-0.010515534318983555,-0.03401419147849083,-0.021221010014414787,direct,SAFE_PROGRESSING,NONE,1,0,"-0.844,23.601;-0.633,23.201;-0.422,22.801;-0.211,22.400;-0.000,22.000",0,1,PASS_THROUGH,-1,0.9615823721341544,0.01419590663434267,-0.27414926196450295,0.36532216354090696,inf,5.634455403833032,0.0,0,0,0,DIRECT_LOCAL,PASS_THROUGH,0,BYPASS_VISIBLE,1,14,0.0,22.0,2.0,0.0,22.0,2.0,1,
687,22.933333,0.033333,-0.8371338248252869,23.58536720275879,2.515403985977173,-2.673421248677343,-0.017564140260219574,0.27030837429810617,-0.01033765616498522,-0.034050720888822966,0.27264067184431434,0.0,22.0,2.0,0.9610978186720203,0.0167043341722089,-0.27570264446273923,0.3603313154335034,0.27977508306503296,-0.010656594298779964,-0.034169793128967285,-0.019562121480703354,direct,SAFE_PROGRESSING,NONE,1,0,"-0.841,23.593;-0.631,23.195;-0.420,22.797;-0.210,22.398;0.000,22.000",0,1,PASS_THROUGH,-1,0.9615823721341544,0.01419590663434267,-0.27414926196450295,0.36532216354090696,inf,5.626083876642568,0.0,0,0,0,DIRECT_LOCAL,PASS_THROUGH,0,BYPASS_VISIBLE,1,14,0.0,22.0,2.0,0.0,22.0,2.0,1,
688,22.966667,0.033333,-0.8333399295806885,23.577077865600586,2.514047622680664,-2.6739895927070556,-0.016652319580316544,0.27810416202156363,-0.010634558281697577,-0.03425612406116265,0.28040774026274085,0.0,22.0,2.0,0.9609140214348563,0.01751208916764113,-0.27629254449383384,0.3585628094629917,0.2871411144733429,-0.010757030919194221,-0.03432676941156387,-0.01781068556010723,direct,SAFE_PROGRESSING,NONE,1,0,"-0.837,23.585;-0.628,23.189;-0.419,22.793;-0.209,22.396;0.000,22.000",0,1,PASS_THROUGH,-1,0.9615823721341544,0.01419590663434267,-0.27414926196450295,0.36532216354090696,inf,5.617465993597483,0.0,0,0,0,DIRECT_LOCAL,PASS_THROUGH,0,BYPASS_VISIBLE,1,14,0.0,22.0,2.0,0.0,22.0,2.0,1,
689,23.0,0.033333,-0.8294423222541809,23.56855010986328,2.5126798152923584,-2.674526335708622,-0.015682490542531013,0.28583634776446554,-0.01090044672223151,-0.034466684107738337,0.28811315442974017,0.0,22.0,2.0,0.9607187927457287,0.018302229231336342,-0.2769195364548216,0.3567424859699695,0.2944222092628479,-0.010814910754561424,-0.034484587609767914,-0.015969913452863693,direct,SAFE_PROGRESSING,NONE,1,0,"-0.833,23.577;-0.625,23.183;-0.417,22.789;-0.208,22.394;0.000,22.000",0,1,PASS_THROUGH,-1,0.9615823721341544,0.01419590663434267,-0.27414926196450295,0.36532216354090696,inf,5.608601834861712,0.0,0,0,0,DIRECT_LOCAL,PASS_THROUGH,0,BYPASS_VISIBLE,1,14,0.0,22.0,2.0,0.0,22.0,2.0,1,
690,23.033333,0.033333,-0.8254411220550537,23.55978775024414,2.511301279067993,-2.6750294939678647,-0.01465353649109602,0.293497669749963,-0.01113284471134067,-0.03468225922516534,0.2957493558488112,0.0,22.0,2.0,0.9605119358227344,0.01907312309440279,-0.277584288311657,0.3548703432578451,0.30160272121429443,-0.01082102581858635,-0.034642577171325684,-0.01402631402015686,direct,SAFE_PROGRESSING,NONE,1,0,"-0.829,23.569;-0.622,23.176;-0.415,22.784;-0.207,22.392;-0.000,22.000",1,1,PASS_THROUGH,-1,0.9998029031498656,0.019853333551326124,0.0,0.3548703432578451,inf,5.599495297702601,0.0,0,0,0,DIRECT_LOCAL,PASS_THROUGH,0,BYPASS_VISIBLE,1,14,0.0,22.0,2.0,0.0,22.0,2.0,1,
691,23.066667,0.033333,-0.8213361501693726,23.550792694091797,2.50991153717041,-2.675497106092621,-0.013564118184149265,0.30108007388656205,-0.011329040598848249,-0.03490310341997513,0.30330806893449674,0.0,22.0,2.0,0.9602932630865556,0.01982229573176847,-0.27828748707496287,0.35294707092090644,0.30868151783943176,-0.01077470276504755,-0.03480030968785286,-0.011986203491687775,direct,SAFE_PROGRESSING,NONE,1,0,"-0.825,23.560;-0.619,23.170;-0.413,22.780;-0.206,22.390;0.000,22.000",0,1,PASS_THROUGH,-1,0.9605119358227344,0.01907312309440279,-0.277584288311657,0.3548703432578451,inf,5.590148355465621,0.0,0,0,0,DIRECT_LOCAL,PASS_THROUGH,0,BYPASS_VISIBLE,1,14,0.0,22.0,2.0,0.0,22.0,2.0,1,
692,23.1,0.033333,-0.8171274662017822,23.541566848754883,2.508511543273926,-2.6759271184858586,-0.01241279300302267,0.3085749888203736,-0.011486232057144984,-0.03512956466068316,0.31078053923245164,0.0,22.0,2.0,0.960062666399566,0.020547529129047337,-0.2790295246608263,0.35097299335553095,0.31566745042800903,-0.010675156489014626,-0.03495826572179794,-0.00985049456357956,direct,SAFE_PROGRESSING,NONE,1,0,"-0.821,23.551;-0.616,23.163;-0.411,22.775;-0.205,22.388;0.000,22.000",0,1,PASS_THROUGH,-1,0.9605119358227344,0.01907312309440279,-0.277584288311657,0.3548703432578451,inf,5.580563007621922,0.0,0,0,0,DIRECT_LOCAL,PASS_THROUGH,0,BYPASS_VISIBLE,1,14,0.0,22.0,2.0,0.0,22.0,2.0,1,
693,23.133333,0.033333,-0.8128150105476379,23.532121658325195,2.50710129737854,-2.6763174447884928,-0.011198492720723152,0.3159739250339369,-0.011601361461459785,-0.03536124698608238,0.31815802783761743,0.0,22.0,2.0,0.9598198169602499,0.02124669283845254,-0.27981153838578743,0.34894845723696244,0.3225513994693756,-0.010522859171032906,-0.035116635262966156,-0.007620363961905241,direct,SAFE_PROGRESSING,NONE,1,0,"-0.817,23.542;-0.613,23.156;-0.409,22.771;-0.204,22.385;0.000,22.000",0,1,PASS_THROUGH,-1,0.9605119358227344,0.01907312309440279,-0.277584288311657,0.3548703432578451,inf,5.570750739219607,0.0,0,0,0,DIRECT_LOCAL,PASS_THROUGH,0,BYPASS_VISIBLE,1,14,0.0,22.0,2.0,0.0,22.0,2.0,1,
694,23.166667,0.033333,-0.8083986639976501,23.522449493408203,2.505681037902832,-2.6766659832107003,-0.009920616634190083,0.32326893120207933,-0.011671427749959327,-0.03559722410559664,0.32543230704753534,0.0,22.0,2.0,0.95956493019775,0.021915131648166164,-0.2806329840546736,0.34687548297801063,0.3293203115463257,-0.010314632207155228,-0.035275403410196304,-0.005293770227581263,direct,SAFE_PROGRESSING,NONE,1,0,"-0.813,23.532;-0.610,23.149;-0.406,22.766;-0.203,22.383;-0.000,22.000",0,1,PASS_THROUGH,-1,0.9605119358227344,0.01907312309440279,-0.277584288311657,0.3548703432578451,inf,5.5607040462596835,0.0,0,0,0,DIRECT_LOCAL,PASS_THROUGH,0,BYPASS_VISIBLE,1,14,0.0,22.0,2.0,0.0,22.0,2.0,1,
695,23.2,0.033333,-0.8038785457611084,23.512557983398438,2.50425124168396,-2.6769705544869895,-0.00857873447239399,0.33045304562439765,-0.011693736451400474,-0.03583671584392373,0.3325961951633138,0.0,22.0,2.0,0.9592973348263084,0.02255299163446689,-0.2814959785920172,0.34475271485121506,0.3359602093696594,-0.010051474906504154,-0.03543395176529884,-0.002883019158616662,direct,SAFE_PROGRESSING,NONE,1,0,"-0.808,23.522;-0.606,23.142;-0.404,22.761;-0.202,22.381;0.000,22.000",0,1,PASS_THROUGH,-1,0.9605119358227344,0.01907312309440279,-0.277584288311657,0.3548703432578451,inf,5.550430640444695,0.0,0,0,0,DIRECT_LOCAL,PASS_THROUGH,0,BYPASS_VISIBLE,1,14,0.0,22.0,2.0,0.0,22.0,2.0,1,
696,23.233333,0.033333,-0.7992544174194336,23.50245475769043,2.502812147140503,-2.677229097472623,-0.007173133548349142,0.33751923747823037,-0.011665866246794955,-0.036079661975266034,0.33964256227896933,0.0,22.0,2.0,0.959016975314921,0.023156725146951274,-0.2824007916743304,0.34258151552454447,0.342465341091156,-0.00973077304661274,-0.035592302680015564,-0.0003884062170982361,direct,SAFE_PROGRESSING,NONE,1,0,"-0.804,23.513;-0.603,23.134;-0.402,22.756;-0.201,22.378;-0.000,22.000",1,1,PASS_THROUGH,-1,0.9997086051727632,0.02413927802417226,0.0,0.34258151552454447,inf,5.53993820412871,0.0,0,0,0,DIRECT_LOCAL,PASS_THROUGH,0,BYPASS_VISIBLE,1,14,0.0,22.0,2.0,0.0,22.0,2.0,1,
697,23.266667,0.033333,-0.7945261597633362,23.492143630981445,2.5013644695281982,-2.6774395263089312,-0.005704856012016535,0.3444600397613873,-0.011585707602594626,-0.03632646845765672,0.346563933385565,0.0,22.0,2.0,0.9587238217117912,0.023722553556396853,-0.28334762066250274,0.3403632132103048,0.3488304615020752,-0.009349140338599682,-0.0357503741979599,0.0021927657071501017,direct,SAFE_PROGRESSING,NONE,1,0,"-0.799,23.502;-0.599,23.127;-0.400,22.751;-0.200,22.376;0.000,22.000",0,1,PASS_THROUGH,-1,0.959016975314921,0.023156725146951274,-0.2824007916743304,0.34258151552454447,inf,5.529230637505766,0.0,0,0,0,DIRECT_LOCAL,PASS_THROUGH,0,BYPASS_VISIBLE,1,14,0.0,22.0,2.0,0.0,22.0,2.0,1,
698,23.3,0.033333,-0.7896937131881714,23.48162841796875,2.499907970428467,-2.6775998075907212,-0.004175097215920687,0.3512675865323967,-0.011451323576922775,-0.036577497976295885,0.3533524635801539,0.0,22.0,2.0,0.9584175820078498,0.024247781267943525,-0.28433744671043343,0.33809847287598127,0.35505232214927673,-0.008904737420380116,-0.03590849041938782,0.004857837688177824,direct,SAFE_PROGRESSING,NONE,1,0,"-0.795,23.492;-0.596,23.119;-0.397,22.746;-0.199,22.373;-0.000,22.000",0,1,PASS_THROUGH,-1,0.959016975314921,0.023156725146951274,-0.2824007916743304,0.34258151552454447,inf,5.518311850428113,0.0,0,0,0,DIRECT_LOCAL,PASS_THROUGH,0,BYPASS_VISIBLE,1,14,0.0,22.0,2.0,0.0,22.0,2.0,1,
699,23.333333,0.033333,-0.7847568988800049,23.470911026000977,2.498443365097046,-2.6777079877865133,-0.002585073933005333,0.3579339982012038,-0.011260816153781328,-0.03683273261489649,0.36000028227854103,0.0,22.0,2.0,0.9580980877494945,0.024729812126871198,-0.2853707950070077,0.3357879646194308,0.361126184463501,-0.00839806254953146,-0.03606709837913513,0.007602382451295853,direct,SAFE_PROGRESSING,NONE,1,0,"-0.790,23.482;-0.592,23.111;-0.395,22.741;-0.197,22.370;-0.000,22.000",0,1,PASS_THROUGH,-1,0.959016975314921,0.023156725146951274,-0.2824007916743304,0.34258151552454447,inf,5.507183846653643,0.0,0,0,0,DIRECT_LOCAL,PASS_THROUGH,0,BYPASS_VISIBLE,1,14,0.0,22.0,2.0,0.0,22.0,2.0,1,
700,23.366667,0.033333,-0.7797156572341919,23.459999084472656,2.496971368789673,-2.6777620863323457,-0.0009362130658701062,0.3644514064881702,-0.011012101330109806,-0.037091966599459125,0.36649953349646336,0.0,22.0,2.0,0.9577649064581338,0.025166462201474227,-0.2864490061730078,0.3334320102660216,0.3670309782028198,-0.007825272157788277,-0.03622589260339737,0.010428355075418949,direct,SAFE_PROGRESSING,NONE,1,0,"-0.785,23.471;-0.589,23.103;-0.392,22.735;-0.196,22.368;-0.000,22.000",0,1,PASS_THROUGH,-1,0.959016975314921,0.023156725146951274,-0.2824007916743304,0.34258151552454447,inf,5.4958543428789035,0.0,0,0,0,DIRECT_LOCAL,PASS_THROUGH,0,BYPASS_VISIBLE,1,14,0.0,22.0,2.0,0.0,22.0,2.0,1,
701,23.4,0.033333,-0.7745697498321533,23.448898315429688,2.495492458343506,-2.6777601221807146,0.0007700958522036672,0.3708120872201912,-0.010703230843726541,-0.03735520628350016,0.37284256009148375,0.0,22.0,2.0,0.9574178551964831,0.025554056328310204,-0.28757267039156503,0.3310319521011313,0.37276047468185425,-0.00718634482473135,-0.03638460859656334,0.013328082859516144,direct,SAFE_PROGRESSING,NONE,1,0,"-0.780,23.460;-0.585,23.095;-0.390,22.730;-0.195,22.365;-0.000,22.000",0,1,PASS_THROUGH,-1,0.959016975314921,0.023156725146951274,-0.2824007916743304,0.34258151552454447,inf,5.484329145066548,0.0,0,0,0,DIRECT_LOCAL,PASS_THROUGH,0,BYPASS_VISIBLE,1,14,0.0,22.0,2.0,0.0,22.0,2.0,1,
702,23.433333,0.033333,-0.7693192362785339,23.4376163482666,2.494006872177124,-2.677700260253734,0.002532276092097163,0.37700795901562606,-0.010332039287675636,-0.03762267214824683,0.37902139472138574,0.0,22.0,2.0,0.9570566685484163,0.025889444112967896,-0.28874256677969806,0.3285887780074074,0.37831640243530273,-0.006487750913947821,-0.03654344379901886,0.016283296048641205,direct,SAFE_PROGRESSING,NONE,1,0,"-0.775,23.449;-0.581,23.087;-0.387,22.724;-0.194,22.362;0.000,22.000",1,1,PASS_THROUGH,-1,0.9996343194363491,0.02704121678155652,0.0,0.3285887780074074,inf,5.472615990816768,0.0,0,0,0,DIRECT_LOCAL,PASS_THROUGH,0,BYPASS_VISIBLE,1,14,0.0,22.0,2.0,0.0,22.0,2.0,1,
703,23.466667,0.033333,-0.7639639377593994,23.426164627075195,2.4925148487091064,-2.677580613822579,0.004347766749560833,0.38303083669537724,-0.009896745844296267,-0.037894201748633186,0.3850279703658339,0.0,22.0,2.0,0.9566811947197057,0.026169019799283044,-0.28995909034279566,0.3261038394199974,0.3836864233016968,-0.005719731096178293,-0.03670243173837662,0.01930878311395645,direct,SAFE_PROGRESSING,NONE,1,0,"-0.769,23.438;-0.577,23.078;-0.385,22.719;-0.192,22.359;0.000,22.000",0,1,PASS_THROUGH,-1,0.9570566685484163,0.025889444112967896,-0.28874256677969806,0.3285887780074074,inf,5.460726400302169,0.0,0,0,0,DIRECT_LOCAL,PASS_THROUGH,0,BYPASS_VISIBLE,1,14,0.0,22.0,2.0,0.0,22.0,2.0,1,
704,23.5,0.033333,-0.7585038542747498,23.414535522460938,2.4910173416137695,-2.67739965067939,0.0062138852663338184,0.3888727490771972,-0.009395802620712917,-0.038169400610382,0.39085444762046645,0.0,22.0,2.0,0.9562914472254987,0.026388281199373587,-0.2912221258398886,0.32357913664001137,0.388855904340744,-0.0048699029721319675,-0.036860957741737366,0.022419095039367676,direct,SAFE_PROGRESSING,NONE,1,0,"-0.764,23.426;-0.573,23.070;-0.382,22.713;-0.191,22.357;0.000,22.000",0,1,PASS_THROUGH,-1,0.9570566685484163,0.025889444112967896,-0.28874256677969806,0.3285887780074074,inf,5.448652919590591,0.0,0,0,0,DIRECT_LOCAL,PASS_THROUGH,0,BYPASS_VISIBLE,1,14,0.0,22.0,2.0,0.0,22.0,2.0,1,
705,23.533333,0.033333,-0.7529388666152954,23.40274429321289,2.4895148277282715,-2.6771556254358337,0.008129318244755268,0.394525501699343,-0.008827331146879858,-0.03844809575390075,0.3964928112001479,0.0,22.0,2.0,0.9558863110399114,0.026547862710230852,-0.2925347352914326,0.32101332316609466,0.3938405513763428,-0.003951551858335733,-0.037019871175289154,0.025583719834685326,direct,SAFE_PROGRESSING,NONE,1,0,"-0.759,23.415;-0.569,23.061;-0.379,22.707;-0.190,22.354;-0.000,22.000",0,1,PASS_THROUGH,-1,0.9570566685484163,0.025889444112967896,-0.28874256677969806,0.3285887780074074,inf,5.436410883425589,0.0,0,0,0,DIRECT_LOCAL,PASS_THROUGH,0,BYPASS_VISIBLE,1,14,0.0,22.0,2.0,0.0,22.0,2.0,1,
706,23.566667,0.033333,-0.7472689151763916,23.390798568725586,2.4880075454711914,-2.676846870549918,0.010092713870108128,0.39998157935886586,-0.008189165455821755,-0.03872947523501044,0.40193568951917524,0.0,22.0,2.0,0.955465891240202,0.026642027418078584,-0.29389646655177887,0.3184090758129396,0.39862290024757385,-0.0029668291099369526,-0.03717929869890213,0.028792815282940865,direct,SAFE_PROGRESSING,NONE,1,0,"-0.753,23.403;-0.565,23.052;-0.376,22.701;-0.188,22.351;-0.000,22.000",0,1,PASS_THROUGH,-1,0.9570566685484163,0.025889444112967896,-0.28874256677969806,0.3285887780074074,inf,5.424008039675428,0.0,0,0,0,DIRECT_LOCAL,PASS_THROUGH,0,BYPASS_VISIBLE,1,14,0.0,22.0,2.0,0.0,22.0,2.0,1,
707,23.6,0.033333,-0.7414940595626831,23.378705978393555,2.4864962100982666,-2.676471871699122,0.012101344764232635,0.4052341689257714,-0.007479308300328685,-0.03901276385955265,0.4071764574009321,0.0,22.0,2.0,0.9550299090914114,0.026667255206243634,-0.29530785672009385,0.31576773048290036,0.40320104360580444,-0.0019123819656670094,-0.037339948117733,0.03205204755067825,direct,SAFE_PROGRESSING,NONE,1,0,"-0.747,23.391;-0.560,23.043;-0.374,22.695;-0.187,22.348;0.000,22.000",0,1,PASS_THROUGH,-1,0.9570566685484163,0.025889444112967896,-0.28874256677969806,0.3285887780074074,inf,5.411452152436857,0.0,0,0,0,DIRECT_LOCAL,PASS_THROUGH,0,BYPASS_VISIBLE,1,14,0.0,22.0,2.0,0.0,22.0,2.0,1,
708,23.633333,0.033333,-0.7356141209602356,23.366472244262695,2.4849812984466553,-2.6760292968506785,0.01415207702666521,0.41027708606626045,-0.006696324210322794,-0.039297405362998264,0.4122091874002994,0.0,22.0,2.0,0.95457796752598,0.02662019245632713,-0.2967697243108822,0.31309063321823455,0.40756702423095703,-0.0007943250238895416,-0.03750166296958923,0.0353410504758358,direct,SAFE_PROGRESSING,NONE,1,0,"-0.741,23.379;-0.556,23.034;-0.371,22.689;-0.185,22.345;0.000,22.000",1,1,PASS_THROUGH,-1,0.9996113878647961,0.027876033631347052,0.0,0.31309063321823455,inf,5.39874907048509,0.0,0,0,0,DIRECT_LOCAL,PASS_THROUGH,0,BYPASS_VISIBLE,1,14,0.0,22.0,2.0,0.0,22.0,2.0,1,
709,23.666667,0.033333,-0.7296291589736938,23.354106903076172,2.4834635257720947,-2.6755178180252486,0.016241101548075676,0.4151047193721525,-0.005839395866415327,-0.03958327673638899,0.4170286109924687,0.0,22.0,2.0,0.9541095619366656,0.02649784220359319,-0.2982831007274424,0.3103787704915674,0.41171443462371826,0.0003930646926164627,-0.03766510635614395,0.03866666182875633,direct,SAFE_PROGRESSING,NONE,1,0,"-0.736,23.366;-0.552,23.025;-0.368,22.683;-0.184,22.342;0.000,22.000",0,1,PASS_THROUGH,-1,0.95457796752598,0.02662019245632713,-0.2967697243108822,0.31309063321823455,inf,5.385908469429511,0.0,0,0,0,DIRECT_LOCAL,PASS_THROUGH,0,BYPASS_VISIBLE,1,14,0.0,22.0,2.0,0.0,22.0,2.0,1,
710,23.7,0.033333,-0.7235392332077026,23.34161949157715,2.481943368911743,-2.6749362830439263,0.01836436241865158,0.4197114234895838,-0.004908250653732287,-0.0398705259178766,0.42162949229044766,0.0,22.0,2.0,0.9536243136937236,0.026296326387192814,-0.29984858103835177,0.3076338222356704,0.4156303405761719,0.0016453207936137915,-0.03783004730939865,0.04201086610555649,direct,SAFE_PROGRESSING,NONE,1,0,"-0.730,23.354;-0.547,23.016;-0.365,22.677;-0.182,22.339;-0.000,22.000",0,1,PASS_THROUGH,-1,0.95457796752598,0.02662019245632713,-0.2967697243108822,0.31309063321823455,inf,5.3729400310912645,0.0,0,0,0,DIRECT_LOCAL,PASS_THROUGH,0,BYPASS_VISIBLE,1,14,0.0,22.0,2.0,0.0,22.0,2.0,1,
711,23.733333,0.033333,-0.717344343662262,23.329011917114258,2.4804205894470215,-2.6742835577355324,0.020517420023679733,0.4240913652822465,-0.003902798016831592,-0.04015985958902049,0.4260064932152208,0.0,22.0,2.0,0.953121847448077,0.026011682757239474,-0.30146664206392926,0.3048574671659211,0.419314444065094,0.0029641794972121716,-0.037997014820575714,0.045370787382125854,direct,SAFE_PROGRESSING,NONE,1,0,"-0.724,23.342;-0.543,23.006;-0.362,22.671;-0.181,22.335;0.000,22.000",0,1,PASS_THROUGH,-1,0.95457796752598,0.02662019245632713,-0.2967697243108822,0.31309063321823455,inf,5.359845837263721,0.0,0,0,0,DIRECT_LOCAL,PASS_THROUGH,0,BYPASS_VISIBLE,1,14,0.0,22.0,2.0,0.0,22.0,2.0,1,
712,23.766667,0.033333,-0.7110448479652405,23.316299438476562,2.4788966178894043,-2.6735588877067546,0.022695494815707207,0.42823844304964304,-0.0028232510855489995,-0.04045181550984779,0.4301540238453164,0.0,22.0,2.0,0.952601416822062,0.025642447562885362,-0.30313859132677995,0.30205003447879003,0.4227607846260071,0.0043539428152143955,-0.038166165351867676,0.048748910427093506,direct,SAFE_PROGRESSING,NONE,1,0,"-0.717,23.329;-0.538,22.997;-0.359,22.665;-0.179,22.332;0.000,22.000",0,1,PASS_THROUGH,-1,0.95457796752598,0.02662019245632713,-0.2967697243108822,0.31309063321823455,inf,5.34664130810852,0.0,0,0,0,DIRECT_LOCAL,PASS_THROUGH,0,BYPASS_VISIBLE,1,14,0.0,22.0,2.0,0.0,22.0,2.0,1,
713,23.8,0.033333,-0.704640805721283,23.30348777770996,2.4773707389831543,-2.672761392059382,0.024894244968891144,0.43214642136661346,-0.0016693677075178756,-0.04074658778414553,0.43406635518612197,0.0,22.0,2.0,0.9520627111993097,0.025183178588998212,-0.30486456248631844,0.29921423679708997,0.4259726405143738,0.005814311094582081,-0.03833801671862602,0.05213732644915581,direct,SAFE_PROGRESSING,NONE,1,0,"-0.711,23.316;-0.474,22.878;-0.237,22.439;0.000,22.000",0,1,PASS_THROUGH,-1,0.95457796752598,0.02662019245632713,-0.2967697243108822,0.31309063321823455,inf,5.333332343046582,0.0,0,0,0,DIRECT_LOCAL,PASS_THROUGH,0,BYPASS_VISIBLE,1,14,0.0,22.0,2.0,0.0,22.0,2.0,1,
714,23.833333,0.033333,-0.6981325745582581,23.29058265686035,2.4758448600769043,-2.6718905564371327,0.027109814807772636,0.43580946519736957,-0.0004406001992778261,-0.04104363741783453,0.43773812291898867,0.0,22.0,2.0,0.9515051931511016,0.024631342730428496,-0.3066450135935378,0.2963510790752611,0.4289427697658539,0.007341925520449877,-0.03851298615336418,0.05552525818347931,direct,SAFE_PROGRESSING,NONE,1,0,"-0.705,23.303;-0.470,22.869;-0.235,22.434;0.000,22.000",1,1,PASS_THROUGH,-1,0.9996651073259641,0.025878044651182652,0.0,0.2963510790752611,inf,5.319924872370722,0.0,0,0,0,DIRECT_LOCAL,PASS_THROUGH,0,BYPASS_VISIBLE,1,14,0.0,22.0,2.0,0.0,22.0,2.0,1,
715,23.866667,0.033333,-0.6915205121040344,23.277599334716797,2.4743189811706543,-2.6709458945486633,0.029338223859667778,0.43922255484272665,0.0008637285347234489,-0.04134225136942695,0.4411647996586385,0.0,22.0,2.0,0.9509277782387909,0.023984506685123586,-0.3084819346621581,0.2934615944786006,0.4316674470901489,0.008932039141654968,-0.038691531866788864,0.05889906361699104,direct,SAFE_PROGRESSING,NONE,1,0,"-0.698,23.291;-0.465,22.860;-0.233,22.430;-0.000,22.000",0,1,PASS_THROUGH,-1,0.9515051931511016,0.024631342730428496,-0.3066450135935378,0.2963510790752611,inf,5.306434335186463,0.0,0,0,0,DIRECT_LOCAL,PASS_THROUGH,0,BYPASS_VISIBLE,1,14,0.0,22.0,2.0,0.0,22.0,2.0,1,
716,23.9,0.033333,-0.6848050355911255,23.26454734802246,2.4727931022644043,-2.669926982576069,0.03157493472099304,0.44238147955574864,0.0022441671540182635,-0.041641852246080316,0.4443427208795399,0.0,22.0,2.0,0.950330265955993,0.023237266536841217,-0.3103746366118009,0.2905484936274444,0.434139609336853,0.010583905503153801,-0.03887392207980156,0.062253862619400024,direct,SAFE_PROGRESSING,NONE,1,0,"-0.692,23.278;-0.461,22.852;-0.231,22.426;-0.000,22.000",0,1,PASS_THROUGH,-1,0.9515051931511016,0.024631342730428496,-0.3066450135935378,0.2963510790752611,inf,5.292870480387117,0.0,0,0,0,DIRECT_LOCAL,PASS_THROUGH,0,BYPASS_VISIBLE,1,14,0.0,22.0,2.0,0.0,22.0,2.0,1,
717,23.933333,0.033333,-0.6779866218566895,23.25143051147461,2.4712672233581543,-2.6688336614734243,0.0338149257004261,0.4452823660595369,0.0037007862967117274,-0.04194229331468373,0.4472686410998298,0.0,22.0,2.0,0.9497120564723354,0.022386090085355026,-0.31232334648850385,0.28761348592592817,0.4363635778427124,0.012286779470741749,-0.039060719311237335,0.06556578725576401,direct,SAFE_PROGRESSING,NONE,1,0,"-0.685,23.265;-0.457,22.843;-0.228,22.422;0.000,22.000",0,1,PASS_THROUGH,-1,0.9515051931511016,0.024631342730428496,-0.3066450135935378,0.2963510790752611,inf,5.2792373649455655,0.0,0,0,0,DIRECT_LOCAL,PASS_THROUGH,0,BYPASS_VISIBLE,1,14,0.0,22.0,2.0,0.0,22.0,2.0,1,
718,23.966667,0.033333,-0.6710658669471741,23.238262176513672,2.4697413444519043,-2.667666033353564,0.036052364856004715,0.44792197511256404,0.005232636581536438,-0.0422435386916717,0.4499399880378822,0.0,22.0,2.0,0.9490721197193523,0.02142939433609725,-0.314329274217028,0.2846572805649803,0.43832463026046753,0.014041234739124775,-0.039252061396837234,0.06883423030376434,direct,SAFE_PROGRESSING,NONE,1,0,"-0.678,23.251;-0.452,22.834;-0.226,22.417;-0.000,22.000",0,1,PASS_THROUGH,-1,0.9515051931511016,0.024631342730428496,-0.3066450135935378,0.2963510790752611,inf,5.265548565386169,0.0,0,0,0,DIRECT_LOCAL,PASS_THROUGH,0,BYPASS_VISIBLE,1,14,0.0,22.0,2.0,0.0,22.0,2.0,1,
719,24.0,0.033333,-0.6640434861183167,23.225051879882812,2.4682178497314453,-2.6664242029381597,0.03828077390789986,0.45029694656206126,0.006838036259287612,-0.04254604799241109,0.4523541367366632,0.0,22.0,2.0,0.9484099792680681,0.020362545639513396,-0.3163919688611284,0.2816822760179233,0.44001835584640503,0.01585310511291027,-0.03944791480898857,0.0720657929778099,direct,SAFE_PROGRESSING,NONE,1,0,"-0.671,23.238;-0.447,22.826;-0.224,22.413;-0.000,22.000",0,1,PASS_THROUGH,-1,0.9515051931511016,0.024631342730428496,-0.3066450135935378,0.2963510790752611,inf,5.251813872005352,0.0,0,0,0,DIRECT_LOCAL,PASS_THROUGH,0,BYPASS_VISIBLE,1,14,0.0,22.0,2.0,0.0,22.0,2.0,1,
720,24.033333,0.033333,-0.6569201350212097,23.211807250976562,2.4666950702667236,-2.665108699590053,0.04049435630440712,0.45240366597140275,0.008514869772597118,-0.04285056702582821,0.4545082519449385,0.0,22.0,2.0,0.9477243645578934,0.019182402673333987,-0.31851305193196555,0.2786902122329078,0.4414401054382324,0.017717566341161728,-0.03964811563491821,0.0752447098493576,direct,SAFE_PROGRESSING,NONE,1,0,"-0.664,23.225;-0.443,22.817;-0.221,22.408;-0.000,22.000",1,1,PASS_THROUGH,-1,0.9997952242599865,0.0202363422318238,0.0,0.2786902122329078,inf,5.238041174392583,0.0,0,0,0,DIRECT_LOCAL,PASS_THROUGH,0,BYPASS_VISIBLE,1,14,0.0,22.0,2.0,0.0,22.0,2.0,1,
721,24.066667,0.033333,-0.6496968865394592,23.198537826538086,2.4651741981506348,-2.66372004927246,0.04268784448504448,0.45423817205402844,0.010261118294763723,-0.043157706392077305,0.4563991620507966,0.0,22.0,2.0,0.9470146282380741,0.01788626523582576,-0.32069202581139433,0.27568248963731146,0.44258958101272583,0.01963825710117817,-0.03985285013914108,0.07837316393852234,direct,SAFE_PROGRESSING,NONE,1,0,"-0.657,23.212;-0.438,22.808;-0.219,22.404;0.000,22.000",0,1,PASS_THROUGH,-1,0.9477243645578934,0.019182402673333987,-0.31851305193196555,0.2786902122329078,inf,5.224240301544873,0.0,0,0,0,DIRECT_LOCAL,PASS_THROUGH,0,BYPASS_VISIBLE,1,14,0.0,22.0,2.0,0.0,22.0,2.0,1,
722,24.1,0.033333,-0.6423749327659607,23.18526268005371,2.4636547565460205,-2.6622589763149485,0.0448564775288105,0.4557962911428343,0.012075218786181239,-0.04346750046318439,0.45802346394569643,0.0,22.0,2.0,0.9462796052381293,0.016471092542702515,-0.322929732017385,0.272660885791982,0.44347113370895386,0.021612316370010376,-0.040062226355075836,0.08143709599971771,direct,SAFE_PROGRESSING,NONE,1,0,"-0.650,23.199;-0.433,22.799;-0.217,22.400;0.000,22.000",0,1,PASS_THROUGH,-1,0.9477243645578934,0.019182402673333987,-0.31851305193196555,0.2786902122329078,inf,5.210430603550957,0.0,0,0,0,DIRECT_LOCAL,PASS_THROUGH,0,BYPASS_VISIBLE,1,14,0.0,22.0,2.0,0.0,22.0,2.0,1,
723,24.133333,0.033333,-0.6349554061889648,23.171987533569336,2.4621376991271973,-2.6607264267730706,0.04699591174721718,0.4570743144638687,0.013956205583503753,-0.04377889762032749,0.4593781628394582,0.0,22.0,2.0,0.9455190823043524,0.01493079143743331,-0.3252241326614415,0.269628869001387,0.4440859258174896,0.023642342537641525,-0.040276069194078445,0.08443787693977356,direct,SAFE_PROGRESSING,NONE,1,0,"-0.642,23.185;-0.428,22.790;-0.214,22.395;0.000,22.000",0,1,PASS_THROUGH,-1,0.9477243645578934,0.019182402673333987,-0.31851305193196555,0.2786902122329078,4.998467340616201,5.196618120704491,0.0,0,0,0,DIRECT_LOCAL,PASS_THROUGH,0,BYPASS_VISIBLE,1,14,0.0,22.0,2.0,0.0,22.0,2.0,1,
724,24.166667,0.033333,-0.6274400353431702,23.15871238708496,2.4606223106384277,-2.65912337161472,0.04910208657383919,0.458069568923887,0.015903493346028617,-0.04409023733391899,0.4604612905585922,0.0,22.0,2.0,0.9447315588672907,0.013263440970767482,-0.32757649917812137,0.26658755760091496,0.4444360136985779,0.025716256350278854,-0.04049479588866234,0.08735102415084839,direct,SAFE_PROGRESSING,NONE,1,0,"-0.635,23.172;-0.423,22.781;-0.212,22.391;0.000,22.000",0,1,PASS_THROUGH,-1,0.9477243645578934,0.019182402673333987,-0.31851305193196555,0.2786902122329078,4.984186620735347,5.182803236857465,0.0,0,0,0,DIRECT_LOCAL,PASS_THROUGH,0,BYPASS_VISIBLE,1,14,0.0,22.0,2.0,0.0,22.0,2.0,1,
725,24.2,0.033333,-0.6198299527168274,23.14545249938965,2.45910906791687,-2.6574510069714483,0.05117049440741539,0.45878069134506666,0.017916441980916388,-0.0444002911244575,0.4612722704610038,0.0,22.0,2.0,0.9439154065301198,0.011469534989599295,-0.329988113546838,0.26353712405925406,0.4445129334926605,0.027819786220788956,-0.0407189279794693,0.09015088528394699,direct,SAFE_PROGRESSING,NONE,1,0,"-0.627,23.159;-0.418,22.772;-0.209,22.386;-0.000,22.000",0,1,PASS_THROUGH,-1,0.9477243645578934,0.019182402673333987,-0.31851305193196555,0.2786902122329078,4.969896408143305,5.169001505086042,0.0,0,0,0,DIRECT_LOCAL,PASS_THROUGH,0,BYPASS_VISIBLE,1,14,0.0,22.0,2.0,0.0,22.0,2.0,1,
726,24.233333,0.033333,-0.6121270060539246,23.132219314575195,2.45759916305542,-2.655710702509244,0.05319492891430855,0.4592071802397804,0.01999337900682153,-0.044709052206286404,0.4618115080171402,0.0,22.0,2.0,0.9430697358044116,0.009544067601389983,-0.33245809387563063,0.2604803715171596,0.44431063532829285,0.02994835563004017,-0.04094945639371872,0.0928361788392067,direct,SAFE_PROGRESSING,NONE,1,0,"-0.620,23.145;-0.413,22.764;-0.207,22.382;-0.000,22.000",1,1,PASS_THROUGH,-1,0.9999487945669365,0.010119695851691035,0.0,0.2604803715171596,4.955612306252412,5.155224733377395,0.0,0,0,0,DIRECT_LOCAL,PASS_THROUGH,0,BYPASS_VISIBLE,1,14,0.0,22.0,2.0,0.0,22.0,2.0,1,
727,24.266667,0.033333,-0.6043329834938049,23.11902618408203,2.4560914039611816,-2.6539040624920176,0.05516808480024338,0.4593485845010267,0.022131088860671107,-0.04501792736489574,0.4620795612894892,0.0,22.0,2.0,0.9421931752630828,0.007483764897451506,-0.33498658741900295,0.25741950569742506,0.44380220770835876,0.03210176154971123,-0.04118615388870239,0.09540832042694092,direct,SAFE_PROGRESSING,NONE,1,0,"-0.612,23.132;-0.408,22.755;-0.204,22.377;0.000,22.000",0,1,PASS_THROUGH,-1,0.9430697358044116,0.009544067601389983,-0.33245809387563063,0.2604803715171596,4.926913598568278,5.141486629157365,0.0,0,0,0,DIRECT_LOCAL,PASS_THROUGH,0,BYPASS_VISIBLE,1,14,0.0,22.0,2.0,0.0,22.0,2.0,1,
728,24.3,0.033333,-0.5964499711990356,23.105878829956055,2.4545857906341553,-2.6520328421222943,0.05708271637558937,0.4592029991792504,0.024325032088879005,-0.04533014766070311,0.4620756690503028,0.0,22.0,2.0,0.9412849797795256,0.0052845839968432284,-0.33757171091997357,0.25435706835861394,0.442978173494339,0.03427344933152199,-0.04142892360687256,0.09785501658916473,direct,SAFE_PROGRESSING,NONE,1,0,"-0.604,23.119;-0.403,22.746;-0.201,22.373;0.000,22.000",0,1,PASS_THROUGH,-1,0.9430697358044116,0.009544067601389983,-0.33245809387563063,0.2604803715171596,4.912796315192025,5.127793315166981,0.0,0,0,0,DIRECT_LOCAL,PASS_THROUGH,0,BYPASS_VISIBLE,1,14,0.0,22.0,2.0,0.0,22.0,2.0,1,
729,24.333333,0.033333,-0.5884802341461182,23.092788696289062,2.45308256149292,-2.650099097920154,0.05893203616142273,0.45876642052867816,0.026569939445418772,-0.0456492281740774,0.4617969708862523,0.0,22.0,2.0,0.9403435094301521,0.0029454226136694794,-0.34021376920726254,0.2512942939812445,0.4418807625770569,0.036470137536525726,-0.04167944937944412,0.1001817137002945,direct,SAFE_PROGRESSING,NONE,1,0,"-0.596,23.106;-0.398,22.737;-0.199,22.369;0.000,22.000",0,1,PASS_THROUGH,-1,0.9430697358044116,0.009544067601389983,-0.33245809387563063,0.2604803715171596,4.898719912025856,5.114156633240739,0.0,0,0,0,DIRECT_LOCAL,PASS_THROUGH,0,BYPASS_VISIBLE,1,14,0.0,22.0,2.0,0.0,22.0,2.0,1,
730,24.366667,0.033333,-0.5804262161254883,23.07976722717285,2.451582193374634,-2.6481050578485053,0.06071074306964874,0.45803402856685893,0.02886060876040167,-0.04597537174859293,0.4612394615279882,0.0,22.0,2.0,0.9393674420495246,0.00046327807458712567,-0.34291193357881095,0.24823344824723512,0.44049227237701416,0.038688380271196365,-0.04193760082125664,0.10237905383110046,direct,SAFE_PROGRESSING,NONE,1,0,"-0.588,23.093;-0.392,22.729;-0.196,22.364;0.000,22.000",0,1,PASS_THROUGH,-1,0.9430697358044116,0.009544067601389983,-0.33245809387563063,0.2604803715171596,4.88469644566583,5.1005884377409405,0.0,0,0,0,DIRECT_LOCAL,PASS_THROUGH,0,BYPASS_VISIBLE,1,14,0.0,22.0,2.0,0.0,22.0,2.0,1,
731,24.4,0.033333,-0.5722910165786743,23.066822052001953,2.4500839710235596,-2.646053091535733,0.062414444983005524,0.45700211664521234,0.031192720251704296,-0.046306864577066786,0.4604000935293826,0.0,22.0,2.0,0.9383553487657219,-0.002164810590975619,-0.34566537726226754,0.24517682249693182,0.43882662057876587,0.040934253484010696,-0.04220442846417427,0.10445660352706909,direct,SAFE_PROGRESSING,NONE,1,0,"-0.580,23.080;-0.387,22.720;-0.193,22.360;0.000,22.000",0,1,PASS_THROUGH,-1,0.9430697358044116,0.009544067601389983,-0.33245809387563063,0.2604803715171596,4.858806791736644,5.087096823107885,0.0,0,0,0,DIRECT_LOCAL,PASS_THROUGH,0,BYPASS_VISIBLE,1,14,0.0,22.0,2.0,0.0,22.0,2.0,1,
732,24.433333,0.033333,-0.5640777945518494,23.053966522216797,2.44858717918396,-2.643945814372405,0.06403990089893341,0.45566890847470903,0.0335630536396389,-0.04664116971535168,0.4592777279953453,0.0,22.0,2.0,0.9373057687564257,-0.004939940231501516,-0.3484730876932039,0.2421261074972553,0.43688327074050903,0.04318852350115776,-0.042480599135160446,0.10637487471103668,direct,SAFE_PROGRESSING,NONE,1,0,"-0.572,23.067;-0.382,22.711;-0.191,22.356;0.000,22.000",1,1,PASS_THROUGH,-1,0.9999861119341855,-0.005270288298599046,0.0,0.2421261074972553,4.845055478180935,5.073695591195856,0.0,0,0,0,DIRECT_LOCAL,PASS_THROUGH,0,BYPASS_VISIBLE,1,14,0.0,22.0,2.0,0.0,22.0,2.0,1,
733,24.466667,0.033333,-0.5557897686958313,23.041208267211914,2.4470930099487305,-2.6417858320845276,0.06558346748352051,0.4540348288566195,0.035968851935479565,-0.04697631412619008,0.45787351770254064,0.0,22.0,2.0,0.9362176717011867,-0.007865431459205263,-0.35133261474330785,0.2390840177226615,0.43467211723327637,0.0454348623752594,-0.04276767745614052,0.10810305923223495,direct,SAFE_PROGRESSING,NONE,1,0,"-0.564,23.054;-0.376,22.703;-0.188,22.351;-0.000,22.000",0,1,PASS_THROUGH,-1,0.9373057687564257,-0.004939940231501516,-0.3484730876932039,0.2421261074972553,4.821779211714351,5.060392835567271,0.0,0,0,0,DIRECT_LOCAL,PASS_THROUGH,0,BYPASS_VISIBLE,1,14,0.0,22.0,2.0,0.0,22.0,2.0,1,
734,24.5,0.033333,-0.5474307537078857,23.028562545776367,2.4455997943878174,-2.639575946389726,0.06703905016183853,0.45210210359384795,0.038406656233204474,-0.04731130786774199,0.45619046808230684,0.0,22.0,2.0,0.9350890433193091,-0.010942457352391743,-0.3542439042401018,0.23605227579478258,0.4321490228176117,0.04767604544758797,-0.04306412488222122,0.1096472516655922,direct,SAFE_PROGRESSING,NONE,1,0,"-0.556,23.041;-0.371,22.694;-0.185,22.347;0.000,22.000",0,1,PASS_THROUGH,-1,0.9373057687564257,-0.004939940231501516,-0.3484730876932039,0.2421261074972553,4.808361674851218,5.047204295999219,0.0,0,0,0,DIRECT_LOCAL,PASS_THROUGH,0,BYPASS_VISIBLE,1,14,0.0,22.0,2.0,0.0,22.0,2.0,1,
735,24.533333,0.033333,-0.5390046238899231,23.01603126525879,2.4441089630126953,-2.6373190479113986,0.06839877367019653,0.4498726825036898,0.04087200985495286,-0.04764816722632661,0.4542315483238446,0.0,22.0,2.0,0.9339192442850454,-0.014174709302967992,-0.35720291539995336,0.23303401817581443,0.4293270409107208,0.04991837218403816,-0.04337038844823837,0.11102710664272308,direct,SAFE_PROGRESSING,NONE,1,0,"-0.547,23.029;-0.365,22.686;-0.182,22.343;0.000,22.000",0,1,PASS_THROUGH,-1,0.9373057687564257,-0.004939940231501516,-0.3484730876932039,0.2421261074972553,4.7878100481481045,5.034132388141307,0.0,0,0,0,DIRECT_LOCAL,PASS_THROUGH,0,BYPASS_VISIBLE,1,14,0.0,22.0,2.0,0.0,22.0,2.0,1,
736,24.566667,0.033333,-0.5305151343345642,23.00362777709961,2.4426181316375732,-2.6350185171692466,0.06965601444244385,0.4473470846125791,0.043359381831977635,-0.04798946898484242,0.45199827348970295,0.0,22.0,2.0,0.9327056929758077,-0.01756049997575837,-0.3602106593802017,0.23003004295596635,0.42628374695777893,0.052152831107378006,-0.0436885803937912,0.11219324171543121,direct,SAFE_PROGRESSING,NONE,1,0,"-0.539,23.016;-0.359,22.677;-0.180,22.339;-0.000,22.000",0,1,PASS_THROUGH,-1,0.9373057687564257,-0.004939940231501516,-0.3484730876932039,0.2421261074972553,4.769777433935054,5.021190927918276,0.0,0,0,0,DIRECT_LOCAL,PASS_THROUGH,0,BYPASS_VISIBLE,1,14,0.0,22.0,2.0,0.0,22.0,2.0,1,
737,24.6,0.033333,-0.5219666957855225,22.991361618041992,2.441127300262451,-2.632677707095243,0.070805124938488,0.4445268049805227,0.04586362407386947,-0.04833301953677871,0.44949263969160086,0.0,22.0,2.0,0.9314477736667028,-0.02110270411086873,-0.3632626058522289,0.22704316970337812,0.4229477643966675,0.05439702421426773,-0.04401494562625885,0.11318188905715942,direct,SAFE_PROGRESSING,NONE,1,0,"-0.531,23.004;-0.354,22.669;-0.177,22.335;0.000,22.000",0,1,PASS_THROUGH,-1,0.9373057687564257,-0.004939940231501516,-0.3484730876932039,0.2421261074972553,4.757053999791972,5.008389959400327,0.0,0,0,0,DIRECT_LOCAL,PASS_THROUGH,0,BYPASS_VISIBLE,1,14,0.0,22.0,2.0,0.0,22.0,2.0,1,
738,24.633333,0.033333,-0.5133639574050903,22.9792423248291,2.439636468887329,-2.6303005166660913,0.07184070348739624,0.4414140756057329,0.04838018689531497,-0.04867753205687558,0.44671750665721344,0.0,22.0,2.0,0.9301439771564541,-0.024801909868026273,-0.36635644804817113,0.22407562020318883,0.41929367184638977,0.0566757470369339,-0.04434802010655403,0.11406167596578598,direct,SAFE_PROGRESSING,NONE,1,0,"-0.522,22.991;-0.348,22.661;-0.174,22.330;0.000,22.000",1,1,PASS_THROUGH,-1,0.9996446892189272,-0.026655118015013135,0.0,0.22407562020318883,4.744479163986409,4.995739529968866,0.0,0,0,0,DIRECT_LOCAL,PASS_THROUGH,0,BYPASS_VISIBLE,1,14,0.0,22.0,2.0,0.0,22.0,2.0,1,
739,24.666667,0.033333,-0.5047113299369812,22.967275619506836,2.438145637512207,-2.627890457948929,0.07276184111833572,0.43800989186967143,0.0509071074106115,-0.04902479898389321,0.44367514002477965,0.0,22.0,2.0,0.92879281714596,-0.028658997330332114,-0.3694896002461929,0.22112965278309638,0.4153776168823242,0.05894254893064499,-0.044689733535051346,0.11474166065454483,direct,SAFE_PROGRESSING,NONE,1,0,"-0.513,22.979;-0.342,22.653;-0.171,22.326;0.000,22.000",0,1,PASS_THROUGH,-1,0.9301439771564541,-0.024801909868026273,-0.36635644804817113,0.22407562020318883,4.732063054264389,4.983245851391199,0.0,0,0,0,DIRECT_LOCAL,PASS_THROUGH,0,BYPASS_VISIBLE,1,14,0.0,22.0,2.0,0.0,22.0,2.0,1,
740,24.7,0.033333,-0.4960139989852905,22.95547103881836,2.436654806137085,-2.625451410794887,0.07356937229633331,0.4343145827358866,0.0534437664765094,-0.04937516039634246,0.4403672324508346,0.0,22.0,2.0,0.9273924762107493,-0.03267326092783257,-0.37266023813661264,0.21820684229960247,0.41121867299079895,0.06117050349712372,-0.04504009336233139,0.1151701807975769,direct,SAFE_PROGRESSING,NONE,1,0,"-0.505,22.967;-0.336,22.645;-0.168,22.322;0.000,22.000",0,1,PASS_THROUGH,-1,0.9301439771564541,-0.024801909868026273,-0.36635644804817113,0.22407562020318883,4.719811952398578,4.970918976922739,0.0,0,0,0,DIRECT_LOCAL,PASS_THROUGH,0,BYPASS_VISIBLE,1,14,0.0,22.0,2.0,0.0,22.0,2.0,1,
741,24.733333,0.033333,-0.4872767925262451,22.943845748901367,2.435163974761963,-2.622987178268868,0.07425978779792786,0.43032943350298625,0.05598835976156953,-0.049726742316276926,0.4367961385694494,0.0,22.0,2.0,0.9259415655031802,-0.036845039437080396,-0.3758652156590176,0.21530952540099238,0.4067368805408478,0.06337912380695343,-0.04539579153060913,0.1154257208108902,direct,SAFE_PROGRESSING,NONE,1,0,"-0.496,22.955;-0.331,22.637;-0.165,22.318;-0.000,22.000",0,1,PASS_THROUGH,-1,0.9301439771564541,-0.024801909868026273,-0.36635644804817113,0.22407562020318883,4.707735951076484,4.958776536307134,0.0,0,0,0,DIRECT_LOCAL,PASS_THROUGH,0,BYPASS_VISIBLE,1,14,0.0,22.0,2.0,0.0,22.0,2.0,1,
742,24.766667,0.033333,-0.4785049557685852,22.932401657104492,2.4336702823638916,-2.620501901073881,0.07482828944921494,0.4260558996789349,0.0585367662178489,-0.05008071650209067,0.43296450295126115,0.0,22.0,2.0,0.9244394471750306,-0.04117776947231938,-0.3790990633172398,0.212441377349503,0.402060866355896,0.06555244326591492,-0.045762352645397186,0.11544522643089294,direct,SAFE_PROGRESSING,NONE,1,0,"-0.487,22.944;-0.325,22.629;-0.162,22.315;0.000,22.000",0,1,PASS_THROUGH,-1,0.9301439771564541,-0.024801909868026273,-0.36635644804817113,0.22407562020318883,4.695852726847993,4.946820939364947,0.0,0,0,0,DIRECT_LOCAL,PASS_THROUGH,0,BYPASS_VISIBLE,1,14,0.0,22.0,2.0,0.0,22.0,2.0,1,
743,24.8,0.033333,-0.46970394253730774,22.92115020751953,2.432175397872925,-2.6179994037158663,0.07527117431163788,0.42149765844021203,0.061082823671316774,-0.050434767958171804,0.42887650114833487,0.0,22.0,2.0,0.922885062806786,-0.04566883679737038,-0.3823578405024414,0.2096034200929268,0.39717409014701843,0.0676666647195816,-0.046139318495988846,0.11516274511814117,direct,SAFE_PROGRESSING,NONE,1,0,"-0.479,22.932;-0.319,22.622;-0.160,22.311;-0.000,22.000",0,1,PASS_THROUGH,-1,0.9301439771564541,-0.024801909868026273,-0.36635644804817113,0.22407562020318883,4.684164685630938,4.935064108356139,0.0,0,0,0,DIRECT_LOCAL,PASS_THROUGH,0,BYPASS_VISIBLE,1,14,0.0,22.0,2.0,0.0,22.0,2.0,1,
744,24.833333,0.033333,-0.4608793556690216,22.91009521484375,2.430677890777588,-2.6154838299944134,0.07558067888021469,0.416661565268787,0.06361848274062289,-0.050785369186976605,0.42453895585907325,0.0,22.0,2.0,0.9212769836831618,-0.05031894207540022,-0.3856380730737927,0.20679840409909994,0.3919071555137634,0.06977193057537079,-0.04651932418346405,0.11472149193286896,direct,SAFE_PROGRESSING,NONE,1,0,"-0.470,22.921;-0.313,22.614;-0.157,22.307;0.000,22.000",1,1,PASS_THROUGH,-1,0.9985117283792588,-0.0545374026615249,0.0,0.20679840409909994,4.672683735827703,4.923510338756168,0.0,0,0,0,DIRECT_LOCAL,PASS_THROUGH,0,BYPASS_VISIBLE,1,14,0.0,22.0,2.0,0.0,22.0,2.0,1,
745,24.866667,0.033333,-0.4520372450351715,22.899246215820312,2.4291768074035645,-2.612959834904555,0.07574982941150665,0.41155181403540536,0.06613578418714329,-0.051138108445292686,0.4199570736649683,0.0,22.0,2.0,0.9196141668289909,-0.05512510142713628,-0.3889357367998842,0.20402775110885124,0.38628894090652466,0.0718708336353302,-0.04690336063504219,0.1141427680850029,direct,SAFE_PROGRESSING,NONE,1,0,"-0.461,22.910;-0.307,22.607;-0.154,22.303;-0.000,22.000",0,1,PASS_THROUGH,-1,0.9212769836831618,-0.05031894207540022,-0.3856380730737927,0.20679840409909994,4.661414124804102,4.912169642332659,0.0,0,0,0,DIRECT_LOCAL,PASS_THROUGH,0,BYPASS_VISIBLE,1,14,0.0,22.0,2.0,0.0,22.0,2.0,1,
746,24.9,0.033333,-0.44318363070487976,22.888612747192383,2.4276721477508545,-2.6104318933984634,0.07577954232692719,0.40616508735651785,0.06862954752744724,-0.05150172375957655,0.4151295225966924,0.0,22.0,2.0,0.9178961637803262,-0.06008642237888778,-0.39224514574825065,0.20129395694517407,0.380397766828537,0.07391864061355591,-0.047293566167354584,0.11329930275678635,direct,SAFE_PROGRESSING,NONE,1,0,"-0.452,22.899;-0.301,22.599;-0.151,22.300;0.000,22.000",0,1,PASS_THROUGH,-1,0.9212769836831618,-0.05031894207540022,-0.3856380730737927,0.20679840409909994,4.650365789343228,4.90105200626416,0.0,0,0,0,DIRECT_LOCAL,PASS_THROUGH,0,BYPASS_VISIBLE,1,14,0.0,22.0,2.0,0.0,22.0,2.0,1,
747,24.933333,0.033333,-0.4343251883983612,22.878196716308594,2.426163673400879,-2.6079047837168314,0.07567137479782104,0.4004931941670072,0.07109627265461509,-0.051878473774938406,0.4100498196569394,0.0,22.0,2.0,0.916122415030665,-0.06520167812269878,-0.3955609458078057,0.19859953121773,0.37418827414512634,0.07594825327396393,-0.04768623039126396,0.1122838705778122,direct,SAFE_PROGRESSING,NONE,1,0,"-0.443,22.889;-0.222,22.444;0.000,22.000",0,1,PASS_THROUGH,-1,0.9212769836831618,-0.05031894207540022,-0.3856380730737927,0.20679840409909994,4.639548621088802,4.89015981271183,0.0,0,0,0,DIRECT_LOCAL,PASS_THROUGH,0,BYPASS_VISIBLE,1,14,0.0,22.0,2.0,0.0,22.0,2.0,1,
748,24.966667,0.033333,-0.4254685938358307,22.868013381958008,2.4246504306793213,-2.6053830377497853,0.07542618364095688,0.39452681880126056,0.07353437680883454,-0.052264974469551466,0.40471019616808424,0.0,22.0,2.0,0.9142919340675565,-0.07046600613743381,-0.3988794320067731,0.19594569061987238,0.3676683008670807,0.07800652086734772,-0.04807717353105545,0.11120009422302246,direct,SAFE_PROGRESSING,NONE,1,0,"-0.434,22.878;-0.217,22.439;0.000,22.000",0,1,PASS_THROUGH,-1,0.9212769836831618,-0.05031894207540022,-0.3856380730737927,0.20679840409909994,4.628964849968951,4.879508747568654,0.0,0,0,0,DIRECT_LOCAL,PASS_THROUGH,0,BYPASS_VISIBLE,1,14,0.0,22.0,2.0,0.0,22.0,2.0,1,
749,25.0,0.033333,-0.4166210889816284,22.858068466186523,2.4231324195861816,-2.6028714589753634,0.07505183666944504,0.38825839574559073,0.07594430627658792,-0.05265375763915037,0.3991046701258884,0.0,22.0,2.0,0.912405569519725,-0.07587978691370528,-0.4021919127074999,0.1933360551577297,0.36105334758758545,0.08000920712947845,-0.048471108078956604,0.10977548360824585,direct,SAFE_PROGRESSING,NONE,1,0,"-0.425,22.868;-0.213,22.434;0.000,22.000",0,1,PASS_THROUGH,-1,0.9212769836831618,-0.05031894207540022,-0.3856380730737927,0.20679840409909994,4.618630002998594,4.869104977763307,0.0,0,0,0,DIRECT_LOCAL,PASS_THROUGH,0,BYPASS_VISIBLE,1,14,0.0,22.0,2.0,0.0,22.0,2.0,1,
750,25.033333,0.033333,-0.40778982639312744,22.84836769104004,2.4216089248657227,-2.600374143332335,0.07455208897590637,0.38168958039023176,0.07832765435864707,-0.05303041769275297,0.39323578476083104,0.0,22.0,2.0,0.910463183173425,-0.08143934463149893,-0.4054928177313457,0.19077260017601383,0.35409772396087646,0.08200806379318237,-0.04886147379875183,0.10820793360471725,direct,SAFE_PROGRESSING,NONE,1,0,"-0.417,22.858;-0.208,22.429;0.000,22.000",1,1,PASS_THROUGH,-1,0.996023351673496,-0.0890925525568535,0.0,0.19077260017601383,4.608550027780941,4.858954635081621,0.0,0,0,0,DIRECT_LOCAL,PASS_THROUGH,0,CORRIDOR_CLEAR,1,14,0.0,22.0,2.0,0.0,22.0,2.0,1,
751,25.066667,0.033333,-0.39898204803466797,22.83892059326172,2.4200797080993652,-2.597895379343168,0.07392529398202896,0.37482821147685835,0.08068582654789914,-0.0533905444431871,0.38711360213843965,0.0,22.0,2.0,0.9084651669518041,-0.08714066288255945,-0.40877566623714146,0.1882573007041527,0.34676507115364075,0.08405957370996475,-0.049248382449150085,0.10671082139015198,direct,SAFE_PROGRESSING,NONE,1,0,"-0.408,22.848;-0.204,22.424;0.000,22.000",0,1,PASS_THROUGH,-1,0.910463183173425,-0.08143934463149893,-0.4054928177313457,0.19077260017601383,4.598730812521587,4.849067635210987,0.0,0,0,0,DIRECT_LOCAL,PASS_THROUGH,0,CORRIDOR_CLEAR,1,14,0.0,22.0,2.0,0.0,22.0,2.0,1,
752,25.1,0.033333,-0.3902049958705902,22.829734802246094,2.418544292449951,-2.595439310439937,0.07318263500928879,0.3676782551648676,0.08302150761246203,-0.05374422138944985,0.38074704382317365,0.0,22.0,2.0,0.9064124616754545,-0.09298113783467388,-0.4120327139031703,0.18579283478676267,0.3389926254749298,0.08608289062976837,-0.04963960498571396,0.1051955372095108,direct,SAFE_PROGRESSING,NONE,1,0,"-0.399,22.839;-0.199,22.419;0.000,22.000",0,1,PASS_THROUGH,-1,0.910463183173425,-0.08143934463149893,-0.4054928177313457,0.19077260017601383,4.5891820025241055,4.83945195867071,0.0,0,0,0,DIRECT_LOCAL,PASS_THROUGH,0,CORRIDOR_CLEAR,1,14,0.0,22.0,2.0,0.0,22.0,2.0,1,
753,25.133333,0.033333,-0.38146573305130005,22.820816040039062,2.4170022010803223,-2.593009672819463,0.07234465330839157,0.36023330525383784,0.08533731585737533,-0.0541097944748779,0.37413682196485243,0.0,22.0,2.0,0.9043062028351607,-0.09895742660103118,-0.41525620914605826,0.18338154551216232,0.33094602823257446,0.08798612654209137,-0.05004612356424332,0.10344880074262619,direct,SAFE_PROGRESSING,NONE,1,0,"-0.390,22.830;-0.195,22.415;-0.000,22.000",0,1,PASS_THROUGH,-1,0.910463183173425,-0.08143934463149893,-0.4054928177313457,0.19077260017601383,4.57991127649838,4.830113641424666,0.0,0,0,0,DIRECT_LOCAL,PASS_THROUGH,0,CORRIDOR_CLEAR,1,14,0.0,22.0,2.0,0.0,22.0,2.0,1,
754,25.166667,0.033333,-0.3727715313434601,22.812170028686523,2.415452480316162,-2.5906090810074374,0.07142342627048492,0.3524800617939944,0.08763078691664752,-0.05449711601293726,0.3672754884710613,0.0,22.0,2.0,0.9021475334724619,-0.10506618713293842,-0.4184386743250434,0.18102542109635028,0.32251524925231934,0.08977404236793518,-0.050464142113924026,0.10152523219585419,direct,SAFE_PROGRESSING,NONE,1,0,"-0.381,22.821;-0.191,22.410;-0.000,22.000",0,1,PASS_THROUGH,-1,0.910463183173425,-0.08143934463149893,-0.4054928177313457,0.19077260017601383,4.570924344619459,4.821058698903118,0.0,0,0,0,DIRECT_LOCAL,PASS_THROUGH,0,CORRIDOR_CLEAR,1,14,0.0,22.0,2.0,0.0,22.0,2.0,1,
755,25.2,0.033333,-0.3641302287578583,22.803808212280273,2.4138946533203125,-2.5882400194953252,0.0704195573925972,0.34440255379137275,0.08989153711507634,-0.05490797942661934,0.36015065418189174,0.0,22.0,2.0,0.8999381536980571,-0.11130364591250252,-0.4215718419500008,0.1787264692290223,0.31364676356315613,0.0914829820394516,-0.05088634788990021,0.09953193366527557,direct,SAFE_PROGRESSING,NONE,1,0,"-0.373,22.812;-0.186,22.406;0.000,22.000",0,1,PASS_THROUGH,-1,0.910463183173425,-0.08143934463149893,-0.4054928177313457,0.19077260017601383,4.562226859033351,4.812298857413756,0.0,0,0,0,DIRECT_LOCAL,PASS_THROUGH,0,CORRIDOR_CLEAR,1,14,0.0,22.0,2.0,0.0,22.0,2.0,1,
756,25.233333,0.033333,-0.3555501699447632,22.795738220214844,2.412327527999878,-2.5859044930607524,0.06933353841304779,0.3359831723625131,0.0921039352636692,-0.05533785042108651,0.35274651619974784,0.0,22.0,2.0,0.8976806642640787,-0.1176680298943461,-0.42464533406972216,0.17648778605041873,0.3045385479927063,0.0930948406457901,-0.05130830779671669,0.09732525050640106,direct,SAFE_PROGRESSING,NONE,1,0,"-0.364,22.804;-0.182,22.402;0.000,22.000",1,1,PASS_THROUGH,-1,0.9915181557211684,-0.129968253336315,0.0,0.17648778605041873,4.553830134907978,4.803842023097741,0.0,0,0,0,DIRECT_LOCAL,PASS_THROUGH,0,CORRIDOR_CLEAR,1,14,0.0,22.0,2.0,0.0,22.0,2.0,1,
757,25.266667,0.033333,-0.3470406234264374,22.7879695892334,2.4107508659362793,-2.5836047447029102,0.06816516071557999,0.3272097494299251,0.09425145230179724,-0.05576985225001894,0.3450504786302742,0.0,22.0,2.0,0.8953780964575978,-0.12415478346658826,-0.42764898471331964,0.17431181697847536,0.2952001988887787,0.09463299065828323,-0.051719650626182556,0.0949036180973053,direct,SAFE_PROGRESSING,NONE,1,0,"-0.356,22.796;-0.178,22.398;0.000,22.000",0,1,PASS_THROUGH,-1,0.8976806642640787,-0.1176680298943461,-0.42464533406972216,0.17648778605041873,4.54574160848463,4.795698013464377,0.0,0,0,0,DIRECT_LOCAL,PASS_THROUGH,0,CORRIDOR_CLEAR,1,14,0.0,22.0,2.0,0.0,22.0,2.0,1,
758,25.3,0.033333,-0.33861154317855835,22.780506134033203,2.4091639518737793,-2.5813436889654287,0.06690908223390579,0.31808204754037733,0.09632020095836112,-0.05618120409767207,0.3370609704104025,0.0,22.0,2.0,0.8930340965723901,-0.13075816088387726,-0.4305721841008791,0.17220142483322964,0.285606324672699,0.09613996744155884,-0.05211151763796806,0.09235577285289764,direct,SAFE_PROGRESSING,NONE,1,0,"-0.347,22.788;-0.174,22.394;0.000,22.000",0,1,PASS_THROUGH,-1,0.8976806642640787,-0.1176680298943461,-0.42464533406972216,0.17648778605041873,4.537970554192352,4.787870920791001,0.0,0,0,0,DIRECT_LOCAL,PASS_THROUGH,0,CORRIDOR_CLEAR,1,14,0.0,22.0,2.0,0.0,22.0,2.0,1,
759,25.333333,0.033333,-0.33027297258377075,22.773361206054688,2.407566785812378,-2.5791244882464746,0.06556079536676407,0.30861098729350966,0.09830290431585714,-0.05655462723844094,0.3287896414689586,0.0,22.0,2.0,0.8906525912422802,-0.13746844520539114,-0.4334055702067339,0.17015846760443293,0.275758296251297,0.09762027859687805,-0.05248171091079712,0.08968789875507355,direct,SAFE_PROGRESSING,NONE,1,0,"-0.339,22.781;-0.169,22.390;0.000,22.000",0,1,PASS_THROUGH,-1,0.8976806642640787,-0.1176680298943461,-0.42464533406972216,0.17648778605041873,4.483700532049903,4.780374327512482,0.0,0,0,0,DIRECT_LOCAL,PASS_THROUGH,0,CORRIDOR_CLEAR,1,14,0.0,22.0,2.0,0.0,22.0,2.0,1,
760,25.366667,0.033333,-0.3220351040363312,22.76653480529785,2.405959367752075,-2.576950974393774,0.06411997973918915,0.29881384795014515,0.10019938664102722,-0.05688334422631185,0.32025825151021403,0.0,22.0,2.0,0.8882390497794572,-0.14427878602000627,-0.4361364721637943,0.1681865382781489,0.2656548321247101,0.09905639290809631,-0.052833300083875656,0.08686858415603638,direct,SAFE_PROGRESSING,NONE,1,0,"-0.330,22.773;-0.165,22.387;0.000,22.000",0,1,PASS_THROUGH,-1,0.8976806642640787,-0.1176680298943461,-0.42464533406972216,0.17648778605041873,4.461260032988524,4.773208442473071,0.0,0,0,0,DIRECT_LOCAL,PASS_THROUGH,0,CORRIDOR_CLEAR,1,14,0.0,22.0,2.0,0.0,22.0,2.0,1,
761,25.4,0.033333,-0.3139077126979828,22.760032653808594,2.404341697692871,-2.574826732048576,0.06258714944124222,0.2887087108547028,0.1020145789090237,-0.05717042520071773,0.3114934213607096,0.0,22.0,2.0,0.8857980384470661,-0.15117580008686082,-0.4387570085496386,0.16628676627617794,0.25533327460289,0.1004338189959526,-0.053171757608652115,0.08386971056461334,direct,SAFE_PROGRESSING,NONE,1,0,"-0.322,22.767;-0.161,22.383;-0.000,22.000",0,1,PASS_THROUGH,-1,0.8976806642640787,-0.1176680298943461,-0.42464533406972216,0.17648778605041873,4.453426079621977,4.766379133178274,0.0,0,0,0,DIRECT_LOCAL,PASS_THROUGH,0,CORRIDOR_CLEAR,1,14,0.0,22.0,2.0,0.0,22.0,2.0,1,
762,25.433333,0.033333,-0.30590012669563293,22.753881454467773,2.4027135372161865,-2.572755148565429,0.060960717499256134,0.27831216725082314,0.10375435809725014,-0.05742347551954324,0.3025228665816292,0.0,22.0,2.0,0.8833353057018037,-0.1581485299718301,-0.4412570454604097,0.16446126436904382,0.24480745196342468,0.10173691809177399,-0.053501397371292114,0.0806787759065628,direct,SAFE_PROGRESSING,NONE,1,0,"-0.314,22.760;-0.157,22.380;-0.000,22.000",1,1,PASS_THROUGH,-1,0.9843483945557228,-0.17623347620577362,0.0,0.16446126436904382,4.434365611173568,4.759913175896473,0.0,0,0,0,DIRECT_LOCAL,PASS_THROUGH,0,CORRIDOR_CLEAR,1,14,0.0,22.0,2.0,0.0,22.0,2.0,1,
763,25.466667,0.033333,-0.29802125692367554,22.748062133789062,2.4010748863220215,-2.570739645015446,0.05923650786280632,0.26763891507850723,0.10542200791525488,-0.05765056503621495,0.2933734416512157,0.0,22.0,2.0,0.8808597872905903,-0.16519507492757513,-0.44361765333905373,0.16271596540018435,0.23408466577529907,0.10296858102083206,-0.05382409319281578,0.0773228108882904,local_avoidance,SAFE_PROGRESSING,NONE,1,0,"-0.306,22.754;-0.121,22.392;0.065,22.030",0,1,PASS_THROUGH,-1,0.8833353057018037,-0.1581485299718301,-0.4412570454604097,0.16446126436904382,4.418239102310688,4.753791556305488,0.0,0,0,0,DIRECT_LOCAL,PASS_THROUGH,0,CORRIDOR_CLEAR,1,14,0.0,22.0,2.0,0.0,22.0,2.0,1,
764,25.5,0.033333,-0.29027965664863586,22.74258804321289,2.3994245529174805,-2.5687831407971147,0.057410161942243576,0.25670236447679795,0.10701689643202467,-0.05785831261671678,0.2840709495685456,0.0,22.0,2.0,0.878375268798746,-0.1722933291374728,-0.44583841904602295,0.1610482692347127,0.2231687307357788,0.10412148386240005,-0.054141104221343994,0.07381238788366318,local_avoidance,SAFE_PROGRESSING,NONE,1,0,"-0.298,22.748;-0.117,22.388;0.064,22.029",0,1,PASS_THROUGH,-1,0.8833353057018037,-0.1581485299718301,-0.4412570454604097,0.16446126436904382,4.4050499516526695,4.748027612622923,0.0,0,0,0,DIRECT_LOCAL,PASS_THROUGH,0,CORRIDOR_CLEAR,1,14,0.0,22.0,2.0,0.0,22.0,2.0,1,
765,25.533333,0.033333,-0.2826838791370392,22.73746109008789,2.3977625370025635,-2.566888750201312,0.05547919496893883,0.245515015217777,0.10853484540260823,-0.05805142729536744,0.2746404987888397,0.0,22.0,2.0,0.875890498765603,-0.17943522033128978,-0.44790494067023273,0.15946150394208627,0.21205218136310577,0.10518096387386322,-0.054452087730169296,0.0701359286904335,local_avoidance,SAFE_PROGRESSING,NONE,1,0,"-0.290,22.743;-0.113,22.385;0.064,22.028",0,1,PASS_THROUGH,-1,0.8833353057018037,-0.1581485299718301,-0.4412570454604097,0.16446126436904382,4.399154922343157,4.7426232180152,0.0,0,0,0,DIRECT_LOCAL,PASS_THROUGH,0,CORRIDOR_CLEAR,1,14,0.0,22.0,2.0,0.0,22.0,2.0,1,
766,25.566667,0.033333,-0.2752419710159302,22.732690811157227,2.396087884902954,-2.565059739480006,0.05344228819012642,0.2340885286929594,0.10996881573750082,-0.05823309265925484,0.2651069082106393,0.0,22.0,2.0,0.8734129653805647,-0.18660671344442692,-0.4498085441636229,0.15795683396644594,0.20071446895599365,0.10613758862018585,-0.054754823446273804,0.06630262732505798,local_avoidance,SAFE_PROGRESSING,NONE,1,0,"-0.283,22.737;-0.110,22.382;0.063,22.027",0,1,PASS_THROUGH,-1,0.8833353057018037,-0.1581485299718301,-0.4412570454604097,0.16446126436904382,4.389466918524168,4.737587823318333,0.0,0,0,0,DIRECT_LOCAL,PASS_THROUGH,0,CORRIDOR_CLEAR,1,14,0.0,22.0,2.0,0.0,22.0,2.0,1,
767,25.6,0.033333,-0.2679624557495117,22.728281021118164,2.3944003582000732,-2.5632992369698178,0.051299143582582474,0.22243243711856953,0.11131033235332081,-0.05840525787589723,0.2554943312847922,0.0,22.0,2.0,0.8709519434531575,-0.1937972223000951,-0.451536652802334,0.15653676467373007,0.18915709853172302,0.1069839671254158,-0.05504697933793068,0.06231959909200668,local_avoidance,SAFE_PROGRESSING,NONE,1,0,"-0.275,22.733;-0.106,22.380;0.063,22.027",0,1,PASS_THROUGH,-1,0.8833353057018037,-0.1581485299718301,-0.4412570454604097,0.16446126436904382,4.382763500726767,4.732925152816787,0.0,0,0,0,DIRECT_LOCAL,PASS_THROUGH,0,CORRIDOR_CLEAR,1,14,0.0,22.0,2.0,0.0,22.0,2.0,1,
768,25.633333,0.033333,-0.2608533799648285,22.724233627319336,2.3926994800567627,-2.5616107973911872,0.0490507073700428,0.21055357982011427,0.11255018789785251,-0.058568288959416036,0.24582635994242114,0.0,22.0,2.0,0.8685164904344449,-0.2009920843878104,-0.4530797808961222,0.15520272206533298,0.177388995885849,0.10773009061813354,-0.05532551556825638,0.05822701379656792,local_avoidance,SAFE_PROGRESSING,NONE,1,0,"-0.268,22.728;-0.103,22.377;0.062,22.026",1,1,PASS_THROUGH,-1,0.9742520971840571,-0.2254614182791954,0.0,0.15520272206533298,4.37831786759482,4.728636983016468,0.0,0,0,0,DIRECT_LOCAL,PASS_THROUGH,0,CORRIDOR_CLEAR,1,14,0.0,22.0,2.0,0.0,22.0,2.0,1,
769,25.666667,0.033333,-0.25392335653305054,22.720552444458008,2.390984296798706,-2.55999796532177,0.04670071229338646,0.19845685655944506,0.1136799532472884,-0.058720771473547345,0.23612789900435394,0.0,22.0,2.0,0.8661159320723958,-0.20817573344539186,-0.45442937428696006,0.15395568619303385,0.1654323786497116,0.10837367922067642,-0.05558817833662033,0.054037801921367645,local_avoidance,SAFE_PROGRESSING,NONE,1,0,"-0.261,22.724;-0.099,22.375;0.062,22.025",0,1,PASS_THROUGH,-1,0.8685164904344449,-0.2009920843878104,-0.4530797808961222,0.15520272206533298,4.37424709204086,4.724726993144776,0.0,0,0,0,DIRECT_LOCAL,PASS_THROUGH,0,CORRIDOR_CLEAR,1,14,0.0,22.0,2.0,0.0,22.0,2.0,1,
770,25.7,0.033333,-0.24718081951141357,22.717239379882812,2.3892548084259033,-2.5584637206263805,0.044255875051021576,0.18614681127356206,0.11469296854068874,-0.05885971261984482,0.2264278652235216,0.0,22.0,2.0,0.8637606371042368,-0.21533283541848283,-0.4555758244023924,0.15279697591345467,0.1533023864030838,0.10891395807266235,-0.05583300441503525,0.04977276176214218,local_avoidance,SAFE_PROGRESSING,NONE,1,0,"-0.254,22.721;-0.096,22.373;0.062,22.025",0,1,PASS_THROUGH,-1,0.8685164904344449,-0.2009920843878104,-0.4530797808961222,0.15520272206533298,4.370554205416555,4.721196928193736,0.0,0,0,0,DIRECT_LOCAL,PASS_THROUGH,0,CORRIDOR_CLEAR,1,14,0.0,22.0,2.0,0.0,22.0,2.0,1,
771,25.733333,0.033333,-0.2406342327594757,22.71430015563965,2.387510299682617,-2.5570117206513148,0.041725050657987595,0.173629535505626,0.11558413655287011,-0.05898164700636367,0.21676194985779956,0.0,22.0,2.0,0.861460863690394,-0.2224461933095711,-0.45651163338066375,0.15172747748367998,0.1410171091556549,0.1093377023935318,-0.056058645248413086,0.04542388767004013,local_avoidance,SAFE_PROGRESSING,NONE,1,0,"-0.247,22.717;-0.093,22.371;0.062,22.024",0,1,PASS_THROUGH,-1,0.8685164904344449,-0.2009920843878104,-0.4530797808961222,0.15520272206533298,4.367240289814362,4.718052327192246,0.0,0,0,0,DIRECT_LOCAL,PASS_THROUGH,0,CORRIDOR_CLEAR,1,14,0.0,22.0,2.0,0.0,22.0,2.0,1,
772,25.766667,0.033333,-0.23429210484027863,22.71173095703125,2.385751247406006,-2.5556447445752877,0.03911721333861351,0.16091373571580828,0.11634940710528836,-0.05908369737022551,0.20717455966094273,0.0,22.0,2.0,0.8592279363795118,-0.22950055918582854,-0.4572273468181859,0.15074873748361112,0.12858065962791443,0.10963435471057892,-0.05626371502876282,0.040995389223098755,local_avoidance,SAFE_PROGRESSING,NONE,1,0,"-0.241,22.714;-0.090,22.369;0.061,22.024",0,1,PASS_THROUGH,-1,0.8685164904344449,-0.2009920843878104,-0.4530797808961222,0.15520272206533298,4.364310205073907,4.715289180842453,0.0,0,0,0,DIRECT_LOCAL,PASS_THROUGH,0,CORRIDOR_CLEAR,1,14,0.0,22.0,2.0,0.0,22.0,2.0,1,
773,25.8,0.033333,-0.22816267609596252,22.709537506103516,2.383976936340332,-2.5543654600116414,0.03644014894962311,0.1480107344240249,0.11698445806436412,-0.059164247419818426,0.1977193695774536,0.0,22.0,2.0,0.8570717536203164,-0.23647608446801163,-0.45771942346908717,0.14986043448316932,0.11602319777011871,0.10980875045061111,-0.0564473532140255,0.036504290997982025,local_avoidance,SAFE_PROGRESSING,NONE,1,0,"-0.234,22.712;-0.087,22.367;0.061,22.023",0,1,PASS_THROUGH,-1,0.8685164904344449,-0.2009920843878104,-0.4530797808961222,0.15520272206533298,4.361759241349192,4.712912988280115,0.0,0,0,0,DIRECT_LOCAL,PASS_THROUGH,0,CORRIDOR_CLEAR,1,14,0.0,22.0,2.0,0.0,22.0,2.0,1,
774,25.833333,0.033333,-0.2222541719675064,22.70772361755371,2.3821873664855957,-2.5531757103771873,0.03370095044374466,0.13493415237766068,0.11748444090588847,-0.0592222485468996,0.18845979426869192,0.0,22.0,2.0,0.8550039824271878,-0.2433577300959391,-0.4579794812392814,0.1490639700706871,0.10336562246084213,0.10985372960567474,-0.05660798028111458,0.031944021582603455,local_avoidance,SAFE_PROGRESSING,NONE,1,0,"-0.228,22.710;-0.084,22.366;0.061,22.023",1,1,PASS_THROUGH,-1,0.9617995461687512,-0.27375469491788523,0.0,0.1490639700706871,4.359592198341324,4.7109273295468315,0.0,0,0,0,DIRECT_LOCAL,PASS_THROUGH,0,CORRIDOR_CLEAR,1,14,0.0,22.0,2.0,0.0,22.0,2.0,1,
775,25.866667,0.033333,-0.21657435595989227,22.706289291381836,2.380382537841797,-2.5520777242769896,0.030905744060873985,0.12169980535495252,0.11784388986298415,-0.0592568849367328,0.17946978412501,0.0,22.0,2.0,0.8530359990722616,-0.25012887604327294,-0.4580012332473764,0.14836032297083654,0.09061513841152191,0.10976530611515045,-0.0567440465092659,0.0273255854845047,local_avoidance,SAFE_PROGRESSING,NONE,1,0,"-0.222,22.708;-0.081,22.365;0.061,22.022",0,1,PASS_THROUGH,-1,0.8550039824271878,-0.2433577300959391,-0.4579794812392814,0.1490639700706871,4.357811946144372,4.709331948627313,0.0,0,0,0,DIRECT_LOCAL,PASS_THROUGH,0,CORRIDOR_CLEAR,1,14,0.0,22.0,2.0,0.0,22.0,2.0,1,
776,25.9,0.033333,-0.2111310064792633,22.705232620239258,2.3785624504089355,-2.551073139493858,0.028059663251042366,0.10832479489706642,0.11805694051485376,-0.05926778451775746,0.17083434278523316,0.0,22.0,2.0,0.8511784769520767,-0.25677204107901896,-0.4577808638351519,0.14774965513057525,0.07778094708919525,0.10953537374734879,-0.05685390904545784,0.022647108882665634,local_avoidance,SAFE_PROGRESSING,NONE,1,0,"-0.217,22.706;-0.078,22.364;0.061,22.022",0,1,PASS_THROUGH,-1,0.8550039824271878,-0.2433577300959391,-0.4579794812392814,0.1490639700706871,4.356417526349781,4.708124676852087,0.0,0,0,0,DIRECT_LOCAL,PASS_THROUGH,0,CORRIDOR_CLEAR,1,14,0.0,22.0,2.0,0.0,22.0,2.0,1,
777,25.933333,0.033333,-0.20593146979808807,22.704553604125977,2.376727342605591,-2.5501635932439797,0.025166992098093033,0.09482649407098252,0.11811766922949765,-0.05925476893558526,0.16264985522161612,0.0,22.0,2.0,0.8494418682384228,-0.2632687865399821,-0.4573161472301009,0.14723170182355103,0.06487862765789032,0.10916182398796082,-0.056935880333185196,0.017920471727848053,local_avoidance,SAFE_PROGRESSING,NONE,1,0,"-0.211,22.705;-0.046,22.376;0.119,22.047",0,1,PASS_THROUGH,-1,0.8550039824271878,-0.2433577300959391,-0.4579794812392814,0.1490639700706871,4.355406063164882,4.7073052365339585,0.0,0,0,0,DIRECT_LOCAL,PASS_THROUGH,0,CORRIDOR_CLEAR,1,14,0.0,22.0,2.0,0.0,22.0,2.0,1,
778,25.966667,0.033333,-0.20098289847373962,22.70425033569336,2.3748769760131836,-2.549350620884339,0.022231539711356163,0.08122191458551428,0.11802011967277366,-0.05921753002644901,0.15502407528814932,0.0,22.0,2.0,0.8478364932167362,-0.2696018847758096,-0.456604976424128,0.14680647824126894,0.05193975195288658,0.10864187777042389,-0.056988466531038284,0.013149812817573547,local_avoidance,SAFE_PROGRESSING,NONE,1,0,"-0.206,22.705;-0.043,22.376;0.119,22.046",0,1,PASS_THROUGH,-1,0.8550039824271878,-0.2433577300959391,-0.4579794812392814,0.1490639700706871,4.354776587445179,4.7068714379124135,0.0,0,0,0,DIRECT_LOCAL,PASS_THROUGH,0,CORRIDOR_CLEAR,1,14,0.0,22.0,2.0,0.0,22.0,2.0,1,
779,26.0,0.033333,-0.19629214704036713,22.704322814941406,2.3730123043060303,-2.5486355950224717,0.019256997853517532,0.06752827426212793,0.11775877723512772,-0.05915547399600478,0.1480762220764211,0.0,22.0,2.0,0.8463723709921911,-0.27575374674614317,-0.45564644273440885,0.14647356905641576,0.03899604454636574,0.1079755574464798,-0.057010501623153687,0.00834657996892929,local_avoidance,SAFE_PROGRESSING,NONE,1,0,"-0.201,22.704;-0.041,22.375;0.119,22.046",0,1,PASS_THROUGH,-1,0.8550039824271878,-0.2433577300959391,-0.4579794812392814,0.1490639700706871,4.354526227057056,4.706822992895087,0.0,0,0,0,DIRECT_LOCAL,PASS_THROUGH,0,CORRIDOR_CLEAR,1,14,0.0,22.0,2.0,0.0,22.0,2.0,1,
780,26.033333,0.033333,-0.19186587631702423,22.70477294921875,2.371133327484131,-2.548019851857873,0.016247034072875977,0.053764128238053856,0.11732870678537162,-0.059067695446139296,0.14193519495334303,0.0,22.0,2.0,0.8450588257635432,-0.28170777187899965,-0.45444065868065864,0.1462328601425416,0.026067722588777542,0.10715971887111664,-0.05700046569108963,0.0035130588803440332,local_avoidance,SAFE_PROGRESSING,NONE,1,0,"-0.196,22.704;-0.038,22.375;0.119,22.045",1,1,PASS_THROUGH,-1,0.9486760580693365,-0.31624948513163587,0.0,0.1462328601425416,4.354568881025634,4.707161521176775,0.0,0,0,0,DIRECT_LOCAL,PASS_THROUGH,0,CORRIDOR_CLEAR,1,14,0.0,22.0,2.0,0.0,22.0,2.0,1,
781,26.066667,0.033333,-0.1877102553844452,22.705598831176758,2.3692407608032227,-2.5475047283491197,0.013205282390117645,0.039950273846080624,0.1167258440130767,-0.058953596115409845,0.13673504867399874,0.0,22.0,2.0,0.843905452628995,-0.28744854241564427,-0.45298666921463904,0.14608455420685576,0.013178427703678608,0.10619259625673294,-0.05695734918117523,-0.0013489524135366082,local_avoidance,SAFE_PROGRESSING,NONE,1,0,"-0.192,22.705;-0.036,22.374;0.119,22.044",0,1,PASS_THROUGH,-1,0.8450588257635432,-0.28170777187899965,-0.45444065868065864,0.1462328601425416,4.354974189458205,4.707884825748833,0.0,0,0,0,DIRECT_LOCAL,PASS_THROUGH,0,CORRIDOR_CLEAR,1,14,0.0,22.0,2.0,0.0,22.0,2.0,1,
782,26.1,0.033333,-0.18383115530014038,22.7067928314209,2.367335319519043,-2.5470913543717706,0.010134931653738022,0.026109704070225535,0.11594681566213108,-0.058813033152546074,0.1326060088285046,0.0,22.0,2.0,0.8429203353984909,-0.2929599297354615,-0.4512868131699498,0.14602805902079236,0.00034656375646591187,0.10507405549287796,-0.05688031017780304,-0.0062340665608644485,local_avoidance,SAFE_PROGRESSING,NONE,1,0,"-0.188,22.706;-0.034,22.374;0.120,22.043",0,1,PASS_THROUGH,-1,0.8450588257635432,-0.28170777187899965,-0.45444065868065864,0.1462328601425416,4.355762073565255,4.708984994154518,0.0,0,0,0,DIRECT_LOCAL,PASS_THROUGH,0,CORRIDOR_CLEAR,1,14,0.0,22.0,2.0,0.0,22.0,2.0,1,
783,26.133333,0.033333,-0.1802339106798172,22.708354949951172,2.365417242050171,-2.546780748927848,0.00703881960362196,0.012267043735666271,0.11498891685675831,-0.058646470583450655,0.12966240732686857,0.0,22.0,2.0,0.8421101967177588,-0.298224371744447,-0.44934690460890836,0.14606163085587603,-0.012402917258441448,0.10379988700151443,-0.05676916986703873,-0.01115468330681324,local_avoidance,SAFE_PROGRESSING,NONE,1,0,"-0.184,22.707;-0.032,22.375;0.120,22.043",0,1,PASS_THROUGH,-1,0.8450588257635432,-0.28170777187899965,-0.45444065868065864,0.1462328601425416,4.356924181459836,4.71046174343636,0.0,0,0,0,DIRECT_LOCAL,PASS_THROUGH,0,CORRIDOR_CLEAR,1,14,0.0,22.0,2.0,0.0,22.0,2.0,1,
784,26.166667,0.033333,-0.17692342400550842,22.710281372070312,2.363487958908081,-2.5465739404969234,0.003918743226677179,-0.0015519637996449908,0.11384997608337796,-0.05845489608399054,0.1279890640719404,0.0,22.0,2.0,0.8414821324300267,-0.30322819973716736,-0.4471694082617589,0.1461849510283829,-0.025037731975317,0.1023712083697319,-0.05662381649017334,-0.016116159036755562,local_avoidance,SAFE_PROGRESSING,NONE,1,0,"-0.180,22.708;-0.030,22.375;0.120,22.042",0,1,PASS_THROUGH,-1,0.8450588257635432,-0.28170777187899965,-0.45444065868065864,0.1462328601425416,4.358459815017096,4.71231098533094,0.0,0,0,0,DIRECT_LOCAL,PASS_THROUGH,0,CORRIDOR_CLEAR,1,14,0.0,22.0,2.0,0.0,22.0,2.0,1,
785,26.2,0.033333,-0.17390398681163788,22.712568283081055,2.3615477085113525,-2.5464716928687925,0.000774899497628212,-0.015320829455123449,0.11252822109424203,-0.05823920026547742,0.12762888703342193,0.0,22.0,2.0,0.841041311895185,-0.3079572107150498,-0.44476046143315456,0.14639692967708287,-0.03753826767206192,0.10079116374254227,-0.05644358694553375,-0.02111426740884781,local_avoidance,SAFE_PROGRESSING,NONE,1,0,"-0.177,22.710;-0.028,22.376;0.121,22.042",0,1,PASS_THROUGH,-1,0.8450588257635432,-0.28170777187899965,-0.45444065868065864,0.1462328601425416,4.360364493294515,4.71452863873204,0.0,0,0,0,DIRECT_LOCAL,PASS_THROUGH,0,CORRIDOR_CLEAR,1,14,0.0,22.0,2.0,0.0,22.0,2.0,1,
786,26.233333,0.033333,-0.17117932438850403,22.7152099609375,2.35959792137146,-2.546475138319224,-0.0023933760821819305,-0.029012381323971746,0.11102253140448419,-0.05800008654108379,0.1285757783889347,0.0,22.0,2.0,0.8407926096365682,-0.31239822496059355,-0.4421257022861258,0.14669644231297013,-0.04987390339374542,0.09906665235757828,-0.05622807517647743,-0.026145044714212418,local_avoidance,SAFE_PROGRESSING,NONE,1,0,"-0.174,22.713;-0.026,22.377;0.121,22.041",1,1,PASS_THROUGH,-1,0.9373874840862562,-0.3482882494119472,0.0,0.14669644231297013,4.362633771602914,4.7171087268774,0.0,0,0,0,DIRECT_LOCAL,PASS_THROUGH,0,CORRIDOR_CLEAR,1,14,0.0,22.0,2.0,0.0,22.0,2.0,1,
787,26.266667,0.033333,-0.16875264048576355,22.718189239501953,2.3576395511627197,-2.5465851358455533,-0.0055869449861347675,-0.04259878199593242,0.10933276072510868,-0.05773817833547337,0.13077463833943404,0.0,22.0,2.0,0.8407390702417143,-0.3165385567822341,-0.43927344313003713,0.14708197025092165,-0.062010474503040314,0.09720555692911148,-0.05597718432545662,-0.031205808743834496,local_avoidance,SAFE_PROGRESSING,NONE,1,0,"-0.171,22.715;-0.025,22.378;0.122,22.041",0,1,PASS_THROUGH,-1,0.8407926096365682,-0.31239822496059355,-0.4421257022861258,0.14669644231297013,4.3652613400401945,4.720033846456546,0.0,0,0,0,DIRECT_LOCAL,PASS_THROUGH,0,CORRIDOR_CLEAR,1,14,0.0,22.0,2.0,0.0,22.0,2.0,1,
788,26.3,0.033333,-0.16662633419036865,22.721525192260742,2.3556740283966064,-2.546802607064258,-0.008806508034467697,-0.05605125866644553,0.10746018103586884,-0.057454468053008224,0.13412848320028312,0.0,22.0,2.0,0.840881719402766,-0.32036279335597295,-0.4362173937469781,0.1475497526134573,-0.07392679154872894,0.09521112591028214,-0.05569150298833847,-0.03630411624908447,local_avoidance,SAFE_PROGRESSING,NONE,1,0,"-0.169,22.718;-0.023,22.379;0.122,22.040",0,1,PASS_THROUGH,-1,0.8407926096365682,-0.31239822496059355,-0.4421257022861258,0.14669644231297013,4.368229491868052,4.723322836057225,0.0,0,0,0,DIRECT_LOCAL,PASS_THROUGH,0,CORRIDOR_CLEAR,1,14,0.0,22.0,2.0,0.0,22.0,2.0,1,
789,26.333333,0.033333,-0.16480231285095215,22.725191116333008,2.3537023067474365,-2.5471289198963083,-0.012052929028868675,-0.06934003318537658,0.10540769337482256,-0.057150137024832945,0.13850978372196998,0.0,22.0,2.0,0.841224460172208,-0.32386896280112154,-0.4329553124077625,0.14810306388628447,-0.0855918899178505,0.09308785945177078,-0.055371493101119995,-0.04145406186580658,local_avoidance,SAFE_PROGRESSING,NONE,1,0,"-0.167,22.722;-0.022,22.381;0.123,22.040",0,1,PASS_THROUGH,-1,0.8407926096365682,-0.31239822496059355,-0.4421257022861258,0.14669644231297013,4.371556809828612,4.726948788894064,0.0,0,0,0,DIRECT_LOCAL,PASS_THROUGH,0,CORRIDOR_CLEAR,1,14,0.0,22.0,2.0,0.0,22.0,2.0,1,
790,26.366667,0.033333,-0.16328154504299164,22.729177474975586,2.3517262935638428,-2.54756501038996,-0.015328118577599525,-0.08243449844263166,0.10317959001589634,-0.05682662997794495,0.14377322492031322,0.0,22.0,2.0,0.8417651441552495,-0.32704102674266466,-0.42950623850230124,0.1487362709670156,-0.09697882831096649,0.09084713459014893,-0.05501776561141014,-0.0466516949236393,local_avoidance,SAFE_PROGRESSING,NONE,1,0,"-0.165,22.725;-0.021,22.382;0.123,22.040",0,1,PASS_THROUGH,-1,0.8407926096365682,-0.31239822496059355,-0.4421257022861258,0.14669644231297013,4.375216156135031,4.730901972125995,0.0,0,0,0,DIRECT_LOCAL,PASS_THROUGH,0,CORRIDOR_CLEAR,1,14,0.0,22.0,2.0,0.0,22.0,2.0,1,
791,26.4,0.033333,-0.1620643138885498,22.733478546142578,2.3497467041015625,-2.54811196482718,-0.01863468810915947,-0.09530340540925249,0.10078148211900782,-0.05648554885722289,0.14976736443700261,0.0,22.0,2.0,0.8425020639095985,-0.32987033394429033,-0.4258824193266839,0.14944706794894275,-0.10804352164268494,0.08850336819887161,-0.05463165044784546,-0.05190011113882065,local_avoidance,SAFE_PROGRESSING,NONE,1,0,"-0.163,22.729;-0.020,22.384;0.124,22.039",0,1,PASS_THROUGH,-1,0.8407926096365682,-0.31239822496059355,-0.4421257022861258,0.14669644231297013,4.3791976156337435,4.735176485736036,0.0,0,0,0,DIRECT_LOCAL,PASS_THROUGH,0,CORRIDOR_CLEAR,1,14,0.0,22.0,2.0,0.0,22.0,2.0,1,
792,26.433333,0.033333,-0.1611499935388565,22.738088607788086,2.347766160964966,-2.548771329326678,-0.021975502371788025,-0.10791446070335449,0.09822052407183088,-0.056128793503464086,0.15634335175502498,0.0,22.0,2.0,0.8434335582185726,-0.33235069978316634,-0.4220934081745385,0.15023390023394806,-0.11876874417066574,0.08606299757957458,-0.054214365780353546,-0.057212844491004944,local_avoidance,SAFE_PROGRESSING,NONE,1,0,"-0.162,22.733;-0.019,22.386;0.125,22.039",1,1,PASS_THROUGH,-1,0.9303749117057729,-0.3666094975153744,0.0,0.15023390023394806,4.383495147956918,4.73976644495151,0.0,0,0,0,DIRECT_LOCAL,PASS_THROUGH,0,CORRIDOR_CLEAR,1,14,0.0,22.0,2.0,0.0,22.0,2.0,1,
793,26.466667,0.033333,-0.16053709387779236,22.74299430847168,2.345785617828369,-2.5495442374271717,-0.025353919714689255,-0.1202347609782804,0.09550532109432538,-0.05575832380315503,0.1633605055641415,0.0,22.0,2.0,0.8445558714317756,-0.33447753931630353,-0.4181508767454933,0.15109521678254786,-0.12913691997528076,0.08353286981582642,-0.0537673719227314,-0.06260757148265839,local_avoidance,SAFE_PROGRESSING,NONE,1,0,"-0.161,22.738;-0.018,22.389;0.126,22.039",0,1,PASS_THROUGH,-1,0.8434335582185726,-0.33235069978316634,-0.4220934081745385,0.15023390023394806,4.388102773654634,4.744658353958266,0.0,0,0,0,DIRECT_LOCAL,PASS_THROUGH,0,CORRIDOR_CLEAR,1,14,0.0,22.0,2.0,0.0,22.0,2.0,1,
794,26.5,0.033333,-0.1602231115102768,22.748188018798828,2.3438069820404053,-2.5504323736002696,-0.028774315491318703,-0.1322315098600258,0.09264565014621372,-0.05537595167324388,0.17068943937629577,0.0,22.0,2.0,0.8458643673760141,-0.33624523082235447,-0.41406837207494734,0.15202798438866927,-0.1391162872314453,0.08092787861824036,-0.05329248309135437,-0.0680893212556839,local_avoidance,SAFE_PROGRESSING,NONE,1,0,"-0.161,22.743;-0.017,22.391;0.127,22.039",0,1,PASS_THROUGH,-1,0.8434335582185726,-0.33235069978316634,-0.4220934081745385,0.15023390023394806,4.393006945659425,4.749844451349959,0.0,0,0,0,DIRECT_LOCAL,PASS_THROUGH,0,CORRIDOR_CLEAR,1,14,0.0,22.0,2.0,0.0,22.0,2.0,1,
795,26.533333,0.033333,-0.16020461916923523,22.7536563873291,2.341831684112549,-2.5514372048782072,-0.03224208205938339,-0.1438726013868033,0.0896523072350234,-0.05498313522808196,0.17821337430697665,0.0,22.0,2.0,0.8473534529205923,-0.33765169347753915,-0.4098578530604232,0.15303029202561827,-0.14868250489234924,0.0782628059387207,-0.052791010588407516,-0.07366059720516205,local_avoidance,SAFE_PROGRESSING,NONE,1,0,"-0.160,22.748;-0.016,22.394;0.127,22.039",0,1,PASS_THROUGH,-1,0.8434335582185726,-0.33235069978316634,-0.4220934081745385,0.15023390023394806,4.3981999000403,4.755311269882888,0.0,0,0,0,DIRECT_LOCAL,PASS_THROUGH,0,CORRIDOR_CLEAR,1,14,0.0,22.0,2.0,0.0,22.0,2.0,1,
796,26.566667,0.033333,-0.16047725081443787,22.759389877319336,2.33986234664917,-2.5525604340327734,-0.0357627309858799,-0.15512683267707522,0.08653727406899366,-0.05458100873843345,0.18582820166653483,0.0,22.0,2.0,0.8490163587773398,-0.33869453343769607,-0.4055332730466008,0.15409912007083135,-0.15780358016490936,0.07555218040943146,-0.05226452648639679,-0.07932770997285843,local_avoidance,SAFE_PROGRESSING,NONE,1,0,"-0.160,22.754;-0.016,22.396;0.128,22.039",0,1,PASS_THROUGH,-1,0.8434335582185726,-0.33235069978316634,-0.4220934081745385,0.15023390023394806,4.403668210925611,4.761049169814268,0.0,0,0,0,DIRECT_LOCAL,PASS_THROUGH,0,CORRIDOR_CLEAR,1,14,0.0,22.0,2.0,0.0,22.0,2.0,1,
797,26.6,0.033333,-0.16103559732437134,22.76537322998047,2.3379006385803223,-2.553803933594629,-0.03934154659509659,-0.16596350544126398,0.08331388347575251,-0.054171130418402505,0.1934414632103761,0.0,22.0,2.0,0.8508453822697809,-0.33937373566525963,-0.40110796926862075,0.15523220462314333,-0.16644299030303955,0.07281719148159027,-0.05171510949730873,-0.08507739007472992,local_avoidance,SAFE_PROGRESSING,NONE,1,0,"-0.160,22.759;-0.016,22.399;0.129,22.039",0,1,PASS_THROUGH,-1,0.8434335582185726,-0.33235069978316634,-0.4220934081745385,0.15023390023394806,4.409402324917839,4.767042800480947,0.0,0,0,0,DIRECT_LOCAL,PASS_THROUGH,0,CORRIDOR_CLEAR,1,14,0.0,22.0,2.0,0.0,22.0,2.0,1,
798,26.633333,0.033333,-0.16187332570552826,22.771595001220703,2.3359479904174805,-2.555169513859428,-0.04298261180520058,-0.1763518408423715,0.07999690544288295,-0.05375527326395656,0.2009704108883029,0.0,22.0,2.0,0.8528319044075369,-0.33968940154059724,-0.3965965876121537,0.15642616721972735,-0.1745876967906952,0.07006943225860596,-0.05114506557583809,-0.0909186452627182,local_avoidance,SAFE_PROGRESSING,NONE,1,0,"-0.161,22.765;-0.015,22.402;0.130,22.040",1,1,PASS_THROUGH,-1,0.9290178738759157,-0.370034849735904,0.0,0.15642616721972735,4.415387020911808,4.773280635392857,0.0,0,0,0,DIRECT_LOCAL,PASS_THROUGH,0,CORRIDOR_CLEAR,1,14,0.0,22.0,2.0,0.0,22.0,2.0,1,
799,26.666667,0.033333,-0.1629829704761505,22.778039932250977,2.3340067863464355,-2.5566597555265953,-0.04668870568275452,-0.18626117414479407,0.07660272781839768,-0.05333509340131603,0.20834067075620158,0.0,22.0,2.0,0.8549673216116327,-0.339643580059321,-0.39201162929270167,0.1576783839952382,-0.18225017189979553,0.06730945408344269,-0.05055680125951767,-0.09688834846019745,local_avoidance,SAFE_PROGRESSING,NONE,1,0,"-0.162,22.772;-0.015,22.406;0.132,22.040",0,1,PASS_THROUGH,-1,0.8528319044075369,-0.33968940154059724,-0.3965965876121537,0.15642616721972735,4.421610942935075,4.7797473375654045,0.0,0,0,0,DIRECT_LOCAL,PASS_THROUGH,0,CORRIDOR_CLEAR,1,14,0.0,22.0,2.0,0.0,22.0,2.0,1,
800,26.7,0.033333,-0.1643560230731964,22.784696578979492,2.3320789337158203,-2.558276645370546,-0.050463296473026276,-0.19566277051349193,0.07314837429331261,-0.052911070782131434,0.21548592955940699,0.0,22.0,2.0,0.8572414927483575,-0.3392391492275594,-0.3873678132497967,0.1589854817072721,-0.18942423164844513,0.06454258412122726,-0.04995265603065491,-0.10302034020423889,local_avoidance,SAFE_PROGRESSING,NONE,1,0,"-0.163,22.778;-0.015,22.409;0.133,22.040",0,1,PASS_THROUGH,-1,0.8528319044075369,-0.33968940154059724,-0.3965965876121537,0.15642616721972735,4.42805896518233,4.786431386013457,0.0,0,0,0,DIRECT_LOCAL,PASS_THROUGH,0,CORRIDOR_CLEAR,1,14,0.0,22.0,2.0,0.0,22.0,2.0,1,
801,26.733333,0.033333,-0.16598300635814667,22.791549682617188,2.3301661014556885,-2.560022399814215,-0.05431252717971802,-0.20453173799828217,0.06965050669778859,-0.052482737535316785,0.22234851623309215,0.0,22.0,2.0,0.8596443032639235,-0.33848137842560533,-0.38267744684653876,0.1603448313332931,-0.19609391689300537,0.0617891326546669,-0.04933539405465126,-0.10929597169160843,local_avoidance,SAFE_PROGRESSING,NONE,1,0,"-0.164,22.785;-0.015,22.413;0.134,22.040",0,1,PASS_THROUGH,-1,0.8528319044075369,-0.33968940154059724,-0.3965965876121537,0.15642616721972735,4.434719815615286,4.79331744606183,0.0,0,0,0,DIRECT_LOCAL,PASS_THROUGH,0,CORRIDOR_CLEAR,1,14,0.0,22.0,2.0,0.0,22.0,2.0,1,
802,26.766667,0.033333,-0.16785354912281036,22.798583984375,2.328270673751831,-2.5618994733722373,-0.05824330821633339,-0.21284756663406265,0.06612522001711826,-0.05204864665655616,0.22887921042142093,0.0,22.0,2.0,0.8621651310840928,-0.33737554095463507,-0.37795374202184634,0.16175305356636194,-0.20226958394050598,0.05906052887439728,-0.048705652356147766,-0.11570881307125092,local_avoidance,SAFE_PROGRESSING,NONE,1,0,"-0.166,22.792;-0.016,22.416;0.135,22.041",0,1,PASS_THROUGH,-1,0.8528319044075369,-0.33968940154059724,-0.3965965876121537,0.15642616721972735,4.441578440109898,4.8003901809655245,0.0,0,0,0,DIRECT_LOCAL,PASS_THROUGH,0,CORRIDOR_CLEAR,1,14,0.0,22.0,2.0,0.0,22.0,2.0,1,
803,26.8,0.033333,-0.16995643079280853,22.805784225463867,2.3263943195343018,-2.5639102457934717,-0.06226086616516113,-0.22059434396734592,0.06258826916389144,-0.05160686446997807,0.23503707045429684,0.0,22.0,2.0,0.8647928000255287,-0.3359279950144121,-0.37321012203529946,0.16320676383696528,-0.20792356133460999,0.05637160688638687,-0.04806555062532425,-0.12225498259067535,local_avoidance,SAFE_PROGRESSING,NONE,1,0,"-0.168,22.799;-0.016,22.420;0.136,22.041",0,1,PASS_THROUGH,-1,0.8528319044075369,-0.33968940154059724,-0.3965965876121537,0.15642616721972735,4.448619810149437,4.807634248789346,0.0,0,0,0,DIRECT_LOCAL,PASS_THROUGH,0,CORRIDOR_CLEAR,1,14,0.0,22.0,2.0,0.0,22.0,2.0,1,
804,26.833333,0.033333,-0.1722797304391861,22.81313705444336,2.3245389461517334,-2.566057467001868,-0.06636854261159897,-0.22775954706823792,0.05905545165937795,-0.05115638583429412,0.24078815058687839,0.0,22.0,2.0,0.8675163665571299,-0.3341458856788072,-0.3684587912364703,0.16470256906001618,-0.21305283904075623,0.05373051017522812,-0.047416795045137405,-0.1289423108100891,local_avoidance,SAFE_PROGRESSING,NONE,1,0,"-0.170,22.806;-0.016,22.424;0.137,22.042",1,1,PASS_THROUGH,-1,0.9331704287402026,-0.3594342094526153,0.0,0.16470256906001618,4.45582891536722,4.815036208299745,0.0,0,0,0,DIRECT_LOCAL,PASS_THROUGH,0,CORRIDOR_CLEAR,1,14,0.0,22.0,2.0,0.0,22.0,2.0,1,
805,26.866667,0.033333,-0.17481091618537903,22.820627212524414,2.3227062225341797,-2.568344045783129,-0.07056841999292374,-0.23433300519430642,0.05554275766664135,-0.05069652347828062,0.24610382513360884,0.0,22.0,2.0,0.8703249241756331,-0.3320374679956268,-0.3637109377042867,0.16623744161036905,-0.21768894791603088,0.05113945156335831,-0.04676046222448349,-0.13578955829143524,local_avoidance,SAFE_PROGRESSING,NONE,1,0,"-0.172,22.813;-0.017,22.428;0.139,22.042",0,1,PASS_THROUGH,-1,0.8675163665571299,-0.3341458856788072,-0.3684587912364703,0.16470256906001618,4.463192663680762,4.82258070291991,0.0,0,0,0,DIRECT_LOCAL,PASS_THROUGH,0,CORRIDOR_CLEAR,1,14,0.0,22.0,2.0,0.0,22.0,2.0,1,
806,26.9,0.033333,-0.17753681540489197,22.82823944091797,2.320897340774536,-2.5707729887945154,-0.07486239075660706,-0.24030720050020057,0.052066017757526104,-0.050226067807449794,0.250960313007394,0.0,22.0,2.0,0.8732076357275165,-0.32961102728702973,-0.3589777090544063,0.16780797100890785,-0.22183877229690552,0.04860708490014076,-0.046098582446575165,-0.14279639720916748,local_avoidance,SAFE_PROGRESSING,NONE,1,0,"-0.175,22.821;-0.017,22.432;0.140,22.043",0,1,PASS_THROUGH,-1,0.8675163665571299,-0.3341458856788072,-0.3684587912364703,0.16470256906001618,4.470696059331898,4.830252362802095,0.0,0,0,0,DIRECT_LOCAL,PASS_THROUGH,0,CORRIDOR_CLEAR,1,14,0.0,22.0,2.0,0.0,22.0,2.0,1,
807,26.933333,0.033333,-0.18044376373291016,22.835960388183594,2.3191142082214355,-2.5733470051521103,-0.07925251871347427,-0.24567833735879735,0.04864040947639339,-0.04974355301282641,0.25533929573756187,0.0,22.0,2.0,0.8761538416087139,-0.3268757453919,-0.35426923788099685,0.1694107307482286,-0.2255052626132965,0.046141598373651505,-0.04543355852365494,-0.14996886253356934,local_avoidance,SAFE_PROGRESSING,NONE,1,0,"-0.178,22.828;-0.018,22.436;0.141,22.043",0,1,PASS_THROUGH,-1,0.8675163665571299,-0.3341458856788072,-0.3684587912364703,0.16470256906001618,4.4783241024289335,4.838037710872057,0.0,0,0,0,DIRECT_LOCAL,PASS_THROUGH,0,CORRIDOR_CLEAR,1,14,0.0,22.0,2.0,0.0,22.0,2.0,1,
808,26.966667,0.033333,-0.18351763486862183,22.843772888183594,2.3173587322235107,-2.5760692401901943,-0.08374093472957611,-0.2504466437905912,0.04528017077994546,-0.04924770588381876,0.25922799190413714,0.0,22.0,2.0,0.8791530776294344,-0.32384119438593995,-0.3495951185491317,0.17104265228090484,-0.2287040501832962,0.04374697431921959,-0.044767431914806366,-0.15731503069400787,local_avoidance,SAFE_PROGRESSING,NONE,1,0,"-0.180,22.836;-0.019,22.440;0.142,22.044",0,1,PASS_THROUGH,-1,0.8675163665571299,-0.3341458856788072,-0.3684587912364703,0.16470256906001618,4.486063689594978,4.845919439027638,0.0,0,0,0,DIRECT_LOCAL,PASS_THROUGH,0,CORRIDOR_CLEAR,1,14,0.0,22.0,2.0,0.0,22.0,2.0,1,
809,27.0,0.033333,-0.18674403429031372,22.851665496826172,2.31563138961792,-2.578942616007801,-0.08833002299070358,-0.2546163070589409,0.04199842643181392,-0.048737308374643754,0.26261884332752367,0.0,22.0,2.0,0.8821949084565477,-0.3205164233210743,-0.3449657459441577,0.17269990262202886,-0.2314435839653015,0.04143119230866432,-0.0441022589802742,-0.1648288518190384,local_avoidance,SAFE_PROGRESSING,NONE,1,0,"-0.184,22.844;-0.020,22.444;0.144,22.045",0,1,PASS_THROUGH,-1,0.8675163665571299,-0.3341458856788072,-0.3684587912364703,0.16470256906001618,4.493897885179535,4.853885943174474,0.0,0,0,0,DIRECT_LOCAL,PASS_THROUGH,0,CORRIDOR_CLEAR,1,14,0.0,22.0,2.0,0.0,22.0,2.0,1,
810,27.033333,0.033333,-0.19010841846466064,22.859622955322266,2.313933849334717,-2.5819704901660065,-0.09302186220884323,-0.258195096828919,0.03880733219869799,-0.048212019399559006,0.2655091634453667,0.0,22.0,2.0,0.8852701202811456,-0.31691180978040256,-0.3403876010654853,0.17437975258924895,-0.23372484743595123,0.0392058789730072,-0.04344025254249573,-0.17247070372104645,local_avoidance,SAFE_PROGRESSING,NONE,1,0,"-0.187,22.852;-0.021,22.449;0.145,22.045",1,1,PASS_THROUGH,-1,0.941491058686264,-0.33703795990039104,0.0,0.17437975258924895,4.50181545261144,4.861921788634115,0.0,0,0,0,DIRECT_LOCAL,PASS_THROUGH,0,CORRIDOR_CLEAR,1,14,0.0,22.0,2.0,0.0,22.0,2.0,1,
811,27.066667,0.033333,-0.1935960352420807,22.86762809753418,2.3122665882110596,-2.585156054036297,-0.09781600534915924,-0.2611932848838068,0.03571819054790587,-0.047671871535848495,0.2678998479658777,0.0,22.0,2.0,0.8883692995391581,-0.3130366143992833,-0.33586911986924334,0.1760787137717811,-0.23557963967323303,0.03706928715109825,-0.04278237000107765,-0.18025153875350952,local_avoidance,SAFE_PROGRESSING,NONE,1,0,"-0.190,22.860;-0.022,22.453;0.146,22.046",0,1,PASS_THROUGH,-1,0.8852701202811456,-0.31691180978040256,-0.3403876010654853,0.17437975258924895,4.509801313184568,4.8700096128258155,0.0,0,0,0,DIRECT_LOCAL,PASS_THROUGH,0,CORRIDOR_CLEAR,1,14,0.0,22.0,2.0,0.0,22.0,2.0,1,
812,27.1,0.033333,-0.19719217717647552,22.875675201416016,2.3106307983398438,-2.588502555140986,-0.10270992666482925,-0.26362361869337925,0.03274158791066398,-0.04711720670704997,0.2697952095197,0.0,22.0,2.0,0.891483786157514,-0.3088996173938522,-0.33141769022216594,0.17779290655054075,-0.23702286183834076,0.035019077360630035,-0.04213133454322815,-0.1881898194551468,local_avoidance,SAFE_PROGRESSING,NONE,1,0,"-0.194,22.868;-0.023,22.457;0.148,22.047",0,1,PASS_THROUGH,-1,0.8852701202811456,-0.31691180978040256,-0.3403876010654853,0.17437975258924895,4.519909672655807,4.878143476285437,0.0,0,0,0,DIRECT_LOCAL,PASS_THROUGH,0,CORRIDOR_CLEAR,1,14,0.0,22.0,2.0,0.0,22.0,2.0,1,
813,27.133333,0.033333,-0.20088215172290802,22.883745193481445,2.3090267181396484,-2.59201319571174,-0.10770145803689957,-0.26550134993395946,0.029887020921193008,-0.046548878716693866,0.2712028741478972,0.0,22.0,2.0,0.8946055295323234,-0.30451212493194735,-0.32703717265720933,0.17952067436533076,-0.23806199431419373,0.033062443137168884,-0.04148957133293152,-0.19624638557434082,local_avoidance,SAFE_PROGRESSING,NONE,1,0,"-0.197,22.876;-0.024,22.462;0.149,22.048",0,1,PASS_THROUGH,-1,0.8852701202811456,-0.31691180978040256,-0.3403876010654853,0.17437975258924895,4.532420986754113,4.886304071909897,0.0,0,0,0,DIRECT_LOCAL,PASS_THROUGH,0,CORRIDOR_CLEAR,1,14,0.0,22.0,2.0,0.0,22.0,2.0,1,
814,27.166667,0.033333,-0.2046513557434082,22.89183235168457,2.307454824447632,-2.595691038699511,-0.11278774589300156,-0.2668438658208654,0.027162602589032758,-0.04596825897896275,0.2721333065598379,0.0,22.0,2.0,0.8977267585656535,-0.29988190554534017,-0.32273442593206636,0.18125773979418175,-0.2387060523033142,0.031198719516396523,-0.04085852950811386,-0.2044074833393097,local_avoidance,SAFE_PROGRESSING,NONE,1,0,"-0.201,22.884;-0.025,22.466;0.150,22.048",0,1,PASS_THROUGH,-1,0.8852701202811456,-0.31691180978040256,-0.3403876010654853,0.17437975258924895,4.547302910936745,4.894485419867645,0.0,0,0,0,DIRECT_LOCAL,PASS_THROUGH,0,CORRIDOR_CLEAR,1,14,0.0,22.0,2.0,0.0,22.0,2.0,1,
815,27.2,0.033333,-0.2084854245185852,22.899919509887695,2.305915355682373,-2.599538960061169,-0.11796395480632782,-0.26767016605959426,0.024575036311921768,-0.04537675518725807,0.27259915649067484,0.0,22.0,2.0,0.9008404262622445,-0.29501983490486167,-0.31851188898432964,0.18300241757079014,-0.2390049248933792,0.029419010505080223,-0.04023963585495949,-0.212701678276062,local_avoidance,SAFE_PROGRESSING,NONE,1,0,"-0.205,22.892;-0.026,22.470;0.152,22.049",0,1,PASS_THROUGH,-1,0.8852701202811456,-0.31691180978040256,-0.3403876010654853,0.17437975258924895,4.564531626146094,4.90267008263289,0.0,0,0,0,DIRECT_LOCAL,PASS_THROUGH,0,CORRIDOR_CLEAR,1,14,0.0,22.0,2.0,0.0,22.0,2.0,1,
816,27.233333,0.033333,-0.21237029135227203,22.90799903869629,2.304408311843872,-2.603560146786953,-0.12322574853897095,-0.26800109482397555,0.022129388820684482,-0.04477669525448114,0.27261557019792404,0.0,22.0,2.0,0.9039398219943338,-0.28993305787316437,-0.31437496745951055,0.18475078311208365,-0.2389099895954132,0.027726655825972557,-0.03963764011859894,-0.22109699249267578,local_avoidance,SAFE_PROGRESSING,NONE,1,0,"-0.208,22.900;-0.028,22.475;0.153,22.050",1,1,PASS_THROUGH,-1,0.9522183507016607,-0.305418094727554,0.0,0.18475078311208365,4.5840673550741355,4.910850139945168,0.0,0,0,0,DIRECT_LOCAL,PASS_THROUGH,0,CORRIDOR_CLEAR,1,14,0.0,22.0,2.0,0.0,22.0,2.0,1,
817,27.266667,0.033333,-0.21629221737384796,22.91605567932129,2.3029332160949707,-2.6077571820112877,-0.12856914103031158,-0.26785757601321497,0.019828993093665554,-0.044173481748598385,0.27219876282705185,0.0,22.0,2.0,0.9070188531328092,-0.2846310673193533,-0.310325563849144,0.18650076620994713,-0.23838579654693604,0.026131652295589447,-0.039055146276950836,-0.22949227690696716,local_avoidance,SAFE_PROGRESSING,NONE,1,0,"-0.212,22.908;-0.067,22.465;0.078,22.022",0,1,PASS_THROUGH,-1,0.9039398219943338,-0.28993305787316437,-0.31437496745951055,0.18475078311208365,4.60587555624578,4.919010029126831,0.0,0,0,0,DIRECT_LOCAL,PASS_THROUGH,0,CORRIDOR_CLEAR,1,14,0.0,22.0,2.0,0.0,22.0,2.0,1,
818,27.3,0.033333,-0.2202378660440445,22.924081802368164,2.30148983001709,-2.6121326562911986,-0.13398493826389313,-0.2672559020549333,0.017676112677147884,-0.04358048597520617,0.27136215819529175,0.0,22.0,2.0,0.910071844889234,-0.27912083398053267,-0.30636709545562824,0.18824880673335323,-0.23717105388641357,0.024634268134832382,-0.03850378096103668,-0.23781141638755798,local_avoidance,SAFE_PROGRESSING,NONE,1,0,"-0.216,22.916;-0.069,22.469;0.079,22.022",0,1,PASS_THROUGH,-1,0.9039398219943338,-0.28993305787316437,-0.31437496745951055,0.18475078311208365,4.666177430953096,4.92714180069096,0.0,0,0,0,DIRECT_LOCAL,PASS_THROUGH,0,CORRIDOR_CLEAR,1,14,0.0,22.0,2.0,0.0,22.0,2.0,1,
819,27.333333,0.033333,-0.22419416904449463,22.932069778442383,2.300077438354492,-2.6166889448048862,-0.13945558667182922,-0.26619951765329963,0.015673121580610086,-0.04300963121200566,0.2701067535548171,0.0,22.0,2.0,0.9130936058138692,-0.2734107134339552,-0.3025006591750871,0.18999283092870942,-0.23573406040668488,0.023275276646018028,-0.03796752914786339,-0.24557766318321228,local_avoidance,SAFE_PROGRESSING,NONE,1,0,"-0.220,22.924;-0.070,22.473;0.080,22.023",0,1,PASS_THROUGH,-1,0.9039398219943338,-0.28993305787316437,-0.31437496745951055,0.18475078311208365,4.674176556340896,4.9352374882868215,0.0,0,0,0,DIRECT_LOCAL,PASS_THROUGH,0,CORRIDOR_CLEAR,1,14,0.0,22.0,2.0,0.0,22.0,2.0,1,
820,27.366667,0.033333,-0.22814813256263733,22.94001007080078,2.2986958026885986,-2.6214269695529375,-0.14493556320667267,-0.26468834633790655,0.01382402998652326,-0.04245179237038631,0.2684272325372788,0.0,22.0,2.0,0.9160790430701028,-0.2675098676065276,-0.29872672726239713,0.19173075885931126,-0.23420752584934235,0.022015567868947983,-0.037441324442625046,-0.2529236078262329,local_avoidance,SAFE_PROGRESSING,NONE,1,0,"-0.224,22.932;-0.072,22.478;0.080,22.023",0,1,PASS_THROUGH,-1,0.9039398219943338,-0.28993305787316437,-0.31437496745951055,0.18475078311208365,4.682140893983735,4.943287197049446,0.0,0,0,0,DIRECT_LOCAL,PASS_THROUGH,0,CORRIDOR_CLEAR,1,14,0.0,22.0,2.0,0.0,22.0,2.0,1,
821,27.4,0.033333,-0.23208698630332947,22.947891235351562,2.2973437309265137,-2.626346106230488,-0.1503617763519287,-0.2627387551507743,0.01213396551762583,-0.041887278737558264,0.2663333075253625,0.0,22.0,2.0,0.9190228059416762,-0.2614280175611276,-0.2950465620764748,0.19346012546245375,-0.23265786468982697,0.020810667425394058,-0.036932408809661865,-0.2601829767227173,local_avoidance,SAFE_PROGRESSING,NONE,1,0,"-0.228,22.940;-0.074,22.482;0.081,22.023",0,1,PASS_THROUGH,-1,0.9039398219943338,-0.28993305787316437,-0.31437496745951055,0.18475078311208365,4.690060977036786,4.951279108306383,0.0,0,0,0,DIRECT_LOCAL,PASS_THROUGH,0,CORRIDOR_CLEAR,1,14,0.0,22.0,2.0,0.0,22.0,2.0,1,
822,27.433333,0.033333,-0.23599843680858612,22.955705642700195,2.296020746231079,-2.631443780643414,-0.15569064021110535,-0.26039468265984983,0.010605854277245037,-0.041294335881378166,0.2638618901591479,0.0,22.0,2.0,0.921919655267937,-0.25517583599733673,-0.29146087551112015,0.19517808926902352,-0.23122736811637878,0.019660769030451775,-0.036439236253499985,-0.2674294710159302,local_avoidance,SAFE_PROGRESSING,NONE,1,0,"-0.232,22.948;-0.075,22.486;0.082,22.024",1,1,PASS_THROUGH,-1,0.9637636211210041,-0.2667577226693345,0.0,0.19517808926902352,4.697925386301141,4.959205207523413,0.0,0,0,0,DIRECT_LOCAL,PASS_THROUGH,0,CORRIDOR_CLEAR,1,14,0.0,22.0,2.0,0.0,22.0,2.0,1,
823,27.466667,0.033333,-0.23987115919589996,22.963443756103516,2.2947263717651367,-2.63671665869215,-0.16090819239616394,-0.2577284353094598,0.009237702768662806,-0.040652401836144776,0.26107833938217073,0.0,22.0,2.0,0.9247645082328362,-0.24876494332766672,-0.28796980272949335,0.19688255764948703,-0.22985918819904327,0.01856444776058197,-0.035952288657426834,-0.27464374899864197,local_avoidance,SAFE_PROGRESSING,NONE,1,0,"-0.236,22.956;-0.077,22.490;0.082,22.024",0,1,PASS_THROUGH,-1,0.921919655267937,-0.25517583599733673,-0.29146087551112015,0.19517808926902352,4.705726473087047,4.96705558093064,0.0,0,0,0,DIRECT_LOCAL,PASS_THROUGH,0,CORRIDOR_CLEAR,1,14,0.0,22.0,2.0,0.0,22.0,2.0,1,
824,27.5,0.033333,-0.24369552731513977,22.971101760864258,2.293459177017212,-2.6421612347530723,-0.16601887345314026,-0.25482857225238065,0.008022012667373084,-0.03995902929734073,0.2580671965705986,0.0,22.0,2.0,0.9275528038642619,-0.24220559907970116,-0.28457379327336013,0.19857110003108058,-0.22816532850265503,0.017492951825261116,-0.03547468036413193,-0.2818988859653473,local_avoidance,SAFE_PROGRESSING,NONE,1,0,"-0.240,22.963;-0.078,22.494;0.083,22.025",0,1,PASS_THROUGH,-1,0.921919655267937,-0.25517583599733673,-0.29146087551112015,0.19517808926902352,4.713454639154518,4.974826066572654,0.0,0,0,0,DIRECT_LOCAL,PASS_THROUGH,0,CORRIDOR_CLEAR,1,14,0.0,22.0,2.0,0.0,22.0,2.0,1,
825,27.533333,0.033333,-0.2474636733531952,22.978675842285156,2.2922186851501465,-2.647774657235708,-0.17103803157806396,-0.25177173607789993,0.006946475923001297,-0.03923523495202757,0.2549052064536331,0.0,22.0,2.0,0.9302811858355206,-0.23550724894206918,-0.28127077874567014,0.20024246702306345,-0.22617943584918976,0.01646670326590538,-0.03499571979045868,-0.28894472122192383,local_avoidance,SAFE_PROGRESSING,NONE,1,0,"-0.244,22.971;-0.135,22.656;-0.025,22.340;0.084,22.025",0,1,PASS_THROUGH,-1,0.921919655267937,-0.25517583599733673,-0.29146087551112015,0.19517808926902352,4.721105970300966,4.982512540916813,0.0,0,0,0,DIRECT_LOCAL,PASS_THROUGH,0,CORRIDOR_CLEAR,1,14,0.0,22.0,2.0,0.0,22.0,2.0,1,
826,27.566667,0.033333,-0.251169353723526,22.986164093017578,2.2910044193267822,-2.653554211413795,-0.17597530782222748,-0.2486018639047745,0.00599614461612187,-0.03850406577035198,0.25163744468586746,0.0,22.0,2.0,0.932946717087993,-0.22867745721296898,-0.2780594246511833,0.20189548522956297,-0.22406288981437683,0.015495752915740013,-0.034500595182180405,-0.29561322927474976,local_avoidance,SAFE_PROGRESSING,NONE,1,0,"-0.247,22.979;-0.137,22.661;-0.026,22.343;0.084,22.025",0,1,PASS_THROUGH,-1,0.921919655267937,-0.25517583599733673,-0.29146087551112015,0.19517808926902352,4.728676522491689,4.990112825539647,0.0,0,0,0,DIRECT_LOCAL,PASS_THROUGH,0,CORRIDOR_CLEAR,1,14,0.0,22.0,2.0,0.0,22.0,2.0,1,
827,27.6,0.033333,-0.2548072636127472,22.993566513061523,2.289815902709961,-2.6594971992097336,-0.18082109093666077,-0.24533234468952217,0.00515657339803925,-0.03778335981214914,0.24827833550022488,0.0,22.0,2.0,0.9355470180993315,-0.22172272253813663,-0.27493783158329715,0.20352942417322134,-0.2217317819595337,0.014559239149093628,-0.03400001302361488,-0.30208414793014526,local_avoidance,SAFE_PROGRESSING,NONE,1,0,"-0.251,22.986;-0.139,22.666;-0.027,22.346;0.085,22.026",0,1,PASS_THROUGH,-1,0.921919655267937,-0.25517583599733673,-0.29146087551112015,0.19517808926902352,4.736164237373652,4.997626669226839,0.0,0,0,0,DIRECT_LOCAL,PASS_THROUGH,0,CORRIDOR_CLEAR,1,14,0.0,22.0,2.0,0.0,22.0,2.0,1,
828,27.633333,0.033333,-0.2583727538585663,23.000879287719727,2.288651943206787,-2.665600382825714,-0.18555982410907745,-0.24195770639214959,0.004415329197971839,-0.03708603665974478,0.24482320341341018,0.0,22.0,2.0,0.9380799261709506,-0.2146496449022349,-0.27190362641650884,0.2051439648117439,-0.2192397564649582,0.013656340539455414,-0.033501558005809784,-0.3083692193031311,local_avoidance,SAFE_PROGRESSING,NONE,1,0,"-0.255,22.994;-0.141,22.671;-0.028,22.349;0.086,22.026",1,1,PASS_THROUGH,-1,0.974806251960494,-0.2230532921495087,0.0,0.2051439648117439,4.74356894896892,5.005050022117224,0.0,0,0,0,DIRECT_LOCAL,PASS_THROUGH,0,BYPASS_VISIBLE,1,14,0.0,22.0,2.0,0.0,22.0,2.0,1,
829,27.666667,0.033333,-0.26186150312423706,23.008102416992188,2.28751277923584,-2.6718599802325187,-0.1901811957359314,-0.23846678156541998,0.0037622789653174614,-0.036413724884574304,0.24126027441987227,0.0,22.0,2.0,0.9405435094968637,-0.2074638619137644,-0.26895474106836176,0.20673807859441923,-0.216678649187088,0.01279282383620739,-0.03300609439611435,-0.3143743872642517,local_avoidance,SAFE_PROGRESSING,NONE,1,0,"-0.258,23.001;-0.143,22.676;-0.029,22.351;0.086,22.026",0,1,PASS_THROUGH,-1,0.9380799261709506,-0.2146496449022349,-0.27190362641650884,0.2051439648117439,4.750886665612165,5.0123826523609445,0.0,0,0,0,DIRECT_LOCAL,PASS_THROUGH,0,BYPASS_VISIBLE,1,14,0.0,22.0,2.0,0.0,22.0,2.0,1,
830,27.7,0.033333,-0.26526933908462524,23.015233993530273,2.2863972187042236,-2.6782719048782138,-0.19467531144618988,-0.23485561808551983,0.0031892837549032907,-0.03575719370509261,0.23758347960004372,0.0,22.0,2.0,0.9429356389836855,-0.20017186983316684,-0.26608946477063405,0.20831149079817704,-0.21409942209720612,0.011979267932474613,-0.032513149082660675,-0.3199552595615387,direct,SAFE_PROGRESSING,NONE,1,0,"-0.262,23.008;-0.175,22.672;-0.087,22.336;-0.000,22.000",0,1,PASS_THROUGH,-1,0.9380799261709506,-0.2146496449022349,-0.27190362641650884,0.2051439648117439,4.758117201776693,5.019622422115747,0.0,0,0,0,DIRECT_LOCAL,PASS_THROUGH,0,BYPASS_VISIBLE,1,14,0.0,22.0,2.0,0.0,22.0,2.0,1,
831,27.733333,0.033333,-0.26859256625175476,23.02227020263672,2.2853047847747803,-2.684831472058228,-0.19902364909648895,-0.23113555445484907,0.002690333599684483,-0.03510500788593092,0.23380171942631073,0.0,22.0,2.0,0.9452545032762972,-0.19278023621951873,-0.26330534472172673,0.209863563667238,-0.21147041022777557,0.01122984942048788,-0.03202586993575096,-0.3248952627182007,direct,SAFE_PROGRESSING,NONE,1,0,"-0.265,23.015;-0.177,22.677;-0.088,22.338;-0.000,22.000",0,1,PASS_THROUGH,-1,0.9380799261709506,-0.2146496449022349,-0.27190362641650884,0.2051439648117439,4.765258457398986,5.026765299344355,0.0,0,0,0,DIRECT_LOCAL,PASS_THROUGH,0,BYPASS_VISIBLE,1,14,0.0,22.0,2.0,0.0,22.0,2.0,1,
832,27.766667,0.033333,-0.2718280255794525,23.029207229614258,2.2842345237731934,-2.691533338378613,-0.20319025218486786,-0.2273318939189542,0.0022617636571163864,-0.034448364161810054,0.22993824249359646,0.0,22.0,2.0,0.9474981712248733,-0.18529527979471608,-0.2606009877404893,0.21139331435451042,-0.20884281396865845,0.01055915653705597,-0.03153900057077408,-0.328920841217041,direct,SAFE_PROGRESSING,NONE,1,0,"-0.269,23.022;-0.179,22.682;-0.090,22.341;0.000,22.000",0,1,PASS_THROUGH,-1,0.9380799261709506,-0.2146496449022349,-0.27190362641650884,0.2051439648117439,4.777273866651862,5.033807267515215,0.0,0,0,0,DIRECT_LOCAL,PASS_THROUGH,0,BYPASS_VISIBLE,1,14,0.0,22.0,2.0,0.0,22.0,2.0,1,
833,27.8,0.033333,-0.2749731242656708,23.03604507446289,2.283186435699463,-2.6983703926806157,-0.2071143239736557,-0.2234782208705308,0.0019025301409026406,-0.03378296292984602,0.22602527161517616,0.0,22.0,2.0,0.9496647182774761,-0.17772461262749004,-0.25797458193661393,0.21289978834941845,-0.20621158182621002,0.009966235607862473,-0.031052488833665848,-0.33185505867004395,direct,SAFE_PROGRESSING,NONE,1,0,"-0.272,23.029;-0.181,22.686;-0.091,22.343;0.000,22.000",0,1,PASS_THROUGH,-1,0.9380799261709506,-0.2146496449022349,-0.27190362641650884,0.2051439648117439,4.784352559806778,5.040748140432438,0.0,0,0,0,DIRECT_LOCAL,PASS_THROUGH,0,BYPASS_VISIBLE,1,14,0.0,22.0,2.0,0.0,22.0,2.0,1,
834,27.833333,0.033333,-0.27802595496177673,23.042783737182617,2.2821590900421143,-2.7053332480309065,-0.2107124775648117,-0.21960970725184248,0.0016139048550273649,-0.03311158657863306,0.22209773833579524,0.0,22.0,2.0,0.9517519335500808,-0.17007847373653104,-0.2554242935884031,0.21438279925285428,-0.20357593894004822,0.009454425424337387,-0.03057001531124115,-0.33356499671936035,direct,SAFE_PROGRESSING,NONE,1,0,"-0.275,23.036;-0.183,22.691;-0.092,22.345;-0.000,22.000",1,1,PASS_THROUGH,-1,0.9844055929257255,-0.17591369650073047,0.0,0.21438279925285428,4.814750693025731,5.04758775501837,0.0,0,0,0,DIRECT_LOCAL,PASS_THROUGH,0,BYPASS_VISIBLE,1,14,0.0,22.0,2.0,0.0,22.0,2.0,1,
835,27.866667,0.033333,-0.28098517656326294,23.049423217773438,2.2811522483825684,-2.7124093177470496,-0.21388737857341766,-0.21575743861543195,0.0013986082004086237,-0.03243879043055236,0.21818685466220786,0.0,22.0,2.0,0.9537577417639739,-0.16236972198502808,-0.252947115832123,0.21584219737252058,-0.20103031396865845,0.009030674584209919,-0.030087146908044815,-0.33386316895484924,direct,SAFE_PROGRESSING,NONE,1,0,"-0.278,23.043;-0.185,22.695;-0.093,22.348;-0.000,22.000",0,1,PASS_THROUGH,-1,0.9517519335500808,-0.17007847373653104,-0.2554242935884031,0.21438279925285428,4.821782591585343,5.054325968588456,0.0,0,0,0,DIRECT_LOCAL,PASS_THROUGH,0,BYPASS_VISIBLE,1,14,0.0,22.0,2.0,0.0,22.0,2.0,1,
836,27.9,0.033333,-0.28384989500045776,23.055965423583984,2.280165433883667,-2.719582743686372,-0.21653342247009277,-0.21194839533733167,0.0012600487871482118,-0.03176514141257531,0.2143192343630798,0.0,22.0,2.0,0.9556797008368002,-0.15461393800213177,-0.25054109360333887,0.21727786444552916,-0.19863680005073547,0.008684510365128517,-0.029599713161587715,-0.33271273970603943,direct,SAFE_PROGRESSING,NONE,1,0,"-0.281,23.049;-0.187,22.700;-0.094,22.350;0.000,22.000",0,1,PASS_THROUGH,-1,0.9517519335500808,-0.17007847373653104,-0.2554242935884031,0.21438279925285428,4.8287067089472995,5.060964561941235,0.0,0,0,0,DIRECT_LOCAL,PASS_THROUGH,0,BYPASS_VISIBLE,1,14,0.0,22.0,2.0,0.0,22.0,2.0,1,
837,27.933333,0.033333,-0.28661951422691345,23.062410354614258,2.279198169708252,-2.7268340323451605,-0.21854551136493683,-0.20820889155401517,0.001201292122774657,-0.031091605561820574,0.21052095753470182,0.0,22.0,2.0,0.9575153996975133,-0.14683041483677614,-0.2482037240272026,0.21869007647322952,-0.1963232159614563,0.008399594575166702,-0.02911541797220707,-0.33023175597190857,direct,SAFE_PROGRESSING,NONE,1,0,"-0.284,23.056;-0.189,22.704;-0.095,22.352;0.000,22.000",0,1,PASS_THROUGH,-1,0.9517519335500808,-0.17007847373653104,-0.2554242935884031,0.21438279925285428,4.847583866430459,5.067503422504814,0.0,0,0,0,DIRECT_LOCAL,PASS_THROUGH,0,BYPASS_VISIBLE,1,14,0.0,22.0,2.0,0.0,22.0,2.0,1,
838,27.966667,0.033333,-0.28929388523101807,23.06875991821289,2.278249979019165,-2.7341407173594923,-0.21983537077903748,-0.20456470338482344,0.0012237579142801052,-0.030422338984969134,0.206818118557514,0.0,22.0,2.0,0.9592625510456941,-0.1390407634035516,-0.2459329670326138,0.22007875931377519,-0.1940792202949524,0.008180885575711727,-0.028636477887630463,-0.3263874053955078,direct,SAFE_PROGRESSING,NONE,1,0,"-0.287,23.062;-0.191,22.708;-0.096,22.354;0.000,22.000",0,1,PASS_THROUGH,-1,0.9517519335500808,-0.17007847373653104,-0.2554242935884031,0.21438279925285428,4.912546842620798,5.07394436256474,0.0,0,0,0,DIRECT_LOCAL,PASS_THROUGH,0,BYPASS_VISIBLE,1,14,0.0,22.0,2.0,0.0,22.0,2.0,1,
839,28.0,0.033333,-0.29187333583831787,23.07501792907715,2.277320146560669,-2.7414776083310803,-0.22033604979515076,-0.20103804856391636,0.001326620378529658,-0.029760924040655966,0.2032332883456105,0.0,22.0,2.0,0.9609192207733376,-0.131269462202108,-0.24372644387002942,0.22144423359486987,-0.19190040230751038,0.008021975867450237,-0.028158409520983696,-0.3211548626422882,direct,SAFE_PROGRESSING,NONE,1,0,"-0.289,23.069;-0.193,22.713;-0.096,22.356;-0.000,22.000",0,1,PASS_THROUGH,-1,0.9517519335500808,-0.17007847373653104,-0.2554242935884031,0.21438279925285428,4.918916866794377,5.0802911209368435,0.0,0,0,0,DIRECT_LOCAL,PASS_THROUGH,0,BYPASS_VISIBLE,1,14,0.0,22.0,2.0,0.0,22.0,2.0,1,
840,28.033333,0.033333,-0.2943585216999054,23.081192016601562,2.2764081954956055,-2.748817484652784,-0.21999764442443848,-0.19764549356458933,0.0015070543929166698,-0.0291094957815606,0.19978332033478166,0.0,22.0,2.0,0.9624840656833189,-0.1235431728870994,-0.24158126528912965,0.2227872161512602,-0.18978139758110046,0.007919744588434696,-0.02767869457602501,-0.3145400583744049,direct,SAFE_PROGRESSING,NONE,1,0,"-0.292,23.075;-0.195,22.717;-0.097,22.358;0.000,22.000",1,1,PASS_THROUGH,-1,0.9918624446578325,-0.1273141424877382,0.0,0.2227872161512602,4.925195932953893,5.086551264196757,0.0,0,0,0,DIRECT_LOCAL,PASS_THROUGH,0,BYPASS_VISIBLE,1,14,0.0,22.0,2.0,0.0,22.0,2.0,1,
841,28.066667,0.033333,-0.2967504560947418,23.087282180786133,2.2755136489868164,-2.756131869004277,-0.2187844216823578,-0.1943971361377169,0.0017608971135501274,-0.028470507978029753,0.1964787956032855,0.0,22.0,2.0,0.9639564130288327,-0.11589053882475181,-0.23949408508665737,0.22410918018325865,-0.18769830465316772,0.007866119965910912,-0.027198458090424538,-0.3066171407699585,direct,SAFE_PROGRESSING,NONE,1,0,"-0.294,23.081;-0.196,22.721;-0.098,22.360;0.000,22.000",0,1,PASS_THROUGH,-1,0.9624840656833189,-0.1235431728870994,-0.24158126528912965,0.2227872161512602,4.931391526034245,5.092724751581098,0.0,0,0,0,DIRECT_LOCAL,PASS_THROUGH,0,BYPASS_VISIBLE,1,14,0.0,22.0,2.0,0.0,22.0,2.0,1,
842,28.1,0.033333,-0.2990504503250122,23.093294143676758,2.2746360301971436,-2.7633912927120488,-0.2166757583618164,-0.19129664702600443,0.0020830997404620954,-0.02784618131661613,0.1933239671686838,0.0,22.0,2.0,0.9653361412028569,-0.10833924313483123,-0.23746314005451413,0.2254101482939476,-0.18566392362117767,0.007850036025047302,-0.0267171673476696,-0.2974700629711151,direct,SAFE_PROGRESSING,NONE,1,0,"-0.297,23.087;-0.198,22.725;-0.099,22.362;0.000,22.000",0,1,PASS_THROUGH,-1,0.9624840656833189,-0.1235431728870994,-0.24158126528912965,0.2227872161512602,4.937503512692757,5.098817275868871,0.0,0,0,0,DIRECT_LOCAL,PASS_THROUGH,0,BYPASS_VISIBLE,1,14,0.0,22.0,2.0,0.0,22.0,2.0,1,
843,28.133333,0.033333,-0.3012600243091583,23.099231719970703,2.273775339126587,-2.7705657427022388,-0.21366794407367706,-0.18834274042020116,0.0024678792819712693,-0.027237556638151837,0.19031805691725157,0.0,22.0,2.0,0.9666239879674812,-0.10091871741615074,-0.23548562240808216,0.22669126638999462,-0.18369777500629425,0.007863819599151611,-0.026236314326524734,-0.2871991693973541,direct,SAFE_PROGRESSING,NONE,1,0,"-0.299,23.093;-0.199,22.729;-0.100,22.364;0.000,22.000",0,1,PASS_THROUGH,-1,0.9624840656833189,-0.1235431728870994,-0.24158126528912965,0.2227872161512602,4.9435374922808055,5.104832635904726,0.0,0,0,0,DIRECT_LOCAL,PASS_THROUGH,0,BYPASS_VISIBLE,1,14,0.0,22.0,2.0,0.0,22.0,2.0,1,
844,28.166667,0.033333,-0.3033810555934906,23.105100631713867,2.272930860519409,-2.7776252831822155,-0.2097739428281784,-0.18553199424501546,0.0029085359309885287,-0.026645432787122864,0.18745815415235312,0.0,22.0,2.0,0.9678213390365363,-0.0936578143269392,-0.23355956311191053,0.22795332648913064,-0.1817975789308548,0.00789718423038721,-0.02576032467186451,-0.27598506212234497,direct,SAFE_PROGRESSING,NONE,1,0,"-0.301,23.099;-0.201,22.733;-0.100,22.366;-0.000,22.000",0,1,PASS_THROUGH,-1,0.9624840656833189,-0.1235431728870994,-0.24158126528912965,0.2227872161512602,4.949471709505418,5.11077655438131,0.0,0,0,0,DIRECT_LOCAL,PASS_THROUGH,0,BYPASS_VISIBLE,1,14,0.0,22.0,2.0,0.0,22.0,2.0,1,
845,28.2,0.033333,-0.30541548132896423,23.110902786254883,2.2721023559570312,-2.784541008679544,-0.20502552390098572,-0.1828611808030527,0.003397517747892563,-0.02607108917917568,0.18474159321203903,0.0,22.0,2.0,0.9689305916710402,-0.08658464381256936,-0.23168212701859095,0.22919751055431722,-0.17995929718017578,0.007948601618409157,-0.025293782353401184,-0.2639630436897278,direct,SAFE_PROGRESSING,NONE,1,0,"-0.303,23.105;-0.202,22.737;-0.101,22.368;0.000,22.000",0,1,PASS_THROUGH,-1,0.9624840656833189,-0.1235431728870994,-0.24158126528912965,0.2227872161512602,4.955388159116036,5.116650948778851,0.0,0,0,0,DIRECT_LOCAL,PASS_THROUGH,0,BYPASS_VISIBLE,1,14,0.0,22.0,2.0,0.0,22.0,2.0,1,
846,28.233333,0.033333,-0.3073655664920807,23.116641998291016,2.271289348602295,-2.7912851229302884,-0.1994726061820984,-0.1803277738423386,0.003926378943426117,-0.025516654530114157,0.18216646817938317,0.0,22.0,2.0,0.9699546793729094,-0.07972538480469671,-0.22985165429106538,0.23042427100843912,-0.1781739443540573,0.008014557883143425,-0.02484113723039627,-0.2512970566749573,direct,SAFE_PROGRESSING,NONE,1,0,"-0.305,23.111;-0.204,22.741;-0.102,22.370;-0.000,22.000",1,1,PASS_THROUGH,-1,0.9966390149665169,-0.08191870266655124,0.0,0.23042427100843912,4.963336622324558,5.122459659480407,0.0,0,0,0,DIRECT_LOCAL,PASS_THROUGH,0,BYPASS_VISIBLE,1,14,0.0,22.0,2.0,0.0,22.0,2.0,1,
847,28.266667,0.033333,-0.30923378467559814,23.122318267822266,2.270491600036621,-2.79783184417354,-0.19318053126335144,-0.17792932712163534,0.004486167638561812,-0.02498598573032723,0.17973110647006915,0.0,22.0,2.0,0.9708973358964215,-0.07310449016343423,-0.22806599191281404,0.23163444854445553,-0.17640233039855957,0.0080788042396307,-0.024408457800745964,-0.23821285367012024,direct,SAFE_PROGRESSING,NONE,1,0,"-0.307,23.117;-0.205,22.744;-0.102,22.372;0.000,22.000",0,1,PASS_THROUGH,-1,0.9699546793729094,-0.07972538480469671,-0.22985165429106538,0.23042427100843912,4.973305718936243,5.1282027273797794,0.0,0,0,0,DIRECT_LOCAL,PASS_THROUGH,0,BYPASS_VISIBLE,1,14,0.0,22.0,2.0,0.0,22.0,2.0,1,
848,28.3,0.033333,-0.31102293729782104,23.127939224243164,2.269707679748535,-2.804157792517843,-0.1862305849790573,-0.17566127698738396,0.0050674610020215675,-0.02448565312605949,0.17743198866849,0.0,22.0,2.0,0.9717627513369917,-0.06674308313757321,-0.22632391823943607,0.23282816220314628,-0.17461925745010376,0.008135991171002388,-0.0240030474960804,-0.22488224506378174,direct,SAFE_PROGRESSING,NONE,1,0,"-0.309,23.122;-0.206,22.748;-0.103,22.374;0.000,22.000",0,1,PASS_THROUGH,-1,0.9699546793729094,-0.07972538480469671,-0.22985165429106538,0.23042427100843912,4.979071310157772,5.133887834271869,0.0,0,0,0,DIRECT_LOCAL,PASS_THROUGH,0,BYPASS_VISIBLE,1,14,0.0,22.0,2.0,0.0,22.0,2.0,1,
849,28.333333,0.033333,-0.31273597478866577,23.133508682250977,2.268937349319458,-2.8102426158311276,-0.17871811985969543,-0.17351449803749672,0.005660203861769858,-0.024022612147220592,0.17526096208607622,0.0,22.0,2.0,0.9725560365031573,-0.06066082984232335,-0.22462194813532857,0.2340070222118674,-0.17281928658485413,0.008181323297321796,-0.02362821251153946,-0.21146327257156372,direct,SAFE_PROGRESSING,NONE,1,0,"-0.311,23.128;-0.207,22.752;-0.104,22.376;0.000,22.000",0,1,PASS_THROUGH,-1,0.9699546793729094,-0.07972538480469671,-0.22985165429106538,0.23042427100843912,4.991013572563569,5.139518860115691,0.0,0,0,0,DIRECT_LOCAL,PASS_THROUGH,0,BYPASS_VISIBLE,1,14,0.0,22.0,2.0,0.0,22.0,2.0,1,
850,28.366667,0.033333,-0.3143761157989502,23.139026641845703,2.268179416656494,-2.816069212831054,-0.17074736952781677,-0.17147485554484354,0.006254005849559534,-0.023602308371107328,0.17320452544242643,0.0,22.0,2.0,0.9732823452813161,-0.054873231536067435,-0.2229583028830508,0.23517191351565453,-0.17098964750766754,0.008208535611629486,-0.023286666721105576,-0.19812250137329102,direct,SAFE_PROGRESSING,NONE,1,0,"-0.313,23.134;-0.208,22.756;-0.104,22.378;0.000,22.000",0,1,PASS_THROUGH,-1,0.9699546793729094,-0.07972538480469671,-0.22985165429106538,0.23042427100843912,inf,5.145095887640549,0.0,0,0,0,DIRECT_LOCAL,PASS_THROUGH,0,BYPASS_VISIBLE,1,14,0.0,22.0,2.0,0.0,22.0,2.0,1,
851,28.4,0.033333,-0.31594666838645935,23.14449691772461,2.267432689666748,-2.8216241420330603,-0.16242776811122894,-0.16952399766324053,0.006838345510357111,-0.023228406303594174,0.17124458418428956,0.0,22.0,2.0,0.9739471395615403,-0.049391165044483126,-0.2213311594770205,0.23632300209832596,-0.16911616921424866,0.008216316811740398,-0.02298077940940857,-0.18499872088432312,direct,SAFE_PROGRESSING,NONE,1,0,"-0.314,23.139;-0.210,22.759;-0.105,22.380;-0.000,22.000",0,1,PASS_THROUGH,-1,0.9699546793729094,-0.07972538480469671,-0.22985165429106538,0.23042427100843912,inf,5.150622819152545,0.0,0,0,0,DIRECT_LOCAL,PASS_THROUGH,0,BYPASS_VISIBLE,1,14,0.0,22.0,2.0,0.0,22.0,2.0,1,
852,28.433333,0.033333,-0.31745094060897827,23.149921417236328,2.266695976257324,-2.826897583495187,-0.1538703739643097,-0.16764125018136486,0.007403043169272865,-0.022902530761201557,0.16936032512310797,0.0,22.0,2.0,0.9745560648820041,-0.0442227404678944,-0.21973808415295798,0.23746119615176156,-0.16719573736190796,0.008203990757465363,-0.022710980847477913,-0.17221707105636597,direct,SAFE_PROGRESSING,NONE,1,0,"-0.316,23.144;-0.211,22.763;-0.105,22.381;0.000,22.000",1,1,PASS_THROUGH,-1,0.998972036743423,-0.04533067178740202,0.0,0.23746119615176156,inf,5.156101655007797,0.0,0,0,0,DIRECT_LOCAL,PASS_THROUGH,0,BYPASS_VISIBLE,1,14,0.0,22.0,2.0,0.0,22.0,2.0,1,
853,28.466667,0.033333,-0.3188924491405487,23.155298233032227,2.265968084335327,-2.831883493967002,-0.14518415927886963,-0.16580531069318347,0.007938753203245984,-0.022624396180405335,0.1675299619740095,0.0,22.0,2.0,0.9751146769198521,-0.039371938379048815,-0.2181770320720514,0.23858703782999865,-0.16522744297981262,0.008170771412551403,-0.022477343678474426,-0.15988902747631073,direct,SAFE_PROGRESSING,NONE,1,0,"-0.317,23.150;-0.212,22.767;-0.106,22.383;-0.000,22.000",0,1,PASS_THROUGH,-1,0.9745560648820041,-0.0442227404678944,-0.21973808415295798,0.23746119615176156,inf,5.161530595655291,0.0,0,0,0,DIRECT_LOCAL,PASS_THROUGH,0,BYPASS_VISIBLE,1,14,0.0,22.0,2.0,0.0,22.0,2.0,1,
854,28.5,0.033333,-0.3202746510505676,23.160629272460938,2.2652478218078613,-2.836579257071159,-0.1364733874797821,-0.16399601653128065,0.008437309437564634,-0.022392921864525274,0.16573269013174202,0.0,22.0,2.0,0.9756282711846574,-0.034838376466030746,-0.21664663392364897,0.2397003463799118,-0.16318993270397186,0.008115087635815144,-0.022281503304839134,-0.14810886979103088,direct,SAFE_PROGRESSING,NONE,1,0,"-0.319,23.155;-0.213,22.770;-0.106,22.385;-0.000,22.000",0,1,PASS_THROUGH,-1,0.9745560648820041,-0.0442227404678944,-0.21973808415295798,0.23746119615176156,inf,5.1669116546373814,0.0,0,0,0,DIRECT_LOCAL,PASS_THROUGH,0,BYPASS_VISIBLE,1,14,0.0,22.0,2.0,0.0,22.0,2.0,1,
855,28.533333,0.033333,-0.321601003408432,23.16591453552246,2.2645339965820312,-2.840985657550865,-0.1278354674577713,-0.16219473234494045,0.008891808120341354,-0.022207171492786025,0.16394924189457488,0.0,22.0,2.0,0.9761020065320107,-0.03061922022324351,-0.21514491905946317,0.24080167442929196,-0.1610804945230484,0.008039739914238453,-0.022123895585536957,-0.1369277834892273,direct,SAFE_PROGRESSING,NONE,1,0,"-0.320,23.161;-0.214,22.774;-0.107,22.387;0.000,22.000",0,1,PASS_THROUGH,-1,0.9745560648820041,-0.0442227404678944,-0.21973808415295798,0.23746119615176156,inf,5.172244942905856,0.0,0,0,0,DIRECT_LOCAL,PASS_THROUGH,0,BYPASS_VISIBLE,1,14,0.0,22.0,2.0,0.0,22.0,2.0,1,
856,28.566667,0.033333,-0.32287484407424927,23.1711483001709,2.2638256549835205,-2.8451066780064607,-0.11935806274414062,-0.16038441118796062,0.009296778095320004,-0.02206556718475423,0.16216189037578274,0.0,22.0,2.0,0.9765406760006448,-0.02670807762645863,-0.2136702756718933,0.24189120773900535,-0.15890473127365112,0.007950813509523869,-0.022003212943673134,-0.12636159360408783,direct,SAFE_PROGRESSING,NONE,1,0,"-0.322,23.166;-0.214,22.777;-0.107,22.389;-0.000,22.000",0,1,PASS_THROUGH,-1,0.9745560648820041,-0.0442227404678944,-0.21973808415295798,0.23746119615176156,inf,5.177524852198355,0.0,0,0,0,DIRECT_LOCAL,PASS_THROUGH,0,BYPASS_VISIBLE,1,14,0.0,22.0,2.0,0.0,22.0,2.0,1,
857,28.6,0.033333,-0.3240995407104492,23.17633628845215,2.2631213665008545,-2.8489489029057413,-0.11111579835414886,-0.15854961640380857,0.009648277074025532,-0.021965115539742855,0.16035440877308693,0.0,22.0,2.0,0.9769484891128231,-0.023094865468152537,-0.21222223448352479,0.2429680230753961,-0.15666933357715607,0.007852425798773766,-0.02191627211868763,-0.1164228692650795,direct,SAFE_PROGRESSING,NONE,1,0,"-0.323,23.171;-0.215,22.781;-0.108,22.390;0.000,22.000",0,1,PASS_THROUGH,-1,0.9745560648820041,-0.0442227404678944,-0.21973808415295798,0.23746119615176156,inf,5.182757213442677,0.0,0,0,0,DIRECT_LOCAL,PASS_THROUGH,0,BYPASS_VISIBLE,1,14,0.0,22.0,2.0,0.0,22.0,2.0,1,
858,28.633333,0.033333,-0.3252784013748169,23.18147087097168,2.262420177459717,-2.852521159304847,-0.10316874086856842,-0.15667705031232637,0.009944070165241034,-0.02190181195217684,0.15851268716670913,0.0,22.0,2.0,0.977329681053695,-0.01976974456033298,-0.21079813028464453,0.24403340556719694,-0.15436938405036926,0.007745291106402874,-0.021859994158148766,-0.10713053494691849,direct,SAFE_PROGRESSING,NONE,1,0,"-0.324,23.176;-0.216,22.784;-0.108,22.392;0.000,22.000",1,1,PASS_THROUGH,-1,0.9997954701553602,-0.020224189892851074,0.0,0.24403340556719694,inf,5.187934516772778,0.0,0,0,0,DIRECT_LOCAL,PASS_THROUGH,0,BYPASS_VISIBLE,1,14,0.0,22.0,2.0,0.0,22.0,2.0,1,
859,28.666667,0.033333,-0.3264143466949463,23.18655014038086,2.261720895767212,-2.8558342233515037,-0.09556359052658081,-0.1547555667949375,0.010183541884656946,-0.021871563749814374,0.156624887167401,0.0,22.0,2.0,0.9776876025583018,-0.016718145725261147,-0.20939784002541445,0.24508606303545993,-0.15199559926986694,0.007632043678313494,-0.02183166891336441,-0.09847782552242279,direct,SAFE_PROGRESSING,NONE,1,0,"-0.325,23.181;-0.217,22.788;-0.108,22.394;0.000,22.000",0,1,PASS_THROUGH,-1,0.977329681053695,-0.01976974456033298,-0.21079813028464453,0.24403340556719694,inf,5.193054956894782,0.0,0,0,0,DIRECT_LOCAL,PASS_THROUGH,0,BYPASS_VISIBLE,1,14,0.0,22.0,2.0,0.0,22.0,2.0,1,
860,28.7,0.033333,-0.32751035690307617,23.191574096679688,2.261021614074707,-2.858899899144613,-0.08833476901054382,-0.15277567875267506,0.010367348211347868,-0.02187067278204146,0.15468101452736538,0.0,22.0,2.0,0.9780253971935364,-0.013926029307812116,-0.2080201628500063,0.24612578583855252,-0.14952842891216278,0.007511168252676725,-0.021828465163707733,-0.09046425670385361,direct,SAFE_PROGRESSING,NONE,1,0,"-0.326,23.187;-0.218,22.791;-0.109,22.396;-0.000,22.000",0,1,PASS_THROUGH,-1,0.977329681053695,-0.01976974456033298,-0.21079813028464453,0.24403340556719694,inf,5.198118638765386,0.0,0,0,0,DIRECT_LOCAL,PASS_THROUGH,0,BYPASS_VISIBLE,1,14,0.0,22.0,2.0,0.0,22.0,2.0,1,
861,28.733333,0.033333,-0.32856911420822144,23.196537017822266,2.260322332382202,-2.8617312561270123,-0.08150594681501389,-0.1507283572095846,0.010497098416308774,-0.02189610777854136,0.1526717599234099,0.0,22.0,2.0,0.9783460036630325,-0.011378476600977572,-0.206663076979935,0.2471527351057879,-0.1469680368900299,0.007387559860944748,-0.021847199648618698,-0.08305257558822632,direct,SAFE_PROGRESSING,NONE,1,0,"-0.328,23.192;-0.218,22.794;-0.109,22.397;0.000,22.000",0,1,PASS_THROUGH,-1,0.977329681053695,-0.01976974456033298,-0.21079813028464453,0.24403340556719694,inf,5.203119939836446,0.0,0,0,0,DIRECT_LOCAL,PASS_THROUGH,0,BYPASS_VISIBLE,1,14,0.0,22.0,2.0,0.0,22.0,2.0,1,
862,28.766667,0.033333,-0.3295930027961731,23.201438903808594,2.2596230506896973,-2.8643417706655834,-0.07509072124958038,-0.14860420606617564,0.010575001592686666,-0.021944708766136505,0.1505875524805229,0.0,22.0,2.0,0.9786515134777094,-0.009059194120828201,-0.20532692509670974,0.24816595236499112,-0.1443021595478058,0.007260169833898544,-0.021884474903345108,-0.07622528076171875,direct,SAFE_PROGRESSING,NONE,1,0,"-0.329,23.197;-0.219,22.798;-0.110,22.399;-0.000,22.000",0,1,PASS_THROUGH,-1,0.977329681053695,-0.01976974456033298,-0.21079813028464453,0.24403340556719694,inf,5.208058944744323,0.0,0,0,0,DIRECT_LOCAL,PASS_THROUGH,0,BYPASS_VISIBLE,1,14,0.0,22.0,2.0,0.0,22.0,2.0,1,
863,28.8,0.033333,-0.33058422803878784,23.206274032592773,2.2589237689971924,-2.866745376100733,-0.06909379363059998,-0.1463932561029958,0.010603744574306063,-0.02201340984876595,0.14841837839231428,0.0,22.0,2.0,0.9789438679734845,-0.006952880738887474,-0.20401117814115977,0.2491655664073183,-0.1415218561887741,0.007123369257897139,-0.02193734049797058,-0.06998410075902939,direct,SAFE_PROGRESSING,NONE,1,0,"-0.330,23.201;-0.220,22.801;-0.110,22.400;0.000,22.000",0,1,PASS_THROUGH,-1,0.977329681053695,-0.01976974456033298,-0.21079813028464453,0.24403340556719694,inf,5.212930014911516,0.0,0,0,0,DIRECT_LOCAL,PASS_THROUGH,0,BYPASS_VISIBLE,1,14,0.0,22.0,2.0,0.0,22.0,2.0,1,
864,28.833333,0.033333,-0.33154475688934326,23.211036682128906,2.2582225799560547,-2.868955988932229,-0.06351421773433685,-0.1440849604237924,0.010586060812117824,-0.02209959184722174,0.1461537972946905,0.0,22.0,2.0,0.979224546870765,-0.005043199489209782,-0.20271618816625614,0.25015059252663246,-0.1386190801858902,0.006974642630666494,-0.022004155442118645,-0.06431232392787933,direct,SAFE_PROGRESSING,NONE,1,0,"-0.331,23.206;-0.220,22.804;-0.110,22.402;0.000,22.000",1,1,PASS_THROUGH,-1,0.9999867379983853,-0.0051501288671796375,0.0,0.25015059252663246,inf,5.217727503457832,0.0,0,0,0,DIRECT_LOCAL,PASS_THROUGH,0,BYPASS_VISIBLE,1,14,0.0,22.0,2.0,0.0,22.0,2.0,1,
865,28.866667,0.033333,-0.3324762284755707,23.215726852416992,2.2575199604034424,-2.870987543887363,-0.05834757164120674,-0.14166859257717523,0.010524479592744811,-0.022200803176423832,0.1437832759926344,0.0,22.0,2.0,0.979495070205997,-0.0033139967219991684,-0.20144087189017895,0.25112003275585987,-0.13559719920158386,0.006813576444983482,-0.022082777693867683,-0.05918252840638161,direct,SAFE_PROGRESSING,NONE,1,0,"-0.332,23.211;-0.221,22.807;-0.111,22.404;0.000,22.000",0,1,PASS_THROUGH,-1,0.979224546870765,-0.005043199489209782,-0.20271618816625614,0.25015059252663246,inf,5.222451468754739,0.0,0,0,0,DIRECT_LOCAL,PASS_THROUGH,0,BYPASS_VISIBLE,1,14,0.0,22.0,2.0,0.0,22.0,2.0,1,
866,28.9,0.033333,-0.3333800435066223,23.220338821411133,2.2568142414093018,-2.87285360112658,-0.05358630791306496,-0.13913381122845359,0.010421092354067022,-0.022314370478372765,0.1412966656459134,0.0,22.0,2.0,0.9797565315364406,-0.0017509215613224771,-0.20018509731088807,0.25207397503027296,-0.13245034217834473,0.0066361138597130775,-0.02217133715748787,-0.05458231642842293,direct,SAFE_PROGRESSING,NONE,1,0,"-0.332,23.216;-0.222,22.810;-0.111,22.405;-0.000,22.000",0,1,PASS_THROUGH,-1,0.979224546870765,-0.005043199489209782,-0.20271618816625614,0.25015059252663246,inf,5.227096243037847,0.0,0,0,0,DIRECT_LOCAL,PASS_THROUGH,0,BYPASS_VISIBLE,1,14,0.0,22.0,2.0,0.0,22.0,2.0,1,
867,28.933333,0.033333,-0.3342573940753937,23.224868774414062,2.256105899810791,-2.87456742331203,-0.04922063648700714,-0.13647147754281563,0.010277556732965341,-0.0224375689843506,0.13868502751575618,0.0,22.0,2.0,0.9800099910401647,-0.00033891971708388535,-0.19894798967288274,0.2530113904512277,-0.12917988002300262,0.006442004814743996,-0.02226812019944191,-0.05048162490129471,direct,SAFE_PROGRESSING,NONE,1,0,"-0.333,23.220;-0.222,22.814;-0.111,22.407;0.000,22.000",0,1,PASS_THROUGH,-1,0.979224546870765,-0.005043199489209782,-0.20271618816625614,0.25015059252663246,inf,5.231658056663042,0.0,0,0,0,DIRECT_LOCAL,PASS_THROUGH,0,BYPASS_VISIBLE,1,14,0.0,22.0,2.0,0.0,22.0,2.0,1,
868,28.966667,0.033333,-0.3351093530654907,23.22930908203125,2.255394458770752,-2.876142323179726,-0.04523901641368866,-0.13367408467268935,0.010095340396884065,-0.022567852206241565,0.13594110770481846,0.0,22.0,2.0,0.9802560743454971,0.0009365552989684944,-0.19772999664422997,0.25393160654228775,-0.12578879296779633,0.006234865635633469,-0.022371899336576462,-0.04683561250567436,direct,SAFE_PROGRESSING,NONE,1,0,"-0.334,23.225;-0.223,22.817;-0.111,22.408;0.000,22.000",0,1,PASS_THROUGH,-1,0.979224546870765,-0.005043199489209782,-0.20271618816625614,0.25015059252663246,inf,5.236129324270836,0.0,0,0,0,DIRECT_LOCAL,PASS_THROUGH,0,BYPASS_VISIBLE,1,14,0.0,22.0,2.0,0.0,22.0,2.0,1,
869,29.0,0.033333,-0.33593669533729553,23.23365592956543,2.2546799182891846,-2.877590638181056,-0.04162731021642685,-0.13073587263575276,0.00987587563310526,-0.022702625022444346,0.13305942468033616,0.0,22.0,2.0,0.9804953041610972,0.002089771218171582,-0.19653140047914272,0.25483320801469234,-0.12227758020162582,0.00601218780502677,-0.022480446845293045,-0.04362208768725395,direct,SAFE_PROGRESSING,NONE,1,0,"-0.335,23.229;-0.223,22.820;-0.112,22.410;0.000,22.000",0,1,PASS_THROUGH,-1,0.979224546870765,-0.005043199489209782,-0.20271618816625614,0.25015059252663246,inf,5.240506260524416,0.0,0,0,0,DIRECT_LOCAL,PASS_THROUGH,0,BYPASS_VISIBLE,1,14,0.0,22.0,2.0,0.0,22.0,2.0,1,
870,29.033333,0.033333,-0.33674007654190063,23.23790740966797,2.2539620399475098,-2.878924480247209,-0.03836917132139206,-0.1276529920709183,0.009620894553262678,-0.022839421055448946,0.13003648392205555,0.0,22.0,2.0,0.9807281297152487,0.0031337667972631267,-0.1953522845806794,0.2557154993993197,-0.11864835023880005,0.005776369012892246,-0.022592127323150635,-0.0407988503575325,direct,SAFE_PROGRESSING,NONE,1,0,"-0.336,23.234;-0.224,22.822;-0.112,22.411;0.000,22.000",1,1,PASS_THROUGH,-1,0.9999948949175089,0.0031953307998160985,0.0,0.2557154993993197,inf,5.244786981445419,0.0,0,0,0,DIRECT_LOCAL,PASS_THROUGH,0,BYPASS_VISIBLE,1,14,0.0,22.0,2.0,0.0,22.0,2.0,1,
871,29.066667,0.033333,-0.3375200629234314,23.242055892944336,2.2532401084899902,-2.8801553184101056,-0.03544636070728302,-0.12442320263512886,0.009332480011281752,-0.022976121499735543,0.1268705272957984,0.0,22.0,2.0,0.9809549963358496,0.004080477610009237,-0.19419228837986216,0.2565781466968927,-0.11490065604448318,0.005527707282453775,-0.022705700248479843,-0.03833610191941261,direct,SAFE_PROGRESSING,NONE,1,0,"-0.337,23.238;-0.224,22.825;-0.112,22.413;-0.000,22.000",0,1,PASS_THROUGH,-1,0.9807281297152487,0.0031337667972631267,-0.1953522845806794,0.2557154993993197,inf,5.2489638825305995,0.0,0,0,0,DIRECT_LOCAL,PASS_THROUGH,0,BYPASS_VISIBLE,1,14,0.0,22.0,2.0,0.0,22.0,2.0,1,
872,29.1,0.033333,-0.33827704191207886,23.246097564697266,2.252514362335205,-2.881294041311456,-0.03283907473087311,-0.12104557932650896,0.009013112926998782,-0.023111142181067593,0.12356129398820052,0.0,22.0,2.0,0.9811761759221205,0.004942352468099376,-0.1930515085538711,0.25741970663285196,-0.11103986203670502,0.005267655476927757,-0.022819943726062775,-0.0362008735537529,direct,SAFE_PROGRESSING,NONE,1,0,"-0.338,23.242;-0.225,22.828;-0.113,22.414;-0.000,22.000",0,1,PASS_THROUGH,-1,0.9807281297152487,0.0031337667972631267,-0.1953522845806794,0.2557154993993197,inf,5.25303316384897,0.0,0,0,0,DIRECT_LOCAL,PASS_THROUGH,0,BYPASS_VISIBLE,1,14,0.0,22.0,2.0,0.0,22.0,2.0,1,
873,29.133333,0.033333,-0.33901122212409973,23.25002670288086,2.2517848014831543,-2.8823507539076547,-0.03052648715674877,-0.11752012040292788,0.008665524984284877,-0.023243436815725937,0.12010964731352167,0.0,22.0,2.0,0.981391849674762,0.005730167161415722,-0.1919302023555739,0.2582394623468104,-0.1070510670542717,0.004991002380847931,-0.022934675216674805,-0.03438518941402435,direct,SAFE_PROGRESSING,NONE,1,0,"-0.338,23.246;-0.226,22.831;-0.113,22.415;-0.000,22.000",0,1,PASS_THROUGH,-1,0.9807281297152487,0.0031337667972631267,-0.1953522845806794,0.2557154993993197,inf,5.256989112683467,0.0,0,0,0,DIRECT_LOCAL,PASS_THROUGH,0,BYPASS_VISIBLE,1,14,0.0,22.0,2.0,0.0,22.0,2.0,1,
874,29.166667,0.033333,-0.3397226929664612,23.25383758544922,2.251051664352417,-2.8833349239933304,-0.02848835289478302,-0.11384719531121228,0.008292448831236856,-0.023372600151398977,0.1165170675295477,0.0,22.0,2.0,0.981602130747405,0.0064543201446659315,-0.19082871551112152,0.25903631920186543,-0.10294458270072937,0.00469987653195858,-0.02304927259683609,-0.03285437077283859,direct,SAFE_PROGRESSING,NONE,1,0,"-0.339,23.250;-0.226,22.833;-0.113,22.417;0.000,22.000",0,1,PASS_THROUGH,-1,0.9807281297152487,0.0031337667972631267,-0.1953522845806794,0.2557154993993197,inf,5.260826011670417,0.0,0,0,0,DIRECT_LOCAL,PASS_THROUGH,0,BYPASS_VISIBLE,1,14,0.0,22.0,2.0,0.0,22.0,2.0,1,
875,29.2,0.033333,-0.3404114246368408,23.257526397705078,2.250314474105835,-2.884255376909933,-0.026705220341682434,-0.11002715760347906,0.007896346468427353,-0.02349824201796846,0.11278517223369955,0.0,22.0,2.0,0.9818070610390106,0.007124488339110002,-0.18974756008931012,0.25980917603514403,-0.09872525185346603,0.004398073069751263,-0.02316306158900261,-0.031566835939884186,direct,SAFE_PROGRESSING,NONE,1,0,"-0.340,23.254;-0.226,22.836;-0.113,22.418;-0.000,22.000",0,1,PASS_THROUGH,-1,0.9807281297152487,0.0031337667972631267,-0.1953522845806794,0.2557154993993197,inf,5.264540044480363,0.0,0,0,0,DIRECT_LOCAL,PASS_THROUGH,0,BYPASS_VISIBLE,1,14,0.0,22.0,2.0,0.0,22.0,2.0,1,
876,29.233333,0.033333,-0.34107735753059387,23.261085510253906,2.249572992324829,-2.8851202449408357,-0.02515718713402748,-0.10606069719813688,0.007479495704436642,-0.02361975190567458,0.10891605495166076,0.0,22.0,2.0,0.9820068067277478,0.007749204574386659,-0.18868646313086762,0.2605572934268695,-0.09439408034086227,0.004083976149559021,-0.023275014013051987,-0.030507685616612434,direct,SAFE_PROGRESSING,NONE,1,0,"-0.340,23.258;-0.227,22.838;-0.113,22.419;-0.000,22.000",1,1,PASS_THROUGH,-1,0.9999688659959103,0.007890946638588942,0.0,0.2605572934268695,inf,5.268123582261401,0.0,0,0,0,DIRECT_LOCAL,PASS_THROUGH,0,BYPASS_VISIBLE,1,14,0.0,22.0,2.0,0.0,22.0,2.0,1,
877,29.266667,0.033333,-0.34172022342681885,23.264511108398438,2.2488276958465576,-2.8859371106100165,-0.023824531584978104,-0.1019491518733181,0.007044078194465567,-0.02373652890680773,0.10491268469466564,0.0,22.0,2.0,0.9822013698313928,0.008337192193605347,-0.1876458374909032,0.2612791938132394,-0.08994799852371216,0.0037523703649640083,-0.023385144770145416,-0.029676737263798714,direct,SAFE_PROGRESSING,NONE,1,0,"-0.341,23.261;-0.227,22.841;-0.114,22.420;0.000,22.000",0,1,PASS_THROUGH,-1,0.9820068067277478,0.007749204574386659,-0.18868646313086762,0.2605572934268695,inf,5.271572799168249,0.0,0,0,0,DIRECT_LOCAL,PASS_THROUGH,0,BYPASS_VISIBLE,1,14,0.0,22.0,2.0,0.0,22.0,2.0,1,
878,29.3,0.033333,-0.34233975410461426,23.267799377441406,2.2480783462524414,-2.8867128473047545,-0.02268947660923004,-0.09769446566938399,0.006592028469667829,-0.023848520772075835,0.10077904248794728,0.0,22.0,2.0,0.9823907408389203,0.008895575091285718,-0.1866260996156555,0.2619741250094688,-0.08539367467164993,0.0034077444579452276,-0.023493800312280655,-0.029034242033958435,direct,SAFE_PROGRESSING,NONE,1,0,"-0.342,23.265;-0.228,22.843;-0.114,22.422;-0.000,22.000",0,1,PASS_THROUGH,-1,0.9820068067277478,0.007749204574386659,-0.18868646313086762,0.2605572934268695,inf,5.274883869448617,0.0,0,0,0,DIRECT_LOCAL,PASS_THROUGH,0,BYPASS_VISIBLE,1,14,0.0,22.0,2.0,0.0,22.0,2.0,1,
879,29.333333,0.033333,-0.34293559193611145,23.27094268798828,2.2473247051239014,-2.8874537252926817,-0.02173551917076111,-0.09329917810020118,0.006124993105578807,-0.023955622957579085,0.0965200706899976,0.0,22.0,2.0,0.98257499500783,0.00943089181456408,-0.18562714635781338,0.2626413348032807,-0.08073665201663971,0.003051039297133684,-0.023600460961461067,-0.028556935489177704,direct,SAFE_PROGRESSING,NONE,1,0,"-0.342,23.268;-0.228,22.845;-0.114,22.423;0.000,22.000",0,1,PASS_THROUGH,-1,0.9820068067277478,0.007749204574386659,-0.18868646313086762,0.2605572934268695,inf,5.278049152318642,0.0,0,0,0,DIRECT_LOCAL,PASS_THROUGH,0,BYPASS_VISIBLE,1,14,0.0,22.0,2.0,0.0,22.0,2.0,1,
880,29.366667,0.033333,-0.343507319688797,23.273941040039062,2.2465667724609375,-2.8881655405542763,-0.020946377888321877,-0.08876653266577428,0.00564451419260254,-0.024057745848896694,0.0921419176993,0.0,22.0,2.0,0.9827540925754779,0.009949897719249201,-0.18464937871957587,0.26327932971408513,-0.07597953826189041,0.002684321952983737,-0.023704970255494118,-0.028218839317560196,direct,SAFE_PROGRESSING,NONE,1,0,"-0.343,23.271;-0.229,22.847;-0.114,22.424;0.000,22.000",0,1,PASS_THROUGH,-1,0.9820068067277478,0.007749204574386659,-0.18868646313086762,0.2605572934268695,inf,5.28106862746122,0.0,0,0,0,DIRECT_LOCAL,PASS_THROUGH,0,BYPASS_VISIBLE,1,14,0.0,22.0,2.0,0.0,22.0,2.0,1,
881,29.4,0.033333,-0.3440544605255127,23.27678680419922,2.245804786682129,-2.88885349436832,-0.02030579373240471,-0.08410047868426745,0.005152169218285864,-0.024154825941507783,0.08765210196476361,0.0,22.0,2.0,0.9829281559571337,0.010457241312733845,-0.18369236873325914,0.26388808629232124,-0.0711185410618782,0.0023030624724924564,-0.02380705438554287,-0.028021924197673798,direct,SAFE_PROGRESSING,NONE,1,0,"-0.344,23.274;-0.229,22.849;-0.115,22.425;-0.000,22.000",0,1,PASS_THROUGH,-1,0.9820068067277478,0.007749204574386659,-0.18868646313086762,0.2605572934268695,inf,5.283934649306078,0.0,0,0,0,DIRECT_LOCAL,PASS_THROUGH,0,BYPASS_VISIBLE,1,14,0.0,22.0,2.0,0.0,22.0,2.0,1,
882,29.433333,0.033333,-0.3445765972137451,23.279476165771484,2.2450380325317383,-2.889522298971628,-0.01979878358542919,-0.07930532009390705,0.0046495345861459775,-0.02424717340447905,0.08305948100711741,0.0,22.0,2.0,0.9830970653456516,0.010958536808674757,-0.18275686192255683,0.26446610483649924,-0.06616496294736862,0.0019170152954757214,-0.023907192051410675,-0.027909699827432632,direct,SAFE_PROGRESSING,NONE,1,0,"-0.344,23.277;-0.229,22.851;-0.115,22.426;-0.000,22.000",1,1,PASS_THROUGH,-1,0.9999378785082029,0.011146260561939098,0.0,0.26446610483649924,inf,5.286643386252692,0.0,0,0,0,DIRECT_LOCAL,PASS_THROUGH,0,BYPASS_VISIBLE,1,14,0.0,22.0,2.0,0.0,22.0,2.0,1,
883,29.466667,0.033333,-0.3450731635093689,23.282007217407227,2.244267225265503,-2.8901761207827157,-0.01941014640033245,-0.07438559585946765,0.004138264268034882,-0.02433500889939015,0.0783743246264588,0.0,22.0,2.0,0.9832609245894195,0.011458171051648147,-0.1818424166461473,0.26501262536903425,-0.06111052259802818,0.0015180975897237659,-0.024004921317100525,-0.027899879962205887,direct,SAFE_PROGRESSING,NONE,1,0,"-0.345,23.279;-0.230,22.853;-0.115,22.426;-0.000,22.000",0,1,PASS_THROUGH,-1,0.9830970653456516,0.010958536808674757,-0.18275686192255683,0.26446610483649924,inf,5.2891929062701735,0.0,0,0,0,DIRECT_LOCAL,PASS_THROUGH,0,BYPASS_VISIBLE,1,14,0.0,22.0,2.0,0.0,22.0,2.0,1,
884,29.5,0.033333,-0.3455437123775482,23.28437614440918,2.2434918880462646,-2.890818695883739,-0.019125496968626976,-0.06934581737448119,0.0036200322684907652,-0.024418689406215582,0.07360855529948293,0.0,22.0,2.0,0.9834196901541846,0.011959640348050693,-0.18094938524292542,0.26552724859483506,-0.055968329310417175,0.0011128511978313327,-0.024100644513964653,-0.027954798191785812,direct,SAFE_PROGRESSING,NONE,1,0,"-0.345,23.282;-0.230,22.855;-0.115,22.427;-0.000,22.000",0,1,PASS_THROUGH,-1,0.9830970653456516,0.010958536808674757,-0.18275686192255683,0.26446610483649924,inf,5.291579376645897,0.0,0,0,0,DIRECT_LOCAL,PASS_THROUGH,0,BYPASS_VISIBLE,1,14,0.0,22.0,2.0,0.0,22.0,2.0,1,
885,29.533333,0.033333,-0.34598755836486816,23.28656768798828,2.2427117824554443,-2.8914532765100214,-0.018931228667497635,-0.06419038875675692,0.0030964280643271678,-0.024498672924217216,0.06877629570243599,0.0,22.0,2.0,0.9835734227676399,0.01246643004469547,-0.1800775114973833,0.2660092131856374,-0.05073491483926773,0.000700904056429863,-0.024194490164518356,-0.028062287718057632,direct,SAFE_PROGRESSING,NONE,1,0,"-0.346,23.284;-0.230,22.856;-0.115,22.428;0.000,22.000",0,1,PASS_THROUGH,-1,0.9830970653456516,0.010958536808674757,-0.18275686192255683,0.26446610483649924,inf,5.293787520678036,0.0,0,0,0,DIRECT_LOCAL,PASS_THROUGH,0,BYPASS_VISIBLE,1,14,0.0,22.0,2.0,0.0,22.0,2.0,1,
886,29.566667,0.033333,-0.34640416502952576,23.288593292236328,2.2419273853302,-2.892082686319856,-0.018814073875546455,-0.058923827786370835,0.002569036643374912,-0.02457503039441543,0.06389483194405737,0.0,22.0,2.0,0.9837218564735761,0.012983632658001731,-0.1792281629074605,0.26645553522633336,-0.04542260617017746,0.0002840440720319748,-0.02428561821579933,-0.028206758201122284,direct,SAFE_PROGRESSING,NONE,1,0,"-0.346,23.287;-0.231,22.858;-0.115,22.429;0.000,22.000",0,1,PASS_THROUGH,-1,0.9830970653456516,0.010958536808674757,-0.18275686192255683,0.26446610483649924,inf,5.295828747608937,0.0,0,0,0,DIRECT_LOCAL,PASS_THROUGH,0,BYPASS_VISIBLE,1,14,0.0,22.0,2.0,0.0,22.0,2.0,1,
887,29.6,0.033333,-0.3467930853366852,23.290441513061523,2.241137742996216,-2.8927091124579554,-0.018761375918984413,-0.0535507821479028,0.0020393538598074195,-0.02464793743642368,0.058986151363582866,0.0,22.0,2.0,0.9838653136657972,0.013510709859183317,-0.17839984664904646,0.26686839590676614,-0.040017299354076385,-0.00014045275747776031,-0.024374863132834435,-0.028386052697896957,direct,SAFE_PROGRESSING,NONE,1,0,"-0.346,23.289;-0.231,22.859;-0.115,22.430;0.000,22.000",0,1,PASS_THROUGH,-1,0.9830970653456516,0.010958536808674757,-0.18275686192255683,0.26446610483649924,inf,5.297691602218727,0.0,0,0,0,DIRECT_LOCAL,PASS_THROUGH,0,BYPASS_VISIBLE,1,14,0.0,22.0,2.0,0.0,22.0,2.0,1,
888,29.633333,0.033333,-0.3471536934375763,23.292112350463867,2.2403435707092285,-2.8933346992137987,-0.01876167580485344,-0.04807579824930151,0.0015087260352594368,-0.02471806179447926,0.054079027454575296,0.0,22.0,2.0,0.9840037100748298,0.014051544314348685,-0.17759294091081554,0.26724556068678496,-0.03452124446630478,-0.0005731638520956039,-0.02446265146136284,-0.028591997921466827,direct,SAFE_PROGRESSING,NONE,1,0,"-0.347,23.290;-0.231,22.860;-0.116,22.430;-0.000,22.000",1,1,PASS_THROUGH,-1,0.9998980568067388,0.01427851512265399,0.0,0.26724556068678496,inf,5.299376056040764,0.0,0,0,0,DIRECT_LOCAL,PASS_THROUGH,0,BYPASS_VISIBLE,1,14,0.0,22.0,2.0,0.0,22.0,2.0,1,
889,29.666667,0.033333,-0.34748539328575134,23.29360008239746,2.23954439163208,-2.893960975478604,-0.018805116415023804,-0.04250284309429353,0.0009781677909049332,-0.02478599956524274,0.049211728863894966,0.0,22.0,2.0,0.9841370371925424,0.014607102564002633,-0.17680759197661503,0.26758699617796156,-0.02893925830721855,-0.0010134977055713534,-0.024549316614866257,-0.02881384827196598,direct,SAFE_PROGRESSING,NONE,1,0,"-0.347,23.292;-0.231,22.861;-0.116,22.431;0.000,22.000",0,1,PASS_THROUGH,-1,0.9840037100748298,0.014051544314348685,-0.17759294091081554,0.26724556068678496,inf,5.300876364896066,0.0,0,0,0,DIRECT_LOCAL,PASS_THROUGH,0,BYPASS_VISIBLE,1,14,0.0,22.0,2.0,0.0,22.0,2.0,1,
890,29.7,0.033333,-0.3477875590324402,23.294904708862305,2.2387402057647705,-2.8945892530265716,-0.018883030861616135,-0.0368352563912474,0.0004483233941911024,-0.024852399377717542,0.044437358856082854,0.0,22.0,2.0,0.9842652919507769,0.015179263899015277,-0.17604381559298246,0.26789156550557325,-0.023279746994376183,-0.001459978404454887,-0.024635162204504013,-0.0290384478867054,direct,SAFE_PROGRESSING,NONE,1,0,"-0.347,23.294;-0.232,22.862;-0.116,22.431;0.000,22.000",0,1,PASS_THROUGH,-1,0.9840037100748298,0.014051544314348685,-0.17759294091081554,0.26724556068678496,inf,5.302192500497911,0.0,0,0,0,DIRECT_LOCAL,PASS_THROUGH,0,BYPASS_VISIBLE,1,14,0.0,22.0,2.0,0.0,22.0,2.0,1,
891,29.733333,0.033333,-0.34805968403816223,23.296018600463867,2.2379310131073,-2.8952205326372686,-0.018987424671649933,-0.031076182857932243,-8.044179854674698e-05,-0.02491747682964307,0.0398323519699552,0.0,22.0,2.0,0.9843885506374818,0.015768500471012636,-0.17530127143501772,0.26815923562327765,-0.017550932243466377,-0.0019129454158246517,-0.024719834327697754,-0.029263028874993324,direct,SAFE_PROGRESSING,NONE,1,0,"-0.348,23.295;-0.232,22.863;-0.116,22.432;0.000,22.000",0,1,PASS_THROUGH,-1,0.9840037100748298,0.014051544314348685,-0.17759294091081554,0.26724556068678496,inf,5.303316816965086,0.0,0,0,0,DIRECT_LOCAL,PASS_THROUGH,0,BYPASS_VISIBLE,1,14,0.0,22.0,2.0,0.0,22.0,2.0,1,
892,29.766667,0.033333,-0.3483012616634369,23.29694366455078,2.2371158599853516,-2.8958557207368765,-0.019111013039946556,-0.02522921573593255,-0.0006078962259342326,-0.024981333567184138,0.03550985625522375,0.0,22.0,2.0,0.9845066936386812,0.016376738684396652,-0.17458056194976299,0.26838850619212934,-0.011757228523492813,-0.0023654841352254152,-0.024803582578897476,-0.029458578675985336,direct,SAFE_PROGRESSING,NONE,1,0,"-0.348,23.296;-0.232,22.864;-0.116,22.432;-0.000,22.000",0,1,PASS_THROUGH,-1,0.9840037100748298,0.014051544314348685,-0.17759294091081554,0.26724556068678496,inf,5.304251196923518,0.0,0,0,0,DIRECT_LOCAL,PASS_THROUGH,0,BYPASS_VISIBLE,1,14,0.0,22.0,2.0,0.0,22.0,2.0,1,
893,29.8,0.033333,-0.3485117256641388,23.297670364379883,2.236295700073242,-2.8964952606183587,-0.01924644596874714,-0.019298752682258374,-0.0011336736967386752,-0.025044002838787792,0.03163746433156209,0.0,22.0,2.0,0.9846199587651197,0.017003649684028205,-0.17388045519493303,0.26857971910736306,-0.005894031375646591,-0.002820718800649047,-0.024886049330234528,-0.029632681980729103,direct,SAFE_PROGRESSING,NONE,1,0,"-0.348,23.297;-0.232,22.865;-0.116,22.432;-0.000,22.000",0,1,PASS_THROUGH,-1,0.9840037100748298,0.014051544314348685,-0.17759294091081554,0.26724556068678496,inf,5.3049860866128835,0.0,0,0,0,DIRECT_LOCAL,PASS_THROUGH,0,BYPASS_VISIBLE,1,14,0.0,22.0,2.0,0.0,22.0,2.0,1,
894,29.833333,0.033333,-0.34869053959846497,23.298200607299805,2.2354700565338135,-2.897139322259836,-0.01938653737306595,-0.013289712454955575,-0.0016571653669226654,-0.0251055673823682,0.02845438749612016,0.0,22.0,2.0,0.984728059171402,0.01765077447908145,-0.1732024816242895,0.2687310028645905,3.1385570764541626e-05,-0.0032757390290498734,-0.024967186152935028,-0.029771625995635986,direct,SAFE_PROGRESSING,NONE,1,0,"-0.349,23.298;-0.232,22.865;-0.116,22.433;0.000,22.000",1,1,PASS_THROUGH,-1,0.9998393945511257,0.017921637861495532,0.0,0.2687310028645905,inf,5.305523367699131,0.0,0,0,0,DIRECT_LOCAL,PASS_THROUGH,0,BYPASS_VISIBLE,1,14,0.0,22.0,2.0,0.0,22.0,2.0,1,
895,29.866667,0.033333,-0.3488374650478363,23.298534393310547,2.2346386909484863,-2.897787972378771,-0.019524643197655678,-0.00720710077025314,-0.002177566963195442,-0.02516628911359523,0.02626834991279135,0.0,22.0,2.0,0.9848311670969522,0.018317416452451357,-0.17254577528575615,0.268842698186062,0.006024620961397886,-0.0037311920896172523,-0.025047453120350838,-0.029871923848986626,direct,SAFE_PROGRESSING,NONE,1,0,"-0.349,23.298;-0.232,22.865;-0.116,22.433;0.000,22.000",0,1,PASS_THROUGH,-1,0.984728059171402,0.01765077447908145,-0.1732024816242895,0.2687310028645905,inf,5.305863028847698,0.0,0,0,0,DIRECT_LOCAL,PASS_THROUGH,0,BYPASS_VISIBLE,1,14,0.0,22.0,2.0,0.0,22.0,2.0,1,
896,29.9,0.033333,-0.3489519953727722,23.298664093017578,2.2338013648986816,-2.898441187379045,-0.019654549658298492,-0.0010555046419128333,-0.0026940110000234006,-0.02522655945392477,0.02539194925955366,0.0,22.0,2.0,0.9849293703912508,0.019003376143652162,-0.17190988056489598,0.2689147930204949,0.01208415161818266,-0.004189029335975647,-0.02512712962925434,-0.02993534505367279,direct,SAFE_PROGRESSING,NONE,1,0,"-0.349,23.299;-0.233,22.866;-0.116,22.433;0.000,22.000",0,1,PASS_THROUGH,-1,0.984728059171402,0.01765077447908145,-0.1732024816242895,0.2687310028645905,inf,5.305997424982378,0.0,0,0,0,DIRECT_LOCAL,PASS_THROUGH,0,BYPASS_VISIBLE,1,14,0.0,22.0,2.0,0.0,22.0,2.0,1,
897,29.933333,0.033333,-0.3490336835384369,23.29859161376953,2.2329578399658203,-2.899098454993204,-0.019771073013544083,0.0051613204662384286,-0.0032058023121771403,-0.025286814782468248,0.026006526089864958,0.0,22.0,2.0,0.9850225749403836,0.01970924287710707,-0.17129527898639696,0.26894578796239277,0.018209045752882957,-0.004649110604077578,-0.02520676702260971,-0.029957223683595657,direct,SAFE_PROGRESSING,NONE,1,0,"-0.349,23.299;-0.233,22.866;-0.116,22.433;0.000,22.000",0,1,PASS_THROUGH,-1,0.984728059171402,0.01765077447908145,-0.1732024816242895,0.2687310028645905,inf,5.3059284420449,0.0,0,0,0,DIRECT_LOCAL,PASS_THROUGH,0,BYPASS_VISIBLE,1,14,0.0,22.0,2.0,0.0,22.0,2.0,1,
898,29.966667,0.033333,-0.3490821123123169,23.298311233520508,2.2321085929870605,-2.8997592523148312,-0.019869936630129814,0.011440506415050431,-0.003712600068637641,-0.025347427205976113,0.02805638344948821,0.0,22.0,2.0,0.9851109162948352,0.020433842549361703,-0.17070132007520686,0.26893602894346197,0.024392874911427498,-0.005113084334880114,-0.02528643235564232,-0.029941339045763016,direct,SAFE_PROGRESSING,NONE,1,0,"-0.349,23.299;-0.233,22.866;-0.116,22.433;0.000,22.000",0,1,PASS_THROUGH,-1,0.984728059171402,0.01765077447908145,-0.1732024816242895,0.2687310028645905,inf,5.30565034476585,0.0,0,0,0,DIRECT_LOCAL,PASS_THROUGH,0,BYPASS_VISIBLE,1,14,0.0,22.0,2.0,0.0,22.0,2.0,1,
899,30.0,0.033333,-0.34909698367118835,23.297822952270508,2.231253147125244,-2.900423030535426,-0.01994788460433483,0.01777972260545599,-0.004214493791043655,-0.02540858163350953,0.03129658950218738,0.0,22.0,2.0,0.9851942504416891,0.021177455984815657,-0.17012878726026853,0.2688843900431538,0.030628178268671036,-0.005579693242907524,-0.025366319343447685,-0.029882552102208138,direct,SAFE_PROGRESSING,NONE,1,0,"-0.349,23.298;-0.233,22.866;-0.116,22.433;-0.000,22.000",0,1,PASS_THROUGH,-1,0.984728059171402,0.01765077447908145,-0.1732024816242895,0.2687310028645905,inf,5.305163120085936,0.0,0,0,0,DIRECT_LOCAL,PASS_THROUGH,0,BYPASS_VISIBLE,1,14,0.0,22.0,2.0,0.0,22.0,2.0,1,
