episode_frame_index,trajectory_time_s,control_dt_s,x,y,z,yaw,yaw_rate,state_vx_flu,state_vy_flu,state_vz_flu,speed_world_mps,effective_target_world_x,effective_target_world_y,effective_target_world_z,goal_direction_flu_x,goal_direction_flu_y,goal_direction_flu_z,goal_distance_norm,target_velocity_flu_x,target_velocity_flu_y,target_velocity_flu_z,target_yaw_rate,hierarchical_mode,planner_status,planner_failure_reason,plan_valid,plan_terminal,plan_points_xy,macro_update_mask,macro_label_valid,macro_correction_type,macro_direction_token,macro_direction_flu_x,macro_direction_flu_y,macro_direction_flu_z,macro_distance_norm,min_observed_clearance_m,truth_minimum_clearance_m,truth_brake_risk,truth_brake_would_trigger,emergency_brake,local_corridor_blocked,fsm_state,effective_target_source,target_correction_active,observability_reason,scene_id,task_id,navigation_goal_world_x,navigation_goal_world_y,navigation_goal_world_z,original_navigation_goal_world_x,original_navigation_goal_world_y,original_navigation_goal_world_z,episode_valid,failure_taxonomy
0,0.033333,0.033333,-1.6460802498841076e-07,3.0,2.000579357147217,1.3035222379203169,0.0,2.1190582364007548e-05,-2.0686275263728716e-05,0.030804166228604588,0.030804180463084366,0.0,21.0,2.0,0.2641032951480664,-0.964494400964533,0.0,0.9,0.11504384875297546,-0.11230810731649399,0.009001233614981174,-0.6830913424491882,blocked,NO_SAFE_CANDIDATE,NO_SAFE_CANDIDATE,0,0,,1,1,PASS_THROUGH,-1,0.2641032951480664,-0.964494400964533,0.0,0.9,inf,8.000000000000002,0.0,0,0,0,DIRECT_LOCAL,PASS_THROUGH,0,BYPASS_VISIBLE,1,5,0.0,21.0,2.0,0.0,21.0,2.0,1,
1,0.066667,0.033333,-5.344194505596533e-06,3.000007390975952,2.0018112659454346,1.3034701795230639,-0.004551374353468418,0.00039513329655476717,-0.0002972974960654684,0.04032289124015357,0.04032592310274454,0.0,21.0,2.0,0.2641534958659499,-0.9644806527794253,-3.218650816203879e-05,0.9,0.1532071828842163,-0.08951031416654587,0.0009476695558987558,-1.0383436679840088,blocked,NO_SAFE_CANDIDATE,NO_SAFE_CANDIDATE,0,0,,0,1,PASS_THROUGH,-1,0.2641032951480664,-0.964494400964533,0.0,0.9,inf,7.999992609025634,0.0,0,0,0,DIRECT_LOCAL,PASS_THROUGH,0,BYPASS_VISIBLE,1,5,0.0,21.0,2.0,0.0,21.0,2.0,1,
2,0.1,0.033333,-5.1931430789409205e-05,3.0000412464141846,2.0031213760375977,1.3030922725292797,-0.019942447543144226,0.002682778389195953,-0.0007986826480256109,0.036790317459432426,0.0368966482573094,0.0,21.0,2.0,0.2645176822714553,-0.9643808301911442,-0.00010062592666601323,0.9,0.13230907917022705,-0.061332374811172485,-0.00951941404491663,-1.245731234550476,blocked,NO_SAFE_CANDIDATE,NO_SAFE_CANDIDATE,0,0,,0,1,PASS_THROUGH,-1,0.2641032951480664,-0.964494400964533,0.0,0.9,inf,7.999958753735642,0.0,0,0,0,DIRECT_LOCAL,PASS_THROUGH,0,BYPASS_VISIBLE,1,5,0.0,21.0,2.0,0.0,21.0,2.0,1,
3,0.133333,0.033333,-0.00022938044276088476,3.000115156173706,2.0041935443878174,1.301976318019884,-0.0503782294690609,0.008095885697449805,-0.00043751190501690215,0.02726169970208958,0.028441783568196193,0.0,21.0,2.0,0.26559122459394197,-0.9640857178423513,-0.00017341017462227577,0.9,0.09186030924320221,-0.03768583759665489,-0.018547985702753067,-1.3633159399032593,blocked,NO_SAFE_CANDIDATE,NO_SAFE_CANDIDATE,0,0,,0,1,PASS_THROUGH,-1,0.2641032951480664,-0.964494400964533,0.0,0.9,inf,7.999884846749408,0.0,0,0,0,DIRECT_LOCAL,PASS_THROUGH,0,BYPASS_VISIBLE,1,5,0.0,21.0,2.0,0.0,21.0,2.0,1,
4,0.166667,0.033333,-0.0006201456417329609,3.000194787979126,2.004920482635498,1.2996559683920181,-0.09720644354820251,0.01479138891988131,0.002298432908627335,0.017014186009976243,0.022661652755188003,0.0,21.0,2.0,0.26781802209771655,-0.9634694871981001,-0.00023297617235072573,0.9,0.05546357110142708,-0.01887066662311554,-0.023932086303830147,-1.4240057468414307,blocked,NO_SAFE_CANDIDATE,NO_SAFE_CANDIDATE,0,0,,0,1,PASS_THROUGH,-1,0.2641032951480664,-0.964494400964533,0.0,0.9,inf,7.999805233386926,0.0,0,0,0,DIRECT_LOCAL,PASS_THROUGH,0,BYPASS_VISIBLE,1,5,0.0,21.0,2.0,0.0,21.0,2.0,1,
5,0.2,0.033333,-0.0012282109819352627,3.000187397003174,2.0053365230560303,1.2956147596593284,-0.15784971415996552,0.019150258665858295,0.008225011439271627,0.009125074100372716,0.022751927335562645,0.0,21.0,2.0,0.2716885103049127,-0.9623852028376768,-0.0002733630942541687,0.9,0.028657961636781693,-0.004139245487749577,-0.02388254553079605,-1.4499824047088623,blocked,NO_SAFE_CANDIDATE,NO_SAFE_CANDIDATE,0,0,,0,1,PASS_THROUGH,-1,0.2641032951480664,-0.964494400964533,0.0,0.9,inf,7.999812686804249,0.0,0,0,0,DIRECT_LOCAL,PASS_THROUGH,0,BYPASS_VISIBLE,1,5,0.0,21.0,2.0,0.0,21.0,2.0,1,
6,0.233333,0.033333,-0.0019613346084952354,2.999964952468872,2.005547523498535,1.2893108566469051,-0.22867454588413239,0.018309374802387902,0.017028790768870063,0.00464372106571939,0.025431812087235887,0.0,21.0,2.0,0.2777174002439262,-0.960662770020466,-0.00029647657599405383,0.9,0.009173840284347534,0.006729878950864077,-0.020784340798854828,-1.4589115381240845,blocked,NO_SAFE_CANDIDATE,NO_SAFE_CANDIDATE,0,0,,1,1,PASS_THROUGH,-1,0.27771741244937903,-0.9606628122408097,0.0,0.9,inf,8.000035261243262,0.0,0,0,0,DIRECT_LOCAL,PASS_THROUGH,0,BYPASS_VISIBLE,1,5,0.0,21.0,2.0,0.0,21.0,2.0,1,
7,0.266667,0.033333,-0.0026658179704099894,2.999401807785034,2.0056521892547607,1.2803851312662617,-0.3064917325973511,0.011440011717974114,0.027521838037813263,0.00274447080277619,0.029930879657542653,0.0,21.0,2.0,0.28624181108696345,-0.9581573621286927,-0.0003081951333700213,0.9,-0.0034636794589459896,0.014863723888993263,-0.018048765137791634,-1.4606528282165527,blocked,NO_SAFE_CANDIDATE,NO_SAFE_CANDIDATE,0,0,,0,1,PASS_THROUGH,-1,0.2777174002439262,-0.960662770020466,-0.00029647657599405383,0.9,inf,8.00059858699902,0.0,0,0,0,DIRECT_LOCAL,PASS_THROUGH,0,BYPASS_VISIBLE,1,5,0.0,21.0,2.0,0.0,21.0,2.0,1,
8,0.3,0.033333,-0.0031840549781918526,2.998413562774658,2.005699396133423,1.2687433982564642,-0.38889220356941223,-0.0003689824523249836,0.03817419282257114,0.0018917037966758163,0.038222816339973216,0.0,21.0,2.0,0.29733941072940284,-0.9547717927500027,-0.0003140000600969103,0.9,-0.011610342189669609,0.021174738183617592,-0.016675742343068123,-1.4603098630905151,blocked,NO_SAFE_CANDIDATE,NO_SAFE_CANDIDATE,0,0,,0,1,PASS_THROUGH,-1,0.2777174002439262,-0.960662770020466,-0.00029647657599405383,0.9,inf,8.001587000359732,0.0,0,0,0,DIRECT_LOCAL,PASS_THROUGH,0,BYPASS_VISIBLE,1,5,0.0,21.0,2.0,0.0,21.0,2.0,1,
9,0.333333,0.033333,-0.0034033553674817085,2.99697208404541,2.0056965351104736,1.254401988887207,-0.4742284417152405,-0.01491722819899437,0.047617172652359596,0.0010249315011146027,0.049909611430339465,0.0,21.0,2.0,0.31097378378721285,-0.9504184370887462,-0.00031660519357522624,0.9,-0.018751492723822594,0.025217078626155853,-0.015945712104439735,-1.4608074426651,blocked,NO_SAFE_CANDIDATE,NO_SAFE_CANDIDATE,0,0,,0,1,PASS_THROUGH,-1,0.2777174002439262,-0.960662770020466,-0.00029647657599405383,0.9,inf,8.003028559228577,0.0,0,0,0,DIRECT_LOCAL,PASS_THROUGH,0,BYPASS_VISIBLE,1,5,0.0,21.0,2.0,0.0,21.0,2.0,1,
10,0.366667,0.033333,-0.0032764000352472067,2.9951043128967285,2.0056400299072266,1.2373168711341154,-0.5614454746246338,-0.029894891731510075,0.05493951108465885,-0.00011436685199521686,0.062546522762156,0.0,21.0,2.0,0.32715412146118356,-0.9449709417166012,-0.00031642092375253435,0.9,-0.02646995522081852,0.0264311283826828,-0.015005510300397873,-1.4632031917572021,blocked,NO_SAFE_CANDIDATE,NO_SAFE_CANDIDATE,0,0,,0,1,PASS_THROUGH,-1,0.2777174002439262,-0.960662770020466,-0.00029647657599405383,0.9,inf,8.004896283156642,0.0,0,0,0,DIRECT_LOCAL,PASS_THROUGH,0,BYPASS_VISIBLE,1,5,0.0,21.0,2.0,0.0,21.0,2.0,1,
11,0.4,0.033333,-0.0028123115189373493,2.9928741455078125,2.005537748336792,1.2173716453418624,-0.6497856378555298,-0.043668661778756314,0.05973197018483781,-0.0013334441251514006,0.07400431309690446,0.0,21.0,2.0,0.3459420944244532,-0.9382558122280942,-0.0003132497757912098,0.9,-0.033919889479875565,0.025342077016830444,-0.013698753900825977,-1.466744303703308,blocked,NO_SAFE_CANDIDATE,NO_SAFE_CANDIDATE,0,0,,0,1,PASS_THROUGH,-1,0.2777174002439262,-0.960662770020466,-0.00029647657599405383,0.9,inf,8.007126293538784,0.0,0,0,0,DIRECT_LOCAL,PASS_THROUGH,0,BYPASS_VISIBLE,1,5,0.0,21.0,2.0,0.0,21.0,2.0,1,
12,0.433333,0.033333,-0.0020517001394182444,2.9903640747070312,2.0053861141204834,1.1945098595916699,-0.7343695163726807,-0.05555036986216305,0.061993743103781286,-0.0036261615563994553,0.08331996653548208,-3.370008147041445,5.978170145109841,2.0,0.93969190925015,-0.342019884347832,-0.0012306098096902156,0.8999999999999998,-0.042788270860910416,0.02876044064760208,-0.015759307891130447,-1.4521698951721191,macro_normal,SAFE_PROGRESSING,NONE,1,0,"-0.003,2.993;-0.377,3.325;-0.751,3.656;-1.125,3.988;-1.499,4.320;-1.873,4.651;-2.248,4.983",1,1,NORMAL_CORRECTION,9,0.9396926207859084,-0.34202014332566866,0.0,0.8999999999999998,inf,8.009636158902486,0.0,0,0,0,DIRECT_LOCAL,NORMAL_CORRECTION,1,BYPASS_VISIBLE,1,5,0.0,21.0,2.0,0.0,21.0,2.0,1,
13,0.466667,0.033333,-0.0010415101423859596,2.9876527786254883,2.005159378051758,1.1689580443898873,-0.8066638708114624,-0.06555621864076441,0.0620863063897259,-0.006168085833721269,0.09050067693916318,-3.370008147041445,5.978170145109841,2.0,0.9480264491729049,-0.31818928405688895,-0.0011963193461101591,0.9,-0.01461887825280428,0.01315155066549778,-0.014328771270811558,-1.4025777578353882,macro_normal,SAFE_PROGRESSING,NONE,1,0,"-0.002,2.990;-0.376,3.322;-0.750,3.654;-1.124,3.986;-1.498,4.318;-1.872,4.649;-2.246,4.981",0,1,NORMAL_CORRECTION,9,0.93969190925015,-0.342019884347832,-0.0012306098096902156,0.8999999999999998,inf,8.012347281555469,0.0,0,0,0,DIRECT_LOCAL,NORMAL_CORRECTION,1,BYPASS_VISIBLE,1,5,0.0,21.0,2.0,0.0,21.0,2.0,1,
14,0.5,0.033333,0.00017117329116445035,2.984812021255493,2.004887819290161,1.1412100138036687,-0.8620247840881348,-0.07309647759194757,0.06016298219957039,-0.007437274505710885,0.09496311134103186,-3.370008147041445,5.978170145109841,2.0,0.9564015678417777,-0.2920526139206105,-0.0011453086606706487,0.9,0.02832157537341118,-0.015415811911225319,-0.009668153710663319,-1.2447929382324219,macro_normal,SAFE_PROGRESSING,NONE,1,0,"-0.001,2.988;-0.375,3.320;-0.749,3.652;-1.123,3.983;-1.497,4.315;-1.871,4.647;-2.245,4.979",0,1,NORMAL_CORRECTION,9,0.93969190925015,-0.342019884347832,-0.0012306098096902156,0.8999999999999998,inf,8.015187980369559,0.0,0,0,0,DIRECT_LOCAL,NORMAL_CORRECTION,1,BYPASS_VISIBLE,1,5,0.0,21.0,2.0,0.0,21.0,2.0,1,
15,0.533333,0.033333,0.0015131349209696054,2.981942653656006,2.004642963409424,1.1119082714094461,-0.8983407616615295,-0.07624114886068267,0.05566550549068583,-0.0072064530503505985,0.09467467584680317,-3.370008147041445,5.978170145109841,2.0,0.964470217360915,-0.2641893714736709,-0.0010843542485095333,0.9,0.06228257715702057,-0.03908190503716469,-0.0025415061973035336,-0.9891610145568848,macro_normal,SAFE_PROGRESSING,NONE,1,0,"0.000,2.985;-0.374,3.317;-0.747,3.649;-1.121,3.981;-1.495,4.313;-1.869,4.645;-2.243,4.977",0,1,NORMAL_CORRECTION,9,0.93969190925015,-0.342019884347832,-0.0012306098096902156,0.8999999999999998,inf,8.018057473288035,0.0,0,0,0,DIRECT_LOCAL,NORMAL_CORRECTION,1,BYPASS_VISIBLE,1,5,0.0,21.0,2.0,0.0,21.0,2.0,1,
16,0.566667,0.033333,0.0028701256960630417,2.97920823097229,2.004495620727539,1.0817152608889535,-0.9108995795249939,-0.07290466621415195,0.047920684211790715,-0.005390134389927321,0.08741015890538442,-3.370008147041445,5.978170145109841,2.0,0.9719407855056617,-0.2352234041710004,-0.0010293691483444865,0.9,0.08627239614725113,-0.05272797867655754,0.005647947080433369,-0.8246606588363647,macro_normal,SAFE_PROGRESSING,NONE,1,0,"0.002,2.982;-0.372,3.314;-0.746,3.646;-1.120,3.978;-1.493,4.311;-1.867,4.643;-2.241,4.975",0,1,NORMAL_CORRECTION,9,0.93969190925015,-0.342019884347832,-0.0012306098096902156,0.8999999999999998,inf,8.020792225618523,0.0,0,0,0,DIRECT_LOCAL,NORMAL_CORRECTION,1,BYPASS_VISIBLE,1,5,0.0,21.0,2.0,0.0,21.0,2.0,1,
17,0.6,0.033333,0.004103784449398518,2.9768247604370117,2.0044941902160645,1.0513251315760797,-0.8979004621505737,-0.062214392051031686,0.037014899558697925,-0.0017196897795272968,0.07241333233982387,-3.370008147041445,5.978170145109841,2.0,0.9785873266193219,-0.20582966746779024,-0.0009960773801134409,0.9,0.10481920093297958,-0.06339739263057709,0.013437307439744473,-0.7520036697387695,macro_normal,SAFE_PROGRESSING,NONE,1,0,"0.003,2.979;-0.371,3.311;-0.744,3.644;-1.118,3.976;-1.492,4.308;-1.865,4.640;-2.239,4.973",0,1,NORMAL_CORRECTION,9,0.93969190925015,-0.342019884347832,-0.0012306098096902156,0.8999999999999998,inf,8.023176172773608,0.0,0,0,0,DIRECT_LOCAL,NORMAL_CORRECTION,1,BYPASS_VISIBLE,1,5,0.0,21.0,2.0,0.0,21.0,2.0,1,
18,0.633333,0.033333,0.005082101095467806,2.975008487701416,2.0046579837799072,1.0215480564216635,-0.8618646860122681,-0.04487720527972371,0.023927358789859278,0.003584915394869643,0.05098366082153665,-3.370008147041445,5.978170145109841,2.0,0.9842439918179111,-0.17681282230537942,-0.000995207892956629,0.9,0.11814312636852264,-0.07336187362670898,0.020102912560105324,-0.7327250242233276,macro_normal,SAFE_PROGRESSING,NONE,1,0,"0.004,2.977;-0.369,3.309;-0.743,3.641;-1.117,3.974;-1.490,4.306;-1.864,4.638;-2.237,4.971",1,1,NORMAL_CORRECTION,7,0.9842444792349677,-0.17681290986657983,0.0,0.9,inf,8.024992943200179,0.0,0,0,0,DIRECT_LOCAL,NORMAL_CORRECTION,1,BYPASS_VISIBLE,1,5,0.0,21.0,2.0,0.0,21.0,2.0,1,
19,0.666667,0.033333,0.00570492260158062,2.973925828933716,2.0049777030944824,0.9932686206634088,-0.807315468788147,-0.022764008560084075,0.010021522644592018,0.009601659221308852,0.026661261441308377,-3.370008147041445,5.978170145109841,2.0,0.9888266084890409,-0.14906668074451113,-0.0010310363111835977,0.9,0.12597501277923584,-0.0807373970746994,0.02488311007618904,-0.7312362790107727,macro_normal,SAFE_PROGRESSING,NONE,1,0,"0.005,2.975;-0.368,3.307;-0.742,3.640;-1.116,3.972;-1.489,4.304;-1.863,4.637;-2.236,4.969",0,1,NORMAL_CORRECTION,7,0.9842439918179111,-0.17681282230537942,-0.000995207892956629,0.9,inf,8.026075973961875,0.0,0,0,0,DIRECT_LOCAL,NORMAL_CORRECTION,1,BYPASS_VISIBLE,1,5,0.0,21.0,2.0,0.0,21.0,2.0,1,
20,0.7,0.033333,0.005917755886912346,2.973667621612549,2.005418300628662,0.9671839859785996,-0.7428734302520752,0.0017379846194272154,-0.0034515849772595837,0.014855693110675331,0.015350102514028241,-3.370008147041445,5.978170145109841,2.0,0.9923672895258394,-0.12331240545997768,-0.00110151659672382,0.9,0.12882693111896515,-0.08398719877004623,0.027409961447119713,-0.7163323760032654,macro_normal,SAFE_PROGRESSING,NONE,1,0,"0.006,2.974;-0.368,3.306;-0.741,3.639;-1.115,3.971;-1.488,4.304;-1.862,4.636;-2.235,4.968",0,1,NORMAL_CORRECTION,7,0.9842439918179111,-0.17681282230537942,-0.000995207892956629,0.9,inf,8.026334318257906,0.0,0,0,0,DIRECT_LOCAL,NORMAL_CORRECTION,1,BYPASS_VISIBLE,1,5,0.0,21.0,2.0,0.0,21.0,2.0,1,
21,0.733333,0.033333,0.005712711717933416,2.9742465019226074,2.0059261322021484,0.943506288200035,-0.6793479919433594,0.026310044442465524,-0.015563126088673277,0.01819279001362668,0.03557255881569905,-3.370008147041445,5.978170145109841,2.0,0.9950073602501642,-0.09979436666540564,-0.0011989286261230659,0.9,0.1286695897579193,-0.08377116918563843,0.028011273592710495,-0.6760684251785278,macro_normal,SAFE_PROGRESSING,NONE,1,0,"0.006,2.974;-0.368,3.306;-0.741,3.638;-1.115,3.971;-1.488,4.303;-1.862,4.636;-2.235,4.968",0,1,NORMAL_CORRECTION,7,0.9842439918179111,-0.17681282230537942,-0.000995207892956629,0.9,inf,8.025755305963676,0.0,0,0,0,DIRECT_LOCAL,NORMAL_CORRECTION,1,BYPASS_VISIBLE,1,5,0.0,21.0,2.0,0.0,21.0,2.0,1,
22,0.766667,0.033333,0.005118461791425943,2.9756081104278564,2.006448745727539,0.9220598563930482,-0.6212929487228394,0.04912849404062607,-0.025749108993062216,0.01942631585620893,0.05877080302651668,-3.370008147041445,5.978170145109841,2.0,0.9969236082420999,-0.07836835724179586,-0.0013114544499604798,0.9,0.12802676856517792,-0.081301249563694,0.027432836592197418,-0.6144090890884399,macro_normal,SAFE_PROGRESSING,NONE,1,0,"0.006,2.974;-0.368,3.307;-0.741,3.639;-1.115,3.971;-1.488,4.304;-1.862,4.636;-2.235,4.969",0,1,NORMAL_CORRECTION,7,0.9842439918179111,-0.17681282230537942,-0.000995207892956629,0.9,inf,8.024393341118648,0.0,0,0,0,DIRECT_LOCAL,NORMAL_CORRECTION,1,BYPASS_VISIBLE,1,5,0.0,21.0,2.0,0.0,21.0,2.0,1,
23,0.8,0.033333,0.004184556193649769,2.9776599407196045,2.006950616836548,0.9025458864102743,-0.5686471462249756,0.06912861389821197,-0.033798201641035835,0.01912355309383565,0.07928930556253432,-3.370008147041445,5.978170145109841,2.0,0.9982709270153949,-0.058763240379745285,-0.0014275349019667477,0.9,0.12872634828090668,-0.0776975005865097,0.026463521644473076,-0.5416361093521118,macro_normal,SAFE_PROGRESSING,NONE,1,0,"0.005,2.976;-0.368,3.308;-0.742,3.640;-1.116,3.973;-1.489,4.305;-1.863,4.637;-2.236,4.970",0,1,NORMAL_CORRECTION,7,0.9842439918179111,-0.17681282230537942,-0.000995207892956629,0.9,inf,8.022341029677735,0.0,0,0,0,DIRECT_LOCAL,NORMAL_CORRECTION,1,BYPASS_VISIBLE,1,5,0.0,21.0,2.0,0.0,21.0,2.0,1,
24,0.833333,0.033333,0.00296569149941206,2.980292797088623,2.0074009895324707,0.88471625613538,-0.5195347666740417,0.08612869749963868,-0.039871115071312024,0.016928573609377887,0.09640764987521579,-1.2127997128126413,7.309974482508004,2.0,0.8191510671520893,-0.5735757521524212,-0.0015445796767573202,0.9,0.15700188279151917,-0.11098936200141907,0.023006312549114227,-0.7084912657737732,macro_normal,SAFE_PROGRESSING,NONE,1,0,"0.004,2.978;-0.131,3.459;-0.266,3.940;-0.401,4.422;-0.537,4.903;-0.672,5.385;-0.807,5.866",1,1,NORMAL_CORRECTION,11,0.8191520442889918,-0.5735764363510462,0.0,0.9,inf,8.01970769047298,0.0,0,0,0,DIRECT_LOCAL,NORMAL_CORRECTION,1,BYPASS_VISIBLE,1,5,0.0,21.0,2.0,0.0,21.0,2.0,1,
25,0.866667,0.033333,0.0015113751869648695,2.9834249019622803,2.007728099822998,0.8682557645723439,-0.4813019633293152,0.10133763124176,-0.045269705492134854,0.012427360247065833,0.11168303820968477,-1.2127997128126413,7.309974482508004,2.0,0.828423412105349,-0.5600999392211117,-0.001645709645727378,0.8994271291300493,0.17470622062683105,-0.12561745941638947,0.014695139601826668,-0.8452486395835876,macro_normal,SAFE_PROGRESSING,NONE,1,0,"0.003,2.980;-0.132,3.462;-0.267,3.943;-0.403,4.424;-0.538,4.906;-0.673,5.387;-0.808,5.869",0,1,NORMAL_CORRECTION,11,0.8191510671520893,-0.5735757521524212,-0.0015445796767573202,0.9,inf,8.016575224707488,0.0,0,0,0,DIRECT_LOCAL,NORMAL_CORRECTION,1,BYPASS_VISIBLE,1,5,0.0,21.0,2.0,0.0,21.0,2.0,1,
26,0.9,0.033333,-0.00013761680747848004,2.987053871154785,2.007840156555176,0.852457241265402,-0.46326225996017456,0.11680537263825194,-0.05193252921187551,0.006628432607929896,0.12800163587369134,-1.2127997128126413,7.309974482508004,2.0,0.8371009443877858,-0.5470457488766391,-0.0017197502940622302,0.8987454075845764,0.1806204617023468,-0.12968215346336365,0.007761191111057997,-0.9717586040496826,macro_normal,SAFE_PROGRESSING,NONE,1,0,"0.002,2.983;-0.134,3.465;-0.269,3.946;-0.404,4.428;-0.539,4.909;-0.674,5.390;-0.809,5.872",0,1,NORMAL_CORRECTION,11,0.8191510671520893,-0.5735757521524212,-0.0015445796767573202,0.9,inf,8.012946129895836,0.0,0,0,0,DIRECT_LOCAL,NORMAL_CORRECTION,1,BYPASS_VISIBLE,1,5,0.0,21.0,2.0,0.0,21.0,2.0,1,
27,0.933333,0.033333,-0.0019496397580951452,2.9912497997283936,2.0076990127563477,0.8366786606574655,-0.4675227999687195,0.133707137881254,-0.06062684381568045,0.0010477606343516493,0.14681386417431588,-1.2127997128126413,7.309974482508004,2.0,0.845555778613412,-0.533884234622673,-0.001746217291474467,0.8979575039198708,0.17611423134803772,-0.12962396442890167,0.0029716696590185165,-1.095992088317871,macro_normal,SAFE_PROGRESSING,NONE,1,0,"-0.000,2.987;-0.135,3.468;-0.270,3.950;-0.405,4.431;-0.540,4.913;-0.675,5.394;-0.810,5.876",0,1,NORMAL_CORRECTION,11,0.8191510671520893,-0.5735757521524212,-0.0015445796767573202,0.9,inf,8.008750411238447,0.0,0,0,0,DIRECT_LOCAL,NORMAL_CORRECTION,1,BYPASS_VISIBLE,1,5,0.0,21.0,2.0,0.0,21.0,2.0,1,
28,0.966667,0.033333,-0.003896463429555297,2.996091365814209,2.0073189735412598,0.8203692304285267,-0.49297064542770386,0.1515979074377589,-0.07059424123454328,-0.004237632417495458,0.16728248552521574,-1.2127997128126413,7.309974482508004,2.0,0.8540794365957423,-0.5201397596505741,-0.0017165124358534435,0.8970516325176838,0.16501861810684204,-0.12721753120422363,-0.0010597914224490523,-1.2033510208129883,macro_normal,SAFE_PROGRESSING,NONE,1,0,"-0.002,2.991;-0.137,3.473;-0.272,3.954;-0.407,4.436;-0.542,4.917;-0.677,5.398;-0.812,5.880",0,1,NORMAL_CORRECTION,11,0.8191510671520893,-0.5735757521524212,-0.0015445796767573202,0.9,inf,8.00390947728778,0.0,0,0,0,DIRECT_LOCAL,NORMAL_CORRECTION,1,BYPASS_VISIBLE,1,5,0.0,21.0,2.0,0.0,21.0,2.0,1,
29,1.0,0.033333,-0.005943709053099155,3.0016067028045654,2.006728410720825,0.803062737257066,-0.5366240739822388,0.16877599908516952,-0.08023077445326679,-0.010151198374663559,0.18715063949933453,-1.2127997128126413,7.309974482508004,2.0,0.8628889886841627,-0.5053908629221916,-0.001633671443573329,0.8960141653091149,0.15039010345935822,-0.12409774959087372,-0.005450712516903877,-1.281897783279419,macro_normal,SAFE_PROGRESSING,NONE,1,0,"-0.004,2.996;-0.139,3.478;-0.274,3.959;-0.409,4.440;-0.544,4.922;-0.678,5.403;-0.813,5.885",0,1,NORMAL_CORRECTION,11,0.8191510671520893,-0.5735757521524212,-0.0015445796767573202,0.9,inf,7.9983952601944,0.0,0,0,0,DIRECT_LOCAL,NORMAL_CORRECTION,1,BYPASS_VISIBLE,1,5,0.0,21.0,2.0,0.0,21.0,2.0,1,
30,1.033333,0.033333,-0.008044076152145863,3.007740020751953,2.0059540271759033,0.7842915795311798,-0.594025731086731,0.1831471169867087,-0.08797396682025779,-0.01703613717872067,0.20389339191991282,-1.2127997128126413,7.309974482508004,2.0,0.8721705533041283,-0.48919961618392077,-0.0015038200276208486,0.8948415354462975,0.13480883836746216,-0.12136059999465942,-0.009600815363228321,-1.332787275314331,macro_normal,SAFE_PROGRESSING,NONE,1,0,"-0.006,3.002;-0.141,3.483;-0.276,3.965;-0.411,4.446;-0.545,4.927;-0.680,5.409;-0.815,5.890",1,1,NORMAL_CORRECTION,10,0.8721715395016105,-0.48920016934113064,0.0,0.8948415354462975,inf,7.992263577183847,0.0,0,0,0,DIRECT_LOCAL,NORMAL_CORRECTION,1,BYPASS_VISIBLE,1,5,0.0,21.0,2.0,0.0,21.0,2.0,1,
31,1.066667,0.033333,-0.01013630349189043,3.0143635272979736,2.00502872467041,0.7636251413376239,-0.6569271683692932,0.19305560701386199,-0.09296117376031769,-0.024114200832175626,0.2156240754372322,-1.2127997128126413,7.309974482508004,2.0,0.8820549963973273,-0.4711445715680491,-0.0013326711786371696,0.8935470330763033,0.11980447918176651,-0.11960066854953766,-0.012385625392198563,-1.3615930080413818,macro_normal,SAFE_PROGRESSING,NONE,1,0,"-0.008,3.008;-0.143,3.489;-0.278,3.971;-0.413,4.452;-0.547,4.934;-0.682,5.415;-0.817,5.897",0,1,NORMAL_CORRECTION,10,0.8721705533041283,-0.48919961618392077,-0.0015038200276208486,0.8948415354462975,inf,7.9856421898605205,0.0,0,0,0,DIRECT_LOCAL,NORMAL_CORRECTION,1,BYPASS_VISIBLE,1,5,0.0,21.0,2.0,0.0,21.0,2.0,1,
32,1.1,0.033333,-0.012148766778409481,3.0213072299957275,2.004000186920166,0.7408459806290133,-0.7179936170578003,0.1977949579025009,-0.09525961923092514,-0.02997215179263072,0.22157520238229148,-1.2127997128126413,7.309974482508004,2.0,0.8925346218478701,-0.4509774694620087,-0.0011273156266788779,0.892158567848551,0.1069757342338562,-0.11986525356769562,-0.01336583960801363,-1.3730179071426392,macro_normal,SAFE_PROGRESSING,NONE,1,0,"-0.010,3.014;-0.145,3.496;-0.280,3.977;-0.415,4.459;-0.549,4.940;-0.684,5.422;-0.819,5.903",0,1,NORMAL_CORRECTION,10,0.8721705533041283,-0.48919961618392077,-0.0015038200276208486,0.8948415354462975,inf,7.978700989044086,0.0,0,0,0,DIRECT_LOCAL,NORMAL_CORRECTION,1,BYPASS_VISIBLE,1,5,0.0,21.0,2.0,0.0,21.0,2.0,1,
33,1.133333,0.033333,-0.014005285687744617,3.0283992290496826,2.002925395965576,0.7160289583604127,-0.7721489071846008,0.1976952864465673,-0.09571521642576802,-0.033574885941257016,0.2221983391130328,-1.2127997128126413,7.309974482508004,2.0,0.9034444251557301,-0.4287042849028332,-0.0008981987436213032,0.8907127370142204,0.0982203409075737,-0.12274961173534393,-0.013135215267539024,-1.3694489002227783,macro_normal,SAFE_PROGRESSING,NONE,1,0,"-0.012,3.021;-0.147,3.503;-0.282,3.984;-0.417,4.466;-0.551,4.947;-0.686,5.429;-0.821,5.910",0,1,NORMAL_CORRECTION,10,0.8721705533041283,-0.48919961618392077,-0.0015038200276208486,0.8948415354462975,inf,7.971611702550636,0.0,0,0,0,DIRECT_LOCAL,NORMAL_CORRECTION,1,BYPASS_VISIBLE,1,5,0.0,21.0,2.0,0.0,21.0,2.0,1,
34,1.166667,0.033333,-0.015631113201379776,3.035496950149536,2.0018527507781982,0.6895000272751606,-0.8164248466491699,0.1938984386518479,-0.09558183702078282,-0.03479155671461557,0.218958773513459,-1.2127997128126413,7.309974482508004,2.0,0.9145097313485412,-0.40456336756045075,-0.0006579490607771722,0.8892467538210616,0.09440025687217712,-0.1273600459098816,-0.012696296907961369,-1.3513517379760742,macro_normal,SAFE_PROGRESSING,NONE,1,0,"-0.014,3.028;-0.149,3.510;-0.284,3.991;-0.418,4.473;-0.553,4.954;-0.688,5.436;-0.823,5.917",0,1,NORMAL_CORRECTION,10,0.8721705533041283,-0.48919961618392077,-0.0015038200276208486,0.8948415354462975,inf,7.96451667757265,0.0,0,0,0,DIRECT_LOCAL,NORMAL_CORRECTION,1,BYPASS_VISIBLE,1,5,0.0,21.0,2.0,0.0,21.0,2.0,1,
35,1.2,0.033333,-0.01695854216814041,3.0425121784210205,2.0008082389831543,0.6617041312071711,-0.8494532108306885,0.1879902131838638,-0.09608798580961705,-0.03415690000079408,0.21386892034030558,-1.2127997128126413,7.309974482508004,2.0,0.925430061479126,-0.37891823273818714,-0.0004173838881511416,0.8877921114885516,0.09414277225732803,-0.13186781108379364,-0.012506269849836826,-1.3193150758743286,macro_normal,SAFE_PROGRESSING,NONE,1,0,"-0.016,3.035;-0.150,3.517;-0.285,3.998;-0.420,4.480;-0.555,4.961;-0.690,5.443;-0.825,5.924",0,1,NORMAL_CORRECTION,10,0.8721705533041283,-0.48919961618392077,-0.0015038200276208486,0.8948415354462975,inf,7.957503874734758,0.0,0,0,0,DIRECT_LOCAL,NORMAL_CORRECTION,1,BYPASS_VISIBLE,1,5,0.0,21.0,2.0,0.0,21.0,2.0,1,
36,1.233333,0.033333,-0.017932021990418434,3.0494139194488525,1.9997997283935547,0.6330729958734885,-0.8708124756813049,0.18158425976821663,-0.09806739392218458,-0.0323429529769392,0.20889261297022593,-1.2127997128126413,7.309974482508004,2.0,0.9359469979565833,-0.352140857835324,-0.00018237067125576392,0.8863694629715487,0.09507463872432709,-0.13490235805511475,-0.012303102761507034,-1.276503562927246,macro_normal,SAFE_PROGRESSING,NONE,1,0,"-0.017,3.043;-0.152,3.524;-0.287,4.005;-0.422,4.487;-0.557,4.968;-0.692,5.450;-0.826,5.931",1,1,NORMAL_CORRECTION,9,0.9359470135209431,-0.35214086369126146,0.0,0.8863694629715487,inf,7.950604043458107,0.0,0,0,0,DIRECT_LOCAL,NORMAL_CORRECTION,1,BYPASS_VISIBLE,1,5,0.0,21.0,2.0,0.0,21.0,2.0,1,
37,1.266667,0.033333,-0.01851232349872589,3.0562193393707275,1.9988293647766113,0.6039680637872695,-0.8806368112564087,0.1759346309220565,-0.10175942925946546,-0.029877609164064338,0.20542796141288308,-1.2127997128126413,7.309974482508004,2.0,0.9458660714544804,-0.3245571949946934,4.525974402436963e-05,0.884987799013427,0.09594183415174484,-0.1361398696899414,-0.011713448911905289,-1.2280495166778564,macro_normal,SAFE_PROGRESSING,NONE,1,0,"-0.018,3.049;-0.153,3.531;-0.288,4.012;-0.423,4.494;-0.558,4.975;-0.693,5.457;-0.828,5.938",0,1,NORMAL_CORRECTION,9,0.9359469979565833,-0.352140857835324,-0.00018237067125576392,0.8863694629715487,inf,7.943799819515613,0.0,0,0,0,DIRECT_LOCAL,NORMAL_CORRECTION,1,BYPASS_VISIBLE,1,5,0.0,21.0,2.0,0.0,21.0,2.0,1,
38,1.3,0.033333,-0.01867901161313057,3.062971353530884,1.9979016780853271,0.5747019531398564,-0.8796424865722656,0.17170331212043385,-0.10683360964115274,-0.0271540808360213,0.2040411518496563,-1.2127997128126413,7.309974482508004,2.0,0.9550440252159246,-0.29646389273879914,0.00026495569870430653,0.8836459740425704,0.09682365506887436,-0.13583458960056305,-0.010641618631780148,-1.1775630712509155,macro_normal,SAFE_PROGRESSING,NONE,1,0,"-0.019,3.056;-0.154,3.538;-0.289,4.019;-0.424,4.500;-0.559,4.982;-0.694,5.463;-0.829,5.945",0,1,NORMAL_CORRECTION,9,0.9359469979565833,-0.352140857835324,-0.00018237067125576392,0.8863694629715487,inf,7.937048166664676,0.0,0,0,0,DIRECT_LOCAL,NORMAL_CORRECTION,1,BYPASS_VISIBLE,1,5,0.0,21.0,2.0,0.0,21.0,2.0,1,
39,1.333333,0.033333,-0.01843094266951084,3.069713830947876,1.9970262050628662,0.5455753235270409,-0.8691814541816711,0.16896535294271997,-0.11259516450489275,-0.024461048303578557,0.20451235769276094,-1.2127997128126413,7.309974482508004,2.0,0.9633738940753636,-0.2681613581257673,0.0004756282307932555,0.8823368931779892,0.09821993112564087,-0.13418124616146088,-0.009146168828010559,-1.1255528926849365,macro_normal,SAFE_PROGRESSING,NONE,1,0,"-0.019,3.063;-0.154,3.544;-0.289,4.026;-0.425,4.507;-0.560,4.988;-0.695,5.470;-0.831,5.951",0,1,NORMAL_CORRECTION,9,0.9359469979565833,-0.352140857835324,-0.00018237067125576392,0.8863694629715487,inf,7.930305188559423,0.0,0,0,0,DIRECT_LOCAL,NORMAL_CORRECTION,1,BYPASS_VISIBLE,1,5,0.0,21.0,2.0,0.0,21.0,2.0,1,
40,1.366667,0.033333,-0.01778475008904934,3.0764758586883545,1.9962143898010254,0.5168763814743027,-0.8509836196899414,0.16740668645042248,-0.11825365373135578,-0.021912727560906505,0.20612882602461005,-1.2127997128126413,7.309974482508004,2.0,0.9707844904911541,-0.2399521146445604,0.0006750551340010997,0.8810522607033555,0.10063548386096954,-0.13109049201011658,-0.007218237966299057,-1.0708367824554443,macro_normal,SAFE_PROGRESSING,NONE,1,0,"-0.018,3.070;-0.154,3.551;-0.290,4.032;-0.425,4.514;-0.561,4.995;-0.696,5.476;-0.832,5.957",0,1,NORMAL_CORRECTION,9,0.9359469979565833,-0.352140857835324,-0.00018237067125576392,0.8863694629715487,inf,7.923541863963404,0.0,0,0,0,DIRECT_LOCAL,NORMAL_CORRECTION,1,BYPASS_VISIBLE,1,5,0.0,21.0,2.0,0.0,21.0,2.0,1,
41,1.4,0.033333,-0.016771987080574036,3.083264112472534,1.995479941368103,0.4888553420113717,-0.8267372846603394,0.1665919207700513,-0.123136164153048,-0.01938771229551395,0.20806553384987878,-1.2127997128126413,7.309974482508004,2.0,0.9772446312719467,-0.21211362535313538,0.0008605752184436899,0.8797856866081906,0.10460004955530167,-0.12634465098381042,-0.004730696324259043,-1.0121886730194092,macro_normal,SAFE_PROGRESSING,NONE,1,0,"-0.018,3.076;-0.154,3.558;-0.289,4.039;-0.425,4.520;-0.561,5.001;-0.697,5.482;-0.833,5.964",0,1,NORMAL_CORRECTION,9,0.9359469979565833,-0.352140857835324,-0.00018237067125576392,0.8863694629715487,inf,7.9167516611976385,0.0,0,0,0,DIRECT_LOCAL,NORMAL_CORRECTION,1,BYPASS_VISIBLE,1,5,0.0,21.0,2.0,0.0,21.0,2.0,1,
42,1.433333,0.033333,-0.015435853973031044,3.0900683403015137,1.994830846786499,0.4617092895757043,-0.7977843880653381,0.1662431920813238,-0.1268485284798813,-0.017120782425000845,0.20981055569666504,0.0,21.0,2.0,0.8948749162673658,-0.44631695082043027,0.00025228124899395835,0.9,0.12216926366090775,-0.14068645238876343,-0.003550313413143158,-1.0494277477264404,direct,SAFE_PROGRESSING,NONE,1,0,"-0.017,3.083;-0.016,3.583;-0.016,4.083;-0.015,4.583;-0.015,5.083;-0.014,5.583;-0.014,6.083",1,1,PASS_THROUGH,-1,0.8948749447448949,-0.446316965023537,0.0,0.9,inf,7.909945030474953,0.0,0,0,0,DIRECT_LOCAL,PASS_THROUGH,0,BYPASS_VISIBLE,1,5,0.0,21.0,2.0,0.0,21.0,2.0,1,
43,1.466667,0.033333,-0.013822919689118862,3.096879720687866,1.9942412376403809,0.4355329342399264,-0.7704113721847534,0.16664164053743785,-0.1297183695320019,-0.015855027486011156,0.21177269335689106,0.0,21.0,2.0,0.9062813418906421,-0.422674870367076,0.0002886192519654034,0.9,0.12595169246196747,-0.13969475030899048,-0.006022038869559765,-1.0930795669555664,direct,SAFE_PROGRESSING,NONE,1,0,"-0.015,3.090;-0.015,3.590;-0.015,4.090;-0.014,4.590;-0.014,5.090;-0.013,5.590;-0.013,6.090",0,1,PASS_THROUGH,-1,0.8948749162673658,-0.44631695082043027,0.00025228124899395835,0.9,inf,7.903131009987874,0.0,0,0,0,DIRECT_LOCAL,PASS_THROUGH,0,BYPASS_VISIBLE,1,5,0.0,21.0,2.0,0.0,21.0,2.0,1,
44,1.5,0.033333,-0.01196777168661356,3.103710889816284,1.9936529397964478,0.4101869540020092,-0.7502709627151489,0.16816413639451297,-0.13231142785611277,-0.016037894425624352,0.2145756388042295,0.0,21.0,2.0,0.916738067636043,-0.39948868805041887,0.00032166238372785115,0.9,0.12271710485219955,-0.13200870156288147,-0.00879646372050047,-1.1217588186264038,direct,SAFE_PROGRESSING,NONE,1,0,"-0.014,3.097;-0.013,3.597;-0.013,4.097;-0.013,4.597;-0.012,5.097;-0.012,5.597;-0.012,6.097",0,1,PASS_THROUGH,-1,0.8948749162673658,-0.44631695082043027,0.00025228124899395835,0.9,inf,7.896297160028578,0.0,0,0,0,DIRECT_LOCAL,PASS_THROUGH,0,BYPASS_VISIBLE,1,5,0.0,21.0,2.0,0.0,21.0,2.0,1,
45,1.533333,0.033333,-0.009892242960631847,3.110585927963257,1.9930262565612793,0.3853856449691322,-0.7386475801467896,0.17057266181498015,-0.13461087453990372,-0.01734415127314122,0.21798151317584455,0.0,21.0,2.0,0.9264018794934282,-0.3765360963956762,0.0003546577922441371,0.9,0.11749637126922607,-0.1250026822090149,-0.011172432452440262,-1.1342313289642334,direct,SAFE_PROGRESSING,NONE,1,0,"-0.012,3.104;-0.012,3.604;-0.011,4.104;-0.011,4.604;-0.011,5.104;-0.010,5.604;-0.010,6.104",0,1,PASS_THROUGH,-1,0.8948749162673658,-0.44631695082043027,0.00025228124899395835,0.9,inf,7.889419576136321,0.0,0,0,0,DIRECT_LOCAL,PASS_THROUGH,0,BYPASS_VISIBLE,1,5,0.0,21.0,2.0,0.0,21.0,2.0,1,
46,1.566667,0.033333,-0.007616168819367886,3.117509603500366,1.9923511743545532,0.36084492211575003,-0.7343100905418396,0.17307893156934084,-0.13613365134443228,-0.01931585386233391,0.22104703072419465,0.0,21.0,2.0,0.9354033983035636,-0.3535821410628233,0.0003898250560121773,0.9,0.11402568221092224,-0.12116394191980362,-0.012811088934540749,-1.1318495273590088,direct,SAFE_PROGRESSING,NONE,1,0,"-0.010,3.111;-0.010,3.611;-0.009,4.111;-0.009,4.611;-0.009,5.111;-0.009,5.611;-0.008,6.111",0,1,PASS_THROUGH,-1,0.8948749162673658,-0.44631695082043027,0.00025228124899395835,0.9,inf,7.882493661688462,0.0,0,0,0,DIRECT_LOCAL,PASS_THROUGH,0,BYPASS_VISIBLE,1,5,0.0,21.0,2.0,0.0,21.0,2.0,1,
47,1.6,0.033333,-0.005163806956261396,3.1244568824768066,1.9916366338729858,0.33636190050674136,-0.7345185279846191,0.17483838542314642,-0.13645101913425686,-0.021306528787712345,0.2228032984700443,0.0,21.0,2.0,0.9438209403547353,-0.3304570313936497,0.00042772701578243073,0.9,0.11344970017671585,-0.11980655789375305,-0.013553362339735031,-1.1150602102279663,direct,SAFE_PROGRESSING,NONE,1,0,"-0.008,3.118;-0.007,3.618;-0.007,4.118;-0.007,4.618;-0.007,5.118;-0.007,5.618;-0.006,6.118",0,1,PASS_THROUGH,-1,0.8948749162673658,-0.44631695082043027,0.00025228124899395835,0.9,inf,7.875544619679156,0.0,0,0,0,DIRECT_LOCAL,PASS_THROUGH,0,BYPASS_VISIBLE,1,5,0.0,21.0,2.0,0.0,21.0,2.0,1,
48,1.633333,0.033333,-0.0025620674714446068,3.1313798427581787,1.9909040927886963,0.31183025539215375,-0.7361605763435364,0.1754075915794391,-0.1355306720039288,-0.02256423874804482,0.22281277141989553,0.0,21.0,2.0,0.9516848686927414,-0.30707603586468785,0.00046786633601595215,0.9,0.11553941667079926,-0.11918385326862335,-0.013262493535876274,-1.085141897201538,direct,SAFE_PROGRESSING,NONE,1,0,"-0.005,3.124;-0.005,3.624;-0.005,4.124;-0.005,4.624;-0.005,5.124;-0.004,5.624;-0.004,6.124",1,1,PASS_THROUGH,-1,0.9516849728541479,-0.30707606947399785,0.0,0.9,inf,7.868620527321353,0.0,0,0,0,DIRECT_LOCAL,PASS_THROUGH,0,BYPASS_VISIBLE,1,5,0.0,21.0,2.0,0.0,21.0,2.0,1,
49,1.666667,0.033333,0.00016503516235388815,3.138226270675659,1.9901823997497559,0.28725098666910875,-0.7364000082015991,0.17490137671367215,-0.13371856583937952,-0.022484347940568968,0.2213067832868909,0.0,21.0,2.0,0.9589855831305889,-0.28345439178524473,0.0005090435556450318,0.9,0.11960016191005707,-0.11780350655317307,-0.011831765994429588,-1.0452622175216675,direct,SAFE_PROGRESSING,NONE,1,0,"-0.003,3.131;-0.002,3.631;-0.002,4.131;-0.002,4.631;-0.002,5.131;-0.002,5.631;-0.002,6.131",0,1,PASS_THROUGH,-1,0.9516848686927414,-0.30707603586468785,0.00046786633601595215,0.9,inf,7.861773730861088,0.0,0,0,0,DIRECT_LOCAL,PASS_THROUGH,0,BYPASS_VISIBLE,1,5,0.0,21.0,2.0,0.0,21.0,2.0,1,
50,1.7,0.033333,0.0030001106206327677,3.1449615955352783,1.9895046949386597,0.26272210016657327,-0.7330483794212341,0.17385704326520932,-0.13148966058153277,-0.020832606275512755,0.21897442731286704,0.0,21.0,2.0,0.9656888532947074,-0.25970124473119854,0.0005496429926621515,0.9,0.1249004453420639,-0.11515600979328156,-0.009328607469797134,-0.9994543790817261,direct,SAFE_PROGRESSING,NONE,1,0,"0.000,3.138;0.000,3.638;0.000,4.138;0.000,4.638;0.000,5.138;0.000,5.638;0.000,6.138",0,1,PASS_THROUGH,-1,0.9516848686927414,-0.30707603586468785,0.00046786633601595215,0.9,inf,7.855038912687446,0.0,0,0,0,DIRECT_LOCAL,PASS_THROUGH,0,BYPASS_VISIBLE,1,5,0.0,21.0,2.0,0.0,21.0,2.0,1,
51,1.733333,0.033333,0.0059316582046449184,3.1515748500823975,1.9889042377471924,0.2383970219437178,-0.7247877717018127,0.1729575346273555,-0.12919411538296152,-0.01778704204948319,0.21661442033906453,0.0,21.0,2.0,0.9717572557886875,-0.23598197029827606,0.0005878062461860264,0.9,0.13087314367294312,-0.11168334633111954,-0.0060656433925032616,-0.9512792229652405,direct,SAFE_PROGRESSING,NONE,1,0,"0.003,3.145;0.003,3.645;0.003,4.145;0.003,4.645;0.003,5.145;0.003,5.645;0.002,6.145",0,1,PASS_THROUGH,-1,0.9516848686927414,-0.30707603586468785,0.00046786633601595215,0.9,inf,7.848427138099934,0.0,0,0,0,DIRECT_LOCAL,PASS_THROUGH,0,BYPASS_VISIBLE,1,5,0.0,21.0,2.0,0.0,21.0,2.0,1,
52,1.766667,0.033333,0.008950046263635159,3.1580803394317627,1.9884085655212402,0.21444491847935845,-0.7112104296684265,0.17277502459169944,-0.12694645785345815,-0.013806501913668721,0.21484234168174185,0.0,21.0,2.0,0.9771651487234605,-0.2124803182688034,0.0006216660239086683,0.9,0.13724565505981445,-0.10817394405603409,-0.002476239111274481,-0.9033727645874023,direct,SAFE_PROGRESSING,NONE,1,0,"0.006,3.152;0.006,3.652;0.006,4.152;0.005,4.652;0.005,5.152;0.005,5.652;0.005,6.152",0,1,PASS_THROUGH,-1,0.9516848686927414,-0.30707603586468785,0.00046786633601595215,0.9,inf,7.841924190314643,0.0,0,0,0,DIRECT_LOCAL,PASS_THROUGH,0,BYPASS_VISIBLE,1,5,0.0,21.0,2.0,0.0,21.0,2.0,1,
53,1.8,0.033333,0.012043379247188568,3.164508819580078,1.9880350828170776,0.19103092305468125,-0.6926822066307068,0.17362862087925685,-0.12466948875945737,-0.009417904752420981,0.2139581182051825,0.0,21.0,2.0,0.9819039286820783,-0.18937859636835308,0.0006496739585567244,0.9,0.1440388262271881,-0.10520749539136887,0.001081197871826589,-0.8571250438690186,direct,SAFE_PROGRESSING,NONE,1,0,"0.009,3.158;0.009,3.658;0.008,4.158;0.008,4.658;0.008,5.158;0.008,5.658;0.007,6.158",0,1,PASS_THROUGH,-1,0.9516848686927414,-0.30707603586468785,0.00046786633601595215,0.9,inf,7.835499388391236,0.0,0,0,0,DIRECT_LOCAL,PASS_THROUGH,0,BYPASS_VISIBLE,1,5,0.0,21.0,2.0,0.0,21.0,2.0,1,
54,1.833333,0.033333,0.015195874497294426,3.170898914337158,1.987790822982788,0.16830437173555265,-0.6700829267501831,0.1755736680936529,-0.1222172273297992,-0.005030591473828844,0.21398240683434835,0.0,21.0,2.0,0.9859828850515195,-0.1668451388198871,0.0006708484583797993,0.9,0.15142573416233063,-0.10300874710083008,0.004432064015418291,-0.8125857710838318,direct,SAFE_PROGRESSING,NONE,1,0,"0.012,3.165;0.012,3.665;0.011,4.165;0.011,4.665;0.011,5.165;0.010,5.665;0.010,6.165",1,1,PASS_THROUGH,-1,0.9859831069163068,-0.16684517636319723,0.0,0.9,inf,7.829114162556429,0.0,0,0,0,DIRECT_LOCAL,PASS_THROUGH,0,BYPASS_VISIBLE,1,5,0.0,21.0,2.0,0.0,21.0,2.0,1,
55,1.866667,0.033333,0.018389277160167694,3.17728853225708,1.987674355506897,0.14638595528635254,-0.6444955468177795,0.17848640498468366,-0.11949150697140308,-0.0008492382153217574,0.21479371082087048,0.0,21.0,2.0,0.9894284248789799,-0.14502042306421828,0.00068478885510553,0.9,0.15954798460006714,-0.10159772634506226,0.007569428998976946,-0.7690794467926025,direct,SAFE_PROGRESSING,NONE,1,0,"0.015,3.171;0.015,3.671;0.014,4.171;0.014,4.671;0.013,5.171;0.013,5.671;0.013,6.171",0,1,PASS_THROUGH,-1,0.9859828850515195,-0.1668451388198871,0.0006708484583797993,0.9,inf,7.822730632211147,0.0,0,0,0,DIRECT_LOCAL,PASS_THROUGH,0,BYPASS_VISIBLE,1,5,0.0,21.0,2.0,0.0,21.0,2.0,1,
56,1.9,0.033333,0.021606212481856346,3.183711051940918,1.9876799583435059,0.1253597448363139,-0.616941511631012,0.18218354462128247,-0.11650369622820889,0.0031031805311098155,0.2162720159776069,0.0,21.0,2.0,0.9922809927533977,-0.12400787536536419,0.0006915690133383499,0.9,0.1684122532606125,-0.10099298506975174,0.010559749789536,-0.726166844367981,direct,SAFE_PROGRESSING,NONE,1,0,"0.018,3.177;0.018,3.677;0.017,4.177;0.017,4.677;0.016,5.177;0.016,5.677;0.015,6.177",0,1,PASS_THROUGH,-1,0.9859828850515195,-0.1668451388198871,0.0006708484583797993,0.9,inf,7.816315423354959,0.0,0,0,0,DIRECT_LOCAL,PASS_THROUGH,0,BYPASS_VISIBLE,1,5,0.0,21.0,2.0,0.0,21.0,2.0,1,
57,1.933333,0.033333,0.024833759292960167,3.1901936531066895,1.9878013134002686,0.10527539378908285,-0.5882419943809509,0.1865204433776018,-0.11337622342198984,0.0068925163470147845,0.2183839522877173,0.0,21.0,2.0,0.9945901267607222,-0.10387493235968655,0.0006915036957093202,0.9,0.17786480486392975,-0.10129474103450775,0.013439691625535488,-0.684245228767395,direct,SAFE_PROGRESSING,NONE,1,0,"0.022,3.184;0.021,3.684;0.020,4.184;0.020,4.684;0.019,5.184;0.019,5.684;0.018,6.184",0,1,PASS_THROUGH,-1,0.9859828850515195,-0.1668451388198871,0.0006708484583797993,0.9,inf,7.809841348478546,0.0,0,0,0,DIRECT_LOCAL,PASS_THROUGH,0,BYPASS_VISIBLE,1,5,0.0,21.0,2.0,0.0,21.0,2.0,1,
58,1.966667,0.033333,0.028066111728549004,3.1967618465423584,1.9880315065383911,0.0861563260259384,-0.5590241551399231,0.19143621526597193,-0.11030657221255981,0.010570559172411235,0.2211947131146259,0.0,21.0,2.0,0.9964096232713028,-0.08466046012016862,0.0006849412981608818,0.9,0.18762773275375366,-0.10262233018875122,0.01616418920457363,-0.6444585919380188,direct,SAFE_PROGRESSING,NONE,1,0,"0.025,3.190;0.024,3.690;0.023,4.190;0.023,4.690;0.022,5.190;0.021,5.690;0.021,6.190",0,1,PASS_THROUGH,-1,0.9859828850515195,-0.1668451388198871,0.0006708484583797993,0.9,inf,7.803282892939421,0.0,0,0,0,DIRECT_LOCAL,PASS_THROUGH,0,BYPASS_VISIBLE,1,5,0.0,21.0,2.0,0.0,21.0,2.0,1,
59,2.0,0.033333,0.03130592033267021,3.2034411430358887,1.9883636236190796,0.06800680116859689,-0.5298104286193848,0.19694323905467565,-0.107521017260412,0.014113858598686722,0.22482573154913707,0.0,21.0,2.0,0.9977940907163112,-0.0663814777836418,0.0006722639882551432,0.9,0.1973564624786377,-0.10497602820396423,0.018626146018505096,-0.6080586314201355,direct,SAFE_PROGRESSING,NONE,1,0,"0.028,3.197;0.027,3.697;0.026,4.197;0.026,4.697;0.025,5.197;0.024,5.697;0.023,6.197",0,1,PASS_THROUGH,-1,0.9859828850515195,-0.1668451388198871,0.0006708484583797993,0.9,inf,7.796614563835432,0.0,0,0,0,DIRECT_LOCAL,PASS_THROUGH,0,BYPASS_VISIBLE,1,5,0.0,21.0,2.0,0.0,21.0,2.0,1,
60,2.033333,0.033333,0.034564364701509476,3.2102580070495605,1.9887877702713013,0.05081483217662033,-0.5011029243469238,0.20308137975032067,-0.10523407959564599,0.017422982647382425,0.2293901014297864,0.0,21.0,2.0,0.9987967952336212,-0.049036051081321176,0.0006538542637979654,0.9,0.20666995644569397,-0.10812581330537796,0.02072245627641678,-0.5756981372833252,direct,SAFE_PROGRESSING,NONE,1,0,"0.031,3.203;0.030,3.703;0.030,4.203;0.029,4.703;0.028,5.203;0.027,5.703;0.026,6.203",1,1,PASS_THROUGH,-1,0.9987970087391884,-0.04903606156340317,0.0,0.9,inf,7.789809952322267,0.0,0,0,0,DIRECT_LOCAL,PASS_THROUGH,0,BYPASS_VISIBLE,1,5,0.0,21.0,2.0,0.0,21.0,2.0,1,
61,2.066667,0.033333,0.037860143929719925,3.2172391414642334,1.9892909526824951,0.03455295545977502,-0.4733991324901581,0.20986299714603282,-0.1036164911761056,0.02036546882171789,0.23493319717547817,0.0,21.0,2.0,0.9994681419062257,-0.0326042341385747,0.0006302624480533143,0.9,0.21515803039073944,-0.1116066426038742,0.022417547181248665,-0.5471291542053223,direct,SAFE_PROGRESSING,NONE,1,0,"0.035,3.210;0.034,3.710;0.033,4.210;0.032,4.710;0.031,5.210;0.030,5.710;0.029,6.210",0,1,PASS_THROUGH,-1,0.9987967952336212,-0.049036051081321176,0.0006538542637979654,0.9,inf,7.7828424606573865,0.0,0,0,0,DIRECT_LOCAL,PASS_THROUGH,0,BYPASS_VISIBLE,1,5,0.0,21.0,2.0,0.0,21.0,2.0,1,
62,2.1,0.033333,0.04121742025017738,3.2244081497192383,1.9898585081100464,0.01918018547448215,-0.4471353590488434,0.21722886426713842,-0.10276829989280063,0.02282765302090325,0.24139346444361373,0.0,21.0,2.0,0.9998544513193822,-0.017050323033655942,0.0006022136376878247,0.9,0.222438246011734,-0.11483263224363327,0.023764170706272125,-0.521402895450592,direct,SAFE_PROGRESSING,NONE,1,0,"0.038,3.217;0.037,3.717;0.036,4.217;0.035,4.717;0.034,5.217;0.033,5.717;0.031,6.217",0,1,PASS_THROUGH,-1,0.9987967952336212,-0.049036051081321176,0.0006538542637979654,0.9,inf,7.775688645254354,0.0,0,0,0,DIRECT_LOCAL,PASS_THROUGH,0,BYPASS_VISIBLE,1,5,0.0,21.0,2.0,0.0,21.0,2.0,1,
63,2.133333,0.033333,0.044662851840257645,3.2317841053009033,1.9904760122299194,0.004646612713520606,-0.4226069450378418,0.2250260678576069,-0.10269674665046705,0.024747991372211734,0.24858764262329205,0.0,21.0,2.0,0.9999971278037084,-0.002327849387239336,0.000570527443542681,0.9,0.22826842963695526,-0.11725182831287384,0.024876795709133148,-0.49726927280426025,direct,SAFE_PROGRESSING,NONE,1,0,"0.041,3.224;0.040,3.724;0.039,4.224;0.038,4.724;0.037,5.224;0.035,5.724;0.034,6.224",0,1,PASS_THROUGH,-1,0.9987967952336212,-0.049036051081321176,0.0006538542637979654,0.9,inf,7.768329644030748,0.0,0,0,0,DIRECT_LOCAL,PASS_THROUGH,0,BYPASS_VISIBLE,1,5,0.0,21.0,2.0,0.0,21.0,2.0,1,
64,2.166667,0.033333,0.04822176322340965,3.2393786907196045,1.99113130569458,-0.009100727792426698,-0.3999146819114685,0.2330122679737531,-0.1033048321434917,0.026126179279259892,0.2562209644314828,0.0,21.0,2.0,0.9999324104362233,0.01161409710587612,0.0005360108392682418,0.9,0.23261843621730804,-0.11845569312572479,0.025883354246616364,-0.47349125146865845,direct,SAFE_PROGRESSING,NONE,1,0,"0.045,3.232;0.043,3.732;0.042,4.232;0.041,4.732;0.040,5.232;0.038,5.732;0.037,6.232",0,1,PASS_THROUGH,-1,0.9987967952336212,-0.049036051081321176,0.0006538542637979654,0.9,inf,7.7607540236595,0.0,0,0,0,DIRECT_LOCAL,PASS_THROUGH,0,BYPASS_VISIBLE,1,5,0.0,21.0,2.0,0.0,21.0,2.0,1,
65,2.2,0.033333,0.051914285868406296,3.2471923828125,1.991816520690918,-0.022112864810812136,-0.37895667552948,0.24088527894891767,-0.10439735675956191,0.027016333206989228,0.26392121546520697,0.0,21.0,2.0,0.9996916775851404,0.024825398738607677,0.0004993440463959025,0.9,0.2356710284948349,-0.11822980642318726,0.026883631944656372,-0.44904372096061707,direct,SAFE_PROGRESSING,NONE,1,0,"0.048,3.239;0.047,3.739;0.046,4.239;0.044,4.739;0.043,5.239;0.041,5.739;0.040,6.239",0,1,PASS_THROUGH,-1,0.9987967952336212,-0.049036051081321176,0.0006538542637979654,0.9,inf,7.752961571752314,0.0,0,0,0,DIRECT_LOCAL,PASS_THROUGH,0,BYPASS_VISIBLE,1,5,0.0,21.0,2.0,0.0,21.0,2.0,1,
66,2.233333,0.033333,0.05575195699930191,3.2552149295806885,1.9925282001495361,-0.03443589583804803,-0.3594590127468109,0.2483310990477932,-0.10570718118225475,0.027513681486147662,0.2712919932041934,0.0,21.0,2.0,0.999302083720674,0.037351478976388755,0.00046096615397522693,0.9,0.2377549558877945,-0.11655686795711517,0.02792666107416153,-0.42324554920196533,direct,SAFE_PROGRESSING,NONE,1,0,"0.052,3.247;0.050,3.747;0.049,4.247;0.048,4.747;0.046,5.247;0.045,5.747;0.043,6.247",1,1,PASS_THROUGH,-1,0.9993021898914386,0.03735148294479345,0.0,0.9,inf,7.744962790574798,0.0,0,0,0,DIRECT_LOCAL,PASS_THROUGH,0,BYPASS_VISIBLE,1,5,0.0,21.0,2.0,0.0,21.0,2.0,1,
67,2.266667,0.033333,0.05973565950989723,3.2634265422821045,1.993265986442566,-0.04610926169557709,-0.34102973341941833,0.2550767771526734,-0.10693688664497168,0.02773722433217085,0.2779730447032001,0.0,21.0,2.0,0.9987873197093378,0.049231216616308957,0.00042106806479525556,0.9,0.2392549216747284,-0.11358834058046341,0.0290061067789793,-0.3958425521850586,direct,SAFE_PROGRESSING,NONE,1,0,"0.056,3.255;0.054,3.755;0.053,4.255;0.051,4.755;0.049,5.255;0.048,5.755;0.046,6.255",0,1,PASS_THROUGH,-1,0.999302083720674,0.037351478976388755,0.00046096615397522693,0.9,inf,7.736777674355569,0.0,0,0,0,DIRECT_LOCAL,PASS_THROUGH,0,BYPASS_VISIBLE,1,5,0.0,21.0,2.0,0.0,21.0,2.0,1,
68,2.3,0.033333,0.06385520100593567,3.2718007564544678,1.9940320253372192,-0.057163858762575584,-0.3232259452342987,0.26093365534017876,-0.10780564360858573,0.02780937867019219,0.28369312791301576,0.0,21.0,2.0,0.9981684390209269,0.060494819581618925,0.0003796660553696974,0.9,0.24051088094711304,-0.10958229005336761,0.03007214143872261,-0.3669917583465576,direct,SAFE_PROGRESSING,NONE,1,0,"0.060,3.263;0.058,3.763;0.056,4.263;0.055,4.763;0.053,5.263;0.051,5.763;0.050,6.263",0,1,PASS_THROUGH,-1,0.999302083720674,0.037351478976388755,0.00046096615397522693,0.9,inf,7.728432821630943,0.0,0,0,0,DIRECT_LOCAL,PASS_THROUGH,0,BYPASS_VISIBLE,1,5,0.0,21.0,2.0,0.0,21.0,2.0,1,
69,2.333333,0.033333,0.06809064000844955,3.2803072929382324,1.9948290586471558,-0.06761992070368383,-0.30562469363212585,0.26581937594393606,-0.10809003328731971,0.027835080431712712,0.28830225046974123,0.0,21.0,2.0,0.9974647426506257,0.07116160373174672,0.00033663518385092516,0.9,0.2417539358139038,-0.10482661426067352,0.03105449676513672,-0.33715516328811646,direct,SAFE_PROGRESSING,NONE,1,0,"0.064,3.272;0.062,3.772;0.060,4.272;0.058,4.772;0.057,5.272;0.055,5.772;0.053,6.272",0,1,PASS_THROUGH,-1,0.999302083720674,0.037351478976388755,0.00046096615397522693,0.9,inf,7.719958557289303,0.0,0,0,0,DIRECT_LOCAL,PASS_THROUGH,0,BYPASS_VISIBLE,1,5,0.0,21.0,2.0,0.0,21.0,2.0,1,
70,2.366667,0.033333,0.0724148377776146,3.2889180183410645,1.9956588745117188,-0.07748561524937563,-0.28788670897483826,0.26975386321503114,-0.10764869949978781,0.027886344278939407,0.29177566283134876,0.0,21.0,2.0,0.9966946379107997,0.08123862137462871,0.00029181673980229,0.9,0.24312356114387512,-0.0995970219373703,0.031889356672763824,-0.30697351694107056,direct,SAFE_PROGRESSING,NONE,1,0,"0.068,3.280;0.066,3.780;0.064,4.280;0.062,4.780;0.060,5.280;0.058,5.780;0.057,6.280",0,1,PASS_THROUGH,-1,0.999302083720674,0.037351478976388755,0.00046096615397522693,0.9,inf,7.711382967124871,0.0,0,0,0,DIRECT_LOCAL,PASS_THROUGH,0,BYPASS_VISIBLE,1,5,0.0,21.0,2.0,0.0,21.0,2.0,1,
71,2.4,0.033333,0.07679668813943863,3.2976064682006836,1.9965217113494873,-0.0867578611452523,-0.26980072259902954,0.27283425638610215,-0.10642777303212492,0.027997941321102768,0.29419260196095126,0.0,21.0,2.0,0.9958762629755944,0.09072160032157313,0.00024510580872381347,0.9,0.2446700632572174,-0.09410922229290009,0.03254044055938721,-0.27708691358566284,direct,SAFE_PROGRESSING,NONE,1,0,"0.072,3.289;0.070,3.789;0.068,4.289;0.066,4.789;0.064,5.289;0.062,5.789;0.060,6.289",0,1,PASS_THROUGH,-1,0.999302083720674,0.037351478976388755,0.00046096615397522693,0.9,inf,7.70273238205173,0.0,0,0,0,DIRECT_LOCAL,PASS_THROUGH,0,BYPASS_VISIBLE,1,5,0.0,21.0,2.0,0.0,21.0,2.0,1,
72,2.433333,0.033333,0.08120422810316086,3.3063511848449707,1.9974160194396973,-0.09542605055430572,-0.2512994706630707,0.275200456337497,-0.10444823845824996,0.028174869656078978,0.29570009970497996,0.0,21.0,2.0,0.9950276558780917,0.0995988224396814,0.00019648505987536813,0.9,0.2464371770620346,-0.08853376656770706,0.033006880432367325,-0.2480592429637909,direct,SAFE_PROGRESSING,NONE,1,0,"0.077,3.298;0.075,3.798;0.072,4.298;0.070,4.798;0.068,5.298;0.066,5.798;0.064,6.298",1,1,PASS_THROUGH,-1,0.9950276750852995,0.09959882436225638,0.0,0.9,inf,7.694028056540207,0.0,0,0,0,DIRECT_LOCAL,PASS_THROUGH,0,BYPASS_VISIBLE,1,5,0.0,21.0,2.0,0.0,21.0,2.0,1,
73,2.466667,0.033333,0.08560701459646225,3.315138101577759,1.9983385801315308,-0.10347710643050506,-0.23244698345661163,0.2770021236545248,-0.10178341051272713,0.028407263589100756,0.2964743020724387,0.0,21.0,2.0,0.9941664823635104,0.10785631190491667,0.00014603846537480738,0.9,0.24850419163703918,-0.08301705121994019,0.03331605717539787,-0.22034087777137756,direct,SAFE_PROGRESSING,NONE,1,0,"0.081,3.306;0.079,3.806;0.077,4.306;0.074,4.806;0.072,5.306;0.070,5.806;0.067,6.306",0,1,PASS_THROUGH,-1,0.9950276558780917,0.0995988224396814,0.00019648505987536813,0.9,inf,7.685283803976384,0.0,0,0,0,DIRECT_LOCAL,PASS_THROUGH,0,BYPASS_VISIBLE,1,5,0.0,21.0,2.0,0.0,21.0,2.0,1,
74,2.5,0.033333,0.08997766673564911,3.3239564895629883,1.9992858171463013,-0.1109006373170404,-0.21340730786323547,0.2783787992993161,-0.09853425889788454,0.028685982699165065,0.29669284062697066,0.0,21.0,2.0,0.9933094459569328,0.11548305393913882,9.394477636062307e-05,0.9,0.2510313391685486,-0.07771895080804825,0.03350799158215523,-0.19429147243499756,direct,SAFE_PROGRESSING,NONE,1,0,"0.086,3.315;0.083,3.815;0.081,4.315;0.078,4.815;0.076,5.315;0.074,5.815;0.071,6.315",0,1,PASS_THROUGH,-1,0.9950276558780917,0.0995988224396814,0.00019648505987536813,0.9,inf,7.67651006888757,0.0,0,0,0,DIRECT_LOCAL,PASS_THROUGH,0,BYPASS_VISIBLE,1,5,0.0,21.0,2.0,0.0,21.0,2.0,1,
75,2.533333,0.033333,0.09429261833429337,3.3328001499176025,2.0002543926239014,-0.11769259318384066,-0.19440649449825287,0.2794574150528137,-0.09481161669504133,0.02901377425909031,0.2965256963318449,0.0,21.0,2.0,0.9924716411503561,0.12247464994797072,4.04034760355207e-05,0.9,0.25423333048820496,-0.07282683253288269,0.033619485795497894,-0.17019663751125336,direct,SAFE_PROGRESSING,NONE,1,0,"0.090,3.324;0.087,3.824;0.085,4.324;0.082,4.824;0.080,5.324;0.077,5.824;0.075,6.324",0,1,PASS_THROUGH,-1,0.9950276558780917,0.0995988224396814,0.00019648505987536813,0.9,inf,7.667712751305309,0.0,0,0,0,DIRECT_LOCAL,PASS_THROUGH,0,BYPASS_VISIBLE,1,5,0.0,21.0,2.0,0.0,21.0,2.0,1,
76,2.566667,0.033333,0.09853239357471466,3.341667652130127,2.0012412071228027,-0.12385721915752408,-0.1756988912820816,0.28036302282455616,-0.09072832888192733,0.029407507039158332,0.2961416142646756,0.0,21.0,2.0,0.9916660147164519,0.12883522441110698,-1.4398942837181016e-05,0.9,0.2583153545856476,-0.06854574382305145,0.03367353230714798,-0.14828047156333923,direct,SAFE_PROGRESSING,NONE,1,0,"0.094,3.333;0.092,3.833;0.089,4.333;0.086,4.833;0.084,5.333;0.081,5.833;0.078,6.333",0,1,PASS_THROUGH,-1,0.9950276558780917,0.0995988224396814,0.00019648505987536813,0.9,inf,7.658892982290137,0.0,0,0,0,DIRECT_LOCAL,PASS_THROUGH,0,BYPASS_VISIBLE,1,5,0.0,21.0,2.0,0.0,21.0,2.0,1,
77,2.6,0.033333,0.10268199443817139,3.350560426712036,2.0022428035736084,-0.12940766278997548,-0.15754306316375732,0.281234911528705,-0.08640125581882828,0.029890495999293783,0.2957223262128055,0.0,21.0,2.0,0.9909030053341732,0.13457796654411786,-7.028907219591817e-05,0.9,0.26339682936668396,-0.06506607681512833,0.03367700055241585,-0.12870541214942932,direct,SAFE_PROGRESSING,NONE,1,0,"0.099,3.342;0.096,3.842;0.093,4.342;0.090,4.842;0.087,5.342;0.085,5.842;0.082,6.342",0,1,PASS_THROUGH,-1,0.9950276558780917,0.0995988224396814,0.00019648505987536813,0.9,inf,7.650049047487631,0.0,0,0,0,DIRECT_LOCAL,PASS_THROUGH,0,BYPASS_VISIBLE,1,5,0.0,21.0,2.0,0.0,21.0,2.0,1,
78,2.633333,0.033333,0.1067313402891159,3.359485149383545,2.0032567977905273,-0.13436592838107622,-0.14018622040748596,0.28223628780845594,-0.08195767818848562,0.03047817906473271,0.29547132275238974,0.0,21.0,2.0,0.9901903340574029,0.13972503781271647,-0.00012707290735725296,0.9,0.26943960785865784,-0.06253751367330551,0.033623307943344116,-0.11160236597061157,direct,SAFE_PROGRESSING,NONE,1,0,"0.103,3.351;0.100,3.851;0.097,4.351;0.094,4.851;0.091,5.351;0.088,5.851;0.085,6.351",1,1,PASS_THROUGH,-1,0.990190342051964,0.1397250389408232,0.0,0.9,inf,7.64117402108784,0.0,0,0,0,DIRECT_LOCAL,PASS_THROUGH,0,BYPASS_VISIBLE,1,5,0.0,21.0,2.0,0.0,21.0,2.0,1,
79,2.666667,0.033333,0.11067602038383484,3.368452310562134,2.0042803287506104,-0.13876252433693206,-0.12385669350624084,0.28354963734996863,-0.07754042104698444,0.03116229443535091,0.2956078522839301,0.0,21.0,2.0,0.9895329201606682,0.14430719259579888,-0.00018461695442666817,0.9,0.2762397527694702,-0.06104663014411926,0.033498313277959824,-0.09707573801279068,direct,SAFE_PROGRESSING,NONE,1,0,"0.107,3.359;0.104,3.859;0.101,4.359;0.098,4.859;0.095,5.359;0.092,5.859;0.089,6.359",0,1,PASS_THROUGH,-1,0.9901903340574029,0.13972503781271647,-0.00012707290735725296,0.9,inf,7.632257219089812,0.0,0,0,0,DIRECT_LOCAL,PASS_THROUGH,0,BYPASS_VISIBLE,1,5,0.0,21.0,2.0,0.0,21.0,2.0,1,
80,2.7,0.033333,0.11451795697212219,3.37747859954834,2.0053088665008545,-0.14263588699798574,-0.10875961929559708,0.2853548566658796,-0.07330704045024572,0.03190188963950498,0.2963427862542799,0.0,21.0,2.0,0.9889329093367547,0.14836320938175607,-0.00024276055477799553,0.9,0.2834497094154358,-0.060587432235479355,0.03328897804021835,-0.08513759076595306,direct,SAFE_PROGRESSING,NONE,1,0,"0.111,3.368;0.108,3.868;0.104,4.368;0.101,4.868;0.098,5.368;0.095,5.868;0.092,6.368",0,1,PASS_THROUGH,-1,0.9901903340574029,0.13972503781271647,-0.00012707290735725296,0.9,inf,7.623281838355739,0.0,0,0,0,DIRECT_LOCAL,PASS_THROUGH,0,BYPASS_VISIBLE,1,5,0.0,21.0,2.0,0.0,21.0,2.0,1,
81,2.733333,0.033333,0.11826573312282562,3.386584997177124,2.006338596343994,-0.14603171258324665,-0.09506955742835999,0.2877968847911422,-0.06942136531464149,0.03262618021897071,0.2978436510878075,0.0,21.0,2.0,0.9883897893329154,0.15193924309378473,-0.00030124827479257227,0.9,0.2906390130519867,-0.06102103367447853,0.03299504518508911,-0.0755692571401596,direct,SAFE_PROGRESSING,NONE,1,0,"0.115,3.377;0.111,3.877;0.108,4.377;0.105,4.877;0.102,5.377;0.098,5.877;0.095,6.377",0,1,PASS_THROUGH,-1,0.9901903340574029,0.13972503781271647,-0.00012707290735725296,0.9,inf,7.614226883155869,0.0,0,0,0,DIRECT_LOCAL,PASS_THROUGH,0,BYPASS_VISIBLE,1,5,0.0,21.0,2.0,0.0,21.0,2.0,1,
82,2.766667,0.033333,0.12193428725004196,3.3957936763763428,2.0073635578155518,-0.1490014523002894,-0.08291243761777878,0.29095243919156744,-0.06603753246664339,0.03324928318854497,0.3001995876052427,0.0,21.0,2.0,0.9879006964228356,0.15508734475900524,-0.00035986508295085437,0.9,0.2973977029323578,-0.06207181140780449,0.03263755515217781,-0.06787024438381195,direct,SAFE_PROGRESSING,NONE,1,0,"0.118,3.387;0.115,3.887;0.112,4.387;0.108,4.887;0.105,5.387;0.101,5.887;0.098,6.387",0,1,PASS_THROUGH,-1,0.9901903340574029,0.13972503781271647,-0.00012707290735725296,0.9,inf,7.605070274547007,0.0,0,0,0,DIRECT_LOCAL,PASS_THROUGH,0,BYPASS_VISIBLE,1,5,0.0,21.0,2.0,0.0,21.0,2.0,1,
83,2.8,0.033333,0.12554366886615753,3.4051268100738525,2.0083794593811035,-0.15159914837626437,-0.07233832031488419,0.29480662603459834,-0.06327809027851676,0.0336911869130289,0.3033976920459487,0.0,21.0,2.0,0.9874610436685727,0.1578623206591534,-0.00041827392882871645,0.9,0.3034493625164032,-0.06338651478290558,0.03225553408265114,-0.061365172266960144,direct,SAFE_PROGRESSING,NONE,1,0,"0.122,3.396;0.118,3.896;0.115,4.396;0.112,4.896;0.108,5.396;0.105,5.896;0.101,6.396",0,1,PASS_THROUGH,-1,0.9901903340574029,0.13972503781271647,-0.00012707290735725296,0.9,inf,7.5957900372044715,0.0,0,0,0,DIRECT_LOCAL,PASS_THROUGH,0,BYPASS_VISIBLE,1,5,0.0,21.0,2.0,0.0,21.0,2.0,1,
84,2.833333,0.033333,0.12911708652973175,3.4146029949188232,2.009382486343384,-0.1538772286837638,-0.0632995218038559,0.29925026904079544,-0.061211354843714004,0.03389714145835798,0.307321606272386,0.0,21.0,2.0,0.9870653799529072,0.16031752524698178,-0.0004762321980082293,0.9,0.3087316155433655,-0.06462971866130829,0.031890399754047394,-0.055376384407281876,direct,SAFE_PROGRESSING,NONE,1,0,"0.126,3.405;0.122,3.905;0.118,4.405;0.115,4.905;0.111,5.405;0.108,5.905;0.104,6.405",1,1,PASS_THROUGH,-1,0.9870654918847124,0.16031754342676027,0.0,0.9,inf,7.586367855903378,0.0,0,0,0,DIRECT_LOCAL,PASS_THROUGH,0,BYPASS_VISIBLE,1,5,0.0,21.0,2.0,0.0,21.0,2.0,1,
85,2.866667,0.033333,0.13267813622951508,3.4242355823516846,2.0103697776794434,-0.15588246486972715,-0.05564863607287407,0.30410196917518045,-0.05983546629634595,0.03385040355255322,0.31177578562773967,0.0,21.0,2.0,0.9867082699871519,0.1625007855090453,-0.0005335240435175678,0.9,0.31340497732162476,-0.06557071954011917,0.031568318605422974,-0.049372799694538116,direct,SAFE_PROGRESSING,NONE,1,0,"0.129,3.415;0.125,3.915;0.122,4.415;0.118,4.915;0.114,5.415;0.111,5.915;0.107,6.415",0,1,PASS_THROUGH,-1,0.9870653799529072,0.16031752524698178,-0.0004762321980082293,0.9,inf,7.5767907071839105,0.0,0,0,0,DIRECT_LOCAL,PASS_THROUGH,0,BYPASS_VISIBLE,1,5,0.0,21.0,2.0,0.0,21.0,2.0,1,
86,2.9,0.033333,0.13624826073646545,3.4340314865112305,2.0113399028778076,-0.15765329097271497,-0.049158744513988495,0.3091506785341373,-0.059077017249678905,0.0335773744549684,0.3165306874230768,0.0,21.0,2.0,0.9863849725588856,0.16445162761376464,-0.0005899874493890718,0.9,0.31779590249061584,-0.06612259149551392,0.03129245340824127,-0.04304223880171776,direct,SAFE_PROGRESSING,NONE,1,0,"0.133,3.424;0.129,3.924;0.125,4.424;0.121,4.924;0.118,5.424;0.114,5.924;0.110,6.424",0,1,PASS_THROUGH,-1,0.9870653799529072,0.16031752524698178,-0.0004762321980082293,0.9,inf,7.567052011201678,0.0,0,0,0,DIRECT_LOCAL,PASS_THROUGH,0,BYPASS_VISIBLE,1,5,0.0,21.0,2.0,0.0,21.0,2.0,1,
87,2.933333,0.033333,0.1398443728685379,3.443991184234619,2.0122931003570557,-0.1592194600709232,-0.04355865344405174,0.314208513369182,-0.0588071119840867,0.033144012569241786,0.3213779579603591,0.0,21.0,2.0,0.9860917147722457,0.16620082230202324,-0.0006455413722106472,0.9,0.3222876489162445,-0.06634408235549927,0.031046930700540543,-0.036340150982141495,direct,SAFE_PROGRESSING,NONE,1,0,"0.136,3.434;0.132,3.934;0.128,4.434;0.125,4.934;0.121,5.434;0.117,5.934;0.113,6.434",0,1,PASS_THROUGH,-1,0.9870653799529072,0.16031752524698178,-0.0004762321980082293,0.9,inf,7.557151588237637,0.0,0,0,0,DIRECT_LOCAL,PASS_THROUGH,0,BYPASS_VISIBLE,1,5,0.0,21.0,2.0,0.0,21.0,2.0,1,
88,2.966667,0.033333,0.1434779316186905,3.454110622406006,2.0132296085357666,-0.1606031560112805,-0.038574278354644775,0.31915707238441543,-0.05887179282578853,0.03264296382375092,0.32617892012009647,0.0,21.0,2.0,0.9858256829924138,0.16777136964720685,-0.0007001994295220079,0.9,0.3272204101085663,-0.06639386713504791,0.03080708719789982,-0.029456373304128647,direct,SAFE_PROGRESSING,NONE,1,0,"0.140,3.444;0.136,3.944;0.132,4.444;0.128,4.944;0.124,5.444;0.120,5.944;0.116,6.444",0,1,PASS_THROUGH,-1,0.9870653799529072,0.16031752524698178,-0.0004762321980082293,0.9,inf,7.547093726579547,0.0,0,0,0,DIRECT_LOCAL,PASS_THROUGH,0,BYPASS_VISIBLE,1,5,0.0,21.0,2.0,0.0,21.0,2.0,1,
89,3.0,0.033333,0.14715519547462463,3.4643847942352295,2.014150619506836,-0.16182038493021836,-0.033969003707170486,0.3239736710867673,-0.05912782720175726,0.03217301810633243,0.33089294734265357,0.0,21.0,2.0,0.9855849099395678,0.1691798357401591,-0.0007539750304555575,0.9,0.33278170228004456,-0.06648895144462585,0.030552949756383896,-0.022792469710111618,direct,SAFE_PROGRESSING,NONE,1,0,"0.143,3.454;0.139,3.954;0.135,4.454;0.131,4.954;0.127,5.454;0.123,5.954;0.119,6.454",0,1,PASS_THROUGH,-1,0.9870653799529072,0.16031752524698178,-0.0004762321980082293,0.9,inf,7.536883599560085,0.0,0,0,0,DIRECT_LOCAL,PASS_THROUGH,0,BYPASS_VISIBLE,1,5,0.0,21.0,2.0,0.0,21.0,2.0,1,
90,3.033333,0.033333,0.15087862312793732,3.4748106002807617,2.0150561332702637,-0.1628824808591618,-0.029578115791082382,0.3287287776578729,-0.059473471976832164,0.031815388873168836,0.33557699876268215,0.0,21.0,2.0,0.9853680954621459,0.1704378634571194,-0.0008069358560735021,0.9,0.33901020884513855,-0.06684289127588272,0.030276214703917503,-0.016826733946800232,direct,SAFE_PROGRESSING,NONE,1,0,"0.147,3.464;0.143,3.964;0.139,4.464;0.135,4.964;0.130,5.464;0.126,5.964;0.122,6.464",1,1,PASS_THROUGH,-1,0.9853684162712911,0.1704379189470683,0.0,0.9,inf,7.526524418542543,0.0,0,0,0,DIRECT_LOCAL,PASS_THROUGH,0,BYPASS_VISIBLE,1,5,0.0,21.0,2.0,0.0,21.0,2.0,1,
91,3.066667,0.033333,0.15464907884597778,3.4853882789611816,2.015946626663208,-0.16379777429605236,-0.0253299493342638,0.33355752514445103,-0.059866377068569517,0.03161528734888799,0.34035882841195697,0.0,21.0,2.0,0.9851743602172598,0.1715539039168709,-0.0008590817154035509,0.9,0.345805823802948,-0.06760764122009277,0.0299833994358778,-0.011952260509133339,direct,SAFE_PROGRESSING,NONE,1,0,"0.151,3.475;0.147,3.975;0.142,4.475;0.138,4.975;0.134,5.475;0.129,5.975;0.125,6.475",0,1,PASS_THROUGH,-1,0.9853680954621459,0.1704378634571194,-0.0008069358560735021,0.9,inf,7.5160160343695654,0.0,0,0,0,DIRECT_LOCAL,PASS_THROUGH,0,BYPASS_VISIBLE,1,5,0.0,21.0,2.0,0.0,21.0,2.0,1,
92,3.1,0.033333,0.15846803784370422,3.496124267578125,2.0168216228485107,-0.16457393818583196,-0.021244892850518227,0.33861616380006526,-0.06032434978230999,0.03157539707245425,0.34539389002067516,0.0,21.0,2.0,0.9850028519287721,0.17253565658052653,-0.0009104397353461382,0.9,0.3529810309410095,-0.0688423290848732,0.029694151133298874,-0.008362376131117344,direct,SAFE_PROGRESSING,NONE,1,0,"0.155,3.485;0.150,3.985;0.146,4.485;0.141,4.985;0.137,5.485;0.133,5.985;0.128,6.485",0,1,PASS_THROUGH,-1,0.9853680954621459,0.1704378634571194,-0.0008069358560735021,0.9,inf,7.5053521144918935,0.0,0,0,0,DIRECT_LOCAL,PASS_THROUGH,0,BYPASS_VISIBLE,1,5,0.0,21.0,2.0,0.0,21.0,2.0,1,
93,3.133333,0.033333,0.16233935952186584,3.5070278644561768,2.0176806449890137,-0.16522032311466553,-0.01741107366979122,0.34403799478225244,-0.060910362228360555,0.03166151931629764,0.3508199907160359,0.0,21.0,2.0,0.9848523333956163,0.17339249671488624,-0.0009609829280306226,0.9,0.36033377051353455,-0.07051029056310654,0.029435519129037857,-0.006012239959090948,direct,SAFE_PROGRESSING,NONE,1,0,"0.158,3.496;0.154,3.996;0.149,4.496;0.145,4.996;0.140,5.496;0.136,5.996;0.131,6.496",0,1,PASS_THROUGH,-1,0.9853680954621459,0.1704378634571194,-0.0008069358560735021,0.9,inf,7.494523515935063,0.0,0,0,0,DIRECT_LOCAL,PASS_THROUGH,0,BYPASS_VISIBLE,1,5,0.0,21.0,2.0,0.0,21.0,2.0,1,
94,3.166667,0.033333,0.16627007722854614,3.5181121826171875,2.018523693084717,-0.16574919860687015,-0.013945105485618114,0.3499012942881343,-0.06170758203089043,0.0318182275054378,0.3567227789561503,0.0,21.0,2.0,0.9847209526486629,0.17413679660451936,-0.001010684434524521,0.9,0.36770913004875183,-0.07250723987817764,0.029234357178211212,-0.004675597883760929,direct,SAFE_PROGRESSING,NONE,1,0,"0.162,3.507;0.158,4.007;0.153,4.507;0.148,5.007;0.144,5.507;0.139,6.007;0.134,6.507",0,1,PASS_THROUGH,-1,0.9853680954621459,0.1704378634571194,-0.0008069358560735021,0.9,inf,7.483517353388779,0.0,0,0,0,DIRECT_LOCAL,PASS_THROUGH,0,BYPASS_VISIBLE,1,5,0.0,21.0,2.0,0.0,21.0,2.0,1,
95,3.2,0.033333,0.17027023434638977,3.529391288757324,2.019350528717041,-0.16617559074011543,-0.01095166802406311,0.35621723204547834,-0.06279196801992508,0.03198818673372001,0.3631209051328067,0.0,21.0,2.0,0.9846062647988837,0.17478381127385245,-0.0010595448913142927,0.9,0.3750315010547638,-0.0746968537569046,0.029110796749591827,-0.004026240203529596,direct,SAFE_PROGRESSING,NONE,1,0,"0.166,3.518;0.162,4.018;0.157,4.518;0.152,5.018;0.147,5.518;0.142,6.018;0.138,6.518",0,1,PASS_THROUGH,-1,0.9853680954621459,0.1704378634571194,-0.0008069358560735021,0.9,inf,7.472319864811803,0.0,0,0,0,DIRECT_LOCAL,PASS_THROUGH,0,BYPASS_VISIBLE,1,5,0.0,21.0,2.0,0.0,21.0,2.0,1,
96,3.233333,0.033333,0.17435182631015778,3.540877342224121,2.0201613903045654,-0.16651590139337263,-0.008493802510201931,0.36293836410254426,-0.06421032261007335,0.03212931947501678,0.3699723163117051,0.0,21.0,2.0,0.9845054810191846,0.17535030987421768,-0.0011075514434593678,0.9,0.38232025504112244,-0.07696009427309036,0.02907387912273407,-0.003753408556804061,direct,SAFE_PROGRESSING,NONE,1,0,"0.170,3.529;0.165,4.029;0.161,4.529;0.156,5.029;0.151,5.529;0.146,6.029;0.141,6.529",1,1,PASS_THROUGH,-1,0.9845060848515077,0.17535041742281646,0.0,0.9,inf,7.460919258486925,0.0,0,0,0,DIRECT_LOCAL,PASS_THROUGH,0,BYPASS_VISIBLE,1,5,0.0,21.0,2.0,0.0,21.0,2.0,1,
97,3.266667,0.033333,0.17852747440338135,3.552581310272217,2.0209572315216064,-0.1667862110562581,-0.006580736488103867,0.3699829326406815,-0.06596922498597656,0.032225434619031844,0.3771972795859415,0.0,21.0,2.0,0.9844157877566325,0.1758528459841165,-0.0011547184831318482,0.9,0.389657586812973,-0.07922883331775665,0.02912076935172081,-0.003641091752797365,direct,SAFE_PROGRESSING,NONE,1,0,"0.174,3.541;0.169,4.041;0.164,4.541;0.159,5.041;0.154,5.541;0.149,6.041;0.144,6.541",0,1,PASS_THROUGH,-1,0.9845054810191846,0.17535030987421768,-0.0011075514434593678,0.9,inf,7.44930497607224,0.0,0,0,0,DIRECT_LOCAL,PASS_THROUGH,0,BYPASS_VISIBLE,1,5,0.0,21.0,2.0,0.0,21.0,2.0,1,
98,3.3,0.033333,0.18280887603759766,3.564509630203247,2.0217394828796387,-0.16700134614162454,-0.005173064302653074,0.3772640568669441,-0.06803695854860377,0.03228798927471528,0.38470730508225776,0.0,21.0,2.0,0.9843345371586734,0.17630676762959765,-0.0012011014208176613,0.9,0.39717331528663635,-0.08150608092546463,0.029239105060696602,-0.0036175218410789967,direct,SAFE_PROGRESSING,NONE,1,0,"0.179,3.553;0.173,4.053;0.168,4.553;0.163,5.053;0.158,5.552;0.153,6.052;0.148,6.552",0,1,PASS_THROUGH,-1,0.9845054810191846,0.17535030987421768,-0.0011075514434593678,0.9,inf,7.437470999303754,0.0,0,0,0,DIRECT_LOCAL,PASS_THROUGH,0,BYPASS_VISIBLE,1,5,0.0,21.0,2.0,0.0,21.0,2.0,1,
99,3.333333,0.033333,0.18720586597919464,3.5766680240631104,2.0225095748901367,-0.1671745870703952,-0.004200716968625784,0.38471657193116765,-0.07035653989768277,0.032350191116893454,0.39243269268773096,0.0,21.0,2.0,0.9842593266218036,0.17672584273503547,-0.001246782894153024,0.9,0.4049789309501648,-0.08385105431079865,0.029412008821964264,-0.003734306199476123,direct,SAFE_PROGRESSING,NONE,1,0,"0.183,3.565;0.178,4.064;0.172,4.564;0.167,5.064;0.162,5.564;0.157,6.064;0.151,6.564",0,1,PASS_THROUGH,-1,0.9845054810191846,0.17535030987421768,-0.0011075514434593678,0.9,inf,7.42541201444166,0.0,0,0,0,DIRECT_LOCAL,PASS_THROUGH,0,BYPASS_VISIBLE,1,5,0.0,21.0,2.0,0.0,21.0,2.0,1,
100,3.366667,0.033333,0.1917261779308319,3.589059829711914,2.023268938064575,-0.16731781516038885,-0.003585919039323926,0.3923131935250844,-0.07286488604459353,0.03245480573678942,0.40034016516901555,0.0,21.0,2.0,0.984187991570295,0.17712235427368966,-0.0012918457238301451,0.9,0.41314035654067993,-0.08635606616735458,0.02962384559214115,-0.00412542000412941,direct,SAFE_PROGRESSING,NONE,1,0,"0.187,3.577;0.182,4.077;0.176,4.577;0.171,5.077;0.166,5.577;0.160,6.077;0.155,6.576",0,1,PASS_THROUGH,-1,0.9845054810191846,0.17535030987421768,-0.0011075514434593678,0.9,inf,7.41312507190222,0.0,0,0,0,DIRECT_LOCAL,PASS_THROUGH,0,BYPASS_VISIBLE,1,5,0.0,21.0,2.0,0.0,21.0,2.0,1,
101,3.4,0.033333,0.19637572765350342,3.601689577102661,2.0240190029144287,-0.16744204236747878,-0.003263542428612709,0.4000660469907996,-0.07551182008539808,0.03264023721832045,0.4084363622562545,0.0,21.0,2.0,0.9841185209210803,0.177507607971835,-0.0013363727857465405,0.9,0.4216634929180145,-0.08911721408367157,0.029864337295293808,-0.004953423980623484,direct,SAFE_PROGRESSING,NONE,1,0,"0.192,3.589;0.186,4.089;0.181,4.589;0.175,5.089;0.170,5.589;0.164,6.089;0.159,6.589",0,1,PASS_THROUGH,-1,0.9845054810191846,0.17535030987421768,-0.0011075514434593678,0.9,inf,7.4006060130062945,0.0,0,0,0,DIRECT_LOCAL,PASS_THROUGH,0,BYPASS_VISIBLE,1,5,0.0,21.0,2.0,0.0,21.0,2.0,1,
102,3.433333,0.033333,0.20115956664085388,3.6145617961883545,2.0247604846954346,-0.16755769497639114,-0.0031943770591169596,0.40801606451864414,-0.07827269144853062,0.03292881078693701,0.4167589587660008,0.0,21.0,2.0,0.984049007361467,0.17789222994902076,-0.0013804472739081235,0.9,0.4304892122745514,-0.09220171719789505,0.030130535364151,-0.00633794954046607,direct,SAFE_PROGRESSING,NONE,1,0,"0.196,3.602;0.191,4.102;0.185,4.602;0.179,5.102;0.174,5.602;0.168,6.102;0.163,6.601",1,1,PASS_THROUGH,-1,0.9840499449817628,0.177892399448064,0.0,0.9,inf,7.387850680668738,0.0,0,0,0,DIRECT_LOCAL,PASS_THROUGH,0,BYPASS_VISIBLE,1,5,0.0,21.0,2.0,0.0,21.0,2.0,1,
103,3.466667,0.033333,0.20608288049697876,3.6276843547821045,2.0254945755004883,-0.16767517742220212,-0.003367912257090211,0.4162147266496479,-0.08115236100331841,0.033320858965504456,0.425359476229992,0.0,21.0,2.0,0.9839775392859921,0.1782867748520553,-0.0014241114902890945,0.9,0.43951696157455444,-0.09562965482473373,0.030426718294620514,-0.0083137396723032,direct,SAFE_PROGRESSING,NONE,1,0,"0.201,3.615;0.195,4.115;0.190,4.614;0.184,5.114;0.178,5.614;0.172,6.114;0.166,6.614",0,1,PASS_THROUGH,-1,0.984049007361467,0.17789222994902076,-0.0013804472739081235,0.9,inf,7.3748516056581135,0.0,0,0,0,DIRECT_LOCAL,PASS_THROUGH,0,BYPASS_VISIBLE,1,5,0.0,21.0,2.0,0.0,21.0,2.0,1,
104,3.5,0.033333,0.21115189790725708,3.641063928604126,2.02622127532959,-0.16780487923491727,-0.0037950125988572836,0.4247040975548459,-0.08417952479899557,0.033795501889629584,0.4342832011754918,0.0,21.0,2.0,0.9839021884480065,0.17870179126128066,-0.0014674355976737113,0.9,0.4486426115036011,-0.0993729829788208,0.030761998146772385,-0.010818946175277233,direct,SAFE_PROGRESSING,NONE,1,0,"0.206,3.628;0.200,4.128;0.194,4.628;0.188,5.128;0.182,5.628;0.176,6.128;0.170,6.627",0,1,PASS_THROUGH,-1,0.984049007361467,0.17789222994902076,-0.0013804472739081235,0.9,inf,7.361602559896813,0.0,0,0,0,DIRECT_LOCAL,PASS_THROUGH,0,BYPASS_VISIBLE,1,5,0.0,21.0,2.0,0.0,21.0,2.0,1,
105,3.533333,0.033333,0.2163744419813156,3.6547107696533203,2.0269408226013184,-0.16795708547537166,-0.0044944509863853455,0.4335019369855349,-0.0873944686058594,0.034318436619894636,0.4435532410039915,0.0,21.0,2.0,0.9838210156365428,0.1791477820670728,-0.0015104212424916874,0.9,0.45778846740722656,-0.10336261987686157,0.03114672191441059,-0.01370803639292717,direct,SAFE_PROGRESSING,NONE,1,0,"0.211,3.641;0.205,4.141;0.199,4.641;0.193,5.141;0.187,5.641;0.181,6.141;0.175,6.641",0,1,PASS_THROUGH,-1,0.984049007361467,0.17789222994902076,-0.0013804472739081235,0.9,inf,7.34809380860583,0.0,0,0,0,DIRECT_LOCAL,PASS_THROUGH,0,BYPASS_VISIBLE,1,5,0.0,21.0,2.0,0.0,21.0,2.0,1,
106,3.566667,0.033333,0.2217596173286438,3.668632984161377,2.027653694152832,-0.16814161863334684,-0.005478067323565483,0.4425959799310485,-0.09083450734573328,0.034853056912887016,0.4531631546717364,0.0,21.0,2.0,0.9837321258728238,0.17963488652065132,-0.0015530841725231626,0.9,0.4669187068939209,-0.10751477628946304,0.03158913552761078,-0.016799889504909515,direct,SAFE_PROGRESSING,NONE,1,0,"0.216,3.655;0.210,4.155;0.204,4.655;0.198,5.155;0.191,5.655;0.185,6.155;0.179,6.654",0,1,PASS_THROUGH,-1,0.984049007361467,0.17789222994902076,-0.0013804472739081235,0.9,inf,7.3343178293416145,0.0,0,0,0,DIRECT_LOCAL,PASS_THROUGH,0,BYPASS_VISIBLE,1,5,0.0,21.0,2.0,0.0,21.0,2.0,1,
107,3.6,0.033333,0.22731763124465942,3.682837963104248,2.0283608436584473,-0.16836717038339552,-0.0067399367690086365,0.4519477944628413,-0.09452173919555994,0.035371887775969314,0.4630791925202598,0.0,21.0,2.0,0.9836337897929347,0.180172201254057,-0.0015954538089137447,0.9,0.4760596752166748,-0.11176026612520218,0.0320923775434494,-0.01993262767791748,direct,SAFE_PROGRESSING,NONE,1,0,"0.222,3.669;0.215,4.169;0.209,4.669;0.203,5.169;0.196,5.668;0.190,6.168;0.183,6.668",0,1,PASS_THROUGH,-1,0.984049007361467,0.17789222994902076,-0.0013804472739081235,0.9,inf,7.3202678835152035,0.0,0,0,0,DIRECT_LOCAL,PASS_THROUGH,0,BYPASS_VISIBLE,1,5,0.0,21.0,2.0,0.0,21.0,2.0,1,
108,3.633333,0.033333,0.2330588698387146,3.697331428527832,2.029062032699585,-0.1686408073450714,-0.008252862840890884,0.46150458979795217,-0.0984562869265346,0.0358646754549955,0.47325088672439736,0.0,21.0,2.0,0.9835245329865534,0.18076728498767894,-0.0016375871778497985,0.9,0.4852787256240845,-0.11606275290250778,0.03265335038304329,-0.022997187450528145,direct,SAFE_PROGRESSING,NONE,1,0,"0.227,3.683;0.221,4.183;0.214,4.683;0.208,5.183;0.201,5.683;0.195,6.183;0.188,6.683",1,1,PASS_THROUGH,-1,0.9835258517440263,0.1807675273692362,0.0,0.9,inf,7.305938950204377,0.0,0,0,0,DIRECT_LOCAL,PASS_THROUGH,0,BYPASS_VISIBLE,1,5,0.0,21.0,2.0,0.0,21.0,2.0,1,
109,3.666667,0.033333,0.23899303376674652,3.7121171951293945,2.029759407043457,-0.16896809879120228,-0.009972333908081055,0.4712148449532586,-0.1026174122226714,0.03634101898835253,0.48362633619015516,0.0,21.0,2.0,0.9834031228324427,0.18142623122244683,-0.0016794724823716702,0.9,0.49465614557266235,-0.12042777240276337,0.03326389193534851,-0.025956273078918457,direct,SAFE_PROGRESSING,NONE,1,0,"0.233,3.697;0.226,4.197;0.220,4.697;0.213,5.197;0.206,5.697;0.199,6.197;0.193,6.697",0,1,PASS_THROUGH,-1,0.9835245329865534,0.18076728498767894,-0.0016375871778497985,0.9,inf,7.291327942944898,0.0,0,0,0,DIRECT_LOCAL,PASS_THROUGH,0,BYPASS_VISIBLE,1,5,0.0,21.0,2.0,0.0,21.0,2.0,1,
110,3.7,0.033333,0.2451288402080536,3.727198362350464,2.0304534435272217,-0.16935326658832944,-0.011844986118376255,0.481041933727037,-0.10697069088207117,0.03682659764725514,0.4941662362059022,0.0,21.0,2.0,0.9832685506736137,0.18215376637376793,-0.0017212356206309848,0.9,0.504270613193512,-0.12490108609199524,0.03391323238611221,-0.028844650834798813,direct,SAFE_PROGRESSING,NONE,1,0,"0.239,3.712;0.232,4.212;0.225,4.712;0.218,5.212;0.211,5.712;0.204,6.212;0.198,6.712",0,1,PASS_THROUGH,-1,0.9835245329865534,0.18076728498767894,-0.0016375871778497985,0.9,inf,7.276432509493363,0.0,0,0,0,DIRECT_LOCAL,PASS_THROUGH,0,BYPASS_VISIBLE,1,5,0.0,21.0,2.0,0.0,21.0,2.0,1,
111,3.733333,0.033333,0.2514737844467163,3.7425758838653564,2.03114652633667,-0.16979977944070207,-0.013819570653140545,0.4909725812513444,-0.11147950111095828,0.037354966762659245,0.5048535909057155,0.0,21.0,2.0,0.983119927897693,0.18295381803062744,-0.0017629062512971739,0.9,0.5141708850860596,-0.12955309450626373,0.034591056406497955,-0.0317489355802536,direct,SAFE_PROGRESSING,NONE,1,0,"0.245,3.727;0.238,4.227;0.231,4.727;0.224,5.227;0.217,5.727;0.210,6.227;0.203,6.727",0,1,PASS_THROUGH,-1,0.9835245329865534,0.18076728498767894,-0.0016375871778497985,0.9,inf,7.261252453350275,0.0,0,0,0,DIRECT_LOCAL,PASS_THROUGH,0,BYPASS_VISIBLE,1,5,0.0,21.0,2.0,0.0,21.0,2.0,1,
112,3.766667,0.033333,0.25803428888320923,3.7582530975341797,2.031836986541748,-0.1703106507188857,-0.015856852754950523,0.5010179766347677,-0.11611612004061934,0.037957249741203646,0.5156963438423819,0.0,21.0,2.0,0.9829564337600926,0.18382979263513194,-0.0018046244388809575,0.9,0.5243576765060425,-0.13445673882961273,0.035290226340293884,-0.03476756438612938,direct,SAFE_PROGRESSING,NONE,1,0,"0.251,3.743;0.244,4.243;0.237,4.742;0.230,5.242;0.222,5.742;0.215,6.242;0.208,6.742",0,1,PASS_THROUGH,-1,0.9835245329865534,0.18076728498767894,-0.0016375871778497985,0.9,inf,7.245785208125689,0.0,0,0,0,DIRECT_LOCAL,PASS_THROUGH,0,BYPASS_VISIBLE,1,5,0.0,21.0,2.0,0.0,21.0,2.0,1,
113,3.8,0.033333,0.2648167014122009,3.7742326259613037,2.032526731491089,-0.17088901591530029,-0.01793530397117138,0.5112067698526186,-0.12087024094506874,0.038652355807452576,0.5267219202755217,0.0,21.0,2.0,0.9827772065635939,0.18478515484285438,-0.0018462959570393585,0.9,0.5347914695739746,-0.13966722786426544,0.03600854054093361,-0.037976931780576706,direct,SAFE_PROGRESSING,NONE,1,0,"0.258,3.758;0.251,4.258;0.243,4.758;0.236,5.258;0.228,5.758;0.221,6.258;0.213,6.758",0,1,PASS_THROUGH,-1,0.9835245329865534,0.18076728498767894,-0.0016375871778497985,0.9,inf,7.2300289657537835,0.0,0,0,0,DIRECT_LOCAL,PASS_THROUGH,0,BYPASS_VISIBLE,1,5,0.0,21.0,2.0,0.0,21.0,2.0,1,
114,3.833333,0.033333,0.2718273997306824,3.7905187606811523,2.0332186222076416,-0.17153800990157886,-0.02005135454237461,0.5215744165036037,-0.125751195245103,0.03944162225246678,0.5379673564655694,0.0,21.0,2.0,0.9825813523836652,0.18582336041618436,-0.00188803377217909,0.9,0.5454028844833374,-0.1452077329158783,0.0367489755153656,-0.04140578955411911,direct,SAFE_PROGRESSING,NONE,1,0,"0.265,3.774;0.257,4.274;0.249,4.774;0.242,5.274;0.234,5.774;0.226,6.274;0.219,6.774",1,1,PASS_THROUGH,-1,0.9825831036782309,0.18582369161669055,0.0,0.9,inf,7.2139802990981465,0.0,0,0,0,DIRECT_LOCAL,PASS_THROUGH,0,BYPASS_VISIBLE,1,5,0.0,21.0,2.0,0.0,21.0,2.0,1,
115,3.866667,0.033333,0.2790738642215729,3.807115316390991,2.03391170501709,-0.17226092274491842,-0.02221454307436943,0.5321502282939057,-0.13078492856486376,0.04030867669445461,0.5494664252070645,0.0,21.0,2.0,0.982367911782527,0.18694801676792144,-0.0019300068854204975,0.9,0.5561225414276123,-0.1510685533285141,0.037517961114645004,-0.04502836987376213,direct,SAFE_PROGRESSING,NONE,1,0,"0.272,3.791;0.264,4.290;0.256,4.790;0.248,5.290;0.240,5.790;0.232,6.290;0.224,6.790",0,1,PASS_THROUGH,-1,0.9825813523836652,0.18582336041618436,-0.00188803377217909,0.9,inf,7.197636345960136,0.0,0,0,0,DIRECT_LOCAL,PASS_THROUGH,0,BYPASS_VISIBLE,1,5,0.0,21.0,2.0,0.0,21.0,2.0,1,
116,3.9,0.033333,0.28656479716300964,3.824028730392456,2.034604787826538,-0.17306088950648943,-0.02443963661789894,0.5429483402924615,-0.13600603405458422,0.041225307157639696,0.5612397593505267,0.0,21.0,2.0,0.9821359033110199,0.18816263709943185,-0.0019721630852478533,0.9,0.5668928623199463,-0.1572079211473465,0.03832337260246277,-0.04876719415187836,direct,SAFE_PROGRESSING,NONE,1,0,"0.279,3.807;0.271,4.307;0.263,4.807;0.255,5.307;0.247,5.807;0.238,6.307;0.230,6.807",0,1,PASS_THROUGH,-1,0.9825813523836652,0.18582336041618436,-0.00188803377217909,0.9,inf,7.180991723771701,0.0,0,0,0,DIRECT_LOCAL,PASS_THROUGH,0,BYPASS_VISIBLE,1,5,0.0,21.0,2.0,0.0,21.0,2.0,1,
117,3.933333,0.033333,0.29431024193763733,3.841263771057129,2.0352978706359863,-0.17394064566023462,-0.026738038286566734,0.5539634178584315,-0.14144824609942566,0.04216013635093083,0.573289239169137,0.0,21.0,2.0,0.9818843648445456,0.18947040961496434,-0.002014436437589854,0.9,0.5776875019073486,-0.16357064247131348,0.039171963930130005,-0.05251948535442352,direct,SAFE_PROGRESSING,NONE,1,0,"0.287,3.824;0.278,4.324;0.270,4.824;0.262,5.324;0.253,5.824;0.245,6.324;0.237,6.824",0,1,PASS_THROUGH,-1,0.9825813523836652,0.18582336041618436,-0.00188803377217909,0.9,inf,7.1640428325661265,0.0,0,0,0,DIRECT_LOCAL,PASS_THROUGH,0,BYPASS_VISIBLE,1,5,0.0,21.0,2.0,0.0,21.0,2.0,1,
118,3.966667,0.033333,0.302321195602417,3.8588244915008545,2.03599214553833,-0.17490208269517407,-0.029111260548233986,0.5651725377413113,-0.14713581953637564,0.04308789811437901,0.5855984236415854,0.0,21.0,2.0,0.9816124365310511,0.19087376429878392,-0.0020568300817703517,0.9,0.588517427444458,-0.1701115071773529,0.04006657376885414,-0.05619535222649574,direct,SAFE_PROGRESSING,NONE,1,0,"0.294,3.841;0.286,4.341;0.277,4.841;0.269,5.341;0.260,5.841;0.251,6.341;0.243,6.841",0,1,PASS_THROUGH,-1,0.9825813523836652,0.18582336041618436,-0.00188803377217909,0.9,inf,7.146786898249935,0.0,0,0,0,DIRECT_LOCAL,PASS_THROUGH,0,BYPASS_VISIBLE,1,5,0.0,21.0,2.0,0.0,21.0,2.0,1,
119,4.0,0.033333,0.3106091618537903,3.876713991165161,2.0366883277893066,-0.17594617356610384,-0.031548723578453064,0.5765431386358375,-0.15307826656136997,0.04399697650749802,0.5981393485997203,0.0,21.0,2.0,0.9813193818400507,0.1923742791402366,-0.0020994166653883145,0.9,0.5994306206703186,-0.17680741846561432,0.041005201637744904,-0.05973228067159653,direct,SAFE_PROGRESSING,NONE,1,0,"0.302,3.859;0.294,4.359;0.285,4.859;0.276,5.359;0.267,5.859;0.258,6.358;0.249,6.858",0,1,PASS_THROUGH,-1,0.9825813523836652,0.18582336041618436,-0.00188803377217909,0.9,inf,7.129222203431233,0.0,0,0,0,DIRECT_LOCAL,PASS_THROUGH,0,BYPASS_VISIBLE,1,5,0.0,21.0,2.0,0.0,21.0,2.0,1,
120,4.033333,0.033333,0.3191854953765869,3.8949339389801025,2.0373854637145996,-0.1770730450485597,-0.03403002396225929,0.5880422655640241,-0.15927049551616082,0.044892798386298144,0.6108814616425894,0.0,21.0,2.0,0.9810045832030542,0.19397272627142337,-0.0021422412174118342,0.9,0.6104838252067566,-0.18366478383541107,0.041981495916843414,-0.06311125308275223,direct,SAFE_PROGRESSING,NONE,1,0,"0.311,3.877;0.302,4.377;0.292,4.877;0.283,5.376;0.274,5.876;0.265,6.376;0.256,6.876",1,1,PASS_THROUGH,-1,0.9810068342226597,0.19397317136252412,0.0,0.9,inf,7.111348545954328,0.0,0,0,0,DIRECT_LOCAL,PASS_THROUGH,0,BYPASS_VISIBLE,1,5,0.0,21.0,2.0,0.0,21.0,2.0,1,
121,4.066667,0.033333,0.32806116342544556,3.9134857654571533,2.0380847454071045,-0.17828225751584473,-0.03652969375252724,0.5996462078801739,-0.16569725494512072,0.04579556799684438,0.6238015621730798,0.0,21.0,2.0,0.9806675002733806,0.19566930925536308,-0.0021852512643221276,0.9,0.6217336654663086,-0.1907215118408203,0.042986515909433365,-0.06635585427284241,direct,SAFE_PROGRESSING,NONE,1,0,"0.319,3.895;0.310,4.395;0.301,4.895;0.291,5.395;0.282,5.895;0.273,6.394;0.263,6.894",0,1,PASS_THROUGH,-1,0.9810045832030542,0.19397272627142337,-0.0021422412174118342,0.9,inf,7.09316604255789,0.0,0,0,0,DIRECT_LOCAL,PASS_THROUGH,0,BYPASS_VISIBLE,1,5,0.0,21.0,2.0,0.0,21.0,2.0,1,
122,4.1,0.033333,0.33724644780158997,3.9323697090148926,2.038787364959717,-0.17957334501202515,-0.03902314975857735,0.6113470212496062,-0.17234053974284624,0.046733599821912886,0.636891255538916,0.0,21.0,2.0,0.9803075696377088,0.19746418057739726,-0.0022285196668964205,0.9,0.6332172155380249,-0.1980402171611786,0.04401056468486786,-0.06952778995037079,direct,SAFE_PROGRESSING,NONE,1,0,"0.328,3.913;0.318,4.413;0.309,4.913;0.299,5.413;0.290,5.913;0.280,6.413;0.270,6.913",0,1,PASS_THROUGH,-1,0.9810045832030542,0.19397272627142337,-0.0021422412174118342,0.9,inf,7.074676072671599,0.0,0,0,0,DIRECT_LOCAL,PASS_THROUGH,0,BYPASS_VISIBLE,1,5,0.0,21.0,2.0,0.0,21.0,2.0,1,
123,4.133333,0.033333,0.34675148129463196,3.9515862464904785,2.039492607116699,-0.18094603277954607,-0.04149263724684715,0.6231531737101496,-0.17918810288650897,0.04773443820761959,0.6501590810810035,0.0,21.0,2.0,0.9799241655687727,0.19935763644127902,-0.00227211947113694,0.9,0.6449425220489502,-0.20568925142288208,0.04504552483558655,-0.07269871234893799,direct,SAFE_PROGRESSING,NONE,1,0,"0.337,3.932;0.327,4.432;0.317,4.932;0.308,5.432;0.298,5.932;0.288,6.432;0.278,6.932",0,1,PASS_THROUGH,-1,0.9810045832030542,0.19397272627142337,-0.0021422412174118342,0.9,inf,7.05587987357441,0.0,0,0,0,DIRECT_LOCAL,PASS_THROUGH,0,BYPASS_VISIBLE,1,5,0.0,21.0,2.0,0.0,21.0,2.0,1,
124,4.166667,0.033333,0.35658612847328186,3.9711360931396484,2.04020094871521,-0.1824005369724455,-0.04393080621957779,0.6350863704910502,-0.1862398094494379,0.04881636452504215,0.663628662772111,0.0,21.0,2.0,0.9795165315630221,0.20135044197126567,-0.0023160122458397957,0.9,0.65688556432724,-0.21372583508491516,0.046086736023426056,-0.07592739909887314,direct,SAFE_PROGRESSING,NONE,1,0,"0.347,3.952;0.337,4.451;0.326,4.951;0.316,5.451;0.306,5.951;0.296,6.451;0.286,6.951",0,1,PASS_THROUGH,-1,0.9810045832030542,0.19397272627142337,-0.0021422412174118342,0.9,inf,7.0367785400559875,0.0,0,0,0,DIRECT_LOCAL,PASS_THROUGH,0,BYPASS_VISIBLE,1,5,0.0,21.0,2.0,0.0,21.0,2.0,1,
125,4.2,0.033333,0.36676084995269775,3.9910213947296143,2.040912389755249,-0.1839375392169188,-0.04634079337120056,0.6471739576681468,-0.19351076354642638,0.04998284849192322,0.6773321432174467,0.0,21.0,2.0,0.9790837810642148,0.20344379807212426,-0.002360229435754508,0.9,0.6689990758895874,-0.2221837043762207,0.04713363200426102,-0.07924136519432068,direct,SAFE_PROGRESSING,NONE,1,0,"0.357,3.971;0.346,4.471;0.336,4.971;0.325,5.471;0.315,5.971;0.304,6.471;0.294,6.970",0,1,PASS_THROUGH,-1,0.9810045832030542,0.19397272627142337,-0.0021422412174118342,0.9,inf,7.017371877413247,0.0,0,0,0,DIRECT_LOCAL,PASS_THROUGH,0,BYPASS_VISIBLE,1,5,0.0,21.0,2.0,0.0,21.0,2.0,1,
126,4.233333,0.033333,0.37728723883628845,4.01124382019043,2.041625738143921,-0.18555798871939877,-0.04873330891132355,0.6594401448054578,-0.20102944347439067,0.05122092575406864,0.6913014718339389,0.0,21.0,2.0,0.9786249217661199,0.2056391975190425,-0.002404774829336534,0.9,0.6812365055084229,-0.2310715913772583,0.04818832501769066,-0.08263453096151352,direct,SAFE_PROGRESSING,NONE,1,0,"0.367,3.991;0.356,4.491;0.345,4.991;0.334,5.491;0.324,5.991;0.313,6.490;0.302,6.990",1,1,PASS_THROUGH,-1,0.9786277514439641,0.20563979212139544,0.0,0.9,inf,6.997660342939947,0.0,0,0,0,DIRECT_LOCAL,PASS_THROUGH,0,BYPASS_VISIBLE,1,5,0.0,21.0,2.0,0.0,21.0,2.0,1,
127,4.266667,0.033333,0.3881782591342926,4.031808853149414,2.0423409938812256,-0.18726293163660013,-0.05112209916114807,0.6718997898982038,-0.20883285570460236,0.052505296029099494,0.7055616878757612,0.0,21.0,2.0,0.9781388801632513,0.20793828570215486,-0.002449582051984027,0.9,0.6935567259788513,-0.24037493765354156,0.04925394803285599,-0.08606701344251633,direct,SAFE_PROGRESSING,NONE,1,0,"0.377,4.011;0.366,4.511;0.355,5.011;0.344,5.511;0.333,6.011;0.322,6.511;0.311,7.011",0,1,PASS_THROUGH,-1,0.9786249217661199,0.2056391975190425,-0.002404774829336534,0.9,inf,6.9776407861981715,0.0,0,0,0,DIRECT_LOCAL,PASS_THROUGH,0,BYPASS_VISIBLE,1,5,0.0,21.0,2.0,0.0,21.0,2.0,1,
128,4.3,0.033333,0.3994481563568115,4.0527143478393555,2.0430562496185303,-0.18905308957730746,-0.0535188764333725,0.6845545767769029,-0.21695933267241085,0.053805482028901584,0.7201259268462877,0.0,21.0,2.0,0.9776245819486387,0.21034246709826282,-0.002494655239868661,0.9,0.7059521675109863,-0.2500731348991394,0.05033152550458908,-0.08948435634374619,direct,SAFE_PROGRESSING,NONE,1,0,"0.388,4.032;0.377,4.532;0.365,5.032;0.354,5.531;0.342,6.031;0.331,6.531;0.320,7.031",0,1,PASS_THROUGH,-1,0.9786249217661199,0.2056391975190425,-0.002404774829336534,0.9,inf,6.95731789403033,0.0,0,0,0,DIRECT_LOCAL,PASS_THROUGH,0,BYPASS_VISIBLE,1,5,0.0,21.0,2.0,0.0,21.0,2.0,1,
129,4.333333,0.033333,0.41111254692077637,4.0739641189575195,2.043769359588623,-0.19092858657418277,-0.05593007430434227,0.6973939207871621,-0.22544217429244934,0.05509499269173411,0.734995178841535,0.0,21.0,2.0,0.9770810158505634,0.21285261907911535,-0.0025398849565107483,0.9,0.7184371948242188,-0.2601504921913147,0.05141829699277878,-0.09283272176980972,direct,SAFE_PROGRESSING,NONE,1,0,"0.399,4.053;0.388,4.553;0.376,5.052;0.364,5.552;0.352,6.052;0.341,6.552;0.329,7.052",0,1,PASS_THROUGH,-1,0.9786249217661199,0.2056391975190425,-0.002404774829336534,0.9,inf,6.936690639920932,0.0,0,0,0,DIRECT_LOCAL,PASS_THROUGH,0,BYPASS_VISIBLE,1,5,0.0,21.0,2.0,0.0,21.0,2.0,1,
130,4.366667,0.033333,0.423187792301178,4.095559120178223,2.0444798469543457,-0.19288899372996243,-0.05835556983947754,0.7104003429480836,-0.23430519661166302,0.05635851850553995,0.7501625524032268,0.0,21.0,2.0,0.9765072239271646,0.21546915934238886,-0.002585148031900965,0.9,0.7310587167739868,-0.27061355113983154,0.05250558257102966,-0.09607522189617157,direct,SAFE_PROGRESSING,NONE,1,0,"0.411,4.074;0.399,4.574;0.387,5.074;0.375,5.574;0.363,6.073;0.350,6.573;0.338,7.073",0,1,PASS_THROUGH,-1,0.9786249217661199,0.2056391975190425,-0.002404774829336534,0.9,inf,6.915761083442982,0.0,0,0,0,DIRECT_LOCAL,PASS_THROUGH,0,BYPASS_VISIBLE,1,5,0.0,21.0,2.0,0.0,21.0,2.0,1,
131,4.4,0.033333,0.43569090962409973,4.117498397827148,2.0451858043670654,-0.19493348863767535,-0.06078987568616867,0.7235566717349776,-0.24356270676780625,0.05759577124739299,0.7656202206093047,0.0,21.0,2.0,0.9759022821553558,0.2181921551753821,-0.0026304189571907505,0.9,0.7438826560974121,-0.2815060615539551,0.05357811227440834,-0.09921218454837799,direct,SAFE_PROGRESSING,NONE,1,0,"0.423,4.096;0.411,4.595;0.398,5.095;0.386,5.595;0.373,6.095;0.361,6.595;0.348,7.095",0,1,PASS_THROUGH,-1,0.9786249217661199,0.2056391975190425,-0.002404774829336534,0.9,inf,6.894533429974608,0.0,0,0,0,DIRECT_LOCAL,PASS_THROUGH,0,BYPASS_VISIBLE,1,5,0.0,21.0,2.0,0.0,21.0,2.0,1,
132,4.433333,0.033333,0.44863924384117126,4.139781951904297,2.0458850860595703,-0.19706127433687384,-0.06322582066059113,0.7368536816296394,-0.2532227134966274,0.05882113431431389,0.781367401805176,0.0,21.0,2.0,0.9752652134995863,0.22102172873144002,-0.002675587070521144,0.9,0.7569772005081177,-0.2929062843322754,0.054614897817373276,-0.10227476060390472,direct,SAFE_PROGRESSING,NONE,1,0,"0.436,4.117;0.423,4.617;0.410,5.117;0.397,5.617;0.384,6.117;0.371,6.617;0.358,7.116",1,1,PASS_THROUGH,-1,0.9752687043661388,0.22102251985712515,0.0,0.9,inf,6.873011173288388,0.0,0,0,0,DIRECT_LOCAL,PASS_THROUGH,0,BYPASS_VISIBLE,1,5,0.0,21.0,2.0,0.0,21.0,2.0,1,
133,4.466667,0.033333,0.4620504379272461,4.162408351898193,2.046574831008911,-0.1992721172141055,-0.06565883755683899,0.7502961299116983,-0.2632936271258216,0.060058243914548115,0.797417587784244,0.0,21.0,2.0,0.9745948694153477,0.22395856590341678,-0.0027205271118494133,0.9,0.7704014182090759,-0.3049217462539673,0.05559031665325165,-0.10531726479530334,direct,SAFE_PROGRESSING,NONE,1,0,"0.449,4.140;0.435,4.640;0.422,5.139;0.409,5.639;0.395,6.139;0.382,6.639;0.369,7.139",0,1,PASS_THROUGH,-1,0.9752652134995863,0.22102172873144002,-0.002675587070521144,0.9,inf,6.851199491134075,0.0,0,0,0,DIRECT_LOCAL,PASS_THROUGH,0,BYPASS_VISIBLE,1,5,0.0,21.0,2.0,0.0,21.0,2.0,1,
134,4.5,0.033333,0.47594255208969116,4.18537712097168,2.0472517013549805,-0.20156676258221304,-0.06809049844741821,0.7639037769305977,-0.2737923313197188,0.06133190817190635,0.8138014647678673,0.0,21.0,2.0,0.9738898274801346,0.22700431343106456,-0.0027650704158335947,0.9,0.7842038869857788,-0.3176806569099426,0.05647541955113411,-0.10840684175491333,direct,SAFE_PROGRESSING,NONE,1,0,"0.462,4.162;0.448,4.662;0.435,5.162;0.421,5.662;0.407,6.162;0.393,6.661;0.380,7.161",0,1,PASS_THROUGH,-1,0.9752652134995863,0.22102172873144002,-0.002675587070521144,0.9,inf,6.829102889496505,0.0,0,0,0,DIRECT_LOCAL,PASS_THROUGH,0,BYPASS_VISIBLE,1,5,0.0,21.0,2.0,0.0,21.0,2.0,1,
135,4.533333,0.033333,0.4903351366519928,4.208689212799072,2.0479111671447754,-0.2039471875849201,-0.0705309510231018,0.7777111697583268,-0.2847506924788198,0.06265945822153977,0.8305683765582754,0.0,21.0,2.0,0.9731483139109955,0.23016183120496098,-0.00280901914657813,0.9,0.7984104156494141,-0.3313142657279968,0.057238705456256866,-0.11160381138324738,direct,SAFE_PROGRESSING,NONE,1,0,"0.476,4.185;0.462,4.685;0.448,5.185;0.434,5.685;0.419,6.185;0.405,6.684;0.391,7.184",0,1,PASS_THROUGH,-1,0.9752652134995863,0.22102172873144002,-0.002675587070521144,0.9,inf,6.8067248144781605,0.0,0,0,0,DIRECT_LOCAL,PASS_THROUGH,0,BYPASS_VISIBLE,1,5,0.0,21.0,2.0,0.0,21.0,2.0,1,
136,4.566667,0.033333,0.5052493810653687,4.232344627380371,2.0485470294952393,-0.2064167408939772,-0.07299908250570297,0.7917630045893967,-0.2962200232578154,0.06404383835306429,0.8477833277708894,0.0,21.0,2.0,0.972368133133939,0.2334353854299225,-0.002852103574862835,0.9,0.8130484223365784,-0.3459498882293701,0.05784577876329422,-0.11495274305343628,direct,SAFE_PROGRESSING,NONE,1,0,"0.490,4.209;0.476,4.708;0.461,5.208;0.447,5.708;0.432,6.208;0.417,6.708;0.403,7.207",0,1,PASS_THROUGH,-1,0.9752652134995863,0.22102172873144002,-0.002675587070521144,0.9,inf,6.784070074508163,0.0,0,0,0,DIRECT_LOCAL,PASS_THROUGH,0,BYPASS_VISIBLE,1,5,0.0,21.0,2.0,0.0,21.0,2.0,1,
137,4.6,0.033333,0.5207090973854065,4.256343364715576,2.0491514205932617,-0.20897996694808002,-0.07552127540111542,0.8061086433783133,-0.30827202877171517,0.06547145675901782,0.8655225590950254,0.0,21.0,2.0,0.9715466796946242,0.23683047568249166,-0.002893952721825454,0.9,0.8281422853469849,-0.36168810725212097,0.05825992673635483,-0.11846542358398438,direct,SAFE_PROGRESSING,NONE,1,0,"0.505,4.232;0.490,4.732;0.475,5.232;0.460,5.732;0.445,6.231;0.430,6.731;0.415,7.231",0,1,PASS_THROUGH,-1,0.9752652134995863,0.22102172873144002,-0.002675587070521144,0.9,inf,6.761143991016041,0.0,0,0,0,DIRECT_LOCAL,PASS_THROUGH,0,BYPASS_VISIBLE,1,5,0.0,21.0,2.0,0.0,21.0,2.0,1,
138,4.633333,0.033333,0.5367411375045776,4.2806878089904785,2.049715280532837,-0.21164228332083707,-0.07812849432229996,0.820798046674733,-0.3209953742561065,0.06691425311188928,0.883869323479663,0.0,21.0,2.0,0.9706809728826158,0.24035357284126685,-0.002934093743627746,0.9,0.843726396560669,-0.37859660387039185,0.05844293534755707,-0.12214143574237823,direct,SAFE_PROGRESSING,NONE,1,0,"0.521,4.256;0.505,4.756;0.490,5.256;0.474,5.756;0.459,6.255;0.443,6.755;0.427,7.255",1,1,PASS_THROUGH,-1,0.9706851511602662,0.2403546074386162,0.0,0.9,inf,6.737950100056082,0.0,0,0,0,DIRECT_LOCAL,PASS_THROUGH,0,BYPASS_VISIBLE,1,5,0.0,21.0,2.0,0.0,21.0,2.0,1,
139,4.666667,0.033333,0.5533761382102966,4.305380344390869,2.0502254962921143,-0.2144099671954024,-0.08085305988788605,0.8358794129294306,-0.3344899886992255,0.0683344528209455,0.9029105952095122,0.0,21.0,2.0,0.9697676262105753,0.24401212774868072,-0.00297198005835973,0.9,0.8598211407661438,-0.3966802954673767,0.05836059898138046,-0.1259828358888626,direct,SAFE_PROGRESSING,NONE,1,0,"0.537,4.281;0.521,4.780;0.505,5.280;0.489,5.780;0.473,6.280;0.457,6.779;0.440,7.279",0,1,PASS_THROUGH,-1,0.9706809728826158,0.24035357284126685,-0.002934093743627746,0.9,inf,6.714492646624723,0.0,0,0,0,DIRECT_LOCAL,PASS_THROUGH,0,BYPASS_VISIBLE,1,5,0.0,21.0,2.0,0.0,21.0,2.0,1,
140,4.7,0.033333,0.5706484317779541,4.330423355102539,2.050668239593506,-0.21728929538063838,-0.08372543752193451,0.8513992850491936,-0.34885824013863426,0.06968825143835711,0.9227346675417798,0.0,21.0,2.0,0.9688030215395818,0.24781376978502928,-0.0030068190349366,0.9,0.8763989806175232,-0.4158533811569214,0.05799325555562973,-0.1300414502620697,direct,SAFE_PROGRESSING,NONE,1,0,"0.553,4.305;0.537,4.805;0.520,5.305;0.504,5.805;0.487,6.304;0.471,6.804;0.454,7.304",0,1,PASS_THROUGH,-1,0.9706809728826158,0.24035357284126685,-0.002934093743627746,0.9,inf,6.690776654190865,0.0,0,0,0,DIRECT_LOCAL,PASS_THROUGH,0,BYPASS_VISIBLE,1,5,0.0,21.0,2.0,0.0,21.0,2.0,1,
141,4.733333,0.033333,0.5885959267616272,4.355820178985596,2.051027536392212,-0.22028628894346164,-0.08677110821008682,0.8674016713863298,-0.36419371203258644,0.07092292990299272,0.9434260868737402,0.0,21.0,2.0,0.9677833580002037,0.25176604999499186,-0.0030377701968381985,0.9,0.8933233022689819,-0.43591544032096863,0.05735008418560028,-0.13447950780391693,direct,SAFE_PROGRESSING,NONE,1,0,"0.571,4.330;0.554,4.830;0.536,5.330;0.519,5.830;0.502,6.329;0.485,6.829;0.468,7.329",0,1,PASS_THROUGH,-1,0.9706809728826158,0.24035357284126685,-0.002934093743627746,0.9,inf,6.666807047330994,0.0,0,0,0,DIRECT_LOCAL,PASS_THROUGH,0,BYPASS_VISIBLE,1,5,0.0,21.0,2.0,0.0,21.0,2.0,1,
142,4.766667,0.033333,0.6072594523429871,4.381572723388672,2.0512850284576416,-0.2234057025204505,-0.0900084525346756,0.8839232437749422,-0.38056636982271075,0.0719633990051861,0.9650542956342051,0.0,21.0,2.0,0.966704900191587,0.25587545547323276,-0.0030638589947535855,0.9,0.910309910774231,-0.456550270318985,0.0564798042178154,-0.13958480954170227,direct,SAFE_PROGRESSING,NONE,1,0,"0.589,4.356;0.571,4.856;0.553,5.355;0.536,5.855;0.518,6.355;0.500,6.854;0.483,7.354",0,1,PASS_THROUGH,-1,0.9706809728826158,0.24035357284126685,-0.002934093743627746,0.9,inf,6.642591066613168,0.0,0,0,0,DIRECT_LOCAL,PASS_THROUGH,0,BYPASS_VISIBLE,1,5,0.0,21.0,2.0,0.0,21.0,2.0,1,
143,4.8,0.033333,0.6266815662384033,4.407683372497559,2.0514233112335205,-0.22665004048931062,-0.09344841539859772,0.9009826318687189,-0.3980068312234809,0.07269386562610437,0.9876555769747397,0.0,21.0,2.0,0.9655642548517575,0.2601464182685611,-0.00308396086378214,0.9,0.9269709587097168,-0.47734227776527405,0.05547203868627548,-0.14564013481140137,direct,SAFE_PROGRESSING,NONE,1,0,"0.607,4.382;0.589,4.881;0.571,5.381;0.552,5.881;0.534,6.380;0.516,6.880;0.498,7.380",0,1,PASS_THROUGH,-1,0.9706809728826158,0.24035357284126685,-0.002934093743627746,0.9,inf,6.6181363572538565,0.0,0,0,0,DIRECT_LOCAL,PASS_THROUGH,0,BYPASS_VISIBLE,1,5,0.0,21.0,2.0,0.0,21.0,2.0,1,
144,4.833333,0.033333,0.6469048261642456,4.434153079986572,2.051426887512207,-0.23001872400425222,-0.097095787525177,0.9185599770166232,-0.41648740685091146,0.07294918961117017,1.0112051106017523,0.0,21.0,2.0,0.964358642674709,0.26458045445901135,-0.00309700126830649,0.9,0.9429413080215454,-0.4978083074092865,0.05444631353020668,-0.15267464518547058,direct,SAFE_PROGRESSING,NONE,1,0,"0.627,4.408;0.608,4.907;0.589,5.407;0.570,5.907;0.551,6.406;0.532,6.906;0.513,7.406",1,1,PASS_THROUGH,-1,0.9643632674908482,0.26458172331885427,0.0,0.9,inf,6.593452802987009,0.0,0,0,0,DIRECT_LOCAL,PASS_THROUGH,0,BYPASS_VISIBLE,1,5,0.0,21.0,2.0,0.0,21.0,2.0,1,
145,4.866667,0.033333,0.6679691672325134,4.460982799530029,2.0512819290161133,-0.23350740406215884,-0.10094807296991348,0.9365784860468241,-0.4359077504781519,0.07253641948477806,1.0355946888644976,0.0,21.0,2.0,0.9630861719495754,0.2691754129085219,-0.0031020130624741004,0.9,0.9580159187316895,-0.517431378364563,0.053534768521785736,-0.16025371849536896,direct,SAFE_PROGRESSING,NONE,1,0,"0.647,4.434;0.627,4.934;0.608,5.433;0.588,5.933;0.569,6.433;0.549,6.932;0.530,7.432",0,1,PASS_THROUGH,-1,0.964358642674709,0.26458045445901135,-0.00309700126830649,0.9,inf,6.568550928503776,0.0,0,0,0,DIRECT_LOCAL,PASS_THROUGH,0,BYPASS_VISIBLE,1,5,0.0,21.0,2.0,0.0,21.0,2.0,1,
146,4.9,0.033333,0.6899092197418213,4.488167762756348,2.050980567932129,-0.2371083773072295,-0.10498548299074173,0.9548961457276071,-0.456085740148456,0.07128832507210332,1.0606238149239298,0.0,21.0,2.0,0.9617458532629318,0.2739257479049429,-0.0030981230242274854,0.9,0.9721980094909668,-0.5357348918914795,0.052859801799058914,-0.1675695776939392,direct,SAFE_PROGRESSING,NONE,1,0,"0.668,4.461;0.648,4.961;0.628,5.460;0.607,5.960;0.587,6.459;0.567,6.959;0.547,7.459",0,1,PASS_THROUGH,-1,0.964358642674709,0.26458045445901135,-0.00309700126830649,0.9,inf,6.543447374508404,0.0,0,0,0,DIRECT_LOCAL,PASS_THROUGH,0,BYPASS_VISIBLE,1,5,0.0,21.0,2.0,0.0,21.0,2.0,1,
147,4.933333,0.033333,0.7127508521080017,4.515700817108154,2.0505213737487793,-0.2408113833657224,-0.10915161669254303,0.9733183199365724,-0.47675646066459015,0.06912661960409694,1.0860127827274724,0.0,21.0,2.0,0.9603375144550674,0.2788231379762116,-0.003084811073910722,0.9,0.9856519103050232,-0.5523865818977356,0.05250733345746994,-0.17378754913806915,direct,SAFE_PROGRESSING,NONE,1,0,"0.690,4.488;0.669,4.988;0.648,5.487;0.627,5.987;0.606,6.486;0.586,6.986;0.565,7.486",0,1,PASS_THROUGH,-1,0.964358642674709,0.26458045445901135,-0.00309700126830649,0.9,inf,6.518161213768711,0.0,0,0,0,DIRECT_LOCAL,PASS_THROUGH,0,BYPASS_VISIBLE,1,5,0.0,21.0,2.0,0.0,21.0,2.0,1,
148,4.966667,0.033333,0.7365092039108276,4.543566703796387,2.049910068511963,-0.2446053559904139,-0.11333634704351425,0.9916300915789193,-0.4975859804108485,0.06610518744734575,1.1114368818037712,0.0,21.0,2.0,0.9588614423050933,0.28385799084804775,-0.0030619425706371697,0.9,0.9986200928688049,-0.5672620534896851,0.05250668153166771,-0.1783498227596283,direct,SAFE_PROGRESSING,NONE,1,0,"0.713,4.516;0.691,5.015;0.670,5.515;0.648,6.014;0.626,6.514;0.605,7.013;0.583,7.513",0,1,PASS_THROUGH,-1,0.964358642674709,0.26458045445901135,-0.00309700126830649,0.9,inf,6.492719353357581,0.0,0,0,0,DIRECT_LOCAL,PASS_THROUGH,0,BYPASS_VISIBLE,1,5,0.0,21.0,2.0,0.0,21.0,2.0,1,
149,5.0,0.033333,0.7611864805221558,4.571749687194824,2.049159288406372,-0.24848012801625508,-0.11737553030252457,1.009637698019906,-0.5182005025026857,0.06241529920558873,1.1365719122131668,0.0,21.0,2.0,0.9573179762008719,0.28902095541812844,-0.0030298138324373327,0.9,1.0113445520401,-0.5804203152656555,0.0528307780623436,-0.18104636669158936,direct,SAFE_PROGRESSING,NONE,1,0,"0.737,4.544;0.714,5.043;0.692,5.543;0.669,6.042;0.647,6.542;0.625,7.041;0.602,7.541",0,1,PASS_THROUGH,-1,0.964358642674709,0.26458045445901135,-0.00309700126830649,0.9,inf,6.467148556699532,0.0,0,0,0,DIRECT_LOCAL,PASS_THROUGH,0,BYPASS_VISIBLE,1,5,0.0,21.0,2.0,0.0,21.0,2.0,1,
150,5.033333,0.033333,0.7867719531059265,4.6002326011657715,2.048286199569702,-0.25242755798773425,-0.12107033282518387,1.0272030591105594,-0.5382292333545253,0.058350067944768144,1.161138046363416,0.0,21.0,2.0,0.9557072189730985,0.2943038848339163,-0.00298914274845963,0.9,1.024001121520996,-0.592042863368988,0.05341269075870514,-0.1819523572921753,direct,SAFE_PROGRESSING,NONE,1,0,"0.761,4.572;0.738,5.071;0.715,5.571;0.692,6.070;0.669,6.570;0.645,7.069;0.622,7.569",1,1,PASS_THROUGH,-1,0.9557114886114643,0.29430519964156127,0.0,0.9,inf,6.441476174996732,0.0,0,0,0,DIRECT_LOCAL,PASS_THROUGH,0,BYPASS_VISIBLE,1,5,0.0,21.0,2.0,0.0,21.0,2.0,1,
151,5.066667,0.033333,0.8132433295249939,4.628996849060059,2.0473132133483887,-0.25644047371012313,-0.12421774864196777,1.044259917572273,-0.557349166752889,0.05423741836295908,1.1849297728890387,0.0,21.0,2.0,0.9540293350371538,0.29969881353872535,-0.0029409270726106066,0.9,1.0366623401641846,-0.602344810962677,0.05417206883430481,-0.18127483129501343,direct,SAFE_PROGRESSING,NONE,1,0,"0.787,4.600;0.763,5.100;0.739,5.599;0.715,6.099;0.691,6.598;0.667,7.097;0.643,7.597",0,1,PASS_THROUGH,-1,0.9557072189730985,0.2943038848339163,-0.00298914274845963,0.9,inf,6.415730049306234,0.0,0,0,0,DIRECT_LOCAL,PASS_THROUGH,0,BYPASS_VISIBLE,1,5,0.0,21.0,2.0,0.0,21.0,2.0,1,
152,5.1,0.033333,0.8405687212944031,4.6580281257629395,2.0462636947631836,-0.2605103328020472,-0.12664031982421875,1.0608072181343102,-0.5753195657457777,0.05036315354863646,1.2078249061892739,0.0,21.0,2.0,0.9522852458390434,0.3051958039179598,-0.002886490627581856,0.9,1.0493074655532837,-0.6115186810493469,0.05503621697425842,-0.17924492061138153,direct,SAFE_PROGRESSING,NONE,1,0,"0.813,4.629;0.788,5.128;0.764,5.628;0.739,6.127;0.714,6.627;0.689,7.126;0.664,7.625",0,1,PASS_THROUGH,-1,0.9557072189730985,0.2943038848339163,-0.00298914274845963,0.9,inf,6.389932799241585,0.0,0,0,0,DIRECT_LOCAL,PASS_THROUGH,0,BYPASS_VISIBLE,1,5,0.0,21.0,2.0,0.0,21.0,2.0,1,
153,5.133333,0.033333,0.8687097430229187,4.687313079833984,2.0451602935791016,-0.264624763297273,-0.12820719182491302,1.0768832227589198,-0.5919962305379225,0.04691045030246372,1.2297713619930846,0.0,21.0,2.0,0.9504774213805096,0.3107807559108767,-0.0028272250213625364,0.9,1.0618520975112915,-0.6196957230567932,0.05595361441373825,-0.1760411113500595,direct,SAFE_PROGRESSING,NONE,1,0,"0.841,4.658;0.815,5.157;0.789,5.657;0.764,6.156;0.738,6.655;0.712,7.155;0.686,7.654",0,1,PASS_THROUGH,-1,0.9557072189730985,0.2943038848339163,-0.00298914274845963,0.9,inf,6.364105282380886,0.0,0,0,0,DIRECT_LOCAL,PASS_THROUGH,0,BYPASS_VISIBLE,1,5,0.0,21.0,2.0,0.0,21.0,2.0,1,
154,5.166667,0.033333,0.8976247310638428,4.716843128204346,2.04402494430542,-0.26876613475782707,-0.1288425624370575,1.0925338403502318,-0.60732302209802,0.04393503209933498,1.2507604616897143,0.0,21.0,2.0,0.9486104120057625,0.3164342646466566,-0.002764487617456185,0.9,1.0741883516311646,-0.6269318461418152,0.05689866095781326,-0.17174308001995087,direct,SAFE_PROGRESSING,NONE,1,0,"0.869,4.687;0.842,5.187;0.816,5.686;0.789,6.185;0.762,6.684;0.736,7.184;0.709,7.683",0,1,PASS_THROUGH,-1,0.9557072189730985,0.2943038848339163,-0.00298914274845963,0.9,inf,6.338263021792126,0.0,0,0,0,DIRECT_LOCAL,PASS_THROUGH,0,BYPASS_VISIBLE,1,5,0.0,21.0,2.0,0.0,21.0,2.0,1,
155,5.2,0.033333,0.9272704720497131,4.746612548828125,2.0428783893585205,-0.2729115806828736,-0.12852095067501068,1.1077857375684095,-0.6213080313274725,0.04138137268400921,1.270797123130682,0.0,21.0,2.0,0.9466909481875709,0.32213189964465594,-0.002699602015778635,0.9,1.0862398147583008,-0.6332223415374756,0.057866740971803665,-0.16634516417980194,direct,SAFE_PROGRESSING,NONE,1,0,"0.898,4.717;0.870,5.216;0.843,5.715;0.815,6.215;0.788,6.714;0.760,7.213;0.732,7.712",0,1,PASS_THROUGH,-1,0.9557072189730985,0.2943038848339163,-0.00298914274845963,0.9,inf,6.31241820775815,0.0,0,0,0,DIRECT_LOCAL,PASS_THROUGH,0,BYPASS_VISIBLE,1,5,0.0,21.0,2.0,0.0,21.0,2.0,1,
156,5.233333,0.033333,0.9576035737991333,4.77661657333374,2.0417394638061523,-0.2770340891443061,-0.12725412845611572,1.1226314853271393,-0.6339915121739556,0.03913046538793641,1.2898751422823507,0.0,21.0,2.0,0.9447277177870319,0.3278453937359472,-0.0026338282077155504,0.9,1.0979808568954468,-0.6385360956192017,0.05886378139257431,-0.15981543064117432,direct,SAFE_PROGRESSING,NONE,1,0,"0.927,4.747;0.899,5.246;0.870,5.745;0.842,6.244;0.813,6.743;0.785,7.243;0.756,7.742",1,1,PASS_THROUGH,-1,0.9447309946162735,0.3278465308819763,0.0,0.9,inf,6.286581690559001,0.0,0,0,0,DIRECT_LOCAL,PASS_THROUGH,0,BYPASS_VISIBLE,1,5,0.0,21.0,2.0,0.0,21.0,2.0,1,
157,5.266667,0.033333,0.9885802865028381,4.806850433349609,2.0406246185302734,-0.2811039269189092,-0.12507598102092743,1.1370311711079595,-0.6454184867790627,0.03705956254238236,1.307967246655338,0.0,21.0,2.0,0.9427309945523634,0.33354411350546853,-0.002568317769067777,0.9,1.1094461679458618,-0.6428487300872803,0.05989421159029007,-0.15214978158473969,direct,SAFE_PROGRESSING,NONE,1,0,"0.958,4.777;0.928,5.276;0.899,5.775;0.869,6.274;0.840,6.773;0.810,7.272;0.781,7.771",0,1,PASS_THROUGH,-1,0.9447277177870319,0.3278453937359472,-0.0026338282077155504,0.9,inf,6.2607638490082245,0.0,0,0,0,DIRECT_LOCAL,PASS_THROUGH,0,BYPASS_VISIBLE,1,5,0.0,21.0,2.0,0.0,21.0,2.0,1,
158,5.3,0.033333,1.020156741142273,4.837309837341309,2.0395498275756836,-0.2850909130571458,-0.12203073501586914,1.1509261960409574,-0.6556204694893691,0.03509229505917745,1.3250285951326821,0.0,21.0,2.0,0.9407119501067245,0.33919722359183413,-0.002504083463995014,0.9,1.1207104921340942,-0.6461641192436218,0.060953538864851,-0.14340727031230927,direct,SAFE_PROGRESSING,NONE,1,0,"0.989,4.807;0.958,5.306;0.928,5.805;0.897,6.304;0.867,6.803;0.836,7.302;0.806,7.801",0,1,PASS_THROUGH,-1,0.9447277177870319,0.3278453937359472,-0.0026338282077155504,0.9,inf,6.234974094130926,0.0,0,0,0,DIRECT_LOCAL,PASS_THROUGH,0,BYPASS_VISIBLE,1,5,0.0,21.0,2.0,0.0,21.0,2.0,1,
159,5.333333,0.033333,1.0522878170013428,4.8679890632629395,2.038530111312866,-0.28896544962369053,-0.11816686391830444,1.1642581899799096,-0.6646102500328225,0.03322382663501223,1.3410099701494613,0.0,21.0,2.0,0.9386822966682412,0.3447746829326199,-0.002442115956973668,0.9,1.1318538188934326,-0.6485238075256348,0.062027618288993835,-0.13371488451957703,direct,SAFE_PROGRESSING,NONE,1,0,"1.020,4.837;0.989,5.336;0.957,5.835;0.926,6.334;0.894,6.833;0.863,7.332;0.831,7.831",0,1,PASS_THROUGH,-1,0.9447277177870319,0.3278453937359472,-0.0026338282077155504,0.9,inf,6.209222541408089,0.0,0,0,0,DIRECT_LOCAL,PASS_THROUGH,0,BYPASS_VISIBLE,1,5,0.0,21.0,2.0,0.0,21.0,2.0,1,
160,5.366667,0.033333,1.0849270820617676,4.898882865905762,2.0375797748565674,-0.29270022357442244,-0.11353576928377151,1.1769874546010441,-0.6723882696174752,0.03151463295876746,1.3558755936655666,0.0,21.0,2.0,0.9366536830376982,0.3502487654168741,-0.002383353912189133,0.9,1.142942190170288,-0.6500086784362793,0.06309382617473602,-0.12326787412166595,direct,SAFE_PROGRESSING,NONE,1,0,"1.052,4.868;1.020,5.367;0.987,5.866;0.955,6.365;0.922,6.864;0.890,7.363;0.857,7.862",0,1,PASS_THROUGH,-1,0.9447277177870319,0.3278453937359472,-0.0026338282077155504,0.9,inf,6.1835180326576635,0.0,0,0,0,DIRECT_LOCAL,PASS_THROUGH,0,BYPASS_VISIBLE,1,5,0.0,21.0,2.0,0.0,21.0,2.0,1,
161,5.4,0.033333,1.118026614189148,4.929985523223877,2.0367112159729004,-0.29627068057526085,-0.10819493234157562,1.1891036033324982,-0.6789535817563922,0.030062898801154033,1.369616414738993,0.0,21.0,2.0,0.934637437949849,0.3555944835695073,-0.0023286986661197086,0.9,1.154010534286499,-0.6507219076156616,0.06412892788648605,-0.11228342354297638,direct,SAFE_PROGRESSING,NONE,1,0,"1.085,4.899;1.051,5.398;1.018,5.897;0.984,6.395;0.950,6.894;0.917,7.393;0.883,7.892",0,1,PASS_THROUGH,-1,0.9447277177870319,0.3278453937359472,-0.0026338282077155504,0.9,inf,6.157868971408963,0.0,0,0,0,DIRECT_LOCAL,PASS_THROUGH,0,BYPASS_VISIBLE,1,5,0.0,21.0,2.0,0.0,21.0,2.0,1,
162,5.433333,0.033333,1.1515378952026367,4.961294174194336,2.0359365940093994,-0.29965533993406407,-0.10221227258443832,1.2006254483469276,-0.6843167655859591,0.028967282323345056,1.382255405605451,0.0,21.0,2.0,0.9326443584861647,0.3607898377412,-0.0022789397994069506,0.9,1.1650545597076416,-0.6507736444473267,0.06511429697275162,-0.10097527503967285,direct,SAFE_PROGRESSING,NONE,1,0,"1.118,4.930;1.083,5.429;1.049,5.928;1.014,6.426;0.979,6.925;0.945,7.424;0.910,7.923",1,1,PASS_THROUGH,-1,0.9326467803708975,0.36079077463787645,0.0,0.9,inf,6.132280086081751,0.0,0,0,0,DIRECT_LOCAL,PASS_THROUGH,0,BYPASS_VISIBLE,1,5,0.0,21.0,2.0,0.0,21.0,2.0,1,
163,5.466667,0.033333,1.1854119300842285,4.992807865142822,2.0352652072906494,-0.30283558911603103,-0.09566851705312729,1.2115936696420466,-0.6885078606000169,0.02829455897531857,1.3938446385778798,0.0,21.0,2.0,0.930684647565448,0.36581565329248555,-0.002234858422787363,0.9,1.1760388612747192,-0.6502633094787598,0.0660410225391388,-0.0895226001739502,direct,SAFE_PROGRESSING,NONE,1,0,"1.152,4.961;1.116,5.460;1.080,5.959;1.044,6.457;1.008,6.956;0.973,7.455;0.937,7.954",0,1,PASS_THROUGH,-1,0.9326443584861647,0.3607898377412,-0.0022789397994069506,0.9,inf,6.106753341631487,0.0,0,0,0,DIRECT_LOCAL,PASS_THROUGH,0,BYPASS_VISIBLE,1,5,0.0,21.0,2.0,0.0,21.0,2.0,1,
164,5.5,0.033333,1.2196013927459717,5.024527072906494,2.034705400466919,-0.305795864085751,-0.08865649998188019,1.222058654905366,-0.691579675749754,0.028062966760556213,1.4044562414125443,0.0,21.0,2.0,0.928767738951313,0.3706557162582646,-0.0021970635718092228,0.9,1.1869081258773804,-0.6492577791213989,0.06691502034664154,-0.07801900804042816,direct,SAFE_PROGRESSING,NONE,1,0,"1.185,4.993;1.148,5.491;1.112,5.990;1.075,6.489;1.038,6.987;1.001,7.486;0.964,7.985",0,1,PASS_THROUGH,-1,0.9326443584861647,0.3607898377412,-0.0022789397994069506,0.9,inf,6.081288732554432,0.0,0,0,0,DIRECT_LOCAL,PASS_THROUGH,0,BYPASS_VISIBLE,1,5,0.0,21.0,2.0,0.0,21.0,2.0,1,
165,5.533333,0.033333,1.2540605068206787,5.056457042694092,2.0342624187469482,-0.3085233125654393,-0.08127518743276596,1.2320683894949493,-0.6936037983657068,0.02824259842527078,1.4141698589157616,0.0,21.0,2.0,0.9269022663868738,0.3752965447962235,-0.0021661096216378417,0.9,1.1976014375686646,-0.6477811932563782,0.06775736063718796,-0.06642882525920868,direct,SAFE_PROGRESSING,NONE,1,0,"1.220,5.025;1.182,5.523;1.143,6.022;1.105,6.520;1.067,7.019;1.029,7.517;0.991,8.016",0,1,PASS_THROUGH,-1,0.9326443584861647,0.3607898377412,-0.0022789397994069506,0.9,inf,6.0558809906857,0.0,0,0,0,DIRECT_LOCAL,PASS_THROUGH,0,BYPASS_VISIBLE,1,5,0.0,21.0,2.0,0.0,21.0,2.0,1,
166,5.566667,0.033333,1.2887457609176636,5.08859920501709,2.0339415073394775,-0.3110077584777168,-0.07361728698015213,1.2416590716414533,-0.6946623423971501,0.02876743251517362,1.423060288711524,0.0,21.0,2.0,0.925095976468623,0.3797273292854394,-0.0021423620872027876,0.9,1.2081005573272705,-0.6458508372306824,0.0685882419347763,-0.05471038073301315,direct,SAFE_PROGRESSING,NONE,1,0,"1.254,5.056;1.215,5.555;1.176,6.053;1.136,6.552;1.097,7.050;1.058,7.549;1.019,8.047",0,1,PASS_THROUGH,-1,0.9326443584861647,0.3607898377412,-0.0022789397994069506,0.9,inf,6.030528186784664,0.0,0,0,0,DIRECT_LOCAL,PASS_THROUGH,0,BYPASS_VISIBLE,1,5,0.0,21.0,2.0,0.0,21.0,2.0,1,
167,5.6,0.033333,1.3236160278320312,5.120959281921387,2.0337460041046143,-0.31324112985071356,-0.06575873494148254,1.2508528017875469,-0.6948381436187143,0.029559903822280454,1.4311906111630412,0.0,21.0,2.0,0.9233558562059136,0.38393937298868863,-0.002126188913789985,0.9,1.218374252319336,-0.6434756517410278,0.0694267749786377,-0.04281342029571533,direct,SAFE_PROGRESSING,NONE,1,0,"1.289,5.089;1.248,5.587;1.208,6.085;1.168,6.584;1.127,7.082;1.087,7.580;1.047,8.079",0,1,PASS_THROUGH,-1,0.9326443584861647,0.3607898377412,-0.0022789397994069506,0.9,inf,6.005223807282489,0.0,0,0,0,DIRECT_LOCAL,PASS_THROUGH,0,BYPASS_VISIBLE,1,5,0.0,21.0,2.0,0.0,21.0,2.0,1,
168,5.633333,0.033333,1.3586328029632568,5.153543949127197,2.033677577972412,-0.3152172087561916,-0.05775410309433937,1.2596594414422377,-0.6942077040303366,0.03055149381190996,1.4386103150345408,0.0,21.0,2.0,0.9216881411760023,0.3879258758591383,-0.002117841931345097,0.9,1.2284657955169678,-0.6406646966934204,0.07027976214885712,-0.030696915462613106,direct,SAFE_PROGRESSING,NONE,1,0,"1.324,5.121;1.282,5.619;1.241,6.118;1.199,6.616;1.157,7.114;1.116,7.612;1.074,8.111",1,1,PASS_THROUGH,-1,0.9216902081858722,0.38792674583519454,0.0,0.9,inf,5.979960139558148,0.0,0,0,0,DIRECT_LOCAL,PASS_THROUGH,0,BYPASS_VISIBLE,1,5,0.0,21.0,2.0,0.0,21.0,2.0,1,
169,5.666667,0.033333,1.3937588930130005,5.186356067657471,2.033738613128662,-0.3169306795164295,-0.049636054784059525,1.2680838799801806,-0.6928377244710348,0.031701606361180835,1.445360104251418,0.0,21.0,2.0,0.9200986275709762,0.3916810333183067,-0.002117470356226291,0.9,1.238426923751831,-0.6374409198760986,0.07114168256521225,-0.018391117453575134,direct,SAFE_PROGRESSING,NONE,1,0,"1.359,5.154;1.316,5.652;1.273,6.150;1.230,6.648;1.188,7.146;1.145,7.644;1.102,8.143",0,1,PASS_THROUGH,-1,0.9216881411760023,0.3879258758591383,-0.002117841931345097,0.9,inf,5.95473274027126,0.0,0,0,0,DIRECT_LOCAL,PASS_THROUGH,0,BYPASS_VISIBLE,1,5,0.0,21.0,2.0,0.0,21.0,2.0,1,
170,5.7,0.033333,1.428959846496582,5.219402313232422,2.0339295864105225,-0.31837721987201356,-0.0414208248257637,1.2761340630013691,-0.6907845778374206,0.03299858532109265,1.4514786896002294,0.0,21.0,2.0,0.9185926409861787,0.39520000399266536,-0.00212526944989848,0.9,1.2482819557189941,-0.6338942050933838,0.07198349386453629,-0.006182915065437555,direct,SAFE_PROGRESSING,NONE,1,0,"1.394,5.186;1.350,5.684;1.306,6.182;1.262,6.681;1.218,7.179;1.174,7.677;1.130,8.175",0,1,PASS_THROUGH,-1,0.9216881411760023,0.3879258758591383,-0.002117841931345097,0.9,inf,5.929533262254924,0.0,0,0,0,DIRECT_LOCAL,PASS_THROUGH,0,BYPASS_VISIBLE,1,5,0.0,21.0,2.0,0.0,21.0,2.0,1,
171,5.733333,0.033333,1.4642019271850586,5.252686977386475,2.0342490673065186,-0.31955308972924484,-0.03312762454152107,1.2838285115649384,-0.6880978580221425,0.03445098330400227,1.457011043050916,0.0,21.0,2.0,0.917175115033787,0.3984786357215223,-0.002141316481490283,0.9,1.257966160774231,-0.6300973892211914,0.07278896123170853,0.005717905703932047,direct,SAFE_PROGRESSING,NONE,1,0,"1.429,5.219;1.384,5.717;1.339,6.215;1.294,6.713;1.249,7.211;1.204,7.709;1.158,8.207",0,1,PASS_THROUGH,-1,0.9216881411760023,0.3879258758591383,-0.002117841931345097,0.9,inf,5.90435516965216,0.0,0,0,0,DIRECT_LOCAL,PASS_THROUGH,0,BYPASS_VISIBLE,1,5,0.0,21.0,2.0,0.0,21.0,2.0,1,
172,5.766667,0.033333,1.499453067779541,5.286215782165527,2.034695625305176,-0.32045597890185246,-0.024794921278953552,1.2911960381661363,-0.6848275548259393,0.03606744623978571,1.4620112343970073,0.0,21.0,2.0,0.9158502892806397,0.4015140818652489,-0.0021655688570730715,0.9,1.2675811052322388,-0.6260913610458374,0.07354171574115753,0.01720799133181572,direct,SAFE_PROGRESSING,NONE,1,0,"1.464,5.253;1.418,5.751;1.372,6.248;1.325,6.746;1.279,7.244;1.233,7.742;1.186,8.240",0,1,PASS_THROUGH,-1,0.9216881411760023,0.3879258758591383,-0.002117841931345097,0.9,inf,5.87919021586965,0.0,0,0,0,DIRECT_LOCAL,PASS_THROUGH,0,BYPASS_VISIBLE,1,5,0.0,21.0,2.0,0.0,21.0,2.0,1,
173,5.8,0.033333,1.534683346748352,5.319991588592529,2.0352680683135986,-0.32108535597971605,-0.016476761549711227,1.298272597537287,-0.6810266791357762,0.03785962588896916,1.4665409733394326,0.0,21.0,2.0,0.9146215022701307,0.40430517737213395,-0.002197984353145077,0.9,1.2769126892089844,-0.6218780875205994,0.07428031414747238,0.028405409306287766,direct,SAFE_PROGRESSING,NONE,1,0,"1.499,5.286;1.452,5.784;1.404,6.282;1.357,6.779;1.309,7.277;1.262,7.775;1.214,8.273",0,1,PASS_THROUGH,-1,0.9216881411760023,0.3879258758591383,-0.002117841931345097,0.9,inf,5.854032780142015,0.0,0,0,0,DIRECT_LOCAL,PASS_THROUGH,0,BYPASS_VISIBLE,1,5,0.0,21.0,2.0,0.0,21.0,2.0,1,
174,5.833333,0.033333,1.5698645114898682,5.354025840759277,2.0359621047973633,-0.32144276767426516,-0.008230270817875862,1.3050950427801018,-0.6767527725019482,0.03980410648957755,1.4706637116185681,0.0,21.0,2.0,0.9134910343797057,0.4068526994698215,-0.002238535685363339,0.9,1.285952091217041,-0.6174474954605103,0.07503832876682281,0.03958004340529442,direct,SAFE_PROGRESSING,NONE,1,0,"1.535,5.320;1.486,5.818;1.437,6.315;1.389,6.813;1.340,7.310;1.291,7.808;1.242,8.306",1,1,PASS_THROUGH,-1,0.9134933231592841,0.406853718851638,0.0,0.9,inf,5.828868655182259,0.0,0,0,0,DIRECT_LOCAL,PASS_THROUGH,0,BYPASS_VISIBLE,1,5,0.0,21.0,2.0,0.0,21.0,2.0,1,
175,5.866667,0.033333,1.6049706935882568,5.3883233070373535,2.036773920059204,-0.321531203777729,-9.165747906081378e-05,1.3116897387413913,-0.6720640779246909,0.041845026845265115,1.4744324677067804,0.0,21.0,2.0,0.9124603214752077,0.40915880946667943,-0.002287000037246064,0.9,1.2948405742645264,-0.6128465533256531,0.0758092924952507,0.050679631531238556,direct,SAFE_PROGRESSING,NONE,1,0,"1.570,5.354;1.520,5.852;1.470,6.349;1.420,6.847;1.370,7.344;1.320,7.842;1.270,8.339",0,1,PASS_THROUGH,-1,0.9134910343797057,0.4068526994698215,-0.002238535685363339,0.9,inf,5.803690147232063,0.0,0,0,0,DIRECT_LOCAL,PASS_THROUGH,0,BYPASS_VISIBLE,1,5,0.0,21.0,2.0,0.0,21.0,2.0,1,
176,5.9,0.033333,1.6399779319763184,5.422889709472656,2.037700653076172,-0.3213542804712217,0.007929179817438126,1.3180720813055171,-0.6670164414466913,0.04394036532941527,1.4778889337100225,0.0,21.0,2.0,0.9115302935264507,0.4112262558219645,-0.002343182927340615,0.9,1.3034976720809937,-0.6080861687660217,0.07660183310508728,0.06178950518369675,direct,SAFE_PROGRESSING,NONE,1,0,"1.605,5.388;1.554,5.886;1.503,6.383;1.452,6.880;1.400,7.378;1.349,7.875;1.298,8.373",0,1,PASS_THROUGH,-1,0.9134910343797057,0.4068526994698215,-0.002238535685363339,0.9,inf,5.778488577192559,0.0,0,0,0,DIRECT_LOCAL,PASS_THROUGH,0,BYPASS_VISIBLE,1,5,0.0,21.0,2.0,0.0,21.0,2.0,1,
177,5.933333,0.033333,1.6748642921447754,5.4577317237854,2.03873872756958,-0.32091550920487966,0.015837663784623146,1.324252156672157,-0.6616617071102671,0.04606038254793523,1.4810677053893904,0.0,21.0,2.0,0.9107016675041483,0.4130577192073978,-0.0024069500091121695,0.9,1.311968445777893,-0.6031774282455444,0.07740858197212219,0.07294516265392303,direct,SAFE_PROGRESSING,NONE,1,0,"1.640,5.423;1.588,5.920;1.535,6.417;1.483,6.915;1.431,7.412;1.378,7.909;1.326,8.406",0,1,PASS_THROUGH,-1,0.9134910343797057,0.4068526994698215,-0.002238535685363339,0.9,inf,5.75325437067682,0.0,0,0,0,DIRECT_LOCAL,PASS_THROUGH,0,BYPASS_VISIBLE,1,5,0.0,21.0,2.0,0.0,21.0,2.0,1,
178,5.966667,0.033333,1.709609031677246,5.492855072021484,2.039883613586426,-0.32021794243809176,0.023650825023651123,1.330238025961383,-0.6560472192818873,0.04818341525346648,1.4839989222188208,0.0,21.0,2.0,0.9099750965098082,0.4146554987560197,-0.0024781209336375318,0.9,1.3202298879623413,-0.5982048511505127,0.07820100337266922,0.08387011289596558,direct,SAFE_PROGRESSING,NONE,1,0,"1.675,5.458;1.621,5.955;1.568,6.452;1.514,6.949;1.461,7.446;1.407,7.943;1.353,8.440",0,1,PASS_THROUGH,-1,0.9134910343797057,0.4068526994698215,-0.002238535685363339,0.9,inf,5.727978757019743,0.0,0,0,0,DIRECT_LOCAL,PASS_THROUGH,0,BYPASS_VISIBLE,1,5,0.0,21.0,2.0,0.0,21.0,2.0,1,
179,6.0,0.033333,1.744193196296692,5.528264045715332,2.0411314964294434,-0.31926418160157427,0.031378068029880524,1.3360396898813385,-0.6502160855440685,0.050292570749843425,1.486711926874572,0.0,21.0,2.0,0.9093512015734312,0.4160214618781125,-0.0025564533547826505,0.9,1.3285261392593384,-0.593289852142334,0.07890774309635162,0.09401611983776093,direct,SAFE_PROGRESSING,NONE,1,0,"1.710,5.493;1.655,5.990;1.600,6.487;1.545,6.984;1.490,7.481;1.436,7.978;1.381,8.475",0,1,PASS_THROUGH,-1,0.9134910343797057,0.4068526994698215,-0.002238535685363339,0.9,inf,5.702654412095894,0.0,0,0,0,DIRECT_LOCAL,PASS_THROUGH,0,BYPASS_VISIBLE,1,5,0.0,21.0,2.0,0.0,21.0,2.0,1,
180,6.033333,0.033333,1.778599500656128,5.563964366912842,2.042476177215576,-0.3180573633560834,0.0389949306845665,1.3416750067566758,-0.6442110486927507,0.05241979733764063,1.4892439471645533,0.0,21.0,2.0,0.9088301528187712,0.4171579730600146,-0.0026417493956076114,0.9,1.3364988565444946,-0.5883567929267883,0.07958731055259705,0.10376580059528351,direct,SAFE_PROGRESSING,NONE,1,0,"1.744,5.528;1.688,6.025;1.632,6.522;1.576,7.019;1.520,7.516;1.464,8.013;1.408,8.509",1,1,PASS_THROUGH,-1,0.9088333241254226,0.4171594287069807,0.0,0.9,inf,5.6772727107780945,0.0,0,0,0,DIRECT_LOCAL,PASS_THROUGH,0,BYPASS_VISIBLE,1,5,0.0,21.0,2.0,0.0,21.0,2.0,1,
181,6.066667,0.033333,1.8128114938735962,5.599961280822754,2.043912172317505,-0.3166021300523756,0.04645182192325592,1.3471694649789137,-0.638077816173762,0.05457086932295371,1.4916389799959346,0.0,21.0,2.0,0.9084112597977649,0.41806878643537665,-0.0027336570905831846,0.9,1.3443613052368164,-0.5833532810211182,0.08025635778903961,0.11339515447616577,local_avoidance,SAFE_PROGRESSING,NONE,1,0,"1.779,5.564;1.721,6.061;1.664,6.557;1.607,7.054;1.550,7.551;1.492,8.048;1.435,8.544",0,1,PASS_THROUGH,-1,0.9088301528187712,0.4171579730600146,-0.0026417493956076114,0.9,inf,5.6518253975347355,0.0,0,0,1,DIRECT_LOCAL,PASS_THROUGH,0,BYPASS_VISIBLE,1,5,0.0,21.0,2.0,0.0,21.0,2.0,1,
182,6.1,0.033333,1.8468149900436401,5.636258602142334,2.0454328060150146,-0.3149043216683275,0.05372161045670509,1.3525462720482568,-0.6318600676866271,0.056737243550504815,1.4939369725575091,0.0,21.0,2.0,0.9080931272835653,0.4187587046279956,-0.0028318684005087563,0.9,1.3523659706115723,-0.5782691240310669,0.08089704811573029,0.12288680672645569,local_avoidance,SAFE_PROGRESSING,NONE,1,0,"1.813,5.600;1.754,6.097;1.696,6.593;1.637,7.090;1.579,7.586;1.521,8.083;1.462,8.579",0,1,PASS_THROUGH,-1,0.9088301528187712,0.4171579730600146,-0.0026417493956076114,0.9,inf,5.626305923080924,0.0,0,0,1,DIRECT_LOCAL,PASS_THROUGH,0,BYPASS_VISIBLE,1,5,0.0,21.0,2.0,0.0,21.0,2.0,1,
183,6.133333,0.033333,1.880597710609436,5.672860622406006,2.04703426361084,-0.31296981538125807,0.06081220880150795,1.35783286498877,-0.6255945762346687,0.0589266666199609,1.4961788045206315,0.0,21.0,2.0,0.907874112432017,0.41923260357741093,-0.002935996165338281,0.9,1.359914779663086,-0.5732471346855164,0.08155152946710587,0.1319877654314041,local_avoidance,SAFE_PROGRESSING,NONE,1,0,"1.847,5.636;1.787,6.133;1.727,6.629;1.668,7.126;1.608,7.622;1.548,8.118;1.489,8.615",0,1,PASS_THROUGH,-1,0.9088301528187712,0.4171579730600146,-0.0026417493956076114,0.9,inf,5.60070757212058,0.0,0,0,1,DIRECT_LOCAL,PASS_THROUGH,0,BYPASS_VISIBLE,1,5,0.0,21.0,2.0,0.0,21.0,2.0,1,
184,6.166667,0.033333,1.9141485691070557,5.709772109985352,2.0487112998962402,-0.3108039721892793,0.06771250814199448,1.363054879058998,-0.6193105961468834,0.06109136008496835,1.49839793516388,0.0,21.0,2.0,0.907752570470697,0.419494926890155,-0.0030458360536192615,0.9,1.3674700260162354,-0.5681503415107727,0.08221272379159927,0.1413203775882721,local_avoidance,SAFE_PROGRESSING,NONE,1,0,"1.881,5.673;1.820,6.169;1.759,6.665;1.698,7.162;1.637,7.658;1.576,8.154;1.515,8.651",0,1,PASS_THROUGH,-1,0.9088301528187712,0.4171579730600146,-0.0026417493956076114,0.9,inf,5.575023319573302,0.0,0,0,1,DIRECT_LOCAL,PASS_THROUGH,0,BYPASS_VISIBLE,1,5,0.0,21.0,2.0,0.0,21.0,2.0,1,
185,6.2,0.033333,1.947456955909729,5.7469987869262695,2.0504584312438965,-0.3084127027810041,0.07443832606077194,1.3682288844742498,-0.6130328011108863,0.06319274660906918,1.5006174791636635,0.0,21.0,2.0,0.9077264381771497,0.4195506178571516,-0.0031610899872708625,0.9,1.3751434087753296,-0.5631447434425354,0.08281376212835312,0.15023644268512726,local_avoidance,SAFE_PROGRESSING,NONE,1,0,"1.914,5.710;1.852,6.206;1.790,6.702;1.728,7.198;1.666,7.694;1.604,8.190;1.541,8.687",0,1,PASS_THROUGH,-1,0.9088301528187712,0.4171579730600146,-0.0026417493956076114,0.9,inf,5.5492452058098065,0.0,0,0,1,DIRECT_LOCAL,PASS_THROUGH,0,BYPASS_VISIBLE,1,5,0.0,21.0,2.0,0.0,21.0,2.0,1,
186,6.233333,0.033333,1.9805140495300293,5.784544944763184,2.05226993560791,-0.3058009355955558,0.08101819455623627,1.3733709509100671,-0.6067823720168193,0.06523847210702677,1.5028601644986266,0.0,21.0,2.0,0.9077939039342712,0.4194036958742371,-0.003281442793294247,0.9,1.3823758363723755,-0.5583398342132568,0.08339975774288177,0.15857066214084625,local_avoidance,SAFE_PROGRESSING,NONE,1,0,"1.947,5.747;1.884,6.243;1.821,6.739;1.757,7.235;1.694,7.731;1.631,8.227;1.568,8.723",1,1,PASS_THROUGH,-1,0.9077987914756648,0.41940595393404045,0.0,0.9,inf,5.523367032756529,0.0,0,0,1,DIRECT_LOCAL,PASS_THROUGH,0,BYPASS_VISIBLE,1,5,0.0,21.0,2.0,0.0,21.0,2.0,1,
187,6.266667,0.033333,2.0133109092712402,5.822415351867676,2.0541398525238037,-0.30297389074052455,0.08742735534906387,1.3784968535172295,-0.6005829436543356,0.06720111899975008,1.5051476464985845,0.0,21.0,2.0,0.9079528556849288,0.4190584770560348,-0.003406561471563907,0.9,1.3895387649536133,-0.5535935163497925,0.08396927267313004,0.16676127910614014,local_avoidance,SAFE_PROGRESSING,NONE,1,0,"1.981,5.785;1.916,6.280;1.851,6.776;1.787,7.272;1.722,7.768;1.658,8.264;1.593,8.759",0,1,PASS_THROUGH,-1,0.9077939039342712,0.4194036958742371,-0.003281442793294247,0.9,inf,5.4973820037174015,0.0,0,0,1,DIRECT_LOCAL,PASS_THROUGH,0,BYPASS_VISIBLE,1,5,0.0,21.0,2.0,0.0,21.0,2.0,1,
188,6.3,0.033333,2.0458409786224365,5.86061429977417,2.056063652038574,-0.29993833740813913,0.09364605695009232,1.3836107179400063,-0.5944652435631831,0.06907552082978582,1.5074942693692075,0.0,21.0,2.0,0.9082004095018039,0.4185206233987646,-0.00353609539818301,0.9,1.3971346616744995,-0.5487051606178284,0.08449700474739075,0.17531026899814606,local_avoidance,SAFE_PROGRESSING,NONE,1,0,"2.013,5.822;1.948,6.318;1.882,6.814;1.816,7.309;1.750,7.805;1.685,8.301;1.619,8.796",0,1,PASS_THROUGH,-1,0.9077939039342712,0.4194036958742371,-0.003281442793294247,0.9,inf,5.471284423199788,0.0,0,0,1,DIRECT_LOCAL,PASS_THROUGH,0,BYPASS_VISIBLE,1,5,0.0,21.0,2.0,0.0,21.0,2.0,1,
189,6.333333,0.033333,2.0780975818634033,5.899147033691406,2.058034896850586,-0.29669990693523524,0.09972251951694489,1.3887227661788408,-0.588456810595799,0.0709112147695134,1.5099207726301667,0.0,21.0,2.0,0.9085339822911758,0.4177948488191246,-0.00366978505396769,0.9,1.4041624069213867,-0.5440253615379333,0.0850200280547142,0.18326985836029053,local_avoidance,SAFE_PROGRESSING,NONE,1,0,"2.046,5.861;1.979,6.356;1.912,6.852;1.845,7.347;1.778,7.843;1.711,8.338;1.644,8.834",0,1,PASS_THROUGH,-1,0.9077939039342712,0.4194036958742371,-0.003281442793294247,0.9,4.989768710098347,5.445067608354694,0.0,0,0,1,DIRECT_LOCAL,PASS_THROUGH,0,BYPASS_VISIBLE,1,5,0.0,21.0,2.0,0.0,21.0,2.0,1,
190,6.366667,0.033333,2.1100754737854004,5.938016414642334,2.0600500106811523,-0.2932623349738294,0.10565982013940811,1.3938522768805524,-0.5825744616123585,0.07264283733260478,1.512446413894972,0.0,21.0,2.0,0.908951677924956,0.41688409910587265,-0.0038072444224172635,0.9,1.410773754119873,-0.5397084951400757,0.08549171686172485,0.19007834792137146,local_avoidance,SAFE_PROGRESSING,NONE,1,0,"2.078,5.899;2.010,6.394;1.942,6.890;1.874,7.385;1.805,7.880;1.737,8.376;1.669,8.871",0,1,PASS_THROUGH,-1,0.9077939039342712,0.4194036958742371,-0.003281442793294247,0.9,4.95860455557592,5.418727560367122,0.0,0,0,1,DIRECT_LOCAL,PASS_THROUGH,0,BYPASS_VISIBLE,1,5,0.0,21.0,2.0,0.0,21.0,2.0,1,
191,6.4,0.033333,2.1417698860168457,5.977222919464111,2.062102794647217,-0.2896314288875911,0.11138347536325455,1.3989992476667559,-0.5768346384263794,0.07418114456278725,1.5150709347318645,0.0,21.0,2.0,0.9094506064119088,0.41579322462460916,-0.003948272189287525,0.9,1.4170281887054443,-0.5355135202407837,0.08597944676876068,0.19664432108402252,local_avoidance,SAFE_PROGRESSING,NONE,1,0,"2.110,5.938;2.041,6.433;1.971,6.928;1.902,7.424;1.833,7.919;1.763,8.414;1.694,8.909",0,1,PASS_THROUGH,-1,0.9077939039342712,0.4194036958742371,-0.003281442793294247,0.9,4.927367049030644,5.392262667199856,0.0,0,0,1,DIRECT_LOCAL,PASS_THROUGH,0,BYPASS_VISIBLE,1,5,0.0,21.0,2.0,0.0,21.0,2.0,1,
192,6.433333,0.033333,2.1731762886047363,6.016772747039795,2.0641894340515137,-0.28581608990918156,0.11683396995067596,1.404138036787117,-0.5712599558146642,0.07547841280513796,1.5177742105693237,0.0,21.0,2.0,0.9100265074407016,0.41452986293120747,-0.004092492335126127,0.9,1.4236676692962646,-0.5313403010368347,0.08641398698091507,0.2028091549873352,local_avoidance,SAFE_PROGRESSING,NONE,1,0,"2.142,5.977;2.115,6.476;2.087,6.976;2.060,7.475;2.033,7.974;2.006,8.474;1.979,8.973",1,1,PASS_THROUGH,-1,0.9100341283229588,0.4145333343501735,0.0,0.9,4.896055815092585,5.365665993587755,0.0,0,0,1,DIRECT_LOCAL,PASS_THROUGH,0,BYPASS_VISIBLE,1,5,0.0,21.0,2.0,0.0,21.0,2.0,1,
193,6.466667,0.033333,2.204292058944702,6.056666374206543,2.0663058757781982,-0.2818258049830173,0.12201033532619476,1.4092391629625693,-0.5658717555051974,0.07661756130301794,1.52053809975482,0.0,21.0,2.0,0.9106747927178794,0.4131022234022322,-0.004239684938721938,0.9,1.4299287796020508,-0.5272423624992371,0.08686420321464539,0.20853793621063232,local_avoidance,SAFE_PROGRESSING,NONE,1,0,"2.173,6.017;2.145,6.516;2.116,7.015;2.088,7.514;2.060,8.014;2.031,8.513;2.003,9.012",0,1,PASS_THROUGH,-1,0.9100265074407016,0.41452986293120747,-0.004092492335126127,0.9,4.864664963124297,5.338936667029722,0.0,0,0,1,DIRECT_LOCAL,PASS_THROUGH,0,BYPASS_VISIBLE,1,5,0.0,21.0,2.0,0.0,21.0,2.0,1,
194,6.5,0.033333,2.235114336013794,6.096902847290039,2.068449020385742,-0.2776690951819416,0.12690146267414093,1.4142912445219653,-0.5606789477253037,0.07764880125389886,1.5233548316429797,0.0,21.0,2.0,0.9113912030210172,0.41151768658139465,-0.004389611212870073,0.9,1.4358201026916504,-0.5232043266296387,0.08735183626413345,0.21399983763694763,local_avoidance,SAFE_PROGRESSING,NONE,1,0,"2.204,6.057;2.175,6.556;2.145,7.055;2.116,7.554;2.086,8.053;2.056,8.552;2.027,9.051",0,1,PASS_THROUGH,-1,0.9100265074407016,0.41452986293120747,-0.004092492335126127,0.9,4.833194666092641,5.312075101690951,0.0,0,0,1,DIRECT_LOCAL,PASS_THROUGH,0,BYPASS_VISIBLE,1,5,0.0,21.0,2.0,0.0,21.0,2.0,1,
195,6.533333,0.033333,2.2656397819519043,6.137482643127441,2.0706169605255127,-0.27335502185055355,0.13149134814739227,1.4192876806385308,-0.5556777740605099,0.07855941722134571,1.5262132521477139,0.0,21.0,2.0,0.9121712396843334,0.4097840881244884,-0.004542093430121983,0.9,1.4417505264282227,-0.5193126797676086,0.08781430125236511,0.21873867511749268,local_avoidance,SAFE_PROGRESSING,NONE,1,0,"2.235,6.097;2.204,6.596;2.174,7.095;2.143,7.594;2.112,8.093;2.081,8.592;2.050,9.091",0,1,PASS_THROUGH,-1,0.9100265074407016,0.41452986293120747,-0.004092492335126127,0.9,4.801646499064978,5.285080220744607,0.0,0,0,1,DIRECT_LOCAL,PASS_THROUGH,0,BYPASS_VISIBLE,1,5,0.0,21.0,2.0,0.0,21.0,2.0,1,
196,6.566667,0.033333,2.295865535736084,6.17840576171875,2.072808027267456,-0.2688930711719455,0.13577735424041748,1.4242219459114887,-0.5508557365539746,0.07938044222571883,1.5291015166817012,0.0,21.0,2.0,0.9130102243521094,0.4079096322915457,-0.00469703228507474,0.9,1.447480320930481,-0.5155819058418274,0.08828209340572357,0.22282904386520386,local_avoidance,SAFE_PROGRESSING,NONE,1,0,"2.266,6.137;2.234,6.636;2.202,7.135;2.170,7.634;2.138,8.133;2.106,8.632;2.074,9.131",0,1,PASS_THROUGH,-1,0.9100265074407016,0.41452986293120747,-0.004092492335126127,0.9,4.770020591875332,5.257951584453989,0.0,0,0,1,DIRECT_LOCAL,PASS_THROUGH,0,BYPASS_VISIBLE,1,5,0.0,21.0,2.0,0.0,21.0,2.0,1,
197,6.6,0.033333,2.325788736343384,6.219666004180908,2.0750200748443604,-0.26429353191941474,0.13974103331565857,1.4290940584445653,-0.54620010198366,0.0801530415574622,1.5320146505041756,0.0,21.0,2.0,0.9139031447271274,0.4059032857784298,-0.004854343636545639,0.9,1.4531058073043823,-0.5119598507881165,0.0887703076004982,0.22643083333969116,local_avoidance,SAFE_PROGRESSING,NONE,1,0,"2.296,6.178;2.263,6.677;2.230,7.176;2.196,7.675;2.163,8.174;2.130,8.673;2.097,9.172",0,1,PASS_THROUGH,-1,0.9100265074407016,0.41452986293120747,-0.004092492335126127,0.9,4.738317719678713,5.230694531857878,0.0,0,0,1,DIRECT_LOCAL,PASS_THROUGH,0,BYPASS_VISIBLE,1,5,0.0,21.0,2.0,0.0,21.0,2.0,1,
198,6.633333,0.033333,2.3554069995880127,6.261267185211182,2.0772526264190674,-0.259567773900364,0.14336495101451874,1.4339075254531357,-0.5417008014337718,0.08090309247895303,1.5349514194911134,0.0,21.0,2.0,0.9148446005405059,0.4037749590783123,-0.005013908972982468,0.9,1.4583373069763184,-0.5085789561271667,0.08929971605539322,0.22925716638565063,local_avoidance,SAFE_PROGRESSING,NONE,1,0,"2.326,6.220;2.291,6.718;2.257,7.217;2.223,7.716;2.188,8.215;2.154,8.714;2.120,9.213",1,1,PASS_THROUGH,-1,0.9148561000260667,0.403780034480527,0.0,0.9,4.706544700037898,5.203305284543249,0.0,0,0,1,DIRECT_LOCAL,PASS_THROUGH,0,BLOCKED_FOV_TRUNCATED,1,5,0.0,21.0,2.0,0.0,21.0,2.0,1,
199,6.666667,0.033333,2.3847177028656006,6.303203582763672,2.0795059204101562,-0.2547278149811873,0.1466200202703476,1.4386615268778586,-0.5373544887028425,0.08164630668364252,1.5379086301996956,0.0,21.0,2.0,0.9158289217019384,0.4015353011330686,-0.005175723933972667,0.9,1.4644349813461304,-0.5048294067382812,0.08983135968446732,0.23285531997680664,local_avoidance,SAFE_PROGRESSING,NONE,1,0,"2.355,6.261;2.320,6.760;2.284,7.259;2.249,7.757;2.213,8.256;2.178,8.755;2.142,9.254",0,1,PASS_THROUGH,-1,0.9148446005405059,0.4037749590783123,-0.005013908972982468,0.9,4.7036040561523595,5.175788851782196,0.0,0,0,1,DIRECT_LOCAL,PASS_THROUGH,0,BLOCKED_FOV_TRUNCATED,1,5,0.0,21.0,2.0,0.0,21.0,2.0,1,
200,6.7,0.033333,2.4137184619903564,6.345474720001221,2.081779956817627,-0.24978542826534922,0.1495824158191681,1.4433649550773873,-0.5331590505716038,0.08250786428664639,1.5408986061454875,0.0,21.0,2.0,0.9168506461307222,0.3991946629312827,-0.005339829290971507,0.9,1.4702322483062744,-0.50108802318573,0.09040974080562592,0.23641513288021088,local_avoidance,SAFE_PROGRESSING,NONE,1,0,"2.385,6.303;2.348,6.802;2.311,7.300;2.274,7.799;2.238,8.298;2.201,8.796;2.164,9.295",0,1,PASS_THROUGH,-1,0.9148446005405059,0.4037749590783123,-0.005013908972982468,0.9,4.672516801816959,5.148145489161619,0.0,0,0,1,DIRECT_LOCAL,PASS_THROUGH,0,BLOCKED_FOV_TRUNCATED,1,5,0.0,21.0,2.0,0.0,21.0,2.0,1,
201,6.733333,0.033333,2.4424073696136475,6.388078212738037,2.0840747356414795,-0.2447472775267667,0.15233950316905975,1.4480553835897993,-0.5290950411335819,0.08347625057312372,1.5439476159848478,0.0,21.0,2.0,0.9179063850864563,0.39675880507503025,-0.00550625216898597,0.9,1.4756731986999512,-0.49773597717285156,0.09095802903175354,0.2387341856956482,local_avoidance,SAFE_PROGRESSING,NONE,1,0,"2.414,6.345;2.376,6.844;2.338,7.343;2.300,7.841;2.262,8.340;2.224,8.838;2.186,9.337",0,1,PASS_THROUGH,-1,0.9148446005405059,0.4037749590783123,-0.005013908972982468,0.9,4.641369913949947,5.120377431620419,0.0,0,0,1,DIRECT_LOCAL,PASS_THROUGH,0,BLOCKED_FOV_TRUNCATED,1,5,0.0,21.0,2.0,0.0,21.0,2.0,1,
202,6.766667,0.033333,2.4707818031311035,6.431014537811279,2.0863888263702393,-0.23961968813995746,0.15487360954284668,1.4527672936329534,-0.5251371625547566,0.08442867881098702,1.547071443324918,0.0,21.0,2.0,0.9189929129098205,0.3942332053172799,-0.005675019540619346,0.9,1.480534315109253,-0.4948655962944031,0.09148821234703064,0.23968404531478882,local_avoidance,SAFE_PROGRESSING,NONE,1,0,"2.442,6.388;2.403,6.887;2.364,7.385;2.325,7.883;2.286,8.382;2.247,8.880;2.208,9.379",0,1,PASS_THROUGH,-1,0.9148446005405059,0.4037749590783123,-0.005013908972982468,0.9,4.643503301279159,5.092484041567372,0.0,0,0,1,DIRECT_LOCAL,PASS_THROUGH,0,BLOCKED_FOV_TRUNCATED,1,5,0.0,21.0,2.0,0.0,21.0,2.0,1,
203,6.8,0.033333,2.498840093612671,6.474282741546631,2.0887207984924316,-0.2344127279718475,0.15708716213703156,1.4575016303771648,-0.5212789443819374,0.08524072767470917,1.5502608561343971,0.0,21.0,2.0,0.9201055816318239,0.3916267894237887,-0.005846063254747065,0.9,1.4854838848114014,-0.49192625284194946,0.09204283356666565,0.24085275828838348,local_avoidance,SAFE_PROGRESSING,NONE,1,0,"2.471,6.431;2.430,6.929;2.390,7.428;2.350,7.926;2.310,8.425;2.269,8.923;2.229,9.421",0,1,PASS_THROUGH,-1,0.9148446005405059,0.4037749590783123,-0.005013908972982468,0.9,4.612146689614015,5.064466426142996,0.0,0,0,1,DIRECT_LOCAL,PASS_THROUGH,0,BLOCKED_FOV_TRUNCATED,1,5,0.0,21.0,2.0,0.0,21.0,2.0,1,
204,6.833333,0.033333,2.5265793800354004,6.517881393432617,2.0910701751708984,-0.22913992731153443,0.15894900262355804,1.4622264996143768,-0.5175371635907335,0.08590151068518435,1.5534896592543033,0.0,21.0,2.0,0.9212384597302107,0.38895175558218886,-0.006019314200327248,0.9,1.490604281425476,-0.4888586401939392,0.09261206537485123,0.24216657876968384,local_avoidance,SAFE_PROGRESSING,NONE,1,0,"2.499,6.474;2.457,6.973;2.416,7.471;2.374,7.969;2.333,8.467;2.291,8.966;2.250,9.464",1,1,PASS_THROUGH,-1,0.9212551494057478,0.3889588020515712,0.0,0.9,4.578894093999524,5.036325685389446,0.0,0,0,1,DIRECT_LOCAL,PASS_THROUGH,0,BLOCKED_FOV_TRUNCATED,1,5,0.0,21.0,2.0,0.0,21.0,2.0,1,
205,6.866667,0.033333,2.553999662399292,6.5618085861206055,2.0934364795684814,-0.22381228646472867,0.16051505506038666,1.466909355176094,-0.51392642701052,0.08647693230634244,1.556734302475557,0.0,21.0,2.0,0.9223867531773562,0.3862179467829512,-0.006194767606322294,0.9,1.4956045150756836,-0.4858366847038269,0.09317751228809357,0.24306350946426392,local_avoidance,SAFE_PROGRESSING,NONE,1,0,"2.527,6.518;2.484,7.016;2.441,7.514;2.399,8.012;2.356,8.511;2.313,9.009;2.271,9.507",0,1,PASS_THROUGH,-1,0.9212384597302107,0.38895175558218886,-0.006019314200327248,0.9,4.545571736416221,5.008064590991617,0.0,0,0,1,DIRECT_LOCAL,PASS_THROUGH,0,BLOCKED_FOV_TRUNCATED,1,5,0.0,21.0,2.0,0.0,21.0,2.0,1,
206,6.9,0.033333,2.5810999870300293,6.606060028076172,2.0958194732666016,-0.21843764018241002,0.16182678937911987,1.4715387344009132,-0.5104430666188365,0.08701792145623766,1.5599841312513558,0.0,21.0,2.0,0.9235469176353452,0.3834325015025251,-0.006372418518014061,0.9,1.5004632472991943,-0.48298412561416626,0.09371552616357803,0.24317198991775513,local_avoidance,SAFE_PROGRESSING,NONE,1,0,"2.554,6.562;2.510,7.060;2.466,7.558;2.422,8.056;2.379,8.554;2.335,9.052;2.291,9.550",0,1,PASS_THROUGH,-1,0.9212384597302107,0.38895175558218886,-0.006019314200327248,0.9,4.512183579386625,4.979687748015279,0.0,0,0,1,DIRECT_LOCAL,PASS_THROUGH,0,BLOCKED_FOV_TRUNCATED,1,5,0.0,21.0,2.0,0.0,21.0,2.0,1,
207,6.933333,0.033333,2.607879638671875,6.650631427764893,2.0982182025909424,-0.21302334205084036,0.16287799179553986,1.476118426651494,-0.5070691428581967,0.0875484830324368,1.5632368541012294,0.0,21.0,2.0,0.9247157062317676,0.3806020629319451,-0.006552277484287345,0.9,1.5052554607391357,-0.48050421476364136,0.09420130401849747,0.2418714165687561,local_avoidance,SAFE_PROGRESSING,NONE,1,0,"2.581,6.606;2.536,7.104;2.491,7.602;2.446,8.100;2.401,8.598;2.356,9.096;2.311,9.594",0,1,PASS_THROUGH,-1,0.9212384597302107,0.38895175558218886,-0.006019314200327248,0.9,4.478735720956326,4.951199906860466,0.0,0,0,1,DIRECT_LOCAL,PASS_THROUGH,0,BLOCKED_FOV_TRUNCATED,1,5,0.0,21.0,2.0,0.0,21.0,2.0,1,
208,6.966667,0.033333,2.6343376636505127,6.695520401000977,2.100632667541504,-0.20757900687331454,0.1636064052581787,1.4806601991511321,-0.5037878969907583,0.08811720262030869,1.5664997644118144,0.0,21.0,2.0,0.9258890893051219,0.3777354145765107,-0.006734306233266815,0.9,1.5099635124206543,-0.477855384349823,0.09474392235279083,0.24103501439094543,local_avoidance,SAFE_PROGRESSING,NONE,1,0,"2.608,6.651;2.562,7.148;2.515,7.646;2.469,8.144;2.423,8.642;2.377,9.140;2.331,9.638",0,1,PASS_THROUGH,-1,0.9212384597302107,0.38895175558218886,-0.006019314200327248,0.9,4.44523446471949,4.922604050780745,0.0,0,0,1,DIRECT_LOCAL,PASS_THROUGH,0,BLOCKED_FOV_TRUNCATED,1,5,0.0,21.0,2.0,0.0,21.0,2.0,1,
209,7.0,0.033333,2.6604738235473633,6.740723133087158,2.103062868118286,-0.202116715398701,0.16399556398391724,1.4851759011704009,-0.5005929935700137,0.08873609143649447,1.5697817990256246,0.0,21.0,2.0,0.9270622160726754,0.3748436759984968,-0.006918532673491998,0.9,1.5146856307983398,-0.4751512408256531,0.09531445056200027,0.2401902973651886,local_avoidance,SAFE_PROGRESSING,NONE,1,0,"2.634,6.696;2.587,7.193;2.540,7.691;2.492,8.189;2.445,8.687;2.398,9.184;2.350,9.682",0,1,PASS_THROUGH,-1,0.9212384597302107,0.38895175558218886,-0.006019314200327248,0.9,4.411684376542656,4.89390482860262,0.0,0,0,1,DIRECT_LOCAL,PASS_THROUGH,0,BLOCKED_FOV_TRUNCATED,1,5,0.0,21.0,2.0,0.0,21.0,2.0,1,
210,7.033333,0.033333,2.6862876415252686,6.78623628616333,2.1055095195770264,-0.19664684683931674,0.1640944480895996,1.4896751008185694,-0.4974744951398214,0.08938208135534975,1.5730867540542224,0.0,21.0,2.0,0.9282309950883029,0.3719364716628304,-0.007104984474540517,0.9,1.5192983150482178,-0.4725418984889984,0.09588292241096497,0.23894473910331726,local_avoidance,SAFE_PROGRESSING,NONE,1,0,"2.660,6.741;2.612,7.238;2.563,7.736;2.515,8.234;2.466,8.731;2.418,9.229;2.369,9.727",1,1,PASS_THROUGH,-1,0.9282544248990162,0.37194585984440864,0.0,0.9,4.378091769317636,4.8651064233082195,0.0,0,0,1,DIRECT_LOCAL,PASS_THROUGH,0,BLOCKED_FOV_TRUNCATED,1,5,0.0,21.0,2.0,0.0,21.0,2.0,1,
211,7.066667,0.033333,2.7117791175842285,6.832056045532227,2.1079728603363037,-0.19117776669523423,0.1639418751001358,1.494165450974385,-0.4944177799953325,0.09002816593223778,1.5764150490026803,0.0,21.0,2.0,0.9293922022866259,0.36902159244924604,-0.007293739441316712,0.9,1.52384614944458,-0.46980464458465576,0.09647396206855774,0.23823031783103943,local_avoidance,SAFE_PROGRESSING,NONE,1,0,"2.686,6.786;2.637,7.284;2.587,7.781;2.537,8.279;2.488,8.776;2.438,9.274;2.388,9.771",0,1,PASS_THROUGH,-1,0.9282309950883029,0.3719364716628304,-0.007104984474540517,0.9,4.380823297932015,4.836213729729739,0.0,0,0,1,DIRECT_LOCAL,PASS_THROUGH,0,BLOCKED_FOV_TRUNCATED,1,5,0.0,21.0,2.0,0.0,21.0,2.0,1,
212,7.1,0.033333,2.736948013305664,6.878180027008057,2.1104536056518555,-0.18571682590779964,0.1635986864566803,1.4986484572557712,-0.491407162582814,0.09063813907549698,1.5797605736718032,0.0,21.0,2.0,0.9305430739427804,0.36610594731783647,-0.007484843059867062,0.9,1.5283522605895996,-0.4672016501426697,0.09702559560537338,0.2371949553489685,local_avoidance,SAFE_PROGRESSING,NONE,1,0,"2.712,6.832;2.661,7.329;2.610,7.827;2.559,8.324;2.508,8.822;2.458,9.319;2.407,9.817",0,1,PASS_THROUGH,-1,0.9282309950883029,0.3719364716628304,-0.007104984474540517,0.9,4.310803594849377,4.807230343569731,0.0,0,0,1,DIRECT_LOCAL,PASS_THROUGH,0,BLOCKED_FOV_TRUNCATED,1,5,0.0,21.0,2.0,0.0,21.0,2.0,1,
213,7.133333,0.033333,2.761793375015259,6.924605369567871,2.1129510402679443,-0.18026901555753483,0.16312275826931,1.5031221255185316,-0.4884270625180332,0.09118829558172097,1.5831147857544765,0.0,21.0,2.0,0.9316817893450451,0.3631942812797971,-0.007678375379379647,0.9,1.532718539237976,-0.4648212790489197,0.09751744568347931,0.23550179600715637,local_avoidance,SAFE_PROGRESSING,NONE,1,0,"2.737,6.878;2.685,7.375;2.633,7.873;2.581,8.370;2.529,8.867;2.477,9.365;2.425,9.862",0,1,PASS_THROUGH,-1,0.9282309950883029,0.3719364716628304,-0.007104984474540517,0.9,4.277120280608499,4.778160027283552,0.0,0,0,1,DIRECT_LOCAL,PASS_THROUGH,0,BLOCKED_FOV_TRUNCATED,1,5,0.0,21.0,2.0,0.0,21.0,2.0,1,
214,7.166667,0.033333,2.7863144874572754,6.971327781677246,2.115463972091675,-0.17483911858085588,0.16251589357852936,1.50758229023631,-0.48547138141109286,0.09167788903893612,1.5864714492678362,0.0,21.0,2.0,0.9328066826233885,0.36029111559184623,-0.007874317667719967,0.9,1.5369534492492676,-0.4625094532966614,0.09798477590084076,0.2336178570985794,local_avoidance,SAFE_PROGRESSING,NONE,1,0,"2.762,6.925;2.709,7.422;2.656,7.919;2.602,8.416;2.549,8.913;2.496,9.410;2.443,9.908",0,1,PASS_THROUGH,-1,0.9282309950883029,0.3719364716628304,-0.007104984474540517,0.9,4.243418537967765,4.749007975498502,0.0,0,0,1,DIRECT_LOCAL,PASS_THROUGH,0,BLOCKED_FOV_TRUNCATED,1,5,0.0,21.0,2.0,0.0,21.0,2.0,1,
215,7.2,0.033333,2.8105106353759766,7.018344402313232,2.1179919242858887,-0.16943277354089378,0.1617620587348938,1.5120202102347773,-0.4825492006300815,0.09212988388794459,1.589826016484935,0.0,21.0,2.0,0.9339158396625349,0.3574017869033728,-0.008072617029112498,0.9,1.540789008140564,-0.45976492762565613,0.09857720881700516,0.23365798592567444,local_avoidance,SAFE_PROGRESSING,NONE,1,0,"2.786,6.971;2.732,7.468;2.678,7.965;2.623,8.462;2.569,8.960;2.515,9.457;2.461,9.954",0,1,PASS_THROUGH,-1,0.9282309950883029,0.3719364716628304,-0.007104984474540517,0.9,4.264984739154927,4.719778188489951,0.0,0,0,1,DIRECT_LOCAL,PASS_THROUGH,0,BLOCKED_FOV_TRUNCATED,1,5,0.0,21.0,2.0,0.0,21.0,2.0,1,
216,7.233333,0.033333,2.8343825340270996,7.0656514167785645,2.1205365657806396,-0.1640540126361259,0.16094540059566498,1.5164157807712253,-0.47967248270732393,0.09247887869868682,1.5931587660506343,0.0,21.0,2.0,0.935007974253894,0.3545301694750105,-0.008273271036872405,0.9,1.5447828769683838,-0.45699620246887207,0.09912563860416412,0.23382939398288727,local_avoidance,SAFE_PROGRESSING,NONE,1,0,"2.811,7.018;2.755,7.515;2.700,8.012;2.644,8.509;2.589,9.006;2.533,9.503;2.478,10.000",1,1,PASS_THROUGH,-1,0.9350399751484659,0.354542303363585,0.0,0.9,4.230024725925753,4.6904762797095705,0.0,0,0,1,DIRECT_LOCAL,PASS_THROUGH,0,BYPASS_VISIBLE,1,5,0.0,21.0,2.0,0.0,21.0,2.0,1,
217,7.266667,0.033333,2.85792875289917,7.113243103027344,2.1230974197387695,-0.1587013775789093,0.16019660234451294,1.5207418613044072,-0.47683553297565073,0.092694702482464,1.5964398648555724,0.0,21.0,2.0,0.936083746221667,0.3516750918604558,-0.00847642758181643,0.9,1.5486663579940796,-0.4546111822128296,0.09953562170267105,0.23268428444862366,local_avoidance,SAFE_PROGRESSING,NONE,1,0,"2.834,7.066;2.778,7.562;2.721,8.059;2.665,8.556;2.608,9.053;2.551,9.550;2.495,10.046",0,1,PASS_THROUGH,-1,0.935007974253894,0.3545301694750105,-0.008273271036872405,0.9,4.195048501519919,4.661108524552204,0.0,0,0,1,DIRECT_LOCAL,PASS_THROUGH,0,BYPASS_VISIBLE,1,5,0.0,21.0,2.0,0.0,21.0,2.0,1,
218,7.3,0.033333,2.881150007247925,7.161113739013672,2.125673532485962,-0.15337134668931696,0.1595211774110794,1.5249825096704908,-0.4740262624947415,0.09283235290865356,1.5996532118187987,0.0,21.0,2.0,0.9371445816178553,0.34883327616247584,-0.008682084199606492,0.9,1.55279541015625,-0.45226895809173584,0.09983412176370621,0.23105114698410034,local_avoidance,SAFE_PROGRESSING,NONE,1,0,"2.858,7.113;2.800,7.610;2.742,8.107;2.685,8.603;2.627,9.100;2.569,9.597;2.512,10.093",0,1,PASS_THROUGH,-1,0.935007974253894,0.3545301694750105,-0.008273271036872405,0.9,4.160064706331758,4.631682307359584,0.0,0,0,1,DIRECT_LOCAL,PASS_THROUGH,0,BYPASS_VISIBLE,1,5,0.0,21.0,2.0,0.0,21.0,2.0,1,
219,7.333333,0.033333,2.904045343399048,7.209258556365967,2.128262758255005,-0.14806343855685836,0.15885384380817413,1.5291393813577598,-0.47124578548484114,0.09303996377727403,1.6028088697084548,0.0,21.0,2.0,0.9381907634827562,0.346004415550745,-0.008890204442548434,0.9,1.5568499565124512,-0.44961246848106384,0.10018172860145569,0.230386883020401,local_avoidance,SAFE_PROGRESSING,NONE,1,0,"2.881,7.161;2.822,7.658;2.763,8.154;2.705,8.651;2.646,9.147;2.587,9.644;2.528,10.140",0,1,PASS_THROUGH,-1,0.935007974253894,0.3545301694750105,-0.008273271036872405,0.9,4.125082962176139,4.602203400115922,0.0,0,0,1,DIRECT_LOCAL,PASS_THROUGH,0,BYPASS_VISIBLE,1,5,0.0,21.0,2.0,0.0,21.0,2.0,1,
220,7.366667,0.033333,2.926614284515381,7.257672309875488,2.1308655738830566,-0.14277829141167703,0.15818743407726288,1.5332338959774339,-0.4684990351811631,0.09337453587878985,1.6059316080364072,0.0,21.0,2.0,0.9392222222374939,0.3431891535335404,-0.009100667678576242,0.9,1.5607649087905884,-0.44704145193099976,0.10055117309093475,0.22945989668369293,local_avoidance,SAFE_PROGRESSING,NONE,1,0,"2.904,7.209;2.844,7.706;2.784,8.202;2.724,8.698;2.664,9.195;2.604,9.691;2.544,10.188",0,1,PASS_THROUGH,-1,0.935007974253894,0.3545301694750105,-0.008273271036872405,0.9,4.131564063986073,4.572678269095674,0.0,0,0,1,DIRECT_LOCAL,PASS_THROUGH,0,BYPASS_VISIBLE,1,5,0.0,21.0,2.0,0.0,21.0,2.0,1,
221,7.4,0.033333,2.9488563537597656,7.306349754333496,2.133481979370117,-0.13751509632962158,0.1575288027524948,1.5372907217568352,-0.46577790627760907,0.09375526815736052,1.6090375606191618,0.0,21.0,2.0,0.9402393779375935,0.340386794959354,-0.009313538147555867,0.9,1.5644735097885132,-0.4456038773059845,0.1007712334394455,0.2246275544166565,local_avoidance,SAFE_PROGRESSING,NONE,1,0,"2.927,7.258;2.865,7.754;2.804,8.250;2.743,8.746;2.682,9.243;2.621,9.739;2.560,10.235",0,1,PASS_THROUGH,-1,0.935007974253894,0.3545301694750105,-0.008273271036872405,0.9,4.097516575586281,4.543113423316771,0.0,0,0,1,DIRECT_LOCAL,PASS_THROUGH,0,BYPASS_VISIBLE,1,5,0.0,21.0,2.0,0.0,21.0,2.0,1,
222,7.433333,0.033333,2.970771551132202,7.355288982391357,2.136110782623291,-0.13227660222170756,0.1566847711801529,1.5413257190923844,-0.4630818365583464,0.09415596523103077,1.6121399149808597,0.0,21.0,2.0,0.9412414412576684,0.3375999856881779,-0.009528846862517142,0.9,1.5676608085632324,-0.4442049264907837,0.10111431777477264,0.21961064636707306,local_avoidance,SAFE_PROGRESSING,NONE,1,0,"2.949,7.306;2.887,7.802;2.824,8.299;2.762,8.795;2.700,9.291;2.638,9.787;2.575,10.283",1,1,PASS_THROUGH,-1,0.9412841760222463,0.3376153135894767,0.0,0.9,4.0635048042554915,4.5135128589776174,0.0,0,0,1,DIRECT_LOCAL,PASS_THROUGH,0,BYPASS_VISIBLE,1,5,0.0,21.0,2.0,0.0,21.0,2.0,1,
223,7.466667,0.033333,2.9923620223999023,7.404482841491699,2.138753652572632,-0.12707589513880993,0.1554306596517563,1.5453295096802195,-0.46044741646671294,0.09456812453014926,1.6152393776145155,0.0,21.0,2.0,0.9422241651834086,0.33484119737813567,-0.009746542094757882,0.9,1.5713732242584229,-0.44209980964660645,0.10164365917444229,0.21625837683677673,local_avoidance,SAFE_PROGRESSING,NONE,1,0,"2.971,7.355;2.907,7.851;2.844,8.347;2.781,8.843;2.717,9.339;2.654,9.835;2.590,10.331",0,1,PASS_THROUGH,-1,0.9412414412576684,0.3375999856881779,-0.009528846862517142,0.9,4.029535499475012,4.4838862522161635,0.0,0,0,1,DIRECT_LOCAL,PASS_THROUGH,0,BYPASS_VISIBLE,1,5,0.0,21.0,2.0,0.0,21.0,2.0,1,
224,7.5,0.033333,3.0136311054229736,7.453929901123047,2.1414129734039307,-0.12192731164982264,0.15379320085048676,1.5492750918152995,-0.4579080725000133,0.09505156714784663,1.6183225616042198,0.0,21.0,2.0,0.943183005842222,0.3321241950278161,-0.009966773176726828,0.9,1.5763884782791138,-0.4403006434440613,0.10204736888408661,0.2105833888053894,local_avoidance,SAFE_PROGRESSING,NONE,1,0,"2.992,7.404;2.928,7.900;2.863,8.396;2.799,8.892;2.734,9.388;2.670,9.884;2.605,10.379",0,1,PASS_THROUGH,-1,0.9412414412576684,0.3375999856881779,-0.009528846862517142,0.9,3.9956213212538345,4.4542392488298495,0.0,0,0,1,DIRECT_LOCAL,PASS_THROUGH,0,BYPASS_VISIBLE,1,5,0.0,21.0,2.0,0.0,21.0,2.0,1,
225,7.533333,0.033333,3.03458309173584,7.503623008728027,2.1440906524658203,-0.11683986792259399,0.15181952714920044,1.5531826486831777,-0.4554574874598395,0.09590467874929395,1.6214239329859812,0.0,21.0,2.0,0.9441152682516906,0.32945793254705563,-0.010189746604224382,0.9,1.5807578563690186,-0.43808355927467346,0.10270003229379654,0.20666402578353882,local_avoidance,SAFE_PROGRESSING,NONE,1,0,"3.014,7.454;2.948,7.950;2.882,8.445;2.817,8.941;2.751,9.437;2.685,9.932;2.620,10.428",0,1,PASS_THROUGH,-1,0.9412414412576684,0.3375999856881779,-0.009528846862517142,0.9,3.9617706941923796,4.424582987501347,0.0,0,0,1,DIRECT_LOCAL,PASS_THROUGH,0,BYPASS_VISIBLE,1,5,0.0,21.0,2.0,0.0,21.0,2.0,1,
226,7.566667,0.033333,3.0552220344543457,7.553558349609375,2.14678955078125,-0.11182267401942123,0.1495436728000641,1.5571268927693014,-0.45306294877763764,0.09714021867585373,1.6246065424664708,0.0,21.0,2.0,0.9450183259112864,0.32685146211137484,-0.010415632841366249,0.9,1.5852028131484985,-0.4356921315193176,0.10347715765237808,0.20357899367809296,local_avoidance,SAFE_PROGRESSING,NONE,1,0,"3.035,7.504;2.968,7.999;2.901,8.495;2.834,8.990;2.768,9.486;2.701,9.981;2.634,10.477",0,1,PASS_THROUGH,-1,0.9412414412576684,0.3375999856881779,-0.009528846862517142,0.9,3.926144413694628,4.394925859559504,0.0,0,0,1,DIRECT_LOCAL,PASS_THROUGH,0,BYPASS_VISIBLE,1,5,0.0,21.0,2.0,0.0,21.0,2.0,1,
227,7.6,0.033333,3.0755505561828613,7.603736400604248,2.1495132446289062,-0.1068822956802185,0.14710000157356262,1.5611736837139798,-0.4506714247957899,0.09855139455553982,1.6279067483174172,0.0,21.0,2.0,0.9458904528110675,0.3243114893937061,-0.010644676045324847,0.9,1.589404821395874,-0.433720201253891,0.10423016548156738,0.19972939789295197,local_avoidance,SAFE_PROGRESSING,NONE,1,0,"3.055,7.554;2.987,8.049;2.919,8.544;2.852,9.040;2.784,9.535;2.716,10.030;2.648,10.526",0,1,PASS_THROUGH,-1,0.9412414412576684,0.3375999856881779,-0.009528846862517142,0.9,3.894314687474364,4.365272114162412,0.0,0,0,1,DIRECT_LOCAL,PASS_THROUGH,0,BYPASS_VISIBLE,1,5,0.0,21.0,2.0,0.0,21.0,2.0,1,
228,7.633333,0.033333,3.0955705642700195,7.654158592224121,2.152261734008789,-0.10202211781392743,0.14457309246063232,1.5653568950690753,-0.4482339285547095,0.0998924143149484,1.6313290158902816,0.0,21.0,2.0,0.9467310124479217,0.32184169562568293,-0.010877179143434865,0.9,1.593397855758667,-0.4320966899394989,0.10490208119153976,0.19522443413734436,local_avoidance,SAFE_PROGRESSING,NONE,1,0,"3.076,7.604;3.007,8.099;2.938,8.594;2.869,9.089;2.800,9.585;2.731,10.080;2.662,10.575",1,1,PASS_THROUGH,-1,0.946787022723531,0.321860736347744,0.0,0.9,3.860728560914008,4.335625048662475,0.0,0,0,1,DIRECT_LOCAL,PASS_THROUGH,0,BYPASS_VISIBLE,1,5,0.0,21.0,2.0,0.0,21.0,2.0,1,
229,7.666667,0.033333,3.1152830123901367,7.704824447631836,2.1550333499908447,-0.09724689786571032,0.14195583760738373,1.569667342844535,-0.4457390880943928,0.10100576697603832,1.6348520015005217,0.0,21.0,2.0,0.9475389634961637,0.31944703736498475,-0.011113189251949786,0.9,1.5973674058914185,-0.43043795228004456,0.10551691055297852,0.19092407822608948,local_avoidance,SAFE_PROGRESSING,NONE,1,0,"3.096,7.654;3.025,8.149;2.955,8.644;2.885,9.139;2.815,9.634;2.745,10.129;2.675,10.625",0,1,PASS_THROUGH,-1,0.9467310124479217,0.32184169562568293,-0.010877179143434865,0.9,3.827246452185181,4.305989188921113,0.0,0,0,1,DIRECT_LOCAL,PASS_THROUGH,0,BYPASS_VISIBLE,1,5,0.0,21.0,2.0,0.0,21.0,2.0,1,
230,7.7,0.033333,3.134690284729004,7.755733966827393,2.1578245162963867,-0.09256228824318759,0.1392485648393631,1.5740625367983503,-0.44321639600556295,0.10185898993525327,1.6384409959686823,0.0,21.0,2.0,0.9483130433317205,0.3171332363785545,-0.011352631016396128,0.9,1.6013238430023193,-0.4285547733306885,0.10610715299844742,0.18726113438606262,local_avoidance,SAFE_PROGRESSING,NONE,1,0,"3.115,7.705;3.044,8.200;2.973,8.695;2.902,9.190;2.830,9.684;2.759,10.179;2.688,10.674",0,1,PASS_THROUGH,-1,0.9467310124479217,0.32184169562568293,-0.010877179143434865,0.9,3.7938768673320533,4.276369712360681,0.0,0,0,1,DIRECT_LOCAL,PASS_THROUGH,0,BYPASS_VISIBLE,1,5,0.0,21.0,2.0,0.0,21.0,2.0,1,
231,7.733333,0.033333,3.1537954807281494,7.806885242462158,2.160633087158203,-0.0879714627797745,0.13650111854076385,1.5784920505740414,-0.4407072675131374,0.10248434614721812,1.6420606232930506,0.0,21.0,2.0,0.9490527701656731,0.3149037769325914,-0.011595288459148794,0.9,1.6051393747329712,-0.426596075296402,0.1066657304763794,0.18385180830955505,local_avoidance,SAFE_PROGRESSING,NONE,1,0,"3.135,7.756;3.062,8.250;2.990,8.745;2.918,9.240;2.845,9.735;2.773,10.229;2.701,10.724",0,1,PASS_THROUGH,-1,0.9467310124479217,0.32184169562568293,-0.010877179143434865,0.9,3.795292632547151,4.246773990190823,0.0,0,0,1,DIRECT_LOCAL,PASS_THROUGH,0,BYPASS_VISIBLE,1,5,0.0,21.0,2.0,0.0,21.0,2.0,1,
232,7.766667,0.033333,3.1726019382476807,7.858274459838867,2.1634578704833984,-0.08347382910628148,0.1337721198797226,1.5829137333158776,-0.43823697711855064,0.10291925112946886,1.645679162986232,0.0,21.0,2.0,0.9497588411235565,0.31275858632396936,-0.011841046755720524,0.9,1.6087913513183594,-0.4246944487094879,0.107173852622509,0.18036341667175293,local_avoidance,SAFE_PROGRESSING,NONE,1,0,"3.154,7.807;3.080,8.301;3.007,8.796;2.934,9.291;2.860,9.785;2.787,10.280;2.713,10.774",0,1,PASS_THROUGH,-1,0.9467310124479217,0.32184169562568293,-0.010877179143434865,0.9,3.7606157159434233,4.217211276975082,0.0,0,0,1,DIRECT_LOCAL,PASS_THROUGH,0,BYPASS_VISIBLE,1,5,0.0,21.0,2.0,0.0,21.0,2.0,1,
233,7.8,0.033333,3.191115379333496,7.9098968505859375,2.166297674179077,-0.07906679173915329,0.13109061121940613,1.5872968546088617,-0.4358111441594703,0.10320992848834154,1.6492710351435087,0.0,21.0,2.0,0.9504325541911117,0.3106956633976915,-0.012089858544579425,0.9,1.6124475002288818,-0.42270395159721375,0.10764037072658539,0.17716403305530548,local_avoidance,SAFE_PROGRESSING,NONE,1,0,"3.173,7.858;3.098,8.353;3.024,8.847;2.949,9.342;2.874,9.836;2.800,10.330;2.725,10.825",0,1,PASS_THROUGH,-1,0.9467310124479217,0.32184169562568293,-0.010877179143434865,0.9,3.726058257283509,4.187693238527659,0.0,0,0,1,DIRECT_LOCAL,PASS_THROUGH,0,BYPASS_VISIBLE,1,5,0.0,21.0,2.0,0.0,21.0,2.0,1,
234,7.833333,0.033333,3.209339141845703,7.961747646331787,2.169151544570923,-0.07474753227627458,0.12848074734210968,1.591621503591636,-0.4334238335769567,0.10342979764966537,1.6528196977437364,0.0,21.0,2.0,0.9510751871719914,0.3087129271939315,-0.01234167448590328,0.9,1.616120457649231,-0.4205209016799927,0.10809268057346344,0.17461474239826202,local_avoidance,SAFE_PROGRESSING,NONE,1,0,"3.191,7.910;3.115,8.404;3.040,8.898;2.964,9.393;2.889,9.887;2.813,10.381;2.737,10.875",1,1,PASS_THROUGH,-1,0.9511476278734895,0.3087364409826509,0.0,0.9,3.6916360471808622,4.158230297232741,0.0,0,0,1,DIRECT_LOCAL,PASS_THROUGH,0,BYPASS_VISIBLE,1,5,0.0,21.0,2.0,0.0,21.0,2.0,1,
235,7.866667,0.033333,3.22727632522583,8.013823509216309,2.1720190048217773,-0.07051232200247427,0.12598982453346252,1.5958822905748218,-0.4310607999673584,0.10364056243025392,1.656319735081273,0.0,21.0,2.0,0.9516883096537461,0.306807252839556,-0.012596462735231247,0.9,1.619728922843933,-0.41827070713043213,0.10852623730897903,0.17247384786605835,local_avoidance,SAFE_PROGRESSING,NONE,1,0,"3.209,7.962;3.133,8.456;3.056,8.950;2.979,9.444;2.902,9.938;2.826,10.432;2.749,10.926",0,1,PASS_THROUGH,-1,0.9510751871719914,0.3087129271939315,-0.01234167448590328,0.9,3.6573641427544397,4.128831786580617,0.0,0,0,1,DIRECT_LOCAL,PASS_THROUGH,0,BYPASS_VISIBLE,1,5,0.0,21.0,2.0,0.0,21.0,2.0,1,
236,7.9,0.033333,3.244929552078247,8.066118240356445,2.1749014854431152,-0.06635586927100845,0.12366756051778793,1.6000832883506033,-0.4287024595522075,0.10385591048581624,1.6597705801187794,0.0,21.0,2.0,0.9522739191152695,0.3049740182321277,-0.012854227950183096,0.9,1.6232014894485474,-0.41613128781318665,0.10891667008399963,0.17029279470443726,direct,SAFE_PROGRESSING,NONE,1,0,"3.227,8.014;3.107,8.499;2.986,8.984;2.866,9.470;2.745,9.955;2.624,10.440;2.504,10.925",0,1,PASS_THROUGH,-1,0.9510751871719914,0.3087129271939315,-0.01234167448590328,0.9,3.6551018293062247,4.099509142731975,0.0,0,0,0,DIRECT_LOCAL,PASS_THROUGH,0,BYPASS_VISIBLE,1,5,0.0,21.0,2.0,0.0,21.0,2.0,1,
237,7.933333,0.033333,3.262301206588745,8.11862564086914,2.177797555923462,-0.062272369619205535,0.12152864038944244,1.604230497958959,-0.4263336738204865,0.1040513568763021,1.6631724435195294,0.0,21.0,2.0,0.9528341386011614,0.30320801121984503,-0.013115115260226257,0.9,1.6265180110931396,-0.4142099916934967,0.1092526763677597,0.16775405406951904,local_avoidance,SAFE_PROGRESSING,NONE,1,0,"3.245,8.066;3.123,8.551;3.002,9.036;2.880,9.521;2.758,10.006;2.637,10.491;2.515,10.976",0,1,PASS_THROUGH,-1,0.9510751871719914,0.3087129271939315,-0.01234167448590328,0.9,3.619542058714292,4.070273767581872,0.0,0,0,0,DIRECT_LOCAL,PASS_THROUGH,0,BYPASS_VISIBLE,1,5,0.0,21.0,2.0,0.0,21.0,2.0,1,
238,7.966667,0.033333,3.279392719268799,8.171343803405762,2.180706739425659,-0.05825709184927806,0.11953958123922348,1.6083216589391074,-0.4239557023731017,0.10420233985840344,1.6665218641887898,0.0,21.0,2.0,0.9533707211457126,0.3015050064437278,-0.013379056449221887,0.9,1.629776954650879,-0.41241559386253357,0.10954882949590683,0.16502457857131958,local_avoidance,SAFE_PROGRESSING,NONE,1,0,"3.262,8.119;3.140,8.603;3.017,9.088;2.894,9.573;2.771,10.057;2.649,10.542;2.526,11.027",0,1,PASS_THROUGH,-1,0.9510751871719914,0.3087129271939315,-0.01234167448590328,0.9,3.58414932862971,4.04113329311105,0.0,0,0,0,DIRECT_LOCAL,PASS_THROUGH,0,BYPASS_VISIBLE,1,5,0.0,21.0,2.0,0.0,21.0,2.0,1,
239,8.0,0.033333,3.296205759048462,8.22426700592041,2.183629035949707,-0.054307177115164196,0.11764658987522125,1.6123453741560232,-0.4215908424744387,0.10432861101363208,1.6698146313578244,0.0,21.0,2.0,0.953884810632608,0.2998625570602613,-0.013646058686484944,0.9,1.6331475973129272,-0.4103999137878418,0.10985952615737915,0.16296662390232086,local_avoidance,SAFE_PROGRESSING,NONE,1,0,"3.279,8.171;3.156,8.656;3.032,9.140;2.908,9.625;2.784,10.109;2.660,10.593;2.536,11.078",0,1,PASS_THROUGH,-1,0.9510751871719914,0.3087129271939315,-0.01234167448590328,0.9,3.548936319895964,4.012098567323419,0.0,0,0,0,DIRECT_LOCAL,PASS_THROUGH,0,BYPASS_VISIBLE,1,5,0.0,21.0,2.0,0.0,21.0,2.0,1,
240,8.033333,0.033333,3.3127434253692627,8.277389526367188,2.1865644454956055,-0.05042032491630709,0.11584094166755676,1.6162892570939873,-0.41926914756183,0.10448053190782354,1.6730492408301672,0.0,21.0,2.0,0.9543773703951675,0.2982786873458691,-0.013916161569576667,0.9,1.6365108489990234,-0.4082440137863159,0.11019793152809143,0.16142922639846802,local_avoidance,SAFE_PROGRESSING,NONE,1,0,"3.296,8.224;3.171,8.708;3.046,9.193;2.921,9.677;2.797,10.161;2.672,10.645;2.547,11.129",1,1,PASS_THROUGH,-1,0.9544697959670965,0.29830757380014533,0.0,0.9,3.5139195222997532,3.9831814878376637,0.0,0,0,0,DIRECT_LOCAL,PASS_THROUGH,0,BYPASS_VISIBLE,1,5,0.0,21.0,2.0,0.0,21.0,2.0,1,
241,8.066667,0.033333,3.3290092945098877,8.330706596374512,2.189514636993408,-0.046592413993957256,0.11415359377861023,1.6201511261609007,-0.4170060104295603,0.10467113973916747,1.6762278281394536,0.0,21.0,2.0,0.9548498485132841,0.29674977268369895,-0.014189404720815098,0.9,1.6396727561950684,-0.40624815225601196,0.11053250730037689,0.15968674421310425,local_avoidance,SAFE_PROGRESSING,NONE,1,0,"3.313,8.277;3.187,8.761;3.061,9.245;2.935,9.729;2.809,10.213;2.683,10.697;2.557,11.181",0,1,PASS_THROUGH,-1,0.9543773703951675,0.2982786873458691,-0.013916161569576667,0.9,3.4791166532692177,3.954393703050126,0.0,0,0,0,DIRECT_LOCAL,PASS_THROUGH,0,BYPASS_VISIBLE,1,5,0.0,21.0,2.0,0.0,21.0,2.0,1,
242,8.1,0.033333,3.3450067043304443,8.3842134475708,2.1924803256988525,-0.04281831646326505,0.11258765310049057,1.623933928589335,-0.4147983621111299,0.10486146173931149,1.6793495799838023,0.0,21.0,2.0,0.9553039390560425,0.29527126533089426,-0.014465956377018009,0.9,1.6425836086273193,-0.40451526641845703,0.11085556447505951,0.15748246014118195,local_avoidance,SAFE_PROGRESSING,NONE,1,0,"3.329,8.331;3.202,8.814;3.075,9.298;2.948,9.781;2.821,10.265;2.694,10.749;2.567,11.232",0,1,PASS_THROUGH,-1,0.9543773703951675,0.2982786873458691,-0.013916161569576667,0.9,3.4445454102802473,3.925746871769139,0.0,0,0,0,DIRECT_LOCAL,PASS_THROUGH,0,BYPASS_VISIBLE,1,5,0.0,21.0,2.0,0.0,21.0,2.0,1,
243,8.133333,0.033333,3.3607380390167236,8.437906265258789,2.1954619884490967,-0.039094509325430425,0.11109812557697296,1.6276332871057393,-0.4126409239851594,0.10500998497478872,1.682405939833299,0.0,21.0,2.0,0.9557408331435006,0.29384012299183454,-0.014745914088697467,0.9,1.645505428314209,-0.40288740396499634,0.11117149144411087,0.1550232172012329,local_avoidance,SAFE_PROGRESSING,NONE,1,0,"3.345,8.384;3.217,8.868;3.089,9.351;2.961,9.834;2.832,10.317;2.704,10.801;2.576,11.284",0,1,PASS_THROUGH,-1,0.9543773703951675,0.2982786873458691,-0.013916161569576667,0.9,3.410223893518081,3.8972514681172505,0.0,0,0,0,DIRECT_LOCAL,PASS_THROUGH,0,BYPASS_VISIBLE,1,5,0.0,21.0,2.0,0.0,21.0,2.0,1,
244,8.166667,0.033333,3.376207113265991,8.491780281066895,2.198460578918457,-0.035419945622109934,0.10963065922260284,1.6312371214476216,-0.4105389831242179,0.10515147487994675,1.68538827447055,0.0,21.0,2.0,0.9561609868762535,0.2924556129101721,-0.01502935970573497,0.9,1.6485201120376587,-0.40099573135375977,0.11154918372631073,0.15326903760433197,local_avoidance,SAFE_PROGRESSING,NONE,1,0,"3.361,8.438;3.232,8.921;3.102,9.404;2.973,9.887;2.844,10.370;2.715,10.853;2.585,11.336",0,1,PASS_THROUGH,-1,0.9543773703951675,0.2982786873458691,-0.013916161569576667,0.9,3.3583104008454097,3.868919805047004,0.0,0,0,0,DIRECT_LOCAL,PASS_THROUGH,0,BYPASS_VISIBLE,1,5,0.0,21.0,2.0,0.0,21.0,2.0,1,
245,8.2,0.033333,3.3914170265197754,8.54582405090332,2.201477527618408,-0.03179433869971225,0.10818492621183395,1.6347358146733613,-0.40850110524790434,0.1053473475786527,1.6882927472468732,0.0,21.0,2.0,0.9565645972314634,0.29111780924934205,-0.01531641150113285,0.9,1.6515460014343262,-0.39904072880744934,0.11196199804544449,0.15173612534999847,direct,SAFE_PROGRESSING,NONE,1,0,"3.376,8.492;3.246,8.975;3.116,9.457;2.985,9.940;2.855,10.423;2.725,10.905;2.594,11.388",0,1,PASS_THROUGH,-1,0.9543773703951675,0.2982786873458691,-0.013916161569576667,0.9,3.3264462747564525,3.8407686306087987,0.0,0,0,0,DIRECT_LOCAL,PASS_THROUGH,0,BYPASS_VISIBLE,1,5,0.0,21.0,2.0,0.0,21.0,2.0,1,
246,8.233333,0.033333,3.4063706398010254,8.600045204162598,2.204514503479004,-0.028215861296518027,0.10679127275943756,1.6381324733777165,-0.4065233628937118,0.10562733085287737,1.6911228157458318,0.0,21.0,2.0,0.9569523548931143,0.28982512863646404,-0.015607218694569568,0.9,1.6544506549835205,-0.3971373736858368,0.1123904138803482,0.1502983719110489,direct,SAFE_PROGRESSING,NONE,1,0,"3.391,8.546;3.260,9.028;3.129,9.511;2.997,9.993;2.866,10.476;2.735,10.958;2.603,11.440",1,1,PASS_THROUGH,-1,0.9570689259412359,0.28986043365331715,0.0,0.9,3.2949300547208975,3.812801008709606,0.0,0,0,0,DIRECT_LOCAL,PASS_THROUGH,0,BYPASS_VISIBLE,1,5,0.0,21.0,2.0,0.0,21.0,2.0,1,
247,8.266667,0.033333,3.421072244644165,8.654428482055664,2.207573652267456,-0.024681894436842218,0.10546761751174927,1.6414382790698065,-0.40459170412769374,0.10597506967139138,1.693884525709015,0.0,21.0,2.0,0.9573250562987363,0.2885755773208147,-0.015901973354897753,0.9,1.6573145389556885,-0.3953600227832794,0.11280375719070435,0.14874356985092163,direct,SAFE_PROGRESSING,NONE,1,0,"3.406,8.600;3.274,9.082;3.141,9.564;3.009,10.046;2.877,10.529;2.744,11.011;2.612,11.493",0,1,PASS_THROUGH,-1,0.9569523548931143,0.28982512863646404,-0.015607218694569568,0.9,3.263772792006603,3.785037521770862,0.0,0,0,0,DIRECT_LOCAL,PASS_THROUGH,0,BYPASS_VISIBLE,1,5,0.0,21.0,2.0,0.0,21.0,2.0,1,
248,8.3,0.033333,3.435523509979248,8.708970069885254,2.210655450820923,-0.02119007210509488,0.1042129173874855,1.644664053090628,-0.40269283008373785,0.10636802557699127,1.696583484475341,0.0,21.0,2.0,0.9576835106886,0.28736705593396905,-0.016200880192178642,0.9,1.6601170301437378,-0.39366036653518677,0.11320420354604721,0.14715197682380676,direct,SAFE_PROGRESSING,NONE,1,0,"3.421,8.654;3.288,9.136;3.154,9.618;3.021,10.100;2.887,10.582;2.753,11.064;2.620,11.545",0,1,PASS_THROUGH,-1,0.9569523548931143,0.28982512863646404,-0.015607218694569568,0.9,3.2330044214399685,3.7574888111829754,0.0,0,0,0,DIRECT_LOCAL,PASS_THROUGH,0,BYPASS_VISIBLE,1,5,0.0,21.0,2.0,0.0,21.0,2.0,1,
249,8.333333,0.033333,3.4497265815734863,8.763668060302734,2.2137601375579834,-0.017738741948658036,0.10301391035318375,1.6478176276837433,-0.4008229865058796,0.10678189250663879,1.6992246388232697,0.0,21.0,2.0,0.9580282983341076,0.28619817709715717,-0.016504030335595013,0.9,1.6626125574111938,-0.392020046710968,0.1136305034160614,0.14587034285068512,direct,SAFE_PROGRESSING,NONE,1,0,"3.436,8.709;3.301,9.191;3.166,9.672;3.032,10.154;2.897,10.635;2.763,11.117;2.628,11.598",0,1,PASS_THROUGH,-1,0.9569523548931143,0.28982512863646404,-0.015607218694569568,0.9,3.2026448673502763,3.7301646812261575,0.0,0,0,0,DIRECT_LOCAL,PASS_THROUGH,0,BYPASS_VISIBLE,1,5,0.0,21.0,2.0,0.0,21.0,2.0,1,
250,8.366667,0.033333,3.463683605194092,8.81851863861084,2.216888427734375,-0.014326631848447065,0.10186523199081421,1.650896659683869,-0.39898954169076817,0.10716142907851568,1.701803751087685,0.0,21.0,2.0,0.9583598572929701,0.2850679873377886,-0.016811499771889792,0.9,1.6652511358261108,-0.3900936543941498,0.11405284702777863,0.14534063637256622,direct,SAFE_PROGRESSING,NONE,1,0,"3.450,8.764;3.314,9.245;3.178,9.726;3.043,10.207;2.907,10.689;2.771,11.170;2.636,11.651",0,1,PASS_THROUGH,-1,0.9569523548931143,0.28982512863646404,-0.015607218694569568,0.9,3.172713471487906,3.7030764154707247,0.0,0,0,0,DIRECT_LOCAL,PASS_THROUGH,0,BYPASS_VISIBLE,1,5,0.0,21.0,2.0,0.0,21.0,2.0,1,
251,8.4,0.033333,3.4773972034454346,8.873516082763672,2.220040798187256,-0.010951599767559751,0.10080916434526443,1.6538891485787046,-0.3972013160563428,0.10748609238924066,1.704309672952774,0.0,21.0,2.0,0.9586788734921795,0.2839746584835004,-0.01712340091643225,0.9,1.6679267883300781,-0.3882420063018799,0.11439599841833115,0.14454030990600586,direct,SAFE_PROGRESSING,NONE,1,0,"3.464,8.819;3.327,9.299;3.190,9.780;3.053,10.261;2.917,10.742;2.780,11.223;2.643,11.704",0,1,PASS_THROUGH,-1,0.9569523548931143,0.28982512863646404,-0.015607218694569568,0.9,3.14323148529222,3.6762370550761796,0.0,0,0,0,DIRECT_LOCAL,PASS_THROUGH,0,BYPASS_VISIBLE,1,5,0.0,21.0,2.0,0.0,21.0,2.0,1,
252,8.433333,0.033333,3.4908695220947266,8.928655624389648,2.2232158184051514,-0.007609419185608873,0.09987220913171768,1.656789282084044,-0.39545462003029086,0.1077813214030454,1.7067372073565545,0.0,21.0,2.0,0.9589866112045857,0.2829143545154963,-0.01743982624411042,0.9,1.670533299446106,-0.386427104473114,0.11468827724456787,0.1436235010623932,direct,SAFE_PROGRESSING,NONE,1,0,"3.477,8.874;3.340,9.354;3.202,9.835;3.064,10.315;2.926,10.796;2.788,11.277;2.650,11.757",1,1,PASS_THROUGH,-1,0.9591324811889965,0.2829573881845805,0.0,0.9,3.1142223016196096,3.649658728754531,0.0,0,0,0,DIRECT_LOCAL,PASS_THROUGH,0,BYPASS_VISIBLE,1,5,0.0,21.0,2.0,0.0,21.0,2.0,1,
253,8.466667,0.033333,3.5041024684906006,8.98393440246582,2.226412773132324,-0.004296141482510476,0.09903673082590103,1.6596018835174833,-0.3937404834324882,0.10807627278138142,1.7090905361644078,0.0,21.0,2.0,0.9592842425436907,0.28188348455073203,-0.017760719155340388,0.9,1.6730055809020996,-0.3845879137516022,0.11496075987815857,0.14278727769851685,direct,SAFE_PROGRESSING,NONE,1,0,"3.491,8.929;3.352,9.409;3.213,9.889;3.074,10.370;2.935,10.850;2.796,11.330;2.657,11.811",0,1,PASS_THROUGH,-1,0.9589866112045857,0.2829143545154963,-0.01743982624411042,0.9,3.0850758735709967,3.623352225205336,0.0,0,0,0,DIRECT_LOCAL,PASS_THROUGH,0,BYPASS_VISIBLE,1,5,0.0,21.0,2.0,0.0,21.0,2.0,1,
254,8.5,0.033333,3.517097234725952,9.039347648620605,2.229630947113037,-0.0010088457829316724,0.09827900677919388,1.6623344237409978,-0.3920526572509523,0.10840322291182632,1.7113773053156685,0.0,21.0,2.0,0.9595726247354074,0.28087946080565485,-0.01808608182901216,0.9,1.675706148147583,-0.3819772005081177,0.11530976742506027,0.14380155503749847,direct,SAFE_PROGRESSING,NONE,1,0,"3.504,8.984;3.364,9.464;3.224,9.944;3.084,10.424;2.944,10.904;2.804,11.384;2.664,11.864",0,1,PASS_THROUGH,-1,0.9589866112045857,0.2829143545154963,-0.01743982624411042,0.9,3.054831847676465,3.597329149000023,0.0,0,0,0,DIRECT_LOCAL,PASS_THROUGH,0,BYPASS_VISIBLE,1,5,0.0,21.0,2.0,0.0,21.0,2.0,1,
255,8.533333,0.033333,3.529855251312256,9.094892501831055,2.2328712940216064,0.0022561484463219646,0.09767415374517441,1.6649949003939037,-0.3903784626986381,0.1087862764329702,1.7136037512846451,0.0,21.0,2.0,0.9598528414174955,0.27989886911551315,-0.01841591405868852,0.9,1.6783732175827026,-0.37911635637283325,0.1156814768910408,0.14551794528961182,direct,SAFE_PROGRESSING,NONE,1,0,"3.517,9.039;3.376,9.519;3.235,9.999;3.094,10.478;2.953,10.958;2.812,11.438;2.671,11.917",0,1,PASS_THROUGH,-1,0.9589866112045857,0.2829143545154963,-0.01743982624411042,0.9,3.02508905210082,3.571600121525737,0.0,0,0,0,DIRECT_LOCAL,PASS_THROUGH,0,BYPASS_VISIBLE,1,5,0.0,21.0,2.0,0.0,21.0,2.0,1,
256,8.566667,0.033333,3.542374849319458,9.150565147399902,2.2361338138580322,0.005507062482736416,0.0973362997174263,1.6675985546297458,-0.3886771604499659,0.1091723940982096,1.7157719796324338,0.0,21.0,2.0,0.9601272074501127,0.27893398824359744,-0.01875035243852937,0.9,1.6808282136917114,-0.37672266364097595,0.11595901101827621,0.1463245451450348,direct,SAFE_PROGRESSING,NONE,1,0,"3.530,9.095;3.388,9.574;3.246,10.054;3.103,10.533;2.961,11.012;2.819,11.492;2.677,11.971",0,1,PASS_THROUGH,-1,0.9589866112045857,0.2829143545154963,-0.01743982624411042,0.9,2.995869781166038,3.546174056534043,0.0,0,0,0,DIRECT_LOCAL,PASS_THROUGH,0,BYPASS_VISIBLE,1,5,0.0,21.0,2.0,0.0,21.0,2.0,1,
257,8.6,0.033333,3.5546536445617676,9.206363677978516,2.2394185066223145,0.008753536182362236,0.09726636111736298,1.6701589974690383,-0.38690407055110143,0.10951593545548219,1.7178822942083325,0.0,21.0,2.0,0.9603984736411746,0.27797547445269943,-0.01908945862246396,0.9,1.683247685432434,-0.3742261230945587,0.11621853709220886,0.14771392941474915,direct,SAFE_PROGRESSING,NONE,1,0,"3.542,9.151;3.399,9.630;3.256,10.109;3.113,10.588;2.970,11.067;2.826,11.546;2.683,12.025",0,1,PASS_THROUGH,-1,0.9589866112045857,0.2829143545154963,-0.01743982624411042,0.9,2.96719517553539,3.521058109836013,0.0,0,0,0,DIRECT_LOCAL,PASS_THROUGH,0,BYPASS_VISIBLE,1,5,0.0,21.0,2.0,0.0,21.0,2.0,1,
258,8.633333,0.033333,3.56668758392334,9.262285232543945,2.242722988128662,0.012002710589045007,0.09743250906467438,1.6726772406956536,-0.38504503428476955,0.10980190730635132,1.7199317686515059,0.0,21.0,2.0,0.9606686646711821,0.2770163598578876,-0.019433298484124756,0.9,1.6856844425201416,-0.37198197841644287,0.1164112314581871,0.1486561894416809,direct,SAFE_PROGRESSING,NONE,1,0,"3.555,9.206;3.410,9.685;3.266,10.164;3.122,10.643;2.977,11.121;2.833,11.600;2.689,12.079",1,1,PASS_THROUGH,-1,0.9608501158118145,0.27706868272040885,0.0,0.9,2.9390848651851975,3.4962587191196937,0.0,0,0,0,DIRECT_LOCAL,PASS_THROUGH,0,BYPASS_VISIBLE,1,5,0.0,21.0,2.0,0.0,21.0,2.0,1,
259,8.666667,0.033333,3.5784730911254883,9.318327903747559,2.2460460662841797,0.015260769262030646,0.09779161214828491,1.6751487935056892,-0.38311351034187363,0.11004924396971583,1.7219205203168773,0.0,21.0,2.0,0.9609395593506679,0.27605044080320484,-0.019781744293687172,0.9,1.6878056526184082,-0.36996352672576904,0.11660639196634293,0.14938439428806305,direct,SAFE_PROGRESSING,NONE,1,0,"3.567,9.262;3.421,9.741;3.276,10.219;3.131,10.697;2.985,11.176;2.840,11.654;2.694,12.133",0,1,PASS_THROUGH,-1,0.9606686646711821,0.2770163598578876,-0.019433298484124756,0.9,2.9115581546641933,3.471782071582667,0.0,0,0,0,DIRECT_LOCAL,PASS_THROUGH,0,BYPASS_VISIBLE,1,5,0.0,21.0,2.0,0.0,21.0,2.0,1,
260,8.7,0.033333,3.5900065898895264,9.374488830566406,2.249386787414551,0.018531887768140718,0.0982673168182373,1.6775647205471174,-0.38114720205352925,0.11024353336432273,1.723847504249205,0.0,21.0,2.0,0.9612123422075057,0.27507348911910684,-0.020134765253198548,0.9,1.6898645162582397,-0.36820918321609497,0.11678050458431244,0.14944154024124146,direct,SAFE_PROGRESSING,NONE,1,0,"3.578,9.318;3.432,9.796;3.286,10.274;3.139,10.753;2.993,11.231;2.846,11.709;2.700,12.187",0,1,PASS_THROUGH,-1,0.9606686646711821,0.2770163598578876,-0.019433298484124756,0.9,2.8846342898295103,3.447634901413422,0.0,0,0,0,DIRECT_LOCAL,PASS_THROUGH,0,BYPASS_VISIBLE,1,5,0.0,21.0,2.0,0.0,21.0,2.0,1,
261,8.733333,0.033333,3.6012885570526123,9.430766105651855,2.252744674682617,0.021817809193910832,0.09876743704080582,1.6799079486225659,-0.3791958472383303,0.11039559364572213,1.7257077949364614,0.0,21.0,2.0,0.9614875205878413,0.27408358471508454,-0.020492348415313066,0.9,1.6918721199035645,-0.3666388690471649,0.11696586012840271,0.14887095987796783,direct,SAFE_PROGRESSING,NONE,1,0,"3.590,9.374;3.442,9.852;3.295,10.330;3.147,10.808;3.000,11.285;2.852,11.763;2.705,12.241",0,1,PASS_THROUGH,-1,0.9606686646711821,0.2770163598578876,-0.019433298484124756,0.9,2.8583333317742974,3.4238266325688462,0.0,0,0,0,DIRECT_LOCAL,PASS_THROUGH,0,BYPASS_VISIBLE,1,5,0.0,21.0,2.0,0.0,21.0,2.0,1,
262,8.766667,0.033333,3.6123178005218506,9.487152099609375,2.256119728088379,0.025117563309628572,0.09919294714927673,1.6821613906204333,-0.3773088558615485,0.11057264072635574,1.7274997035261166,0.0,21.0,2.0,0.9617647594404208,0.2730817396106591,-0.02085451964744279,0.9,1.6940279006958008,-0.3648386597633362,0.11723734438419342,0.14862018823623657,direct,SAFE_PROGRESSING,NONE,1,0,"3.601,9.431;3.453,9.908;3.304,10.386;3.155,10.863;3.007,11.340;2.858,11.818;2.710,12.295",0,1,PASS_THROUGH,-1,0.9606686646711821,0.2770163598578876,-0.019433298484124756,0.9,2.8326781233651523,3.400368673470962,0.0,0,0,0,DIRECT_LOCAL,PASS_THROUGH,0,BYPASS_VISIBLE,1,5,0.0,21.0,2.0,0.0,21.0,2.0,1,
263,8.8,0.033333,3.6230969429016113,9.543644905090332,2.259514331817627,0.02842818498775569,0.09949991106987,1.6843192230321695,-0.37552004908992404,0.1108857252562507,1.7292316780610386,0.0,21.0,2.0,0.9620432584010324,0.27207062292374457,-0.021221336126883903,0.9,1.6963244676589966,-0.362382173538208,0.11767533421516418,0.14983013272285461,direct,SAFE_PROGRESSING,NONE,1,0,"3.612,9.487;3.463,9.964;3.313,10.441;3.163,10.918;3.014,11.395;2.864,11.872;2.714,12.350",0,1,PASS_THROUGH,-1,0.9606686646711821,0.2770163598578876,-0.019433298484124756,0.9,2.807693888298996,3.3772721882414034,0.0,0,0,0,DIRECT_LOCAL,PASS_THROUGH,0,BYPASS_VISIBLE,1,5,0.0,21.0,2.0,0.0,21.0,2.0,1,
264,8.833333,0.033333,3.6336278915405273,9.600240707397461,2.2629311084747314,0.03174797317155965,0.09976191073656082,1.6863937150871553,-0.3738220837237865,0.11138431802459609,1.7309168607610406,0.0,21.0,2.0,0.9623224473785603,0.2710521111597337,-0.021593061552016016,0.9,1.6987242698669434,-0.3598730266094208,0.1181797981262207,0.15112608671188354,direct,SAFE_PROGRESSING,NONE,1,0,"3.623,9.544;3.472,10.020;3.322,10.497;3.171,10.974;3.020,11.451;2.869,11.927;2.718,12.404",1,1,PASS_THROUGH,-1,0.9625468722418797,0.27111532368601854,0.0,0.9,2.7834055404793068,3.354548922289598,0.0,0,0,0,DIRECT_LOCAL,PASS_THROUGH,0,BYPASS_VISIBLE,1,5,0.0,21.0,2.0,0.0,21.0,2.0,1,
265,8.866667,0.033333,3.6439104080200195,9.656938552856445,2.2663731575012207,0.035078824530172144,0.10007411241531372,1.6884152360232079,-0.37215916818129036,0.11205429472779514,1.732571678362439,0.0,21.0,2.0,0.9626027623202738,0.2700245209369688,-0.02196998102273366,0.9,1.7010009288787842,-0.3575001358985901,0.1187143549323082,0.15218932926654816,direct,SAFE_PROGRESSING,NONE,1,0,"3.634,9.600;3.482,10.077;3.330,10.553;3.178,11.029;3.026,11.506;2.874,11.982;2.723,12.459",0,1,PASS_THROUGH,-1,0.9623224473785603,0.2710521111597337,-0.021593061552016016,0.9,2.7598388018197295,3.332207290373704,0.0,0,0,0,DIRECT_LOCAL,PASS_THROUGH,0,BYPASS_VISIBLE,1,5,0.0,21.0,2.0,0.0,21.0,2.0,1,
266,8.9,0.033333,3.6539430618286133,9.71373462677002,2.2698416709899902,0.0384236676153188,0.10046731680631638,1.690420246426999,-0.37046147483096786,0.11281317601575366,1.7342113846204024,0.0,21.0,2.0,0.9628849341497461,0.26898507845863834,-0.022352430606969138,0.9,1.7030525207519531,-0.35560843348503113,0.11922183632850647,0.1522887945175171,direct,SAFE_PROGRESSING,NONE,1,0,"3.644,9.657;3.491,10.133;3.338,10.609;3.185,11.085;3.032,11.561;2.879,12.037;2.726,12.513",0,1,PASS_THROUGH,-1,0.9623224473785603,0.2710521111597337,-0.021593061552016016,0.9,2.7370161572356455,3.3102562865699623,0.0,0,0,0,DIRECT_LOCAL,PASS_THROUGH,0,BYPASS_VISIBLE,1,5,0.0,21.0,2.0,0.0,21.0,2.0,1,
267,8.933333,0.033333,3.6637213230133057,9.7706298828125,2.2733373641967773,0.0417838424902242,0.10088972002267838,1.692431666365101,-0.3686839073589706,0.11354143457362088,1.7358411293162361,0.0,21.0,2.0,0.9631693040688027,0.26793237466452535,-0.02274058720101212,0.9,1.704205870628357,-0.3544420599937439,0.11978916823863983,0.1514950692653656,direct,SAFE_PROGRESSING,NONE,1,0,"3.654,9.714;3.500,10.189;3.346,10.665;3.192,11.141;3.038,11.616;2.884,12.092;2.730,12.568",0,1,PASS_THROUGH,-1,0.9623224473785603,0.2710521111597337,-0.021593061552016016,0.9,2.7149607463990453,3.288699692460522,0.0,0,0,0,DIRECT_LOCAL,PASS_THROUGH,0,BYPASS_VISIBLE,1,5,0.0,21.0,2.0,0.0,21.0,2.0,1,
268,8.966667,0.033333,3.673243522644043,9.827620506286621,2.276860237121582,0.045156656186564545,0.10122191160917282,1.6944336943784986,-0.3668384143316708,0.11406384229240475,1.73743676920717,0.0,21.0,2.0,0.963455164803714,0.26686876108378693,-0.02313460115612507,0.9,1.7056084871292114,-0.35341736674308777,0.12033938616514206,0.1501520574092865,direct,SAFE_PROGRESSING,NONE,1,0,"3.664,9.771;3.509,10.246;3.354,10.721;3.198,11.197;3.043,11.672;2.888,12.147;2.733,12.623",0,1,PASS_THROUGH,-1,0.9623224473785603,0.2710521111597337,-0.021593061552016016,0.9,2.693690457486959,3.2675462084613462,0.0,0,0,0,DIRECT_LOCAL,PASS_THROUGH,0,BYPASS_VISIBLE,1,5,0.0,21.0,2.0,0.0,21.0,2.0,1,
269,9.0,0.033333,3.6825075149536133,9.88470458984375,2.2804107666015625,0.04853544025089961,0.10137102007865906,1.6963722159695496,-0.3649899931145586,0.11436190862853825,1.7389580317915574,0.0,21.0,2.0,0.9637407363708574,0.2658005225730218,-0.023534554579721974,0.9,1.7054369449615479,-0.35328224301338196,0.12107852846384048,0.14795656502246857,direct,SAFE_PROGRESSING,NONE,1,0,"3.673,9.828;3.517,10.303;3.361,10.778;3.205,11.253;3.049,11.728;2.892,12.203;2.736,12.678",0,1,PASS_THROUGH,-1,0.9623224473785603,0.2710521111597337,-0.021593061552016016,0.9,2.672129914145561,3.246803064649682,0.0,0,0,0,DIRECT_LOCAL,PASS_THROUGH,0,BYPASS_VISIBLE,1,5,0.0,21.0,2.0,0.0,21.0,2.0,1,
270,9.033333,0.033333,3.691516637802124,9.941878318786621,2.283991575241089,0.05191166976323221,0.10123245418071747,1.6981651113431346,-0.36323083012007934,0.1143709845806907,1.740339651748106,0.0,21.0,2.0,0.9640237715809,0.26473574873968103,-0.02394057572777229,0.9,1.7074476480484009,-0.35224324464797974,0.12169032543897629,0.1458723247051239,direct,SAFE_PROGRESSING,NONE,1,0,"3.683,9.885;3.525,10.359;3.368,10.834;3.211,11.309;3.054,11.783;2.896,12.258;2.739,12.732",1,1,PASS_THROUGH,-1,0.9643001560685968,0.2648116481691843,0.0,0.9,2.645323802937905,3.226483164742347,0.0,0,0,0,DIRECT_LOCAL,PASS_THROUGH,0,BYPASS_VISIBLE,1,5,0.0,21.0,2.0,0.0,21.0,2.0,1,
271,9.066667,0.033333,3.7002763748168945,9.99913215637207,2.287604331970215,0.055275523954724064,0.1008104532957077,1.6997390214090324,-0.3616457383694231,0.11451446128115327,1.7415550358297076,0.0,21.0,2.0,0.9643016094687642,0.26368416474251505,-0.024352971892420264,0.9,1.7080796957015991,-0.3514006435871124,0.1225581020116806,0.14427070319652557,direct,SAFE_PROGRESSING,NONE,1,0,"3.692,9.942;3.533,10.416;3.375,10.890;3.217,11.365;3.058,11.839;2.900,12.313;2.742,12.788",0,1,PASS_THROUGH,-1,0.9640237715809,0.26473574873968103,-0.02394057572777229,0.9,2.6192602992694676,3.2066040195973216,0.0,0,0,0,DIRECT_LOCAL,PASS_THROUGH,0,BYPASS_VISIBLE,1,5,0.0,21.0,2.0,0.0,21.0,2.0,1,
272,9.1,0.033333,3.708794355392456,10.056458473205566,2.2912535667419434,0.05862056474740927,0.10014546662569046,1.7010981208083136,-0.36025471004927706,0.1149468662665532,1.7426218909432893,0.0,21.0,2.0,0.9645725160005766,0.2626522631842999,-0.0247719603681822,0.9,1.710382103919983,-0.3496844172477722,0.12336327135562897,0.14337202906608582,direct,SAFE_PROGRESSING,NONE,1,0,"3.700,9.999;3.541,10.473;3.381,10.947;3.222,11.421;3.063,11.895;2.903,12.369;2.744,12.843",0,1,PASS_THROUGH,-1,0.9640237715809,0.26473574873968103,-0.02394057572777229,0.9,2.5939749396956873,3.187183926813507,0.0,0,0,0,DIRECT_LOCAL,PASS_THROUGH,0,BYPASS_VISIBLE,1,5,0.0,21.0,2.0,0.0,21.0,2.0,1,
273,9.133333,0.033333,3.7170770168304443,10.113850593566895,2.2949419021606445,0.061941842045681275,0.09935338795185089,1.7022890227583511,-0.35901961895148965,0.11594822205919084,1.7435959950614541,0.0,21.0,2.0,0.9648351075028773,0.26164532401115403,-0.025198010893908156,0.9,1.7141201496124268,-0.3468599319458008,0.12406598031520844,0.14351977407932281,direct,SAFE_PROGRESSING,NONE,1,0,"3.709,10.056;3.548,10.530;3.388,11.004;3.227,11.477;3.067,11.951;2.906,12.424;2.746,12.898",0,1,PASS_THROUGH,-1,0.9640237715809,0.26473574873968103,-0.02394057572777229,0.9,2.5695040486006033,3.1682395723419106,0.0,0,0,0,DIRECT_LOCAL,PASS_THROUGH,0,BYPASS_VISIBLE,1,5,0.0,21.0,2.0,0.0,21.0,2.0,1,
274,9.166667,0.033333,3.725127935409546,10.171306610107422,2.2986695766448975,0.06523975106381634,0.09862378239631653,1.703457521049872,-0.3578197643667632,0.11762309958416449,1.744602448510447,0.0,21.0,2.0,0.9650894349365718,0.2606634074389216,-0.025631437652602777,0.9,1.7138479948043823,-0.34743446111679077,0.12487994134426117,0.13865119218826294,direct,SAFE_PROGRESSING,NONE,1,0,"3.717,10.114;3.556,10.587;3.394,11.060;3.232,11.533;3.071,12.007;2.909,12.480;2.748,12.953",0,1,PASS_THROUGH,-1,0.9640237715809,0.26473574873968103,-0.02394057572777229,0.9,2.545882564688772,3.149782843644399,0.0,0,0,0,DIRECT_LOCAL,PASS_THROUGH,0,BYPASS_VISIBLE,1,5,0.0,21.0,2.0,0.0,21.0,2.0,1,
275,9.2,0.033333,3.7329459190368652,10.228827476501465,2.302435874938965,0.06851466652610806,0.09773590415716171,1.7047407975685538,-0.3565301167393932,0.11928192134138622,1.7457041810672755,0.0,21.0,2.0,0.9653355720233252,0.259706498241851,-0.026072363862049194,0.9,1.7164185047149658,-0.3474692106246948,0.12539523839950562,0.13276153802871704,direct,SAFE_PROGRESSING,NONE,1,0,"3.725,10.171;3.562,10.644;3.400,11.117;3.237,11.590;3.075,12.063;2.912,12.535;2.749,13.008",0,1,PASS_THROUGH,-1,0.9640237715809,0.26473574873968103,-0.02394057572777229,0.9,2.5231405669827365,3.1318201004460677,0.0,0,0,0,DIRECT_LOCAL,PASS_THROUGH,0,BYPASS_VISIBLE,1,5,0.0,21.0,2.0,0.0,21.0,2.0,1,
276,9.233333,0.033333,3.7405319213867188,10.286415100097656,2.3062374591827393,0.0717527235967541,0.09643266350030899,1.7061455359228583,-0.35517050752275126,0.12097158416449255,1.746915225000553,0.0,21.0,2.0,0.9655699868362185,0.25878803199920375,-0.026520841145860098,0.9,1.7184805870056152,-0.3464760184288025,0.12625205516815186,0.12970788776874542,direct,SAFE_PROGRESSING,NONE,1,0,"3.733,10.229;3.569,10.701;3.405,11.174;3.242,11.646;3.078,12.119;2.914,12.591;2.751,13.063",1,1,PASS_THROUGH,-1,0.9659097353159026,0.2588790899666539,0.0,0.9,2.5013027041098974,3.11435927746792,0.0,0,0,0,DIRECT_LOCAL,PASS_THROUGH,0,BYPASS_VISIBLE,1,5,0.0,21.0,2.0,0.0,21.0,2.0,1,
277,9.266667,0.033333,3.74788761138916,10.344074249267578,2.3100745677948,0.07493851699094473,0.09475857764482498,1.7076710178660137,-0.35381757120184587,0.122716800263517,1.7482524394427816,0.0,21.0,2.0,0.9657887494521262,0.25792314651291964,-0.026976692246698665,0.9,1.7205569744110107,-0.3453857898712158,0.12724772095680237,0.12708187103271484,direct,SAFE_PROGRESSING,NONE,1,0,"3.741,10.286;3.576,10.758;3.411,11.231;3.246,11.703;3.081,12.175;2.916,12.647;2.752,13.119",0,1,PASS_THROUGH,-1,0.9655699868362185,0.25878803199920375,-0.026520841145860098,0.9,2.480395113262187,3.097407917152389,0.0,0,0,0,DIRECT_LOCAL,PASS_THROUGH,0,BYPASS_VISIBLE,1,5,0.0,21.0,2.0,0.0,21.0,2.0,1,
278,9.3,0.033333,3.755017042160034,10.401805877685547,2.3139488697052,0.07806295766678656,0.09286601096391678,1.709305816177582,-0.3525127838305511,0.12441571703511418,1.7497059486176059,0.0,21.0,2.0,0.9659895537900277,0.25712103201563,-0.02744005947078948,0.9,1.7229704856872559,-0.34415775537490845,0.128226637840271,0.12432347238063812,direct,SAFE_PROGRESSING,NONE,1,0,"3.748,10.344;3.582,10.816;3.416,11.287;3.250,11.759;3.084,12.231;2.918,12.702;2.753,13.174",0,1,PASS_THROUGH,-1,0.9655699868362185,0.25878803199920375,-0.026520841145860098,0.9,2.4604433987456447,3.080977510292449,0.0,0,0,0,DIRECT_LOCAL,PASS_THROUGH,0,BYPASS_VISIBLE,1,5,0.0,21.0,2.0,0.0,21.0,2.0,1,
279,9.333333,0.033333,3.761925458908081,10.459611892700195,2.317859411239624,0.0811222398960684,0.09087774902582169,1.7110412960600996,-0.3512453487470812,0.12600422524860352,1.7512603109246738,0.0,21.0,2.0,0.9661714389703531,0.2563858716075592,-0.027911204882437136,0.9,1.7250341176986694,-0.3440779149532318,0.1290428787469864,0.11889283359050751,direct,SAFE_PROGRESSING,NONE,1,0,"3.755,10.402;3.588,10.873;3.421,11.344;3.254,11.816;3.087,12.287;2.920,12.758;2.753,13.230",0,1,PASS_THROUGH,-1,0.9655699868362185,0.25878803199920375,-0.026520841145860098,0.9,2.4414772319787774,3.0650804025863314,0.0,0,0,0,DIRECT_LOCAL,PASS_THROUGH,0,BYPASS_VISIBLE,1,5,0.0,21.0,2.0,0.0,21.0,2.0,1,
280,9.366667,0.033333,3.7686171531677246,10.517495155334473,2.321803092956543,0.08411343091584451,0.08872806280851364,1.7128803914438475,-0.3499846233235941,0.12746283361121993,1.7529105071018278,0.0,21.0,2.0,0.9663336368679875,0.2557211389637582,-0.02839016281331904,0.9,1.7260212898254395,-0.34380030632019043,0.1300760805606842,0.11486665159463882,direct,SAFE_PROGRESSING,NONE,1,0,"3.762,10.460;3.594,10.931;3.426,11.401;3.258,11.872;3.090,12.343;2.922,12.814;2.754,13.285",0,1,PASS_THROUGH,-1,0.9655699868362185,0.25878803199920375,-0.026520841145860098,0.9,2.4235269420509056,3.0497278750067593,0.0,0,0,0,DIRECT_LOCAL,PASS_THROUGH,0,BYPASS_VISIBLE,1,5,0.0,21.0,2.0,0.0,21.0,2.0,1,
281,9.4,0.033333,3.7750964164733887,10.575456619262695,2.3257806301116943,0.08702878749467154,0.08636261522769928,1.7147956737969265,-0.3487487518947206,0.1287198929906846,1.7546277969051767,0.0,21.0,2.0,0.9664741616483717,0.2551349181994624,-0.028876779277312747,0.9,1.7286862134933472,-0.34045982360839844,0.13127677142620087,0.11673722416162491,direct,SAFE_PROGRESSING,NONE,1,0,"3.769,10.517;3.599,10.988;3.430,11.459;3.261,11.929;3.092,12.400;2.923,12.870;2.754,13.341",0,1,PASS_THROUGH,-1,0.9655699868362185,0.25878803199920375,-0.026520841145860098,0.9,2.406621565110463,3.034932068483023,0.0,0,0,0,DIRECT_LOCAL,PASS_THROUGH,0,BYPASS_VISIBLE,1,5,0.0,21.0,2.0,0.0,21.0,2.0,1,
282,9.433333,0.033333,3.7813668251037598,10.633498191833496,2.329794406890869,0.08986637290381483,0.08414386957883835,1.7167390580769977,-0.34754063412870434,0.1298011366938462,1.7563672227027847,0.0,21.0,2.0,0.9665925098920047,0.254629633528044,-0.029371236781051836,0.9,1.7294723987579346,-0.3374421000480652,0.13244512677192688,0.11987898498773575,direct,SAFE_PROGRESSING,NONE,1,0,"3.775,10.575;3.605,11.046;3.435,11.516;3.264,11.986;3.094,12.456;2.924,12.926;2.754,13.396",1,1,PASS_THROUGH,-1,0.9670097048002201,0.25473953525550574,0.0,0.9,2.390790703385419,3.0207041992314743,0.0,0,0,0,DIRECT_LOCAL,PASS_THROUGH,0,BYPASS_VISIBLE,1,5,0.0,21.0,2.0,0.0,21.0,2.0,1,
283,9.466667,0.033333,3.787429094314575,10.691617012023926,2.3338422775268555,0.0926416490683921,0.08245638757944107,1.7186867389840224,-0.34625201967834823,0.13027976144040984,1.758052156260399,0.0,21.0,2.0,0.9666925862059557,0.2541908639832028,-0.029873875575724483,0.9,1.7309508323669434,-0.3358541429042816,0.13280454277992249,0.11965988576412201,direct,SAFE_PROGRESSING,NONE,1,0,"3.781,10.633;3.610,11.103;3.439,11.573;3.267,12.043;3.096,12.512;2.925,12.982;2.753,13.452",0,1,PASS_THROUGH,-1,0.9665925098920047,0.254629633528044,-0.029371236781051836,0.9,2.3760625225176213,3.0070544278416937,0.0,0,0,0,DIRECT_LOCAL,PASS_THROUGH,0,BYPASS_VISIBLE,1,5,0.0,21.0,2.0,0.0,21.0,2.0,1,
284,9.5,0.033333,3.793278694152832,10.749810218811035,2.33791184425354,0.0953740824348854,0.08132550865411758,1.7205909021413919,-0.3447704515333353,0.13012858782639425,1.7596116520846072,0.0,21.0,2.0,0.9667793780115965,0.2537999390195057,-0.030384621195695787,0.9,1.7320313453674316,-0.3351140320301056,0.13266701996326447,0.11804939806461334,direct,SAFE_PROGRESSING,NONE,1,0,"3.787,10.692;3.615,11.161;3.443,11.630;3.270,12.100;3.098,12.569;2.925,13.038;2.753,13.508",0,1,PASS_THROUGH,-1,0.9665925098920047,0.254629633528044,-0.029371236781051836,0.9,2.362463483006003,2.9939876990926155,0.0,0,0,0,DIRECT_LOCAL,PASS_THROUGH,0,BYPASS_VISIBLE,1,5,0.0,21.0,2.0,0.0,21.0,2.0,1,
285,9.533333,0.033333,3.7989120483398438,10.808073997497559,2.3419899940490723,0.09807586749147858,0.08053694665431976,1.722415847859128,-0.3430960590355295,0.12961920913034114,1.761031628920266,0.0,21.0,2.0,0.9668561319277715,0.25344478243348184,-0.03090246609758804,0.9,1.733346939086914,-0.3339102566242218,0.13236412405967712,0.1175994873046875,direct,SAFE_PROGRESSING,NONE,1,0,"3.793,10.750;3.620,11.219;3.446,11.688;3.273,12.157;3.099,12.625;2.926,13.094;2.752,13.563",0,1,PASS_THROUGH,-1,0.9665925098920047,0.254629633528044,-0.029371236781051836,0.9,2.350013835985117,2.9815098074051103,0.0,0,0,0,DIRECT_LOCAL,PASS_THROUGH,0,BYPASS_VISIBLE,1,5,0.0,21.0,2.0,0.0,21.0,2.0,1,
286,9.566667,0.033333,3.8043265342712402,10.866403579711914,2.3460683822631836,0.10075244780980691,0.07994526624679565,1.7241382973420516,-0.34133659027958413,0.12906749579849375,1.7623342346719977,0.0,21.0,2.0,0.9669243561601045,0.2531198850709878,-0.031426314547161605,0.9,1.734744906425476,-0.3323507010936737,0.13206607103347778,0.11805373430252075,direct,SAFE_PROGRESSING,NONE,1,0,"3.799,10.808;3.624,11.277;3.450,11.745;3.275,12.214;3.100,12.682;2.926,13.151;2.751,13.619",0,1,PASS_THROUGH,-1,0.9665925098920047,0.254629633528044,-0.029371236781051836,0.9,2.3387335021025533,2.969627340626597,0.0,0,0,0,DIRECT_LOCAL,PASS_THROUGH,0,BYPASS_VISIBLE,1,5,0.0,21.0,2.0,0.0,21.0,2.0,1,
287,9.6,0.033333,3.809523582458496,10.924795150756836,2.3501431941986084,0.10340959940813096,0.07953578978776932,1.7257606790369204,-0.3396122250950575,0.12864770711206627,1.7635579427082004,0.0,21.0,2.0,0.9669856102592528,0.2528194542937866,-0.03195548594736783,0.9,1.7359687089920044,-0.3308618366718292,0.1318097561597824,0.11862416565418243,direct,SAFE_PROGRESSING,NONE,1,0,"3.804,10.866;3.629,11.335;3.453,11.803;3.277,12.271;3.101,12.739;2.926,13.207;2.750,13.675",0,1,PASS_THROUGH,-1,0.9665925098920047,0.254629633528044,-0.029371236781051836,0.9,2.328489950635616,2.958350084712497,0.0,0,0,0,DIRECT_LOCAL,PASS_THROUGH,0,BYPASS_VISIBLE,1,5,0.0,21.0,2.0,0.0,21.0,2.0,1,
288,9.633333,0.033333,3.8145062923431396,10.983245849609375,2.354214906692505,0.10605457590459061,0.07930781692266464,1.7273020946689446,-0.33799640716024815,0.12835655897630918,1.7647349669945338,0.0,21.0,2.0,0.9670417110630027,0.2525366273766314,-0.0324897044858285,0.9,1.7370331287384033,-0.3295538127422333,0.13159433007240295,0.119109146296978,direct,SAFE_PROGRESSING,NONE,1,0,"3.810,10.925;3.633,11.392;3.456,11.860;3.279,12.328;3.102,12.796;2.925,13.263;2.749,13.731",1,1,PASS_THROUGH,-1,0.9675525108701621,0.25267001941038647,0.0,0.9,2.311818579908209,2.947688850031366,0.0,0,0,0,DIRECT_LOCAL,PASS_THROUGH,0,BYPASS_VISIBLE,1,5,0.0,21.0,2.0,0.0,21.0,2.0,1,
289,9.666667,0.033333,3.819279909133911,11.041754722595215,2.3582839965820312,0.10869425760618234,0.0792359933257103,1.7287782343346234,-0.33651331908209814,0.12811579723456357,1.7658791167375631,0.0,21.0,2.0,0.9670943151246425,0.2522650687827211,-0.033029089082922396,0.9,1.738077163696289,-0.32832786440849304,0.1314174234867096,0.11963919550180435,direct,SAFE_PROGRESSING,NONE,1,0,"3.815,10.983;3.637,11.451;3.459,11.918;3.281,12.385;3.103,12.852;2.925,13.320;2.747,13.787",0,1,PASS_THROUGH,-1,0.9670417110630027,0.2525366273766314,-0.0324897044858285,0.9,2.296301246947859,2.9376557792654387,0.0,0,0,0,DIRECT_LOCAL,PASS_THROUGH,0,BYPASS_VISIBLE,1,5,0.0,21.0,2.0,0.0,21.0,2.0,1,
290,9.7,0.033333,3.823848247528076,11.10031795501709,2.3623530864715576,0.11133400005582736,0.07929015904664993,1.7301917560700066,-0.3351572616747443,0.12787415978704866,1.766987748561707,0.0,21.0,2.0,0.967144622151043,0.2520001631756838,-0.03357376362198603,0.9,1.7391902208328247,-0.3270983397960663,0.13127322494983673,0.12029169499874115,direct,SAFE_PROGRESSING,NONE,1,0,"3.819,11.042;3.640,11.509;3.461,11.975;3.282,12.442;3.103,12.909;2.924,13.376;2.745,13.843",0,1,PASS_THROUGH,-1,0.9670417110630027,0.2525366273766314,-0.0324897044858285,0.9,2.281969915914364,2.928262109659712,0.0,0,0,0,DIRECT_LOCAL,PASS_THROUGH,0,BYPASS_VISIBLE,1,5,0.0,21.0,2.0,0.0,21.0,2.0,1,
291,9.733333,0.033333,3.828214168548584,11.158931732177734,2.366422176361084,0.11397790198115294,0.07944996654987335,1.7315388212235077,-0.3339090682730886,0.12763765614841155,1.7680535417645467,0.0,21.0,2.0,0.9671935569801351,0.251738301857804,-0.03412404890781831,0.9,1.7403870820999146,-0.32584917545318604,0.13115006685256958,0.12102759629487991,direct,SAFE_PROGRESSING,NONE,1,0,"3.824,11.100;3.644,11.567;3.464,12.033;3.283,12.500;3.103,12.966;2.923,13.432;2.743,13.899",0,1,PASS_THROUGH,-1,0.9670417110630027,0.2525366273766314,-0.0324897044858285,0.9,2.2688549893843066,2.9195177702637953,0.0,0,0,0,DIRECT_LOCAL,PASS_THROUGH,0,BYPASS_VISIBLE,1,5,0.0,21.0,2.0,0.0,21.0,2.0,1,
292,9.766667,0.033333,3.8323800563812256,11.217595100402832,2.3704912662506104,0.11662932094161584,0.07970187067985535,1.7328185398975444,-0.3327454039372007,0.12744527316929122,1.769073738911746,0.0,21.0,2.0,0.9672418816864539,0.25147651622629164,-0.03468002448579962,0.9,1.7416393756866455,-0.3246152102947235,0.13103312253952026,0.12174028158187866,direct,SAFE_PROGRESSING,NONE,1,0,"3.828,11.159;3.647,11.625;3.466,12.091;3.284,12.557;3.103,13.023;2.922,13.489;2.741,13.955",0,1,PASS_THROUGH,-1,0.9670417110630027,0.2525366273766314,-0.0324897044858285,0.9,2.2569844176006644,2.911431237215122,0.0,0,0,0,DIRECT_LOCAL,PASS_THROUGH,0,BYPASS_VISIBLE,1,5,0.0,21.0,2.0,0.0,21.0,2.0,1,
293,9.8,0.033333,3.8363471031188965,11.276307106018066,2.3745625019073486,0.11929098891708517,0.08002975583076477,1.7340393642262941,-0.33164511994050483,0.12733156031314236,1.7700548942104766,0.0,21.0,2.0,0.9672901824455691,0.25121249943237267,-0.03524178022401632,0.9,1.7429018020629883,-0.32343727350234985,0.13091272115707397,0.12234935164451599,direct,SAFE_PROGRESSING,NONE,1,0,"3.832,11.218;3.650,11.683;3.468,12.149;3.285,12.614;3.103,13.080;2.920,13.545;2.738,14.011",0,1,PASS_THROUGH,-1,0.9670417110630027,0.2525366273766314,-0.0324897044858285,0.9,2.2463832459323565,2.9040095415365847,0.0,0,0,0,DIRECT_LOCAL,PASS_THROUGH,0,BYPASS_VISIBLE,1,5,0.0,21.0,2.0,0.0,21.0,2.0,1,
294,9.833333,0.033333,3.8401169776916504,11.335062980651855,2.3786356449127197,0.12196487807635228,0.08041004836559296,1.7352164828617531,-0.3305936298516279,0.12730313753627379,1.7710094520696857,0.0,21.0,2.0,0.9673388698287392,0.25094458046738966,-0.035809613967526986,0.9,1.7441532611846924,-0.32233351469039917,0.13078436255455017,0.12282313406467438,direct,SAFE_PROGRESSING,NONE,1,0,"3.836,11.276;3.653,11.741;3.469,12.207;3.286,12.672;3.102,13.137;2.919,13.602;2.735,14.067",1,1,PASS_THROUGH,-1,0.9679596900421482,0.2511056320625015,0.0,0.9,2.237073671814446,2.8972605304309913,0.0,0,0,0,DIRECT_LOCAL,PASS_THROUGH,0,BYPASS_VISIBLE,1,5,0.0,21.0,2.0,0.0,21.0,2.0,1,
295,9.866667,0.033333,3.8436896800994873,11.3938627243042,2.3827109336853027,0.12465206255896347,0.08081401139497757,1.7363668242416954,-0.3295850610555729,0.12733913142096379,1.7719512733676515,0.0,21.0,2.0,0.9673881571172168,0.25067187320337,-0.03638358770199471,0.9,1.7453835010528564,-0.3212926983833313,0.1306501179933548,0.12319183349609375,direct,SAFE_PROGRESSING,NONE,1,0,"3.840,11.335;3.655,11.800;3.471,12.264;3.286,12.729;3.102,13.194;2.917,13.658;2.732,14.123",0,1,PASS_THROUGH,-1,0.9673388698287392,0.25094458046738966,-0.035809613967526986,0.9,2.2290771870885786,2.891189118237666,0.0,0,0,0,DIRECT_LOCAL,PASS_THROUGH,0,BYPASS_VISIBLE,1,5,0.0,21.0,2.0,0.0,21.0,2.0,1,
296,9.9,0.033333,3.8470659255981445,11.452706336975098,2.386789083480835,0.12735268285554133,0.08121434599161148,1.7375029291103197,-0.32862080656572695,0.12740364897985432,1.7728902258595234,0.0,21.0,2.0,0.9674380150359927,0.25039441387313033,-0.03696382778271488,0.9,1.7465851306915283,-0.32030102610588074,0.1305140107870102,0.1234906017780304,direct,SAFE_PROGRESSING,NONE,1,0,"3.844,11.394;3.658,11.858;3.472,12.322;3.286,12.787;3.101,13.251;2.915,13.715;2.729,14.179",0,1,PASS_THROUGH,-1,0.9673388698287392,0.25094458046738966,-0.035809613967526986,0.9,2.2224104417760047,2.8858006368682276,0.0,0,0,0,DIRECT_LOCAL,PASS_THROUGH,0,BYPASS_VISIBLE,1,5,0.0,21.0,2.0,0.0,21.0,2.0,1,
297,9.933333,0.033333,3.8502464294433594,11.511590957641602,2.3908677101135254,0.13006614378376494,0.08159033209085464,1.7386310153772604,-0.32770588332791684,0.12746157049831427,1.7738307150214168,0.0,21.0,2.0,0.9674882109339727,0.2501130164661457,-0.03755050862486711,0.9,1.7477891445159912,-0.31930553913116455,0.1303783357143402,0.12380534410476685,direct,SAFE_PROGRESSING,NONE,1,0,"3.847,11.453;3.660,11.916;3.473,12.380;3.286,12.844;3.100,13.308;2.913,13.772;2.726,14.235",0,1,PASS_THROUGH,-1,0.9673388698287392,0.25094458046738966,-0.035809613967526986,0.9,2.2170886774099032,2.881100483123155,0.0,0,0,0,DIRECT_LOCAL,PASS_THROUGH,0,BYPASS_VISIBLE,1,5,0.0,21.0,2.0,0.0,21.0,2.0,1,
298,9.966667,0.033333,3.853231906890869,11.570517539978027,2.3949482440948486,0.13279151683274643,0.08193308860063553,1.739750849476228,-0.326843652960168,0.12749191847896985,1.7747715292428632,0.0,21.0,2.0,0.9675384655144319,0.2498287241804762,-0.038143496488054256,0.9,1.7489732503890991,-0.3183131814002991,0.13024389743804932,0.12413492798805237,direct,SAFE_PROGRESSING,NONE,1,0,"3.850,11.512;3.662,11.975;3.474,12.438;3.286,12.902;3.098,13.365;2.910,13.828;2.722,14.291",0,1,PASS_THROUGH,-1,0.9673388698287392,0.25094458046738966,-0.035809613967526986,0.9,2.2131252160138835,2.8770931523176446,0.0,0,0,0,DIRECT_LOCAL,PASS_THROUGH,0,BYPASS_VISIBLE,1,5,0.0,21.0,2.0,0.0,21.0,2.0,1,
299,10.0,0.033333,3.8560235500335693,11.629485130310059,2.3990299701690674,0.13552773510995364,0.08224315941333771,1.7408609802932669,-0.3260320887895156,0.1274841109910249,1.7757100197338698,0.0,21.0,2.0,0.9675884163376429,0.2495428486381532,-0.03874304147544377,0.9,1.7501113414764404,-0.3173569142818451,0.1301083266735077,0.12442971020936966,direct,SAFE_PROGRESSING,NONE,1,0,"3.853,11.571;3.664,12.033;3.475,12.496;3.286,12.959;3.097,13.422;2.908,13.885;2.718,14.348",0,1,PASS_THROUGH,-1,0.9673388698287392,0.25094458046738966,-0.035809613967526986,0.9,2.2105304315927237,2.873783536424673,0.0,0,0,0,DIRECT_LOCAL,PASS_THROUGH,0,BYPASS_VISIBLE,1,5,0.0,21.0,2.0,0.0,21.0,2.0,1,
300,10.033333,0.033333,3.8586220741271973,11.688492774963379,2.403111696243286,0.13827392802699195,0.08252286911010742,1.7419576154052614,-0.3252630913931394,0.12743296740320048,1.776640530234575,0.0,21.0,2.0,0.9676377640329279,0.24925649363330557,-0.03934918041059653,0.9,1.7512080669403076,-0.3164442181587219,0.1299688071012497,0.12467332184314728,direct,SAFE_PROGRESSING,NONE,1,0,"3.856,11.629;3.666,12.092;3.475,12.554;3.285,13.017;3.095,13.479;2.905,13.941;2.714,14.404",1,1,PASS_THROUGH,-1,0.9683877599280311,0.2494496871546845,0.0,0.9,2.209312955902602,2.8711756692498067,0.0,0,0,0,DIRECT_LOCAL,PASS_THROUGH,0,BYPASS_VISIBLE,1,5,0.0,21.0,2.0,0.0,21.0,2.0,1,
301,10.066667,0.033333,3.861027956008911,11.747539520263672,2.407193422317505,0.14102910375535768,0.08277329802513123,1.7430372340680664,-0.32452647152808406,0.12733762632303472,1.7775576224549539,0.0,21.0,2.0,0.9676861915292223,0.24897084353297133,-0.039961904285829804,0.9,1.7521655559539795,-0.31562748551368713,0.12983489036560059,0.12484027445316315,direct,SAFE_PROGRESSING,NONE,1,0,"3.859,11.688;3.667,12.150;3.476,12.612;3.284,13.074;3.093,13.536;2.902,13.998;2.710,14.460",0,1,PASS_THROUGH,-1,0.9676377640329279,0.24925649363330557,-0.03934918041059653,0.9,2.209478355869011,2.8692729512029835,0.0,0,0,0,DIRECT_LOCAL,PASS_THROUGH,0,BYPASS_VISIBLE,1,5,0.0,21.0,2.0,0.0,21.0,2.0,1,
302,10.1,0.033333,3.863241672515869,11.806623458862305,2.4112751483917236,0.14379221038360637,0.08299171924591064,1.7440945779605699,-0.32381458859481893,0.1271915465001745,1.7784542372969276,0.0,21.0,2.0,0.9677333677874024,0.24868712292803902,-0.0405813228052817,0.9,1.7532027959823608,-0.314791202545166,0.1296864151954651,0.12499311566352844,direct,SAFE_PROGRESSING,NONE,1,0,"3.861,11.748;3.668,12.209;3.476,12.670;3.283,13.132;3.091,13.593;2.898,14.055;2.706,14.516",0,1,PASS_THROUGH,-1,0.9676377640329279,0.24925649363330557,-0.03934918041059653,0.9,2.211029325046024,2.8680784256430982,0.0,0,0,0,DIRECT_LOCAL,PASS_THROUGH,0,BYPASS_VISIBLE,1,5,0.0,21.0,2.0,0.0,21.0,2.0,1,
303,10.133333,0.033333,3.8652634620666504,11.865744590759277,2.415354013442993,0.14656210063456188,0.083179771900177,1.7451220078188456,-0.32312444945512486,0.1270218534290589,1.7793242490501584,0.0,21.0,2.0,0.9677789473306854,0.24840661705137804,-0.04120754431655017,0.9,1.754226803779602,-0.3139438033103943,0.1295345276594162,0.12517140805721283,direct,SAFE_PROGRESSING,NONE,1,0,"3.863,11.807;3.670,12.268;3.476,12.729;3.282,13.189;3.088,13.650;2.895,14.111;2.701,14.572",0,1,PASS_THROUGH,-1,0.9676377640329279,0.24925649363330557,-0.03934918041059653,0.9,2.213666692454379,2.8675943616281505,0.0,0,0,0,DIRECT_LOCAL,PASS_THROUGH,0,BYPASS_VISIBLE,1,5,0.0,21.0,2.0,0.0,21.0,2.0,1,
304,10.166667,0.033333,3.867093563079834,11.92490005493164,2.4194326400756836,0.14933788006918763,0.08334358781576157,1.7461175146728192,-0.3224539814958749,0.12685877681510868,1.7801674343962004,0.0,21.0,2.0,0.9678226460074175,0.248130423087943,-0.041840399297800465,0.9,1.755269169807434,-0.3130584955215454,0.1293761283159256,0.1254098117351532,direct,SAFE_PROGRESSING,NONE,1,0,"3.865,11.866;3.670,12.326;3.476,12.787;3.281,13.247;3.086,13.708;2.891,14.168;2.696,14.629",0,1,PASS_THROUGH,-1,0.9676377640329279,0.24925649363330557,-0.03934918041059653,0.9,2.2153194122983026,2.8678227243971195,0.0,0,0,0,DIRECT_LOCAL,PASS_THROUGH,0,BYPASS_VISIBLE,1,5,0.0,21.0,2.0,0.0,21.0,2.0,1,
305,10.2,0.033333,3.868732213973999,11.984089851379395,2.423511266708374,0.1521188720535982,0.08349259197711945,1.7470852215468369,-0.3217992778407175,0.1267196215373438,1.7809883236699604,0.0,21.0,2.0,0.9678642396799906,0.24785931744296083,-0.042480257830943474,0.9,1.756291389465332,-0.3121924102306366,0.12920665740966797,0.12561693787574768,direct,SAFE_PROGRESSING,NONE,1,0,"3.867,11.925;3.671,12.385;3.475,12.845;3.279,13.305;3.083,13.765;2.887,14.225;2.691,14.685",0,1,PASS_THROUGH,-1,0.9676377640329279,0.24925649363330557,-0.03934918041059653,0.9,2.2172356380620593,2.868764929052848,0.0,0,0,0,DIRECT_LOCAL,PASS_THROUGH,0,BYPASS_VISIBLE,1,5,0.0,21.0,2.0,0.0,21.0,2.0,1,
306,10.233333,0.033333,3.8701798915863037,12.04331111907959,2.427586793899536,0.1549047841298392,0.08363371342420578,1.7480320708094423,-0.32115323759604963,0.12660157791539867,1.7817922107045594,0.0,21.0,2.0,0.9679035797669158,0.24759381886496032,-0.04312726671439648,0.9,1.7572778463363647,-0.3113901913166046,0.12902246415615082,0.12572097778320312,direct,SAFE_PROGRESSING,NONE,1,0,"3.869,11.984;3.672,12.444;3.474,12.903;3.277,13.363;3.080,13.822;2.883,14.282;2.686,14.741",1,1,PASS_THROUGH,-1,0.968804968893585,0.2478243980061276,0.0,0.9,2.218994086358283,2.870422231007219,0.0,0,0,0,DIRECT_LOCAL,PASS_THROUGH,0,BYPASS_VISIBLE,1,5,0.0,21.0,2.0,0.0,21.0,2.0,1,
307,10.266667,0.033333,3.8714356422424316,12.102564811706543,2.431661605834961,0.1576953275855858,0.08376500010490417,1.7489653463693362,-0.3205089801928216,0.12648595371865948,1.7825836546073157,0.0,21.0,2.0,0.9679405551811657,0.24733436106876963,-0.043781222804760475,0.9,1.7581663131713867,-0.31073063611984253,0.12882685661315918,0.12561474740505219,direct,SAFE_PROGRESSING,NONE,1,0,"3.870,12.043;3.672,12.502;3.474,12.961;3.275,13.420;3.077,13.879;2.879,14.338;2.680,14.797",0,1,PASS_THROUGH,-1,0.9679035797669158,0.24759381886496032,-0.04312726671439648,0.9,2.2201899675775802,2.8727940137096715,0.0,0,0,0,DIRECT_LOCAL,PASS_THROUGH,0,BYPASS_VISIBLE,1,5,0.0,21.0,2.0,0.0,21.0,2.0,1,
308,10.3,0.033333,3.872499465942383,12.161847114562988,2.4357337951660156,0.16048994673203143,0.08387215435504913,1.7498880220981712,-0.31986500550376656,0.1263512704379286,1.7833637753329667,0.0,21.0,2.0,0.967974959077388,0.2470816520674477,-0.04444250005062517,0.9,1.7591315507888794,-0.31002557277679443,0.12862198054790497,0.12555766105651855,direct,SAFE_PROGRESSING,NONE,1,0,"3.871,12.103;3.672,12.561;3.472,13.020;3.273,13.478;3.073,13.936;2.874,14.395;2.674,14.853",0,1,PASS_THROUGH,-1,0.9679035797669158,0.24759381886496032,-0.04312726671439648,0.9,2.221942035633126,2.875880106790767,0.0,0,0,0,DIRECT_LOCAL,PASS_THROUGH,0,BYPASS_VISIBLE,1,5,0.0,21.0,2.0,0.0,21.0,2.0,1,
309,10.333333,0.033333,3.8733716011047363,12.221158981323242,2.439803123474121,0.16328749555026928,0.08394815772771835,1.7507980149244609,-0.3192268319250837,0.126204559232898,1.784132015870891,0.0,21.0,2.0,0.968006483506876,0.24683687762896137,-0.04511101562853049,0.9,1.76004159450531,-0.3093275725841522,0.1284242868423462,0.12553665041923523,direct,SAFE_PROGRESSING,NONE,1,0,"3.872,12.162;3.672,12.620;3.471,13.078;3.271,13.536;3.070,13.994;2.869,14.452;2.669,14.910",0,1,PASS_THROUGH,-1,0.9679035797669158,0.24759381886496032,-0.04312726671439648,0.9,2.222531041456484,2.8796802516785585,0.0,0,0,0,DIRECT_LOCAL,PASS_THROUGH,0,BYPASS_VISIBLE,1,5,0.0,21.0,2.0,0.0,21.0,2.0,1,
310,10.366667,0.033333,3.874052047729492,12.280500411987305,2.4438693523406982,0.16608697826438096,0.08399614691734314,1.7516940380939847,-0.3185999324225812,0.12604753047004175,1.7848882037739169,0.0,21.0,2.0,0.9680347954129913,0.24660129092080432,-0.04578687787915956,0.9,1.7609392404556274,-0.3086321949958801,0.12822602689266205,0.12552911043167114,direct,SAFE_PROGRESSING,NONE,1,0,"3.873,12.221;3.672,12.679;3.470,13.136;3.268,13.594;3.066,14.051;2.864,14.508;2.662,14.966",0,1,PASS_THROUGH,-1,0.9679035797669158,0.24759381886496032,-0.04312726671439648,0.9,2.2235586524662105,2.8841935777767462,0.0,0,0,0,DIRECT_LOCAL,PASS_THROUGH,0,BYPASS_VISIBLE,1,5,0.0,21.0,2.0,0.0,21.0,2.0,1,
311,10.4,0.033333,3.8745410442352295,12.339868545532227,2.447932720184326,0.16888761667780522,0.08402219414710999,1.7525747417121416,-0.3179861679434325,0.12587680569218618,1.7856310924997911,0.0,21.0,2.0,0.9680596295138152,0.24637588104162153,-0.046470194173684275,0.9,1.7617559432983398,-0.3080124855041504,0.12802614271640778,0.12543749809265137,direct,SAFE_PROGRESSING,NONE,1,0,"3.874,12.281;3.671,12.737;3.468,13.194;3.265,13.651;3.062,14.108;2.859,14.565;2.656,15.022",0,1,PASS_THROUGH,-1,0.9679035797669158,0.24759381886496032,-0.04312726671439648,0.9,2.2242611775915933,2.8894188424115,0.0,0,0,0,DIRECT_LOCAL,PASS_THROUGH,0,BYPASS_VISIBLE,1,5,0.0,21.0,2.0,0.0,21.0,2.0,1,
312,10.433333,0.033333,3.87483811378479,12.399261474609375,2.4519927501678467,0.1716887458401657,0.08402779698371887,1.753438281959254,-0.3173848561894997,0.1256838709378432,1.7863581362628744,0.0,21.0,2.0,0.9680807699138747,0.24616143588905479,-0.04716111114041526,0.9,1.762601613998413,-0.30738434195518494,0.12781524658203125,0.12534889578819275,direct,SAFE_PROGRESSING,NONE,1,0,"3.875,12.340;3.670,12.796;3.466,13.253;3.262,13.709;3.058,14.165;2.854,14.622;2.649,15.078",1,1,PASS_THROUGH,-1,0.969159157434432,0.24643564588139755,0.0,0.9,2.224564115474489,2.895353659572712,0.0,0,0,0,DIRECT_LOCAL,PASS_THROUGH,0,BYPASS_VISIBLE,1,5,0.0,21.0,2.0,0.0,21.0,2.0,1,
313,10.466667,0.033333,3.8749451637268066,12.458680152893066,2.4560492038726807,0.17448976591604987,0.08401456475257874,1.7542817719387485,-0.31679524821686006,0.1254773613855763,1.7870669637340464,0.0,21.0,2.0,0.9680980261291404,0.24595865528329863,-0.04785970848316508,0.9,1.7634515762329102,-0.3067367672920227,0.12759655714035034,0.1253015100955963,direct,SAFE_PROGRESSING,NONE,1,0,"3.875,12.399;3.669,12.855;3.464,13.311;3.259,13.767;3.053,14.223;2.848,14.679;2.643,15.134",0,1,PASS_THROUGH,-1,0.9680807699138747,0.24616143588905479,-0.04716111114041526,0.9,2.2253834108823023,2.901997886281818,0.0,0,0,0,DIRECT_LOCAL,PASS_THROUGH,0,BYPASS_VISIBLE,1,5,0.0,21.0,2.0,0.0,21.0,2.0,1,
314,10.5,0.033333,3.8748626708984375,12.518122673034668,2.46010160446167,0.1772901221193884,0.08398839086294174,1.7551051009114609,-0.31621584265687913,0.12527098410732362,1.7877581474718125,0.0,21.0,2.0,0.9681111285625628,0.24576854267194354,-0.048566101204750176,0.9,1.7642974853515625,-0.30607667565345764,0.12736836075782776,0.1252898871898651,direct,SAFE_PROGRESSING,NONE,1,0,"3.875,12.459;3.668,12.914;3.462,13.369;3.255,13.825;3.049,14.280;2.842,14.735;2.636,15.191",0,1,PASS_THROUGH,-1,0.9680807699138747,0.24616143588905479,-0.04716111114041526,0.9,2.227597889481889,2.9093492837855717,0.0,0,0,0,DIRECT_LOCAL,PASS_THROUGH,0,BYPASS_VISIBLE,1,5,0.0,21.0,2.0,0.0,21.0,2.0,1,
315,10.533333,0.033333,3.874589443206787,12.577587127685547,2.4641499519348145,0.18008955611026167,0.08395660668611526,1.7559104319995076,-0.31564310802145085,0.1250708915391798,1.7884336008799835,0.0,21.0,2.0,0.9681199444739722,0.2455915677487594,-0.049280370964710454,0.9,1.7651273012161255,-0.3054303228855133,0.12712714076042175,0.12527437508106232,direct,SAFE_PROGRESSING,NONE,1,0,"3.875,12.518;3.667,12.973;3.459,13.428;3.252,13.882;3.044,14.337;2.836,14.792;2.628,15.247",0,1,PASS_THROUGH,-1,0.9680807699138747,0.24616143588905479,-0.04716111114041526,0.9,2.2312057586752614,2.9174035078706817,0.0,0,0,0,DIRECT_LOCAL,PASS_THROUGH,0,BYPASS_VISIBLE,1,5,0.0,21.0,2.0,0.0,21.0,2.0,1,
316,10.566667,0.033333,3.87412691116333,12.63707447052002,2.468194007873535,0.1828879528240082,0.08392444998025894,1.756702144812928,-0.3150728947235408,0.12487379735775299,1.789096649107129,0.0,21.0,2.0,0.968124412159566,0.24542790587972374,-0.050002655891344325,0.9,1.7659372091293335,-0.3048079013824463,0.12687093019485474,0.1252424120903015,direct,SAFE_PROGRESSING,NONE,1,0,"3.875,12.578;3.666,13.032;3.457,13.486;3.248,13.940;3.039,14.395;2.830,14.849;2.621,15.303",0,1,PASS_THROUGH,-1,0.9680807699138747,0.24616143588905479,-0.04716111114041526,0.9,2.236200816455275,2.926158835909251,0.0,0,0,0,DIRECT_LOCAL,PASS_THROUGH,0,BYPASS_VISIBLE,1,5,0.0,21.0,2.0,0.0,21.0,2.0,1,
317,10.6,0.033333,3.87347412109375,12.69658088684082,2.4722328186035156,0.1856853737262782,0.08389358222484589,1.7574836591476697,-0.31450206048568474,0.1246711853910905,1.7897494971888228,0.0,21.0,2.0,0.9681244173795304,0.24527793848019097,-0.050733079627125366,0.9,1.7667304277420044,-0.30420443415641785,0.12660014629364014,0.1252070665359497,direct,SAFE_PROGRESSING,NONE,1,0,"3.874,12.637;3.664,13.091;3.454,13.544;3.244,13.998;3.033,14.452;2.823,14.905;2.613,15.359",0,1,PASS_THROUGH,-1,0.9680807699138747,0.24616143588905479,-0.04716111114041526,0.9,2.242577148859161,2.935610079605822,0.0,0,0,0,DIRECT_LOCAL,PASS_THROUGH,0,BYPASS_VISIBLE,1,5,0.0,21.0,2.0,0.0,21.0,2.0,1,
318,10.633333,0.033333,3.872631788253784,12.756108283996582,2.4762659072875977,0.1884817978694487,0.0838640034198761,1.7582567809542615,-0.3139301128987772,0.12445472464958907,1.7903932534624585,0.0,21.0,2.0,0.9681199383142041,0.24514169772948236,-0.051471672527795824,0.9,1.7675063610076904,-0.303615003824234,0.1263161152601242,0.1251797080039978,direct,SAFE_PROGRESSING,NONE,1,0,"3.873,12.697;3.662,13.150;3.451,13.603;3.239,14.056;3.028,14.509;2.817,14.962;2.605,15.415",1,1,PASS_THROUGH,-1,0.9694049282388982,0.2454670754014404,0.0,0.9,2.2503234163775194,2.9457542630683373,0.0,0,0,0,DIRECT_LOCAL,PASS_THROUGH,0,BYPASS_VISIBLE,1,5,0.0,21.0,2.0,0.0,21.0,2.0,1,
319,10.666667,0.033333,3.8715991973876953,12.815651893615723,2.480293035507202,0.1912772074888644,0.08383584767580032,1.7590218571666902,-0.31335915187957214,0.12421880830307937,1.7910282422097856,0.0,21.0,2.0,0.9681108436789433,0.24501962809564584,-0.052218542675145925,0.9,1.7682671546936035,-0.30303138494491577,0.12602029740810394,0.1251755952835083,direct,SAFE_PROGRESSING,NONE,1,0,"3.873,12.756;3.660,13.209;3.447,13.661;3.235,14.114;3.022,14.566;2.810,15.019;2.597,15.471",0,1,PASS_THROUGH,-1,0.9681199383142041,0.24514169772948236,-0.051471672527795824,0.9,2.259428247253464,2.9565854416114865,0.0,0,0,0,DIRECT_LOCAL,PASS_THROUGH,0,BYPASS_VISIBLE,1,5,0.0,21.0,2.0,0.0,21.0,2.0,1,
320,10.7,0.033333,3.8703768253326416,12.875216484069824,2.484313488006592,0.19407169176794004,0.08381033688783646,1.7597776452491989,-0.31279215388195186,0.12396087901977249,1.791653591455748,0.0,21.0,2.0,0.9680971366083219,0.24491163926403675,-0.05297379582180715,0.9,1.7690072059631348,-0.30245840549468994,0.12571322917938232,0.12518905103206635,direct,SAFE_PROGRESSING,NONE,1,0,"3.872,12.816;3.658,13.268;3.444,13.720;3.230,14.172;3.016,14.624;2.803,15.076;2.589,15.528",0,1,PASS_THROUGH,-1,0.9681199383142041,0.24514169772948236,-0.051471672527795824,0.9,2.2698754767302893,2.9681003848264123,0.0,0,0,0,DIRECT_LOCAL,PASS_THROUGH,0,BYPASS_VISIBLE,1,5,0.0,21.0,2.0,0.0,21.0,2.0,1,
321,10.733333,0.033333,3.8689651489257812,12.934796333312988,2.4883265495300293,0.19686532396868123,0.08378929644823074,1.760522512610421,-0.31223206767078787,0.12368066138887825,1.7922681963064782,0.0,21.0,2.0,0.9680786754859023,0.24481820895991394,-0.05373753465801106,0.9,1.7697296142578125,-0.3018895983695984,0.12539522349834442,0.1252320408821106,direct,SAFE_PROGRESSING,NONE,1,0,"3.870,12.875;3.655,13.327;3.440,13.778;3.225,14.229;3.010,14.681;2.795,15.132;2.580,15.584",0,1,PASS_THROUGH,-1,0.9681199383142041,0.24514169772948236,-0.051471672527795824,0.9,2.2816497543691767,2.9802933947609564,0.0,0,0,0,DIRECT_LOCAL,PASS_THROUGH,0,BYPASS_VISIBLE,1,5,0.0,21.0,2.0,0.0,21.0,2.0,1,
322,10.766667,0.033333,3.8673641681671143,12.994391441345215,2.4923319816589355,0.19965836894672753,0.08377502858638763,1.7612545483991142,-0.3116806434426541,0.12337951545261698,1.7928705788725288,0.0,21.0,2.0,0.968055486806559,0.2447391576094535,-0.054509808258066075,0.9,1.7704344987869263,-0.30132585763931274,0.12506596744060516,0.1253034919500351,direct,SAFE_PROGRESSING,NONE,1,0,"3.869,12.935;3.653,13.386;3.436,13.836;3.220,14.287;3.004,14.738;2.788,15.189;2.571,15.640",0,1,PASS_THROUGH,-1,0.9681199383142041,0.24514169772948236,-0.051471672527795824,0.9,2.2947315929327177,2.9931591438162752,0.0,0,0,0,DIRECT_LOCAL,PASS_THROUGH,0,BYPASS_VISIBLE,1,5,0.0,21.0,2.0,0.0,21.0,2.0,1,
323,10.8,0.033333,3.865574359893799,13.054003715515137,2.4963295459747314,0.20245106128723284,0.0837702751159668,1.7619723296953687,-0.3111385906512307,0.12305964235369658,1.793459614482796,0.0,21.0,2.0,0.9680275282227759,0.2446745539608919,-0.055290751911517014,0.9,1.7711217403411865,-0.3007718324661255,0.12472452223300934,0.12539492547512054,direct,SAFE_PROGRESSING,NONE,1,0,"3.867,12.994;3.650,13.445;3.432,13.895;3.215,14.345;2.997,14.795;2.780,15.245;2.562,15.696",0,1,PASS_THROUGH,-1,0.9681199383142041,0.24514169772948236,-0.051471672527795824,0.9,2.309100297507754,3.006693020957316,0.0,0,0,0,DIRECT_LOCAL,PASS_THROUGH,0,BYPASS_VISIBLE,1,5,0.0,21.0,2.0,0.0,21.0,2.0,1,
324,10.833333,0.033333,3.863596200942993,13.113629341125488,2.5003185272216797,0.20524379450183028,0.08377717435359955,1.7626750660404735,-0.3106057130285023,0.12272349151634632,1.79403465762975,0.0,21.0,2.0,0.9679947572902337,0.24462445876396577,-0.05608051384445811,0.9,1.7717944383621216,-0.3002258837223053,0.12437045574188232,0.12550869584083557,direct,SAFE_PROGRESSING,NONE,1,0,"3.866,13.054;3.647,13.504;3.428,13.953;3.209,14.403;2.991,14.852;2.772,15.302;2.553,15.752",1,1,PASS_THROUGH,-1,0.9695205405915969,0.24501004340838253,0.0,0.9,2.3247346032779594,3.0208886969619932,0.0,0,0,0,DIRECT_LOCAL,PASS_THROUGH,0,BYPASS_VISIBLE,1,5,0.0,21.0,2.0,0.0,21.0,2.0,1,
325,10.866667,0.033333,3.861429452896118,13.17326831817627,2.504298448562622,0.20803697420535303,0.0837971568107605,1.7633620081274632,-0.31008163861009624,0.12237352773074311,1.7945950725998632,0.0,21.0,2.0,0.9679572044630509,0.24458865789046805,-0.05687915927134319,0.9,1.772451400756836,-0.29969125986099243,0.12400342524051666,0.1256389617919922,direct,SAFE_PROGRESSING,NONE,1,0,"3.864,13.114;3.644,13.563;3.424,14.012;3.204,14.461;2.984,14.910;2.764,15.359;2.544,15.808",0,1,PASS_THROUGH,-1,0.9679947572902337,0.24462445876396577,-0.05608051384445811,0.9,2.341610110897413,3.035739828845485,0.0,0,0,0,DIRECT_LOCAL,PASS_THROUGH,0,BYPASS_VISIBLE,1,5,0.0,21.0,2.0,0.0,21.0,2.0,1,
326,10.9,0.033333,3.859074592590332,13.232918739318848,2.5082688331604004,0.21083111422045192,0.08383093774318695,1.7640332765014135,-0.30956613858098136,0.12201150241022182,1.7951410533661838,0.0,21.0,2.0,0.9679148931003635,0.24456694822305458,-0.05768680569570193,0.9,1.7730941772460938,-0.29916679859161377,0.12362346053123474,0.12578710913658142,direct,SAFE_PROGRESSING,NONE,1,0,"3.861,13.173;3.640,13.622;3.419,14.070;3.198,14.518;2.977,14.967;2.755,15.415;2.534,15.864",0,1,PASS_THROUGH,-1,0.9679947572902337,0.24462445876396577,-0.05608051384445811,0.9,2.359701453330316,3.051239974247368,0.0,0,0,0,DIRECT_LOCAL,PASS_THROUGH,0,BYPASS_VISIBLE,1,5,0.0,21.0,2.0,0.0,21.0,2.0,1,
327,10.933333,0.033333,3.856531858444214,13.292580604553223,2.5122294425964355,0.21362659972175468,0.08387858420610428,1.7646889492571307,-0.30905953941863995,0.12163837074566462,1.795672793070485,0.0,21.0,2.0,0.9678678182082732,0.24455923604725352,-0.05850356006894664,0.9,1.7737207412719727,-0.2986547350883484,0.12323097139596939,0.12595075368881226,direct,SAFE_PROGRESSING,NONE,1,0,"3.859,13.233;3.637,13.681;3.414,14.128;3.192,14.576;2.969,15.024;2.747,15.472;2.524,15.920",0,1,PASS_THROUGH,-1,0.9679947572902337,0.24462445876396577,-0.05608051384445811,0.9,2.3789821470260173,3.067382769602875,0.0,0,0,0,DIRECT_LOCAL,PASS_THROUGH,0,BYPASS_VISIBLE,1,5,0.0,21.0,2.0,0.0,21.0,2.0,1,
328,10.966667,0.033333,3.8538014888763428,13.352252960205078,2.5161795616149902,0.21642388666968118,0.0839398205280304,1.7653292002465841,-0.3085626852558914,0.12125389923726157,1.7961905867852137,0.0,21.0,2.0,0.9678159689304145,0.24456543550828058,-0.059329571361405646,0.9,1.7743299007415771,-0.29815587401390076,0.12282609939575195,0.1261291205883026,direct,SAFE_PROGRESSING,NONE,1,0,"3.857,13.293;3.633,13.740;3.409,14.187;3.185,14.634;2.962,15.081;2.738,15.528;2.514,15.975",0,1,PASS_THROUGH,-1,0.9679947572902337,0.24462445876396577,-0.05608051384445811,0.9,2.394368193775991,3.0841613562699646,0.0,0,0,0,DIRECT_LOCAL,PASS_THROUGH,0,BYPASS_VISIBLE,1,5,0.0,21.0,2.0,0.0,21.0,2.0,1,
329,11.0,0.033333,3.8508834838867188,13.411933898925781,2.5201194286346436,0.2192234226849077,0.08401403576135635,1.765954174518845,-0.3080768041395442,0.12085707610597608,1.7966947143558518,0.0,21.0,2.0,0.9677593441867298,0.2445854305168197,-0.060164930966242196,0.9,1.774923324584961,-0.2976672053337097,0.1224094033241272,0.1263282746076584,direct,SAFE_PROGRESSING,NONE,1,0,"3.854,13.352;3.629,13.799;3.404,14.245;3.179,14.692;2.954,15.138;2.729,15.585;2.504,16.031",0,1,PASS_THROUGH,-1,0.9679947572902337,0.24462445876396577,-0.05608051384445811,0.9,2.408456044910441,3.1015681076153383,0.0,0,0,0,DIRECT_LOCAL,PASS_THROUGH,0,BYPASS_VISIBLE,1,5,0.0,21.0,2.0,0.0,21.0,2.0,1,
330,11.033333,0.033333,3.8477783203125,13.4716215133667,2.5240478515625,0.22202565799093918,0.0841008722782135,1.7665635363869165,-0.3076030654754253,0.12044684897985249,1.797184970282943,0.0,21.0,2.0,0.9676979525405338,0.2446190349506031,-0.06100983845818852,0.9,1.7754989862442017,-0.29719188809394836,0.12198082357645035,0.12654274702072144,direct,SAFE_PROGRESSING,NONE,1,0,"3.851,13.412;3.625,13.858;3.398,14.304;3.172,14.750;2.946,15.195;2.720,15.641;2.493,16.087",1,1,PASS_THROUGH,-1,0.969503978748464,0.24507557036738217,0.0,0.9,2.4237590789422376,3.1195955967631797,0.0,0,0,0,DIRECT_LOCAL,PASS_THROUGH,0,BYPASS_VISIBLE,1,5,0.0,21.0,2.0,0.0,21.0,2.0,1,
331,11.066667,0.033333,3.8444864749908447,13.531318664550781,2.5279650688171387,0.22483098162313578,0.08419995754957199,1.7671568372501147,-0.3071425165975409,0.12002240862029018,1.7976610335412833,0.0,21.0,2.0,0.967631782452423,0.2446661776672588,-0.06186432811920216,0.9,1.7760589122772217,-0.29672694206237793,0.1215403601527214,0.1267773061990738,direct,SAFE_PROGRESSING,NONE,1,0,"3.848,13.472;3.620,13.917;3.393,14.362;3.165,14.807;2.938,15.252;2.710,15.698;2.482,16.143",0,1,PASS_THROUGH,-1,0.9676979525405338,0.2446190349506031,-0.06100983845818852,0.9,2.4402555441029357,3.138237923173234,0.0,0,0,0,DIRECT_LOCAL,PASS_THROUGH,0,BYPASS_VISIBLE,1,5,0.0,21.0,2.0,0.0,21.0,2.0,1,
332,11.1,0.033333,3.841007709503174,13.591018676757812,2.5318703651428223,0.22763981357548682,0.08431108295917511,1.7677335221758803,-0.3066959007682449,0.11958367862758568,1.7981224755745908,0.0,21.0,2.0,0.9675607516019362,0.2447270117425502,-0.0627286352717655,0.9,1.7766025066375732,-0.29627376794815063,0.12108796834945679,0.12702934443950653,direct,SAFE_PROGRESSING,NONE,1,0,"3.844,13.531;3.616,13.976;3.387,14.420;3.158,14.865;2.929,15.310;2.700,15.754;2.471,16.199",0,1,PASS_THROUGH,-1,0.9676979525405338,0.2446190349506031,-0.06100983845818852,0.9,2.4579240778350906,3.157484895252778,0.0,0,0,0,DIRECT_LOCAL,PASS_THROUGH,0,BYPASS_VISIBLE,1,5,0.0,21.0,2.0,0.0,21.0,2.0,1,
333,11.133333,0.033333,3.8373425006866455,13.650723457336426,2.5357632637023926,0.23045254415227565,0.08443420380353928,1.768293182572494,-0.3062636986249743,0.11913105061709196,1.798568997800457,0.0,21.0,2.0,0.9674849217594925,0.24480115725203427,-0.06360282679326086,0.9,1.7771294116973877,-0.2958347797393799,0.12062329798936844,0.12729434669017792,direct,SAFE_PROGRESSING,NONE,1,0,"3.841,13.591;3.611,14.035;3.381,14.479;3.151,14.923;2.921,15.367;2.690,15.810;2.460,16.254",0,1,PASS_THROUGH,-1,0.9676979525405338,0.2446190349506031,-0.06100983845818852,0.9,2.476738273417278,3.1773299367151697,0.0,0,0,0,DIRECT_LOCAL,PASS_THROUGH,0,BYPASS_VISIBLE,1,5,0.0,21.0,2.0,0.0,21.0,2.0,1,
334,11.166667,0.033333,3.833491563796997,13.71043586730957,2.5396435260772705,0.23326959667835492,0.084569051861763,1.7688354548745533,-0.3058461052732323,0.11866526384689109,1.7990003200043976,0.0,21.0,2.0,0.9674042222407131,0.24488873114400486,-0.06448705412344526,0.9,1.7776403427124023,-0.29540732502937317,0.12014656513929367,0.12757688760757446,direct,SAFE_PROGRESSING,NONE,1,0,"3.837,13.651;3.606,14.094;3.374,14.537;3.143,14.980;2.912,15.424;2.680,15.867;2.449,16.310",0,1,PASS_THROUGH,-1,0.9676979525405338,0.2446190349506031,-0.06100983845818852,0.9,2.496674418804102,3.197767076182502,0.0,0,0,0,DIRECT_LOCAL,PASS_THROUGH,0,BYPASS_VISIBLE,1,5,0.0,21.0,2.0,0.0,21.0,2.0,1,
335,11.2,0.033333,3.8294546604156494,13.770148277282715,2.543510913848877,0.2360913503845458,0.084715336561203,1.7693598829961525,-0.30544319977774537,0.11818695498102683,1.7994160442138758,0.0,21.0,2.0,0.9673185438919835,0.24498998568949257,-0.06538150774152421,0.9,1.778135061264038,-0.29499274492263794,0.11965754628181458,0.12787456810474396,direct,SAFE_PROGRESSING,NONE,1,0,"3.833,13.710;3.601,14.153;3.368,14.596;3.135,15.038;2.903,15.481;2.670,15.923;2.437,16.366",0,1,PASS_THROUGH,-1,0.9676979525405338,0.2446190349506031,-0.06100983845818852,0.9,2.5177088693112735,3.2187851236755467,0.0,0,0,0,DIRECT_LOCAL,PASS_THROUGH,0,BYPASS_VISIBLE,1,5,0.0,21.0,2.0,0.0,21.0,2.0,1,
336,11.233333,0.033333,3.82523250579834,13.82986068725586,2.5473644733428955,0.2389181689953843,0.08487281948328018,1.769866261321852,-0.30505511181175166,0.11769660654776751,1.7998160170975064,0.0,21.0,2.0,0.9672279434472237,0.24510452904492316,-0.06628631273890964,0.9,1.778613567352295,-0.2945909798145294,0.11915625631809235,0.12818780541419983,direct,SAFE_PROGRESSING,NONE,1,0,"3.829,13.770;3.595,14.212;3.361,14.654;3.127,15.096;2.893,15.538;2.659,15.979;2.425,16.421",1,1,PASS_THROUGH,-1,0.9693599111896927,0.24564478943855325,0.0,0.9,2.5398121410824963,3.240376617492924,0.0,0,0,0,DIRECT_LOCAL,PASS_THROUGH,0,BYPASS_VISIBLE,1,5,0.0,21.0,2.0,0.0,21.0,2.0,1,
337,11.266667,0.033333,3.82082462310791,13.889573097229004,2.5512044429779053,0.24175042916531353,0.08504125475883484,1.7703551077661173,-0.3046820892369398,0.11719430416793825,1.8002007910299267,0.0,21.0,2.0,0.9671323506076854,0.24523247510648735,-0.06720155921702321,0.9,1.7790751457214355,-0.2942037284374237,0.11864238232374191,0.12851329147815704,direct,SAFE_PROGRESSING,NONE,1,0,"3.825,13.830;3.590,14.271;3.355,14.712;3.119,15.153;2.884,15.594;2.648,16.036;2.413,16.477",0,1,PASS_THROUGH,-1,0.9672279434472237,0.24510452904492316,-0.06628631273890964,0.9,2.5629580950092135,3.2625329664788882,0.0,0,0,0,DIRECT_LOCAL,PASS_THROUGH,0,BYPASS_VISIBLE,1,5,0.0,21.0,2.0,0.0,21.0,2.0,1,
338,11.3,0.033333,3.8162319660186768,13.949285507202148,2.555030584335327,0.2445884623348809,0.0852203220129013,1.7708261307982958,-0.30432432193514525,0.1166798919268423,1.8005700973912144,0.0,21.0,2.0,0.9670317010725551,0.24537386599267563,-0.06812749084275017,0.9,1.7795195579528809,-0.29383066296577454,0.11811595410108566,0.12885192036628723,direct,SAFE_PROGRESSING,NONE,1,0,"3.821,13.890;3.584,14.330;3.347,14.770;3.111,15.211;2.874,15.651;2.637,16.092;2.401,16.532",0,1,PASS_THROUGH,-1,0.9672279434472237,0.24510452904492316,-0.06628631273890964,0.9,2.5871192342617464,3.2852468315198733,0.0,0,0,0,DIRECT_LOCAL,PASS_THROUGH,0,BYPASS_VISIBLE,1,5,0.0,21.0,2.0,0.0,21.0,2.0,1,
339,11.333333,0.033333,3.8114547729492188,14.008997917175293,2.5588419437408447,0.24743267160975432,0.08540958166122437,1.771278947557442,-0.3039818644676885,0.11615286225170704,1.800923532911577,0.0,21.0,2.0,0.9669259088600801,0.24552883783102228,-0.06906429300626761,0.9,1.7799475193023682,-0.29347196221351624,0.11757689714431763,0.12920351326465607,direct,SAFE_PROGRESSING,NONE,1,0,"3.816,13.949;3.578,14.389;3.340,14.829;3.102,15.268;2.864,15.708;2.626,16.148;2.388,16.588",0,1,PASS_THROUGH,-1,0.9672279434472237,0.24510452904492316,-0.06628631273890964,0.9,2.6091152414857586,3.308510196976682,0.0,0,0,0,DIRECT_LOCAL,PASS_THROUGH,0,BYPASS_VISIBLE,1,5,0.0,21.0,2.0,0.0,21.0,2.0,1,
340,11.366667,0.033333,3.806492805480957,14.068710327148438,2.5626380443573,0.2502833417053985,0.08560864627361298,1.7717134837167452,-0.3036550212504421,0.11561297071957814,1.8012610580681905,0.0,21.0,2.0,0.9668148783742188,0.2456975805120723,-0.07001206956488365,0.9,1.780356764793396,-0.2931298613548279,0.11702518910169601,0.12956488132476807,direct,SAFE_PROGRESSING,NONE,1,0,"3.811,14.009;3.572,14.448;3.333,14.887;3.093,15.326;2.854,15.765;2.615,16.204;2.375,16.643",0,1,PASS_THROUGH,-1,0.9672279434472237,0.24510452904492316,-0.06628631273890964,0.9,2.6305407840786854,3.332314611824594,0.0,0,0,0,DIRECT_LOCAL,PASS_THROUGH,0,BYPASS_VISIBLE,1,5,0.0,21.0,2.0,0.0,21.0,2.0,1,
341,11.4,0.033333,3.801346778869629,14.128418922424316,2.5664191246032715,0.2531407875556248,0.08581700921058655,1.7721297489344743,-0.3033443088654462,0.11505992342458757,1.8015827493507175,0.0,21.0,2.0,0.9666985250426072,0.2458802155650245,-0.0709709889612996,0.9,1.7807495594024658,-0.29280054569244385,0.11646108329296112,0.1299428790807724,direct,SAFE_PROGRESSING,NONE,1,0,"3.806,14.069;3.566,14.507;3.325,14.945;3.084,15.383;2.844,15.822;2.603,16.260;2.362,16.698",0,1,PASS_THROUGH,-1,0.9672279434472237,0.24510452904492316,-0.06628631273890964,0.9,2.6529819456192603,3.3566505990905897,0.0,0,0,0,DIRECT_LOCAL,PASS_THROUGH,0,BYPASS_VISIBLE,1,5,0.0,21.0,2.0,0.0,21.0,2.0,1,
342,11.433333,0.033333,3.7960166931152344,14.188118934631348,2.5701842308044434,0.2560053676975351,0.08603440225124359,1.7725275830534148,-0.30304981358562405,0.11449375642092662,1.8018884655990326,0.0,21.0,2.0,0.9665767974900572,0.24607670915294202,-0.07194127998808056,0.9,1.7811250686645508,-0.29248547554016113,0.1158842146396637,0.13033446669578552,direct,SAFE_PROGRESSING,NONE,1,0,"3.801,14.128;3.559,14.566;3.317,15.003;3.075,15.441;2.833,15.878;2.591,16.316;2.349,16.754",1,1,PASS_THROUGH,-1,0.9690878308773451,0.2467159825496566,0.0,0.9,2.6764130129173114,3.381507412580942,0.0,0,0,0,DIRECT_LOCAL,PASS_THROUGH,0,BYPASS_VISIBLE,1,5,0.0,21.0,2.0,0.0,21.0,2.0,1,
343,11.466667,0.033333,3.7905020713806152,14.247818946838379,2.5739328861236572,0.2588773113961412,0.08626078069210052,1.7729063137442027,-0.3027717837066373,0.11391442519669703,1.8021775846433252,0.0,21.0,2.0,0.9664496547441973,0.2462870236838083,-0.07292301975229198,0.9,1.7814815044403076,-0.2921850085258484,0.1152946949005127,0.13074111938476562,direct,SAFE_PROGRESSING,NONE,1,0,"3.796,14.188;3.553,14.625;3.309,15.062;3.066,15.498;2.822,15.935;2.579,16.372;2.336,16.809",0,1,PASS_THROUGH,-1,0.9665767974900572,0.24607670915294202,-0.07194127998808056,0.9,2.70080665868445,3.4068805260531327,0.0,0,0,0,DIRECT_LOCAL,PASS_THROUGH,0,BYPASS_VISIBLE,1,5,0.0,21.0,2.0,0.0,21.0,2.0,1,
344,11.5,0.033333,3.784804105758667,14.307506561279297,2.577664613723755,0.26175698085494303,0.08649618923664093,1.773266154769191,-0.3025103748313083,0.11332152946207302,1.8024503187522574,0.0,21.0,2.0,0.9663168800975481,0.24651175281295462,-0.07391645935531174,0.9,1.78182053565979,-0.2919011116027832,0.11469177156686783,0.13115808367729187,direct,SAFE_PROGRESSING,NONE,1,0,"3.791,14.248;3.546,14.684;3.301,15.120;3.056,15.556;2.811,15.992;2.567,16.428;2.322,16.864",0,1,PASS_THROUGH,-1,0.9665767974900572,0.24607670915294202,-0.07194127998808056,0.9,2.726141550667774,3.4327563264085104,0.0,0,0,0,DIRECT_LOCAL,PASS_THROUGH,0,BYPASS_VISIBLE,1,5,0.0,21.0,2.0,0.0,21.0,2.0,1,
345,11.533333,0.033333,3.7789230346679688,14.367188453674316,2.5813796520233154,0.26464466350552085,0.08674055337905884,1.7736067476724222,-0.30226551468179796,0.1127149396855509,1.8027062973161536,0.0,21.0,2.0,0.9661785231069264,0.2467504894577705,-0.07492167536346933,0.9,1.7821404933929443,-0.2916339933872223,0.11407552659511566,0.13158628344535828,direct,SAFE_PROGRESSING,NONE,1,0,"3.785,14.308;3.539,14.743;3.293,15.178;3.046,15.613;2.800,16.048;2.554,16.484;2.308,16.919",0,1,PASS_THROUGH,-1,0.9665767974900572,0.24607670915294202,-0.07194127998808056,0.9,2.7523872526299273,3.459130013483928,0.0,0,0,0,DIRECT_LOCAL,PASS_THROUGH,0,BYPASS_VISIBLE,1,5,0.0,21.0,2.0,0.0,21.0,2.0,1,
346,11.566667,0.033333,3.7728586196899414,14.426862716674805,2.5850775241851807,0.26754064478561773,0.08699360489845276,1.7739279301448125,-0.30203728900021926,0.11209469964627342,1.8029453810316187,0.0,21.0,2.0,0.9660343394953437,0.24700389233007333,-0.07593900242687411,0.9,1.7824444770812988,-0.29138368368148804,0.11344555765390396,0.13202372193336487,direct,SAFE_PROGRESSING,NONE,1,0,"3.779,14.367;3.531,14.802;3.284,15.236;3.036,15.671;2.789,16.105;2.541,16.539;2.294,16.974",0,1,PASS_THROUGH,-1,0.9665767974900572,0.24607670915294202,-0.07194127998808056,0.9,2.7795221361539317,3.4859920652799756,0.0,0,0,0,DIRECT_LOCAL,PASS_THROUGH,0,BYPASS_VISIBLE,1,5,0.0,21.0,2.0,0.0,21.0,2.0,1,
347,11.6,0.033333,3.766610860824585,14.48652458190918,2.588757038116455,0.2704451955369041,0.0872550681233406,1.774229493335731,-0.30182584310558697,0.11146149511315706,1.8031674352321316,0.0,21.0,2.0,0.9658842331368812,0.24727207606292614,-0.07696862073019953,0.9,1.7827305793762207,-0.29114919900894165,0.11280261725187302,0.13247308135032654,direct,SAFE_PROGRESSING,NONE,1,0,"3.773,14.427;3.524,14.861;3.275,15.294;3.026,15.728;2.777,16.161;2.528,16.595;2.279,17.029",0,1,PASS_THROUGH,-1,0.9665767974900572,0.24607670915294202,-0.07194127998808056,0.9,2.807519936582267,3.5133315713916193,0.0,0,0,0,DIRECT_LOCAL,PASS_THROUGH,0,BYPASS_VISIBLE,1,5,0.0,21.0,2.0,0.0,21.0,2.0,1,
348,11.633333,0.033333,3.7601802349090576,14.546175956726074,2.5924184322357178,0.2733585651836238,0.08752461522817612,1.7745113337142995,-0.3016315304459109,0.11081604449818375,1.8033724655095151,0.0,21.0,2.0,0.9657281473445403,0.24755502962398027,-0.07801059373156945,0.9,1.7829985618591309,-0.2909278869628906,0.11214721947908401,0.13293993473052979,direct,SAFE_PROGRESSING,NONE,1,0,"3.767,14.487;3.516,14.919;3.266,15.352;3.016,15.785;2.765,16.218;2.515,16.651;2.265,17.084",1,1,PASS_THROUGH,-1,0.9686801710118964,0.24831175221556306,0.0,0.9,2.8363530435549507,3.5411416407783047,0.0,0,0,0,DIRECT_LOCAL,PASS_THROUGH,0,BYPASS_VISIBLE,1,5,0.0,21.0,2.0,0.0,21.0,2.0,1,
349,11.666667,0.033333,3.7535669803619385,14.605814933776855,2.5960612297058105,0.27628106770902,0.08780232816934586,1.7747732738709674,-0.30145463941364414,0.11015860698443324,1.8035603654891712,0.0,21.0,2.0,0.965565895609389,0.24785316270892452,-0.07906523237948412,0.9,1.7832510471343994,-0.29071906208992004,0.11147910356521606,0.13342490792274475,direct,SAFE_PROGRESSING,NONE,1,0,"3.760,14.546;3.508,14.978;3.257,15.410;3.005,15.842;2.753,16.274;2.502,16.706;2.250,17.138",0,1,PASS_THROUGH,-1,0.9657281473445403,0.24755502962398027,-0.07801059373156945,0.9,2.8659981845667786,3.5694131510685176,0.0,0,0,0,DIRECT_LOCAL,PASS_THROUGH,0,BYPASS_VISIBLE,1,5,0.0,21.0,2.0,0.0,21.0,2.0,1,
350,11.7,0.033333,3.7467713356018066,14.665441513061523,2.599684953689575,0.27921302966593803,0.088088758289814,1.7750156125089414,-0.30129504001461654,0.10948921520170742,1.8037314140507137,0.0,21.0,2.0,0.9653973661075391,0.24816662048764915,-0.08013272732389157,0.9,1.7834820747375488,-0.2905235290527344,0.11079885810613632,0.1339312493801117,direct,SAFE_PROGRESSING,NONE,1,0,"3.754,14.606;3.500,15.037;3.247,15.468;2.994,15.899;2.741,16.331;2.488,16.762;2.235,17.193",0,1,PASS_THROUGH,-1,0.9657281473445403,0.24755502962398027,-0.07801059373156945,0.9,2.896430029309811,3.5981380906665956,0.0,0,0,0,DIRECT_LOCAL,PASS_THROUGH,0,BYPASS_VISIBLE,1,5,0.0,21.0,2.0,0.0,21.0,2.0,1,
351,11.733333,0.033333,3.739793300628662,14.725053787231445,2.6032888889312744,0.28215464676867047,0.08838466554880142,1.77523834215459,-0.3011526551227193,0.10880701644834423,1.8038855451418283,0.0,21.0,2.0,0.9652223746938434,0.2484958121785571,-0.08121329152359796,0.9,1.7836993932724,-0.2903381884098053,0.11010520160198212,0.13445843756198883,direct,SAFE_PROGRESSING,NONE,1,0,"3.747,14.665;3.492,15.096;3.238,15.526;2.983,15.957;2.729,16.387;2.474,16.817;2.219,17.248",0,1,PASS_THROUGH,-1,0.9657281473445403,0.24755502962398027,-0.07801059373156945,0.9,2.9276247121837886,3.6273072163766544,0.0,0,0,0,DIRECT_LOCAL,PASS_THROUGH,0,BYPASS_VISIBLE,1,5,0.0,21.0,2.0,0.0,21.0,2.0,1,
352,11.766667,0.033333,3.732633352279663,14.784648895263672,2.6068732738494873,0.28510629913594,0.08869104087352753,1.7754413850346484,-0.30102710010232264,0.1081118613378718,1.8040226166131355,0.0,21.0,2.0,0.9650408192107004,0.24884083157969905,-0.08230709444430717,0.9,1.7838988304138184,-0.29016223549842834,0.10939820110797882,0.13501116633415222,direct,SAFE_PROGRESSING,NONE,1,0,"3.740,14.725;3.484,15.155;3.228,15.584;2.972,16.014;2.716,16.443;2.460,16.873;2.204,17.302",0,1,PASS_THROUGH,-1,0.9657281473445403,0.24755502962398027,-0.07801059373156945,0.9,2.9595574102583107,3.6569111235285243,0.0,0,0,0,DIRECT_LOCAL,PASS_THROUGH,0,BYPASS_VISIBLE,1,5,0.0,21.0,2.0,0.0,21.0,2.0,1,
353,11.8,0.033333,3.7252912521362305,14.844228744506836,2.6104373931884766,0.28806839231653597,0.08900905400514603,1.7756247505838842,-0.3009178313976064,0.10740313085752037,1.8041425189427571,0.0,21.0,2.0,0.9648525914658233,0.24920174567949252,-0.0834144273610901,0.9,1.7840768098831177,-0.28999727964401245,0.108677439391613,0.13559217751026154,direct,SAFE_PROGRESSING,NONE,1,0,"3.733,14.785;3.475,15.213;3.218,15.642;2.960,16.071;2.703,16.499;2.446,16.928;2.188,17.357",0,1,PASS_THROUGH,-1,0.9657281473445403,0.24755502962398027,-0.07801059373156945,0.9,2.992203430397811,3.686942720401184,0.0,0,0,0,DIRECT_LOCAL,PASS_THROUGH,0,BYPASS_VISIBLE,1,5,0.0,21.0,2.0,0.0,21.0,2.0,1,
354,11.833333,0.033333,3.7177672386169434,14.903791427612305,2.613980770111084,0.29104136804830266,0.08934005349874496,1.7757885459959328,-0.3008239880042741,0.10667905963173349,1.8042451201577505,0.0,21.0,2.0,0.9646575284644006,0.2495788462402427,-0.08453550902634686,0.9,1.784237027168274,-0.28984928131103516,0.107940673828125,0.13618811964988708,direct,SAFE_PROGRESSING,NONE,1,0,"3.725,14.844;3.466,15.272;3.208,15.700;2.949,16.128;2.690,16.555;2.431,16.983;2.172,17.411",1,1,PASS_THROUGH,-1,0.9681229562149818,0.25047543122942095,0.0,0.9,3.0255410371477294,3.7173931249799566,0.0,0,0,0,DIRECT_LOCAL,PASS_THROUGH,0,BYPASS_VISIBLE,1,5,0.0,21.0,2.0,0.0,21.0,2.0,1,
355,11.866667,0.033333,3.7100610733032227,14.963334083557129,2.617501974105835,0.2940255062240221,0.08968473225831985,1.7759324046638694,-0.3007451949304324,0.10593802699773294,1.8043299154459278,0.0,21.0,2.0,0.9644554725034421,0.24997239307888322,-0.08567055653244261,0.9,1.7843708992004395,-0.2897292673587799,0.10718709975481033,0.13678400218486786,direct,SAFE_PROGRESSING,NONE,1,0,"3.718,14.904;3.457,15.331;3.197,15.758;2.937,16.184;2.676,16.611;2.416,17.038;2.156,17.465",0,1,PASS_THROUGH,-1,0.9646575284644006,0.2495788462402427,-0.08453550902634686,0.9,3.059546939773615,3.7482525268156524,0.0,0,0,0,DIRECT_LOCAL,PASS_THROUGH,0,BYPASS_VISIBLE,1,5,0.0,21.0,2.0,0.0,21.0,2.0,1,
356,11.9,0.033333,3.7021732330322266,15.022857666015625,2.621002197265625,0.29702140095210655,0.09004228562116623,1.7760561656114722,-0.3006814365760895,0.105178485360988,1.8043966702171716,0.0,21.0,2.0,0.9642463813717848,0.25038223583192976,-0.08681965210263513,0.9,1.7844867706298828,-0.2896341383457184,0.10641598701477051,0.13738147914409637,direct,SAFE_PROGRESSING,NONE,1,0,"3.710,14.963;3.448,15.389;3.186,15.815;2.925,16.241;2.663,16.667;2.401,17.093;2.139,17.519",0,1,PASS_THROUGH,-1,0.9646575284644006,0.2495788462402427,-0.08453550902634686,0.9,3.094197311708604,3.779514108815845,0.0,0,0,0,DIRECT_LOCAL,PASS_THROUGH,0,BYPASS_VISIBLE,1,5,0.0,21.0,2.0,0.0,21.0,2.0,1,
357,11.933333,0.033333,3.694103479385376,15.08236026763916,2.6244797706604004,0.30002939977774484,0.09041081368923187,1.776159174092296,-0.30063372496327223,0.10440092307911057,1.8044449564997238,0.0,21.0,2.0,0.9640300188938267,0.2508088207774792,-0.08798328302455215,0.9,1.7845773696899414,-0.28956139087677,0.10562955588102341,0.1379886418581009,direct,SAFE_PROGRESSING,NONE,1,0,"3.702,15.023;3.439,15.448;3.176,15.873;2.912,16.298;2.649,16.723;2.386,17.148;2.122,17.573",0,1,PASS_THROUGH,-1,0.9646575284644006,0.2495788462402427,-0.08453550902634686,0.9,3.129471953596915,3.811168811830208,0.0,0,0,0,DIRECT_LOCAL,PASS_THROUGH,0,BYPASS_VISIBLE,1,5,0.0,21.0,2.0,0.0,21.0,2.0,1,
358,11.966667,0.033333,3.685851573944092,15.141839981079102,2.627934694290161,0.30304984474278346,0.09078849107027054,1.776240575655588,-0.30060377626716683,0.10360633379306107,1.8044742961077098,0.0,21.0,2.0,0.9638062484599347,0.2512523409203586,-0.08916151979204155,0.9,1.7846522331237793,-0.28949809074401855,0.10482876002788544,0.13862526416778564,direct,SAFE_PROGRESSING,NONE,1,0,"3.694,15.082;3.429,15.507;3.165,15.931;2.900,16.355;2.635,16.779;2.370,17.203;2.105,17.627",0,1,PASS_THROUGH,-1,0.9646575284644006,0.2495788462402427,-0.08453550902634686,0.9,3.1653487628890944,3.843207644924308,0.0,0,0,0,DIRECT_LOCAL,PASS_THROUGH,0,BYPASS_VISIBLE,1,5,0.0,21.0,2.0,0.0,21.0,2.0,1,
359,12.0,0.033333,3.677417755126953,15.201295852661133,2.63136625289917,0.3060830248640696,0.0911751464009285,1.7762999709429204,-0.3005934512974076,0.1027966764716767,1.8044847371004082,0.0,21.0,2.0,0.9635748930262,0.2517130485256015,-0.09035467188527435,0.9,1.7847048044204712,-0.289440780878067,0.10401533544063568,0.13930368423461914,direct,SAFE_PROGRESSING,NONE,1,0,"3.686,15.142;3.420,15.565;3.153,15.988;2.887,16.411;2.621,16.835;2.354,17.258;2.088,17.681",0,1,PASS_THROUGH,-1,0.9646575284644006,0.2495788462402427,-0.08453550902634686,0.9,3.2018061714571227,3.8756226763346167,0.0,0,0,0,DIRECT_LOCAL,PASS_THROUGH,0,BYPASS_VISIBLE,1,5,0.0,21.0,2.0,0.0,21.0,2.0,1,
360,12.033333,0.033333,3.6688027381896973,15.260727882385254,2.6347739696502686,0.3091292601314191,0.09157243371009827,1.7763365593865745,-0.3006032989244446,0.1019720644188756,1.8044756073329002,0.0,21.0,2.0,0.9633357500460672,0.2521913099355861,-0.09156296126794065,0.9,1.7847346067428589,-0.289408802986145,0.10318673402070999,0.13998480141162872,direct,SAFE_PROGRESSING,NONE,1,0,"3.677,15.201;3.410,15.624;3.142,16.046;2.874,16.468;2.606,16.890;2.339,17.313;2.071,17.735",1,1,PASS_THROUGH,-1,0.9673995157599973,0.2532551616597833,0.0,0.9,3.238824175931171,3.90840705878321,0.0,0,0,0,DIRECT_LOCAL,PASS_THROUGH,0,BYPASS_VISIBLE,1,5,0.0,21.0,2.0,0.0,21.0,2.0,1,
361,12.066667,0.033333,3.660006046295166,15.320134162902832,2.638157606124878,0.312188913869824,0.0919814184308052,1.7763503172233557,-0.30063323680595194,0.10113345351853355,1.804446942415466,0.0,21.0,2.0,0.9630885806938514,0.25268759751707787,-0.09278665743602463,0.9,1.7847635746002197,-0.28935712575912476,0.10234449058771133,0.1407407522201538,direct,SAFE_PROGRESSING,NONE,1,0,"3.669,15.261;3.400,15.682;3.130,16.103;2.861,16.525;2.592,16.946;2.322,17.367;2.053,17.788",0,1,PASS_THROUGH,-1,0.9633357500460672,0.2521913099355861,-0.09156296126794065,0.9,3.2763843660211442,3.9415518937467064,0.0,0,0,0,DIRECT_LOCAL,PASS_THROUGH,0,BYPASS_VISIBLE,1,5,0.0,21.0,2.0,0.0,21.0,2.0,1,
362,12.1,0.033333,3.6510281562805176,15.379512786865234,2.6415164470672607,0.31526241233747954,0.09240525960922241,1.7763410467488,-0.3006826921889928,0.10028485256025935,1.8043986941359926,0.0,21.0,2.0,0.9628332245369953,0.2532020576530918,-0.0940260587706006,0.9,1.7847754955291748,-0.28927844762802124,0.10149098932743073,0.14160139858722687,direct,SAFE_PROGRESSING,NONE,1,0,"3.660,15.320;3.389,15.740;3.118,16.161;2.848,16.581;2.577,17.001;2.306,17.422;2.035,17.842",0,1,PASS_THROUGH,-1,0.9633357500460672,0.2521913099355861,-0.09156296126794065,0.9,3.3144667003004953,3.975049072575942,0.0,0,0,0,DIRECT_LOCAL,PASS_THROUGH,0,BYPASS_VISIBLE,1,5,0.0,21.0,2.0,0.0,21.0,2.0,1,
363,12.133333,0.033333,3.641868829727173,15.438863754272461,2.644850015640259,0.31835051576692924,0.0928511843085289,1.776309914261721,-0.3007486233497266,0.09942550418260813,1.8043314764292075,0.0,21.0,2.0,0.9625695740625174,0.2537346469090602,-0.09528139402337747,0.9,1.7847609519958496,-0.28921741247177124,0.1006208285689354,0.14248910546302795,direct,SAFE_PROGRESSING,NONE,1,0,"3.651,15.380;3.379,15.799;3.106,16.218;2.834,16.637;2.562,17.057;2.289,17.476;2.017,17.895",0,1,PASS_THROUGH,-1,0.9633357500460672,0.2521913099355861,-0.09156296126794065,0.9,3.3530523234292553,4.008891343739376,0.0,0,0,0,DIRECT_LOCAL,PASS_THROUGH,0,BYPASS_VISIBLE,1,5,0.0,21.0,2.0,0.0,21.0,2.0,1,
364,12.166667,0.033333,3.632528305053711,15.498185157775879,2.648158311843872,0.32145390577150684,0.09332462400197983,1.7762577974645841,-0.3008274034320308,0.09855033504869878,1.804245287716613,0.0,21.0,2.0,0.9622974700404339,0.25428547907991095,-0.09655296102595998,0.9,1.7847309112548828,-0.28919968008995056,0.09972881525754929,0.1433447003364563,direct,SAFE_PROGRESSING,NONE,1,0,"3.642,15.439;3.368,15.857;3.094,16.275;2.820,16.694;2.546,17.112;2.272,17.530;1.998,17.949",0,1,PASS_THROUGH,-1,0.9633357500460672,0.2521913099355861,-0.09156296126794065,0.9,3.392123892919487,4.043070620673464,0.0,0,0,0,DIRECT_LOCAL,PASS_THROUGH,0,BYPASS_VISIBLE,1,5,0.0,21.0,2.0,0.0,21.0,2.0,1,
365,12.2,0.033333,3.6230056285858154,15.557476043701172,2.6514406204223633,0.32457368026743627,0.09382456541061401,1.776185461299942,-0.3009159961885976,0.09765932045315964,1.804140397132894,0.0,21.0,2.0,0.9620168687315747,0.2548541963558,-0.09784111035620835,0.9,1.7846944332122803,-0.28916868567466736,0.09882132709026337,0.1442744880914688,direct,SAFE_PROGRESSING,NONE,1,0,"3.633,15.498;3.357,15.915;3.082,16.333;2.806,16.750;2.531,17.167;2.255,17.584;1.980,18.002",0,1,PASS_THROUGH,-1,0.9633357500460672,0.2521913099355861,-0.09156296126794065,0.9,3.43166350801256,4.077578712956821,0.0,0,0,0,DIRECT_LOCAL,PASS_THROUGH,0,BYPASS_VISIBLE,1,5,0.0,21.0,2.0,0.0,21.0,2.0,1,
366,12.233333,0.033333,3.6133005619049072,15.61673355102539,2.654696226119995,0.3277105046544553,0.09435003250837326,1.7760933424786602,-0.30101420685933483,0.09675295381912531,1.8040172526893692,0.0,21.0,2.0,0.9617276330411777,0.2554408103304112,-0.09914611572198223,0.9,1.7845760583877563,-0.28922170400619507,0.09790228307247162,0.14515569806098938,direct,SAFE_PROGRESSING,NONE,1,0,"3.623,15.557;3.346,15.974;3.069,16.390;2.792,16.806;2.515,17.222;2.238,17.639;1.961,18.055",1,1,PASS_THROUGH,-1,0.9664896380147874,0.25670562831781746,0.0,0.9,3.471653783009097,4.112406725777503,0.0,0,0,0,DIRECT_LOCAL,PASS_THROUGH,0,BYPASS_VISIBLE,1,5,0.0,21.0,2.0,0.0,21.0,2.0,1,
367,12.266667,0.033333,3.6034128665924072,15.675957679748535,2.6579246520996094,0.33086520383461543,0.09489646553993225,1.7759805876446009,-0.3011238061647494,0.09582127189234321,1.8038748045462227,0.0,21.0,2.0,0.9614296780305696,0.25604513137827073,-0.10046822830885117,0.9,1.7844438552856445,-0.28934246301651,0.09696567058563232,0.145959734916687,direct,SAFE_PROGRESSING,NONE,1,0,"3.613,15.617;3.335,16.032;3.056,16.447;2.777,16.862;2.499,17.277;2.220,17.692;1.941,18.108",0,1,PASS_THROUGH,-1,0.9617276330411777,0.2554408103304112,-0.09914611572198223,0.9,3.5120768589977702,4.147547877429208,0.0,0,0,0,DIRECT_LOCAL,PASS_THROUGH,0,BYPASS_VISIBLE,1,5,0.0,21.0,2.0,0.0,21.0,2.0,1,
368,12.3,0.033333,3.5933420658111572,15.735148429870605,2.661125421524048,0.33403831185136,0.09545405209064484,1.7758442488462807,-0.3012504054009753,0.09486706265307043,1.8037112747031006,0.0,21.0,2.0,0.961122765009988,0.2566675024214088,-0.10180777858450493,0.9,1.7843303680419922,-0.2894219756126404,0.09602077305316925,0.1468617171049118,direct,SAFE_PROGRESSING,NONE,1,0,"3.603,15.676;3.323,16.090;3.043,16.504;2.763,16.918;2.482,17.332;2.202,17.746;1.922,18.160",0,1,PASS_THROUGH,-1,0.9617276330411777,0.2554408103304112,-0.09914611572198223,0.9,3.552917643534035,4.182995369001678,0.0,0,0,0,DIRECT_LOCAL,PASS_THROUGH,0,BYPASS_VISIBLE,1,5,0.0,21.0,2.0,0.0,21.0,2.0,1,
369,12.333333,0.033333,3.5830883979797363,15.794302940368652,2.6642985343933105,0.33723007641951974,0.09601963311433792,1.775681815051594,-0.3014009243587131,0.09390533599140508,1.803526167716141,0.0,21.0,2.0,0.9608065754238059,0.2573085403059901,-0.10316510896606082,0.9,1.7841806411743164,-0.2894546389579773,0.09507699310779572,0.1479211151599884,direct,SAFE_PROGRESSING,NONE,1,0,"3.593,15.735;3.311,16.148;3.030,16.561;2.748,16.974;2.466,17.387;2.184,17.800;1.902,18.213",0,1,PASS_THROUGH,-1,0.9617276330411777,0.2554408103304112,-0.09914611572198223,0.9,3.594161470142994,4.218740966078618,0.0,0,0,0,DIRECT_LOCAL,PASS_THROUGH,0,BYPASS_VISIBLE,1,5,0.0,21.0,2.0,0.0,21.0,2.0,1,
370,12.366667,0.033333,3.5726518630981445,15.85342025756836,2.667443037033081,0.3404408925735324,0.09660081565380096,1.7754927145827244,-0.30157797018692234,0.0929367933657916,1.8033194113078004,0.0,21.0,2.0,0.960480852815625,0.257968591231654,-0.10454060126345895,0.9,1.7839622497558594,-0.289548397064209,0.09412556886672974,0.14896102249622345,direct,SAFE_PROGRESSING,NONE,1,0,"3.583,15.794;3.300,16.206;3.016,16.618;2.733,17.030;2.449,17.442;2.166,17.854;1.882,18.266",0,1,PASS_THROUGH,-1,0.9617276330411777,0.2554408103304112,-0.09914611572198223,0.9,3.635792337064816,4.2547777323438565,0.0,0,0,0,DIRECT_LOCAL,PASS_THROUGH,0,BYPASS_VISIBLE,1,5,0.0,21.0,2.0,0.0,21.0,2.0,1,
371,12.4,0.033333,3.562032461166382,15.91249942779541,2.6705589294433594,0.3436714465653052,0.09720273315906525,1.7752761997536368,-0.30177907467327164,0.09195394796139725,1.8030894941372317,0.0,21.0,2.0,0.9601453799136508,0.25864787978471,-0.1059345255964529,0.9,1.783834457397461,-0.2895657420158386,0.0931529551744461,0.15011298656463623,direct,SAFE_PROGRESSING,NONE,1,0,"3.573,15.853;3.288,16.264;3.002,16.675;2.717,17.086;2.432,17.496;2.147,17.907;1.862,18.318",0,1,PASS_THROUGH,-1,0.9617276330411777,0.2554408103304112,-0.09914611572198223,0.9,3.6777961030331743,4.2910988487177635,0.0,0,0,0,DIRECT_LOCAL,PASS_THROUGH,0,BYPASS_VISIBLE,1,5,0.0,21.0,2.0,0.0,21.0,2.0,1,
372,12.433333,0.033333,3.5512301921844482,15.971539497375488,2.6736462116241455,0.3469225886773134,0.09783242642879486,1.7750335609699175,-0.30200002564098904,0.09097222008485788,1.802837791617391,0.0,21.0,2.0,0.9597999528888512,0.25934649691425055,-0.10734731004019467,0.9,1.783681869506836,-0.2895655632019043,0.09216871112585068,0.15135087072849274,direct,SAFE_PROGRESSING,NONE,1,0,"3.562,15.912;3.275,16.322;2.988,16.732;2.702,17.141;2.415,17.551;2.128,17.960;1.841,18.370",1,1,PASS_THROUGH,-1,0.9653783118598731,0.26085381919876444,0.0,0.9,3.72015911786952,4.327697613143593,0.0,0,0,0,DIRECT_LOCAL,PASS_THROUGH,0,BYPASS_VISIBLE,1,5,0.0,21.0,2.0,0.0,21.0,2.0,1,
373,12.466667,0.033333,3.5402445793151855,16.030536651611328,2.6767046451568604,0.35019537335101536,0.09849792718887329,1.7747682982420934,-0.3022328161712209,0.08999710908422982,1.8025666887134695,0.0,21.0,2.0,0.9594444061235188,0.2600643666242933,-0.10877939497254649,0.9,1.7834657430648804,-0.28960925340652466,0.09117328375577927,0.15260666608810425,direct,SAFE_PROGRESSING,NONE,1,0,"3.551,15.972;3.263,16.380;2.974,16.788;2.686,17.197;2.397,17.605;2.109,18.014;1.821,18.422",0,1,PASS_THROUGH,-1,0.9597999528888512,0.25934649691425055,-0.10734731004019467,0.9,3.7628682084578378,4.364564975965228,0.0,0,0,0,DIRECT_LOCAL,PASS_THROUGH,0,BYPASS_VISIBLE,1,5,0.0,21.0,2.0,0.0,21.0,2.0,1,
374,12.5,0.033333,3.5290744304656982,16.089492797851562,2.6797335147857666,0.35349097450481703,0.09920092672109604,1.7744847455017212,-0.30247038737471277,0.08901467490636059,1.8022785743623546,0.0,21.0,2.0,0.9590786857571019,0.26080100887495244,-0.1102311584636441,0.9,1.7832362651824951,-0.289715439081192,0.09015829116106033,0.15379762649536133,direct,SAFE_PROGRESSING,NONE,1,0,"3.540,16.031;3.250,16.438;2.960,16.845;2.670,17.252;2.380,17.659;2.090,18.067;1.800,18.474",0,1,PASS_THROUGH,-1,0.9597999528888512,0.25934649691425055,-0.10734731004019467,0.9,3.8059080117101494,4.401695815153477,0.0,0,0,0,DIRECT_LOCAL,PASS_THROUGH,0,BYPASS_VISIBLE,1,5,0.0,21.0,2.0,0.0,21.0,2.0,1,
375,12.533333,0.033333,3.51771879196167,16.148405075073242,2.682732582092285,0.3568105812975753,0.09993568062782288,1.7741845542010786,-0.3027106717551039,0.08801635362374466,1.8019743232536156,0.0,21.0,2.0,0.9587026121431728,0.2615563813829304,-0.111703002769506,0.9,1.7830004692077637,-0.28984594345092773,0.08912937343120575,0.15499277412891388,direct,SAFE_PROGRESSING,NONE,1,0,"3.529,16.089;3.237,16.496;2.945,16.902;2.654,17.308;2.362,17.714;2.070,18.120;1.778,18.526",0,1,PASS_THROUGH,-1,0.9597999528888512,0.25934649691425055,-0.10734731004019467,0.9,3.8492679920665953,4.4390817392473245,0.0,0,0,0,DIRECT_LOCAL,PASS_THROUGH,0,BYPASS_VISIBLE,1,5,0.0,21.0,2.0,0.0,21.0,2.0,1,
376,12.566667,0.033333,3.5061769485473633,16.2072696685791,2.6857011318206787,0.36015513981204095,0.10069411247968674,1.7738667628636986,-0.3029568947123977,0.08699933029260551,1.8016534228085261,0.0,21.0,2.0,0.9583160364015328,0.26233030252901546,-0.11319534774314335,0.9,1.782630205154419,-0.2900870442390442,0.08810058981180191,0.1561438888311386,direct,SAFE_PROGRESSING,NONE,1,0,"3.518,16.148;3.224,16.553;2.931,16.958;2.637,17.363;2.344,17.768;2.050,18.172;1.757,18.577",0,1,PASS_THROUGH,-1,0.9597999528888512,0.25934649691425055,-0.10734731004019467,0.9,3.8929342457714764,4.476713874091891,0.0,0,0,0,DIRECT_LOCAL,PASS_THROUGH,0,BYPASS_VISIBLE,1,5,0.0,21.0,2.0,0.0,21.0,2.0,1,
377,12.6,0.033333,3.49444842338562,16.266088485717773,2.68863844871521,0.3635251979186446,0.1014651507139206,1.773528570860765,-0.303216909316393,0.08594251492617194,1.8013134656762682,0.0,21.0,2.0,0.9579187199121775,0.2631229360454099,-0.11470852875291462,0.9,1.7821513414382935,-0.29043981432914734,0.08707047998905182,0.1572355329990387,direct,SAFE_PROGRESSING,NONE,1,0,"3.506,16.207;3.211,16.611;2.916,17.014;2.621,17.418;2.325,17.821;2.030,18.225;1.735,18.629",0,1,PASS_THROUGH,-1,0.9597999528888512,0.25934649691425055,-0.10734731004019467,0.9,3.9368925907749586,4.514587994735057,0.0,0,0,0,DIRECT_LOCAL,PASS_THROUGH,0,BYPASS_VISIBLE,1,5,0.0,21.0,2.0,0.0,21.0,2.0,1,
378,12.633333,0.033333,3.482532501220703,16.324859619140625,2.691544771194458,0.36692090514513487,0.10223624110221863,1.7731602659120227,-0.30350317496706614,0.08482659935943046,1.8009461562698563,0.0,21.0,2.0,0.9575101367080068,0.26393542514398843,-0.11624297594038159,0.9,1.7816731929779053,-0.2908371090888977,0.08602876216173172,0.15828852355480194,direct,SAFE_PROGRESSING,NONE,1,0,"3.494,16.266;3.198,16.668;2.901,17.071;2.604,17.473;2.307,17.875;2.010,18.277;1.713,18.680",1,1,PASS_THROUGH,-1,0.9640455882547756,0.2657369070462426,0.0,0.9,3.9811342476909117,4.5526969435880185,0.0,0,0,0,DIRECT_LOCAL,PASS_THROUGH,0,BYPASS_VISIBLE,1,5,0.0,21.0,2.0,0.0,21.0,2.0,1,
379,12.666667,0.033333,3.4704296588897705,16.383581161499023,2.694420099258423,0.37034214053367476,0.1029989942908287,1.7727493825557619,-0.3038295612093658,0.08366439628321809,1.8005422813202543,0.0,21.0,2.0,0.9570897637339142,0.2647688126039605,-0.117799236109787,0.9,1.781167984008789,-0.29125863313674927,0.08497984707355499,0.1593441516160965,direct,SAFE_PROGRESSING,NONE,1,0,"3.483,16.325;3.184,16.726;2.885,17.127;2.586,17.528;2.288,17.929;1.989,18.330;1.690,18.731",0,1,PASS_THROUGH,-1,0.9575101367080068,0.26393542514398843,-0.11624297594038159,0.9,4.025647493416755,4.591034413840689,0.0,0,0,0,DIRECT_LOCAL,PASS_THROUGH,0,BYPASS_VISIBLE,1,5,0.0,21.0,2.0,0.0,21.0,2.0,1,
380,12.7,0.033333,3.4581406116485596,16.442251205444336,2.697263717651367,0.3737884774177212,0.10374969989061356,1.7722875848601563,-0.30420660321140536,0.0824799317234554,1.800096630746242,0.0,21.0,2.0,0.9566569381647541,0.2656246211336832,-0.11937781749062591,0.9,1.7805098295211792,-0.29178428649902344,0.08393695950508118,0.1603732854127884,direct,SAFE_PROGRESSING,NONE,1,0,"3.470,16.384;3.170,16.783;2.870,17.183;2.569,17.583;2.269,17.982;1.968,18.382;1.668,18.782",0,1,PASS_THROUGH,-1,0.9575101367080068,0.26393542514398843,-0.11624297594038159,0.9,4.0704215790778,4.629594324834137,0.0,0,0,0,DIRECT_LOCAL,PASS_THROUGH,0,BYPASS_VISIBLE,1,5,0.0,21.0,2.0,0.0,21.0,2.0,1,
381,12.733333,0.033333,3.445666790008545,16.50086784362793,2.7000763416290283,0.3772595295493501,0.10448435693979263,1.7717687058370706,-0.3046393584482586,0.08127462714540139,1.7996041372248948,0.0,21.0,2.0,0.9562109895725925,0.2665044027605973,-0.12097911691618674,0.9,1.7798426151275635,-0.2923797070980072,0.08288045227527618,0.16131827235221863,direct,SAFE_PROGRESSING,NONE,1,0,"3.458,16.442;3.156,16.841;2.854,17.239;2.551,17.637;2.249,18.036;1.947,18.434;1.645,18.832",0,1,PASS_THROUGH,-1,0.9575101367080068,0.26393542514398843,-0.11624297594038159,0.9,4.11544620170991,4.668371104080229,0.0,0,0,0,DIRECT_LOCAL,PASS_THROUGH,0,BYPASS_VISIBLE,1,5,0.0,21.0,2.0,0.0,21.0,2.0,1,
382,12.766667,0.033333,3.433009147644043,16.559429168701172,2.7028582096099854,0.38075476801373975,0.10519901663064957,1.7711874085034234,-0.30513005553558675,0.08006217969819672,1.7990606269523688,0.0,21.0,2.0,0.9557511299865996,0.26740996817719853,-0.12260377828112684,0.9,1.7792439460754395,-0.2929874658584595,0.08179952204227448,0.16218619048595428,direct,SAFE_PROGRESSING,NONE,1,0,"3.446,16.501;3.142,16.898;2.838,17.295;2.534,17.692;2.230,18.089;1.926,18.486;1.622,18.883",0,1,PASS_THROUGH,-1,0.9575101367080068,0.26393542514398843,-0.11624297594038159,0.9,4.160711711760314,4.707358947202351,0.0,0,0,0,DIRECT_LOCAL,PASS_THROUGH,0,BYPASS_VISIBLE,1,5,0.0,21.0,2.0,0.0,21.0,2.0,1,
383,12.8,0.033333,3.4201693534851074,16.617931365966797,2.705609083175659,0.38427344138403485,0.10589050501585007,1.7705441087017353,-0.30567860789725027,0.07887926964942893,1.798468179136025,0.0,21.0,2.0,0.955276509379107,0.268343315717716,-0.1242523864482738,0.9,1.7786049842834473,-0.29357632994651794,0.08071279525756836,0.16314540803432465,direct,SAFE_PROGRESSING,NONE,1,0,"3.433,16.559;3.127,16.955;2.821,17.351;2.516,17.746;2.210,18.142;1.904,18.537;1.598,18.933",0,1,PASS_THROUGH,-1,0.9575101367080068,0.26393542514398843,-0.11624297594038159,0.9,4.206208510909915,4.746551009718673,0.0,0,0,0,DIRECT_LOCAL,PASS_THROUGH,0,BYPASS_VISIBLE,1,5,0.0,21.0,2.0,0.0,21.0,2.0,1,
384,12.833333,0.033333,3.407149076461792,16.676374435424805,2.7083287239074707,0.38781488525935365,0.10656103491783142,1.7698460193829868,-0.3062809684181405,0.07773888909824546,1.797833779530017,0.0,21.0,2.0,0.9547863156305644,0.26930629650931615,-0.12592541500844262,0.9,1.7779101133346558,-0.2942041754722595,0.07961538434028625,0.16410940885543823,direct,SAFE_PROGRESSING,NONE,1,0,"3.420,16.618;3.113,17.012;2.805,17.406;2.497,17.800;2.190,18.195;1.882,18.589;1.574,18.983",1,1,PASS_THROUGH,-1,0.9624476764804017,0.2714672540795223,0.0,0.9,4.251925923631352,4.785943543582939,0.0,0,0,0,DIRECT_LOCAL,PASS_THROUGH,0,BYPASS_VISIBLE,1,5,0.0,21.0,2.0,0.0,21.0,2.0,1,
385,12.866667,0.033333,3.393949270248413,16.734758377075195,2.711017370223999,0.39137840144804137,0.10721609741449356,1.7691016145813008,-0.3069296748372958,0.07662533289312486,1.797163818256665,0.0,21.0,2.0,0.9542795762187037,0.27030122876363766,-0.12762341533088262,0.9,1.7772061824798584,-0.2948806881904602,0.0784962922334671,0.16501343250274658,local_avoidance,SAFE_PROGRESSING,NONE,1,0,"3.407,16.676;3.098,17.069;2.788,17.462;2.479,17.855;2.169,18.247;1.860,18.640;1.550,19.033",0,1,PASS_THROUGH,-1,0.9547863156305644,0.26930629650931615,-0.12592541500844262,0.9,4.297856887748559,4.82553246822155,0.0,0,0,1,DIRECT_LOCAL,PASS_THROUGH,0,BYPASS_VISIBLE,1,5,0.0,21.0,2.0,0.0,21.0,2.0,1,
386,12.9,0.033333,3.380570650100708,16.79307746887207,2.713675022125244,0.3949635007081125,0.10785835981369019,1.76831741961264,-0.30761779614759077,0.07552373350720099,1.7964629245645656,0.0,21.0,2.0,0.9537553525114761,0.27133018336286946,-0.1293470492588894,0.9,1.776544451713562,-0.29553529620170593,0.07735249400138855,0.16594137251377106,local_avoidance,SAFE_PROGRESSING,NONE,1,0,"3.394,16.735;3.083,17.126;2.771,17.517;2.460,17.909;2.149,18.300;1.837,18.691;1.526,19.082",0,1,PASS_THROUGH,-1,0.9547863156305644,0.26930629650931615,-0.12592541500844262,0.9,4.343994292532534,4.865308989553015,0.0,0,0,1,DIRECT_LOCAL,PASS_THROUGH,0,BYPASS_VISIBLE,1,5,0.0,21.0,2.0,0.0,21.0,2.0,1,
387,12.933333,0.033333,3.367013454437256,16.851335525512695,2.7163004875183105,0.39856993444391847,0.10849129408597946,1.7675001789249405,-0.3083400769749636,0.07443486326482322,1.7957369056846486,0.0,21.0,2.0,0.9532129401707168,0.27239439429061413,-0.1310968521748205,0.9,1.7759054899215698,-0.2961200773715973,0.07619126886129379,0.16700896620750427,local_avoidance,SAFE_PROGRESSING,NONE,1,0,"3.381,16.793;3.067,17.183;2.754,17.573;2.441,17.962;2.128,18.352;1.815,18.742;1.501,19.132",0,1,PASS_THROUGH,-1,0.9547863156305644,0.26930629650931615,-0.12592541500844262,0.9,4.390326065402982,4.905271880571041,0.0,0,0,1,DIRECT_LOCAL,PASS_THROUGH,0,BYPASS_VISIBLE,1,5,0.0,21.0,2.0,0.0,21.0,2.0,1,
388,12.966667,0.033333,3.353278875350952,16.90952491760254,2.71889328956604,0.402197394798416,0.109125517308712,1.7666562210232786,-0.30909060335520117,0.07335810459316874,1.7949909793289311,0.0,21.0,2.0,0.9526513095769513,0.27349617470601184,-0.1328733411279269,0.9,1.7751944065093994,-0.2966941297054291,0.07502087950706482,0.16820268332958221,local_avoidance,SAFE_PROGRESSING,NONE,1,0,"3.367,16.851;3.052,17.240;2.737,17.628;2.422,18.016;2.107,18.404;1.792,18.792;1.477,19.181",0,1,PASS_THROUGH,-1,0.9547863156305644,0.26930629650931615,-0.12592541500844262,0.9,4.43684872090805,4.945411182789225,0.0,0,0,1,DIRECT_LOCAL,PASS_THROUGH,0,BYPASS_VISIBLE,1,5,0.0,21.0,2.0,0.0,21.0,2.0,1,
389,13.0,0.033333,3.3393661975860596,16.967649459838867,2.7214531898498535,0.40584630443239095,0.10977521538734436,1.765791784617594,-0.3098610790503351,0.07227046769296415,1.794228952902551,0.0,21.0,2.0,0.9520699332731694,0.2746360545067215,-0.13467694577099645,0.9,1.774443507194519,-0.2973185181617737,0.07383037358522415,0.16939067840576172,local_avoidance,SAFE_PROGRESSING,NONE,1,0,"3.353,16.910;3.036,17.296;2.719,17.683;2.402,18.070;2.085,18.456;1.768,18.843;1.451,19.230",0,1,PASS_THROUGH,-1,0.9547863156305644,0.26930629650931615,-0.12592541500844262,0.9,4.483549155969306,4.985725332607383,0.0,0,0,1,DIRECT_LOCAL,PASS_THROUGH,0,BYPASS_VISIBLE,1,5,0.0,21.0,2.0,0.0,21.0,2.0,1,
390,13.033333,0.033333,3.325275421142578,17.025705337524414,2.7239792346954346,0.4095172800296155,0.11044911295175552,1.764909035584876,-0.31064438490914964,0.07114802718057293,1.7934508299745517,0.0,21.0,2.0,0.951467972234127,0.2758154352720982,-0.136508400761058,0.9,1.7736151218414307,-0.2980287969112396,0.07262398302555084,0.1705450713634491,local_avoidance,SAFE_PROGRESSING,NONE,1,0,"3.339,16.968;3.020,17.353;2.702,17.738;2.383,18.123;2.064,18.508;1.745,18.893;1.426,19.278",1,1,PASS_THROUGH,-1,0.960458911386332,0.2784217655618582,0.0,0.9,4.530424009151031,5.026206996617054,0.0,0,0,1,DIRECT_LOCAL,PASS_THROUGH,0,BLOCKED_FOV_TRUNCATED,1,5,0.0,21.0,2.0,0.0,21.0,2.0,1,
391,13.066667,0.033333,3.3110063076019287,17.08369255065918,2.7264702320098877,0.4132111261414807,0.11114668846130371,1.7640045390878747,-0.31143883487226365,0.06997704665017998,1.7926524897054368,0.0,21.0,2.0,0.9508448602295005,0.2770348386917389,-0.13836816803796992,0.9,1.7727874517440796,-0.29869359731674194,0.07140551507472992,0.171868234872818,local_avoidance,SAFE_PROGRESSING,NONE,1,0,"3.325,17.026;3.004,17.409;2.684,17.793;2.363,18.176;2.042,18.560;1.721,18.943;1.400,19.327",0,1,PASS_THROUGH,-1,0.951467972234127,0.2758154352720982,-0.136508400761058,0.9,4.577463595810603,5.06685196115806,0.0,0,0,1,DIRECT_LOCAL,PASS_THROUGH,0,BLOCKED_FOV_TRUNCATED,1,5,0.0,21.0,2.0,0.0,21.0,2.0,1,
392,13.1,0.033333,3.296558380126953,17.14160919189453,2.728926181793213,0.41692870082168815,0.11187246441841125,1.7630732343038886,-0.31224834225175635,0.06876313842100922,1.7918299656951973,0.0,21.0,2.0,0.9501998886235454,0.278295192388065,-0.14025675582121463,0.9,1.7719346284866333,-0.29934263229370117,0.07017539441585541,0.1733085811138153,local_avoidance,SAFE_PROGRESSING,NONE,1,0,"3.311,17.084;2.988,17.466;2.665,17.847;2.343,18.229;2.020,18.611;1.697,18.993;1.374,19.375",0,1,PASS_THROUGH,-1,0.951467972234127,0.2758154352720982,-0.136508400761058,0.9,4.615836388698432,5.107654397210076,0.0,0,0,1,DIRECT_LOCAL,PASS_THROUGH,0,BLOCKED_FOV_TRUNCATED,1,5,0.0,21.0,2.0,0.0,21.0,2.0,1,
393,13.133333,0.033333,3.2819314002990723,17.199453353881836,2.731346368789673,0.4206710610015803,0.11263685673475266,1.7621098899829746,-0.3130763664847433,0.06751622920866945,1.7909792061421757,0.0,21.0,2.0,0.9495324146778905,0.2795970267527549,-0.14217487860727573,0.9,1.7709801197052002,-0.3001124858856201,0.06893429160118103,0.17466598749160767,local_avoidance,SAFE_PROGRESSING,NONE,1,0,"3.297,17.142;2.940,17.492;2.583,17.842;2.226,18.193;1.870,18.543;1.513,18.894;1.156,19.244",0,1,PASS_THROUGH,-1,0.951467972234127,0.2758154352720982,-0.136508400761058,0.9,4.672011055976933,5.148608695913418,0.0,0,0,1,DIRECT_LOCAL,PASS_THROUGH,0,BLOCKED_FOV_TRUNCATED,1,5,0.0,21.0,2.0,0.0,21.0,2.0,1,
394,13.166667,0.033333,3.267125129699707,17.257225036621094,2.733729839324951,0.4244395820960654,0.1134389191865921,1.7611104546293017,-0.31392578074506644,0.06623960358718432,1.7900969566770433,0.0,21.0,2.0,0.9488418562295753,0.2809406618931882,-0.14412312917027317,0.9,1.7700034379959106,-0.30091655254364014,0.06768336892127991,0.1760471761226654,local_avoidance,SAFE_PROGRESSING,NONE,1,0,"3.282,17.199;2.923,17.548;2.565,17.896;2.206,18.245;1.848,18.593;1.489,18.942;1.131,19.290",0,1,PASS_THROUGH,-1,0.951467972234127,0.2758154352720982,-0.136508400761058,0.9,4.692280407112933,5.189710954381552,0.0,0,0,1,DIRECT_LOCAL,PASS_THROUGH,0,BLOCKED_FOV_TRUNCATED,1,5,0.0,21.0,2.0,0.0,21.0,2.0,1,
395,13.2,0.033333,3.2521398067474365,17.31492042541504,2.736076831817627,0.4282353621843091,0.11427252739667892,1.7600708086559786,-0.31480179768908484,0.06494358352423966,1.7891805644909518,0.0,21.0,2.0,0.9481274447669322,0.2823269767354624,-0.1461021104814752,0.9,1.7689770460128784,-0.30176210403442383,0.0664287731051445,0.1774490922689438,local_avoidance,SAFE_PROGRESSING,NONE,1,0,"3.267,17.257;2.907,17.604;2.546,17.950;2.186,18.297;1.826,18.644;1.465,18.990;1.105,19.337",0,1,PASS_THROUGH,-1,0.951467972234127,0.2758154352720982,-0.136508400761058,0.9,4.6907399053897,5.230954377230284,0.0,0,0,1,DIRECT_LOCAL,PASS_THROUGH,0,BLOCKED_FOV_TRUNCATED,1,5,0.0,21.0,2.0,0.0,21.0,2.0,1,
396,13.233333,0.033333,3.23697566986084,17.37253761291504,2.738386631011963,0.43205927023398055,0.1151328757405281,1.758987735477716,-0.31571054273698684,0.06363706075856809,1.7882283623347146,0.0,21.0,2.0,0.9473884041202247,0.28375671684187803,-0.14811258348179646,0.9,1.7678616046905518,-0.30263903737068176,0.06517966091632843,0.17893274128437042,local_avoidance,SAFE_PROGRESSING,NONE,1,0,"3.252,17.315;2.890,17.660;2.528,18.004;2.165,18.349;1.803,18.693;1.441,19.038;1.079,19.383",1,1,PASS_THROUGH,-1,0.9579541532816374,0.28692131362180323,0.0,0.9,4.691417150351038,5.2723338470985315,0.0,0,0,1,DIRECT_LOCAL,PASS_THROUGH,0,BLOCKED_FOV_TRUNCATED,1,5,0.0,21.0,2.0,0.0,21.0,2.0,1,
397,13.266667,0.033333,3.221632957458496,17.430076599121094,2.7406601905822754,0.43591234482820196,0.11601784080266953,1.757858207092404,-0.3166571143600986,0.0623174408574172,1.7872382795117174,0.0,21.0,2.0,0.9466239125557714,0.2852307655537866,-0.1501551815929243,0.9,1.7666950225830078,-0.30350807309150696,0.06393446028232574,0.18055883049964905,local_avoidance,SAFE_PROGRESSING,NONE,1,0,"3.237,17.373;2.873,17.715;2.509,18.058;2.145,18.400;1.780,18.743;1.416,19.086;1.052,19.428",0,1,PASS_THROUGH,-1,0.9473884041202247,0.28375671684187803,-0.14811258348179646,0.9,4.694300317431545,5.313845958281314,0.0,0,0,1,DIRECT_LOCAL,PASS_THROUGH,0,BLOCKED_FOV_TRUNCATED,1,5,0.0,21.0,2.0,0.0,21.0,2.0,1,
398,13.3,0.033333,3.2061121463775635,17.48753547668457,2.7428970336914062,0.43979540341863815,0.11693286150693893,1.7566777847254609,-0.31764403541761516,0.06098163077028363,1.7862064079707427,0.0,21.0,2.0,0.9458329061611179,0.2867505133339271,-0.15223093222319667,0.9,1.7655322551727295,-0.30438876152038574,0.06267939507961273,0.18222826719284058,local_avoidance,SAFE_PROGRESSING,NONE,1,0,"3.222,17.430;2.856,17.771;2.490,18.111;2.123,18.452;1.757,18.792;1.391,19.133;1.025,19.474",0,1,PASS_THROUGH,-1,0.9473884041202247,0.28375671684187803,-0.14811258348179646,0.9,4.719508876933319,5.355485874661473,0.0,0,0,1,DIRECT_LOCAL,PASS_THROUGH,0,BLOCKED_FOV_TRUNCATED,1,5,0.0,21.0,2.0,0.0,21.0,2.0,1,
399,13.333333,0.033333,3.1904139518737793,17.544910430908203,2.7450973987579346,0.44370959252758035,0.1178852915763855,1.7554432624161613,-0.3186700376969051,0.059638717091394275,1.7851298039818702,0.0,21.0,2.0,0.945014470727173,0.2883169144162645,-0.15434055519443035,0.9,1.764265537261963,-0.3053429424762726,0.06142251566052437,0.18391749262809753,local_avoidance,SAFE_PROGRESSING,NONE,1,0,"3.206,17.488;2.838,17.826;2.470,18.165;2.102,18.503;1.734,18.842;1.366,19.180;0.998,19.519",0,1,PASS_THROUGH,-1,0.9473884041202247,0.28375671684187803,-0.14811258348179646,0.9,4.708402975510823,5.397247288569159,0.0,0,0,1,DIRECT_LOCAL,PASS_THROUGH,0,BLOCKED_FOV_TRUNCATED,1,5,0.0,21.0,2.0,0.0,21.0,2.0,1,
400,13.366667,0.033333,3.1745388507843018,17.602195739746094,2.7472612857818604,0.4476561949718039,0.11887558549642563,1.7541540424477817,-0.3197330309233076,0.05829064880224766,1.7840076836821879,0.0,21.0,2.0,0.944167733081428,0.2899306349532247,-0.1564848833705582,0.9,1.7630078792572021,-0.3062894642353058,0.0601562038064003,0.1857001781463623,local_avoidance,SAFE_PROGRESSING,NONE,1,0,"3.190,17.545;2.820,17.881;2.451,18.218;2.081,18.554;1.711,18.890;1.341,19.227;0.971,19.563",0,1,PASS_THROUGH,-1,0.9473884041202247,0.28375671684187803,-0.14811258348179646,0.9,4.700130672676766,5.439122146812266,0.0,0,0,1,DIRECT_LOCAL,PASS_THROUGH,0,BLOCKED_FOV_TRUNCATED,1,5,0.0,21.0,2.0,0.0,21.0,2.0,1,
401,13.4,0.033333,3.15848708152771,17.659395217895508,2.7493889331817627,0.4516364767933768,0.11990524083375931,1.7528088076495372,-0.3208310303953398,0.056947956768417324,1.7828388418526295,0.0,21.0,2.0,0.9432918726094262,0.29159211723057393,-0.1586646786086722,0.9,1.7617297172546387,-0.30721256136894226,0.058882903307676315,0.18761736154556274,local_avoidance,SAFE_PROGRESSING,NONE,1,0,"3.175,17.602;2.803,17.936;2.431,18.271;2.059,18.605;1.687,18.939;1.315,19.273;0.943,19.607",0,1,PASS_THROUGH,-1,0.9473884041202247,0.28375671684187803,-0.14811258348179646,0.9,4.640829201359726,5.481110620604772,0.0,0,0,1,DIRECT_LOCAL,PASS_THROUGH,0,BLOCKED_FOV_TRUNCATED,1,5,0.0,21.0,2.0,0.0,21.0,2.0,1,
402,13.433333,0.033333,3.142258882522583,17.71650505065918,2.7514798641204834,0.4556517848023126,0.12098050117492676,1.7514096659057432,-0.321962437296834,0.05562073752524937,1.7816254643726435,0.0,21.0,2.0,0.9423855983408737,0.2933030599714847,-0.16088100898203345,0.9,1.7604317665100098,-0.30797168612480164,0.0576094351708889,0.18998797237873077,local_avoidance,SAFE_PROGRESSING,NONE,1,0,"3.158,17.659;2.785,17.991;2.411,18.323;2.037,18.655;1.663,18.987;1.289,19.319;0.915,19.651",1,1,PASS_THROUGH,-1,0.9548233085013106,0.29717410644706443,0.0,0.9,4.6024534221073905,5.523206334235027,0.0,0,0,1,DIRECT_LOCAL,PASS_THROUGH,0,BLOCKED_FOV_TRUNCATED,1,5,0.0,21.0,2.0,0.0,21.0,2.0,1,
403,13.466667,0.033333,3.125854015350342,17.773523330688477,2.7535345554351807,0.4597040140819713,0.12212467938661575,1.7499603661133716,-0.32312103652343643,0.05429938588894796,1.7803698802550953,0.0,21.0,2.0,0.9414480893294546,0.29506369860109893,-0.1631346341699378,0.9,1.7590349912643433,-0.30884748697280884,0.056315697729587555,0.1923058032989502,local_avoidance,SAFE_PROGRESSING,NONE,1,0,"3.142,17.717;2.766,18.046;2.391,18.376;2.015,18.706;1.639,19.035;1.263,19.365;0.887,19.695",0,1,PASS_THROUGH,-1,0.9423855983408737,0.2933030599714847,-0.16088100898203345,0.9,4.640813952922881,5.565404403026977,0.0,0,0,1,DIRECT_LOCAL,PASS_THROUGH,0,BLOCKED_FOV_TRUNCATED,1,5,0.0,21.0,2.0,0.0,21.0,2.0,1,
404,13.5,0.033333,3.109272003173828,17.830448150634766,2.7555525302886963,0.4637957228773329,0.1233525276184082,1.748463226654609,-0.32429725241704127,0.0529632613876079,1.7790720811550895,0.0,21.0,2.0,0.9404785635694148,0.2968739018592429,-0.16542659357333914,0.8984679186903323,1.7576065063476562,-0.30982282757759094,0.05500106140971184,0.19454190135002136,local_avoidance,SAFE_PROGRESSING,NONE,1,0,"3.126,17.774;2.748,18.101;2.370,18.428;1.992,18.756;1.614,19.083;1.236,19.411;0.859,19.738",0,1,PASS_THROUGH,-1,0.9423855983408737,0.2933030599714847,-0.16088100898203345,0.9,4.603944529773989,5.607699904426725,0.0,0,0,1,DIRECT_LOCAL,PASS_THROUGH,0,BLOCKED_FOV_TRUNCATED,1,5,0.0,21.0,2.0,0.0,21.0,2.0,1,
405,13.533333,0.033333,3.0925121307373047,17.88727378845215,2.757533550262451,0.4679296757956182,0.12465624511241913,1.7469184622121292,-0.3254874923369836,0.051630414621790556,1.7777322410867802,0.0,21.0,2.0,0.9394762843156221,0.29873340383249414,-0.16775775583609945,0.888000705304566,1.756584644317627,-0.3104332387447357,0.05366498976945877,0.19711834192276,local_avoidance,SAFE_PROGRESSING,NONE,1,0,"3.109,17.830;2.729,18.156;2.349,18.481;1.970,18.806;1.590,19.131;1.210,19.456;0.830,19.781",0,1,PASS_THROUGH,-1,0.9423855983408737,0.2933030599714847,-0.16088100898203345,0.9,4.620232861574603,5.650084506151264,0.0,0,0,1,DIRECT_LOCAL,PASS_THROUGH,0,BLOCKED_FOV_TRUNCATED,1,5,0.0,21.0,2.0,0.0,21.0,2.0,1,
406,13.566667,0.033333,3.075573205947876,17.944002151489258,2.759476661682129,0.4721084491566478,0.12604503333568573,1.7453350906409653,-0.3266876165779377,0.050383841283271655,1.7763608611176214,0.0,21.0,2.0,0.9384406028408425,0.30064159620301684,-0.1701289674694409,0.877557878360497,1.7554765939712524,-0.3110833168029785,0.052332039922475815,0.19939863681793213,local_avoidance,SAFE_PROGRESSING,NONE,1,0,"3.093,17.887;2.711,18.210;2.329,18.533;1.947,18.855;1.565,19.178;1.183,19.500;0.801,19.823",0,1,PASS_THROUGH,-1,0.9423855983408737,0.2933030599714847,-0.16088100898203345,0.9,4.59502135405821,5.692556471338395,0.0,0,0,0,DIRECT_LOCAL,PASS_THROUGH,0,BLOCKED_FOV_TRUNCATED,1,5,0.0,21.0,2.0,0.0,21.0,2.0,1,
407,13.6,0.033333,3.058453321456909,18.00063133239746,2.7613818645477295,0.47633489830260617,0.12750759720802307,1.7437364506596367,-0.3278833995978346,0.049241802124722005,1.7749786162563739,0.0,21.0,2.0,0.9373705473052969,0.30259875559905763,-0.17254115495866493,0.8671395134635898,1.7543087005615234,-0.3117566406726837,0.05101075768470764,0.20146138966083527,local_avoidance,SAFE_PROGRESSING,NONE,1,0,"3.076,17.944;2.665,18.229;2.255,18.515;1.844,18.800;1.434,19.086;1.023,19.371;0.613,19.657",0,1,PASS_THROUGH,-1,0.9423855983408737,0.2933030599714847,-0.16088100898203345,0.9,4.568259086138309,5.735110474734689,0.0,0,0,0,DIRECT_LOCAL,PASS_THROUGH,0,BLOCKED_FOV_TRUNCATED,1,5,0.0,21.0,2.0,0.0,21.0,2.0,1,
408,13.633333,0.033333,3.0411500930786133,18.05715560913086,2.763248920440674,0.48061074038372376,0.1290038526058197,1.7421442855321965,-0.3290589384338395,0.048164331989874486,1.7736026329061771,0.0,21.0,2.0,0.9362649249554481,0.3046056476329561,-0.17499539916316756,0.8567461496552321,1.7530477046966553,-0.3125143349170685,0.049720264971256256,0.20331525802612305,local_avoidance,SAFE_PROGRESSING,NONE,1,0,"3.058,18.001;2.646,18.283;2.234,18.566;1.821,18.849;1.409,19.132;0.997,19.415;0.584,19.697",1,1,PASS_THROUGH,-1,0.950938619990811,0.3093796066484857,0.0,0.8567461496552321,4.5717336498800645,5.77773767284169,0.0,0,0,0,DIRECT_LOCAL,PASS_THROUGH,0,BYPASS_VISIBLE,1,5,0.0,21.0,2.0,0.0,21.0,2.0,1,
409,13.666667,0.033333,3.0236599445343018,18.113576889038086,2.765077829360962,0.4849363540663637,0.13049155473709106,1.7405686640694624,-0.3302048161551723,0.04709466354146064,1.7722393749961396,0.0,21.0,2.0,0.9351223034818723,0.3066637105148423,-0.1774926651555673,0.8463788040234,1.751732587814331,-0.313338965177536,0.04847682639956474,0.2050335705280304,local_avoidance,SAFE_PROGRESSING,NONE,1,0,"3.041,18.057;2.627,18.337;2.213,18.617;1.798,18.897;1.384,19.177;0.970,19.457;0.556,19.737",0,1,PASS_THROUGH,-1,0.9362649249554481,0.3046056476329561,-0.17499539916316756,0.8567461496552321,4.578238917195206,5.820435604736825,0.0,0,0,0,DIRECT_LOCAL,PASS_THROUGH,0,BYPASS_VISIBLE,1,5,0.0,21.0,2.0,0.0,21.0,2.0,1,
410,13.7,0.033333,3.0059802532196045,18.169891357421875,2.766869068145752,0.48931094375997014,0.1319366842508316,1.7390063347360598,-0.33132197924641565,0.046001235478467004,1.7708849199904133,0.0,21.0,2.0,0.9339404190075502,0.3087765567470278,-0.1800342515952205,0.8360372679653996,1.7505215406417847,-0.31403446197509766,0.047282665967941284,0.20689615607261658,direct,SAFE_PROGRESSING,NONE,1,0,"3.024,18.114;2.662,18.459;2.300,18.804;1.939,19.149;1.577,19.495;1.215,19.840;0.854,20.185",0,1,PASS_THROUGH,-1,0.9362649249554481,0.3046056476329561,-0.17499539916316756,0.8567461496552321,4.555043181467196,5.863197261126577,0.0,0,0,0,DIRECT_LOCAL,PASS_THROUGH,0,BYPASS_VISIBLE,1,5,0.0,21.0,2.0,0.0,21.0,2.0,1,
411,13.733333,0.033333,2.988107681274414,18.22610092163086,2.7686235904693604,0.4937329465856512,0.13333271443843842,1.7374485695786688,-0.33241517688672634,0.04489990401375891,1.76953196725463,0.0,21.0,2.0,0.9327169198695027,0.3109478499215539,-0.1826214171950002,0.8257222828903575,1.7492868900299072,-0.31465065479278564,0.04614511504769325,0.20892074704170227,direct,SAFE_PROGRESSING,NONE,1,0,"3.006,18.170;2.642,18.513;2.278,18.855;1.914,19.198;1.550,19.541;1.186,19.884;0.822,20.226",0,1,PASS_THROUGH,-1,0.9362649249554481,0.3046056476329561,-0.17499539916316756,0.8567461496552321,4.533957974381052,5.906020576368404,0.0,0,0,0,DIRECT_LOCAL,PASS_THROUGH,0,BYPASS_VISIBLE,1,5,0.0,21.0,2.0,0.0,21.0,2.0,1,
412,13.766667,0.033333,2.9700393676757812,18.282201766967773,2.7703423500061035,0.49820094879750193,0.13469427824020386,1.7358893065165342,-0.33348498082989153,0.04381070797594608,1.7681751313291683,0.0,21.0,2.0,0.9314490507139737,0.3131820047857374,-0.18525576320974108,0.8154337155616836,1.7480876445770264,-0.31516703963279724,0.045049093663692474,0.21112459897994995,direct,SAFE_PROGRESSING,NONE,1,0,"2.988,18.226;2.622,18.566;2.255,18.906;1.889,19.247;1.522,19.587;1.156,19.927;0.789,20.267",0,1,PASS_THROUGH,-1,0.9362649249554481,0.3046056476329561,-0.17499539916316756,0.8567461496552321,4.530421635973625,5.948898681549255,0.0,0,0,0,DIRECT_LOCAL,PASS_THROUGH,0,BYPASS_VISIBLE,1,5,0.0,21.0,2.0,0.0,21.0,2.0,1,
413,13.8,0.033333,2.951772928237915,18.338191986083984,2.772026538848877,0.5027143326676972,0.13604649901390076,1.7343280574739621,-0.3345234167920184,0.04274991905470158,1.7668127469833346,0.0,21.0,2.0,0.9301344909320985,0.3154819347262254,-0.18793876034464996,0.8051723065534991,1.746849775314331,-0.3156609833240509,0.04398508369922638,0.2134307473897934,direct,SAFE_PROGRESSING,NONE,1,0,"2.970,18.282;2.601,18.620;2.232,18.957;1.863,19.295;1.495,19.632;1.126,19.970;0.757,20.307",0,1,PASS_THROUGH,-1,0.9362649249554481,0.3046056476329561,-0.17499539916316756,0.8567461496552321,4.58710686437053,5.991826733575245,0.0,0,0,0,DIRECT_LOCAL,PASS_THROUGH,0,BYPASS_VISIBLE,1,5,0.0,21.0,2.0,0.0,21.0,2.0,1,
414,13.833333,0.033333,2.933305263519287,18.39406394958496,2.7736763954162598,0.5072729033839937,0.1374133974313736,1.7327670882786643,-0.3355196569022345,0.04171611507546187,1.7654448325129006,0.0,21.0,2.0,0.9287707767894059,0.3178506301461651,-0.19067202494778585,0.7949386221042668,1.7455928325653076,-0.3161730170249939,0.04293777421116829,0.2157554030418396,direct,SAFE_PROGRESSING,NONE,1,0,"2.952,18.338;2.580,18.673;2.209,19.008;1.838,19.343;1.466,19.678;1.095,20.012;0.724,20.347",1,1,PASS_THROUGH,-1,0.9461286441211145,0.3237909646261637,0.0,0.7949386221042668,4.5290234027210055,6.034794493115771,0.0,0,0,0,DIRECT_LOCAL,PASS_THROUGH,0,BYPASS_VISIBLE,1,5,0.0,21.0,2.0,0.0,21.0,2.0,1,
415,13.866667,0.033333,2.9146335124969482,18.449825286865234,2.7752933502197266,0.5118776973394396,0.13880911469459534,1.7312097804977284,-0.33646381010619564,0.04070225321220495,1.7640725248749616,0.0,21.0,2.0,0.92735615897564,0.32028894003193303,-0.19345684093142826,0.7847339031249431,1.7443583011627197,-0.3165980577468872,0.04190286248922348,0.21828871965408325,direct,SAFE_PROGRESSING,NONE,1,0,"2.933,18.394;2.560,18.726;2.186,19.058;1.812,19.390;1.438,19.722;1.064,20.054;0.691,20.387",0,1,PASS_THROUGH,-1,0.9287707767894059,0.3178506301461651,-0.19067202494778585,0.7949386221042668,4.514877297708065,6.077805785923806,0.0,0,0,0,DIRECT_LOCAL,PASS_THROUGH,0,BYPASS_VISIBLE,1,5,0.0,21.0,2.0,0.0,21.0,2.0,1,
416,13.9,0.033333,2.8957533836364746,18.505468368530273,2.776876926422119,0.5165295424446366,0.1402491331100464,1.7296584906973396,-0.33735305069331945,0.0397011912248413,1.7626972967126713,0.0,21.0,2.0,0.9258876173030208,0.32280067640523247,-0.19629529652352634,0.7745574111628468,1.7430614233016968,-0.3169763684272766,0.04088092967867851,0.22103038430213928,direct,SAFE_PROGRESSING,NONE,1,0,"2.915,18.450;2.538,18.779;2.162,19.108;1.786,19.438;1.409,19.767;1.033,20.096;0.657,20.425",0,1,PASS_THROUGH,-1,0.9287707767894059,0.3178506301461651,-0.19067202494778585,0.7949386221042668,4.546561064877041,6.120850114472993,0.0,0,0,0,DIRECT_LOCAL,PASS_THROUGH,0,BYPASS_VISIBLE,1,5,0.0,21.0,2.0,0.0,21.0,2.0,1,
417,13.933333,0.033333,2.8766613006591797,18.560989379882812,2.778427839279175,0.5212306683703734,0.14175142347812653,1.728113123765817,-0.3381871630763106,0.038692463496176666,1.7613184358691807,0.0,21.0,2.0,0.9243636063760978,0.3253856266498751,-0.19918864720922871,0.7644102489957891,1.7417685985565186,-0.3173248767852783,0.03985673561692238,0.22388052940368652,direct,SAFE_PROGRESSING,NONE,1,0,"2.896,18.505;2.517,18.832;2.138,19.158;1.759,19.484;1.380,19.811;1.002,20.137;0.623,20.463",0,1,PASS_THROUGH,-1,0.9287707767894059,0.3178506301461651,-0.19067202494778585,0.7949386221042668,4.532476478109871,6.163920845573688,0.0,0,0,0,DIRECT_LOCAL,PASS_THROUGH,0,BYPASS_VISIBLE,1,5,0.0,21.0,2.0,0.0,21.0,2.0,1,
418,13.966667,0.033333,2.8573532104492188,18.61638832092285,2.7799456119537354,0.5259831130095854,0.14332975447177887,1.7265713800175662,-0.338969619732928,0.03766136540814703,1.7599339509885177,0.0,21.0,2.0,0.9227820615012352,0.3280446044026084,-0.20213857745088346,0.7542931272059846,1.740366816520691,-0.3176771104335785,0.038839440792798996,0.2268606573343277,direct,SAFE_PROGRESSING,NONE,1,0,"2.877,18.561;2.495,18.884;2.114,19.208;1.733,19.531;1.351,19.854;0.970,20.178;0.588,20.501",0,1,PASS_THROUGH,-1,0.9287707767894059,0.3178506301461651,-0.19067202494778585,0.7949386221042668,4.520497098232573,6.207014762195841,0.0,0,0,0,DIRECT_LOCAL,PASS_THROUGH,0,BYPASS_VISIBLE,1,5,0.0,21.0,2.0,0.0,21.0,2.0,1,
419,14.0,0.033333,2.8378257751464844,18.671663284301758,2.78143048286438,0.5307895910604579,0.14499011635780334,1.7250267420305256,-0.33970649079482645,0.03658741016740234,1.7585381426603583,0.0,21.0,2.0,0.9211408066289578,0.33077856195988115,-0.2051466726776381,0.7442062081411963,1.738884687423706,-0.317982017993927,0.03783254325389862,0.23007673025131226,direct,SAFE_PROGRESSING,NONE,1,0,"2.857,18.616;2.473,18.937;2.089,19.257;1.706,19.577;1.322,19.898;0.938,20.218;0.554,20.538",0,1,PASS_THROUGH,-1,0.9287707767894059,0.3178506301461651,-0.19067202494778585,0.7949386221042668,4.510621801642499,6.250127316756987,0.0,0,0,0,DIRECT_LOCAL,PASS_THROUGH,0,BYPASS_VISIBLE,1,5,0.0,21.0,2.0,0.0,21.0,2.0,1,
420,14.033333,0.033333,2.81807541847229,18.726810455322266,2.7828826904296875,0.5356530991425353,0.14673970639705658,1.7234677506705427,-0.34040487855489265,0.035457081006477244,1.7571208761889008,0.0,21.0,2.0,0.9194376755491611,0.3335880955959365,-0.20821465668254924,0.7341500389362987,1.7374422550201416,-0.3181898891925812,0.036823570728302,0.23350109159946442,direct,SAFE_PROGRESSING,NONE,1,0,"2.838,18.672;2.451,18.989;2.065,19.306;1.678,19.623;1.292,19.940;0.905,20.257;0.519,20.575",1,1,PASS_THROUGH,-1,0.9400403958485077,0.34106312344341905,0.0,0.7341500389362987,4.579592839948319,6.293252221473677,0.0,0,0,0,DIRECT_LOCAL,PASS_THROUGH,0,BYPASS_VISIBLE,1,5,0.0,21.0,2.0,0.0,21.0,2.0,1,
421,14.066667,0.033333,2.7980988025665283,18.78182601928711,2.7843017578125,0.5405765249952974,0.14859215915203094,1.721883545068531,-0.34107110350860415,0.03428317156369945,1.7556730265851939,0.0,21.0,2.0,0.91767047382159,0.33647363906057876,-0.21134424925554524,0.7241253971579767,1.735831618309021,-0.31836774945259094,0.0358298197388649,0.23717287182807922,direct,SAFE_PROGRESSING,NONE,1,0,"2.818,18.727;2.429,19.041;2.040,19.355;1.651,19.669;1.261,19.982;0.872,20.296;0.483,20.610",0,1,PASS_THROUGH,-1,0.9194376755491611,0.3335880955959365,-0.20821465668254924,0.7341500389362987,4.580476702730153,6.336383377714382,0.0,0,0,0,DIRECT_LOCAL,PASS_THROUGH,0,BYPASS_VISIBLE,1,5,0.0,21.0,2.0,0.0,21.0,2.0,1,
422,14.1,0.033333,2.777892589569092,18.83670425415039,2.7856884002685547,0.545563740916909,0.1505575329065323,1.7202628152135793,-0.34170666764630503,0.03306102830655811,1.7541837508405946,0.0,21.0,2.0,0.9158372195080067,0.3394349027958197,-0.2145370227439443,0.714133116936497,1.7341008186340332,-0.31845542788505554,0.034851763397455215,0.24122437834739685,direct,SAFE_PROGRESSING,NONE,1,0,"2.798,18.782;2.406,19.092;2.014,19.403;1.623,19.714;1.231,20.024;0.839,20.335;0.447,20.645",0,1,PASS_THROUGH,-1,0.9194376755491611,0.3335880955959365,-0.20821465668254924,0.7341500389362987,4.577767763025108,6.379513012245519,0.0,0,0,0,DIRECT_LOCAL,PASS_THROUGH,0,BYPASS_VISIBLE,1,5,0.0,21.0,2.0,0.0,21.0,2.0,1,
423,14.133333,0.033333,2.7574543952941895,18.89144515991211,2.7870428562164307,0.5506185291419824,0.15265090763568878,1.7185925702579574,-0.3423119503522402,0.03177816964574505,1.7526402214846721,0.0,21.0,2.0,0.9139358527742014,0.3424714101234361,-0.2177948352508812,0.7041742887437425,1.7322931289672852,-0.3184661269187927,0.03387845307588577,0.2455865442752838,direct,SAFE_PROGRESSING,NONE,1,0,"2.778,18.837;2.383,19.144;1.989,19.451;1.594,19.758;1.200,20.066;0.805,20.373;0.411,20.680",0,1,PASS_THROUGH,-1,0.9194376755491611,0.3335880955959365,-0.20821465668254924,0.7341500389362987,4.5750918449483695,6.422639094971767,0.0,0,0,0,DIRECT_LOCAL,PASS_THROUGH,0,BYPASS_VISIBLE,1,5,0.0,21.0,2.0,0.0,21.0,2.0,1,
424,14.166667,0.033333,2.7367806434631348,18.946041107177734,2.7883660793304443,0.5557456261076834,0.15489323437213898,1.7168577113812125,-0.3428843945727172,0.030436921021367306,1.7510272742969752,0.0,21.0,2.0,0.9119639856421715,0.34558327075968553,-0.221119632467773,0.69424947261875,1.730422854423523,-0.3183753788471222,0.032904207706451416,0.2502937614917755,direct,SAFE_PROGRESSING,NONE,1,0,"2.757,18.891;2.360,19.195;1.963,19.499;1.566,19.803;1.169,20.106;0.772,20.410;0.374,20.714",0,1,PASS_THROUGH,-1,0.9194376755491611,0.3335880955959365,-0.20821465668254924,0.7341500389362987,4.574445639581599,6.465752162577952,0.0,0,0,0,DIRECT_LOCAL,PASS_THROUGH,0,BYPASS_VISIBLE,1,5,0.0,21.0,2.0,0.0,21.0,2.0,1,
425,14.2,0.033333,2.715867757797241,19.00048828125,2.789658546447754,0.5609501972927156,0.1573047637939453,1.7150451156073026,-0.3434209761599438,0.029053218521142014,1.749331816706468,0.0,21.0,2.0,0.9099198862184381,0.3487686098863207,-0.22451337916077138,0.684360005372557,1.728435754776001,-0.3182259798049927,0.031928639858961105,0.2552978992462158,direct,SAFE_PROGRESSING,NONE,1,0,"2.737,18.946;2.337,19.246;1.937,19.546;1.537,19.846;1.137,20.147;0.737,20.447;0.337,20.747",0,1,PASS_THROUGH,-1,0.9194376755491611,0.3335880955959365,-0.20821465668254924,0.7341500389362987,4.555728926959274,6.508846373029694,0.0,0,0,0,DIRECT_LOCAL,PASS_THROUGH,0,BYPASS_VISIBLE,1,5,0.0,21.0,2.0,0.0,21.0,2.0,1,
426,14.233333,0.033333,2.6947133541107178,19.054780960083008,2.7909209728240967,0.5662382360602383,0.15989966690540314,1.7131444355085887,-0.3439179401844803,0.027639167749711518,1.747543226958542,0.0,21.0,2.0,0.9078016676106796,0.3520257320832703,-0.2279781047261052,0.6745067765785958,1.7262929677963257,-0.31804949045181274,0.030955782160162926,0.26057082414627075,direct,SAFE_PROGRESSING,NONE,1,0,"2.716,19.000;2.313,19.297;1.911,19.593;1.508,19.890;1.105,20.186;0.703,20.483;0.300,20.779",1,1,PASS_THROUGH,-1,0.9323540374241186,0.3615466068143154,0.0,0.6745067765785958,4.579187726979091,6.5519146218407665,0.0,0,0,0,DIRECT_LOCAL,PASS_THROUGH,0,BYPASS_VISIBLE,1,5,0.0,21.0,2.0,0.0,21.0,2.0,1,
427,14.266667,0.033333,2.673313617706299,19.10891342163086,2.79215407371521,0.5716159341301887,0.16268344223499298,1.7111453238802723,-0.3443748902840719,0.026198629268983996,1.745651383487282,0.0,21.0,2.0,0.9056074600437796,0.35535271675996527,-0.2315158202032118,0.6646911214715665,1.7240887880325317,-0.31773489713668823,0.029984043911099434,0.2662636935710907,direct,SAFE_PROGRESSING,NONE,1,0,"2.695,19.055;2.289,19.347;1.884,19.640;1.478,19.933;1.073,20.225;0.668,20.518;0.262,20.811",0,1,PASS_THROUGH,-1,0.9078016676106796,0.3520257320832703,-0.2279781047261052,0.6745067765785958,4.58453858223895,6.594949356964621,0.0,0,0,0,DIRECT_LOCAL,PASS_THROUGH,0,BYPASS_VISIBLE,1,5,0.0,21.0,2.0,0.0,21.0,2.0,1,
428,14.3,0.033333,2.6516647338867188,19.162870407104492,2.793358564376831,0.5770897726835305,0.1656663417816162,1.7090375259369484,-0.34479245083662124,0.024741623460093363,1.7436465373309034,0.0,21.0,2.0,0.9033354227013448,0.3587473044184064,-0.23512865768661645,0.6549141667578079,1.7217583656311035,-0.31726646423339844,0.029016809538006783,0.27245670557022095,direct,SAFE_PROGRESSING,NONE,1,0,"2.673,19.109;2.265,19.398;1.857,19.686;1.449,19.975;1.041,20.264;0.632,20.553;0.224,20.841",0,1,PASS_THROUGH,-1,0.9078016676106796,0.3520257320832703,-0.2279781047261052,0.6745067765785958,4.647167394702051,6.637934166377176,0.0,0,0,0,DIRECT_LOCAL,PASS_THROUGH,0,BYPASS_VISIBLE,1,5,0.0,21.0,2.0,0.0,21.0,2.0,1,
429,14.333333,0.033333,2.629765272140503,19.216657638549805,2.7945358753204346,0.5826666053270979,0.16886670887470245,1.7068127893106233,-0.34516971579081507,0.023267917866703965,1.7415204352677789,0.0,21.0,2.0,0.9009846635127475,0.3622049110317414,-0.23881842169168924,0.6451781460040611,1.7192609310150146,-0.3167489171028137,0.028050148859620094,0.2789683938026428,direct,SAFE_PROGRESSING,NONE,1,0,"2.652,19.163;2.241,19.448;1.830,19.732;1.419,20.017;1.008,20.302;0.597,20.587;0.186,20.871",0,1,PASS_THROUGH,-1,0.9078016676106796,0.3520257320832703,-0.2279781047261052,0.6745067765785958,4.601093779994799,6.680873183342858,0.0,0,0,0,DIRECT_LOCAL,PASS_THROUGH,0,BYPASS_VISIBLE,1,5,0.0,21.0,2.0,0.0,21.0,2.0,1,
430,14.366667,0.033333,2.6076080799102783,19.270261764526367,2.795686721801758,0.588353832866728,0.1722967028617859,1.7044618386594883,-0.34550324061104315,0.021767650443224325,1.7392632001295933,0.0,21.0,2.0,0.8985520922663484,0.36572567579709836,-0.24258785531539567,0.635483292139108,1.7165745496749878,-0.31627532839775085,0.027084676548838615,0.28561025857925415,direct,SAFE_PROGRESSING,NONE,1,0,"2.630,19.217;2.216,19.497;1.802,19.778;1.388,20.059;0.974,20.339;0.561,20.620;0.147,20.900",0,1,PASS_THROUGH,-1,0.9078016676106796,0.3520257320832703,-0.2279781047261052,0.6745067765785958,4.606742719595825,6.723750774277185,0.0,0,0,0,DIRECT_LOCAL,PASS_THROUGH,0,BYPASS_VISIBLE,1,5,0.0,21.0,2.0,0.0,21.0,2.0,1,
431,14.4,0.033333,2.585191249847412,19.323673248291016,2.7968125343322754,0.5941591421619489,0.1759498566389084,1.7019725670971881,-0.34579264655236674,0.02023471261899577,1.7368628665372103,0.0,21.0,2.0,0.8960368098093586,0.36930446794686245,-0.24643913127008088,0.6258311037867264,1.7137001752853394,-0.31578734517097473,0.026132836937904358,0.2924988865852356,direct,SAFE_PROGRESSING,NONE,1,0,"2.608,19.270;2.191,19.547;1.774,19.823;1.358,20.099;0.941,20.376;0.524,20.652;0.108,20.929",0,1,PASS_THROUGH,-1,0.9078016676106796,0.3520257320832703,-0.2279781047261052,0.6745067765785958,4.632228983734479,6.766556743243501,0.0,0,0,0,DIRECT_LOCAL,PASS_THROUGH,0,BYPASS_VISIBLE,1,5,0.0,21.0,2.0,0.0,21.0,2.0,1,
432,14.433333,0.033333,2.5625107288360596,19.376882553100586,2.7979137897491455,0.600089742790428,0.17981086671352386,1.6993294737812878,-0.34604315693642834,0.018673864814726358,1.7343054056743974,0.0,21.0,2.0,0.8934369323832148,0.3729383996315558,-0.2503745153443635,0.6162235041535764,1.7107431888580322,-0.31516528129577637,0.025194723159074783,0.2997661530971527,direct,SAFE_PROGRESSING,NONE,1,0,"2.585,19.324;2.166,19.596;1.746,19.868;1.327,20.140;0.907,20.412;0.488,20.684;0.068,20.956",1,1,PASS_THROUGH,-1,0.9228299333702785,0.385207624633531,0.0,0.6162235041535764,4.644258733382155,6.809280212518932,0.0,0,0,0,DIRECT_LOCAL,PASS_THROUGH,0,BYPASS_VISIBLE,1,5,0.0,21.0,2.0,0.0,21.0,2.0,1,
433,14.466667,0.033333,2.539562940597534,19.429882049560547,2.798992156982422,0.6061522835697706,0.1838754564523697,1.6965188933578557,-0.34626239302385,0.017106834706614643,1.7315792341491179,0.0,21.0,2.0,0.8907504078863506,0.37662488478235095,-0.2543961615531589,0.6066620634860626,1.7075753211975098,-0.31442657113075256,0.024278953671455383,0.3074494004249573,direct,SAFE_PROGRESSING,NONE,1,0,"2.563,19.377;2.140,19.644;1.718,19.912;1.295,20.180;0.873,20.447;0.451,20.715;0.028,20.982",0,1,PASS_THROUGH,-1,0.8934369323832148,0.3729383996315558,-0.2503745153443635,0.6162235041535764,4.656825651648487,6.851912327556799,0.0,0,0,0,DIRECT_LOCAL,PASS_THROUGH,0,BYPASS_VISIBLE,1,5,0.0,21.0,2.0,0.0,21.0,2.0,1,
434,14.5,0.033333,2.5163447856903076,19.482664108276367,2.8000497817993164,0.6123536254564714,0.18814679980278015,1.6935292477751194,-0.3464525024154672,0.015540980134591362,1.7286735294911078,0.0,21.0,2.0,0.8879747808855127,0.3803617913413125,-0.25850666567605873,0.5971482331062726,1.704245686531067,-0.3135736286640167,0.023378130048513412,0.31549835205078125,direct,SAFE_PROGRESSING,NONE,1,0,"2.540,19.430;2.116,19.692;1.693,19.953;1.270,20.215;0.847,20.477;0.423,20.738;0.000,21.000",0,1,PASS_THROUGH,-1,0.8934369323832148,0.3729383996315558,-0.2503745153443635,0.6162235041535764,4.603965134192858,6.894444454029565,0.0,0,0,0,DIRECT_LOCAL,PASS_THROUGH,0,BYPASS_VISIBLE,1,5,0.0,21.0,2.0,0.0,21.0,2.0,1,
435,14.533333,0.033333,2.4928531646728516,19.535213470458984,2.8010876178741455,0.6187009087116532,0.19263117015361786,1.6903513727807606,-0.3466085212209157,0.013977873042544334,1.7255783411307486,0.0,21.0,2.0,0.8851074530021733,0.38414696657071906,-0.26270878309359996,0.5876835641323842,1.7007118463516235,-0.31264400482177734,0.022490233182907104,0.3238449692726135,direct,SAFE_PROGRESSING,NONE,1,0,"2.516,19.483;2.097,19.736;1.678,19.988;1.258,20.241;0.839,20.494;0.419,20.747;0.000,21.000",0,1,PASS_THROUGH,-1,0.8934369323832148,0.3729383996315558,-0.2503745153443635,0.6162235041535764,4.620009966261082,6.9368607740092045,0.0,0,0,0,DIRECT_LOCAL,PASS_THROUGH,0,BYPASS_VISIBLE,1,5,0.0,21.0,2.0,0.0,21.0,2.0,1,
436,14.566667,0.033333,2.469083786010742,19.587522506713867,2.802107810974121,0.6252010271667361,0.19733141362667084,1.6869772760437463,-0.3467210837385256,0.012414876323561454,1.7222839397006886,0.0,21.0,2.0,0.8821465884609182,0.38797671568035547,-0.2670046152347333,0.578270403107206,1.6969645023345947,-0.3116398751735687,0.021616149693727493,0.33248400688171387,direct,SAFE_PROGRESSING,NONE,1,0,"2.493,19.535;2.077,19.779;1.662,20.023;1.246,20.268;0.831,20.512;0.415,20.756;0.000,21.000",0,1,PASS_THROUGH,-1,0.8934369323832148,0.3729383996315558,-0.2503745153443635,0.6162235041535764,4.710423584351648,6.979152369282756,0.0,0,0,0,DIRECT_LOCAL,PASS_THROUGH,0,BYPASS_VISIBLE,1,5,0.0,21.0,2.0,0.0,21.0,2.0,1,
437,14.6,0.033333,2.445033550262451,19.63957977294922,2.8031117916107178,0.6318609982029745,0.20224465429782867,1.6833977864463368,-0.3467797187758605,0.010849336627350725,1.7187792146962753,0.0,21.0,2.0,0.8790892814127463,0.3918490319267059,-0.27139707346123826,0.5689100952305564,1.6930235624313354,-0.31052297353744507,0.020756665617227554,0.3414648771286011,direct,SAFE_PROGRESSING,NONE,1,0,"2.469,19.588;2.058,19.823;1.646,20.058;1.235,20.294;0.823,20.529;0.412,20.765;0.000,21.000",0,1,PASS_THROUGH,-1,0.8934369323832148,0.3729383996315558,-0.2503745153443635,0.6162235041535764,4.657402476842955,7.021307135945104,0.0,0,0,0,DIRECT_LOCAL,PASS_THROUGH,0,BYPASS_VISIBLE,1,5,0.0,21.0,2.0,0.0,21.0,2.0,1,
438,14.633333,0.033333,2.4206981658935547,19.691370010375977,2.8041012287139893,0.6386879996389779,0.20736908912658691,1.6796042540453333,-0.3467758090370331,0.00928540019800762,1.7150539730857763,0.0,21.0,2.0,0.8759329795464317,0.39576113931538986,-0.2758886296147325,0.5596045838296146,1.688932180404663,-0.3092324137687683,0.019908444955945015,0.3508540093898773,direct,SAFE_PROGRESSING,NONE,1,0,"2.445,19.640;2.038,19.866;1.630,20.093;1.223,20.320;0.815,20.547;0.408,20.773;0.000,21.000",1,1,PASS_THROUGH,-1,0.9113009249522359,0.4117409673340741,0.0,0.5596045838296146,4.67867219479061,7.06330901348022,0.0,0,0,0,DIRECT_LOCAL,PASS_THROUGH,0,BYPASS_VISIBLE,1,5,0.0,21.0,2.0,0.0,21.0,2.0,1,
439,14.666667,0.033333,2.396073579788208,19.742881774902344,2.80507755279541,0.6456890575538605,0.2127101719379425,1.6755890098987403,-0.3467003406666484,0.007733696843459835,1.7110989060772253,0.0,21.0,2.0,0.8726754757864168,0.3997092538489202,-0.2804817754302237,0.5503559597243874,1.6845946311950684,-0.3078460097312927,0.019071511924266815,0.3605199158191681,direct,SAFE_PROGRESSING,NONE,1,0,"2.421,19.691;2.017,19.909;1.614,20.128;1.210,20.346;0.807,20.564;0.403,20.782;0.000,21.000",0,1,PASS_THROUGH,-1,0.8759329795464317,0.39576113931538986,-0.2758886296147325,0.5596045838296146,4.626117505226639,7.105145697633938,0.0,0,0,0,DIRECT_LOCAL,PASS_THROUGH,0,BYPASS_VISIBLE,1,5,0.0,21.0,2.0,0.0,21.0,2.0,1,
440,14.7,0.033333,2.3711564540863037,19.79410171508789,2.806041955947876,0.6528716065408046,0.21826817095279694,1.6713470857945154,-0.3465430003613688,0.00619438486766289,1.7069069988423997,0.0,21.0,2.0,0.8693140771903689,0.40369037219789,-0.28517909915242096,0.5411659572305619,1.6800254583358765,-0.30636993050575256,0.018245674669742584,0.37042224407196045,direct,SAFE_PROGRESSING,NONE,1,0,"2.396,19.743;1.997,19.952;1.597,20.162;1.198,20.371;0.799,20.581;0.399,20.790;0.000,21.000",0,1,PASS_THROUGH,-1,0.8759329795464317,0.39576113931538986,-0.2758886296147325,0.5596045838296146,4.714745114850428,7.146803328600189,0.0,0,0,0,DIRECT_LOCAL,PASS_THROUGH,0,BYPASS_VISIBLE,1,5,0.0,21.0,2.0,0.0,21.0,2.0,1,
441,14.733333,0.033333,2.3459408283233643,19.845014572143555,2.8069961071014404,0.6602424496344819,0.22403471171855927,1.6668723886734236,-0.3462948455994962,0.004663904041109664,1.702470390994078,0.0,21.0,2.0,0.8658459285095255,0.40770173044841557,-0.2899829772121898,0.5320366003691512,1.6752161979675293,-0.3047627806663513,0.01743420772254467,0.3806293308734894,direct,SAFE_PROGRESSING,NONE,1,0,"2.371,19.794;1.976,19.995;1.581,20.196;1.186,20.397;0.790,20.598;0.395,20.799;0.000,21.000",0,1,PASS_THROUGH,-1,0.8759329795464317,0.39576113931538986,-0.2758886296147325,0.5596045838296146,4.662301695716656,7.188265506634432,0.0,0,0,0,DIRECT_LOCAL,PASS_THROUGH,0,BYPASS_VISIBLE,1,5,0.0,21.0,2.0,0.0,21.0,2.0,1,
442,14.766667,0.033333,2.320423126220703,19.89560890197754,2.807941198348999,0.6678084038600846,0.23000143468379974,1.662158080935413,-0.3459489618372661,0.0031363220420914106,1.6977809065751472,0.0,21.0,2.0,0.8622683886908074,0.41173962471901465,-0.29489609577070314,0.522969586440942,1.6701387166976929,-0.3029678463935852,0.01664074882864952,0.3912605345249176,direct,SAFE_PROGRESSING,NONE,1,0,"2.346,19.845;1.955,20.038;1.564,20.230;1.173,20.423;0.782,20.615;0.391,20.808;0.000,21.000",0,1,PASS_THROUGH,-1,0.8759329795464317,0.39576113931538986,-0.2758886296147325,0.5596045838296146,4.686227465929552,7.2295202422551235,0.0,0,0,0,DIRECT_LOCAL,PASS_THROUGH,0,BYPASS_VISIBLE,1,5,0.0,21.0,2.0,0.0,21.0,2.0,1,
443,14.8,0.033333,2.2945985794067383,19.945858001708984,2.8088786602020264,0.6755762817537236,0.23616719245910645,1.6571952088993154,-0.3454963682067864,0.0015998894744297873,1.692827888619884,0.0,21.0,2.0,0.8585780087870107,0.4158019027782014,-0.29992095704261623,0.5139666597004564,1.6647976636886597,-0.3009752035140991,0.015861088410019875,0.4023119807243347,direct,SAFE_PROGRESSING,NONE,1,0,"2.320,19.896;1.934,20.080;1.547,20.264;1.160,20.448;0.773,20.632;0.387,20.816;0.000,21.000",0,1,PASS_THROUGH,-1,0.8759329795464317,0.39576113931538986,-0.2758886296147325,0.5596045838296146,4.711733511731126,7.270540612555996,0.0,0,0,0,DIRECT_LOCAL,PASS_THROUGH,0,BYPASS_VISIBLE,1,5,0.0,21.0,2.0,0.0,21.0,2.0,1,
444,14.833333,0.033333,2.268463134765625,19.99576187133789,2.809809446334839,0.6835525404923292,0.24253924190998077,1.6519738163604794,-0.3449255085619427,4.458351818993969e-05,1.687599211419883,0.0,21.0,2.0,0.8547735093968054,0.41988202723223256,-0.30505955294142156,0.5050306126632879,1.6591856479644775,-0.29885756969451904,0.015087924897670746,0.41359812021255493,direct,SAFE_PROGRESSING,NONE,1,0,"2.295,19.946;1.912,20.122;1.530,20.297;1.147,20.473;0.765,20.649;0.382,20.824;0.000,21.000",1,1,PASS_THROUGH,-1,0.8975571164672896,0.4408981999043817,0.0,0.5050306126632879,4.660165184974815,7.311325580010177,0.0,0,0,0,DIRECT_LOCAL,PASS_THROUGH,0,BYPASS_VISIBLE,1,5,0.0,21.0,2.0,0.0,21.0,2.0,1,
445,14.866667,0.033333,2.242011308670044,20.04529571533203,2.810734987258911,0.6917443217186781,0.24911993741989136,1.6464838780355109,-0.3442221062731641,-0.0015301287919118611,1.682082150304232,0.0,21.0,2.0,0.8508494800486308,0.4239809569408499,-0.31031485696385186,0.49616203856600966,1.653270959854126,-0.2965795695781708,0.014324881136417389,0.42518025636672974,direct,SAFE_PROGRESSING,NONE,1,0,"2.268,19.996;1.815,20.197;1.361,20.397;0.907,20.598;0.454,20.799;0.000,21.000",0,1,PASS_THROUGH,-1,0.8547735093968054,0.41988202723223256,-0.30505955294142156,0.5050306126632879,4.687605292654191,7.351849966046103,0.0,0,0,0,DIRECT_LOCAL,PASS_THROUGH,0,BYPASS_VISIBLE,1,5,0.0,21.0,2.0,0.0,21.0,2.0,1,
446,14.9,0.033333,2.215240001678467,20.094444274902344,2.8116557598114014,0.7001583982225899,0.2559038996696472,1.6407151774799018,-0.3433715764153153,-0.0031213950718068373,1.6762637251369608,0.0,21.0,2.0,0.8468042276409006,0.4280923396279105,-0.3156890064626882,0.48736331332457683,1.6470611095428467,-0.29411742091178894,0.01357260998338461,0.43706876039505005,direct,SAFE_PROGRESSING,NONE,1,0,"2.242,20.045;1.794,20.236;1.345,20.427;0.897,20.618;0.448,20.809;0.000,21.000",0,1,PASS_THROUGH,-1,0.8547735093968054,0.41988202723223256,-0.30505955294142156,0.5050306126632879,4.716536429363858,7.3920984494067845,0.0,0,0,0,DIRECT_LOCAL,PASS_THROUGH,0,BYPASS_VISIBLE,1,5,0.0,21.0,2.0,0.0,21.0,2.0,1,
447,14.933333,0.033333,2.1881442070007324,20.143184661865234,2.8125736713409424,0.7088011863049745,0.26288560032844543,1.6346584977238348,-0.3423618788290347,-0.004724774210061417,1.6701324449717834,0.0,21.0,2.0,0.842634238268398,0.4322133695747925,-0.3211839716714402,0.4786363728883778,1.6405394077301025,-0.29146867990493774,0.012829835526645184,0.4492303133010864,direct,SAFE_PROGRESSING,NONE,1,0,"2.215,20.094;1.772,20.276;1.329,20.457;0.886,20.638;0.443,20.819;0.000,21.000",0,1,PASS_THROUGH,-1,0.8547735093968054,0.41988202723223256,-0.30505955294142156,0.5050306126632879,4.665846078082531,7.432047883395118,0.0,0,0,0,DIRECT_LOCAL,PASS_THROUGH,0,BYPASS_VISIBLE,1,5,0.0,21.0,2.0,0.0,21.0,2.0,1,
448,14.966667,0.033333,2.160719633102417,20.191499710083008,2.8134891986846924,0.7176794503302476,0.27005907893180847,1.6283053106902905,-0.34118001871833586,-0.006336582967970704,1.6636772951142167,0.0,21.0,2.0,0.8383373281851458,0.43633810704831133,-0.3268020509557544,0.4699833015882099,1.6337099075317383,-0.28862228989601135,0.012093913741409779,0.4616379737854004,direct,SAFE_PROGRESSING,NONE,1,0,"2.188,20.143;1.751,20.315;1.313,20.486;0.875,20.657;0.438,20.829;0.000,21.000",0,1,PASS_THROUGH,-1,0.8547735093968054,0.41988202723223256,-0.30505955294142156,0.5050306126632879,4.69661582722016,7.471680874133789,0.0,0,0,0,DIRECT_LOCAL,PASS_THROUGH,0,BYPASS_VISIBLE,1,5,0.0,21.0,2.0,0.0,21.0,2.0,1,
449,15.0,0.033333,2.132962226867676,20.23937225341797,2.8144025802612305,0.7267993544576709,0.2774164080619812,1.6216475318816475,-0.33981316360609337,-0.007954618982603436,1.6568877390399686,0.0,21.0,2.0,0.8339100824662353,0.4404630168015957,-0.3325451927049821,0.46140576726651794,1.626513957977295,-0.2855398654937744,0.011366958729922771,0.4743620753288269,direct,SAFE_PROGRESSING,NONE,1,0,"2.161,20.191;1.729,20.353;1.296,20.515;0.864,20.677;0.432,20.838;0.000,21.000",0,1,PASS_THROUGH,-1,0.8547735093968054,0.41988202723223256,-0.30505955294142156,0.5050306126632879,4.7287791067273846,7.510980142829508,0.0,0,0,0,DIRECT_LOCAL,PASS_THROUGH,0,BYPASS_VISIBLE,1,5,0.0,21.0,2.0,0.0,21.0,2.0,1,
450,15.033333,0.033333,2.1048691272735596,20.286775588989258,2.815315008163452,0.7361669342370009,0.28494930267333984,1.6146775912052203,-0.3382471580069258,-0.009587773899833087,1.649753553973565,0.0,21.0,2.0,0.8293489224424146,0.4445846725778544,-0.33841517955382483,0.4529053954244649,1.6189465522766113,-0.2822367548942566,0.010645365342497826,0.4873390197753906,direct,SAFE_PROGRESSING,NONE,1,0,"2.133,20.239;1.706,20.391;1.280,20.544;0.853,20.696;0.427,20.848;0.000,21.000",1,1,PASS_THROUGH,-1,0.8813513862131992,0.4724613571712214,0.0,0.4529053954244649,4.7622857255606466,7.549919514546183,0.0,0,0,0,DIRECT_LOCAL,PASS_THROUGH,0,BYPASS_VISIBLE,1,5,0.0,21.0,2.0,0.0,21.0,2.0,1,
451,15.066667,0.033333,2.0764353275299072,20.33369255065918,2.816227436065674,0.7457879516851064,0.29264989495277405,1.6073859754364808,-0.33646526225113554,-0.011248829693844168,1.6422621845798842,0.0,21.0,2.0,0.8246518332977432,0.4486966516604841,-0.3444135140021967,0.44448456006529524,1.6109814643859863,-0.2786811590194702,0.009928612038493156,0.5006100535392761,direct,SAFE_PROGRESSING,NONE,1,0,"2.105,20.287;1.684,20.429;1.263,20.572;0.842,20.715;0.421,20.857;0.000,21.000",0,1,PASS_THROUGH,-1,0.8293489224424146,0.4445846725778544,-0.33841517955382483,0.4529053954244649,4.712866345979153,7.588481542061235,0.0,0,0,0,DIRECT_LOCAL,PASS_THROUGH,0,BYPASS_VISIBLE,1,5,0.0,21.0,2.0,0.0,21.0,2.0,1,
452,15.1,0.033333,2.0476577281951904,20.380098342895508,2.8171398639678955,0.7556675845537573,0.3005113899707794,1.599761177913013,-0.3344499722052124,-0.012949776657812231,1.634399066012088,0.0,21.0,2.0,0.8198146981975865,0.45279574237408543,-0.3505422603725561,0.43614443875676334,1.6026332378387451,-0.2748934030532837,0.009210275486111641,0.5140722990036011,direct,SAFE_PROGRESSING,NONE,1,0,"2.076,20.334;1.661,20.467;1.246,20.600;0.831,20.733;0.415,20.867;0.000,21.000",0,1,PASS_THROUGH,-1,0.8293489224424146,0.4445846725778544,-0.33841517955382483,0.4529053954244649,4.663549888323593,7.626641896383408,0.0,0,0,0,DIRECT_LOCAL,PASS_THROUGH,0,BYPASS_VISIBLE,1,5,0.0,21.0,2.0,0.0,21.0,2.0,1,
453,15.133333,0.033333,2.018533945083618,20.42597007751465,2.818052291870117,0.7658112166823512,0.3085266649723053,1.5917906899198726,-0.3321832009039518,-0.014693510534257104,1.6261485721575997,0.0,21.0,2.0,0.8148350810169072,0.4568760991410985,-0.3568024954758355,0.4278869119904643,1.593862771987915,-0.2708645462989807,0.008488146588206291,0.5277078151702881,direct,SAFE_PROGRESSING,NONE,1,0,"2.048,20.380;1.638,20.504;1.229,20.628;0.819,20.752;0.410,20.876;0.000,21.000",0,1,PASS_THROUGH,-1,0.8293489224424146,0.4445846725778544,-0.33841517955382483,0.4529053954244649,4.699114970669078,7.664378283213807,0.0,0,0,0,DIRECT_LOCAL,PASS_THROUGH,0,BYPASS_VISIBLE,1,5,0.0,21.0,2.0,0.0,21.0,2.0,1,
454,15.166667,0.033333,1.9890613555908203,20.471281051635742,2.8189663887023926,0.7762239009785223,0.31668299436569214,1.5834621669544706,-0.32964665045971925,-0.016477951743747485,1.6174952461225751,0.0,21.0,2.0,0.8097100283985668,0.46093265412391626,-0.36319520684209816,0.419713694766486,1.5846837759017944,-0.2665036618709564,0.007762010674923658,0.5416364669799805,direct,SAFE_PROGRESSING,NONE,1,0,"2.019,20.426;1.615,20.541;1.211,20.656;0.807,20.770;0.404,20.885;0.000,21.000",0,1,PASS_THROUGH,-1,0.8293489224424146,0.4445846725778544,-0.33841517955382483,0.4529053954244649,4.6502884575459715,7.701664652933228,0.0,0,0,0,DIRECT_LOCAL,PASS_THROUGH,0,BYPASS_VISIBLE,1,5,0.0,21.0,2.0,0.0,21.0,2.0,1,
455,15.2,0.033333,1.9592385292053223,20.516008377075195,2.8198819160461426,0.7869100888529912,0.3249719440937042,1.5747641859996684,-0.3268212366159188,-0.01829996439695507,1.6084244622944797,0.0,21.0,2.0,0.8044370022799414,0.4649590036861473,-0.36972183361825767,0.4116264715814181,1.5750348567962646,-0.26183784008026123,0.007029699627310038,0.5557821393013,direct,SAFE_PROGRESSING,NONE,1,0,"1.989,20.471;1.591,20.577;1.193,20.683;0.796,20.789;0.398,20.894;-0.000,21.000",0,1,PASS_THROUGH,-1,0.8293489224424146,0.4445846725778544,-0.33841517955382483,0.4529053954244649,4.6874641832801585,7.738478946174645,0.0,0,0,0,DIRECT_LOCAL,PASS_THROUGH,0,BYPASS_VISIBLE,1,5,0.0,21.0,2.0,0.0,21.0,2.0,1,
456,15.233333,0.033333,1.929064154624939,20.56012535095215,2.8207974433898926,0.7978738748697222,0.3333859145641327,1.5656857198559146,-0.3236861589972565,-0.020163734563095927,1.5989218489590609,0.0,21.0,2.0,0.7990127481931497,0.4689503854081258,-0.37638300207421815,0.40362673377188585,1.5648987293243408,-0.25684988498687744,0.006289713084697723,0.5701484084129333,direct,SAFE_PROGRESSING,NONE,1,0,"1.959,20.516;1.567,20.613;1.176,20.710;0.784,20.806;0.392,20.903;0.000,21.000",1,1,PASS_THROUGH,-1,0.8624324442964524,0.5061721831796435,0.0,0.40362673377188585,4.63912820257725,7.774795412810061,0.0,0,0,0,DIRECT_LOCAL,PASS_THROUGH,0,BYPASS_VISIBLE,1,5,0.0,21.0,2.0,0.0,21.0,2.0,1,
457,15.266667,0.033333,1.8985377550125122,20.60360336303711,2.8217129707336426,0.8091194960150301,0.34191593527793884,1.5562147843952725,-0.32021806525138996,-0.022076885244997763,1.588971822703565,0.0,21.0,2.0,0.7934352319952338,0.4729002908731297,-0.38317861046877205,0.39571596983360685,1.5542707443237305,-0.2514786124229431,0.005540160927921534,0.5848110914230347,direct,SAFE_PROGRESSING,NONE,1,0,"1.929,20.560;1.447,20.670;0.965,20.780;0.482,20.890;-0.000,21.000",0,1,PASS_THROUGH,-1,0.7990127481931497,0.4689503854081258,-0.37638300207421815,0.40362673377188585,4.6416001965682785,7.810586611325684,0.0,0,0,0,DIRECT_LOCAL,PASS_THROUGH,0,BYPASS_VISIBLE,1,5,0.0,21.0,2.0,0.0,21.0,2.0,1,
458,15.3,0.033333,1.867659330368042,20.646421432495117,2.8226284980773926,0.8206505256318649,0.35055825114250183,1.546338280918026,-0.3163917308675888,-0.024045625510109504,1.5785575689534024,0.0,21.0,2.0,0.7877025645587361,0.4768015919670684,-0.39010884594592243,0.38789565096832107,1.5431342124938965,-0.24582096934318542,0.0047737229615449905,0.5995415449142456,direct,SAFE_PROGRESSING,NONE,1,0,"1.899,20.604;1.424,20.703;0.949,20.802;0.475,20.901;0.000,21.000",0,1,PASS_THROUGH,-1,0.7990127481931497,0.4689503854081258,-0.37638300207421815,0.40362673377188585,4.593095642451834,7.845832632523731,0.0,0,0,0,DIRECT_LOCAL,PASS_THROUGH,0,BYPASS_VISIBLE,1,5,0.0,21.0,2.0,0.0,21.0,2.0,1,
459,15.333333,0.033333,1.8364304304122925,20.68853759765625,2.8235440254211426,0.8324705450881266,0.35930466651916504,1.5360433518553887,-0.3121823760756196,-0.02606749301315081,1.567662759940207,0.0,21.0,2.0,0.7818111045477932,0.48064976252422853,-0.3971740205390604,0.3801667622351858,1.531485915184021,-0.23966848850250244,0.003996062092483044,0.6146952509880066,direct,SAFE_PROGRESSING,NONE,1,0,"1.868,20.646;1.401,20.735;0.934,20.823;0.467,20.912;0.000,21.000",0,1,PASS_THROUGH,-1,0.7990127481931497,0.4689503854081258,-0.37638300207421815,0.40362673377188585,4.631205103594661,7.88049335969745,0.0,0,0,0,DIRECT_LOCAL,PASS_THROUGH,0,BYPASS_VISIBLE,1,5,0.0,21.0,2.0,0.0,21.0,2.0,1,
460,15.366667,0.033333,1.8048524856567383,20.72992706298828,2.8244564533233643,0.8445829504510245,0.3681533634662628,1.52531742504675,-0.30756535542675745,-0.028139804790147244,1.5562716805312826,0.0,21.0,2.0,0.7757627915612755,0.48443185266285854,-0.4043734305746208,0.3725311022622416,1.51931893825531,-0.23317572474479675,0.003192243631929159,0.6299065351486206,direct,SAFE_PROGRESSING,NONE,1,0,"1.836,20.689;1.377,20.766;0.918,20.844;0.459,20.922;0.000,21.000",0,1,PASS_THROUGH,-1,0.7990127481931497,0.4689503854081258,-0.37638300207421815,0.40362673377188585,4.5832128222166935,7.91454536250035,0.0,0,0,0,DIRECT_LOCAL,PASS_THROUGH,0,BYPASS_VISIBLE,1,5,0.0,21.0,2.0,0.0,21.0,2.0,1,
461,15.4,0.033333,1.7729285955429077,20.770557403564453,2.825366497039795,0.8569913763315177,0.3771020770072937,1.5141506497270099,-0.30251390348466817,-0.030252479522242623,1.5443710902459618,0.0,21.0,2.0,0.7695561125739038,0.4881411954394641,-0.4117056751067102,0.3649894182733216,1.5066392421722412,-0.22644013166427612,0.0023573979269713163,0.6449295282363892,direct,SAFE_PROGRESSING,NONE,1,0,"1.805,20.730;1.354,20.797;0.902,20.865;0.451,20.932;0.000,21.000",0,1,PASS_THROUGH,-1,0.7990127481931497,0.4689503854081258,-0.37638300207421815,0.40362673377188585,4.62282949351244,7.9479580337702185,0.0,0,0,0,DIRECT_LOCAL,PASS_THROUGH,0,BYPASS_VISIBLE,1,5,0.0,21.0,2.0,0.0,21.0,2.0,1,
462,15.433333,0.033333,1.7406623363494873,20.810394287109375,2.8262720108032227,0.8696986772175136,0.38612690567970276,1.5025359771600375,-0.2970084939718714,-0.032384273495303956,1.5319520714831538,0.0,21.0,2.0,0.7631909880188544,0.49176796414446916,-0.41917035349367093,0.35754270849524156,1.4933967590332031,-0.2193640023469925,0.0015008564805611968,0.6599169969558716,direct,SAFE_PROGRESSING,NONE,1,0,"1.773,20.771;1.330,20.828;0.886,20.885;0.443,20.943;0.000,21.000",1,1,PASS_THROUGH,-1,0.8406042485851708,0.5416497920802339,0.0,0.35754270849524156,4.5753605886306445,7.980698907296423,0.0,0,0,0,DIRECT_LOCAL,PASS_THROUGH,0,BYPASS_VISIBLE,1,5,0.0,21.0,2.0,0.0,21.0,2.0,1,
463,15.466667,0.033333,1.708059310913086,20.849407196044922,2.827171564102173,0.8827078018518792,0.39518970251083374,1.4904688287045302,-0.291036751150025,-0.03452268835816881,1.5190100512739508,0.0,21.0,2.0,0.7566688471251751,0.4953011491245547,-0.4267657758843298,0.35019170153197055,1.479625940322876,-0.2119702398777008,0.0006148382090032101,0.6747263669967651,direct,SAFE_PROGRESSING,NONE,1,0,"1.741,20.810;1.305,20.858;0.870,20.905;0.435,20.953;0.000,21.000",0,1,PASS_THROUGH,-1,0.7631909880188544,0.49176796414446916,-0.41917035349367093,0.35754270849524156,4.528056811634827,8.012739557482426,0.0,0,0,0,DIRECT_LOCAL,PASS_THROUGH,0,BYPASS_VISIBLE,1,5,0.0,21.0,2.0,0.0,21.0,2.0,1,
464,15.5,0.033333,1.6751258373260498,20.88755989074707,2.8280632495880127,0.8960201478144817,0.4042513072490692,1.4779455466276936,-0.28459051724284196,-0.036664827370071554,1.50554279609291,0.0,21.0,2.0,0.7499897253199928,0.4987319916143675,-0.4344902904033739,0.34293700892146,1.4651501178741455,-0.2041230946779251,-0.0002852105535566807,0.6896653175354004,direct,SAFE_PROGRESSING,NONE,1,0,"1.708,20.849;1.281,20.887;0.854,20.925;0.427,20.962;0.000,21.000",0,1,PASS_THROUGH,-1,0.7631909880188544,0.49176796414446916,-0.41917035349367093,0.35754270849524156,4.56950057434248,8.04404596309049,0.0,0,0,0,DIRECT_LOCAL,PASS_THROUGH,0,BYPASS_VISIBLE,1,5,0.0,21.0,2.0,0.0,21.0,2.0,1,
465,15.533333,0.033333,1.6418706178665161,20.924823760986328,2.8289449214935303,0.9096353382196181,0.413272887468338,1.4649590857389807,-0.27766095178202455,-0.03883598462678398,1.4915458292441515,0.0,21.0,2.0,0.7431550717398026,0.5020500225461905,-0.442341852201189,0.3357790552757042,1.4501076936721802,-0.1959788054227829,-0.0012116552097722888,0.7044029235839844,direct,SAFE_PROGRESSING,NONE,1,0,"1.675,20.888;1.256,20.916;0.838,20.944;0.419,20.972;0.000,21.000",0,1,PASS_THROUGH,-1,0.7631909880188544,0.49176796414446916,-0.41917035349367093,0.35754270849524156,4.568132480147615,8.074591907655105,0.0,0,0,0,DIRECT_LOCAL,PASS_THROUGH,0,BYPASS_VISIBLE,1,5,0.0,21.0,2.0,0.0,21.0,2.0,1,
466,15.566667,0.033333,1.6083033084869385,20.96116065979004,2.8298146724700928,0.9235517887402751,0.42223048210144043,1.4514989367577467,-0.27023596867597044,-0.04104556092442672,1.4770109614511027,0.0,21.0,2.0,0.736164166073877,0.505248433811411,-0.45031804396434,0.3287181523874589,1.4344829320907593,-0.18742075562477112,-0.00216569472104311,0.7190868854522705,direct,SAFE_PROGRESSING,NONE,1,0,"1.642,20.925;1.231,20.944;0.821,20.962;0.410,20.981;-0.000,21.000",0,1,PASS_THROUGH,-1,0.7631909880188544,0.49176796414446916,-0.41917035349367093,0.35754270849524156,4.612817233339669,8.10434181600508,0.0,0,0,0,DIRECT_LOCAL,PASS_THROUGH,0,BYPASS_VISIBLE,1,5,0.0,21.0,2.0,0.0,21.0,2.0,1,
467,15.6,0.033333,1.574436068534851,20.996538162231445,2.83066987991333,0.9377670830946369,0.4311107099056244,1.4375548925526007,-0.2623023770815268,-0.043285525583392076,1.4619303139512396,0.0,21.0,2.0,0.72901937475654,0.508316052588922,-0.45841634123359937,0.3217544421721619,1.4182544946670532,-0.17863675951957703,-0.003154709003865719,0.7334049940109253,direct,SAFE_PROGRESSING,NONE,1,0,"1.608,20.961;1.206,20.971;0.804,20.981;0.402,20.990;0.000,21.000",0,1,PASS_THROUGH,-1,0.7631909880188544,0.49176796414446916,-0.41917035349367093,0.35754270849524156,4.5671873684466044,8.133266000636915,0.0,0,0,0,DIRECT_LOCAL,PASS_THROUGH,0,BYPASS_VISIBLE,1,5,0.0,21.0,2.0,0.0,21.0,2.0,1,
468,15.633333,0.033333,1.5402824878692627,21.030927658081055,2.831507921218872,0.9522785161582386,0.4398908317089081,1.423120467589783,-0.2538500054098056,-0.04553221774368403,1.4463004091032332,0.0,21.0,2.0,0.7217221398157289,0.5112437992356342,-0.46663361499459066,0.31488797488784576,1.4014554023742676,-0.16938544809818268,-0.004163261968642473,0.7477896809577942,direct,SAFE_PROGRESSING,NONE,1,0,"1.574,20.997;1.181,20.997;0.787,20.998;0.394,20.999;-0.000,21.000",1,1,PASS_THROUGH,-1,0.8160117082953294,0.5780353725551215,0.0,0.31488797488784576,4.521757807257662,8.161338576208724,0.0,0,0,0,DIRECT_LOCAL,PASS_THROUGH,0,BYPASS_VISIBLE,1,5,0.0,21.0,2.0,0.0,21.0,2.0,1,
469,15.666667,0.033333,1.5058588981628418,21.064285278320312,2.8323256969451904,0.9670833208817546,0.44855788350105286,1.4081934927079136,-0.24486856085155714,-0.04776644655581615,1.4301227773918554,0.0,21.0,2.0,0.7142733951385719,0.5140236079705781,-0.4749665750830543,0.30811859161505356,1.383981704711914,-0.15939004719257355,-0.005188486073166132,0.7626838088035583,direct,SAFE_PROGRESSING,NONE,1,0,"1.540,21.031;1.155,21.023;0.770,21.015;0.385,21.008;0.000,21.000",0,1,PASS_THROUGH,-1,0.7217221398157289,0.5112437992356342,-0.46663361499459066,0.31488797488784576,4.476542752583119,8.188518848429846,0.0,0,0,0,DIRECT_LOCAL,PASS_THROUGH,0,BYPASS_VISIBLE,1,5,0.0,21.0,2.0,0.0,21.0,2.0,1,
470,15.7,0.033333,1.4711827039718628,21.09657859802246,2.8331210613250732,0.9821776045843054,0.4571276009082794,1.3927736728749518,-0.23533705401044488,-0.050003502932715764,1.4134009987082365,0.0,21.0,2.0,0.7066796434564101,0.5166404194297547,-0.4834113760926281,0.30144608925543737,1.365940809249878,-0.14896449446678162,-0.006266802549362183,0.7774713635444641,direct,SAFE_PROGRESSING,NONE,1,0,"1.506,21.064;1.129,21.048;0.753,21.032;0.376,21.016;0.000,21.000",0,1,PASS_THROUGH,-1,0.7217221398157289,0.5112437992356342,-0.46663361499459066,0.31488797488784576,4.484729345716071,8.21477730270603,0.0,0,0,0,DIRECT_LOCAL,PASS_THROUGH,0,BYPASS_VISIBLE,1,5,0.0,21.0,2.0,0.0,21.0,2.0,1,
471,15.733333,0.033333,1.4362729787826538,21.127779006958008,2.833889961242676,0.9975573177239841,0.4656307101249695,1.376862086831179,-0.22522513910489292,-0.05224817256252258,1.3961394776217921,0.0,21.0,2.0,0.698944355082866,0.5190833556775155,-0.4919646921846795,0.2948698678442371,1.347343921661377,-0.13818693161010742,-0.007407110650092363,0.7919617891311646,direct,SAFE_PROGRESSING,NONE,1,0,"1.471,21.097;0.981,21.064;0.490,21.032;0.000,21.000",0,1,PASS_THROUGH,-1,0.7217221398157289,0.5112437992356342,-0.46663361499459066,0.31488797488784576,4.478686581178652,8.240088185155189,0.0,0,0,0,DIRECT_LOCAL,PASS_THROUGH,0,BYPASS_VISIBLE,1,5,0.0,21.0,2.0,0.0,21.0,2.0,1,
472,15.766667,0.033333,1.4011502265930176,21.157848358154297,2.834628105163574,1.0132199625898455,0.47407829761505127,1.36046499512991,-0.21450849847348474,-0.054478614921968094,1.3783493092735932,0.0,21.0,2.0,0.6910718424026154,0.5213416391030465,-0.5006222168218301,0.28838914987914316,1.328237771987915,-0.1272169053554535,-0.008606217801570892,0.8059200048446655,direct,SAFE_PROGRESSING,NONE,1,0,"1.436,21.128;0.958,21.085;0.479,21.043;-0.000,21.000",0,1,PASS_THROUGH,-1,0.7217221398157289,0.5112437992356342,-0.46663361499459066,0.31488797488784576,4.434373913643707,8.264416252977357,0.0,0,0,0,DIRECT_LOCAL,PASS_THROUGH,0,BYPASS_VISIBLE,1,5,0.0,21.0,2.0,0.0,21.0,2.0,1,
473,15.8,0.033333,1.3658368587493896,21.18675422668457,2.8353312015533447,1.0291652373900022,0.48245057463645935,1.3435959338974466,-0.2031813902083433,-0.056649822406746625,1.3600521730034707,0.0,21.0,2.0,0.6830719447377072,0.523397498313731,-0.5093797964889998,0.28200269939514205,1.3085745573043823,-0.11574526131153107,-0.009823347441852093,0.8199357390403748,direct,SAFE_PROGRESSING,NONE,1,0,"1.401,21.158;0.934,21.105;0.467,21.053;0.000,21.000",0,1,PASS_THROUGH,-1,0.7217221398157289,0.5112437992356342,-0.46663361499459066,0.31488797488784576,4.390352529971342,8.287731883846842,0.0,0,0,0,DIRECT_LOCAL,PASS_THROUGH,0,BYPASS_VISIBLE,1,5,0.0,21.0,2.0,0.0,21.0,2.0,1,
474,15.833333,0.033333,1.3303569555282593,21.214462280273438,2.8359949588775635,1.045393244232214,0.4907231628894806,1.3262735155098817,-0.19125366048427583,-0.05872724428539799,1.3412786026075758,0.0,21.0,2.0,0.6749539230339899,0.5252346997273157,-0.5182332602056561,0.27570908333988214,1.2885940074920654,-0.1042122095823288,-0.011074429377913475,0.8333326578140259,direct,SAFE_PROGRESSING,NONE,1,0,"1.366,21.187;0.911,21.125;0.455,21.062;0.000,21.000",1,1,PASS_THROUGH,-1,0.7891988946595617,0.614137691945484,0.0,0.27570908333988214,4.346646083883734,8.310003477104848,0.0,0,0,0,DIRECT_LOCAL,PASS_THROUGH,0,BYPASS_VISIBLE,1,5,0.0,21.0,2.0,0.0,21.0,2.0,1,
475,15.866667,0.033333,1.294736385345459,21.240943908691406,2.836613416671753,1.061902555525931,0.49889075756073,1.3085249601296112,-0.17875160567428397,-0.06066284371167878,1.3220702282483041,0.0,21.0,2.0,0.6667280567061363,0.526836122897992,-0.5271787154378207,0.26950648962743007,1.268079161643982,-0.09204155206680298,-0.012312715873122215,0.8470650315284729,direct,SAFE_PROGRESSING,NONE,1,0,"1.330,21.214;0.887,21.143;0.443,21.071;0.000,21.000",0,1,PASS_THROUGH,-1,0.6749539230339899,0.5252346997273157,-0.5182332602056561,0.27570908333988214,4.359723497336832,8.331204993521375,0.0,0,0,0,DIRECT_LOCAL,PASS_THROUGH,0,BYPASS_VISIBLE,1,5,0.0,21.0,2.0,0.0,21.0,2.0,1,
476,15.9,0.033333,1.2590025663375854,21.266164779663086,2.8371834754943848,1.0786921788811965,0.5069488286972046,1.2903822212808775,-0.16569988333802946,-0.06245851598683519,1.3024760245606388,0.0,21.0,2.0,0.6584043023816561,0.5281864960633815,-0.5362115254091543,0.2633929592584371,1.2470862865447998,-0.07948168367147446,-0.01355891115963459,0.8607512712478638,direct,SAFE_PROGRESSING,NONE,1,0,"1.295,21.241;0.863,21.161;0.432,21.080;0.000,21.000",0,1,PASS_THROUGH,-1,0.6749539230339899,0.5252346997273157,-0.5182332602056561,0.27570908333988214,4.317075713217573,8.351304571337268,0.0,0,0,0,DIRECT_LOCAL,PASS_THROUGH,0,BYPASS_VISIBLE,1,5,0.0,21.0,2.0,0.0,21.0,2.0,1,
477,15.933333,0.033333,1.2231847047805786,21.290102005004883,2.837700843811035,1.095757725184582,0.5149068236351013,1.271872868408967,-0.15211420984488974,-0.06415273349004982,1.2825423577589299,0.0,21.0,2.0,0.6499933441134396,0.5292682822627255,-0.5453290181155698,0.25736597692606733,1.2256499528884888,-0.06657636165618896,-0.014833249151706696,0.8741800785064697,direct,SAFE_PROGRESSING,NONE,1,0,"1.259,21.266;0.839,21.177;0.420,21.089;-0.000,21.000",0,1,PASS_THROUGH,-1,0.6749539230339899,0.5252346997273157,-0.5182332602056561,0.27570908333988214,4.3687148054412015,8.37028153714737,0.0,0,0,0,DIRECT_LOCAL,PASS_THROUGH,0,BYPASS_VISIBLE,1,5,0.0,21.0,2.0,0.0,21.0,2.0,1,
478,15.966667,0.033333,1.1873130798339844,21.312728881835938,2.838160753250122,1.1130950667061124,0.5227763056755066,1.2530203207518549,-0.1380026775347669,-0.06578709620841719,1.2623124039838085,0.0,21.0,2.0,0.6415031008118199,0.5300686514901546,-0.5545277237039002,0.2514231489196653,1.203629493713379,-0.05342218652367592,-0.016130467876791954,0.8872337937355042,direct,SAFE_PROGRESSING,NONE,1,0,"1.223,21.290;0.815,21.193;0.408,21.097;0.000,21.000",0,1,PASS_THROUGH,-1,0.6749539230339899,0.5252346997273157,-0.5182332602056561,0.27570908333988214,4.326908341419911,8.388111182560957,0.0,0,0,0,DIRECT_LOCAL,PASS_THROUGH,0,BYPASS_VISIBLE,1,5,0.0,21.0,2.0,0.0,21.0,2.0,1,
479,16.0,0.033333,1.1514198780059814,21.334022521972656,2.8385579586029053,1.1307008681039517,0.530535101890564,1.2338387187801905,-0.12337299851996748,-0.06739718590669046,1.2418217510549132,0.0,21.0,2.0,0.6329442461029623,0.5305712116304303,-0.5638047274670281,0.24556153632678038,1.1811600923538208,-0.040087196975946426,-0.01742936298251152,0.8998668193817139,direct,SAFE_PROGRESSING,NONE,1,0,"1.187,21.313;0.792,21.208;0.396,21.104;-0.000,21.000",0,1,PASS_THROUGH,-1,0.6749539230339899,0.5252346997273157,-0.5182332602056561,0.27570908333988214,4.285515741624005,8.40477241490511,0.0,0,0,0,DIRECT_LOCAL,PASS_THROUGH,0,BYPASS_VISIBLE,1,5,0.0,21.0,2.0,0.0,21.0,2.0,1,
480,16.033333,0.033333,1.1155390739440918,21.353960037231445,2.83888840675354,1.1485715953348952,0.5381560325622559,1.2143353122756984,-0.10824328677221627,-0.06897874540220439,1.2210998841569973,0.0,21.0,2.0,0.6243270211040313,0.5307605822799663,-0.5731570247473181,0.23977812916546687,1.1582324504852295,-0.026428017765283585,-0.018680986016988754,0.9124090075492859,direct,SAFE_PROGRESSING,NONE,1,0,"1.151,21.334;0.768,21.223;0.384,21.111;0.000,21.000",1,1,PASS_THROUGH,-1,0.7618895652880924,0.6477069478592319,0.0,0.23977812916546687,4.244567499567191,8.42024393546255,0.0,0,0,0,DIRECT_LOCAL,PASS_THROUGH,0,BYPASS_VISIBLE,1,5,0.0,21.0,2.0,0.0,21.0,2.0,1,
481,16.066667,0.033333,1.0797063112258911,21.372516632080078,2.8391478061676025,1.1667046012883011,0.5456295609474182,1.1945175277897127,-0.09264003349163989,-0.07050676155583288,1.2001772799996133,0.0,21.0,2.0,0.6156627711135951,0.5306193004467716,-0.582582620971573,0.234069659157519,1.1350501775741577,-0.01276774425059557,-0.019900713115930557,0.9243058562278748,direct,SAFE_PROGRESSING,NONE,1,0,"1.116,21.354;0.744,21.236;0.372,21.118;0.000,21.000",0,1,PASS_THROUGH,-1,0.6243270211040313,0.5307605822799663,-0.5731570247473181,0.23977812916546687,4.204096540830644,8.434502304685644,0.0,0,0,0,DIRECT_LOCAL,PASS_THROUGH,0,BYPASS_VISIBLE,1,5,0.0,21.0,2.0,0.0,21.0,2.0,1,
482,16.1,0.033333,1.043959379196167,21.389678955078125,2.8393330574035645,1.185096964637733,0.5529614090919495,1.1743996229199969,-0.07660237659232845,-0.07192877711779343,1.1790912379421215,0.0,21.0,2.0,0.6069643171025484,0.5301276498001466,-0.5920802248695781,0.22843242849274312,1.1114047765731812,0.001020394149236381,-0.021046677604317665,0.9357675313949585,direct,SAFE_PROGRESSING,NONE,1,0,"1.080,21.373;0.720,21.248;0.360,21.124;0.000,21.000",0,1,PASS_THROUGH,-1,0.6243270211040313,0.5307605822799663,-0.5731570247473181,0.23977812916546687,4.164138821099101,8.447535237555279,0.0,0,0,0,DIRECT_LOCAL,PASS_THROUGH,0,BYPASS_VISIBLE,1,5,0.0,21.0,2.0,0.0,21.0,2.0,1,
483,16.133333,0.033333,1.0083379745483398,21.405427932739258,2.8394415378570557,1.2037466497726903,0.5601264238357544,1.1540017195523782,-0.06017609755370303,-0.07320895702329425,1.1578862996145505,0.0,21.0,2.0,0.5982412672870806,0.5292699202981129,-0.6016483504360142,0.22286326511495122,1.0872571468353271,0.015094226226210594,-0.02207372523844242,0.9470311403274536,direct,SAFE_PROGRESSING,NONE,1,0,"1.044,21.390;0.696,21.260;0.348,21.130;-0.000,21.000",0,1,PASS_THROUGH,-1,0.6243270211040313,0.5307605822799663,-0.5731570247473181,0.23977812916546687,4.188092723298041,8.459324503835784,0.0,0,0,0,DIRECT_LOCAL,PASS_THROUGH,0,BYPASS_VISIBLE,1,5,0.0,21.0,2.0,0.0,21.0,2.0,1,
484,16.166667,0.033333,0.9728833436965942,21.419754028320312,2.8394720554351807,1.2226483428786348,0.5670893788337708,1.1333411550994352,-0.043407926242362935,-0.07435465631476208,1.136606808363592,0.0,21.0,2.0,0.5895043827959087,0.5280274956266229,-0.6112867956423494,0.21735843940932925,1.0630072355270386,0.028566647320985794,-0.02304936945438385,0.9565817713737488,direct,SAFE_PROGRESSING,NONE,1,0,"1.008,21.405;0.672,21.270;0.336,21.135;0.000,21.000",0,1,PASS_THROUGH,-1,0.6243270211040313,0.5307605822799663,-0.5731570247473181,0.23977812916546687,4.1493853944117,8.469861031424855,0.0,0,0,0,DIRECT_LOCAL,PASS_THROUGH,0,BYPASS_VISIBLE,1,5,0.0,21.0,2.0,0.0,21.0,2.0,1,
485,16.2,0.033333,0.9376381039619446,21.432649612426758,2.839423894882202,1.2417956325892583,0.5738270878791809,1.1124377690611706,-0.026361793952088187,-0.07534795210568626,1.1152981879751658,0.0,21.0,2.0,0.5807605896872152,0.5263856356568325,-0.6209954106435173,0.21191464741573623,1.0380942821502686,0.041727274656295776,-0.02389271929860115,0.9647754430770874,direct,SAFE_PROGRESSING,NONE,1,0,"0.973,21.420;0.649,21.280;0.324,21.140;-0.000,21.000",0,1,PASS_THROUGH,-1,0.6243270211040313,0.5307605822799663,-0.5731570247473181,0.23977812916546687,4.111267308152837,8.47913729855286,0.0,0,0,0,DIRECT_LOCAL,PASS_THROUGH,0,BYPASS_VISIBLE,1,5,0.0,21.0,2.0,0.0,21.0,2.0,1,
486,16.233333,0.033333,0.9026468992233276,21.444107055664062,2.83929705619812,1.261184517866753,0.5802139043807983,1.0913011005704807,-0.009123747427055785,-0.07621460272378856,1.0939972580138402,0.0,21.0,2.0,0.5720178792513506,0.5243273350428374,-0.6307744379282212,0.2065285356685002,1.0125433206558228,0.0545034222304821,-0.02457699552178383,0.9713122844696045,direct,SAFE_PROGRESSING,NONE,1,0,"0.938,21.433;0.625,21.288;0.313,21.144;-0.000,21.000",1,1,PASS_THROUGH,-1,0.7371685112279692,0.6757089506984049,0.0,0.2065285356685002,4.073778589160383,8.487145487633317,0.0,0,0,0,DIRECT_LOCAL,PASS_THROUGH,0,BYPASS_VISIBLE,1,5,0.0,21.0,2.0,0.0,21.0,2.0,1,
487,16.266667,0.033333,0.8679561018943787,21.45412826538086,2.8390939235687256,1.2808056189528556,0.5860756039619446,1.0699129474728548,0.00821196158368929,-0.07700540858281814,1.0727119764569195,0.0,21.0,2.0,0.5632821218715657,0.5218364558131315,-0.6406246674646991,0.201196670108438,0.9858871698379517,0.06745681911706924,-0.02499658614397049,0.9768617749214172,direct,SAFE_PROGRESSING,NONE,1,0,"0.903,21.444;0.602,21.296;0.301,21.148;0.000,21.000",0,1,PASS_THROUGH,-1,0.5720178792513506,0.5243273350428374,-0.6307744379282212,0.2065285356685002,4.036962462457921,8.493886930709095,0.0,0,0,0,DIRECT_LOCAL,PASS_THROUGH,0,BYPASS_VISIBLE,1,5,0.0,21.0,2.0,0.0,21.0,2.0,1,
488,16.3,0.033333,0.8336150646209717,21.462717056274414,2.8388192653656006,1.3006402620256405,0.5912377834320068,1.048211695935952,0.025574130858406867,-0.07779776245904595,1.0514058624098124,0.0,21.0,2.0,0.554551100933278,0.5189047641386102,-0.6505466333845273,0.19591633686178528,0.9583131074905396,0.08037532866001129,-0.02513526938855648,0.9810635447502136,direct,SAFE_PROGRESSING,NONE,1,0,"0.868,21.454;0.434,21.227;-0.000,21.000",0,1,PASS_THROUGH,-1,0.5720178792513506,0.5243273350428374,-0.6307744379282212,0.2065285356685002,4.068330723418213,8.499364618913717,0.0,0,0,0,DIRECT_LOCAL,PASS_THROUGH,0,BYPASS_VISIBLE,1,5,0.0,21.0,2.0,0.0,21.0,2.0,1,
489,16.333333,0.033333,0.799676775932312,21.46988296508789,2.838479995727539,1.3206582763675594,0.5955929756164551,1.0260943326463028,0.042931885134650294,-0.07862313715793401,1.0299972446306018,0.0,21.0,2.0,0.5458170836820507,0.5155280774354345,-0.6605410755861786,0.19068520132724365,0.9295036792755127,0.09354627132415771,-0.02493230812251568,0.9844958782196045,direct,SAFE_PROGRESSING,NONE,1,0,"0.834,21.463;0.417,21.231;0.000,21.000",0,1,PASS_THROUGH,-1,0.5720178792513506,0.5243273350428374,-0.6307744379282212,0.2065285356685002,4.032945594707115,8.50358702377304,0.0,0,0,0,DIRECT_LOCAL,PASS_THROUGH,0,BYPASS_VISIBLE,1,5,0.0,21.0,2.0,0.0,21.0,2.0,1,
490,16.366667,0.033333,0.766198456287384,21.475637435913086,2.838085412979126,1.3408241858460141,0.5990861058235168,1.003430199536122,0.06029633606564682,-0.07948992419031413,1.008378134199579,0.0,21.0,2.0,0.5370695865608309,0.5117045771823127,-0.6706076981977233,0.18550180019021756,0.8997371196746826,0.10640642791986465,-0.024472828954458237,0.9867037534713745,direct,SAFE_PROGRESSING,NONE,1,0,"0.800,21.470;0.400,21.235;-0.000,21.000",0,1,PASS_THROUGH,-1,0.5720178792513506,0.5243273350428374,-0.6307744379282212,0.2065285356685002,3.9983326635311283,8.506564305325805,0.0,0,0,0,DIRECT_LOCAL,PASS_THROUGH,0,BYPASS_VISIBLE,1,5,0.0,21.0,2.0,0.0,21.0,2.0,1,
491,16.4,0.033333,0.7332422137260437,21.479991912841797,2.837643623352051,1.361102252185952,0.6017299294471741,0.9800836542411605,0.07769101224378036,-0.08037444318803091,0.9864379928875183,0.0,21.0,2.0,0.5283001847785236,0.507429284987837,-0.6807454998012916,0.18036530097101772,0.8688812255859375,0.11869319528341293,-0.02383699268102646,0.9878845810890198,direct,SAFE_PROGRESSING,NONE,1,0,"0.766,21.476;0.383,21.238;0.000,21.000",0,1,PASS_THROUGH,-1,0.5720178792513506,0.5243273350428374,-0.6307744379282212,0.2065285356685002,3.964546074506087,8.508306411319301,0.0,0,0,0,DIRECT_LOCAL,PASS_THROUGH,0,BYPASS_VISIBLE,1,5,0.0,21.0,2.0,0.0,21.0,2.0,1,
492,16.433333,0.033333,0.7008741497993469,21.48296356201172,2.837162971496582,1.3814662075848263,0.6035681962966919,0.9559336314495117,0.0951126779548602,-0.08125068828369536,0.9640836081951449,0.0,21.0,2.0,0.5195100513117856,0.5026884226564724,-0.6909512691305904,0.1752753696767913,0.8370041847229004,0.13021530210971832,-0.023124413564801216,0.9884727001190186,direct,SAFE_PROGRESSING,NONE,1,0,"0.733,21.480;0.367,21.240;0.000,21.000",1,1,PASS_THROUGH,-1,0.7186458571849076,0.6953762520757878,0.0,0.1752753696767913,4.002559903313911,8.508828660371314,0.0,0,0,0,DIRECT_LOCAL,PASS_THROUGH,0,CORRIDOR_CLEAR,1,5,0.0,21.0,2.0,0.0,21.0,2.0,1,
493,16.466667,0.033333,0.6691643595695496,21.484573364257812,2.8366479873657227,1.4019004959477661,0.6046752333641052,0.9308816588134868,0.11250784163967076,-0.08210270070433578,0.9412436085353842,0.0,21.0,2.0,0.5107082549186686,0.4974622963071941,-0.7012191826459839,0.17023259101452987,0.804000973701477,0.14113138616085052,-0.022397750988602638,0.9894447326660156,direct,SAFE_PROGRESSING,NONE,1,0,"0.701,21.483;0.350,21.241;-0.000,21.000",0,1,PASS_THROUGH,-1,0.5195100513117856,0.5026884226564724,-0.6909512691305904,0.1752753696767913,3.9472755037357414,8.508149811719779,0.0,0,0,0,DIRECT_LOCAL,PASS_THROUGH,0,CORRIDOR_CLEAR,1,5,0.0,21.0,2.0,0.0,21.0,2.0,1,
494,16.5,0.033333,0.638185977935791,21.484840393066406,2.836101770401001,1.4223968251217176,0.6051875948905945,0.9048503281190409,0.12977929173495878,-0.08290368793850689,0.9178615376701263,0.0,21.0,2.0,0.5019123796969318,0.4917274035502476,-0.7115392636423481,0.16523828678199975,0.7701713442802429,0.15190640091896057,-0.021648108959197998,0.9924885034561157,direct,SAFE_PROGRESSING,NONE,1,0,"0.669,21.485;0.335,21.242;-0.000,21.000",0,1,PASS_THROUGH,-1,0.5195100513117856,0.5026884226564724,-0.6909512691305904,0.1752753696767913,3.9159902537236135,8.506286268800133,0.0,0,0,0,DIRECT_LOCAL,PASS_THROUGH,0,CORRIDOR_CLEAR,1,5,0.0,21.0,2.0,0.0,21.0,2.0,1,
495,16.533333,0.033333,0.6080142855644226,21.48379898071289,2.8355259895324707,1.4429497873149835,0.6053911447525024,0.8777860803048068,0.14682071770529526,-0.0836240255479124,0.8939002760784965,0.0,21.0,2.0,0.4931472667415252,0.4854543923928752,-0.7219001358995768,0.1602936741337785,0.7355911135673523,0.1622135043144226,-0.020999817177653313,0.9975945949554443,direct,SAFE_PROGRESSING,NONE,1,0,"0.638,21.485;0.319,21.242;-0.000,21.000",0,1,PASS_THROUGH,-1,0.5195100513117856,0.5026884226564724,-0.6909512691305904,0.1752753696767913,3.885724404650803,8.503269146878946,0.0,0,0,0,DIRECT_LOCAL,PASS_THROUGH,0,CORRIDOR_CLEAR,1,5,0.0,21.0,2.0,0.0,21.0,2.0,1,
496,16.566667,0.033333,0.5787250399589539,21.481487274169922,2.834921360015869,1.4635562393899635,0.6056938171386719,0.8496636533157672,0.1635354056288882,-0.08426488022646714,0.8693518980825211,0.0,21.0,2.0,0.4844395149395231,0.478620096444742,-0.7322848896736742,0.15540177929344917,0.7003843784332275,0.1714853048324585,-0.020555280148983,1.0041112899780273,direct,SAFE_PROGRESSING,NONE,1,0,"0.608,21.484;0.304,21.242;-0.000,21.000",0,1,PASS_THROUGH,-1,0.5195100513117856,0.5026884226564724,-0.6909512691305904,0.1752753696767913,3.856549698411821,8.499132781581784,0.0,0,0,0,DIRECT_LOCAL,PASS_THROUGH,0,CORRIDOR_CLEAR,1,5,0.0,21.0,2.0,0.0,21.0,2.0,1,
497,16.6,0.033333,0.5503937005996704,21.477947235107422,2.834284782409668,1.4842239761661182,0.6064938902854919,0.820485348485702,0.17982230608984906,-0.08482584216367535,0.8442320133387218,0.0,21.0,2.0,0.4758244705661629,0.47119620204983764,-0.7426743649704353,0.15056595459307182,0.6644687056541443,0.17993339896202087,-0.020282912999391556,1.012460708618164,direct,SAFE_PROGRESSING,NONE,1,0,"0.579,21.481;0.289,21.241;-0.000,21.000",0,1,PASS_THROUGH,-1,0.5195100513117856,0.5026884226564724,-0.6909512691305904,0.1752753696767913,3.828538203876996,8.493914736142315,0.0,0,0,0,DIRECT_LOCAL,PASS_THROUGH,0,CORRIDOR_CLEAR,1,5,0.0,21.0,2.0,0.0,21.0,2.0,1,
498,16.633333,0.033333,0.5230939984321594,21.47323226928711,2.8336117267608643,1.5049781266943436,0.6081051826477051,0.7902731819571706,0.19556585510804836,-0.08535021707629431,0.818573372007558,0.0,21.0,2.0,0.4673494366026049,0.4631477991824099,-0.753046227146593,0.14578981928881438,0.6281561255455017,0.18664629757404327,-0.020303865894675255,1.020895004272461,direct,SAFE_PROGRESSING,NONE,1,0,"0.550,21.478;0.275,21.239;-0.000,21.000",1,1,PASS_THROUGH,-1,0.7102924632705192,0.7039066817562525,0.0,0.14578981928881438,3.8017613765456812,8.48766340881981,0.0,0,0,0,DIRECT_LOCAL,PASS_THROUGH,0,CORRIDOR_CLEAR,1,5,0.0,21.0,2.0,0.0,21.0,2.0,1,
499,16.666667,0.033333,0.4968968629837036,21.467397689819336,2.8328959941864014,1.5258568956200802,0.6107276082038879,0.7590653828733377,0.2106173813085133,-0.08585454165063616,0.792408315900296,0.0,21.0,2.0,0.45906768600854414,0.45444124079608506,-0.7633741011630375,0.14107815024168288,0.5914909243583679,0.19222187995910645,-0.020469628274440765,1.0303606986999512,direct,SAFE_PROGRESSING,NONE,1,0,"0.523,21.473;0.262,21.237;-0.000,21.000",0,1,PASS_THROUGH,-1,0.4673494366026049,0.4631477991824099,-0.753046227146593,0.14578981928881438,3.7762866913063924,8.480428550948504,0.0,0,0,0,DIRECT_LOCAL,PASS_THROUGH,0,CORRIDOR_CLEAR,1,5,0.0,21.0,2.0,0.0,21.0,2.0,1,
500,16.7,0.033333,0.47187021374702454,21.46051788330078,2.8321328163146973,1.5469097054487355,0.6144458055496216,0.7269172103879894,0.22480745159493054,-0.08629971907197942,0.765764103730885,0.0,21.0,2.0,0.45103884795133203,0.44503925031087216,-0.7736304177845336,0.13643563946293472,0.5547900199890137,0.19678130745887756,-0.020745350047945976,1.0409917831420898,direct,SAFE_PROGRESSING,NONE,1,0,"0.497,21.467;0.248,21.234;-0.000,21.000",0,1,PASS_THROUGH,-1,0.4673494366026049,0.4631477991824099,-0.753046227146593,0.14578981928881438,3.8277542342393445,8.472278507248166,0.0,0,0,0,DIRECT_LOCAL,PASS_THROUGH,0,CORRIDOR_CLEAR,1,5,0.0,21.0,2.0,0.0,21.0,2.0,1,
501,16.733333,0.033333,0.44807761907577515,21.452651977539062,2.8313181400299072,1.5681809676565281,0.6193137764930725,0.693903854914093,0.23797998938330564,-0.08663983232193326,0.7386768547587571,0.0,21.0,2.0,0.44331649102498005,0.43492065588462037,-0.7837821839453806,0.13186936254664988,0.5180303454399109,0.2000615894794464,-0.02114892192184925,1.052157998085022,direct,SAFE_PROGRESSING,NONE,1,0,"0.472,21.461;0.236,21.230;-0.000,21.000",0,1,PASS_THROUGH,-1,0.4673494366026049,0.4631477991824099,-0.753046227146593,0.14578981928881438,3.8046813139296174,8.463265977514833,0.0,0,0,0,DIRECT_LOCAL,PASS_THROUGH,0,CORRIDOR_CLEAR,1,5,0.0,21.0,2.0,0.0,21.0,2.0,1,
502,16.766667,0.033333,0.42557719349861145,21.443889617919922,2.830448865890503,1.5897051814590313,0.625341534614563,0.660117946227631,0.25000947190507183,-0.08682868221174743,0.7111959357509484,0.0,21.0,2.0,0.43595226231309986,0.42405723305587334,-0.7938016679732329,0.12738404381815477,0.4812324643135071,0.20243151485919952,-0.021610114723443985,1.0642285346984863,direct,SAFE_PROGRESSING,NONE,1,0,"0.448,21.453;0.224,21.226;0.000,21.000",0,1,PASS_THROUGH,-1,0.4673494366026049,0.4631477991824099,-0.753046227146593,0.14578981928881438,3.7830598654569982,8.453473809297925,0.0,0,0,0,DIRECT_LOCAL,PASS_THROUGH,0,CORRIDOR_CLEAR,1,5,0.0,21.0,2.0,0.0,21.0,2.0,1,
503,16.8,0.033333,0.40442100167274475,21.434314727783203,2.8295223712921143,1.6115113315048444,0.6324877142906189,0.6256580840882213,0.26081624822381494,-0.08684077383091082,0.683384572200779,0.0,21.0,2.0,0.4289884026568366,0.41244664900464817,-0.8036521088821783,0.12298844507078684,0.44447147846221924,0.2037639170885086,-0.022156769409775734,1.0764565467834473,direct,SAFE_PROGRESSING,NONE,1,0,"0.426,21.444;0.213,21.222;-0.000,21.000",0,1,PASS_THROUGH,-1,0.4673494366026049,0.4631477991824099,-0.753046227146593,0.14578981928881438,3.7427876745880746,8.442978911840322,0.0,0,0,0,DIRECT_LOCAL,PASS_THROUGH,0,CORRIDOR_CLEAR,1,5,0.0,21.0,2.0,0.0,21.0,2.0,1,
504,16.833333,0.033333,0.3846541941165924,21.42401695251465,2.8285369873046875,1.6336190170448575,0.6406677961349487,0.5906220100819972,0.2703648283168574,-0.08668071483193651,0.6553205669806785,0.0,21.0,2.0,0.4224629784434978,0.40008709506749945,-0.8132990521358663,0.11869045949247717,0.40805143117904663,0.2039550542831421,-0.02279268391430378,1.0880427360534668,direct,SAFE_PROGRESSING,NONE,1,0,"0.404,21.434;0.202,21.217;-0.000,21.000",1,1,PASS_THROUGH,-1,0.7260736531165994,0.6876169356916073,0.0,0.11869045949247717,3.7238418691366126,8.4318637803106,0.0,0,0,0,DIRECT_LOCAL,PASS_THROUGH,0,CORRIDOR_CLEAR,1,5,0.0,21.0,2.0,0.0,21.0,2.0,1,
505,16.866667,0.033333,0.36631491780281067,21.41309356689453,2.8274896144866943,1.6560456910246024,0.6497266888618469,0.5551087676462806,0.27864402865027,-0.08639099032395084,0.6270977928755436,0.0,21.0,2.0,0.4164099255353644,0.386983034065173,-0.8227070592023296,0.11449877293164232,0.3717554807662964,0.2024461328983307,-0.023580946028232574,1.0970739126205444,direct,SAFE_PROGRESSING,NONE,1,0,"0.385,21.424;0.192,21.212;0.000,21.000",0,1,PASS_THROUGH,-1,0.4224629784434978,0.40008709506749945,-0.8132990521358663,0.11869045949247717,3.7064487715393364,8.420218528150825,0.0,0,0,0,DIRECT_LOCAL,PASS_THROUGH,0,CORRIDOR_CLEAR,1,5,0.0,21.0,2.0,0.0,21.0,2.0,1,
506,16.9,0.033333,0.34943389892578125,21.401643753051758,2.8263776302337646,1.6788112977524792,0.6593568921089172,0.5192182873810064,0.2856366206986332,-0.0859820651383229,0.5988061661008937,0.0,21.0,2.0,0.41086147888972285,0.37314616715684035,-0.8318381952643851,0.11042335151851287,0.3368319571018219,0.19997328519821167,-0.024355705827474594,1.104696273803711,direct,SAFE_PROGRESSING,NONE,1,0,"0.366,21.413;0.183,21.207;-0.000,21.000",0,1,PASS_THROUGH,-1,0.4224629784434978,0.40008709506749945,-0.8132990521358663,0.11869045949247717,3.7256160286890805,8.408135272678408,0.0,0,0,0,DIRECT_LOCAL,PASS_THROUGH,0,CORRIDOR_CLEAR,1,5,0.0,21.0,2.0,0.0,21.0,2.0,1,
507,16.933333,0.033333,0.3340342044830322,21.389768600463867,2.8251993656158447,1.7019341334256117,0.6692090034484863,0.48308686545523943,0.29132462160410594,-0.08533493719429919,0.5705479876698359,0.0,21.0,2.0,0.40584604363078003,0.35859247299170827,-0.8406547609946273,0.1064747395552531,0.3036058247089386,0.19719171524047852,-0.025031354278326035,1.112148404121399,direct,SAFE_PROGRESSING,NONE,1,0,"0.349,21.402;0.175,21.201;-0.000,21.000",0,1,PASS_THROUGH,-1,0.4224629784434978,0.40008709506749945,-0.8132990521358663,0.11869045949247717,3.7079827064013093,8.395708234083356,0.0,0,0,0,DIRECT_LOCAL,PASS_THROUGH,0,CORRIDOR_CLEAR,1,5,0.0,21.0,2.0,0.0,21.0,2.0,1,
508,16.966667,0.033333,0.3201294243335724,21.37755584716797,2.823956251144409,1.7254126437590764,0.6790375113487244,0.44692257825190346,0.2957290074558212,-0.08427784744882108,0.5424925735645978,0.0,21.0,2.0,0.4013813111523273,0.34334969023439976,-0.8491195635913593,0.10266419272018339,0.2725888788700104,0.19465339183807373,-0.02556779608130455,1.120668649673462,direct,SAFE_PROGRESSING,NONE,1,0,"0.334,21.390;0.167,21.195;0.000,21.000",0,1,PASS_THROUGH,-1,0.4224629784434978,0.40008709506749945,-0.8132990521358663,0.11869045949247717,3.69966900163543,8.383018518316923,0.0,0,0,0,DIRECT_LOCAL,PASS_THROUGH,0,CORRIDOR_CLEAR,1,5,0.0,21.0,2.0,0.0,21.0,2.0,1,
509,17.0,0.033333,0.30772119760513306,21.365116119384766,2.82265043258667,1.749218495561654,0.6887645721435547,0.411008623896603,0.2989400734674111,-0.08274189432447415,0.5149169617700341,0.0,21.0,2.0,0.39747054655360003,0.3274463694516915,-0.8572024496904385,0.09900126586157715,0.24263522028923035,0.1916932463645935,-0.026122258976101875,1.1283191442489624,direct,SAFE_PROGRESSING,NONE,1,0,"0.320,21.378;0.160,21.189;0.000,21.000",0,1,PASS_THROUGH,-1,0.4224629784434978,0.40008709506749945,-0.8132990521358663,0.11869045949247717,3.684717468731219,8.370170343436447,0.0,0,0,0,DIRECT_LOCAL,PASS_THROUGH,0,CORRIDOR_CLEAR,1,5,0.0,21.0,2.0,0.0,21.0,2.0,1,
510,17.033333,0.033333,0.29679715633392334,21.352542877197266,2.821284055709839,1.7733099431180497,0.6983286142349243,0.37563658720596715,0.30108843111823724,-0.0808709831695133,0.4881569470158047,0.0,21.0,2.0,0.39410697340874146,0.31094005643202993,-0.8648676053689649,0.09549913425578846,0.2132963240146637,0.18786980211734772,-0.026749009266495705,1.1333932876586914,direct,SAFE_PROGRESSING,NONE,1,0,"0.308,21.365;0.154,21.183;-0.000,21.000",1,1,PASS_THROUGH,-1,0.7850736129815232,0.6194024719034772,0.0,0.09549913425578846,3.6712698794975616,8.357251029112193,0.0,0,0,0,DIRECT_LOCAL,PASS_THROUGH,0,CORRIDOR_CLEAR,1,5,0.0,21.0,2.0,0.0,21.0,2.0,1,
511,17.066667,0.033333,0.287332147359848,21.339929580688477,2.8198580741882324,1.7976587358429679,0.7075255513191223,0.3410239279246625,0.3022852693857117,-0.07890402110637776,0.46249275459353234,0.0,21.0,2.0,0.3912810539012165,0.29387335876636766,-0.8720880608432426,0.09216833127933469,0.18487928807735443,0.18328575789928436,-0.02741345949470997,1.1354684829711914,direct,SAFE_PROGRESSING,NONE,1,0,"0.297,21.353;0.148,21.176;0.000,21.000",0,1,PASS_THROUGH,-1,0.39410697340874146,0.31094005643202993,-0.8648676053689649,0.09549913425578846,3.668946751784146,8.344348256305842,0.0,0,0,0,DIRECT_LOCAL,PASS_THROUGH,0,CORRIDOR_CLEAR,1,5,0.0,21.0,2.0,0.0,21.0,2.0,1,
512,17.1,0.033333,0.2792908549308777,21.327350616455078,2.8183746337890625,1.8222532222902874,0.7160370945930481,0.30729078984950026,0.30258949800913976,-0.0770083662054078,0.43808483458957936,0.0,21.0,2.0,0.3889809796704905,0.2762889158344791,-0.8788391391156823,0.08901952206869343,0.15813840925693512,0.1784788966178894,-0.028033370152115822,1.1355023384094238,direct,SAFE_PROGRESSING,NONE,1,0,"0.287,21.340;0.144,21.170;0.000,21.000",0,1,PASS_THROUGH,-1,0.39410697340874146,0.31094005643202993,-0.8648676053689649,0.09549913425578846,3.7576184821752805,8.331531112520224,0.0,0,0,0,DIRECT_LOCAL,PASS_THROUGH,0,CORRIDOR_CLEAR,1,5,0.0,21.0,2.0,0.0,21.0,2.0,1,
513,17.133333,0.033333,0.2726309895515442,21.314889907836914,2.816835880279541,1.8470813457298736,0.7235603332519531,0.27450461312382746,0.3020260159591854,-0.07521223323749172,0.4150052734255446,0.0,21.0,2.0,0.38718563825310753,0.25821778211355073,-0.8851049985910668,0.08606086398393645,0.13344819843769073,0.17394611239433289,-0.02857869118452072,1.1346538066864014,direct,SAFE_PROGRESSING,NONE,1,0,"0.279,21.327;0.140,21.164;-0.000,21.000",0,1,PASS_THROUGH,-1,0.39410697340874146,0.31094005643202993,-0.8648676053689649,0.09549913425578846,3.7483334654763705,8.318878776525953,0.0,0,0,0,DIRECT_LOCAL,PASS_THROUGH,0,CORRIDOR_CLEAR,1,5,0.0,21.0,2.0,0.0,21.0,2.0,1,
514,17.166667,0.033333,0.26730412244796753,21.302627563476562,2.8152458667755127,1.8721120089344712,0.7299243211746216,0.24273465909569417,0.3006256204105654,-0.07350505671939365,0.3933177744990193,0.0,21.0,2.0,0.38586590705282414,0.23971288390581127,-0.8908676866201064,0.08330265554504115,0.10936886072158813,0.1690351665019989,-0.02914637327194214,1.1311018466949463,direct,SAFE_PROGRESSING,NONE,1,0,"0.273,21.315;0.136,21.157;-0.000,21.000",0,1,PASS_THROUGH,-1,0.39410697340874146,0.31094005643202993,-0.8648676053689649,0.09549913425578846,3.7404713779429906,8.306467164216052,0.0,0,0,0,DIRECT_LOCAL,PASS_THROUGH,0,CORRIDOR_CLEAR,1,5,0.0,21.0,2.0,0.0,21.0,2.0,1,
515,17.2,0.033333,0.2632562220096588,21.290634155273438,2.813608169555664,1.897295995411011,0.7350038886070251,0.21203239638000734,0.29842673641841805,-0.07193985272036385,0.37308390012626397,0.0,21.0,2.0,0.3849859335496323,0.2208362145563246,-0.8961122682506647,0.08075516975486804,0.08510824292898178,0.1632390320301056,-0.0297459177672863,1.123242974281311,direct,SAFE_PROGRESSING,NONE,1,0,"0.267,21.303;0.134,21.151;-0.000,21.000",0,1,PASS_THROUGH,-1,0.39410697340874146,0.31094005643202993,-0.8648676053689649,0.09549913425578846,3.7339919840958506,8.294363175901843,0.0,0,0,0,DIRECT_LOCAL,PASS_THROUGH,0,CORRIDOR_CLEAR,1,5,0.0,21.0,2.0,0.0,21.0,2.0,1,
516,17.233333,0.033333,0.26042860746383667,21.278974533081055,2.8119258880615234,1.9225838854776591,0.7385851144790649,0.18237549695908392,0.2954464811475223,-0.0705738418175585,0.35430228938353736,0.0,21.0,2.0,0.3845085669308085,0.20164723228031567,-0.9008282609190857,0.07842755909456914,0.061207883059978485,0.15687254071235657,-0.030300168320536613,1.1119728088378906,direct,SAFE_PROGRESSING,NONE,1,0,"0.263,21.291;0.132,21.145;-0.000,21.000",1,1,PASS_THROUGH,-1,0.8856061335133691,0.4644370530906212,0.0,0.07842755909456914,3.7393087902829016,8.282628477169187,0.0,0,0,0,DIRECT_LOCAL,PASS_THROUGH,0,CORRIDOR_CLEAR,1,5,0.0,21.0,2.0,0.0,21.0,2.0,1,
517,17.266667,0.033333,0.25876057147979736,21.267715454101562,2.8102028369903564,1.9479310577383844,0.7404212355613708,0.15366830243004245,0.29167889282796816,-0.06937793862485,0.3369032829476641,0.0,21.0,2.0,0.3843975261588465,0.1822044712136111,-0.9050083273388855,0.07632819916475053,0.038777682930231094,0.15087711811065674,-0.030744746327400208,1.1003161668777466,direct,SAFE_PROGRESSING,NONE,1,0,"0.260,21.279;0.130,21.139;-0.000,21.000",0,1,PASS_THROUGH,-1,0.3845085669308085,0.20164723228031567,-0.9008282609190857,0.07842755909456914,3.834499357492566,8.271327131082447,0.0,0,0,0,DIRECT_LOCAL,PASS_THROUGH,0,CORRIDOR_CLEAR,1,5,0.0,21.0,2.0,0.0,21.0,2.0,1,
518,17.3,0.033333,0.25819137692451477,21.256921768188477,2.808443784713745,1.9732832368606459,0.7404338121414185,0.12581269336092665,0.2871381477851415,-0.06824999959946015,0.32083517913336546,0.0,21.0,2.0,0.3846188217334763,0.16257737722774873,-0.9086456726260785,0.07446572304553475,0.017581366002559662,0.14545580744743347,-0.03111381083726883,1.089176058769226,direct,SAFE_PROGRESSING,NONE,1,0,"0.259,21.268;0.129,21.134;0.000,21.000",0,1,PASS_THROUGH,-1,0.3845085669308085,0.20164723228031567,-0.9008282609190857,0.07842755909456914,3.8437854235473004,8.260521767669458,0.0,0,0,0,DIRECT_LOCAL,PASS_THROUGH,0,CORRIDOR_CLEAR,1,5,0.0,21.0,2.0,0.0,21.0,2.0,1,
519,17.333333,0.033333,0.2586599588394165,21.246644973754883,2.8066530227661133,1.9985706375176195,0.7387912273406982,0.09876673647911628,0.2818994234856587,-0.06708086359470564,0.30614048320484105,0.0,21.0,2.0,0.38514238806026635,0.1428439780067728,-0.9117351253880899,0.07284822086702465,-0.0020747813396155834,0.14082857966423035,-0.031407106667757034,1.0796023607254028,direct,SAFE_PROGRESSING,NONE,1,0,"0.258,21.257;0.129,21.128;-0.000,21.000",0,1,PASS_THROUGH,-1,0.3845085669308085,0.20164723228031567,-0.9008282609190857,0.07842755909456914,3.9409300320775125,8.250262063583563,0.0,0,0,0,DIRECT_LOCAL,PASS_THROUGH,0,CORRIDOR_CLEAR,1,5,0.0,21.0,2.0,0.0,21.0,2.0,1,
520,17.366667,0.033333,0.26010435819625854,21.236942291259766,2.804835319519043,2.023721862304253,0.7358426451683044,0.07256271739400953,0.2761040605491688,-0.06581765223806939,0.2929688781312332,0.0,21.0,2.0,0.38594171607323846,0.12307452241935479,-0.9142765739784059,0.07148110726208863,-0.0212387852370739,0.13622327148914337,-0.03167454153299332,1.0687651634216309,direct,SAFE_PROGRESSING,NONE,1,0,"0.259,21.247;0.129,21.123;-0.000,21.000",0,1,PASS_THROUGH,-1,0.3845085669308085,0.20164723228031567,-0.9008282609190857,0.07842755909456914,3.9400861543614165,8.240603723199902,0.0,0,0,0,DIRECT_LOCAL,PASS_THROUGH,0,CORRIDOR_CLEAR,1,5,0.0,21.0,2.0,0.0,21.0,2.0,1,
521,17.4,0.033333,0.2624613344669342,21.22785758972168,2.8029937744140625,2.048681049375245,0.7318999171257019,0.04726615555988646,0.2699137833291689,-0.0644918306579026,0.2815079681182834,0.0,21.0,2.0,0.38700111485744393,0.10334346659035068,-0.9162697555917606,0.0703692906146183,-0.0395471416413784,0.13163596391677856,-0.03190820664167404,1.0565104484558105,direct,SAFE_PROGRESSING,NONE,1,0,"0.260,21.237;0.130,21.118;-0.000,21.000",0,1,PASS_THROUGH,-1,0.3845085669308085,0.20164723228031567,-0.9008282609190857,0.07842755909456914,4.039560589797105,8.231589334901882,0.0,0,0,0,DIRECT_LOCAL,PASS_THROUGH,0,CORRIDOR_CLEAR,1,5,0.0,21.0,2.0,0.0,21.0,2.0,1,
522,17.433333,0.033333,0.265666663646698,21.219423294067383,2.8011322021484375,2.073418616565153,0.7271019816398621,0.02293139907398407,0.2634575004118189,-0.0631757912345498,0.27189498742133017,0.0,21.0,2.0,0.3883087095777691,0.083706826100092,-0.9177197357201691,0.06951403693756743,-0.05746925622224808,0.12688732147216797,-0.032130029052495956,1.041804313659668,direct,SAFE_PROGRESSING,NONE,1,0,"0.262,21.228;0.131,21.114;0.000,21.000",1,1,PASS_THROUGH,-1,0.9775449215315852,0.21072713728375547,0.0,0.06951403693756743,4.0538580826900095,8.22325022166077,0.0,0,0,0,DIRECT_LOCAL,PASS_THROUGH,0,CORRIDOR_CLEAR,1,5,0.0,21.0,2.0,0.0,21.0,2.0,1,
523,17.466667,0.033333,0.26965609192848206,21.211666107177734,2.799253463745117,2.0979218804403557,0.7214365005493164,-0.0004308474828508572,0.2568021235115606,-0.06194121038554721,0.26416704906862803,0.0,21.0,2.0,0.389851903316404,0.06420692385140145,-0.9186364702155677,0.06891309255941107,-0.07509119808673859,0.12202087044715881,-0.03233528509736061,1.024763822555542,direct,SAFE_PROGRESSING,NONE,1,0,"0.266,21.219;0.133,21.110;0.000,21.000",0,1,PASS_THROUGH,-1,0.3883087095777691,0.083706826100092,-0.9177197357201691,0.06951403693756743,4.15487123435604,8.215612127148209,0.0,0,0,0,DIRECT_LOCAL,PASS_THROUGH,0,CORRIDOR_CLEAR,1,5,0.0,21.0,2.0,0.0,21.0,2.0,1,
524,17.5,0.033333,0.2743658125400543,21.20460319519043,2.797360420227051,2.122180978931145,0.7148007750511169,-0.022867665243268394,0.2499543214910609,-0.06082177614108949,0.25826223378320656,0.0,21.0,2.0,0.39161822289324033,0.04488286450180723,-0.919032478192176,0.06856149031108297,-0.09229825437068939,0.11710871756076813,-0.03251815587282181,1.0056848526000977,direct,SAFE_PROGRESSING,NONE,1,0,"0.270,21.212;0.135,21.106;-0.000,21.000",0,1,PASS_THROUGH,-1,0.3883087095777691,0.083706826100092,-0.9177197357201691,0.06951403693756743,4.256872836966278,8.20869136088297,0.0,0,0,0,DIRECT_LOCAL,PASS_THROUGH,0,CORRIDOR_CLEAR,1,5,0.0,21.0,2.0,0.0,21.0,2.0,1,
525,17.533333,0.033333,0.2797337472438812,21.198251724243164,2.7954556941986084,2.1461784954297984,0.7070732712745667,-0.04446994687632558,0.24288552889810655,-0.059808947926851846,0.25406311533832104,0.0,21.0,2.0,0.39359246378773,0.02577036481053524,-0.9189237513238171,0.06845116991634177,-0.10908694565296173,0.1121731549501419,-0.03266846388578415,0.984801173210144,direct,SAFE_PROGRESSING,NONE,1,0,"0.274,21.205;0.137,21.102;-0.000,21.000",0,1,PASS_THROUGH,-1,0.3883087095777691,0.083706826100092,-0.9177197357201691,0.06951403693756743,4.260616296062416,8.202504319580049,0.0,0,0,0,DIRECT_LOCAL,PASS_THROUGH,0,CORRIDOR_CLEAR,1,5,0.0,21.0,2.0,0.0,21.0,2.0,1,
526,17.566667,0.033333,0.2857001721858978,21.1926326751709,2.793541431427002,2.1698847508529107,0.6981617212295532,-0.06534654592601122,0.2355614572490301,-0.05886807972511067,0.25144546529271294,0.0,21.0,2.0,0.3957628579736063,0.006911966861881114,-0.9183267310509171,0.0685725063017216,-0.12579169869422913,0.10710618644952774,-0.0327744297683239,0.9616960287094116,direct,SAFE_PROGRESSING,NONE,1,0,"0.280,21.198;0.140,21.099;-0.000,21.000",0,1,PASS_THROUGH,-1,0.3883087095777691,0.083706826100092,-0.9177197357201691,0.06951403693756743,4.3779932183600705,8.19707127780397,0.0,0,0,0,DIRECT_LOCAL,PASS_THROUGH,0,CORRIDOR_CLEAR,1,5,0.0,21.0,2.0,0.0,21.0,2.0,1,
527,17.6,0.033333,0.2922079265117645,21.187759399414062,2.791619062423706,2.193260172217019,0.688003420829773,-0.08560952812496951,0.22796071486886985,-0.057955396979854995,0.25030762447116695,0.0,21.0,2.0,0.398125253603047,-0.011640995860116826,-0.9172571992952109,0.06891500153973693,-0.14224055409431458,0.10207008570432663,-0.0328243188560009,0.9376410841941833,direct,SAFE_PROGRESSING,NONE,1,0,"0.286,21.193;0.143,21.096;-0.000,21.000",0,1,PASS_THROUGH,-1,0.3883087095777691,0.083706826100092,-0.9177197357201691,0.06951403693756743,4.398840673782616,8.192404922208212,0.0,0,0,0,DIRECT_LOCAL,PASS_THROUGH,0,CORRIDOR_CLEAR,1,5,0.0,21.0,2.0,0.0,21.0,2.0,1,
528,17.633333,0.033333,0.2992028295993805,21.18364715576172,2.789691209793091,2.2162606836058356,0.6765962839126587,-0.1053601198900795,0.22008637666825784,-0.057033777791756585,0.25058256098023596,0.0,21.0,2.0,0.40067785985144044,-0.02984192376159575,-0.9157328825651488,0.06946626933545064,-0.15821698307991028,0.09718223661184311,-0.03282235935330391,0.9135421514511108,direct,SAFE_PROGRESSING,NONE,1,0,"0.292,21.188;0.146,21.094;-0.000,21.000",1,1,PASS_THROUGH,-1,0.9972379551234174,-0.07427288106209962,0.0,0.06946626933545064,4.487755375898394,8.188519870728397,0.0,0,0,0,DIRECT_LOCAL,PASS_THROUGH,0,CORRIDOR_CLEAR,1,5,0.0,21.0,2.0,0.0,21.0,2.0,1,
529,17.666667,0.033333,0.30663371086120605,21.180309295654297,2.787759304046631,2.238841325188307,0.6640394926071167,-0.12466926338704225,0.21197158369788716,-0.05608703683976819,0.2522303178254423,0.0,21.0,2.0,0.4034258887939308,-0.04764185791324124,-0.9137711998226916,0.07021356309421846,-0.17363035678863525,0.09247776865959167,-0.032779496163129807,0.889594554901123,direct,SAFE_PROGRESSING,NONE,1,0,"0.299,21.184;0.150,21.092;-0.000,21.000",0,1,PASS_THROUGH,-1,0.40067785985144044,-0.02984192376159575,-0.9157328825651488,0.06946626933545064,4.607980526650722,8.185428841187177,0.0,0,0,0,DIRECT_LOCAL,PASS_THROUGH,0,CORRIDOR_CLEAR,1,5,0.0,21.0,2.0,0.0,21.0,2.0,1,
530,17.7,0.033333,0.31445226073265076,21.177753448486328,2.7858242988586426,2.2609610705071295,0.6505095362663269,-0.14356629352183933,0.203675224494239,-0.05512099206541676,0.2552120715692212,0.0,21.0,2.0,0.4063799063073519,-0.0649954532931249,-0.9113895779527266,0.07114370660455142,-0.18856896460056305,0.08792125433683395,-0.0327017717063427,0.8654394149780273,direct,SAFE_PROGRESSING,NONE,1,0,"0.307,21.180;0.153,21.090;0.000,21.000",0,1,PASS_THROUGH,-1,0.40067785985144044,-0.02984192376159575,-0.9157328825651488,0.06946626933545064,4.7135537744305065,8.18313881989609,0.0,0,0,0,DIRECT_LOCAL,PASS_THROUGH,0,CORRIDOR_CLEAR,1,5,0.0,21.0,2.0,0.0,21.0,2.0,1,
531,17.733333,0.033333,0.32261279225349426,21.17599105834961,2.783888339996338,2.2825876703047236,0.6361977458000183,-0.16204498718372842,0.1952678743940365,-0.054155283285764785,0.2594627436637125,0.0,21.0,2.0,0.4095516498452673,-0.08186659785882028,-0.9086062437954308,0.07224306547445414,-0.2030726969242096,0.08349277079105377,-0.032596953213214874,0.8407600522041321,direct,SAFE_PROGRESSING,NONE,1,0,"0.314,21.178;0.157,21.089;0.000,21.000",0,1,PASS_THROUGH,-1,0.40067785985144044,-0.02984192376159575,-0.9157328825651488,0.06946626933545064,4.720883389201397,8.181660575115897,0.0,0,0,0,DIRECT_LOCAL,PASS_THROUGH,0,CORRIDOR_CLEAR,1,5,0.0,21.0,2.0,0.0,21.0,2.0,1,
532,17.766667,0.033333,0.3310718536376953,21.175016403198242,2.781949281692505,2.3036975800694606,0.6212561130523682,-0.18008072407770986,0.18681614068124874,-0.053212481253097486,0.26487903987386335,0.0,21.0,2.0,0.4129579731034396,-0.09821970043375666,-0.9054383484793439,0.07349880715892247,-0.21720221638679504,0.07916192710399628,-0.032472122460603714,0.8152186274528503,direct,SAFE_PROGRESSING,NONE,1,0,"0.323,21.176;0.161,21.088;-0.000,21.000",0,1,PASS_THROUGH,-1,0.40067785985144044,-0.02984192376159575,-0.9157328825651488,0.06946626933545064,4.843562128563563,8.180987668613215,0.0,0,0,0,DIRECT_LOCAL,PASS_THROUGH,0,CORRIDOR_CLEAR,1,5,0.0,21.0,2.0,0.0,21.0,2.0,1,
533,17.8,0.033333,0.33978813886642456,21.17483139038086,2.780010223388672,2.324274228373483,0.6057723760604858,-0.197648095632757,0.17837124587300476,-0.052308307643587945,0.27132495298088527,0.0,21.0,2.0,0.416607935344197,-0.11403804970978487,-0.9019052896100754,0.07489707969194773,-0.2309623658657074,0.07494434714317322,-0.03233179822564125,0.7888329029083252,direct,SAFE_PROGRESSING,NONE,1,0,"0.331,21.175;0.166,21.088;-0.000,21.000",0,1,PASS_THROUGH,-1,0.40067785985144044,-0.02984192376159575,-0.9157328825651488,0.06946626933545064,4.950304486182672,8.181121228980276,0.0,0,0,0,DIRECT_LOCAL,PASS_THROUGH,0,CORRIDOR_CLEAR,1,5,0.0,21.0,2.0,0.0,21.0,2.0,1,
534,17.833333,0.033333,0.3487222194671631,21.17542839050293,2.778071165084839,2.3443048670797437,0.5897817611694336,-0.21473197601639396,0.16996633034361475,-0.05145107224938622,0.27864957887998254,0.0,21.0,2.0,0.42051441162634173,-0.12929939213884595,-0.8980252205851885,0.07642564867289334,-0.2442820966243744,0.07088784873485565,-0.03218798711895943,0.761897087097168,direct,SAFE_PROGRESSING,NONE,1,0,"0.340,21.175;0.170,21.087;-0.000,21.000",1,1,PASS_THROUGH,-1,0.9558362730047967,-0.29389967541373646,0.0,0.07642564867289334,inf,8.182052784404874,0.0,0,0,0,DIRECT_LOCAL,PASS_THROUGH,0,CORRIDOR_CLEAR,1,5,0.0,21.0,2.0,0.0,21.0,2.0,1,
535,17.866667,0.033333,0.357837051153183,21.176795959472656,2.776134490966797,2.363777144853393,0.573300302028656,-0.23132717647915202,0.16162163528353327,-0.05064470721936219,0.2867031599736479,0.0,21.0,2.0,0.4246858008596881,-0.1439902271321552,-0.8938169751345048,0.07807235273630549,-0.25714942812919617,0.06701818108558655,-0.03204794228076935,0.734550952911377,direct,SAFE_PROGRESSING,NONE,1,0,"0.349,21.175;0.174,21.088;-0.000,21.000",0,1,PASS_THROUGH,-1,0.42051441162634173,-0.12929939213884595,-0.8980252205851885,0.07642564867289334,inf,8.183770001310556,0.0,0,0,0,DIRECT_LOCAL,PASS_THROUGH,0,CORRIDOR_CLEAR,1,5,0.0,21.0,2.0,0.0,21.0,2.0,1,
536,17.9,0.033333,0.36709755659103394,21.178924560546875,2.7741990089416504,2.3826779950066075,0.5563511848449707,-0.2474324078500684,0.1533528933902408,-0.049889671880714276,0.2953453668605732,0.0,21.0,2.0,0.42912753607206233,-0.1580997383111159,-0.8892997416679471,0.07982585206907918,-0.2695522904396057,0.063369981944561,-0.03191271424293518,0.7070562839508057,direct,SAFE_PROGRESSING,NONE,1,0,"0.358,21.177;0.179,21.088;0.000,21.000",0,1,PASS_THROUGH,-1,0.42051441162634173,-0.12929939213884595,-0.8980252205851885,0.07642564867289334,inf,8.18626239034493,0.0,0,0,0,DIRECT_LOCAL,PASS_THROUGH,0,CORRIDOR_CLEAR,1,5,0.0,21.0,2.0,0.0,21.0,2.0,1,
537,17.933333,0.033333,0.3764711916446686,21.181800842285156,2.7722666263580322,2.4009935610489404,0.5389775037765503,-0.2630438971416026,0.14517906644366765,-0.04918591087135498,0.3044475438973713,0.0,21.0,2.0,0.4338484288447195,-0.1716154587361338,-0.8844906303131507,0.0816760955046211,-0.28144294023513794,0.05998029559850693,-0.03178314119577408,0.6797770261764526,direct,SAFE_PROGRESSING,NONE,1,0,"0.367,21.179;0.184,21.089;0.000,21.000",0,1,PASS_THROUGH,-1,0.42051441162634173,-0.12929939213884595,-0.8980252205851885,0.07642564867289334,inf,8.189515616479836,0.0,0,0,0,DIRECT_LOCAL,PASS_THROUGH,0,CORRIDOR_CLEAR,1,5,0.0,21.0,2.0,0.0,21.0,2.0,1,
538,17.966667,0.033333,0.3859275281429291,21.185409545898438,2.7703378200531006,2.4187107230823743,0.5212526321411133,-0.2781498965770018,0.1371269088206045,-0.04853598986225935,0.3138899431335775,0.0,21.0,2.0,0.4388535586094432,-0.184528075850863,-0.8794071544618034,0.08361389941724977,-0.2927849590778351,0.056869857013225555,-0.031659238040447235,0.6529442071914673,direct,SAFE_PROGRESSING,NONE,1,0,"0.376,21.182;0.188,21.091;0.000,21.000",0,1,PASS_THROUGH,-1,0.42051441162634173,-0.12929939213884595,-0.8980252205851885,0.07642564867289334,inf,8.193513397111067,0.0,0,0,0,DIRECT_LOCAL,PASS_THROUGH,0,CORRIDOR_CLEAR,1,5,0.0,21.0,2.0,0.0,21.0,2.0,1,
539,18.0,0.033333,0.3954387307167053,21.189729690551758,2.7684128284454346,2.4358189726680255,0.5032790899276733,-0.2927276856905292,0.12923154356951924,-0.04794657096635799,0.32355704827823767,0.0,21.0,2.0,0.4441467440828597,-0.19683094658274414,-0.8740659289709991,0.0856310123001652,-0.3035399913787842,0.05404786765575409,-0.03154486045241356,0.6266840696334839,direct,SAFE_PROGRESSING,NONE,1,0,"0.386,21.185;0.193,21.093;-0.000,21.000",0,1,PASS_THROUGH,-1,0.42051441162634173,-0.12929939213884595,-0.8980252205851885,0.07642564867289334,inf,8.198233720403028,0.0,0,0,0,DIRECT_LOCAL,PASS_THROUGH,0,CORRIDOR_CLEAR,1,5,0.0,21.0,2.0,0.0,21.0,2.0,1,
540,18.033333,0.033333,0.4049794375896454,21.194747924804688,2.766493320465088,2.452311860751444,0.4851757884025574,-0.30674389942894476,0.12153344193390242,-0.0474256587333825,0.33333375234360985,0.0,21.0,2.0,0.4497267409585799,-0.20852385632636614,-0.8684835403216088,0.08771981423320611,-0.31370919942855835,0.051506929099559784,-0.03143981471657753,0.6009250283241272,direct,SAFE_PROGRESSING,NONE,1,0,"0.395,21.190;0.198,21.095;-0.000,21.000",1,1,PASS_THROUGH,-1,0.9072229305542776,-0.42065015663435595,0.0,0.08771981423320611,inf,8.203662192060861,0.0,0,0,0,DIRECT_LOCAL,PASS_THROUGH,0,CORRIDOR_CLEAR,1,5,0.0,21.0,2.0,0.0,21.0,2.0,1,
541,18.066667,0.033333,0.4145266115665436,21.200428009033203,2.764580488204956,2.4681875474088097,0.46705836057662964,-0.3201579680488523,0.11407405324726087,-0.046978339837213216,0.3431049089466507,0.0,21.0,2.0,0.45559609926813416,-0.2196025125825099,-0.8626742900997508,0.08987437879310381,-0.32325223088264465,0.049256518483161926,-0.031343817710876465,0.5757802724838257,direct,SAFE_PROGRESSING,NONE,1,0,"0.405,21.195;0.202,21.097;-0.000,21.000",0,1,PASS_THROUGH,-1,0.4497267409585799,-0.20852385632636614,-0.8684835403216088,0.08771981423320611,inf,8.209761552890471,0.0,0,0,0,DIRECT_LOCAL,PASS_THROUGH,0,CORRIDOR_CLEAR,1,5,0.0,21.0,2.0,0.0,21.0,2.0,1,
542,18.1,0.033333,0.4240594804286957,21.20675277709961,2.7626760005950928,2.4834491060211508,0.4490295946598053,-0.3329262243308387,0.10689117208183412,-0.04660728516994737,0.35275746986722895,0.0,21.0,2.0,0.4617382014840703,-0.23008230964463955,-0.8566562695030279,0.09208771872553992,-0.3321227431297302,0.04729129374027252,-0.031259685754776,0.5513694286346436,direct,SAFE_PROGRESSING,NONE,1,0,"0.415,21.200;0.207,21.100;-0.000,21.000",0,1,PASS_THROUGH,-1,0.4497267409585799,-0.20852385632636614,-0.8684835403216088,0.08771981423320611,inf,8.216513610990482,0.0,0,0,0,DIRECT_LOCAL,PASS_THROUGH,0,CORRIDOR_CLEAR,1,5,0.0,21.0,2.0,0.0,21.0,2.0,1,
543,18.133333,0.033333,0.4335595965385437,21.21369171142578,2.7607815265655518,2.498103023477309,0.4311831295490265,-0.34500450369212127,0.10001663576642407,-0.046311895644261164,0.36218258748322724,0.0,21.0,2.0,0.4681490491774517,-0.23996549836134062,-0.8504428419067571,0.09435531861635699,-0.34033384919166565,0.04557725414633751,-0.031185172498226166,0.5275619626045227,direct,SAFE_PROGRESSING,NONE,1,0,"0.424,21.207;0.212,21.103;-0.000,21.000",0,1,PASS_THROUGH,-1,0.4497267409585799,-0.20852385632636614,-0.8684835403216088,0.08771981423320611,inf,8.223886863841447,0.0,0,0,0,DIRECT_LOCAL,PASS_THROUGH,0,CORRIDOR_CLEAR,1,5,0.0,21.0,2.0,0.0,21.0,2.0,1,
544,18.166667,0.033333,0.4430103898048401,21.22121238708496,2.758898973464966,2.5121588606961183,0.41359657049179077,-0.3563510061720414,0.09347475185518919,-0.04608671966652796,0.3712782710634124,0.0,21.0,2.0,0.47481264278692936,-0.24926588662996632,-0.8440494487956666,0.09667224447228774,-0.34790727496147156,0.044069886207580566,-0.03111986070871353,0.5041847229003906,direct,SAFE_PROGRESSING,NONE,1,0,"0.434,21.214;0.217,21.107;-0.000,21.000",0,1,PASS_THROUGH,-1,0.4497267409585799,-0.20852385632636614,-0.8684835403216088,0.08771981423320611,inf,8.231847924072632,0.0,0,0,0,DIRECT_LOCAL,PASS_THROUGH,0,CORRIDOR_CLEAR,1,5,0.0,21.0,2.0,0.0,21.0,2.0,1,
545,18.2,0.033333,0.45239701867103577,21.229286193847656,2.757030487060547,2.5256286072808307,0.3963199257850647,-0.36693000762200717,0.0872801967869703,-0.04592204116359232,0.3799530196080683,0.0,21.0,2.0,0.4817096127712176,-0.25799945361541093,-0.8374915706429248,0.09903395895850331,-0.35487496852874756,0.04272224009037018,-0.031065139919519424,0.48104673624038696,direct,SAFE_PROGRESSING,NONE,1,0,"0.443,21.221;0.222,21.111;-0.000,21.000",0,1,PASS_THROUGH,-1,0.4497267409585799,-0.20852385632636614,-0.8684835403216088,0.08771981423320611,inf,8.24036723893858,0.0,0,0,0,DIRECT_LOCAL,PASS_THROUGH,0,CORRIDOR_CLEAR,1,5,0.0,21.0,2.0,0.0,21.0,2.0,1,
546,18.233333,0.033333,0.4617064297199249,21.237878799438477,2.755178928375244,2.53852514931893,0.3793693482875824,-0.376715674037434,0.08143753129211918,-0.04580416855976149,0.3881298654134776,0.0,21.0,2.0,0.4888220975973141,-0.26617963019428964,-0.8307835827519662,0.10143672336813458,-0.361278235912323,0.04148697480559349,-0.031021825969219208,0.4579486548900604,direct,SAFE_PROGRESSING,NONE,1,0,"0.452,21.229;0.226,21.115;0.000,21.000",1,1,PASS_THROUGH,-1,0.878235681322383,-0.4782280711671051,0.0,0.10143672336813458,inf,8.249409577933047,0.0,0,0,0,DIRECT_LOCAL,PASS_THROUGH,0,CORRIDOR_CLEAR,1,5,0.0,21.0,2.0,0.0,21.0,2.0,1,
547,18.266667,0.033333,0.4709269106388092,21.246952056884766,2.7533462047576904,2.5508611283418468,0.3627271354198456,-0.3856942459102943,0.0759404314216519,-0.04571633308765963,0.3957486368438923,0.0,21.0,2.0,0.49612670108759205,-0.27382359191067696,-0.8239411004319898,0.10387668659848773,-0.3671497702598572,0.04032397270202637,-0.030989591032266617,0.43477579951286316,direct,SAFE_PROGRESSING,NONE,1,0,"0.462,21.238;0.231,21.119;-0.000,21.000",0,1,PASS_THROUGH,-1,0.4888220975973141,-0.26617963019428964,-0.8307835827519662,0.10143672336813458,inf,8.258935926848679,0.0,0,0,0,DIRECT_LOCAL,PASS_THROUGH,0,CORRIDOR_CLEAR,1,5,0.0,21.0,2.0,0.0,21.0,2.0,1,
548,18.3,0.033333,0.48004817962646484,21.25647735595703,2.751535177230835,2.5626478887595634,0.34634891152381897,-0.3938650596080904,0.070773517351571,-0.045641194784582624,0.40276754412410376,0.0,21.0,2.0,0.5035971475139978,-0.28095035059839,-0.8169803017909347,0.10634988924553321,-0.3725169599056244,0.039197683334350586,-0.03096846677362919,0.41146934032440186,direct,SAFE_PROGRESSING,NONE,1,0,"0.471,21.247;0.235,21.123;-0.000,21.000",0,1,PASS_THROUGH,-1,0.4888220975973141,-0.26617963019428964,-0.8307835827519662,0.10143672336813458,inf,8.268916835105813,0.0,0,0,0,DIRECT_LOCAL,PASS_THROUGH,0,CORRIDOR_CLEAR,1,5,0.0,21.0,2.0,0.0,21.0,2.0,1,
549,18.333333,0.033333,0.48906123638153076,21.26641273498535,2.7497472763061523,2.5738944151734793,0.3301753103733063,-0.40123909845835076,0.06591378080105394,-0.04556348482442083,0.4091619138929046,0.0,21.0,2.0,0.5112142609124162,-0.2875708629307976,-0.8099154142458388,0.10885345908723201,-0.37742412090301514,0.03807269036769867,-0.030958805233240128,0.38790053129196167,direct,SAFE_PROGRESSING,NONE,1,0,"0.480,21.256;0.240,21.128;-0.000,21.000",0,1,PASS_THROUGH,-1,0.4888220975973141,-0.26617963019428964,-0.8307835827519662,0.10143672336813458,inf,8.27930955772194,0.0,0,0,0,DIRECT_LOCAL,PASS_THROUGH,0,CORRIDOR_CLEAR,1,5,0.0,21.0,2.0,0.0,21.0,2.0,1,
550,18.366667,0.033333,0.49795809388160706,21.276731491088867,2.7479848861694336,2.5846071314568966,0.3141390085220337,-0.4078375412250083,0.06133302481861896,-0.045471415929383106,0.41492270320203584,0.0,21.0,2.0,0.5189499109365442,-0.293703942506588,-0.8027633425207206,0.11138341677169124,-0.3819141983985901,0.036922652274370193,-0.030962858349084854,0.36397626996040344,direct,SAFE_PROGRESSING,NONE,1,0,"0.489,21.266;0.245,21.133;0.000,21.000",0,1,PASS_THROUGH,-1,0.4888220975973141,-0.26617963019428964,-0.8307835827519662,0.10143672336813458,inf,8.290086620749134,0.0,0,0,0,DIRECT_LOCAL,PASS_THROUGH,0,CORRIDOR_CLEAR,1,5,0.0,21.0,2.0,0.0,21.0,2.0,1,
551,18.4,0.033333,0.5067317485809326,21.287391662597656,2.7462494373321533,2.594789658089232,0.2981680631637573,-0.4136897398783807,0.05700002585409628,-0.045357021946369355,0.42005411945111726,0.0,21.0,2.0,0.5267879036220446,-0.29935625337622845,-0.7955377666472151,0.11393727773164868,-0.38602447509765625,0.035729508846998215,-0.03098432719707489,0.3396415710449219,direct,SAFE_PROGRESSING,NONE,1,0,"0.498,21.277;0.249,21.138;-0.000,21.000",0,1,PASS_THROUGH,-1,0.4888220975973141,-0.26617963019428964,-0.8307835827519662,0.10143672336813458,inf,8.301205349819364,0.0,0,0,0,DIRECT_LOCAL,PASS_THROUGH,0,CORRIDOR_CLEAR,1,5,0.0,21.0,2.0,0.0,21.0,2.0,1,
552,18.433333,0.033333,0.5153764486312866,21.298372268676758,2.744541645050049,2.6044431382817423,0.2821911573410034,-0.4188316953862843,0.0528823661283963,-0.045216260976752846,0.4245716005153958,0.0,21.0,2.0,0.5347020078037006,-0.3045431232442313,-0.7882558270861943,0.11651112097143938,-0.3897835612297058,0.034483227878808975,-0.031028222292661667,0.3148914575576782,direct,SAFE_PROGRESSING,NONE,1,0,"0.507,21.287;0.253,21.144;-0.000,21.000",1,1,PASS_THROUGH,-1,0.8689429352421638,-0.4949122905048252,0.0,0.11651112097143938,inf,8.312644078386157,0.0,0,0,0,DIRECT_LOCAL,PASS_THROUGH,0,CORRIDOR_CLEAR,1,5,0.0,21.0,2.0,0.0,21.0,2.0,1,
553,18.466667,0.033333,0.5238873362541199,21.30963897705078,2.7428627014160156,2.6135657763538114,0.26614296436309814,-0.42330432057299094,0.048948531393845224,-0.045049544197649616,0.4284996709144496,0.0,21.0,2.0,0.5426832106288098,-0.3092649659414549,-0.7809290068519915,0.11910313086046269,-0.39320969581604004,0.033181317150592804,-0.031100662425160408,0.2897736430168152,direct,SAFE_PROGRESSING,NONE,1,0,"0.515,21.298;0.258,21.149;0.000,21.000",0,1,PASS_THROUGH,-1,0.5347020078037006,-0.3045431232442313,-0.7882558270861943,0.11651112097143938,inf,8.32436785117954,0.0,0,0,0,DIRECT_LOCAL,PASS_THROUGH,0,CORRIDOR_CLEAR,1,5,0.0,21.0,2.0,0.0,21.0,2.0,1,
554,18.5,0.033333,0.5322601199150085,21.321165084838867,2.741213083267212,2.622154291251155,0.24997079372406006,-0.42715129580472144,0.04516912296730565,-0.044861791570284366,0.4318692620691867,0.0,21.0,2.0,0.5507132544663795,-0.31352970755315895,-0.7735722550846038,0.12171018645889775,-0.39631304144859314,0.03182656317949295,-0.031207982450723648,0.2643629312515259,direct,SAFE_PROGRESSING,NONE,1,0,"0.524,21.310;0.262,21.155;-0.000,21.000",0,1,PASS_THROUGH,-1,0.5347020078037006,-0.3045431232442313,-0.7882558270861943,0.11651112097143938,inf,8.336349360112393,0.0,0,0,0,DIRECT_LOCAL,PASS_THROUGH,0,CORRIDOR_CLEAR,1,5,0.0,21.0,2.0,0.0,21.0,2.0,1,
555,18.533333,0.033333,0.5404921174049377,21.332921981811523,2.7395920753479004,2.6302032890311318,0.23363927006721497,-0.43041645745318546,0.04151878428068112,-0.044661832059960355,0.43471463690293133,0.0,21.0,2.0,0.5587808649486625,-0.3173390913870542,-0.7661983072578948,0.12432985916046009,-0.3990944027900696,0.030426986515522003,-0.03135624900460243,0.23877140879631042,direct,SAFE_PROGRESSING,NONE,1,0,"0.532,21.321;0.266,21.161;-0.000,21.000",0,1,PASS_THROUGH,-1,0.5347020078037006,-0.3045431232442313,-0.7882558270861943,0.11651112097143938,inf,8.34855948515907,0.0,0,0,0,DIRECT_LOCAL,PASS_THROUGH,0,CORRIDOR_CLEAR,1,5,0.0,21.0,2.0,0.0,21.0,2.0,1,
556,18.566667,0.033333,0.5485811233520508,21.344886779785156,2.7379987239837646,2.637707192665332,0.2171332836151123,-0.43314185325173193,0.03797659620180482,-0.0444611950652095,0.43707080063079745,0.0,21.0,2.0,0.5668746008837193,-0.3206967069303306,-0.7588193520443226,0.12695964318635827,-0.4015531539916992,0.02899225428700447,-0.03155005723237991,0.2130810022354126,direct,SAFE_PROGRESSING,NONE,1,0,"0.540,21.333;0.270,21.166;-0.000,21.000",0,1,PASS_THROUGH,-1,0.5347020078037006,-0.3045431232442313,-0.7882558270861943,0.11651112097143938,inf,8.360974851793033,0.0,0,0,0,DIRECT_LOCAL,PASS_THROUGH,0,CORRIDOR_CLEAR,1,5,0.0,21.0,2.0,0.0,21.0,2.0,1,
557,18.6,0.033333,0.5565260052680969,21.357038497924805,2.7364320755004883,2.644659648062993,0.20045720040798187,-0.4353656857719116,0.034526883340527184,-0.04427258422023253,0.4389708962270674,0.0,21.0,2.0,0.5749877552518079,-0.3236019693060297,-0.7514458375503498,0.12959755241034035,-0.4036823511123657,0.027535300701856613,-0.03179226815700531,0.1873733401298523,direct,SAFE_PROGRESSING,NONE,1,0,"0.549,21.345;0.274,21.172;0.000,21.000",0,1,PASS_THROUGH,-1,0.5347020078037006,-0.3045431232442313,-0.7882558270861943,0.11651112097143938,inf,8.37357405935359,0.0,0,0,0,DIRECT_LOCAL,PASS_THROUGH,0,CORRIDOR_CLEAR,1,5,0.0,21.0,2.0,0.0,21.0,2.0,1,
558,18.633333,0.033333,0.5643265247344971,21.36935043334961,2.7348904609680176,2.651054996298191,0.1836310178041458,-0.43712123288940125,0.03115926758710829,-0.04410828064225462,0.44044456248264774,0.0,21.0,2.0,0.5831150037689201,-0.3260538116178,-0.7440872289651775,0.13224185170210928,-0.40547358989715576,0.0260707326233387,-0.03208332136273384,0.16170871257781982,direct,SAFE_PROGRESSING,NONE,1,0,"0.557,21.357;0.278,21.179;0.000,21.000",1,1,PASS_THROUGH,-1,0.8728188870301017,-0.4880442504973648,0.0,0.13224185170210928,inf,8.386330058623948,0.0,0,0,0,DIRECT_LOCAL,PASS_THROUGH,0,CORRIDOR_CLEAR,1,5,0.0,21.0,2.0,0.0,21.0,2.0,1,
559,18.666667,0.033333,0.5719833374023438,21.381807327270508,2.7333719730377197,2.6568887048808953,0.16668559610843658,-0.4384361818581232,0.027868298649706535,-0.04397847038737251,0.44151674202636015,0.0,21.0,2.0,0.5912473040127082,-0.3280555826816729,-0.7367537988833801,0.1348902026293176,-0.4069172143936157,0.024615194648504257,-0.03242102637887001,0.1361272782087326,direct,SAFE_PROGRESSING,NONE,1,0,"0.564,21.369;0.282,21.185;-0.000,21.000",0,1,PASS_THROUGH,-1,0.5831150037689201,-0.3260538116178,-0.7440872289651775,0.13224185170210928,inf,8.399227290809202,0.0,0,0,0,DIRECT_LOCAL,PASS_THROUGH,0,CORRIDOR_CLEAR,1,5,0.0,21.0,2.0,0.0,21.0,2.0,1,
560,18.7,0.033333,0.5794978737831116,21.394390106201172,2.7318742275238037,2.6621572485241276,0.14965751767158508,-0.43933290767140204,0.024653030881791233,-0.04389010950867546,0.44220755014738344,0.0,21.0,2.0,0.5993832673788164,-0.32960473506342614,-0.7294521351055618,0.1375415244096665,-0.40800708532333374,0.02318650484085083,-0.03280056640505791,0.11063598096370697,direct,SAFE_PROGRESSING,NONE,1,0,"0.572,21.382;0.286,21.191;-0.000,21.000",0,1,PASS_THROUGH,-1,0.5831150037689201,-0.3260538116178,-0.7440872289651775,0.13224185170210928,inf,8.412246450938778,0.0,0,0,0,DIRECT_LOCAL,PASS_THROUGH,0,CORRIDOR_CLEAR,1,5,0.0,21.0,2.0,0.0,21.0,2.0,1,
561,18.733333,0.033333,0.5868722796440125,21.407073974609375,2.730395555496216,2.6668584135642313,0.1325833648443222,-0.4398288664722402,0.021516628246525525,-0.043846161872505694,0.4425323524718896,0.0,21.0,2.0,0.6075186205185877,-0.33070216951548204,-0.7221891724478744,0.14019434248050364,-0.4087413549423218,0.02180415391921997,-0.033214639872312546,0.08521821349859238,direct,SAFE_PROGRESSING,NONE,1,0,"0.579,21.394;0.290,21.197;0.000,21.000",0,1,PASS_THROUGH,-1,0.5831150037689201,-0.3260538116178,-0.7440872289651775,0.13224185170210928,inf,8.425362583815414,0.0,0,0,0,DIRECT_LOCAL,PASS_THROUGH,0,CORRIDOR_CLEAR,1,5,0.0,21.0,2.0,0.0,21.0,2.0,1,
562,18.766667,0.033333,0.5941095948219299,21.419843673706055,2.7289340496063232,2.670991219321963,0.11549493670463562,-0.43993770971200696,0.01846576665907283,-0.043845239223903314,0.44250263046399463,0.0,21.0,2.0,0.6156446872199788,-0.3313529031057438,-0.7149733370561522,0.1428465321131506,-0.4091227352619171,0.020489005371928215,-0.033654388040304184,0.05984633043408394,direct,SAFE_PROGRESSING,NONE,1,0,"0.587,21.407;0.293,21.204;-0.000,21.000",0,1,PASS_THROUGH,-1,0.5831150037689201,-0.3260538116178,-0.7440872289651775,0.13224185170210928,inf,8.438560327068926,0.0,0,0,0,DIRECT_LOCAL,PASS_THROUGH,0,CORRIDOR_CLEAR,1,5,0.0,21.0,2.0,0.0,21.0,2.0,1,
563,18.8,0.033333,0.6012136340141296,21.43268394470215,2.727487802505493,2.6745556650244247,0.09841593354940414,-0.4396706002198345,0.015510117729153512,-0.04388222563523582,0.4421271877823656,0.0,21.0,2.0,0.6237586967819779,-0.3315575113711009,-0.707809794254255,0.14549706815059524,-0.4091604948043823,0.01926262117922306,-0.03411049395799637,0.03448265418410301,direct,SAFE_PROGRESSING,NONE,1,0,"0.594,21.420;0.297,21.210;0.000,21.000",0,1,PASS_THROUGH,-1,0.5831150037689201,-0.3260538116178,-0.7440872289651775,0.13224185170210928,inf,8.45182438655978,0.0,0,0,0,DIRECT_LOCAL,PASS_THROUGH,0,CORRIDOR_CLEAR,1,5,0.0,21.0,2.0,0.0,21.0,2.0,1,
564,18.833333,0.033333,0.6081886291503906,21.445571899414062,2.7260549068450928,2.677552375078137,0.08136048913002014,-0.4390376806081454,0.01266205410448306,-0.04394922488456429,0.4414135781507846,0.0,21.0,2.0,0.6318573921557298,-0.3313174096796928,-0.7007032253538574,0.14814496005298156,-0.4088697135448456,0.01814606413245201,-0.0345742404460907,0.009089001454412937,direct,SAFE_PROGRESSING,NONE,1,0,"0.601,21.433;0.301,21.216;0.000,21.000",1,1,PASS_THROUGH,-1,0.8856329878595315,-0.4643858426082765,0.0,0.14814496005298156,inf,8.465131901649782,0.0,0,0,0,DIRECT_LOCAL,PASS_THROUGH,0,CORRIDOR_CLEAR,1,5,0.0,21.0,2.0,0.0,21.0,2.0,1,
565,18.866667,0.033333,0.6150398254394531,21.458498001098633,2.7246344089508057,2.6799822249513467,0.06433317810297012,-0.43804916230346974,0.009936579055063479,-0.044036755891862026,0.4403692088095718,0.0,21.0,2.0,0.6399325742133151,-0.330638663145864,-0.6936601292375366,0.1507882921417027,-0.4082677364349365,0.0171592328697443,-0.035038407891988754,-0.016343992203474045,direct,SAFE_PROGRESSING,NONE,1,0,"0.608,21.446;0.304,21.223;-0.000,21.000",0,1,PASS_THROUGH,-1,0.6318573921557298,-0.3313174096796928,-0.7007032253538574,0.14814496005298156,inf,8.478473422638448,0.0,0,0,0,DIRECT_LOCAL,PASS_THROUGH,0,CORRIDOR_CLEAR,1,5,0.0,21.0,2.0,0.0,21.0,2.0,1,
566,18.9,0.033333,0.6217732429504395,21.47144317626953,2.7232251167297363,2.6818463418927787,0.047331321984529495,-0.4367169449675225,0.007350276237679859,-0.044135270865117926,0.43900300536200604,0.0,21.0,2.0,0.6479834467662771,-0.32952037709320336,-0.6866831684243094,0.15342677783073394,-0.40737196803092957,0.016318868845701218,-0.0354977622628212,-0.0417933464050293,direct,SAFE_PROGRESSING,NONE,1,0,"0.615,21.458;0.308,21.229;-0.000,21.000",0,1,PASS_THROUGH,-1,0.6318573921557298,-0.3313174096796928,-0.7007032253538574,0.14814496005298156,inf,8.491830055734868,0.0,0,0,0,DIRECT_LOCAL,PASS_THROUGH,0,CORRIDOR_CLEAR,1,5,0.0,21.0,2.0,0.0,21.0,2.0,1,
567,18.933333,0.033333,0.6283952593803406,21.48438835144043,2.7218260765075684,2.683145437711214,0.03034965880215168,-0.435054532508821,0.004921396016622225,-0.044236725576209716,0.4373254557934241,0.0,21.0,2.0,0.6560034362584182,-0.3279672790135816,-0.6797771366511048,0.15605904447999294,-0.40619730949401855,0.015636852011084557,-0.035949140787124634,-0.06720910966396332,direct,SAFE_PROGRESSING,NONE,1,0,"0.622,21.471;0.311,21.236;0.000,21.000",0,1,PASS_THROUGH,-1,0.6318573921557298,-0.3313174096796928,-0.7007032253538574,0.14814496005298156,inf,8.505182954733202,0.0,0,0,0,DIRECT_LOCAL,PASS_THROUGH,0,CORRIDOR_CLEAR,1,5,0.0,21.0,2.0,0.0,21.0,2.0,1,
568,18.966667,0.033333,0.6349135637283325,21.497316360473633,2.7204370498657227,2.6838802438768448,0.01338523905724287,-0.4330776205604063,0.0026686918120151807,-0.04433551168089458,0.43534926776354815,0.0,21.0,2.0,0.6639857414897323,-0.32598419836789505,-0.6729466825185865,0.15868366986213328,-0.4047551453113556,0.015118971467018127,-0.036391355097293854,-0.09250815212726593,direct,SAFE_PROGRESSING,NONE,1,0,"0.628,21.484;0.314,21.242;0.000,21.000",0,1,PASS_THROUGH,-1,0.6318573921557298,-0.3313174096796928,-0.7007032253538574,0.14814496005298156,inf,8.518515287812818,0.0,0,0,0,DIRECT_LOCAL,PASS_THROUGH,0,CORRIDOR_CLEAR,1,5,0.0,21.0,2.0,0.0,21.0,2.0,1,
569,19.0,0.033333,0.6413362622261047,21.510215759277344,2.719057083129883,2.684051434415347,-0.0035578650422394276,-0.4308030155140121,0.0006108261823870085,-0.04442895157684573,0.4330883778431476,0.0,21.0,2.0,0.6719242595516641,-0.32357552471330076,-0.6661956688784909,0.1612995717044471,-0.40305018424987793,0.014764765277504921,-0.0368243046104908,-0.11756560206413269,direct,SAFE_PROGRESSING,NONE,1,0,"0.635,21.497;0.317,21.249;0.000,21.000",0,1,PASS_THROUGH,-1,0.6318573921557298,-0.3313174096796928,-0.7007032253538574,0.14814496005298156,inf,8.531815985910203,0.0,0,0,0,DIRECT_LOCAL,PASS_THROUGH,0,CORRIDOR_CLEAR,1,5,0.0,21.0,2.0,0.0,21.0,2.0,1,
570,19.033333,0.033333,0.6476723551750183,21.523067474365234,2.7176852226257324,2.6836599118359623,-0.020463844761252403,-0.428247796060475,-0.001234736888373172,-0.04451712415773678,0.43055716664470134,0.0,21.0,2.0,0.6798159490099522,-0.32074306721785734,-0.6595257085992775,0.1639063540270611,-0.4010829031467438,0.014567168429493904,-0.03724806755781174,-0.14222341775894165,direct,SAFE_PROGRESSING,NONE,1,0,"0.641,21.510;0.321,21.255;0.000,21.000",1,1,PASS_THROUGH,-1,0.904393004820762,-0.4267004720307599,0.0,0.1639063540270611,inf,8.545066453460185,0.0,0,0,0,DIRECT_LOCAL,PASS_THROUGH,0,CORRIDOR_CLEAR,1,5,0.0,21.0,2.0,0.0,21.0,2.0,1,
571,19.066667,0.033333,0.6539314389228821,21.535858154296875,2.7163212299346924,2.68270738142456,-0.037301287055015564,-0.4254281288114938,-0.0028528693310874505,-0.044601942125975506,0.427769289324138,0.0,21.0,2.0,0.6876530970521273,-0.3174939182403256,-0.652940142735169,0.16650274020529274,-0.398850679397583,0.014513339847326279,-0.037661656737327576,-0.16628670692443848,direct,SAFE_PROGRESSING,NONE,1,0,"0.648,21.523;0.324,21.262;-0.000,21.000",0,1,PASS_THROUGH,-1,0.6798159490099522,-0.32074306721785734,-0.6595257085992775,0.1639063540270611,inf,8.558253871167157,0.0,0,0,0,DIRECT_LOCAL,PASS_THROUGH,0,CORRIDOR_CLEAR,1,5,0.0,21.0,2.0,0.0,21.0,2.0,1,
572,19.1,0.033333,0.6601236462593079,21.548574447631836,2.7149641513824463,2.6811967869714146,-0.054020125418901443,-0.42235823605733974,-0.004231619399640106,-0.04468554142983754,0.42473660518148026,0.0,21.0,2.0,0.6954301440816639,-0.31383317833812663,-0.6464407558908594,0.1690881767999412,-0.39635026454925537,0.014585180208086967,-0.03806213289499283,-0.18954524397850037,direct,SAFE_PROGRESSING,NONE,1,0,"0.654,21.536;0.327,21.268;0.000,21.000",0,1,PASS_THROUGH,-1,0.6798159490099522,-0.32074306721785734,-0.6595257085992775,0.1639063540270611,inf,8.571365483060308,0.0,0,0,0,DIRECT_LOCAL,PASS_THROUGH,0,CORRIDOR_CLEAR,1,5,0.0,21.0,2.0,0.0,21.0,2.0,1,
573,19.133333,0.033333,0.6662593483924866,21.561201095581055,2.713613748550415,2.6791329414740086,-0.07055038958787918,-0.41904988619347955,-0.005362924021191939,-0.04476881014215486,0.42146863991804867,0.0,21.0,2.0,0.7031409344203305,-0.30976782766509114,-0.6400286862994147,0.1716621277912234,-0.3935825824737549,0.014760574325919151,-0.03844452649354935,-0.21178968250751495,direct,SAFE_PROGRESSING,NONE,1,0,"0.660,21.549;0.330,21.274;-0.000,21.000",0,1,PASS_THROUGH,-1,0.6798159490099522,-0.32074306721785734,-0.6595257085992775,0.1639063540270611,inf,8.584386673619797,0.0,0,0,0,DIRECT_LOCAL,PASS_THROUGH,0,CORRIDOR_CLEAR,1,5,0.0,21.0,2.0,0.0,21.0,2.0,1,
574,19.166667,0.033333,0.6723486185073853,21.573726654052734,2.7122690677642822,2.676523463651372,-0.08680360019207001,-0.41551209549035545,-0.006243005501148445,-0.04484991852709122,0.417972238083297,0.0,21.0,2.0,0.7107769989032612,-0.30530802892089354,-0.6337058192146513,0.17422378586194903,-0.3905540704727173,0.015015514567494392,-0.038801778107881546,-0.23282650113105774,direct,SAFE_PROGRESSING,NONE,1,0,"0.666,21.561;0.333,21.281;0.000,21.000",0,1,PASS_THROUGH,-1,0.6798159490099522,-0.32074306721785734,-0.6595257085992775,0.1639063540270611,inf,8.597306638392281,0.0,0,0,0,DIRECT_LOCAL,PASS_THROUGH,0,CORRIDOR_CLEAR,1,5,0.0,21.0,2.0,0.0,21.0,2.0,1,
575,19.2,0.033333,0.6784018874168396,21.586135864257812,2.710930109024048,2.6733789514661983,-0.10267648100852966,-0.4117523956220988,-0.006872804172640657,-0.044923740662414634,0.41425283730209606,0.0,21.0,2.0,0.7183309701596368,-0.30046422640331805,-0.6274726017615195,0.17677272848257283,-0.3872791528701782,0.015324926003813744,-0.039125651121139526,-0.25252029299736023,direct,SAFE_PROGRESSING,NONE,1,0,"0.672,21.574;0.336,21.287;-0.000,21.000",0,1,PASS_THROUGH,-1,0.6798159490099522,-0.32074306721785734,-0.6595257085992775,0.1639063540270611,inf,8.610110817720086,0.0,0,0,0,DIRECT_LOCAL,PASS_THROUGH,0,CORRIDOR_CLEAR,1,5,0.0,21.0,2.0,0.0,21.0,2.0,1,
576,19.233333,0.033333,0.6844286322593689,21.59841537475586,2.7095963954925537,2.6697134928078388,-0.11805807799100876,-0.4077778610054703,-0.007257483628664129,-0.04498209172600485,0.4103155414688354,0.0,21.0,2.0,0.7257922065737227,-0.29525184386577386,-0.621330847110223,0.17930804468511535,-0.3837791681289673,0.015664774924516678,-0.03940844535827637,-0.27081647515296936,direct,SAFE_PROGRESSING,NONE,1,0,"0.678,21.586;0.339,21.293;-0.000,21.000",1,1,PASS_THROUGH,-1,0.9262890148985142,-0.3768138278757032,0.0,0.17930804468511535,inf,8.622786512180664,0.0,0,0,0,DIRECT_LOCAL,PASS_THROUGH,0,CORRIDOR_CLEAR,1,5,0.0,21.0,2.0,0.0,21.0,2.0,1,
577,19.266667,0.033333,0.6904380321502686,21.610553741455078,2.708268642425537,2.665545273119156,-0.132840096950531,-0.4035967840206873,-0.007406767145967368,-0.045014900890149125,0.40616691836429236,0.0,21.0,2.0,0.7331500850576465,-0.2896882352221472,-0.6152817884139297,0.18182887706859172,-0.38008129596710205,0.0160151869058609,-0.039644062519073486,-0.28772735595703125,direct,SAFE_PROGRESSING,NONE,1,0,"0.684,21.598;0.342,21.299;-0.000,21.000",0,1,PASS_THROUGH,-1,0.7257922065737227,-0.29525184386577386,-0.621330847110223,0.17930804468511535,inf,8.635322926276821,0.0,0,0,0,DIRECT_LOCAL,PASS_THROUGH,0,CORRIDOR_CLEAR,1,5,0.0,21.0,2.0,0.0,21.0,2.0,1,
578,19.3,0.033333,0.696438193321228,21.622535705566406,2.706946849822998,2.660895354767059,-0.1469276398420334,-0.39922024133082695,-0.00733413016823279,-0.045012014467817905,0.40181671443584754,0.0,21.0,2.0,0.7403937779616978,-0.28379210942753774,-0.6093267532139652,0.18433453799484562,-0.3762141168117523,0.016361379995942116,-0.039829760789871216,-0.3033255636692047,direct,SAFE_PROGRESSING,NONE,1,0,"0.690,21.611;0.345,21.305;-0.000,21.000",0,1,PASS_THROUGH,-1,0.7257922065737227,-0.29525184386577386,-0.621330847110223,0.17930804468511535,inf,8.647705403981659,0.0,0,0,0,DIRECT_LOCAL,PASS_THROUGH,0,CORRIDOR_CLEAR,1,5,0.0,21.0,2.0,0.0,21.0,2.0,1,
579,19.333333,0.033333,0.7024363875389099,21.634353637695312,2.7056310176849365,2.6557879396319812,-0.160248264670372,-0.39466271600985914,-0.007056273853407133,-0.044965558823614096,0.3972786829031892,0.0,21.0,2.0,0.7475105846044505,-0.2775866755667052,-0.6034679473278901,0.18682364537944326,-0.3722071349620819,0.016694942489266396,-0.03996687009930611,-0.317714124917984,direct,SAFE_PROGRESSING,NONE,1,0,"0.696,21.623;0.348,21.311;-0.000,21.000",0,1,PASS_THROUGH,-1,0.7257922065737227,-0.29525184386577386,-0.621330847110223,0.17930804468511535,inf,8.659926857627422,0.0,0,0,0,DIRECT_LOCAL,PASS_THROUGH,0,CORRIDOR_CLEAR,1,5,0.0,21.0,2.0,0.0,21.0,2.0,1,
580,19.366667,0.033333,0.7084391713142395,21.64599609375,2.704322099685669,2.650249028058411,-0.1727573722600937,-0.3899426100216349,-0.006592049523406494,-0.04487136459442889,0.3925711828292672,0.0,21.0,2.0,0.7544910485364503,-0.27109275891553186,-0.5977055911917949,0.18929568576129668,-0.36809292435646057,0.017014799639582634,-0.04005996137857437,-0.3309704661369324,direct,SAFE_PROGRESSING,NONE,1,0,"0.702,21.634;0.351,21.317;-0.000,21.000",0,1,PASS_THROUGH,-1,0.7257922065737227,-0.29525184386577386,-0.621330847110223,0.17930804468511535,inf,8.671976359570605,0.0,0,0,0,DIRECT_LOCAL,PASS_THROUGH,0,CORRIDOR_CLEAR,1,5,0.0,21.0,2.0,0.0,21.0,2.0,1,
581,19.4,0.033333,0.7144519686698914,21.657453536987305,2.7030208110809326,2.644305890416218,-0.18443727493286133,-0.3850816671643334,-0.005961482820120125,-0.04472901587847905,0.3877165388849621,0.0,21.0,2.0,0.7613239277420867,-0.2643344254463913,-0.5920415429438108,0.19174952543280677,-0.363905131816864,0.017323821783065796,-0.04011557251214981,-0.3431437611579895,direct,SAFE_PROGRESSING,NONE,1,0,"0.708,21.646;0.354,21.323;-0.000,21.000",0,1,PASS_THROUGH,-1,0.7257922065737227,-0.29525184386577386,-0.621330847110223,0.17930804468511535,inf,8.683844816734977,0.0,0,0,0,DIRECT_LOCAL,PASS_THROUGH,0,CORRIDOR_CLEAR,1,5,0.0,21.0,2.0,0.0,21.0,2.0,1,
582,19.433333,0.033333,0.720479428768158,21.668718338012695,2.7017271518707275,2.6379858701448406,-0.19529123604297638,-0.38010450570763993,-0.0051844744694228995,-0.04454118653304309,0.38274042291420524,0.0,21.0,2.0,0.7679994772835039,-0.25733500970928047,-0.5864771910911706,0.19418411560510304,-0.3596816658973694,0.017626989632844925,-0.04014115780591965,-0.3542463183403015,direct,SAFE_PROGRESSING,NONE,1,0,"0.714,21.657;0.357,21.329;-0.000,21.000",1,1,PASS_THROUGH,-1,0.9481876044952074,-0.3177109797939632,0.0,0.19418411560510304,inf,8.695524993887698,0.0,0,0,0,DIRECT_LOCAL,PASS_THROUGH,0,CORRIDOR_CLEAR,1,5,0.0,21.0,2.0,0.0,21.0,2.0,1,
583,19.466667,0.033333,0.7265253663063049,21.679784774780273,2.700441598892212,2.6313161038294623,-0.20533546805381775,-0.3750384207552249,-0.004279661539734756,-0.04431235547084532,0.3776714410606691,0.0,21.0,2.0,0.7745096522465695,-0.2501171638140391,-0.5810130832799885,0.1965985577640439,-0.35546377301216125,0.017929937690496445,-0.04014333710074425,-0.36424875259399414,direct,SAFE_PROGRESSING,NONE,1,0,"0.720,21.669;0.360,21.334;-0.000,21.000",0,1,PASS_THROUGH,-1,0.7679994772835039,-0.25733500970928047,-0.5864771910911706,0.19418411560510304,inf,8.707011506841562,0.0,0,0,0,DIRECT_LOCAL,PASS_THROUGH,0,CORRIDOR_CLEAR,1,5,0.0,21.0,2.0,0.0,21.0,2.0,1,
584,19.5,0.033333,0.7325929403305054,21.690643310546875,2.6991636753082275,2.6243234971055593,-0.2145898938179016,-0.36991314760333266,-0.0032642634841224317,-0.04404710690370547,0.3725406552478335,0.0,21.0,2.0,0.780847597382287,-0.24270262720412206,-0.5756496021109777,0.19899210516094126,-0.35129493474960327,0.018237151205539703,-0.040127016603946686,-0.3730839192867279,direct,SAFE_PROGRESSING,NONE,1,0,"0.727,21.680;0.363,21.340;0.000,21.000",0,1,PASS_THROUGH,-1,0.7679994772835039,-0.25733500970928047,-0.5864771910911706,0.19418411560510304,inf,8.71829512766869,0.0,0,0,0,DIRECT_LOCAL,PASS_THROUGH,0,CORRIDOR_CLEAR,1,5,0.0,21.0,2.0,0.0,21.0,2.0,1,
585,19.533333,0.033333,0.7386846542358398,21.701292037963867,2.6978936195373535,2.6170338307141847,-0.22306989133358002,-0.3647607179962689,-0.002153347896383933,-0.043748808828128365,0.3673812414566054,0.0,21.0,2.0,0.7870063537851242,-0.2351147331893388,-0.5703876412924375,0.20136341262754193,-0.34721630811691284,0.018550824373960495,-0.040094658732414246,-0.3806699216365814,direct,SAFE_PROGRESSING,NONE,1,0,"0.733,21.691;0.488,21.460;0.244,21.230;0.000,21.000",0,1,PASS_THROUGH,-1,0.7679994772835039,-0.25733500970928047,-0.5864771910911706,0.19418411560510304,inf,8.729374194893762,0.0,0,0,0,DIRECT_LOCAL,PASS_THROUGH,0,CORRIDOR_CLEAR,1,5,0.0,21.0,2.0,0.0,21.0,2.0,1,
586,19.566667,0.033333,0.7448029518127441,21.71172523498535,2.6966311931610107,2.609473092392108,-0.23078076541423798,-0.3596156038612456,-0.0009605439181118176,-0.04341934369733861,0.36222858058443475,0.0,21.0,2.0,0.7929819633556172,-0.22737327964987614,-0.5652265010541614,0.20371210478663623,-0.34326687455177307,0.01887102611362934,-0.040046676993370056,-0.38691025972366333,direct,SAFE_PROGRESSING,NONE,1,0,"0.739,21.701;0.492,21.468;0.246,21.234;-0.000,21.000",0,1,PASS_THROUGH,-1,0.7679994772835039,-0.25733500970928047,-0.5864771910911706,0.19418411560510304,inf,8.740243245262423,0.0,0,0,0,DIRECT_LOCAL,PASS_THROUGH,0,CORRIDOR_CLEAR,1,5,0.0,21.0,2.0,0.0,21.0,2.0,1,
587,19.6,0.033333,0.7509498000144958,21.721942901611328,2.695375919342041,2.601666908542939,-0.23771458864212036,-0.35451452903102826,0.00030173514432596456,-0.0430592233022026,0.3571200625134046,0.0,21.0,2.0,0.7987699806552631,-0.21950046675099394,-0.5601661031337819,0.20603730217064392,-0.33948129415512085,0.01919678971171379,-0.03998110070824623,-0.3916916847229004,direct,SAFE_PROGRESSING,NONE,1,0,"0.745,21.712;0.497,21.474;0.248,21.237;-0.000,21.000",0,1,PASS_THROUGH,-1,0.7679994772835039,-0.25733500970928047,-0.5864771910911706,0.19418411560510304,inf,8.750902490761186,0.0,0,0,0,DIRECT_LOCAL,PASS_THROUGH,0,CORRIDOR_CLEAR,1,5,0.0,21.0,2.0,0.0,21.0,2.0,1,
588,19.633333,0.033333,0.757127046585083,21.73194122314453,2.694127321243286,2.5936415689297405,-0.24384896457195282,-0.3494957846739357,0.0016219252822509667,-0.04266787364144038,0.35209442140930475,0.0,21.0,2.0,0.8043683554068163,-0.2115164748229617,-0.5552047637571217,0.2083388735045666,-0.33588913083076477,0.01952541433274746,-0.039894089102745056,-0.39489954710006714,direct,SAFE_PROGRESSING,NONE,1,0,"0.751,21.722;0.501,21.481;0.250,21.241;-0.000,21.000",1,1,PASS_THROUGH,-1,0.9671216914295669,-0.2543140459479451,0.0,0.2083388735045666,inf,8.761348335932414,0.0,0,0,0,DIRECT_LOCAL,PASS_THROUGH,0,BYPASS_VISIBLE,1,5,0.0,21.0,2.0,0.0,21.0,2.0,1,
589,19.666667,0.033333,0.7633368968963623,21.74172592163086,2.692885637283325,2.585424516533118,-0.24914748966693878,-0.34459810893834203,0.0029885371630629736,-0.04224412090917834,0.34719065913363173,0.0,21.0,2.0,0.8097741380202201,-0.20344493963799626,-0.5503417137827201,0.21061617400465357,-0.3325137495994568,0.019852958619594574,-0.039780393242836,-0.3964275121688843,direct,SAFE_PROGRESSING,NONE,1,0,"0.757,21.732;0.505,21.488;0.252,21.244;0.000,21.000",0,1,PASS_THROUGH,-1,0.8043683554068163,-0.2115164748229617,-0.5552047637571217,0.2083388735045666,inf,8.771586726337642,0.0,0,0,0,DIRECT_LOCAL,PASS_THROUGH,0,BYPASS_VISIBLE,1,5,0.0,21.0,2.0,0.0,21.0,2.0,1,
590,19.7,0.033333,0.7695810794830322,21.751296997070312,2.691650390625,2.5770443598535704,-0.2535618841648102,-0.3398594864934416,0.004390215394146839,-0.04178673474339974,0.3424468947899925,0.0,21.0,2.0,0.8149874024215087,-0.19530631820629996,-0.5455739876157417,0.2128699660339631,-0.3293737471103668,0.020174384117126465,-0.03963429853320122,-0.39618611335754395,direct,SAFE_PROGRESSING,NONE,1,0,"0.763,21.742;0.509,21.494;0.254,21.247;0.000,21.000",0,1,PASS_THROUGH,-1,0.8043683554068163,-0.2115164748229617,-0.5552047637571217,0.2083388735045666,inf,8.7816178704226,0.0,0,0,0,DIRECT_LOCAL,PASS_THROUGH,0,BYPASS_VISIBLE,1,5,0.0,21.0,2.0,0.0,21.0,2.0,1,
591,19.733333,0.033333,0.7758615016937256,21.760656356811523,2.690422296524048,2.568531506858857,-0.2570357322692871,-0.3353158943000045,0.005815465739625819,-0.041294601379974566,0.337899116179832,0.0,21.0,2.0,0.8200069205407949,-0.1871258735041621,-0.5408997668057426,0.21510018277120438,-0.32648321986198425,0.020484237000346184,-0.03945014998316765,-0.39410483837127686,direct,SAFE_PROGRESSING,NONE,1,0,"0.770,21.751;0.513,21.501;0.257,21.250;-0.000,21.000",0,1,PASS_THROUGH,-1,0.8043683554068163,-0.2115164748229617,-0.5552047637571217,0.2083388735045666,inf,8.791443896871169,0.0,0,0,0,DIRECT_LOCAL,PASS_THROUGH,0,BYPASS_VISIBLE,1,5,0.0,21.0,2.0,0.0,21.0,2.0,1,
592,19.766667,0.033333,0.7821802496910095,21.769811630249023,2.6892008781433105,2.5599183518573168,-0.25950855016708374,-0.3310001725869179,0.0072529576548198485,-0.04076674854293749,0.333580046516687,0.0,21.0,2.0,0.8248319427432484,-0.17893012929897467,-0.5363173268312806,0.21730707885094058,-0.3238537609577179,0.0207771435379982,-0.03922228142619133,-0.390133798122406,direct,SAFE_PROGRESSING,NONE,1,0,"0.776,21.761;0.517,21.507;0.259,21.254;-0.000,21.000",0,1,PASS_THROUGH,-1,0.8043683554068163,-0.2115164748229617,-0.5552047637571217,0.2083388735045666,inf,8.801072657293984,0.0,0,0,0,DIRECT_LOCAL,PASS_THROUGH,0,BYPASS_VISIBLE,1,5,0.0,21.0,2.0,0.0,21.0,2.0,1,
593,19.8,0.033333,0.7885395288467407,21.77876853942871,2.6879870891571045,2.5512394909889915,-0.2609204649925232,-0.32694126509755767,0.008691394480413105,-0.04020290343944281,0.3295184434998548,0.0,21.0,2.0,0.8294639984991931,-0.1707453070596694,-0.5318228232323523,0.21949176650374375,-0.3214886784553528,0.021046092733740807,-0.03894740715622902,-0.38426673412323,direct,SAFE_PROGRESSING,NONE,1,0,"0.782,21.770;0.521,21.513;0.261,21.257;-0.000,21.000",0,1,PASS_THROUGH,-1,0.8043683554068163,-0.2115164748229617,-0.5552047637571217,0.2083388735045666,inf,8.810510116006943,0.0,0,0,0,DIRECT_LOCAL,PASS_THROUGH,0,BYPASS_VISIBLE,1,5,0.0,21.0,2.0,0.0,21.0,2.0,1,
594,19.833333,0.033333,0.7949411273002625,21.787532806396484,2.686781883239746,2.5425314041394276,-0.2612166702747345,-0.3231635495815068,0.010119806460085312,-0.03960424424636212,0.32573852462248637,0.0,21.0,2.0,0.8339039626275858,-0.1626007167097135,-0.5274136782825198,0.2216551399411047,-0.319389283657074,0.02128457836806774,-0.03862527012825012,-0.37653011083602905,direct,SAFE_PROGRESSING,NONE,1,0,"0.789,21.779;0.526,21.519;0.263,21.260;-0.000,21.000",1,1,PASS_THROUGH,-1,0.9815154180818627,-0.1913830819784924,0.0,0.2216551399411047,inf,8.819762208534422,0.0,0,0,0,DIRECT_LOCAL,PASS_THROUGH,0,BYPASS_VISIBLE,1,5,0.0,21.0,2.0,0.0,21.0,2.0,1,
595,19.866667,0.033333,0.801387369632721,21.796112060546875,2.6855852603912354,2.533832149565862,-0.2603524625301361,-0.31968701214349193,0.011527358451863213,-0.03897298874787856,0.32226008064613476,0.0,21.0,2.0,0.8381532231446629,-0.1545273283461135,-0.5230874490239902,0.22379806228152507,-0.3175608813762665,0.021488752216100693,-0.03825519606471062,-0.3669465482234955,direct,SAFE_PROGRESSING,NONE,1,0,"0.795,21.788;0.530,21.525;0.265,21.263;0.000,21.000",0,1,PASS_THROUGH,-1,0.8339039626275858,-0.1626007167097135,-0.5274136782825198,0.2216551399411047,inf,8.828836819227329,0.0,0,0,0,DIRECT_LOCAL,PASS_THROUGH,0,BYPASS_VISIBLE,1,5,0.0,21.0,2.0,0.0,21.0,2.0,1,
596,19.9,0.033333,0.8078802824020386,21.804521560668945,2.6843984127044678,2.525181211738211,-0.25829556584358215,-0.3165267764048019,0.012903679936410221,-0.03831124015598908,0.31909787880743856,0.0,21.0,2.0,0.842214572128714,-0.14655724206246423,-0.5188406203190836,0.22592176780071832,-0.3160019516944885,0.02165387198328972,-0.037837591022253036,-0.3555768132209778,direct,SAFE_PROGRESSING,NONE,1,0,"0.801,21.796;0.534,21.531;0.267,21.265;-0.000,21.000",0,1,PASS_THROUGH,-1,0.8339039626275858,-0.1626007167097135,-0.5274136782825198,0.2216551399411047,inf,8.837749416625543,0.0,0,0,0,DIRECT_LOCAL,PASS_THROUGH,0,BYPASS_VISIBLE,1,5,0.0,21.0,2.0,0.0,21.0,2.0,1,
597,19.933333,0.033333,0.8144218325614929,21.81276512145996,2.683223009109497,2.5166185843781776,-0.2550276219844818,-0.3136941246343086,0.014238974774162524,-0.037621581769544214,0.31626276361207434,0.0,21.0,2.0,0.8460928257081498,-0.13871941304101748,-0.5146686844279083,0.228028550166438,-0.3147090971469879,0.0217770766466856,-0.03737524896860123,-0.34251856803894043,direct,SAFE_PROGRESSING,NONE,1,0,"0.808,21.805;0.539,21.536;0.269,21.268;-0.000,21.000",0,1,PASS_THROUGH,-1,0.8339039626275858,-0.1626007167097135,-0.5274136782825198,0.2216551399411047,inf,8.84650406237127,0.0,0,0,0,DIRECT_LOCAL,PASS_THROUGH,0,BYPASS_VISIBLE,1,5,0.0,21.0,2.0,0.0,21.0,2.0,1,
598,19.966667,0.033333,0.821013867855072,21.82085418701172,2.6820592880249023,2.508185040747794,-0.25054576992988586,-0.3111962900725826,0.01552420454489371,-0.036907647785570444,0.31376154376652715,0.0,21.0,2.0,0.8497905980538452,-0.1310496463817986,-0.5105702005038031,0.23011910516205694,-0.3136746883392334,0.0218561589717865,-0.036871835589408875,-0.3279085159301758,direct,SAFE_PROGRESSING,NONE,1,0,"0.814,21.813;0.543,21.542;0.271,21.271;-0.000,21.000",0,1,PASS_THROUGH,-1,0.8339039626275858,-0.1626007167097135,-0.5274136782825198,0.2216551399411047,inf,8.855112416089222,0.0,0,0,0,DIRECT_LOCAL,PASS_THROUGH,0,BYPASS_VISIBLE,1,5,0.0,21.0,2.0,0.0,21.0,2.0,1,
599,20.0,0.033333,0.827658474445343,21.828800201416016,2.680908203125,2.4999211433710666,-0.24486516416072845,-0.30903692484602174,0.01675099343827407,-0.03617539455075906,0.3115976185248501,0.0,21.0,2.0,0.8533134903367581,-0.12358015719580318,-0.5065412440826117,0.23219520818010136,-0.31287625432014465,0.021887281909585,-0.03633655235171318,-0.31196027994155884,direct,SAFE_PROGRESSING,NONE,1,0,"0.821,21.821;0.547,21.547;0.274,21.274;0.000,21.000",0,1,PASS_THROUGH,-1,0.8339039626275858,-0.1626007167097135,-0.5274136782825198,0.2216551399411047,inf,8.863586160706292,0.0,0,0,0,DIRECT_LOCAL,PASS_THROUGH,0,BYPASS_VISIBLE,1,5,0.0,21.0,2.0,0.0,21.0,2.0,1,
600,20.033333,0.033333,0.8343566656112671,21.83661651611328,2.6797702312469482,2.4918661764743204,-0.23802269995212555,-0.3072155397177335,0.017911945242185246,-0.03543398140563713,0.30977054841393886,0.0,21.0,2.0,0.856667631309616,-0.11634253412118783,-0.5025783364020301,0.23425868813671955,-0.31229203939437866,0.021869493648409843,-0.03578019142150879,-0.2948929965496063,direct,SAFE_PROGRESSING,NONE,1,0,"0.828,21.829;0.552,21.553;0.276,21.276;-0.000,21.000",1,1,PASS_THROUGH,-1,0.9909036959854829,-0.13457289950918683,0.0,0.23425868813671955,inf,8.871938792887775,0.0,0,0,0,DIRECT_LOCAL,PASS_THROUGH,0,BYPASS_VISIBLE,1,5,0.0,21.0,2.0,0.0,21.0,2.0,1,
601,20.066667,0.033333,0.841110110282898,21.84431266784668,2.6786460876464844,2.4840581133177113,-0.23007935285568237,-0.3057270170368611,0.01900044663847381,-0.03469466162306949,0.30827543765901627,0.0,21.0,2.0,0.8598602567985918,-0.1093660544889819,-0.4986776563109409,0.2363115097055982,-0.3119044899940491,0.021806061267852783,-0.035213615745306015,-0.27695345878601074,direct,SAFE_PROGRESSING,NONE,1,0,"0.834,21.837;0.556,21.558;0.278,21.279;-0.000,21.000",0,1,PASS_THROUGH,-1,0.856667631309616,-0.11634253412118783,-0.5025783364020301,0.23425868813671955,inf,8.88018006515806,0.0,0,0,0,DIRECT_LOCAL,PASS_THROUGH,0,BYPASS_VISIBLE,1,5,0.0,21.0,2.0,0.0,21.0,2.0,1,
602,20.1,0.033333,0.8479200005531311,21.851900100708008,2.677536725997925,2.4765324927614656,-0.2211199551820755,-0.30456143088157567,0.020010790474785815,-0.033969367053795614,0.30710261284152895,0.0,21.0,2.0,0.8628984510075988,-0.10268040767082315,-0.4948363336793694,0.23835520541464886,-0.31169381737709045,0.021701570600271225,-0.03464720770716667,-0.2583999037742615,direct,SAFE_PROGRESSING,NONE,1,0,"0.841,21.844;0.561,21.563;0.280,21.281;-0.000,21.000",0,1,PASS_THROUGH,-1,0.856667631309616,-0.11634253412118783,-0.5025783364020301,0.23425868813671955,inf,8.888321592751142,0.0,0,0,0,DIRECT_LOCAL,PASS_THROUGH,0,BYPASS_VISIBLE,1,5,0.0,21.0,2.0,0.0,21.0,2.0,1,
603,20.133333,0.033333,0.854787290096283,21.859392166137695,2.676441192626953,2.4693215658883787,-0.2112518697977066,-0.30370433174353767,0.02093828885486596,-0.03327059486215024,0.3062379230964708,0.0,21.0,2.0,0.865790175601167,-0.09631142854550706,-0.4910514031789587,0.24039152305556333,-0.3116278052330017,0.021560419350862503,-0.03409411013126373,-0.23955242335796356,direct,SAFE_PROGRESSING,NONE,1,0,"0.848,21.852;0.565,21.568;0.283,21.284;0.000,21.000",0,1,PASS_THROUGH,-1,0.856667631309616,-0.11634253412118783,-0.5025783364020301,0.23425868813671955,inf,8.896376872219827,0.0,0,0,0,DIRECT_LOCAL,PASS_THROUGH,0,BYPASS_VISIBLE,1,5,0.0,21.0,2.0,0.0,21.0,2.0,1,
604,20.166667,0.033333,0.8617123365402222,21.86680030822754,2.6753594875335693,2.4624534601084704,-0.2006046622991562,-0.30313704067492137,0.021779599501511433,-0.03261134219084271,0.30566307598904285,0.0,21.0,2.0,0.8685447707906082,-0.09028052095818562,-0.48731859052144577,0.2424224582441971,-0.3116782605648041,0.02139069139957428,-0.03356663137674332,-0.22069793939590454,direct,SAFE_PROGRESSING,NONE,1,0,"0.855,21.859;0.570,21.573;0.285,21.286;0.000,21.000",0,1,PASS_THROUGH,-1,0.856667631309616,-0.11634253412118783,-0.5025783364020301,0.23425868813671955,inf,8.904357448789128,0.0,0,0,0,DIRECT_LOCAL,PASS_THROUGH,0,BYPASS_VISIBLE,1,5,0.0,21.0,2.0,0.0,21.0,2.0,1,
605,20.2,0.033333,0.8686954379081726,21.874134063720703,2.674290895462036,2.455951671487805,-0.18932780623435974,-0.30283712045976013,0.02253292487759413,-0.03200398532842229,0.3053560369614467,0.0,21.0,2.0,0.8711711900829107,-0.08460574811008342,-0.4836348053606754,0.24444966150837405,-0.3118218779563904,0.021204087883234024,-0.03307542949914932,-0.20210203528404236,direct,SAFE_PROGRESSING,NONE,1,0,"0.862,21.867;0.574,21.578;0.287,21.289;-0.000,21.000",0,1,PASS_THROUGH,-1,0.856667631309616,-0.11634253412118783,-0.5025783364020301,0.23425868813671955,inf,8.912272961948334,0.0,0,0,0,DIRECT_LOCAL,PASS_THROUGH,0,BYPASS_VISIBLE,1,5,0.0,21.0,2.0,0.0,21.0,2.0,1,
606,20.233333,0.033333,0.8757362961769104,21.881404876708984,2.673234224319458,2.4498345820979757,-0.177585169672966,-0.3027788807155464,0.023198072707918033,-0.031459051603389084,0.30529145600967206,0.0,21.0,2.0,0.8736784571939825,-0.07930167494930757,-0.4799970810175586,0.24647451188302144,-0.3120388984680176,0.02101391740143299,-0.03262902796268463,-0.18400107324123383,direct,SAFE_PROGRESSING,NONE,1,0,"0.869,21.874;0.579,21.583;0.290,21.291;-0.000,21.000",1,1,PASS_THROUGH,-1,0.9959059040438389,-0.090395963906714,0.0,0.24647451188302144,inf,8.920134898169971,0.0,0,0,0,DIRECT_LOCAL,PASS_THROUGH,0,BYPASS_VISIBLE,1,5,0.0,21.0,2.0,0.0,21.0,2.0,1,
607,20.266667,0.033333,0.8828341960906982,21.888622283935547,2.6721880435943604,2.444114759313271,-0.16554827988147736,-0.3029346072184282,0.02377682826425282,-0.030984418950055045,0.3054418897770305,0.0,21.0,2.0,0.8760760643297734,-0.07437653256454302,-0.47640199507572445,0.24849858085132262,-0.3123120367527008,0.02083401009440422,-0.03223375231027603,-0.1665932536125183,direct,SAFE_PROGRESSING,NONE,1,0,"0.876,21.881;0.584,21.588;0.292,21.294;0.000,21.000",0,1,PASS_THROUGH,-1,0.8736784571939825,-0.07930167494930757,-0.4799970810175586,0.24647451188302144,inf,8.927952804689081,0.0,0,0,0,DIRECT_LOCAL,PASS_THROUGH,0,BYPASS_VISIBLE,1,5,0.0,21.0,2.0,0.0,21.0,2.0,1,
608,20.3,0.033333,0.889988124370575,21.895801544189453,2.6711506843566895,2.4387992225665225,-0.15338942408561707,-0.3032754939936512,0.02427300630216732,-0.030584880376169677,0.30577874190280585,0.0,21.0,2.0,0.8783730871556843,-0.06983435601169369,-0.4728465739338974,0.2505231152044807,-0.31262755393981934,0.020676860585808754,-0.03189364820718765,-0.15004321932792664,direct,SAFE_PROGRESSING,NONE,1,0,"0.883,21.889;0.589,21.592;0.294,21.296;0.000,21.000",0,1,PASS_THROUGH,-1,0.8736784571939825,-0.07930167494930757,-0.4799970810175586,0.24647451188302144,inf,8.935741897991464,0.0,0,0,0,DIRECT_LOCAL,PASS_THROUGH,0,BYPASS_VISIBLE,1,5,0.0,21.0,2.0,0.0,21.0,2.0,1,
609,20.333333,0.033333,0.8971967101097107,21.902942657470703,2.6701204776763916,2.4338890024165565,-0.14127475023269653,-0.30377313973853165,0.024692547779314407,-0.030262473417901357,0.3062738311377719,0.0,21.0,2.0,0.8805792434901474,-0.06567090999912584,-0.46932667462462263,0.25255013506968177,-0.31297120451927185,0.020551953464746475,-0.03161100298166275,-0.1344829797744751,direct,SAFE_PROGRESSING,NONE,1,0,"0.890,21.896;0.593,21.597;0.297,21.299;0.000,21.000",0,1,PASS_THROUGH,-1,0.8736784571939825,-0.07930167494930757,-0.4799970810175586,0.24647451188302144,inf,8.94350216039523,0.0,0,0,0,DIRECT_LOCAL,PASS_THROUGH,0,BYPASS_VISIBLE,1,5,0.0,21.0,2.0,0.0,21.0,2.0,1,
610,20.366667,0.033333,0.9044582843780518,21.91006088256836,2.669095754623413,2.4293799496991126,-0.1293592005968094,-0.3044002227013563,0.025042946063078768,-0.030016929950078857,0.3069000827822983,0.0,21.0,2.0,0.8827015622588711,-0.06188448574817673,-0.4658414563018539,0.2545794476631563,-0.3133331537246704,0.020468365401029587,-0.03138630837202072,-0.11999168246984482,direct,SAFE_PROGRESSING,NONE,1,0,"0.897,21.903;0.598,21.602;0.299,21.301;-0.000,21.000",0,1,PASS_THROUGH,-1,0.8736784571939825,-0.07930167494930757,-0.4799970810175586,0.24647451188302144,inf,8.951248739951769,0.0,0,0,0,DIRECT_LOCAL,PASS_THROUGH,0,BYPASS_VISIBLE,1,5,0.0,21.0,2.0,0.0,21.0,2.0,1,
611,20.4,0.033333,0.9117708206176758,21.917156219482422,2.6680750846862793,2.42526289191587,-0.11778132617473602,-0.3051310238570348,0.025333066943372763,-0.029845675935985985,0.30763203729923116,0.0,21.0,2.0,0.8847488296742351,-0.05846126339327895,-0.46238705547683023,0.25661298471910493,-0.3137015700340271,0.020430462434887886,-0.03121732547879219,-0.10660955309867859,direct,SAFE_PROGRESSING,NONE,1,0,"0.904,21.910;0.603,21.607;0.301,21.303;0.000,21.000",0,1,PASS_THROUGH,-1,0.8736784571939825,-0.07930167494930757,-0.4799970810175586,0.24647451188302144,inf,8.958981549884944,0.0,0,0,0,DIRECT_LOCAL,PASS_THROUGH,0,BYPASS_VISIBLE,1,5,0.0,21.0,2.0,0.0,21.0,2.0,1,
612,20.433333,0.033333,0.9191323518753052,21.924245834350586,2.6670565605163574,2.421524696052461,-0.10665933787822723,-0.3059417746267511,0.025572190143086503,-0.029744192714776154,0.3084461433876805,0.0,21.0,2.0,0.8867270404778369,-0.055390918706407555,-0.45896296344070825,0.25865046377419226,-0.31406405568122864,0.02043868973851204,-0.03109993413090706,-0.0943429246544838,direct,SAFE_PROGRESSING,NONE,1,0,"0.912,21.917;0.608,21.611;0.304,21.306;-0.000,21.000",1,1,PASS_THROUGH,-1,0.9980546465842276,-0.062345187718317985,0.0,0.25865046377419226,inf,8.96671759712739,0.0,0,0,0,DIRECT_LOCAL,PASS_THROUGH,0,BYPASS_VISIBLE,1,5,0.0,21.0,2.0,0.0,21.0,2.0,1,
613,20.466667,0.033333,0.9265408515930176,21.931316375732422,2.666039228439331,2.418148250348482,-0.09608826041221619,-0.3068104167088189,0.02576959961066406,-0.029706469389244487,0.30932051077920325,0.0,21.0,2.0,0.8886441169650918,-0.05265125573817392,-0.45556501034706975,0.2606940461597265,-0.31440919637680054,0.020490212365984917,-0.031028183177113533,-0.08317252993583679,direct,SAFE_PROGRESSING,NONE,1,0,"0.919,21.924;0.613,21.616;0.306,21.308;-0.000,21.000",0,1,PASS_THROUGH,-1,0.8867270404778369,-0.055390918706407555,-0.45896296344070825,0.25865046377419226,inf,8.97444348846399,0.0,0,0,0,DIRECT_LOCAL,PASS_THROUGH,0,BYPASS_VISIBLE,1,5,0.0,21.0,2.0,0.0,21.0,2.0,1,
614,20.5,0.033333,0.9339940547943115,21.938386917114258,2.6650197505950928,2.4151140385575025,-0.08613917976617813,-0.30771624096693784,0.02593366490517133,-0.02972534726188838,0.3102344858330164,0.0,21.0,2.0,0.8905031426032679,-0.05023223402040994,-0.45219561660748403,0.26274155677228433,-0.31472310423851013,0.02057868055999279,-0.030995067209005356,-0.07306760549545288,direct,SAFE_PROGRESSING,NONE,1,0,"0.927,21.931;0.618,21.621;0.309,21.310;-0.000,21.000",0,1,PASS_THROUGH,-1,0.8867270404778369,-0.055390918706407555,-0.45896296344070825,0.25865046377419226,inf,8.982178089408091,0.0,0,0,0,DIRECT_LOCAL,PASS_THROUGH,0,BYPASS_VISIBLE,1,5,0.0,21.0,2.0,0.0,21.0,2.0,1,
615,20.533333,0.033333,0.9414895176887512,21.945457458496094,2.66399884223938,2.4124005024273827,-0.07686027884483337,-0.3086395753106174,0.02607141020061554,-0.029793240247986928,0.3111683516076811,0.0,21.0,2.0,0.8923115029215001,-0.04810631602646531,-0.4488496007710552,0.2647953852016549,-0.3149886429309845,0.020695693790912628,-0.030993185937404633,-0.06398425251245499,direct,SAFE_PROGRESSING,NONE,1,0,"0.934,21.938;0.623,21.626;0.311,21.313;-0.000,21.000",0,1,PASS_THROUGH,-1,0.8867270404778369,-0.055390918706407555,-0.45896296344070825,0.25865046377419226,inf,8.98992124947306,0.0,0,0,0,DIRECT_LOCAL,PASS_THROUGH,0,BYPASS_VISIBLE,1,5,0.0,21.0,2.0,0.0,21.0,2.0,1,
616,20.566667,0.033333,0.9490251541137695,21.95252799987793,2.6629745960235596,2.4099844542628683,-0.06827913224697113,-0.3095612096923327,0.02618805722457942,-0.02990243881231614,0.31210272785463206,0.0,21.0,2.0,0.8940725033358351,-0.04625323915236368,-0.44552777314855185,0.2668551905242759,-0.3151870369911194,0.02083083800971508,-0.031015295535326004,-0.055872827768325806,direct,SAFE_PROGRESSING,NONE,1,0,"0.941,21.945;0.628,21.630;0.314,21.315;0.000,21.000",0,1,PASS_THROUGH,-1,0.8867270404778369,-0.055390918706407555,-0.45896296344070825,0.25865046377419226,inf,8.997672845792406,0.0,0,0,0,DIRECT_LOCAL,PASS_THROUGH,0,BYPASS_VISIBLE,1,5,0.0,21.0,2.0,0.0,21.0,2.0,1,
617,20.6,0.033333,0.9565982818603516,21.959604263305664,2.6619467735290527,2.4078425978247737,-0.060405563563108444,-0.31046195726918596,0.026286842909283785,-0.03004557630553896,0.31301814911771975,0.0,21.0,2.0,0.8957897431660471,-0.04465264361759286,-0.44222943983464935,0.26892068226093085,-0.31530386209487915,0.02097434550523758,-0.03105386160314083,-0.04867592453956604,direct,SAFE_PROGRESSING,NONE,1,0,"0.949,21.953;0.633,21.635;0.316,21.318;-0.000,21.000",0,1,PASS_THROUGH,-1,0.8867270404778369,-0.055390918706407555,-0.45896296344070825,0.25865046377419226,inf,9.005438388922023,0.0,0,0,0,DIRECT_LOCAL,PASS_THROUGH,0,BYPASS_VISIBLE,1,5,0.0,21.0,2.0,0.0,21.0,2.0,1,
618,20.633333,0.033333,0.9642062187194824,21.966699600219727,2.6609151363372803,2.405951212543094,-0.053234849125146866,-0.31132242597895304,0.02636899173691209,-0.030215390468579063,0.3138948015877465,0.0,21.0,2.0,0.8974666099612787,-0.04328063165678364,-0.4389538368985969,0.2709922962013926,-0.3153254985809326,0.021117232739925385,-0.031102357432246208,-0.04234056547284126,direct,SAFE_PROGRESSING,NONE,1,0,"0.957,21.960;0.638,21.640;0.319,21.320;-0.000,21.000",1,1,PASS_THROUGH,-1,0.9988391827092102,-0.048169358359822834,0.0,0.2709922962013926,inf,9.013230974727257,0.0,0,0,0,DIRECT_LOCAL,PASS_THROUGH,0,BYPASS_VISIBLE,1,5,0.0,21.0,2.0,0.0,21.0,2.0,1,
619,20.666667,0.033333,0.9718459248542786,21.97379493713379,2.659879446029663,2.4042873671761495,-0.04675093665719032,-0.31212302954909443,0.02643400206809594,-0.030404797144967393,0.314712557311696,0.0,21.0,2.0,0.8991069168346517,-0.04211037142045376,-0.43569882799810006,0.273071547348478,-0.3152385652065277,0.021250862628221512,-0.031154872849583626,-0.036812521517276764,direct,SAFE_PROGRESSING,NONE,1,0,"0.964,21.967;0.643,21.644;0.321,21.322;0.000,21.000",0,1,PASS_THROUGH,-1,0.8974666099612787,-0.04328063165678364,-0.4389538368985969,0.2709922962013926,inf,9.021031381532115,0.0,0,0,0,DIRECT_LOCAL,PASS_THROUGH,0,BYPASS_VISIBLE,1,5,0.0,21.0,2.0,0.0,21.0,2.0,1,
620,20.7,0.033333,0.9795142412185669,21.98089027404785,2.658839225769043,2.4028283632323117,-0.040929555892944336,-0.3128445111821727,0.026480043138415017,-0.03060707498082512,0.31545153970191164,0.0,21.0,2.0,0.900710554914324,-0.04112990277729206,-0.4324682963680239,0.27515530750783407,-0.31503215432167053,0.021367819979786873,-0.031206682324409485,-0.0320449061691761,direct,SAFE_PROGRESSING,NONE,1,0,"0.972,21.974;0.648,21.649;0.324,21.325;-0.000,21.000",0,1,PASS_THROUGH,-1,0.8974666099612787,-0.04328063165678364,-0.4389538368985969,0.2709922962013926,inf,9.028839355146387,0.0,0,0,0,DIRECT_LOCAL,PASS_THROUGH,0,BYPASS_VISIBLE,1,5,0.0,21.0,2.0,0.0,21.0,2.0,1,
621,20.733333,0.033333,0.9872073531150818,21.98799705505371,2.6577951908111572,2.401552717684805,-0.03574112802743912,-0.31346823027814225,0.026504410494248905,-0.030815876513693958,0.31609244441249357,0.0,21.0,2.0,0.9022794092493429,-0.04031927838303978,-0.4292624179162762,0.2772431336189702,-0.31470203399658203,0.021463913843035698,-0.031253792345523834,-0.027985218912363052,direct,SAFE_PROGRESSING,NONE,1,0,"0.980,21.981;0.653,21.654;0.327,21.327;-0.000,21.000",0,1,PASS_THROUGH,-1,0.8974666099612787,-0.04328063165678364,-0.4389538368985969,0.2709922962013926,inf,9.036665956870642,0.0,0,0,0,DIRECT_LOCAL,PASS_THROUGH,0,BYPASS_VISIBLE,1,5,0.0,21.0,2.0,0.0,21.0,2.0,1,
622,20.766667,0.033333,0.9949213266372681,21.9951171875,2.656748056411743,2.400439947382235,-0.031152907758951187,-0.3139768494641476,0.026503784130489885,-0.031025374396390124,0.3166172554190686,0.0,21.0,2.0,0.9038159933131935,-0.03965381322463701,-0.42608006915136365,0.27933610857454794,-0.3142361044883728,0.02153383381664753,-0.03129389509558678,-0.024589290842413902,direct,SAFE_PROGRESSING,NONE,1,0,"0.987,21.988;0.658,21.659;0.329,21.329;-0.000,21.000",0,1,PASS_THROUGH,-1,0.8974666099612787,-0.04328063165678364,-0.4389538368985969,0.2709922962013926,inf,9.044512732734006,0.0,0,0,0,DIRECT_LOCAL,PASS_THROUGH,0,BYPASS_VISIBLE,1,5,0.0,21.0,2.0,0.0,21.0,2.0,1,
623,20.8,0.033333,1.0026519298553467,22.00223731994629,2.655698537826538,2.3994703649793765,-0.02713066153228283,-0.3143545225822267,0.0264749624282849,-0.031230767803845875,0.3170095430126616,0.0,21.0,2.0,0.9053216014685499,-0.03911379147481503,-0.4229218713082653,0.2814339469968448,-0.3136306405067444,0.0215743575245142,-0.031325411051511765,-0.02181391231715679,direct,SAFE_PROGRESSING,NONE,1,0,"0.995,21.995;0.663,21.663;0.332,21.332;0.000,21.000",0,1,PASS_THROUGH,-1,0.8974666099612787,-0.04328063165678364,-0.4389538368985969,0.2709922962013926,inf,9.05236600492486,0.0,0,0,0,DIRECT_LOCAL,PASS_THROUGH,0,BYPASS_VISIBLE,1,5,0.0,21.0,2.0,0.0,21.0,2.0,1,
624,20.833333,0.033333,1.0103944540023804,22.009357452392578,2.654646396636963,2.3986258462863006,-0.02364005148410797,-0.3145872147058954,0.02641478426570222,-0.03142785144093114,0.3172547341339606,0.0,21.0,2.0,0.9067958429338114,-0.03868754981233907,-0.4197911060604741,0.28353416287535943,-0.31288784742355347,0.021585464477539062,-0.03134698048233986,-0.01960277557373047,direct,SAFE_PROGRESSING,NONE,1,0,"1.003,22.002;0.668,21.668;0.334,21.334;-0.000,21.000",1,1,PASS_THROUGH,-1,0.9990911315548593,-0.042625237224335255,0.0,0.28353416287535943,inf,9.060225323641893,0.0,0,0,0,DIRECT_LOCAL,PASS_THROUGH,0,BYPASS_VISIBLE,1,5,0.0,21.0,2.0,0.0,21.0,2.0,1,
625,20.866667,0.033333,1.018143892288208,22.016477584838867,2.6535942554473877,2.39788917675877,-0.020646708086133003,-0.3146629157241682,0.026320588253221394,-0.0316128758817,0.3173403501282848,0.0,21.0,2.0,0.9082398411042576,-0.038357874428720184,-0.4166882101766543,0.28563609151360436,-0.31200963258743286,0.02156788855791092,-0.03135792165994644,-0.01790432631969452,direct,SAFE_PROGRESSING,NONE,1,0,"1.010,22.009;0.674,21.673;0.337,21.336;-0.000,21.000",0,1,PASS_THROUGH,-1,0.9067958429338114,-0.03868754981233907,-0.4197911060604741,0.28353416287535943,inf,9.068090195910209,0.0,0,0,0,DIRECT_LOCAL,PASS_THROUGH,0,BYPASS_VISIBLE,1,5,0.0,21.0,2.0,0.0,21.0,2.0,1,
626,20.9,0.033333,1.025895357131958,22.023597717285156,2.6525421142578125,2.3972444721889947,-0.018116028979420662,-0.3145719842172591,0.02619028982228829,-0.031782343181561534,0.31725633464671665,0.0,21.0,2.0,0.909653922602943,-0.03810853309936979,-0.41361513608437145,0.28773902522137235,-0.3109950125217438,0.021521486341953278,-0.03135767579078674,-0.01667553372681141,direct,SAFE_PROGRESSING,NONE,1,0,"1.018,22.016;0.679,21.678;0.339,21.339;0.000,21.000",0,1,PASS_THROUGH,-1,0.9067958429338114,-0.03868754981233907,-0.4197911060604741,0.28353416287535943,inf,9.07596012704244,0.0,0,0,0,DIRECT_LOCAL,PASS_THROUGH,0,BYPASS_VISIBLE,1,5,0.0,21.0,2.0,0.0,21.0,2.0,1,
627,20.933333,0.033333,1.033643364906311,22.030717849731445,2.6514899730682373,2.396676642240295,-0.01601376011967659,-0.314307211602003,0.026022694829262862,-0.03193384815730554,0.3169952279914273,0.0,21.0,2.0,0.9110390101657615,-0.03792404685069317,-0.4105723914569221,0.28984227232177784,-0.3098445534706116,0.02144860476255417,-0.03134734556078911,-0.01587260328233242,direct,SAFE_PROGRESSING,NONE,1,0,"1.026,22.024;0.684,21.682;0.342,21.341;0.000,21.000",0,1,PASS_THROUGH,-1,0.9067958429338114,-0.03868754981233907,-0.4197911060604741,0.28353416287535943,inf,9.08383454776683,0.0,0,0,0,DIRECT_LOCAL,PASS_THROUGH,0,BYPASS_VISIBLE,1,5,0.0,21.0,2.0,0.0,21.0,2.0,1,
628,20.966667,0.033333,1.0413825511932373,22.03782081604004,2.650437831878662,2.3961721193218546,-0.014306415803730488,-0.3138636331220878,0.0258174176399026,-0.03206559477209372,0.3165519256271834,0.0,21.0,2.0,0.9123959204902564,-0.037790016467166676,-0.40756054633409877,0.29194505589715714,-0.3085647523403168,0.021350618451833725,-0.031326524913311005,-0.015451867133378983,direct,SAFE_PROGRESSING,NONE,1,0,"1.034,22.031;0.689,21.687;0.345,21.344;-0.000,21.000",0,1,PASS_THROUGH,-1,0.9067958429338114,-0.03868754981233907,-0.4197911060604741,0.28353416287535943,inf,9.091695811550032,0.0,0,0,0,DIRECT_LOCAL,PASS_THROUGH,0,BYPASS_VISIBLE,1,5,0.0,21.0,2.0,0.0,21.0,2.0,1,
629,21.0,0.033333,1.0491077899932861,22.0449161529541,2.6493873596191406,2.395718305539882,-0.012961496599018574,-0.3132383592617861,0.02557488736236992,-0.032176264296596084,0.3159234979559104,0.0,21.0,2.0,0.9137238924020326,-0.03770046018527956,-0.40458290096777055,0.2940441915179246,-0.3071584105491638,0.02122986875474453,-0.03129607066512108,-0.015371760353446007,direct,SAFE_PROGRESSING,NONE,1,0,"1.041,22.038;0.694,21.692;0.347,21.346;-0.000,21.000",0,1,PASS_THROUGH,-1,0.9067958429338114,-0.03868754981233907,-0.4197911060604741,0.28353416287535943,inf,9.099552845294827,0.0,0,0,0,DIRECT_LOCAL,PASS_THROUGH,0,BYPASS_VISIBLE,1,5,0.0,21.0,2.0,0.0,21.0,2.0,1,
630,21.033333,0.033333,1.0568139553070068,22.0519962310791,2.64833927154541,2.3953037347157027,-0.011947384104132652,-0.31243048827208714,0.025296318859419492,-0.032265328506015746,0.3151091321643555,0.0,21.0,2.0,0.9150242277338311,-0.037638727554451856,-0.401639127635976,0.2961402992994365,-0.3056274354457855,0.02108887955546379,-0.03125686198472977,-0.015592164359986782,direct,SAFE_PROGRESSING,NONE,1,0,"1.049,22.045;0.699,21.697;0.350,21.348;-0.000,21.000",1,1,PASS_THROUGH,-1,0.9991550636676811,-0.04109937648227846,0.0,0.2961402992994365,inf,9.107397487274362,0.0,0,0,0,DIRECT_LOCAL,PASS_THROUGH,0,BYPASS_VISIBLE,1,5,0.0,21.0,2.0,0.0,21.0,2.0,1,
631,21.066667,0.033333,1.06449556350708,22.05906105041504,2.647294521331787,2.3949179260202302,-0.011233460158109665,-0.31144079063282937,0.024983463776973976,-0.03233262996264818,0.31410975548778924,0.0,21.0,2.0,0.916296872800908,-0.03759658094951274,-0.39873116005171116,0.2982315748767239,-0.30397772789001465,0.020930472761392593,-0.031209366396069527,-0.016071610152721405,direct,SAFE_PROGRESSING,NONE,1,0,"1.057,22.052;0.705,21.701;0.352,21.351;-0.000,21.000",0,1,PASS_THROUGH,-1,0.9150242277338311,-0.037638727554451856,-0.401639127635976,0.2961402992994365,inf,9.115229113604059,0.0,0,0,0,DIRECT_LOCAL,PASS_THROUGH,0,BYPASS_VISIBLE,1,5,0.0,21.0,2.0,0.0,21.0,2.0,1,
632,21.1,0.033333,1.0721477270126343,22.066102981567383,2.6462535858154297,2.394551197411505,-0.010790039785206318,-0.310271393668334,0.024638862785765086,-0.03237834019566608,0.31292773638987686,0.0,21.0,2.0,0.9175423815198668,-0.03756299748239239,-0.3958598228350399,0.3003172398136652,-0.3022138178348541,0.020756635814905167,-0.031154250726103783,-0.01677727699279785,direct,SAFE_PROGRESSING,NONE,1,0,"1.064,22.059;0.798,21.794;0.532,21.530;0.266,21.265;-0.000,21.000",0,1,PASS_THROUGH,-1,0.9150242277338311,-0.037638727554451856,-0.401639127635976,0.2961402992994365,inf,9.123039562505824,0.0,0,0,0,DIRECT_LOCAL,PASS_THROUGH,0,BYPASS_VISIBLE,1,5,0.0,21.0,2.0,0.0,21.0,2.0,1,
633,21.133333,0.033333,1.0797655582427979,22.0731201171875,2.645216941833496,2.3941951087448072,-0.010588553734123707,-0.30892572680436753,0.024265423206323116,-0.03240301440938191,0.3115667998805446,0.0,21.0,2.0,0.9187607699675661,-0.037531624984287304,-0.3930267480651207,0.30239552350160354,-0.30033713579177856,0.02056930959224701,-0.0310923233628273,-0.017677370458841324,direct,SAFE_PROGRESSING,NONE,1,0,"1.072,22.066;0.804,21.800;0.536,21.533;0.268,21.267;-0.000,21.000",0,1,PASS_THROUGH,-1,0.9150242277338311,-0.037638727554451856,-0.401639127635976,0.2961402992994365,inf,9.130826351095694,0.0,0,0,0,DIRECT_LOCAL,PASS_THROUGH,0,BYPASS_VISIBLE,1,5,0.0,21.0,2.0,0.0,21.0,2.0,1,
634,21.166667,0.033333,1.0873445272445679,22.080106735229492,2.6441850662231445,2.3938420090645667,-0.010601832531392574,-0.3074082555446412,0.023866570600151887,-0.03240727045861384,0.3100317402263666,0.0,21.0,2.0,0.9199525457419807,-0.03749433455582257,-0.3902326081442512,0.30446546251947165,-0.29835766553878784,0.020371660590171814,-0.031023703515529633,-0.018732788041234016,direct,SAFE_PROGRESSING,NONE,1,0,"1.080,22.073;0.810,21.805;0.540,21.537;0.270,21.268;-0.000,21.000",0,1,PASS_THROUGH,-1,0.9150242277338311,-0.037638727554451856,-0.401639127635976,0.2961402992994365,inf,9.138583230143533,0.0,0,0,0,DIRECT_LOCAL,PASS_THROUGH,0,BYPASS_VISIBLE,1,5,0.0,21.0,2.0,0.0,21.0,2.0,1,
635,21.2,0.033333,1.0948799848556519,22.08706283569336,2.643158435821533,2.3934853992947236,-0.01080387458205223,-0.30572437389624474,0.0234459254129418,-0.03239172646680946,0.3083282798515582,0.0,21.0,2.0,0.9211178951292838,-0.03744581823434695,-0.38747855936729997,0.30652560613539775,-0.29627883434295654,0.02016485668718815,-0.03094889223575592,-0.01992134004831314,direct,SAFE_PROGRESSING,NONE,1,0,"1.087,22.080;0.816,21.810;0.544,21.540;0.272,21.270;-0.000,21.000",0,1,PASS_THROUGH,-1,0.9150242277338311,-0.037638727554451856,-0.401639127635976,0.2961402992994365,inf,9.146309616430186,0.0,0,0,0,DIRECT_LOCAL,PASS_THROUGH,0,BYPASS_VISIBLE,1,5,0.0,21.0,2.0,0.0,21.0,2.0,1,
636,21.233333,0.033333,1.1023677587509155,22.093982696533203,2.642137050628662,2.3931193551381056,-0.01116993185132742,-0.30388042261656784,0.02300725876056869,-0.032357202248309916,0.3064631033952338,0.0,21.0,2.0,0.9222574638547414,-0.03737879548475165,-0.38476485807870964,0.3085752932419056,-0.2941036522388458,0.019950442016124725,-0.03086855635046959,-0.02121608704328537,direct,SAFE_PROGRESSING,NONE,1,0,"1.095,22.087;0.821,21.815;0.547,21.544;0.274,21.272;-0.000,21.000",1,1,PASS_THROUGH,-1,0.999179683197671,-0.040496428052380795,0.0,0.3085752932419056,inf,9.153999278779038,0.0,0,0,0,DIRECT_LOCAL,PASS_THROUGH,0,BYPASS_VISIBLE,1,5,0.0,21.0,2.0,0.0,21.0,2.0,1,
637,21.266667,0.033333,1.1098041534423828,22.100862503051758,2.6411216259002686,2.392738687249212,-0.011676887981593609,-0.30188344809074363,0.022554383360431134,-0.03230476117652254,0.3044436138837503,0.0,21.0,2.0,0.9233715415072364,-0.03728928445126878,-0.3820922736717693,0.31061312373095734,-0.2918362319469452,0.019729938358068466,-0.030783144757151604,-0.022593246772885323,direct,SAFE_PROGRESSING,NONE,1,0,"1.102,22.094;0.827,21.820;0.551,21.547;0.276,21.273;-0.000,21.000",0,1,PASS_THROUGH,-1,0.9222574638547414,-0.03737879548475165,-0.38476485807870964,0.3085752932419056,inf,9.16164792563465,0.0,0,0,0,DIRECT_LOCAL,PASS_THROUGH,0,BYPASS_VISIBLE,1,5,0.0,21.0,2.0,0.0,21.0,2.0,1,
638,21.3,0.033333,1.117185354232788,22.10770034790039,2.6401124000549316,2.3923390240553437,-0.01230326946824789,-0.2997409323242985,0.022091304259405746,-0.03223569293526013,0.30227767389196586,0.0,21.0,2.0,0.9244604256401827,-0.037173421736716616,-0.3794615371042978,0.31263803413042024,-0.2894792854785919,0.019504599273204803,-0.030693165957927704,-0.024027859792113304,direct,SAFE_PROGRESSING,NONE,1,0,"1.110,22.101;0.832,21.826;0.555,21.550;0.277,21.275;0.000,21.000",0,1,PASS_THROUGH,-1,0.9222574638547414,-0.03737879548475165,-0.38476485807870964,0.3085752932419056,inf,9.16925314065187,0.0,0,0,0,DIRECT_LOCAL,PASS_THROUGH,0,BYPASS_VISIBLE,1,5,0.0,21.0,2.0,0.0,21.0,2.0,1,
639,21.333333,0.033333,1.1245083808898926,22.11449432373047,2.6391093730926514,2.3919170295649823,-0.013029019348323345,-0.2974605994424572,0.02162162885683856,-0.03215148628538089,0.29997336736025065,0.0,21.0,2.0,0.9255246235969516,-0.037027445816137095,-0.3768728424443106,0.314649212708431,-0.287039577960968,0.01927628181874752,-0.030598901212215424,-0.02549547702074051,direct,SAFE_PROGRESSING,NONE,1,0,"1.117,22.108;0.838,21.831;0.559,21.554;0.279,21.277;-0.000,21.000",0,1,PASS_THROUGH,-1,0.9222574638547414,-0.03737879548475165,-0.38476485807870964,0.3085752932419056,inf,9.176812591546897,0.0,0,0,0,DIRECT_LOCAL,PASS_THROUGH,0,BYPASS_VISIBLE,1,5,0.0,21.0,2.0,0.0,21.0,2.0,1,
640,21.366667,0.033333,1.1317697763442993,22.12123680114746,2.638113021850586,2.3914694561852667,-0.013835230842232704,-0.29505012639541817,0.02114890530740066,-0.032053441161284765,0.29753869726799154,0.0,21.0,2.0,0.9265647182670561,-0.03684802763586975,-0.37432612214756955,0.3166459661084627,-0.28451815247535706,0.019044935703277588,-0.0305008627474308,-0.026981212198734283,direct,SAFE_PROGRESSING,NONE,1,0,"1.125,22.114;0.843,21.836;0.562,21.557;0.281,21.279;0.000,21.000",0,1,PASS_THROUGH,-1,0.9222574638547414,-0.03737879548475165,-0.38476485807870964,0.3085752932419056,inf,9.184318200623354,0.0,0,0,0,DIRECT_LOCAL,PASS_THROUGH,0,BYPASS_VISIBLE,1,5,0.0,21.0,2.0,0.0,21.0,2.0,1,
641,21.4,0.033333,1.1389671564102173,22.127925872802734,2.6371231079101562,2.3909940605916233,-0.014704404398798943,-0.2925173606475301,0.020676479045395598,-0.031943016542173734,0.29498182888395935,0.0,21.0,2.0,0.9275807112340115,-0.03663491895930443,-0.37182241306765046,0.3186267277485563,-0.2819197177886963,0.01881200633943081,-0.03039935976266861,-0.028460152447223663,direct,SAFE_PROGRESSING,NONE,1,0,"1.132,22.121;0.849,21.841;0.566,21.561;0.283,21.280;-0.000,21.000",0,1,PASS_THROUGH,-1,0.9222574638547414,-0.03737879548475165,-0.38476485807870964,0.3085752932419056,inf,9.191767691051842,0.0,0,0,0,DIRECT_LOCAL,PASS_THROUGH,0,BYPASS_VISIBLE,1,5,0.0,21.0,2.0,0.0,21.0,2.0,1,
642,21.433333,0.033333,1.1460976600646973,22.13456153869629,2.6361396312713623,2.3904889851444846,-0.015620186924934387,-0.2898698743317278,0.020207414989062134,-0.031821396666290996,0.2923105967142232,0.0,21.0,2.0,0.9285732079704472,-0.03638629164771706,-0.36936138837133464,0.32059088932276203,-0.27925267815589905,0.01857934705913067,-0.03029448725283146,-0.02991430275142193,direct,SAFE_PROGRESSING,NONE,1,0,"1.139,22.128;0.854,21.846;0.569,21.564;0.285,21.282;0.000,21.000",1,1,PASS_THROUGH,-1,0.9992331445405278,-0.039155112714036044,0.0,0.32059088932276203,inf,9.19916062369977,0.0,0,0,0,DIRECT_LOCAL,PASS_THROUGH,0,BYPASS_VISIBLE,1,5,0.0,21.0,2.0,0.0,21.0,2.0,1,
643,21.466667,0.033333,1.1531591415405273,22.141136169433594,2.6351630687713623,2.3899528343449146,-0.01656709797680378,-0.28711545883114037,0.019744569593292845,-0.03168948519435972,0.2895330001919024,0.0,21.0,2.0,0.9295428483974014,-0.036099770626746686,-0.36694263796122384,0.3225380431201669,-0.2765280604362488,0.018349263817071915,-0.030186332762241364,-0.03132740408182144,direct,SAFE_PROGRESSING,NONE,1,0,"1.146,22.135;0.860,21.851;0.573,21.567;0.287,21.284;-0.000,21.000",0,1,PASS_THROUGH,-1,0.9285732079704472,-0.03638629164771706,-0.36936138837133464,0.32059088932276203,inf,9.206489054161217,0.0,0,0,0,DIRECT_LOCAL,PASS_THROUGH,0,BYPASS_VISIBLE,1,5,0.0,21.0,2.0,0.0,21.0,2.0,1,
644,21.5,0.033333,1.1601495742797852,22.14764976501465,2.634192943572998,2.3893849098124367,-0.017530646175146103,-0.2842621374368593,0.01929065487067913,-0.031547948849726566,0.2866572260071889,0.0,21.0,2.0,0.9304896299437722,-0.03577702801358967,-0.36456693875558266,0.324466809575837,-0.2737443745136261,0.01812106743454933,-0.030075553804636,-0.03269517794251442,direct,SAFE_PROGRESSING,NONE,1,0,"1.153,22.141;0.865,21.856;0.577,21.571;0.288,21.285;-0.000,21.000",0,1,PASS_THROUGH,-1,0.9285732079704472,-0.03638629164771706,-0.36936138837133464,0.32059088932276203,inf,9.213752630062244,0.0,0,0,0,DIRECT_LOCAL,PASS_THROUGH,0,BYPASS_VISIBLE,1,5,0.0,21.0,2.0,0.0,21.0,2.0,1,
645,21.533333,0.033333,1.1670671701431274,22.154098510742188,2.6332294940948486,2.388784845659272,-0.018497858196496964,-0.28131836565868173,0.018848135074657567,-0.03139791610098441,0.2836919177349766,0.0,21.0,2.0,0.9314142612625542,-0.03541697711425024,-0.3622335043156817,0.32637689978549306,-0.27090126276016235,0.01789497397840023,-0.02996300905942917,-0.03400876000523567,direct,SAFE_PROGRESSING,NONE,1,0,"1.160,22.148;0.870,21.861;0.580,21.574;0.290,21.287;-0.000,21.000",0,1,PASS_THROUGH,-1,0.9285732079704472,-0.03638629164771706,-0.36936138837133464,0.32059088932276203,inf,9.220947233279437,0.0,0,0,0,DIRECT_LOCAL,PASS_THROUGH,0,BYPASS_VISIBLE,1,5,0.0,21.0,2.0,0.0,21.0,2.0,1,
646,21.566667,0.033333,1.1739102602005005,22.160480499267578,2.632272481918335,2.38815272607925,-0.01945754699409008,-0.278292424316724,0.018419226059956263,-0.031241020213789522,0.2806455819440701,0.0,21.0,2.0,0.9323170228974597,-0.035020588692501964,-0.35994239425670355,0.3282675221293281,-0.2680036127567291,0.01767229661345482,-0.02984914556145668,-0.035251885652542114,direct,SAFE_PROGRESSING,NONE,1,0,"1.167,22.154;0.875,21.866;0.584,21.577;0.292,21.289;-0.000,21.000",0,1,PASS_THROUGH,-1,0.9285732079704472,-0.03638629164771706,-0.36936138837133464,0.32059088932276203,inf,9.228070652620696,0.0,0,0,0,DIRECT_LOCAL,PASS_THROUGH,0,BYPASS_VISIBLE,1,5,0.0,21.0,2.0,0.0,21.0,2.0,1,
647,21.6,0.033333,1.1806775331497192,22.166790008544922,2.631322145462036,2.3874888891182544,-0.02039969153702259,-0.2751921534089271,0.018005838708638,-0.03107877106295102,0.2775262537783179,0.0,21.0,2.0,0.9331984007908752,-0.034588344235809365,-0.3576931523028898,0.33013817035806897,-0.26505738496780396,0.01745382696390152,-0.029734071344137192,-0.036411695182323456,direct,SAFE_PROGRESSING,NONE,1,0,"1.174,22.160;0.880,21.870;0.587,21.580;0.293,21.290;-0.000,21.000",0,1,PASS_THROUGH,-1,0.9285732079704472,-0.03638629164771706,-0.36936138837133464,0.32059088932276203,inf,9.235116927281943,0.0,0,0,0,DIRECT_LOCAL,PASS_THROUGH,0,BYPASS_VISIBLE,1,5,0.0,21.0,2.0,0.0,21.0,2.0,1,
648,21.633333,0.033333,1.1873680353164673,22.173030853271484,2.630378007888794,2.3867942119586054,-0.021314993500709534,-0.27202480524272604,0.017609477177577895,-0.03091255145798141,0.2743413461209464,0.0,21.0,2.0,0.9340585218196003,-0.03412288719956447,-0.35548601433157584,0.3319878528696353,-0.2620639503002167,0.01723874919116497,-0.029618285596370697,-0.03748611360788345,direct,SAFE_PROGRESSING,NONE,1,0,"1.181,22.167;0.886,21.875;0.590,21.583;0.295,21.292;-0.000,21.000",1,1,PASS_THROUGH,-1,0.9993333790815927,-0.03650749859091462,0.0,0.3319878528696353,inf,9.24208961066563,0.0,0,0,0,DIRECT_LOCAL,PASS_THROUGH,0,BYPASS_VISIBLE,1,5,0.0,21.0,2.0,0.0,21.0,2.0,1,
649,21.666667,0.033333,1.1939805746078491,22.179197311401367,2.6294398307800293,2.3860695182072216,-0.022195052355527878,-0.2687969553226107,0.017231472334884396,-0.030743682609440062,0.27109758547416735,0.0,21.0,2.0,0.9348982686582907,-0.03362314675230166,-0.35331955969377593,0.33381696985133125,-0.25902557373046875,0.017026912420988083,-0.02950233407318592,-0.038471318781375885,direct,SAFE_PROGRESSING,NONE,1,0,"1.187,22.173;0.891,21.880;0.594,21.587;0.297,21.293;-0.000,21.000",0,1,PASS_THROUGH,-1,0.9340585218196003,-0.03412288719956447,-0.35548601433157584,0.3319878528696353,inf,9.248982755229013,0.0,0,0,0,DIRECT_LOCAL,PASS_THROUGH,0,BYPASS_VISIBLE,1,5,0.0,21.0,2.0,0.0,21.0,2.0,1,
650,21.7,0.033333,1.2005144357681274,22.185287475585938,2.6285080909729004,2.385316270657422,-0.023032765835523605,-0.26551484388965135,0.016872577436910317,-0.030573332359962267,0.26780131599135804,0.0,21.0,2.0,0.9357178110058708,-0.03309235682177614,-0.3511937842365118,0.3356245468827989,-0.2559499740600586,0.01682017184793949,-0.029386401176452637,-0.039355553686618805,direct,SAFE_PROGRESSING,NONE,1,0,"1.194,22.179;0.895,21.884;0.597,21.590;0.298,21.295;-0.000,21.000",0,1,PASS_THROUGH,-1,0.9340585218196003,-0.03412288719956447,-0.35548601433157584,0.3319878528696353,inf,9.25579425840902,0.0,0,0,0,DIRECT_LOCAL,PASS_THROUGH,0,BYPASS_VISIBLE,1,5,0.0,21.0,2.0,0.0,21.0,2.0,1,
651,21.733333,0.033333,1.2069687843322754,22.191301345825195,2.627581834793091,2.3845358344660843,-0.023821799084544182,-0.2621842525294292,0.016533383203941144,-0.03040210944917609,0.26445835833556774,0.0,21.0,2.0,0.9365174443190594,-0.032532315754088714,-0.3491084715640313,0.3374102138506509,-0.2528438866138458,0.01661994680762291,-0.029270442202687263,-0.040131088346242905,direct,SAFE_PROGRESSING,NONE,1,0,"1.201,22.185;0.900,21.889;0.600,21.593;0.300,21.296;-0.000,21.000",0,1,PASS_THROUGH,-1,0.9340585218196003,-0.03412288719956447,-0.35548601433157584,0.3319878528696353,inf,9.262523898523742,0.0,0,0,0,DIRECT_LOCAL,PASS_THROUGH,0,BYPASS_VISIBLE,1,5,0.0,21.0,2.0,0.0,21.0,2.0,1,
652,21.766667,0.033333,1.2133433818817139,22.197237014770508,2.626661539077759,2.3837300734513835,-0.024556277319788933,-0.25881106090196354,0.016214273257849587,-0.030230328805526317,0.2610745883500927,0.0,21.0,2.0,0.9372978060329982,-0.03194450110102964,-0.34706248955358787,0.33917385175850173,-0.24970921874046326,0.01642576977610588,-0.029154855757951736,-0.040802013128995895,direct,SAFE_PROGRESSING,NONE,1,0,"1.207,22.191;0.905,21.893;0.603,21.596;0.302,21.298;-0.000,21.000",0,1,PASS_THROUGH,-1,0.9340585218196003,-0.03412288719956447,-0.35548601433157584,0.3319878528696353,inf,9.269169630391831,0.0,0,0,0,DIRECT_LOCAL,PASS_THROUGH,0,BYPASS_VISIBLE,1,5,0.0,21.0,2.0,0.0,21.0,2.0,1,
653,21.8,0.033333,1.2196376323699951,22.203092575073242,2.625746726989746,2.3829009529754535,-0.0252312533557415,-0.2554012154583509,0.015915375784514647,-0.03005855282043337,0.2576559656627887,0.0,21.0,2.0,0.9380591571203272,-0.03133146296089018,-0.3450555856256085,0.3409151584715911,-0.24654589593410492,0.01623671129345894,-0.02904019132256508,-0.041372958570718765,direct,SAFE_PROGRESSING,NONE,1,0,"1.213,22.197;0.910,21.898;0.607,21.599;0.303,21.299;-0.000,21.000",0,1,PASS_THROUGH,-1,0.9340585218196003,-0.03412288719956447,-0.35548601433157584,0.3319878528696353,inf,9.275729368264221,0.0,0,0,0,DIRECT_LOCAL,PASS_THROUGH,0,BYPASS_VISIBLE,1,5,0.0,21.0,2.0,0.0,21.0,2.0,1,
654,21.833333,0.033333,1.22585129737854,22.2088680267334,2.6248369216918945,2.38205023969446,-0.02584315836429596,-0.25196040266799213,0.01563682577612059,-0.029887781664408003,0.2542082499168523,0.0,21.0,2.0,0.938801913741669,-0.03069542723547153,-0.3430870990022967,0.34263378108350334,-0.24335017800331116,0.016052618622779846,-0.02892727218568325,-0.04184278845787048,direct,SAFE_PROGRESSING,NONE,1,0,"1.220,22.203;0.915,21.902;0.610,21.602;0.305,21.301;-0.000,21.000",1,1,PASS_THROUGH,-1,0.9994659014556198,-0.03267892023163038,0.0,0.34263378108350334,inf,9.282202963885906,0.0,0,0,0,DIRECT_LOCAL,PASS_THROUGH,0,BYPASS_VISIBLE,1,5,0.0,21.0,2.0,0.0,21.0,2.0,1,
655,21.866667,0.033333,1.2319841384887695,22.21455955505371,2.623932361602783,2.3811801308472824,-0.026389703154563904,-0.24849378652773976,0.015378469091475212,-0.02971941802747902,0.2507367206102517,0.0,21.0,2.0,0.9395265870593665,-0.030038419938378802,-0.34115610142013314,0.3443296855830441,-0.2401241660118103,0.015874184668064117,-0.028816498816013336,-0.04220851510763168,direct,SAFE_PROGRESSING,NONE,1,0,"1.226,22.209;0.919,21.907;0.613,21.604;0.306,21.302;-0.000,21.000",0,1,PASS_THROUGH,-1,0.938801913741669,-0.03069542723547153,-0.3430870990022967,0.34263378108350334,inf,9.288586483148547,0.0,0,0,0,DIRECT_LOCAL,PASS_THROUGH,0,BYPASS_VISIBLE,1,5,0.0,21.0,2.0,0.0,21.0,2.0,1,
656,21.9,0.033333,1.2380359172821045,22.220169067382812,2.623032569885254,2.3802929225454688,-0.026869328692555428,-0.24500552378298227,0.01513991033184394,-0.02955478147238617,0.2472456444043257,0.0,21.0,2.0,0.9402333289585304,-0.029364033972658132,-0.339262495163277,0.34600230231951834,-0.23686987161636353,0.015702391043305397,-0.028708215802907944,-0.04246506094932556,direct,SAFE_PROGRESSING,NONE,1,0,"1.232,22.215;0.924,21.911;0.616,21.607;0.308,21.304;-0.000,21.000",0,1,PASS_THROUGH,-1,0.938801913741669,-0.03069542723547153,-0.3430870990022967,0.34263378108350334,inf,9.294881674811469,0.0,0,0,0,DIRECT_LOCAL,PASS_THROUGH,0,BYPASS_VISIBLE,1,5,0.0,21.0,2.0,0.0,21.0,2.0,1,
657,21.933333,0.033333,1.2440067529678345,22.225690841674805,2.6221375465393066,2.3793908455369497,-0.027280710637569427,-0.24149871171774334,0.014920659776523465,-0.029394854923974874,0.24373820247449518,0.0,21.0,2.0,0.9409227335288795,-0.02867359094878258,-0.3374051492058818,0.3476518652605439,-0.23359006643295288,0.01553607638925314,-0.028602562844753265,-0.04262084513902664,direct,SAFE_PROGRESSING,NONE,1,0,"1.238,22.220;0.929,21.915;0.619,21.610;0.310,21.305;-0.000,21.000",0,1,PASS_THROUGH,-1,0.938801913741669,-0.03069542723547153,-0.3430870990022967,0.34263378108350334,inf,9.301082758183314,0.0,0,0,0,DIRECT_LOCAL,PASS_THROUGH,0,BYPASS_VISIBLE,1,5,0.0,21.0,2.0,0.0,21.0,2.0,1,
658,21.966667,0.033333,1.24989652633667,22.231128692626953,2.621246576309204,2.3784764310056747,-0.027623021975159645,-0.23797580105290608,0.014719863982325805,-0.02924014621391553,0.24021686542173032,0.0,21.0,2.0,0.9415948806153976,-0.02797176665381862,-0.33558405961716853,0.34927758821860105,-0.23028817772865295,0.01537344604730606,-0.028499621897935867,-0.0426853746175766,direct,SAFE_PROGRESSING,NONE,1,0,"1.244,22.226;0.933,21.919;0.622,21.613;0.311,21.306;0.000,21.000",0,1,PASS_THROUGH,-1,0.938801913741669,-0.03069542723547153,-0.3430870990022967,0.34263378108350334,inf,9.307193393530703,0.0,0,0,0,DIRECT_LOCAL,PASS_THROUGH,0,BYPASS_VISIBLE,1,5,0.0,21.0,2.0,0.0,21.0,2.0,1,
659,22.0,0.033333,1.2557052373886108,22.236482620239258,2.6203598976135254,2.377551380367849,-0.027896534651517868,-0.2344388291869816,0.014536737662829034,-0.02909088026514025,0.23668367220203718,0.0,21.0,2.0,0.9422505023767634,-0.027258703979216203,-0.33379777385133996,0.3508799899884759,-0.22696493566036224,0.015215672552585602,-0.028399869799613953,-0.04265782982110977,direct,SAFE_PROGRESSING,NONE,1,0,"1.250,22.231;0.937,21.923;0.625,21.616;0.312,21.308;0.000,21.000",0,1,PASS_THROUGH,-1,0.938801913741669,-0.03069542723547153,-0.3430870990022967,0.34263378108350334,inf,9.313213469993995,0.0,0,0,0,DIRECT_LOCAL,PASS_THROUGH,0,BYPASS_VISIBLE,1,5,0.0,21.0,2.0,0.0,21.0,2.0,1,
660,22.033333,0.033333,1.2614328861236572,22.241748809814453,2.6194772720336914,2.376618368415637,-0.028102369979023933,-0.23088971203775438,0.014370203391869037,-0.028947399341872296,0.23314054516333843,0.0,21.0,2.0,0.9428899184495361,-0.026536978748447626,-0.3320457655883172,0.3524590707222005,-0.22361811995506287,0.015062572434544563,-0.028303788974881172,-0.04254383221268654,direct,SAFE_PROGRESSING,NONE,1,0,"1.256,22.236;0.942,21.927;0.628,21.618;0.314,21.309;-0.000,21.000",1,1,PASS_THROUGH,-1,0.9996041842577997,-0.0281331621809342,0.0,0.3524590707222005,inf,9.319139092459702,0.0,0,0,0,DIRECT_LOCAL,PASS_THROUGH,0,BYPASS_VISIBLE,1,5,0.0,21.0,2.0,0.0,21.0,2.0,1,
661,22.066667,0.033333,1.267079472541809,22.246925354003906,2.618597984313965,2.3756795840306757,-0.028242111206054688,-0.2273302393586769,0.01421906245409014,-0.028809997288468666,0.22958927546318053,0.0,21.0,2.0,0.9435133371021514,-0.025810161012497945,-0.3303277437619659,0.3540142953537255,-0.22024942934513092,0.014914432540535927,-0.0282115638256073,-0.04234377294778824,direct,SAFE_PROGRESSING,NONE,1,0,"1.261,22.242;0.946,21.931;0.631,21.621;0.315,21.310;-0.000,21.000",0,1,PASS_THROUGH,-1,0.9428899184495361,-0.026536978748447626,-0.3320457655883172,0.3524590707222005,inf,9.324968261465258,0.0,0,0,0,DIRECT_LOCAL,PASS_THROUGH,0,BYPASS_VISIBLE,1,5,0.0,21.0,2.0,0.0,21.0,2.0,1,
662,22.1,0.033333,1.2726449966430664,22.252017974853516,2.6177220344543457,2.3747370624542823,-0.028317641466856003,-0.22376191147420385,0.014082059301854787,-0.02867892990596127,0.22603136605639804,0.0,21.0,2.0,0.9441211477438748,-0.025080942084368618,-0.3286429745589415,0.35554539671859603,-0.21685637533664703,0.014770668931305408,-0.02812315709888935,-0.042061809450387955,direct,SAFE_PROGRESSING,NONE,1,0,"1.267,22.247;0.950,21.935;0.634,21.623;0.317,21.312;-0.000,21.000",0,1,PASS_THROUGH,-1,0.9428899184495361,-0.026536978748447626,-0.3320457655883172,0.3524590707222005,inf,9.330706551064173,0.0,0,0,0,DIRECT_LOCAL,PASS_THROUGH,0,BYPASS_VISIBLE,1,5,0.0,21.0,2.0,0.0,21.0,2.0,1,
663,22.133333,0.033333,1.2781294584274292,22.257020950317383,2.616849422454834,2.373792929492253,-0.02833094634115696,-0.2201858041913042,0.013958111317007069,-0.028554450408586732,0.2224679165116753,0.0,21.0,2.0,0.9447139906909428,-0.024349219602507133,-0.32699020061393635,0.35705317793499214,-0.213436558842659,0.014630827121436596,-0.028038563206791878,-0.041703157126903534,direct,SAFE_PROGRESSING,NONE,1,0,"1.273,22.252;0.954,21.939;0.636,21.626;0.318,21.313;-0.000,21.000",0,1,PASS_THROUGH,-1,0.9428899184495361,-0.026536978748447626,-0.3320457655883172,0.3524590707222005,inf,9.336348179495005,0.0,0,0,0,DIRECT_LOCAL,PASS_THROUGH,0,BYPASS_VISIBLE,1,5,0.0,21.0,2.0,0.0,21.0,2.0,1,
664,22.166667,0.033333,1.283532738685608,22.261938095092773,2.6159794330596924,2.3728492305795985,-0.028284242376685143,-0.21660233983508834,0.013846095480789869,-0.0284369519792243,0.21889940205484104,0.0,21.0,2.0,0.9452919239088167,-0.023619138974739384,-0.32536950512741647,0.358536836714824,-0.20999014377593994,0.01449513714760542,-0.027958201244473457,-0.04127320647239685,direct,SAFE_PROGRESSING,NONE,1,0,"1.278,22.257;0.959,21.943;0.639,21.629;0.320,21.314;-0.000,21.000",0,1,PASS_THROUGH,-1,0.9428899184495361,-0.026536978748447626,-0.3320457655883172,0.3524590707222005,inf,9.341896816290234,0.0,0,0,0,DIRECT_LOCAL,PASS_THROUGH,0,BYPASS_VISIBLE,1,5,0.0,21.0,2.0,0.0,21.0,2.0,1,
665,22.2,0.033333,1.288854956626892,22.266765594482422,2.615111827850342,2.3719084180261674,-0.028180178254842758,-0.2130111734479499,0.013744785852449242,-0.02832691279260473,0.215325551526432,0.0,21.0,2.0,0.9458555738469275,-0.022891600091343445,-0.3237795670945859,0.3599968914934769,-0.20651651918888092,0.014362074434757233,-0.027882501482963562,-0.040784962475299835,direct,SAFE_PROGRESSING,NONE,1,0,"1.284,22.262;0.963,21.946;0.642,21.631;0.321,21.315;-0.000,21.000",0,1,PASS_THROUGH,-1,0.9428899184495361,-0.026536978748447626,-0.3320457655883172,0.3524590707222005,inf,9.347348591367245,0.0,0,0,0,DIRECT_LOCAL,PASS_THROUGH,0,BYPASS_VISIBLE,1,5,0.0,21.0,2.0,0.0,21.0,2.0,1,
666,22.233333,0.033333,1.294095754623413,22.27150535583496,2.6142470836639404,2.3709717058013693,-0.028021732345223427,-0.2094114576583135,0.013653000388315876,-0.028224691081418618,0.21174559311783683,0.0,21.0,2.0,0.9464051449864619,-0.022169282248538702,-0.32222014907162266,0.3614328247730752,-0.20301826298236847,0.0142308184877038,-0.027811678126454353,-0.04024547338485718,direct,SAFE_PROGRESSING,NONE,1,0,"1.289,22.267;0.967,21.950;0.644,21.633;0.322,21.317;-0.000,21.000",1,1,PASS_THROUGH,-1,0.9997257539377364,-0.02341830296209546,0.0,0.3614328247730752,inf,9.352705255008502,0.0,0,0,0,DIRECT_LOCAL,PASS_THROUGH,0,BYPASS_VISIBLE,1,5,0.0,21.0,2.0,0.0,21.0,2.0,1,
667,22.266667,0.033333,1.2992550134658813,22.276153564453125,2.61338472366333,2.3700410535736345,-0.02781272493302822,-0.20580204380071054,0.013569542910113183,-0.028130284237547973,0.20815841712173014,0.0,21.0,2.0,0.9469409633333525,-0.02145325075900012,-0.3206907700467444,0.36284485345951,-0.1994936466217041,0.01410115510225296,-0.027745841071009636,-0.03965809941291809,direct,SAFE_PROGRESSING,NONE,1,0,"1.294,22.272;0.971,21.954;0.647,21.636;0.324,21.318;-0.000,21.000",0,1,PASS_THROUGH,-1,0.9464051449864619,-0.022169282248538702,-0.32222014907162266,0.3614328247730752,inf,9.357962911221438,0.0,0,0,0,DIRECT_LOCAL,PASS_THROUGH,0,BYPASS_VISIBLE,1,5,0.0,21.0,2.0,0.0,21.0,2.0,1,
668,22.3,0.033333,1.3043324947357178,22.28071403503418,2.612523317337036,2.3691181548678863,-0.02755729667842388,-0.20218174054580787,0.0134930023972198,-0.028043583828832905,0.20456285077645092,0.0,21.0,2.0,0.9474632478282742,-0.020746542113061373,-0.3191911261376939,0.36423242634793757,-0.195939302444458,0.013972990214824677,-0.027685027569532394,-0.039027854800224304,direct,SAFE_PROGRESSING,NONE,1,0,"1.299,22.276;0.974,21.957;0.650,21.638;0.325,21.319;-0.000,21.000",0,1,PASS_THROUGH,-1,0.9464051449864619,-0.022169282248538702,-0.32222014907162266,0.3614328247730752,inf,9.363125220075856,0.0,0,0,0,DIRECT_LOCAL,PASS_THROUGH,0,BYPASS_VISIBLE,1,5,0.0,21.0,2.0,0.0,21.0,2.0,1,
669,22.333333,0.033333,1.3093278408050537,22.285184860229492,2.6116650104522705,2.368204413729461,-0.027259543538093567,-0.19854926909579934,0.013422020775296573,-0.02796447246425074,0.20095764384658893,0.0,21.0,2.0,0.9479727103114581,-0.020049046703522866,-0.31771965036967453,0.3655960446370847,-0.19235126674175262,0.013845402747392654,-0.027629191055893898,-0.03836202621459961,direct,SAFE_PROGRESSING,NONE,1,0,"1.304,22.281;0.978,21.961;0.652,21.640;0.326,21.320;-0.000,21.000",0,1,PASS_THROUGH,-1,0.9464051449864619,-0.022169282248538702,-0.32222014907162266,0.3614328247730752,inf,9.36819015083159,0.0,0,0,0,DIRECT_LOCAL,PASS_THROUGH,0,BYPASS_VISIBLE,1,5,0.0,21.0,2.0,0.0,21.0,2.0,1,
670,22.366667,0.033333,1.31424081325531,22.289567947387695,2.610806703567505,2.3673009835054195,-0.026923585683107376,-0.1949029936787644,0.01335531857591959,-0.02789291502381932,0.19734121766051516,0.0,21.0,2.0,0.9484692328900655,-0.01936248792410683,-0.3162771068577674,0.3669353904801401,-0.188727468252182,0.013717973604798317,-0.027578314766287804,-0.03766618296504021,direct,SAFE_PROGRESSING,NONE,1,0,"1.309,22.285;0.982,21.964;0.655,21.643;0.327,21.321;-0.000,21.000",0,1,PASS_THROUGH,-1,0.9464051449864619,-0.022169282248538702,-0.32222014907162266,0.3614328247730752,inf,9.373159473329917,0.0,0,0,0,DIRECT_LOCAL,PASS_THROUGH,0,BYPASS_VISIBLE,1,5,0.0,21.0,2.0,0.0,21.0,2.0,1,
671,22.4,0.033333,1.319070816040039,22.293859481811523,2.609950542449951,2.3664095457176484,-0.02655356377363205,-0.1912408974399786,0.01329158385088689,-0.027828876766418906,0.1937116244240239,0.0,21.0,2.0,0.9489536704163164,-0.01868774451760047,-0.31486139745647795,0.36825069755022555,-0.1850663721561432,0.01359060499817133,-0.027532365173101425,-0.03694400191307068,direct,SAFE_PROGRESSING,NONE,1,0,"1.314,22.290;0.986,21.967;0.657,21.645;0.329,21.322;-0.000,21.000",0,1,PASS_THROUGH,-1,0.9464051449864619,-0.022169282248538702,-0.32222014907162266,0.3614328247730752,inf,9.378029237240062,0.0,0,0,0,DIRECT_LOCAL,PASS_THROUGH,0,BYPASS_VISIBLE,1,5,0.0,21.0,2.0,0.0,21.0,2.0,1,
672,22.433333,0.033333,1.323817491531372,22.29806137084961,2.609095335006714,2.3655308438318925,-0.026153504848480225,-0.18756048984019222,0.013229543974927616,-0.027772367482964806,0.1900664688431029,0.0,21.0,2.0,0.949425814386468,-0.018026764702663012,-0.3134735375290026,0.369541346882977,-0.18136602640151978,0.013462584465742111,-0.02749144844710827,-0.036203403025865555,direct,SAFE_PROGRESSING,NONE,1,0,"1.319,22.294;0.989,21.970;0.660,21.647;0.330,21.323;-0.000,21.000",1,1,PASS_THROUGH,-1,0.9998197953025345,-0.018983596108170464,0.0,0.369541346882977,inf,9.382801199515926,0.0,0,0,0,DIRECT_LOCAL,PASS_THROUGH,0,BYPASS_VISIBLE,1,5,0.0,21.0,2.0,0.0,21.0,2.0,1,
673,22.466667,0.033333,1.3284798860549927,22.30217170715332,2.6082401275634766,2.3646658423868256,-0.025727368891239166,-0.18385887737917064,0.01316808361596591,-0.027723333712277493,0.18640297328467764,0.0,21.0,2.0,0.9498862160108558,-0.01737970070718542,-0.31211235578859486,0.370807555121326,-0.17762698233127594,0.013334768824279308,-0.027455555275082588,-0.03544431924819946,direct,SAFE_PROGRESSING,NONE,1,0,"1.324,22.298;0.993,21.974;0.662,21.649;0.331,21.325;-0.000,21.000",0,1,PASS_THROUGH,-1,0.949425814386468,-0.018026764702663012,-0.3134735375290026,0.369541346882977,inf,9.387473258272342,0.0,0,0,0,DIRECT_LOCAL,PASS_THROUGH,0,BYPASS_VISIBLE,1,5,0.0,21.0,2.0,0.0,21.0,2.0,1,
674,22.5,0.033333,1.3330577611923218,22.30619239807129,2.6073849201202393,2.3638154407625622,-0.025278858840465546,-0.18013306493756298,0.013106198197966944,-0.02768154561618988,0.18271825711380313,0.0,21.0,2.0,0.950335199977313,-0.016747827003049,-0.3107772803387602,0.37204891950189983,-0.17384222149848938,0.013205133378505707,-0.02742469497025013,-0.03467811644077301,direct,SAFE_PROGRESSING,NONE,1,0,"1.328,22.302;0.996,21.977;0.664,21.651;0.332,21.326;-0.000,21.000",0,1,PASS_THROUGH,-1,0.949425814386468,-0.018026764702663012,-0.3134735375290026,0.369541346882977,inf,9.392047187187783,0.0,0,0,0,DIRECT_LOCAL,PASS_THROUGH,0,BYPASS_VISIBLE,1,5,0.0,21.0,2.0,0.0,21.0,2.0,1,
675,22.533333,0.033333,1.3375496864318848,22.310121536254883,2.606529712677002,2.362980302634484,-0.02481166273355484,-0.17637988287100428,0.013042902788930279,-0.027646803706531504,0.17900929068050675,0.0,21.0,2.0,0.9507731199935147,-0.016131057914668068,-0.3094677095729884,0.37326567350638123,-0.17000997066497803,0.013071803376078606,-0.027398928999900818,-0.03391469269990921,direct,SAFE_PROGRESSING,NONE,1,0,"1.333,22.306;1.000,21.980;0.667,21.653;0.333,21.327;0.000,21.000",0,1,PASS_THROUGH,-1,0.949425814386468,-0.018026764702663012,-0.3134735375290026,0.369541346882977,inf,9.396520824584577,0.0,0,0,0,DIRECT_LOCAL,PASS_THROUGH,0,BYPASS_VISIBLE,1,5,0.0,21.0,2.0,0.0,21.0,2.0,1,
676,22.566667,0.033333,1.3419550657272339,22.313961029052734,2.6056745052337646,2.362160894981825,-0.02432986907660961,-0.17259610615952425,0.012977287946038444,-0.027618807878382126,0.17527299966762458,0.0,21.0,2.0,0.951200134217544,-0.015530086415051991,-0.30818358340519614,0.3744573462189192,-0.1661350131034851,0.012935684993863106,-0.027377910912036896,-0.033153194934129715,direct,SAFE_PROGRESSING,NONE,1,0,"1.338,22.310;1.003,21.983;0.669,21.655;0.334,21.328;0.000,21.000",0,1,PASS_THROUGH,-1,0.949425814386468,-0.018026764702663012,-0.3134735375290026,0.369541346882977,inf,9.40089589926029,0.0,0,0,0,DIRECT_LOCAL,PASS_THROUGH,0,BYPASS_VISIBLE,1,5,0.0,21.0,2.0,0.0,21.0,2.0,1,
677,22.6,0.033333,1.3462727069854736,22.31770896911621,2.6048192977905273,2.361357702961962,-0.02383752353489399,-0.16877855385782628,0.012908421441624213,-0.027597053529864444,0.17150634084483268,0.0,21.0,2.0,0.9516165704658582,-0.01494453847151861,-0.306924361341148,0.3756241197953244,-0.1622171849012375,0.012797452509403229,-0.02736160159111023,-0.032395727932453156,direct,SAFE_PROGRESSING,NONE,1,0,"1.342,22.314;1.006,21.985;0.671,21.657;0.335,21.328;-0.000,21.000",0,1,PASS_THROUGH,-1,0.949425814386468,-0.018026764702663012,-0.3134735375290026,0.369541346882977,inf,9.405170280824581,0.0,0,0,0,DIRECT_LOCAL,PASS_THROUGH,0,BYPASS_VISIBLE,1,5,0.0,21.0,2.0,0.0,21.0,2.0,1,
678,22.633333,0.033333,1.3505016565322876,22.321361541748047,2.60396409034729,2.360571027259095,-0.023338312283158302,-0.1649243387241908,0.012835321313032737,-0.02758125507076291,0.16770661468200615,0.0,21.0,2.0,0.9520225829391469,-0.01437503752454411,-0.30568997345356813,0.37676555728268485,-0.15824446082115173,0.012655033729970455,-0.02735055238008499,-0.0316554419696331,direct,SAFE_PROGRESSING,NONE,1,0,"1.346,22.318;1.010,21.988;0.673,21.659;0.337,21.329;0.000,21.000",1,1,PASS_THROUGH,-1,0.9998860224747823,-0.015097750148917288,0.0,0.37676555728268485,inf,9.409339979065535,0.0,0,0,0,DIRECT_LOCAL,PASS_THROUGH,0,BYPASS_VISIBLE,1,5,0.0,21.0,2.0,0.0,21.0,2.0,1,
679,22.666667,0.033333,1.3546407222747803,22.324922561645508,2.6031088829040527,2.3598010340544535,-0.022835852578282356,-0.1610308160085195,0.012757190531592534,-0.027571409712066054,0.1638714503754074,0.0,21.0,2.0,0.9524182588353616,-0.013822846526696575,-0.3044805234344518,0.37788098911203394,-0.15421660244464874,0.012508442625403404,-0.027344629168510437,-0.030932491645216942,direct,SAFE_PROGRESSING,NONE,1,0,"1.351,22.321;1.013,21.991;0.675,21.661;0.338,21.330;-0.000,21.000",0,1,PASS_THROUGH,-1,0.9520225829391469,-0.01437503752454411,-0.30568997345356813,0.37676555728268485,inf,9.413408538534421,0.0,0,0,0,DIRECT_LOCAL,PASS_THROUGH,0,BYPASS_VISIBLE,1,5,0.0,21.0,2.0,0.0,21.0,2.0,1,
680,22.7,0.033333,1.3586883544921875,22.32839012145996,2.6022536754608154,2.35904774339852,-0.022333797067403793,-0.15709503413775763,0.012673187253743714,-0.027567417954332107,0.15999819361036707,0.0,21.0,2.0,0.9528039660064864,-0.013286256171596122,-0.30329536389343803,0.37897077886309033,-0.15013176202774048,0.012356236577033997,-0.027343496680259705,-0.030233608558773994,direct,SAFE_PROGRESSING,NONE,1,0,"1.355,22.325;1.016,21.994;0.677,21.662;0.339,21.331;-0.000,21.000",0,1,PASS_THROUGH,-1,0.9520225829391469,-0.01437503752454411,-0.30568997345356813,0.37676555728268485,inf,9.41737378352646,0.0,0,0,0,DIRECT_LOCAL,PASS_THROUGH,0,BYPASS_VISIBLE,1,5,0.0,21.0,2.0,0.0,21.0,2.0,1,
681,22.733333,0.033333,1.3626437187194824,22.331764221191406,2.601398468017578,2.3583111817526934,-0.02183573693037033,-0.15311375502422273,0.012582581157339512,-0.02756915485573798,0.15608395697719352,0.0,21.0,2.0,0.9531798348934165,-0.012765502889410474,-0.30213448046944186,0.38003443840921036,-0.14598803222179413,0.012197667732834816,-0.027347125113010406,-0.029562726616859436,direct,SAFE_PROGRESSING,NONE,1,0,"1.359,22.328;1.019,21.996;0.679,21.664;0.340,21.332;-0.000,21.000",0,1,PASS_THROUGH,-1,0.9520225829391469,-0.01437503752454411,-0.30568997345356813,0.37676555728268485,inf,9.42123552302972,0.0,0,0,0,DIRECT_LOCAL,PASS_THROUGH,0,BYPASS_VISIBLE,1,5,0.0,21.0,2.0,0.0,21.0,2.0,1,
682,22.766667,0.033333,1.3665050268173218,22.33504295349121,2.600541353225708,2.357591037330301,-0.02134516090154648,-0.14908357064710137,0.012484582989851625,-0.027576313242369716,0.15212570098888953,0.0,21.0,2.0,0.9535460856967657,-0.012260067347158454,-0.3009975966698397,0.38107184860659615,-0.14178234338760376,0.01203436404466629,-0.027355123311281204,-0.028913263231515884,direct,SAFE_PROGRESSING,NONE,1,0,"1.363,22.332;1.022,21.999;0.681,21.666;0.341,21.333;0.000,21.000",0,1,PASS_THROUGH,-1,0.9520225829391469,-0.01437503752454411,-0.30568997345356813,0.37676555728268485,inf,9.424991551019374,0.0,0,0,0,DIRECT_LOCAL,PASS_THROUGH,0,BYPASS_VISIBLE,1,5,0.0,21.0,2.0,0.0,21.0,2.0,1,
683,22.8,0.033333,1.370270848274231,22.338224411010742,2.5996830463409424,2.3568870340885293,-0.020864902064204216,-0.14500090309451774,0.012378532906143911,-0.027588468190602997,0.14812026718932872,0.0,21.0,2.0,0.953903107345851,-0.011769815859303756,-0.29988386623919594,0.38208248721884885,-0.1375114768743515,0.011864261701703072,-0.027367189526557922,-0.028296304866671562,direct,SAFE_PROGRESSING,NONE,1,0,"1.367,22.335;1.025,22.001;0.683,21.668;0.342,21.334;-0.000,21.000",0,1,PASS_THROUGH,-1,0.9520225829391469,-0.01437503752454411,-0.30568997345356813,0.37676555728268485,inf,9.42863970851657,0.0,0,0,0,DIRECT_LOCAL,PASS_THROUGH,0,BYPASS_VISIBLE,1,5,0.0,21.0,2.0,0.0,21.0,2.0,1,
684,22.833333,0.033333,1.3739392757415771,22.341312408447266,2.5988242626190186,2.356198815563769,-0.020397426560521126,-0.14086222130026443,0.012263773348575837,-0.027605433369296082,0.14406465728240403,0.0,21.0,2.0,0.9542509170487805,-0.011294656283295068,-0.2987936044345728,0.3830658832031497,-0.13317391276359558,0.01168733835220337,-0.027383871376514435,-0.02771642804145813,direct,SAFE_PROGRESSING,NONE,1,0,"1.370,22.338;1.028,22.004;0.685,21.669;0.343,21.335;-0.000,21.000",1,1,PASS_THROUGH,-1,0.9999299601444365,-0.011835320255314974,0.0,0.3830658832031497,inf,9.43218344655282,0.0,0,0,0,DIRECT_LOCAL,PASS_THROUGH,0,BYPASS_VISIBLE,1,5,0.0,21.0,2.0,0.0,21.0,2.0,1,
685,22.866667,0.033333,1.3775087594985962,22.344301223754883,2.5979628562927246,2.3555258219809008,-0.019945284351706505,-0.13666401247572668,0.012139790364287414,-0.02762707753851743,0.13995600104809255,0.0,21.0,2.0,0.9545897183912277,-0.01083210082854602,-0.2977266113960874,0.38402229677350214,-0.12877123057842255,0.011502841487526894,-0.027405086904764175,-0.027176864445209503,direct,SAFE_PROGRESSING,NONE,1,0,"1.374,22.341;1.030,22.006;0.687,21.671;0.343,21.335;0.000,21.000",0,1,PASS_THROUGH,-1,0.9542509170487805,-0.011294656283295068,-0.2987936044345728,0.3830658832031497,inf,9.43561680928694,0.0,0,0,0,DIRECT_LOCAL,PASS_THROUGH,0,BYPASS_VISIBLE,1,5,0.0,21.0,2.0,0.0,21.0,2.0,1,
686,22.9,0.033333,1.3809775114059448,22.34718894958496,2.5971004962921143,2.3548676050072186,-0.01951112225651741,-0.1324030645065758,0.012006049392976467,-0.02765309812437049,0.13579179116807882,0.0,21.0,2.0,0.9549197853111314,-0.010383293731969667,-0.29668230623449443,0.3849507065941943,-0.12430137395858765,0.011310761794447899,-0.027430614456534386,-0.026676274836063385,direct,SAFE_PROGRESSING,NONE,1,0,"1.378,22.344;1.033,22.008;0.689,21.672;0.344,21.336;-0.000,21.000",0,1,PASS_THROUGH,-1,0.9542509170487805,-0.011294656283295068,-0.2987936044345728,0.3830658832031497,inf,9.438937591796499,0.0,0,0,0,DIRECT_LOCAL,PASS_THROUGH,0,BYPASS_VISIBLE,1,5,0.0,21.0,2.0,0.0,21.0,2.0,1,
687,22.933333,0.033333,1.3843436241149902,22.349977493286133,2.596235752105713,2.354223448707794,-0.019097352400422096,-0.12807653436921218,0.011862163752287215,-0.02768305981443799,0.1315699866443856,0.0,21.0,2.0,0.9552409805045976,-0.009947671768446464,-0.29566148378001844,0.38585059040477243,-0.11976414173841476,0.011111065745353699,-0.02745986171066761,-0.02621297724545002,direct,SAFE_PROGRESSING,NONE,1,0,"1.381,22.347;1.036,22.010;0.690,21.674;0.345,21.337;-0.000,21.000",0,1,PASS_THROUGH,-1,0.9542509170487805,-0.011294656283295068,-0.2987936044345728,0.3830658832031497,inf,9.442147354886222,0.0,0,0,0,DIRECT_LOCAL,PASS_THROUGH,0,BYPASS_VISIBLE,1,5,0.0,21.0,2.0,0.0,21.0,2.0,1,
688,22.966667,0.033333,1.3876054286956787,22.3526668548584,2.5953688621520996,2.353592812172701,-0.018705807626247406,-0.12368201930878997,0.011707705412666147,-0.027716624744304353,0.12728913368212635,0.0,21.0,2.0,0.955553721054586,-0.009523452463978788,-0.29466318065191066,0.38672194155526973,-0.1151469498872757,0.010902589187026024,-0.02749340608716011,-0.0257938914000988,direct,SAFE_PROGRESSING,NONE,1,0,"1.384,22.350;1.038,22.012;0.692,21.675;0.346,21.337;0.000,21.000",0,1,PASS_THROUGH,-1,0.9542509170487805,-0.011294656283295068,-0.2987936044345728,0.3830658832031497,inf,9.445245800527118,0.0,0,0,0,DIRECT_LOCAL,PASS_THROUGH,0,BYPASS_VISIBLE,1,5,0.0,21.0,2.0,0.0,21.0,2.0,1,
689,23.0,0.033333,1.3907603025436401,22.355253219604492,2.5945000648498535,2.352974778882499,-0.018338091671466827,-0.11921705433325096,0.011542367848257566,-0.027753744828022196,0.1229479672520891,0.0,21.0,2.0,0.9558581252978804,-0.009109254953840351,-0.2936873606000221,0.3875645208724983,-0.11045221984386444,0.010687061585485935,-0.027530964463949203,-0.02541200816631317,direct,SAFE_PROGRESSING,NONE,1,0,"1.388,22.353;1.041,22.015;0.694,21.676;0.347,21.338;0.000,21.000",0,1,PASS_THROUGH,-1,0.9542509170487805,-0.011294656283295068,-0.2987936044345728,0.3830658832031497,inf,9.448228723628732,0.0,0,0,0,DIRECT_LOCAL,PASS_THROUGH,0,BYPASS_VISIBLE,1,5,0.0,21.0,2.0,0.0,21.0,2.0,1,
690,23.033333,0.033333,1.3938062191009521,22.357736587524414,2.5936288833618164,2.352368735037545,-0.017995381727814674,-0.11467894847260036,0.011365879988530343,-0.027794368939209328,0.11854522932376439,0.0,21.0,2.0,0.9561541515834258,-0.008705005832983614,-0.2927344552375534,0.3883774199605131,-0.10567991435527802,0.010463441722095013,-0.02757226675748825,-0.02506934478878975,direct,SAFE_PROGRESSING,NONE,1,0,"1.391,22.355;1.043,22.016;0.695,21.678;0.348,21.339;0.000,21.000",1,1,PASS_THROUGH,-1,0.9999585594691178,-0.009103809337129898,0.0,0.3883774199605131,inf,9.451095779531752,0.0,0,0,0,DIRECT_LOCAL,PASS_THROUGH,0,BYPASS_VISIBLE,1,5,0.0,21.0,2.0,0.0,21.0,2.0,1,
691,23.066667,0.033333,1.396741271018982,22.3601131439209,2.592754602432251,2.351773544689984,-0.01767839305102825,-0.11006480870912012,0.011178101665680389,-0.027838278840076246,0.1140797170482173,0.0,21.0,2.0,0.9564419999824121,-0.008308991878834715,-0.29180414891430384,0.3891603483145184,-0.10082854330539703,0.010229078121483326,-0.02761707454919815,-0.024773772805929184,direct,SAFE_PROGRESSING,NONE,1,0,"1.394,22.358;1.045,22.018;0.697,21.679;0.348,21.339;-0.000,21.000",0,1,PASS_THROUGH,-1,0.9561541515834258,-0.008705005832983614,-0.2927344552375534,0.3883774199605131,inf,9.453842859590452,0.0,0,0,0,DIRECT_LOCAL,PASS_THROUGH,0,BYPASS_VISIBLE,1,5,0.0,21.0,2.0,0.0,21.0,2.0,1,
692,23.1,0.033333,1.399562954902649,22.362382888793945,2.5918776988983154,2.351188456498031,-0.017387930303812027,-0.10537181361758789,0.010978923459087936,-0.027885314069114056,0.10955065771647984,0.0,21.0,2.0,0.9567217728199264,-0.007921251288723952,-0.2908963787851573,0.3899125000527227,-0.09589298069477081,0.009983500465750694,-0.027665693312883377,-0.024527018889784813,direct,SAFE_PROGRESSING,NONE,1,0,"1.397,22.360;1.048,22.020;0.698,21.680;0.349,21.340;0.000,21.000",0,1,PASS_THROUGH,-1,0.9561541515834258,-0.008705005832983614,-0.2927344552375534,0.3883774199605131,inf,9.456469557106997,0.0,0,0,0,DIRECT_LOCAL,PASS_THROUGH,0,BYPASS_VISIBLE,1,5,0.0,21.0,2.0,0.0,21.0,2.0,1,
693,23.133333,0.033333,1.4022693634033203,22.364547729492188,2.5909979343414307,2.350612615452603,-0.017125073820352554,-0.10059722929763852,0.010768085426783092,-0.027935507033139212,0.10495783324420681,0.0,21.0,2.0,0.9569935124048223,-0.0075401739783625965,-0.29001131528176133,0.39063351624838183,-0.09087256342172623,0.009728575125336647,-0.027718372642993927,-0.02432195097208023,direct,SAFE_PROGRESSING,NONE,1,0,"1.400,22.362;1.050,22.022;0.700,21.681;0.350,21.341;-0.000,21.000",0,1,PASS_THROUGH,-1,0.9561541515834258,-0.008705005832983614,-0.2927344552375534,0.3883774199605131,inf,9.458977435890242,0.0,0,0,0,DIRECT_LOCAL,PASS_THROUGH,0,BYPASS_VISIBLE,1,5,0.0,21.0,2.0,0.0,21.0,2.0,1,
694,23.166667,0.033333,1.4048577547073364,22.36660385131836,2.5901148319244385,2.350045046554731,-0.01689065806567669,-0.09573840016521054,0.01054530350439147,-0.027988732186871087,0.10030161425232453,0.0,21.0,2.0,0.9572574283841521,-0.007163574388981742,-0.2891485760043323,0.3913233892116257,-0.08576840162277222,0.009464315138757229,-0.027774788439273834,-0.024157363921403885,direct,SAFE_PROGRESSING,NONE,1,0,"1.402,22.365;1.052,22.023;0.701,21.682;0.351,21.341;-0.000,21.000",0,1,PASS_THROUGH,-1,0.9561541515834258,-0.008705005832983614,-0.2927344552375534,0.3883774199605131,inf,9.461362278457331,0.0,0,0,0,DIRECT_LOCAL,PASS_THROUGH,0,BYPASS_VISIBLE,1,5,0.0,21.0,2.0,0.0,21.0,2.0,1,
695,23.2,0.033333,1.4073257446289062,22.36855125427246,2.589228391647339,2.349484749235544,-0.016684962436556816,-0.09079297238508649,0.010310359213177883,-0.02804472618226299,0.09558333541084423,0.0,21.0,2.0,0.9575135539178862,-0.006790965532371018,-0.28830830173735444,0.39198119329373504,-0.08057931065559387,0.009189519099891186,-0.027834489941596985,-0.02403438463807106,direct,SAFE_PROGRESSING,NONE,1,0,"1.405,22.367;1.054,22.025;0.702,21.683;0.351,21.342;-0.000,21.000",0,1,PASS_THROUGH,-1,0.9561541515834258,-0.008705005832983614,-0.2927344552375534,0.3883774199605131,inf,9.463623696596239,0.0,0,0,0,DIRECT_LOCAL,PASS_THROUGH,0,BYPASS_VISIBLE,1,5,0.0,21.0,2.0,0.0,21.0,2.0,1,
696,23.233333,0.033333,1.4096709489822388,22.370380401611328,2.5883381366729736,2.3489308628769914,-0.016507994383573532,-0.08575890539385515,0.010063106066775261,-0.028103139741951604,0.0908055197739599,0.0,21.0,2.0,0.957761980463107,-0.006420778421082185,-0.2874904561613379,0.3926065861427203,-0.07530344277620316,0.008903573267161846,-0.027897391468286514,-0.02395397424697876,direct,SAFE_PROGRESSING,NONE,1,0,"1.407,22.369;1.055,22.026;0.704,21.684;0.352,21.342;-0.000,21.000",1,1,PASS_THROUGH,-1,0.9999775293546671,-0.006703788908955233,0.0,0.3926065861427203,inf,9.465751853475641,0.0,0,0,0,DIRECT_LOCAL,PASS_THROUGH,0,BYPASS_VISIBLE,1,5,0.0,21.0,2.0,0.0,21.0,2.0,1,
697,23.266667,0.033333,1.4118911027908325,22.372100830078125,2.5874440670013428,2.3483823248963276,-0.016359688714146614,-0.08063450379491763,0.009803496997686479,-0.02816385950828415,0.08597229052455564,0.0,21.0,2.0,0.9580025705862945,-0.006054583273258085,-0.28669568669835144,0.39319789569756913,-0.06993770599365234,0.008606569841504097,-0.027963757514953613,-0.02391517162322998,direct,SAFE_PROGRESSING,NONE,1,0,"1.410,22.370;1.057,22.028;0.705,21.685;0.352,21.343;0.000,21.000",0,1,PASS_THROUGH,-1,0.957761980463107,-0.006420778421082185,-0.2874904561613379,0.3926065861427203,inf,9.467755829949763,0.0,0,0,0,DIRECT_LOCAL,PASS_THROUGH,0,BYPASS_VISIBLE,1,5,0.0,21.0,2.0,0.0,21.0,2.0,1,
698,23.3,0.033333,1.41398286819458,22.373701095581055,2.5865461826324463,2.347838319844684,-0.016239937394857407,-0.07541825496631978,0.009531460666251983,-0.02822687944063716,0.08108957175588849,0.0,21.0,2.0,0.9582356980150725,-0.005687560738043329,-0.2859230643064982,0.3937561262528365,-0.06447996944189072,0.008298138156533241,-0.02803364023566246,-0.023916222155094147,direct,SAFE_PROGRESSING,NONE,1,0,"1.412,22.372;1.059,22.029;0.706,21.686;0.353,21.343;-0.000,21.000",0,1,PASS_THROUGH,-1,0.957761980463107,-0.006420778421082185,-0.2874904561613379,0.3926065861427203,inf,9.46962377413856,0.0,0,0,0,DIRECT_LOCAL,PASS_THROUGH,0,BYPASS_VISIBLE,1,5,0.0,21.0,2.0,0.0,21.0,2.0,1,
699,23.333333,0.033333,1.415944218635559,22.375186920166016,2.585644245147705,2.347297700190911,-0.016148556023836136,-0.07010859458189043,0.009246968041305093,-0.028292329330986375,0.07616546035558237,0.0,21.0,2.0,0.958461072240443,-0.005321536853487074,-0.28517372642867667,0.39427920318212883,-0.05893118306994438,0.007979190908372402,-0.028107017278671265,-0.023951999843120575,direct,SAFE_PROGRESSING,NONE,1,0,"1.414,22.374;1.060,22.030;0.707,21.687;0.353,21.343;-0.000,21.000",0,1,PASS_THROUGH,-1,0.957761980463107,-0.006420778421082185,-0.2874904561613379,0.3926065861427203,inf,9.4713610222679,0.0,0,0,0,DIRECT_LOCAL,PASS_THROUGH,0,BYPASS_VISIBLE,1,5,0.0,21.0,2.0,0.0,21.0,2.0,1,
700,23.366667,0.033333,1.4177724123001099,22.376554489135742,2.5847373008728027,2.3467598252632067,-0.01608501374721527,-0.06470397024286909,0.008949987894331494,-0.02836012763258923,0.07121097449014106,0.0,21.0,2.0,0.9586789747422169,-0.004953277392294009,-0.284446987029722,0.3947676326997012,-0.0532890185713768,0.007649040315300226,-0.028183676302433014,-0.024022841826081276,direct,SAFE_PROGRESSING,NONE,1,0,"1.416,22.375;1.062,22.031;0.708,21.688;0.354,21.344;-0.000,21.000",0,1,PASS_THROUGH,-1,0.957761980463107,-0.006420778421082185,-0.2874904561613379,0.3926065861427203,inf,9.472963366644723,0.0,0,0,0,DIRECT_LOCAL,PASS_THROUGH,0,BYPASS_VISIBLE,1,5,0.0,21.0,2.0,0.0,21.0,2.0,1,
701,23.4,0.033333,1.4194645881652832,22.3778018951416,2.5838260650634766,2.3462234185358097,-0.01604844629764557,-0.05920287144592784,0.008640573530705197,-0.02843016111367181,0.0662413281821245,0.0,21.0,2.0,0.9588894760213669,-0.00458202279568809,-0.2837428022744688,0.3952204890761124,-0.04755508154630661,0.007307135965675116,-0.0282635185867548,-0.024128034710884094,direct,SAFE_PROGRESSING,NONE,1,0,"1.418,22.377;1.063,22.032;0.709,21.688;0.354,21.344;-0.000,21.000",0,1,PASS_THROUGH,-1,0.957761980463107,-0.006420778421082185,-0.2874904561613379,0.3926065861427203,inf,9.474428475666816,0.0,0,0,0,DIRECT_LOCAL,PASS_THROUGH,0,BYPASS_VISIBLE,1,5,0.0,21.0,2.0,0.0,21.0,2.0,1,
702,23.433333,0.033333,1.421018123626709,22.378925323486328,2.58290958404541,2.3456878754715413,-0.016038021072745323,-0.05360393809460097,0.00831877188306978,-0.02850235613201835,0.06127779736551218,0.0,21.0,2.0,0.9590924710639677,-0.0042069496667503925,-0.2830617132762995,0.39563709529370605,-0.041726380586624146,0.006952761206775904,-0.028346514329314232,-0.02426774986088276,direct,SAFE_PROGRESSING,NONE,1,0,"1.419,22.378;1.065,22.033;0.710,21.689;0.355,21.344;-0.000,21.000",1,1,PASS_THROUGH,-1,0.9999903799483028,-0.004386343676548887,0.0,0.39563709529370605,inf,9.475752162884598,0.0,0,0,0,DIRECT_LOCAL,PASS_THROUGH,0,BYPASS_VISIBLE,1,5,0.0,21.0,2.0,0.0,21.0,2.0,1,
703,23.466667,0.033333,1.422430396080017,22.379924774169922,2.5819883346557617,2.345152316313503,-0.016052978113293648,-0.047906005510022956,0.007984575538068053,-0.028576573728350374,0.05635032720846711,0.0,21.0,2.0,0.9592880240965667,-0.0038277140963179357,-0.28240367460375154,0.39601654285786836,-0.035805150866508484,0.006586130708456039,-0.02843247912824154,-0.024438437074422836,direct,SAFE_PROGRESSING,NONE,1,0,"1.421,22.379;1.066,22.034;0.711,21.689;0.355,21.345;-0.000,21.000",0,1,PASS_THROUGH,-1,0.9590924710639677,-0.0042069496667503925,-0.2830617132762995,0.39563709529370605,inf,9.47693402428014,0.0,0,0,0,DIRECT_LOCAL,PASS_THROUGH,0,BYPASS_VISIBLE,1,5,0.0,21.0,2.0,0.0,21.0,2.0,1,
704,23.5,0.033333,1.4236984252929688,22.380800247192383,2.581061601638794,2.344615776864064,-0.016092443838715553,-0.04210816743374595,0.007637982504723875,-0.02865278300632477,0.05150163604564793,0.0,21.0,2.0,0.9594761150485003,-0.003442562070675337,-0.28176893621871585,0.3963584546372268,-0.029788970947265625,0.006207671016454697,-0.02852163277566433,-0.02463728003203869,direct,SAFE_PROGRESSING,NONE,1,0,"1.422,22.380;1.067,22.035;0.711,21.690;0.356,21.345;-0.000,21.000",0,1,PASS_THROUGH,-1,0.9590924710639677,-0.0042069496667503925,-0.2830617132762995,0.39563709529370605,inf,9.477973610307057,0.0,0,0,0,DIRECT_LOCAL,PASS_THROUGH,0,BYPASS_VISIBLE,1,5,0.0,21.0,2.0,0.0,21.0,2.0,1,
705,23.533333,0.033333,1.4248193502426147,22.38154411315918,2.5801291465759277,2.344077382848424,-0.016155345365405083,-0.036209749556189316,0.0072789715023167225,-0.02873106538253126,0.04679319936773695,0.0,21.0,2.0,0.9596568629955091,-0.003049705554854565,-0.2811572595570803,0.39666240199082264,-0.023676976561546326,0.005817039869725704,-0.02861393429338932,-0.02486235275864601,direct,SAFE_PROGRESSING,NONE,1,0,"1.424,22.381;1.068,22.036;0.712,21.690;0.356,21.345;-0.000,21.000",0,1,PASS_THROUGH,-1,0.9590924710639677,-0.0042069496667503925,-0.2830617132762995,0.39563709529370605,inf,9.478862932317409,0.0,0,0,0,DIRECT_LOCAL,PASS_THROUGH,0,BYPASS_VISIBLE,1,5,0.0,21.0,2.0,0.0,21.0,2.0,1,
706,23.566667,0.033333,1.4257906675338745,22.382158279418945,2.579190731048584,2.343536575961538,-0.016240539029240608,-0.030210240508626366,0.0069075414848187395,-0.02881133325732904,0.0423138947039671,0.0,21.0,2.0,0.9598301093072539,-0.002650347311046297,-0.28056930859656753,0.39692691102673155,-0.01747162640094757,0.005414248909801245,-0.028709126636385918,-0.02511056512594223,direct,SAFE_PROGRESSING,NONE,1,0,"1.425,22.382;1.069,22.036;0.712,21.691;0.356,21.345;-0.000,21.000",0,1,PASS_THROUGH,-1,0.9590924710639677,-0.0042069496667503925,-0.2830617132762995,0.39563709529370605,inf,9.479603502353228,0.0,0,0,0,DIRECT_LOCAL,PASS_THROUGH,0,BYPASS_VISIBLE,1,5,0.0,21.0,2.0,0.0,21.0,2.0,1,
707,23.6,0.033333,1.4266092777252197,22.382638931274414,2.5782463550567627,2.342992558518211,-0.016346681863069534,-0.024109274679090617,0.006523728800424182,-0.028893451539349944,0.038192246659107226,0.0,21.0,2.0,0.9599959654821967,-0.002242266772510715,-0.28000485441796497,0.3971518871662594,-0.011172685772180557,0.0049998825415968895,-0.028807157650589943,-0.025378677994012833,direct,SAFE_PROGRESSING,NONE,1,0,"1.426,22.382;1.069,22.037;0.713,21.691;0.356,21.346;-0.000,21.000",0,1,PASS_THROUGH,-1,0.9590924710639677,-0.0042069496667503925,-0.2830617132762995,0.39563709529370605,inf,9.480191086450036,0.0,0,0,0,DIRECT_LOCAL,PASS_THROUGH,0,BYPASS_VISIBLE,1,5,0.0,21.0,2.0,0.0,21.0,2.0,1,
708,23.633333,0.033333,1.4272723197937012,22.38298797607422,2.5772955417633057,2.3424446260737803,-0.016472306102514267,-0.017906711343036008,0.006127627320402626,-0.028977393276062555,0.03461051066910389,0.0,21.0,2.0,0.9601543319943564,-0.0018251169190420247,-0.279464358551682,0.3973363535126041,-0.004781516268849373,0.004573920276015997,-0.02890784665942192,-0.025663375854492188,direct,SAFE_PROGRESSING,NONE,1,0,"1.427,22.383;1.070,22.037;0.713,21.691;0.357,21.346;-0.000,21.000",1,1,PASS_THROUGH,-1,0.9999981933745736,-0.0019008544365450297,0.0,0.3973363535126041,inf,9.48062715614629,0.0,0,0,0,DIRECT_LOCAL,PASS_THROUGH,0,BYPASS_VISIBLE,1,5,0.0,21.0,2.0,0.0,21.0,2.0,1,
709,23.666667,0.033333,1.42777681350708,22.38319969177246,2.576338052749634,2.341892202031927,-0.01661572977900505,-0.011602652937594249,0.00571938470873118,-0.02906310754297304,0.03181190243747061,0.0,21.0,2.0,0.9603053258785205,-0.0013967659637894592,-0.27894754011138195,0.397480163873125,0.0017037985380738974,0.0041358694434165955,-0.029011275619268417,-0.02596362680196762,direct,SAFE_PROGRESSING,NONE,1,0,"1.427,22.383;1.070,22.037;0.714,21.691;0.357,21.346;0.000,21.000",0,1,PASS_THROUGH,-1,0.9601543319943564,-0.0018251169190420247,-0.279464358551682,0.3973363535126041,inf,9.480905612990329,0.0,0,0,0,DIRECT_LOCAL,PASS_THROUGH,0,BYPASS_VISIBLE,1,5,0.0,21.0,2.0,0.0,21.0,2.0,1,
710,23.7,0.033333,1.4281201362609863,22.38327407836914,2.575374126434326,2.3413346080597206,-0.016775287687778473,-0.005197375431727513,0.0052991860569354,-0.029150719700623214,0.030080866731340136,0.0,21.0,2.0,0.9604488184504277,-0.0009575891004371395,-0.2784549338049018,0.3975820929824613,0.008285965770483017,0.00368642364628613,-0.029117528349161148,-0.02627534419298172,direct,SAFE_PROGRESSING,NONE,1,0,"1.428,22.383;1.071,22.037;0.714,21.692;0.357,21.346;0.000,21.000",0,1,PASS_THROUGH,-1,0.9601543319943564,-0.0018251169190420247,-0.279464358551682,0.3973363535126041,inf,9.481026080977312,0.0,0,0,0,DIRECT_LOCAL,PASS_THROUGH,0,BYPASS_VISIBLE,1,5,0.0,21.0,2.0,0.0,21.0,2.0,1,
711,23.733333,0.033333,1.4282995462417603,22.383209228515625,2.5744025707244873,2.3407714979629413,-0.01694922335445881,0.0013088524823361273,0.004867221638684442,-0.029240203342596978,0.029671407664905537,0.0,21.0,2.0,0.9605847758325756,-0.000506412345723628,-0.2779867478589882,0.39764176337412516,0.014963846653699875,0.0032255779951810837,-0.029226599261164665,-0.026595909148454666,direct,SAFE_PROGRESSING,NONE,1,0,"1.428,22.383;1.071,22.037;0.714,21.692;0.357,21.346;-0.000,21.000",0,1,PASS_THROUGH,-1,0.9601543319943564,-0.0018251169190420247,-0.279464358551682,0.3973363535126041,inf,9.48098628359595,0.0,0,0,0,DIRECT_LOCAL,PASS_THROUGH,0,BYPASS_VISIBLE,1,5,0.0,21.0,2.0,0.0,21.0,2.0,1,
712,23.766667,0.033333,1.4283117055892944,22.38300323486328,2.5734236240386963,2.3402024113385664,-0.017135711386799812,0.007915870668319695,0.004423689983477542,-0.029331648926730968,0.03070139524954007,0.0,21.0,2.0,0.960713288043445,-4.2570727294355404e-05,-0.27754274691385,0.3976585149922083,0.021732386201620102,0.002753263106569648,-0.02933817356824875,-0.026922229677438736,direct,SAFE_PROGRESSING,NONE,1,0,"1.428,22.383;1.071,22.037;0.714,21.692;0.357,21.346;0.000,21.000",0,1,PASS_THROUGH,-1,0.9601543319943564,-0.0018251169190420247,-0.279464358551682,0.3973363535126041,inf,9.480783868752603,0.0,0,0,0,DIRECT_LOCAL,PASS_THROUGH,0,BYPASS_VISIBLE,1,5,0.0,21.0,2.0,0.0,21.0,2.0,1,
713,23.8,0.033333,1.4281545877456665,22.38265609741211,2.572437047958374,2.3396268540847194,-0.01733286678791046,0.014623439492116514,0.003968790447504534,-0.029425011948811343,0.033097244724953866,0.0,21.0,2.0,0.960834237660085,0.0004348371227211323,-0.27712339969197836,0.39763160216289145,0.028591474518179893,0.0022687758319079876,-0.0294523723423481,-0.027254529297351837,direct,SAFE_PROGRESSING,NONE,1,0,"1.428,22.383;1.071,22.037;0.714,21.692;0.357,21.346;0.000,21.000",0,1,PASS_THROUGH,-1,0.9601543319943564,-0.0018251169190420247,-0.279464358551682,0.3973363535126041,inf,9.480418558608614,0.0,0,0,0,DIRECT_LOCAL,PASS_THROUGH,0,BYPASS_VISIBLE,1,5,0.0,21.0,2.0,0.0,21.0,2.0,1,
714,23.833333,0.033333,1.4278249740600586,22.382164001464844,2.5714423656463623,2.339044623056942,-0.017538918182253838,0.021431039687650505,0.003502682474305153,-0.029520370605578668,0.036647108034607155,0.0,21.0,2.0,0.9609476456015207,0.000926658476369635,-0.2767286824977896,0.3975607329810065,0.03554045408964157,0.001772846793755889,-0.029569167643785477,-0.027588168159127235,direct,SAFE_PROGRESSING,NONE,1,0,"1.428,22.383;1.071,22.037;0.714,21.691;0.357,21.346;0.000,21.000",1,1,PASS_THROUGH,-1,0.9999995350463593,0.0009643168904757138,0.0,0.3975607329810065,inf,9.47988614011918,0.0,0,0,0,DIRECT_LOCAL,PASS_THROUGH,0,BYPASS_VISIBLE,1,5,0.0,21.0,2.0,0.0,21.0,2.0,1,
715,23.866667,0.033333,1.427319884300232,22.38152313232422,2.570439577102661,2.3384553879944234,-0.01775217615067959,0.028337800417575443,0.0030254982032089754,-0.029617749540205206,0.04110225857188734,0.0,21.0,2.0,0.9610534266188948,0.0014329432458040081,-0.2763589293975043,0.3974449135915525,0.042576566338539124,0.0012663797242566943,-0.029688432812690735,-0.027918236330151558,direct,SAFE_PROGRESSING,NONE,1,0,"1.428,22.382;1.071,22.037;0.714,21.691;0.357,21.346;0.000,21.000",0,1,PASS_THROUGH,-1,0.9609476456015207,0.000926658476369635,-0.2767286824977896,0.3975607329810065,inf,9.479182439441622,0.0,0,0,0,DIRECT_LOCAL,PASS_THROUGH,0,BYPASS_VISIBLE,1,5,0.0,21.0,2.0,0.0,21.0,2.0,1,
716,23.9,0.033333,1.4266366958618164,22.380733489990234,2.5694286823272705,2.337858844599515,-0.017970765009522438,0.035342498915298164,0.0025373638494983657,-0.029717156604887555,0.04624543049385534,0.0,21.0,2.0,0.9611514349819702,0.001953639537810803,-0.2760146777340938,0.39728318450524674,0.04969816654920578,0.0007500313222408295,-0.029810108244419098,-0.02824077382683754,direct,SAFE_PROGRESSING,NONE,1,0,"1.427,22.382;1.070,22.036;0.714,21.691;0.357,21.345;-0.000,21.000",0,1,PASS_THROUGH,-1,0.9609476456015207,0.000926658476369635,-0.2767286824977896,0.3975607329810065,inf,9.478307117668596,0.0,0,0,0,DIRECT_LOCAL,PASS_THROUGH,0,BYPASS_VISIBLE,1,5,0.0,21.0,2.0,0.0,21.0,2.0,1,
717,23.933333,0.033333,1.4257725477218628,22.379793167114258,2.568408727645874,2.337254915319098,-0.018192632123827934,0.04244357443068671,0.002038489397569469,-0.029818610701026392,0.051911097018042425,0.0,21.0,2.0,0.9612416236160886,0.0024896875666891582,-0.2756961053111306,0.3970751683175433,0.05690440908074379,0.00022348016500473022,-0.029934149235486984,-0.02855440229177475,direct,SAFE_PROGRESSING,NONE,1,0,"1.427,22.381;1.070,22.036;0.713,21.690;0.357,21.345;0.000,21.000",0,1,PASS_THROUGH,-1,0.9609476456015207,0.000926658476369635,-0.2767286824977896,0.3975607329810065,inf,9.477257921322217,0.0,0,0,0,DIRECT_LOCAL,PASS_THROUGH,0,BYPASS_VISIBLE,1,5,0.0,21.0,2.0,0.0,21.0,2.0,1,
718,23.966667,0.033333,1.4247245788574219,22.378700256347656,2.5673797130584717,2.3366436750501935,-0.018415672704577446,0.04963922243489915,0.0015291569663433621,-0.029922246903299872,0.05798044139803655,0.0,21.0,2.0,0.9613240058211889,0.0030413041761172543,-0.27540317046252594,0.39682018808787867,0.06419156491756439,-0.0003122398629784584,-0.0300605408847332,-0.028854120522737503,direct,SAFE_PROGRESSING,NONE,1,0,"1.426,22.380;1.069,22.035;0.713,21.690;0.356,21.345;0.000,21.000",0,1,PASS_THROUGH,-1,0.9609476456015207,0.000926658476369635,-0.2767286824977896,0.3975607329810065,inf,9.47603260479421,0.0,0,0,0,DIRECT_LOCAL,PASS_THROUGH,0,BYPASS_VISIBLE,1,5,0.0,21.0,2.0,0.0,21.0,2.0,1,
719,24.0,0.033333,1.4234904050827026,22.37745475769043,2.5663411617279053,2.3360249076946604,-0.018637696281075478,0.05692744687643254,0.0010097078462297836,-0.03002812866413465,0.06436957533550779,0.0,21.0,2.0,0.9613984639088637,0.003608991340069534,-0.275136273099685,0.3965175669477231,0.0715571790933609,-0.000856081023812294,-0.0301891528069973,-0.029134534299373627,direct,SAFE_PROGRESSING,NONE,1,0,"1.425,22.379;1.069,22.034;0.712,21.689;0.356,21.345;-0.000,21.000",0,1,PASS_THROUGH,-1,0.9609476456015207,0.000926658476369635,-0.2767286824977896,0.3975607329810065,inf,9.474630885204226,0.0,0,0,0,DIRECT_LOCAL,PASS_THROUGH,0,BYPASS_VISIBLE,1,5,0.0,21.0,2.0,0.0,21.0,2.0,1,
720,24.033333,0.033333,1.4220670461654663,22.376054763793945,2.565293312072754,2.335398828258311,-0.018856320530176163,0.0643060261496141,0.00048056257306039425,-0.030136320844164864,0.07101896770274771,0.0,21.0,2.0,0.9614649936715027,0.004193347540435044,-0.2748954015269486,0.39616696191613543,0.07900058478116989,-0.0014082154957577586,-0.030319886282086372,-0.02939480170607567,direct,SAFE_PROGRESSING,NONE,1,0,"1.423,22.377;1.068,22.033;0.712,21.689;0.356,21.344;-0.000,21.000",1,1,PASS_THROUGH,-1,0.9999904891666678,0.004361373202151297,0.0,0.39616696191613543,inf,9.473050517640063,0.0,0,0,0,DIRECT_LOCAL,PASS_THROUGH,0,BYPASS_VISIBLE,1,5,0.0,21.0,2.0,0.0,21.0,2.0,1,
721,24.066667,0.033333,1.420452356338501,22.374496459960938,2.5642356872558594,2.334765550359647,-0.01906915195286274,0.07177258976886913,-5.7796716575445255e-05,-0.030246781126887962,0.07788565818639973,0.0,21.0,2.0,0.9615234273533141,0.004794612315915769,-0.2746811066372713,0.3957676791629041,0.08651761710643768,-0.001967167016118765,-0.030452672392129898,-0.02962842583656311,direct,SAFE_PROGRESSING,NONE,1,0,"1.422,22.376;1.067,22.032;0.711,21.688;0.356,21.344;-0.000,21.000",0,1,PASS_THROUGH,-1,0.9614649936715027,0.004193347540435044,-0.2748954015269486,0.39616696191613543,inf,9.471287489815644,0.0,0,0,0,DIRECT_LOCAL,PASS_THROUGH,0,BYPASS_VISIBLE,1,5,0.0,21.0,2.0,0.0,21.0,2.0,1,
722,24.1,0.033333,1.4186434745788574,22.372779846191406,2.5631678104400635,2.3341253431276607,-0.01927371136844158,0.07932459953175218,-0.0006048375577018163,-0.030359611943058428,0.08493800066329063,0.0,21.0,2.0,0.9615736599273081,0.005411934396146123,-0.2744937294367462,0.3953188796439021,0.09410421550273895,-0.0025320323184132576,-0.03058747947216034,-0.029832854866981506,direct,SAFE_PROGRESSING,NONE,1,0,"1.420,22.374;1.065,22.031;0.710,21.687;0.355,21.344;-0.000,21.000",0,1,PASS_THROUGH,-1,0.9614649936715027,0.004193347540435044,-0.2748954015269486,0.39616696191613543,inf,9.469341480987225,0.0,0,0,0,DIRECT_LOCAL,PASS_THROUGH,0,BYPASS_VISIBLE,1,5,0.0,21.0,2.0,0.0,21.0,2.0,1,
723,24.133333,0.033333,1.4166381359100342,22.370901107788086,2.562089443206787,2.3334784763767504,-0.019467459991574287,0.0869592955976894,-0.0011599785311238466,-0.030474919695392764,0.09215196889638133,0.0,21.0,2.0,0.9616156488401175,0.006046043256200895,-0.27433335427312516,0.3948201521743526,0.1017584353685379,-0.0031027463264763355,-0.030724260956048965,-0.030005767941474915,direct,SAFE_PROGRESSING,NONE,1,0,"1.419,22.373;1.064,22.030;0.709,21.686;0.355,21.343;-0.000,21.000",0,1,PASS_THROUGH,-1,0.9614649936715027,0.004193347540435044,-0.2748954015269486,0.39616696191613543,inf,9.46720848152146,0.0,0,0,0,DIRECT_LOCAL,PASS_THROUGH,0,BYPASS_VISIBLE,1,5,0.0,21.0,2.0,0.0,21.0,2.0,1,
724,24.166667,0.033333,1.4144338369369507,22.368860244750977,2.561000108718872,2.332825330043713,-0.019647901877760887,0.09467368249735472,-0.0017226260133753838,-0.030592835906938946,0.09950876949706884,0.0,21.0,2.0,0.9616492402910024,0.006696034196542466,-0.2742004773405345,0.3942706408267934,0.1094784289598465,-0.003678973065689206,-0.030862966552376747,-0.03014533221721649,direct,SAFE_PROGRESSING,NONE,1,0,"1.417,22.371;1.062,22.028;0.708,21.685;0.354,21.343;0.000,21.000",0,1,PASS_THROUGH,-1,0.9614649936715027,0.004193347540435044,-0.2748954015269486,0.39616696191613543,inf,9.464888238975583,0.0,0,0,0,DIRECT_LOCAL,PASS_THROUGH,0,BYPASS_VISIBLE,1,5,0.0,21.0,2.0,0.0,21.0,2.0,1,
725,24.2,0.033333,1.4120283126831055,22.36665916442871,2.5599005222320557,2.332166541121599,-0.01981271058320999,0.10246453029693696,-0.002292122323662658,-0.030713416943019337,0.10699321368215041,0.0,21.0,2.0,0.9616743867206798,0.007362180114103722,-0.27409518826380724,0.393669986091492,0.1172584742307663,-0.004258794244378805,-0.03100350685417652,-0.03024548664689064,direct,SAFE_PROGRESSING,NONE,1,0,"1.414,22.369;1.061,22.027;0.707,21.684;0.354,21.342;0.000,21.000",0,1,PASS_THROUGH,-1,0.9614649936715027,0.004193347540435044,-0.2748954015269486,0.39616696191613543,inf,9.462382433616757,0.0,0,0,0,DIRECT_LOCAL,PASS_THROUGH,0,BYPASS_VISIBLE,1,5,0.0,21.0,2.0,0.0,21.0,2.0,1,
726,24.233333,0.033333,1.4094194173812866,22.364295959472656,2.5587897300720215,2.331502550102293,-0.01995960809290409,0.11032844937704145,-0.0028678180933949505,-0.030836824209758168,0.11459276089658858,0.0,21.0,2.0,0.9616909255936427,0.008045544472264077,-0.2740179425603143,0.39301812820966314,0.12509466707706451,-0.004840463865548372,-0.0311458520591259,-0.030300889164209366,direct,SAFE_PROGRESSING,NONE,1,0,"1.412,22.367;1.059,22.025;0.706,21.683;0.353,21.342;-0.000,21.000",1,1,PASS_THROUGH,-1,0.9999650065266859,0.008365746953213682,0.0,0.39301812820966314,inf,9.459688992968799,0.0,0,0,0,DIRECT_LOCAL,PASS_THROUGH,0,BYPASS_VISIBLE,1,5,0.0,21.0,2.0,0.0,21.0,2.0,1,
727,24.266667,0.033333,1.4066052436828613,22.36176872253418,2.5576674938201904,2.330833893135848,-0.020086124539375305,0.11826178097080702,-0.003449082502461087,-0.030963124148518376,0.12229660692567267,0.0,21.0,2.0,0.9616988158925694,0.008745733376166853,-0.27396879322021855,0.39231449420712566,0.1329801380634308,-0.005422770511358976,-0.03128978610038757,-0.03030819445848465,direct,SAFE_PROGRESSING,NONE,1,0,"1.409,22.364;1.057,22.023;0.705,21.682;0.352,21.341;-0.000,21.000",0,1,PASS_THROUGH,-1,0.9616909255936427,0.008045544472264077,-0.2740179425603143,0.39301812820966314,inf,9.456805887595108,0.0,0,0,0,DIRECT_LOCAL,PASS_THROUGH,0,BYPASS_VISIBLE,1,5,0.0,21.0,2.0,0.0,21.0,2.0,1,
728,24.3,0.033333,1.4035836458206177,22.359073638916016,2.5565338134765625,2.330161633892086,-0.020189665257930756,0.1262604973974441,-0.004035041239222927,-0.0310924949409033,0.13009511137049817,0.0,21.0,2.0,0.961697927906584,0.009461773360356307,-0.2739481160823345,0.3915585455703141,0.14091293513774872,-0.0060050818137824535,-0.031435318291187286,-0.030265605077147484,direct,SAFE_PROGRESSING,NONE,1,0,"1.407,22.362;1.055,22.021;0.703,21.681;0.352,21.340;-0.000,21.000",0,1,PASS_THROUGH,-1,0.9616909255936427,0.008045544472264077,-0.2740179425603143,0.39301812820966314,inf,9.453729177059246,0.0,0,0,0,DIRECT_LOCAL,PASS_THROUGH,0,BYPASS_VISIBLE,1,5,0.0,21.0,2.0,0.0,21.0,2.0,1,
729,24.333333,0.033333,1.4003527164459229,22.356203079223633,2.5553882122039795,2.3294863208936385,-0.020267708227038383,0.13432024160197528,-0.004624776854363604,-0.03122514517260783,0.13797943888861156,0.0,21.0,2.0,0.9616880393474261,0.010192602197378109,-0.273956613054968,0.39074944436615733,0.1488887071609497,-0.006585441529750824,-0.03158238157629967,-0.030167948454618454,direct,SAFE_PROGRESSING,NONE,1,0,"1.404,22.359;1.053,22.019;0.702,21.680;0.351,21.340;-0.000,21.000",0,1,PASS_THROUGH,-1,0.9616909255936427,0.008045544472264077,-0.2740179425603143,0.39301812820966314,inf,9.450451183971845,0.0,0,0,0,DIRECT_LOCAL,PASS_THROUGH,0,BYPASS_VISIBLE,1,5,0.0,21.0,2.0,0.0,21.0,2.0,1,
730,24.366667,0.033333,1.3969104290008545,22.353168487548828,2.5542304515838623,2.328808924414085,-0.020317642018198967,0.14243632235877773,-0.005217213486345429,-0.03136121035385101,0.14594125790369988,0.0,21.0,2.0,0.9616689107241982,0.010935322889703336,-0.2739951183138709,0.38988585624785815,0.15690220892429352,-0.007162242196500301,-0.03173097223043442,-0.03001113049685955,direct,SAFE_PROGRESSING,NONE,1,0,"1.400,22.356;1.050,22.017;0.700,21.678;0.350,21.339;-0.000,21.000",0,1,PASS_THROUGH,-1,0.9616909255936427,0.008045544472264077,-0.2740179425603143,0.39301812820966314,inf,9.446983128072212,0.0,0,0,0,DIRECT_LOCAL,PASS_THROUGH,0,BYPASS_VISIBLE,1,5,0.0,21.0,2.0,0.0,21.0,2.0,1,
731,24.4,0.033333,1.3932559490203857,22.34996795654297,2.553061008453369,2.3281303123739403,-0.02033691667020321,0.1506038955782347,-0.005811239390464376,-0.03150075322248996,0.1539727291444082,0.0,21.0,2.0,0.9616406738187085,0.011693948928149067,-0.2740628869729828,0.388969083724994,0.1649467796087265,-0.007733575999736786,-0.03188098222017288,-0.029790721833705902,direct,SAFE_PROGRESSING,NONE,1,0,"1.397,22.353;1.048,22.015;0.698,21.677;0.349,21.338;-0.000,21.000",0,1,PASS_THROUGH,-1,0.9616909255936427,0.008045544472264077,-0.2740179425603143,0.39301812820966314,inf,9.443323170377662,0.0,0,0,0,DIRECT_LOCAL,PASS_THROUGH,0,BYPASS_VISIBLE,1,5,0.0,21.0,2.0,0.0,21.0,2.0,1,
732,24.433333,0.033333,1.3893873691558838,22.346590042114258,2.5518789291381836,2.3274517056629005,-0.020322956144809723,0.15881791293959407,-0.00640561803456288,-0.03164394557435687,0.16206634661275637,0.0,21.0,2.0,0.9616031033515653,0.012467039882402609,-0.2741606181441991,0.3879987434605166,0.1730177402496338,-0.00829719752073288,-0.032032232731580734,-0.029501836746931076,direct,SAFE_PROGRESSING,NONE,1,0,"1.393,22.350;1.045,22.012;0.697,21.675;0.348,21.337;-0.000,21.000",1,1,PASS_THROUGH,-1,0.9999159669272728,0.012963760407266378,0.0,0.3879987434605166,inf,9.439459888382531,0.0,0,0,0,DIRECT_LOCAL,PASS_THROUGH,0,BYPASS_VISIBLE,1,5,0.0,21.0,2.0,0.0,21.0,2.0,1,
733,24.466667,0.033333,1.3853033781051636,22.343046188354492,2.550684690475464,2.326774246727871,-0.020273014903068542,0.1670730330591864,-0.006999060032178187,-0.031790939427064006,0.17021471454191403,0.0,21.0,2.0,0.9615559174435749,0.013250206095500816,-0.27428935390873543,0.3869729707920793,0.18111246824264526,-0.008852803148329258,-0.03218478709459305,-0.029145054519176483,direct,SAFE_PROGRESSING,NONE,1,0,"1.389,22.347;1.042,22.010;0.695,21.673;0.347,21.337;-0.000,21.000",0,1,PASS_THROUGH,-1,0.9616031033515653,0.012467039882402609,-0.2741606181441991,0.3879987434605166,inf,9.435404635366277,0.0,0,0,0,DIRECT_LOCAL,PASS_THROUGH,0,BYPASS_VISIBLE,1,5,0.0,21.0,2.0,0.0,21.0,2.0,1,
734,24.5,0.033333,1.3810030221939087,22.339324951171875,2.5494778156280518,2.3260994560010717,-0.020184481516480446,0.17536383953170503,-0.007590099045601433,-0.031941835339411154,0.17841066858143229,0.0,21.0,2.0,0.961499148641297,0.014046660407685596,-0.27444868098326175,0.3858931724424835,0.18922246992588043,-0.009398248046636581,-0.03233853355050087,-0.028715550899505615,direct,SAFE_PROGRESSING,NONE,1,0,"1.385,22.343;1.039,22.007;0.693,21.672;0.346,21.336;-0.000,21.000",0,1,PASS_THROUGH,-1,0.9616031033515653,0.012467039882402609,-0.2741606181441991,0.3879987434605166,inf,9.431146139961514,0.0,0,0,0,DIRECT_LOCAL,PASS_THROUGH,0,BYPASS_VISIBLE,1,5,0.0,21.0,2.0,0.0,21.0,2.0,1,
735,24.533333,0.033333,1.3764851093292236,22.335437774658203,2.548258066177368,2.3254283319471303,-0.02005476877093315,0.1836846293987187,-0.00817725938299165,-0.03209677406271013,0.18664702931896343,0.0,21.0,2.0,0.9614324658137233,0.014851836248169936,-0.27463983075912557,0.38475762095845506,0.1973424255847931,-0.009931846521794796,-0.032493527978658676,-0.028210889548063278,direct,SAFE_PROGRESSING,NONE,1,0,"1.381,22.339;1.036,22.004;0.691,21.670;0.345,21.335;-0.000,21.000",0,1,PASS_THROUGH,-1,0.9616031033515653,0.012467039882402609,-0.2741606181441991,0.3879987434605166,inf,9.42669579732893,0.0,0,0,0,DIRECT_LOCAL,PASS_THROUGH,0,BYPASS_VISIBLE,1,5,0.0,21.0,2.0,0.0,21.0,2.0,1,
736,24.566667,0.033333,1.371748924255371,22.33137321472168,2.547025680541992,2.324762421502591,-0.019881511107087135,0.19202959944171283,-0.008759081635223724,-0.03225595289856772,0.1949167388148894,0.0,21.0,2.0,0.9613559752625658,0.015668938323573967,-0.2748620985126415,0.38356774140634603,0.20546770095825195,-0.010452205315232277,-0.03264973312616348,-0.02762957289814949,direct,SAFE_PROGRESSING,NONE,1,0,"1.376,22.335;1.032,22.002;0.688,21.668;0.344,21.334;-0.000,21.000",0,1,PASS_THROUGH,-1,0.9616031033515653,0.012467039882402609,-0.2741606181441991,0.3879987434605166,inf,9.422042391636312,0.0,0,0,0,DIRECT_LOCAL,PASS_THROUGH,0,BYPASS_VISIBLE,1,5,0.0,21.0,2.0,0.0,21.0,2.0,1,
737,24.6,0.033333,1.3667938709259033,22.3271427154541,2.5457804203033447,2.3241031216280312,-0.019662559032440186,0.20039275099055184,-0.009334086226457814,-0.032419529464763244,0.20321271049312079,0.0,21.0,2.0,0.961269249768963,0.01649294644206445,-0.27511708810300073,0.382321840761111,0.2135894000530243,-0.010956022888422012,-0.03280706703662872,-0.026966121047735214,direct,SAFE_PROGRESSING,NONE,1,0,"1.372,22.331;1.029,21.999;0.686,21.666;0.343,21.333;-0.000,21.000",0,1,PASS_THROUGH,-1,0.9616031033515653,0.012467039882402609,-0.2741606181441991,0.3879987434605166,inf,9.417197423057573,0.0,0,0,0,DIRECT_LOCAL,PASS_THROUGH,0,BYPASS_VISIBLE,1,5,0.0,21.0,2.0,0.0,21.0,2.0,1,
738,24.633333,0.033333,1.3616195917129517,22.322734832763672,2.5445220470428467,2.3234520810216543,-0.01939583569765091,0.20876774732036246,-0.00990071110719364,-0.03258771183050044,0.21152767044525067,0.0,21.0,2.0,0.9611723927761442,0.017326821387604108,-0.27540408970380903,0.3810214310394365,0.22170154750347137,-0.011440081521868706,-0.0329655222594738,-0.026215344667434692,direct,SAFE_PROGRESSING,NONE,1,0,"1.367,22.327;1.025,21.995;0.683,21.664;0.342,21.332;0.000,21.000",1,1,PASS_THROUGH,-1,0.9998375576016308,0.01802382892744664,0.0,0.3810214310394365,inf,9.41214974633428,0.0,0,0,0,DIRECT_LOCAL,PASS_THROUGH,0,BYPASS_VISIBLE,1,5,0.0,21.0,2.0,0.0,21.0,2.0,1,
739,24.666667,0.033333,1.3562259674072266,22.318151473999023,2.543250799179077,2.3228109191115833,-0.019079050049185753,0.21714800651610316,-0.010457282506663498,-0.03276070530469978,0.21985421374948247,0.0,21.0,2.0,0.9610650410252536,0.018165217436495573,-0.2757245215692878,0.3796648706605806,0.22979654371738434,-0.011902734637260437,-0.03312496468424797,-0.02537614107131958,direct,SAFE_PROGRESSING,NONE,1,0,"1.362,22.323;1.021,21.992;0.681,21.661;0.340,21.331;0.000,21.000",0,1,PASS_THROUGH,-1,0.9611723927761442,0.017326821387604108,-0.27540408970380903,0.3810214310394365,inf,9.406901494443861,0.0,0,0,0,DIRECT_LOCAL,PASS_THROUGH,0,BYPASS_VISIBLE,1,5,0.0,21.0,2.0,0.0,21.0,2.0,1,
740,24.7,0.033333,1.3506128787994385,22.313400268554688,2.541966676712036,2.3221814480879033,-0.01870993711054325,0.22552658394398248,-0.011001851702436269,-0.032938772485234434,0.22818466981626676,0.0,21.0,2.0,0.9609470417269284,0.019007353719469156,-0.27607879944111624,0.3782524121840053,0.237867072224617,-0.01234210841357708,-0.033285368233919144,-0.024446777999401093,direct,SAFE_PROGRESSING,NONE,1,0,"1.356,22.318;1.017,21.989;0.678,21.659;0.339,21.330;-0.000,21.000",0,1,PASS_THROUGH,-1,0.9611723927761442,0.017326821387604108,-0.27540408970380903,0.3810214310394365,inf,9.401460486287625,0.0,0,0,0,DIRECT_LOCAL,PASS_THROUGH,0,BYPASS_VISIBLE,1,5,0.0,21.0,2.0,0.0,21.0,2.0,1,
741,24.733333,0.033333,1.344780683517456,22.308469772338867,2.5406694412231445,2.321565337250191,-0.018286317586898804,0.23389630731119546,-0.01153240710048594,-0.03312216307286812,0.2365112189177718,0.0,21.0,2.0,0.9608183722492989,0.019854709569760876,-0.27646671780904886,0.3767851065962365,0.2459079772233963,-0.012755450792610645,-0.0334467776119709,-0.02342292293906212,direct,SAFE_PROGRESSING,NONE,1,0,"1.351,22.313;1.013,21.985;0.675,21.657;0.338,21.328;-0.000,21.000",0,1,PASS_THROUGH,-1,0.9611723927761442,0.017326821387604108,-0.27540408970380903,0.3810214310394365,inf,9.395815703156044,0.0,0,0,0,DIRECT_LOCAL,PASS_THROUGH,0,BYPASS_VISIBLE,1,5,0.0,21.0,2.0,0.0,21.0,2.0,1,
742,24.766667,0.033333,1.338729977607727,22.30336570739746,2.5393593311309814,2.320964518896409,-0.017806097865104675,0.24224970371330964,-0.012046755295465322,-0.03331102688750744,0.24482579066478144,0.0,21.0,2.0,0.9606786781119916,0.020701391787979084,-0.2768897430368939,0.375261414583818,0.25391310453414917,-0.013139301910996437,-0.03360915556550026,-0.02230078913271427,direct,SAFE_PROGRESSING,NONE,1,0,"1.345,22.308;1.009,21.981;0.672,21.654;0.336,21.327;-0.000,21.000",0,1,PASS_THROUGH,-1,0.9611723927761442,0.017326821387604108,-0.27540408970380903,0.3810214310394365,inf,9.389973188286849,0.0,0,0,0,DIRECT_LOCAL,PASS_THROUGH,0,BYPASS_VISIBLE,1,5,0.0,21.0,2.0,0.0,21.0,2.0,1,
743,24.8,0.033333,1.3324613571166992,22.298093795776367,2.538036346435547,2.3203809159737845,-0.017267119139432907,0.25057928695791293,-0.012542671380803205,-0.03350535332910237,0.25312033967939224,0.0,21.0,2.0,0.9605278777905497,0.021547717655543863,-0.27734796168535236,0.3736822243653165,0.26187649369239807,-0.013492401689291,-0.03377257287502289,-0.02108144201338291,direct,SAFE_PROGRESSING,NONE,1,0,"1.339,22.303;1.004,21.978;0.669,21.652;0.335,21.326;-0.000,21.000",0,1,PASS_THROUGH,-1,0.9611723927761442,0.017326821387604108,-0.27540408970380903,0.3810214310394365,inf,9.383938997067393,0.0,0,0,0,DIRECT_LOCAL,PASS_THROUGH,0,BYPASS_VISIBLE,1,5,0.0,21.0,2.0,0.0,21.0,2.0,1,
744,24.833333,0.033333,1.3259758949279785,22.29264259338379,2.5367002487182617,2.3198165525318792,-0.016667431220412254,0.2588775438237869,-0.013017817618638593,-0.03370516136197868,0.2613868477453023,0.0,21.0,2.0,0.9603659109340026,0.022393956171699647,-0.2778413717265363,0.3720484253880063,0.2697896659374237,-0.013812180608510971,-0.033937107771635056,-0.01976347528398037,direct,SAFE_PROGRESSING,NONE,1,0,"1.332,22.298;0.999,21.974;0.666,21.649;0.333,21.325;-0.000,21.000",1,1,PASS_THROUGH,-1,0.9997282427631545,0.02331181292167589,0.0,0.3720484253880063,inf,9.377702232626847,0.0,0,0,0,DIRECT_LOCAL,PASS_THROUGH,0,BYPASS_VISIBLE,1,5,0.0,21.0,2.0,0.0,21.0,2.0,1,
745,24.866667,0.033333,1.319274663925171,22.287023544311523,2.535351514816284,2.319273409461332,-0.016005337238311768,0.267137145317813,-0.013469909623273572,-0.033910484193111004,0.26961753246408277,0.0,21.0,2.0,0.9601924267583288,0.023233913210058854,-0.27837149436122005,0.3703585801981653,0.27764421701431274,-0.014096447266638279,-0.034102726727724075,-0.01834559068083763,direct,SAFE_PROGRESSING,NONE,1,0,"1.326,22.293;0.994,21.969;0.663,21.646;0.331,21.323;-0.000,21.000",0,1,PASS_THROUGH,-1,0.9603659109340026,0.022393956171699647,-0.2778413717265363,0.3720484253880063,inf,9.37127470661608,0.0,0,0,0,DIRECT_LOCAL,PASS_THROUGH,0,BYPASS_VISIBLE,1,5,0.0,21.0,2.0,0.0,21.0,2.0,1,
746,24.9,0.033333,1.3123594522476196,22.28122901916504,2.5339903831481934,2.318753786858958,-0.015279321931302547,0.2753505610291338,-0.01389654720071097,-0.034121479234336255,0.2778044650978447,0.0,21.0,2.0,0.9600074122937651,0.024069579555674958,-0.2789380283881025,0.36861444586380865,0.2854313850402832,-0.014342834241688251,-0.034269385039806366,-0.016826651990413666,direct,SAFE_PROGRESSING,NONE,1,0,"1.319,22.287;0.989,21.965;0.660,21.644;0.330,21.322;-0.000,21.000",0,1,PASS_THROUGH,-1,0.9603659109340026,0.022393956171699647,-0.2778413717265363,0.3720484253880063,inf,9.364649414062445,0.0,0,0,0,DIRECT_LOCAL,PASS_THROUGH,0,BYPASS_VISIBLE,1,5,0.0,21.0,2.0,0.0,21.0,2.0,1,
747,24.933333,0.033333,1.3052313327789307,22.2752628326416,2.532616376876831,2.318259560424505,-0.01448814757168293,0.28350999884288075,-0.014295415998380962,-0.034338405612583396,0.2859395118945112,0.0,21.0,2.0,0.9598105288371239,0.024896025039337966,-0.2795423700812476,0.36681521950182383,0.2931442856788635,-0.01454935036599636,-0.03443712741136551,-0.015206877142190933,direct,SAFE_PROGRESSING,NONE,1,0,"1.312,22.281;0.984,21.961;0.656,21.641;0.328,21.320;-0.000,21.000",0,1,PASS_THROUGH,-1,0.9603659109340026,0.022393956171699647,-0.2778413717265363,0.3720484253880063,inf,9.35783061803647,0.0,0,0,0,DIRECT_LOCAL,PASS_THROUGH,0,BYPASS_VISIBLE,1,5,0.0,21.0,2.0,0.0,21.0,2.0,1,
748,24.966667,0.033333,1.2978932857513428,22.26912498474121,2.5312302112579346,2.3177930005551435,-0.01363086886703968,0.2916074463456296,-0.014664244392226546,-0.03456148664817521,0.29401435200878584,0.0,21.0,2.0,0.9596017269187156,0.025712478641557623,-0.28018457155369253,0.3649615938361156,0.30077579617500305,-0.014713771641254425,-0.03460594639182091,-0.013485962525010109,direct,SAFE_PROGRESSING,NONE,1,0,"1.305,22.275;0.979,21.956;0.653,21.638;0.326,21.319;0.000,21.000",0,1,PASS_THROUGH,-1,0.9603659109340026,0.022393956171699647,-0.2778413717265363,0.3720484253880063,inf,9.350819046502291,0.0,0,0,0,DIRECT_LOCAL,PASS_THROUGH,0,BYPASS_VISIBLE,1,5,0.0,21.0,2.0,0.0,21.0,2.0,1,
749,25.0,0.033333,1.2903472185134888,22.262821197509766,2.529832363128662,2.3173565065814055,-0.012706732377409935,0.299634652142115,-0.015000637325093788,-0.03479086948210951,0.30202044381764365,0.0,21.0,2.0,0.9593807838766022,0.02651593541000341,-0.28086547793854766,0.3630540019387086,0.3083181083202362,-0.014832332730293274,-0.03477587550878525,-0.011661079712212086,direct,SAFE_PROGRESSING,NONE,1,0,"1.298,22.269;0.973,21.952;0.649,21.635;0.324,21.317;-0.000,21.000",0,1,PASS_THROUGH,-1,0.9603659109340026,0.022393956171699647,-0.2778413717265363,0.3720484253880063,inf,9.343620975092875,0.0,0,0,0,DIRECT_LOCAL,PASS_THROUGH,0,BYPASS_VISIBLE,1,5,0.0,21.0,2.0,0.0,21.0,2.0,1,
750,25.033333,0.033333,1.2825957536697388,22.25634002685547,2.5284225940704346,2.3169522246146297,-0.011715009808540344,0.3075831904535875,-0.015302263332448912,-0.03502665361291064,0.30994910029877876,0.0,21.0,2.0,0.9591475563054961,0.027306210241575923,-0.2815853975536343,0.3610935236863434,0.31576159596443176,-0.014902036637067795,-0.034946877509355545,-0.009730778634548187,direct,SAFE_PROGRESSING,NONE,1,0,"1.290,22.263;0.968,21.947;0.645,21.631;0.323,21.316;0.000,21.000",1,1,PASS_THROUGH,-1,0.9995949971155053,0.028457718489948047,0.0,0.3610935236863434,inf,9.33622574317189,0.0,0,0,0,DIRECT_LOCAL,PASS_THROUGH,0,BYPASS_VISIBLE,1,5,0.0,21.0,2.0,0.0,21.0,2.0,1,
751,25.066667,0.033333,1.2746416330337524,22.24969482421875,2.527001142501831,2.316582322617064,-0.010655011050403118,0.31544460632157484,-0.015566547562521692,-0.03526884226938268,0.31779161143021406,0.0,21.0,2.0,0.958901698797725,0.0280763213655581,-0.28234597964450464,0.3590789400903843,0.3230990171432495,-0.0149208540096879,-0.03511896729469299,-0.007696804590523243,direct,SAFE_PROGRESSING,NONE,1,0,"1.283,22.256;0.962,21.942;0.641,21.628;0.321,21.314;0.000,21.000",0,1,PASS_THROUGH,-1,0.9591475563054961,0.027306210241575923,-0.2815853975536343,0.3610935236863434,inf,9.328647311351064,0.0,0,0,0,DIRECT_LOCAL,PASS_THROUGH,0,BYPASS_VISIBLE,1,5,0.0,21.0,2.0,0.0,21.0,2.0,1,
752,25.1,0.033333,1.2664884328842163,22.242883682250977,2.5255684852600098,2.3162491056022785,-0.009526142850518227,0.32321027899594706,-0.01579097876683479,-0.03551752540244964,0.3255391436828546,0.0,21.0,2.0,0.9586432564899365,0.028828555119160437,-0.2831466425654937,0.357012517782897,0.3303217589855194,-0.014886177144944668,-0.03529221937060356,-0.005558796692639589,direct,SAFE_PROGRESSING,NONE,1,0,"1.275,22.250;0.956,21.937;0.637,21.625;0.319,21.312;-0.000,21.000",0,1,PASS_THROUGH,-1,0.9591475563054961,0.027306210241575923,-0.2815853975536343,0.3610935236863434,inf,9.320884607375127,0.0,0,0,0,DIRECT_LOCAL,PASS_THROUGH,0,BYPASS_VISIBLE,1,5,0.0,21.0,2.0,0.0,21.0,2.0,1,
753,25.133333,0.033333,1.2581393718719482,22.235904693603516,2.5241246223449707,2.315954971943543,-0.0083279674872756,0.3308715058520885,-0.01597274649960422,-0.03577273771095722,0.333182788839559,0.0,21.0,2.0,0.958371979076764,0.02955900373448389,-0.28398840648644685,0.3548945081702598,0.33742234110832214,-0.01479495782405138,-0.035466644912958145,-0.003315479028970003,direct,SAFE_PROGRESSING,NONE,1,0,"1.266,22.243;0.950,21.932;0.633,21.621;0.317,21.311;-0.000,21.000",0,1,PASS_THROUGH,-1,0.9591475563054961,0.027306210241575923,-0.2815853975536343,0.3610935236863434,inf,9.312936515638444,0.0,0,0,0,DIRECT_LOCAL,PASS_THROUGH,0,BYPASS_VISIBLE,1,5,0.0,21.0,2.0,0.0,21.0,2.0,1,
754,25.166667,0.033333,1.2495983839035034,22.228755950927734,2.522670269012451,2.315702249241703,-0.007060169707983732,0.33841960758967954,-0.016109121036511947,-0.03603440953346193,0.34071368222034615,0.0,21.0,2.0,0.9580876552560991,0.03026394491472445,-0.28487214409989053,0.35272511057340616,0.34439361095428467,-0.0146450474858284,-0.035642269998788834,-0.0009682856616564095,direct,SAFE_PROGRESSING,NONE,1,0,"1.258,22.236;0.944,21.927;0.629,21.618;0.315,21.309;0.000,21.000",0,1,PASS_THROUGH,-1,0.9591475563054961,0.027306210241575923,-0.2815853975536343,0.3610935236863434,inf,9.304802008029741,0.0,0,0,0,DIRECT_LOCAL,PASS_THROUGH,0,BYPASS_VISIBLE,1,5,0.0,21.0,2.0,0.0,21.0,2.0,1,
755,25.2,0.033333,1.2408696413040161,22.22144317626953,2.521205425262451,2.3154932353180944,-0.0057224854826927185,0.34584593752863685,-0.01619722012969674,-0.03630244097677658,0.3481230093887276,0.0,21.0,2.0,0.9577899822904145,0.030939388755641395,-0.28579906236297337,0.3505046252473464,0.3512270748615265,-0.01443471759557724,-0.03581918403506279,0.0014806012623012066,direct,SAFE_PROGRESSING,NONE,1,0,"1.250,22.229;0.937,21.922;0.625,21.614;0.312,21.307;0.000,21.000",0,1,PASS_THROUGH,-1,0.9591475563054961,0.027306210241575923,-0.2815853975536343,0.3610935236863434,inf,9.296487657080784,0.0,0,0,0,DIRECT_LOCAL,PASS_THROUGH,0,BYPASS_VISIBLE,1,5,0.0,21.0,2.0,0.0,21.0,2.0,1,
756,25.233333,0.033333,1.2319575548171997,22.213970184326172,2.519730806350708,2.3153301084669056,-0.004314925521612167,0.3531419824692803,-0.016234410095899827,-0.036576667128369454,0.3554021221542083,0.0,21.0,2.0,0.957478896478904,0.031584340002983935,-0.28676923172494617,0.34823445547879717,0.35791558027267456,-0.014162003062665462,-0.03599740192294121,0.004029383417218924,direct,SAFE_PROGRESSING,NONE,1,0,"1.241,22.221;0.931,21.916;0.620,21.611;0.310,21.305;0.000,21.000",1,1,PASS_THROUGH,-1,0.9994563730958183,0.03296905030710823,0.0,0.34823445547879717,inf,9.28799816986644,0.0,0,0,0,DIRECT_LOCAL,PASS_THROUGH,0,BYPASS_VISIBLE,1,5,0.0,21.0,2.0,0.0,21.0,2.0,1,
757,25.266667,0.033333,1.2228670120239258,22.20633316040039,2.5182464122772217,2.3152155079307613,-0.002837875857949257,0.3602991196617745,-0.016217894517843678,-0.03685693177646633,0.3625422860186334,0.0,21.0,2.0,0.9571542004680353,0.03219654813021272,-0.2877832844605378,0.34591577155741793,0.3644523024559021,-0.013824203982949257,-0.03617709130048752,0.006677181459963322,direct,SAFE_PROGRESSING,NONE,1,0,"1.232,22.214;0.924,21.910;0.616,21.607;0.308,21.303;0.000,21.000",0,1,PASS_THROUGH,-1,0.957478896478904,0.031584340002983935,-0.28676923172494617,0.34823445547879717,inf,9.27933073260049,0.0,0,0,0,DIRECT_LOCAL,PASS_THROUGH,0,BYPASS_VISIBLE,1,5,0.0,21.0,2.0,0.0,21.0,2.0,1,
758,25.3,0.033333,1.213603138923645,22.19853401184082,2.5167529582977295,2.315151552111622,-0.001291839056648314,0.3673090477684306,-0.016144949571221655,-0.037143049635167985,0.36953511620062446,0.0,21.0,2.0,0.9568156485645173,0.03277106220675696,-0.2888422963208525,0.3435487402379999,0.37082648277282715,-0.01342014316469431,-0.03635808452963829,0.009421001188457012,direct,SAFE_PROGRESSING,NONE,1,0,"1.223,22.206;0.917,21.905;0.611,21.603;0.306,21.302;-0.000,21.000",0,1,PASS_THROUGH,-1,0.957478896478904,0.031584340002983935,-0.28676923172494617,0.34823445547879717,inf,9.270488234231093,0.0,0,0,0,DIRECT_LOCAL,PASS_THROUGH,0,BYPASS_VISIBLE,1,5,0.0,21.0,2.0,0.0,21.0,2.0,1,
759,25.333333,0.033333,1.204170823097229,22.190576553344727,2.5152511596679688,2.3151401806673184,0.000322467036312446,0.37416334037166693,-0.016013132430550935,-0.037434863741835814,0.37637214922426443,0.0,21.0,2.0,0.95646297880428,0.033305231215589814,-0.289947118886392,0.3411343639297909,0.3770289123058319,-0.012948963791131973,-0.03654027730226517,0.012257182970643044,direct,SAFE_PROGRESSING,NONE,1,0,"1.214,22.199;0.910,21.899;0.607,21.599;0.303,21.300;0.000,21.000",0,1,PASS_THROUGH,-1,0.957478896478904,0.031584340002983935,-0.28676923172494617,0.34823445547879717,inf,9.26147542319222,0.0,0,0,0,DIRECT_LOCAL,PASS_THROUGH,0,BYPASS_VISIBLE,1,5,0.0,21.0,2.0,0.0,21.0,2.0,1,
760,25.366667,0.033333,1.1945762634277344,22.18246078491211,2.5137410163879395,2.3151840561132353,0.0020038096699863672,0.3808535856664486,-0.015819957281036575,-0.0377324296968584,0.38304498562726674,0.0,21.0,2.0,0.9560959559435063,0.03379656154998978,-0.2910984635065438,0.338673878565966,0.38305360078811646,-0.012408425100147724,-0.03672386705875397,0.01518327184021473,direct,SAFE_PROGRESSING,NONE,1,0,"1.204,22.191;0.903,21.893;0.602,21.595;0.301,21.298;0.000,21.000",0,1,PASS_THROUGH,-1,0.957478896478904,0.031584340002983935,-0.28676923172494617,0.34823445547879717,inf,9.25229340613201,0.0,0,0,0,DIRECT_LOCAL,PASS_THROUGH,0,BYPASS_VISIBLE,1,5,0.0,21.0,2.0,0.0,21.0,2.0,1,
761,25.4,0.033333,1.18482506275177,22.174190521240234,2.5122230052948,2.315285148425319,0.003750709118321538,0.38737119917896323,-0.015563058825035711,-0.03803570276125873,0.3895450801099692,0.0,21.0,2.0,0.9557144005208573,0.03424116498134255,-0.29229698468814014,0.3361681696413228,0.3888947069644928,-0.011797192506492138,-0.036908961832523346,0.01819525845348835,direct,SAFE_PROGRESSING,NONE,1,0,"1.195,22.182;0.896,21.887;0.597,21.591;0.299,21.296;-0.000,21.000",0,1,PASS_THROUGH,-1,0.957478896478904,0.031584340002983935,-0.28676923172494617,0.34823445547879717,inf,9.24294699741336,0.0,0,0,0,DIRECT_LOCAL,PASS_THROUGH,0,BYPASS_VISIBLE,1,5,0.0,21.0,2.0,0.0,21.0,2.0,1,
762,25.433333,0.033333,1.1749241352081299,22.16576385498047,2.510697841644287,2.3154456187030354,0.005561530124396086,0.39370772763699013,-0.015240336727284498,-0.03834446159608208,0.39586404282245286,0.0,21.0,2.0,0.955318088383553,0.03463671433010035,-0.29354326431994476,0.3336185731937087,0.3945443034172058,-0.011112770065665245,-0.037095554172992706,0.021291587501764297,direct,SAFE_PROGRESSING,NONE,1,0,"1.185,22.174;0.889,21.881;0.592,21.587;0.296,21.294;0.000,21.000",1,1,PASS_THROUGH,-1,0.9993433719076785,0.03623292734780531,0.0,0.3336185731937087,inf,9.233435468048935,0.0,0,0,0,DIRECT_LOCAL,PASS_THROUGH,0,BYPASS_VISIBLE,1,5,0.0,21.0,2.0,0.0,21.0,2.0,1,
763,25.466667,0.033333,1.164879322052002,22.15718650817871,2.5091660022735596,2.3156675330189107,0.007434421684592962,0.3998548956153356,-0.014849486335205256,-0.03865823661126794,0.40199366170359346,0.0,21.0,2.0,0.9549066790416695,0.034978086099353434,-0.2948385453336051,0.3310258049804272,0.39999154210090637,-0.01035312283784151,-0.03728356957435608,0.024471048265695572,direct,SAFE_PROGRESSING,NONE,1,0,"1.175,22.166;0.881,21.874;0.587,21.583;0.294,21.291;-0.000,21.000",0,1,PASS_THROUGH,-1,0.955318088383553,0.03463671433010035,-0.29354326431994476,0.3336185731937087,inf,9.2237655292398,0.0,0,0,0,DIRECT_LOCAL,PASS_THROUGH,0,BYPASS_VISIBLE,1,5,0.0,21.0,2.0,0.0,21.0,2.0,1,
764,25.5,0.033333,1.1546978950500488,22.148456573486328,2.5076279640197754,2.315952999990252,0.009367506019771099,0.40580460486155934,-0.014388331572644993,-0.038976796395663746,0.4079259639561567,0.0,21.0,2.0,0.9544799433719119,0.035263624360518886,-0.2961832447957041,0.32839150108705123,0.4052291512489319,-0.009518415667116642,-0.03747300058603287,0.02772730588912964,direct,SAFE_PROGRESSING,NONE,1,0,"1.165,22.157;0.874,21.868;0.582,21.579;0.291,21.289;-0.000,21.000",0,1,PASS_THROUGH,-1,0.955318088383553,0.03463671433010035,-0.29354326431994476,0.3336185731937087,inf,9.21393646214675,0.0,0,0,0,DIRECT_LOCAL,PASS_THROUGH,0,BYPASS_VISIBLE,1,5,0.0,21.0,2.0,0.0,21.0,2.0,1,
765,25.533333,0.033333,1.1443872451782227,22.13957977294922,2.506084442138672,2.3163039296582437,0.011358857154846191,0.4115487939207206,-0.013854643402964096,-0.03930000327044497,0.41365305653225865,0.0,21.0,2.0,0.9540375331043818,0.03548810507802197,-0.2975785271589279,0.3257164245178294,0.4102514982223511,-0.008608399890363216,-0.037664011120796204,0.03105543926358223,direct,SAFE_PROGRESSING,NONE,1,0,"1.155,22.148;0.866,21.861;0.577,21.574;0.289,21.287;-0.000,21.000",0,1,PASS_THROUGH,-1,0.955318088383553,0.03463671433010035,-0.29354326431994476,0.3336185731937087,inf,9.203955122349742,0.0,0,0,0,DIRECT_LOCAL,PASS_THROUGH,0,BYPASS_VISIBLE,1,5,0.0,21.0,2.0,0.0,21.0,2.0,1,
766,25.566667,0.033333,1.1339542865753174,22.130558013916016,2.504535436630249,2.3167222698327627,0.013406245037913322,0.4170793756138245,-0.013246480165392345,-0.039627703746637995,0.41916706657778013,0.0,21.0,2.0,0.9535791957837101,0.03564931726004633,-0.29902482095536026,0.3230024288355488,0.41505348682403564,-0.007622139062732458,-0.0378568060696125,0.0344512052834034,direct,SAFE_PROGRESSING,NONE,1,0,"1.144,22.140;0.858,21.855;0.572,21.570;0.286,21.285;-0.000,21.000",0,1,PASS_THROUGH,-1,0.955318088383553,0.03463671433010035,-0.29354326431994476,0.3336185731937087,inf,9.19382450297044,0.0,0,0,0,DIRECT_LOCAL,PASS_THROUGH,0,BYPASS_VISIBLE,1,5,0.0,21.0,2.0,0.0,21.0,2.0,1,
767,25.6,0.033333,1.123407006263733,22.121389389038086,2.5029821395874023,2.317209767739074,0.015507138334214687,0.42238862438027164,-0.01256180321940965,-0.03995943635757172,0.4244604875132622,0.0,21.0,2.0,0.9531046567476245,0.035743816300993214,-0.30052269944587146,0.3202507609278868,0.419627845287323,-0.0065588196739554405,-0.03805144876241684,0.03790997713804245,direct,SAFE_PROGRESSING,NONE,1,0,"1.134,22.131;0.850,21.848;0.567,21.565;0.283,21.283;-0.000,21.000",0,1,PASS_THROUGH,-1,0.955318088383553,0.03463671433010035,-0.29354326431994476,0.3336185731937087,inf,9.183543905058553,0.0,0,0,0,DIRECT_LOCAL,PASS_THROUGH,0,BYPASS_VISIBLE,1,5,0.0,21.0,2.0,0.0,21.0,2.0,1,
768,25.633333,0.033333,1.112753987312317,22.112077713012695,2.50142502784729,2.3177680951868322,0.017658790573477745,0.4274691082713138,-0.011799093851450894,-0.04029468967262799,0.4295261565467242,0.0,21.0,2.0,0.9526133719105296,0.035766083112710456,-0.30207375085569,0.3174622789289874,0.42396631836891174,-0.0054197111167013645,-0.03824801743030548,0.0414237380027771,direct,SAFE_PROGRESSING,NONE,1,0,"1.123,22.121;0.843,21.841;0.562,21.561;0.281,21.280;0.000,21.000",1,1,PASS_THROUGH,-1,0.9992959223373419,0.0375187899586476,0.0,0.3174622789289874,inf,9.17311835723381,0.0,0,0,0,DIRECT_LOCAL,PASS_THROUGH,0,BYPASS_VISIBLE,1,5,0.0,21.0,2.0,0.0,21.0,2.0,1,
769,25.666667,0.033333,1.102002739906311,22.10262680053711,2.499864101409912,2.31839884287912,0.019858159124851227,0.43231361631374576,-0.010956785674582015,-0.0406331344254859,0.43435718667454654,0.0,21.0,2.0,0.9521050336289014,0.03571275252699113,-0.3036784553527865,0.3146387309953437,0.428064227104187,-0.0042046005837619305,-0.038446713238954544,0.04498627781867981,direct,SAFE_PROGRESSING,NONE,1,0,"1.113,22.112;0.835,21.834;0.556,21.556;0.278,21.278;-0.000,21.000",0,1,PASS_THROUGH,-1,0.9526133719105296,0.035766083112710456,-0.30207375085569,0.3174622789289874,inf,9.162552745727409,0.0,0,0,0,DIRECT_LOCAL,PASS_THROUGH,0,BYPASS_VISIBLE,1,5,0.0,21.0,2.0,0.0,21.0,2.0,1,
770,25.7,0.033333,1.0911619663238525,22.093042373657227,2.498300075531006,2.3191034853262185,0.02210179530084133,0.4369153468289903,-0.010033686408378524,-0.04097448078689893,0.43894715312141447,0.0,21.0,2.0,0.9515793201004032,0.035580963372721874,-0.30533717854647696,0.31178171210150984,0.4319124221801758,-0.002913673873990774,-0.03864753618836403,0.04859241843223572,direct,SAFE_PROGRESSING,NONE,1,0,"1.102,22.103;0.827,21.827;0.551,21.551;0.276,21.276;-0.000,21.000",0,1,PASS_THROUGH,-1,0.9526133719105296,0.035766083112710456,-0.30207375085569,0.3174622789289874,inf,9.151853958425132,0.0,0,0,0,DIRECT_LOCAL,PASS_THROUGH,0,BYPASS_VISIBLE,1,5,0.0,21.0,2.0,0.0,21.0,2.0,1,
771,25.733333,0.033333,1.0802407264709473,22.08332061767578,2.4967336654663086,2.319883436646065,0.02438591979444027,0.44126748038166996,-0.009028855778287498,-0.0413184478423278,0.4432896610695447,0.0,21.0,2.0,0.9510358587471954,0.035368163347294757,-0.30705030271671063,0.3088932545305553,0.4355095326900482,-0.001548491301946342,-0.038850683718919754,0.05223257094621658,direct,SAFE_PROGRESSING,NONE,1,0,"1.091,22.093;0.818,21.820;0.546,21.547;0.273,21.273;-0.000,21.000",0,1,PASS_THROUGH,-1,0.9526133719105296,0.035766083112710456,-0.30207375085569,0.3174622789289874,inf,9.14101941157653,0.0,0,0,0,DIRECT_LOCAL,PASS_THROUGH,0,BYPASS_VISIBLE,1,5,0.0,21.0,2.0,0.0,21.0,2.0,1,
772,25.766667,0.033333,1.069247841835022,22.073467254638672,2.495166063308716,2.3207399553055317,0.026706499978899956,0.44536364301407977,-0.007941600887601923,-0.0416647647260846,0.44737880611749004,0.0,21.0,2.0,0.9504740119963471,0.03506753856093975,-0.3088193974782753,0.3059740896094253,0.43884336948394775,-0.00010842923074960709,-0.039056096225976944,0.05590376257896423,direct,SAFE_PROGRESSING,NONE,1,0,"1.080,22.083;0.810,21.812;0.540,21.542;0.270,21.271;-0.000,21.000",0,1,PASS_THROUGH,-1,0.9526133719105296,0.035766083112710456,-0.30207375085569,0.3174622789289874,inf,9.130055946417395,0.0,0,0,0,DIRECT_LOCAL,PASS_THROUGH,0,BYPASS_VISIBLE,1,5,0.0,21.0,2.0,0.0,21.0,2.0,1,
773,25.8,0.033333,1.0581923723220825,22.06348419189453,2.493595600128174,2.321674049642019,0.02905932441353798,0.4491973595354996,-0.006771399043888991,-0.04201327533610964,0.4512086379527148,0.0,21.0,2.0,0.9498932154797384,0.034676641862152524,-0.3106451507664773,0.3030262624955361,0.4419099688529968,0.0014070513425394893,-0.03926386684179306,0.05960135534405708,direct,SAFE_PROGRESSING,NONE,1,0,"1.069,22.073;0.802,21.805;0.535,21.537;0.267,21.268;0.000,21.000",0,1,PASS_THROUGH,-1,0.9526133719105296,0.035766083112710456,-0.30207375085569,0.3174622789289874,inf,9.118966606198073,0.0,0,0,0,DIRECT_LOCAL,PASS_THROUGH,0,BYPASS_VISIBLE,1,5,0.0,21.0,2.0,0.0,21.0,2.0,1,
774,25.833333,0.033333,1.0470836162567139,22.053377151489258,2.492025136947632,2.322686879936674,0.03144027292728424,0.45276239916700045,-0.005517676442425088,-0.04236388277313706,0.45477349682715423,0.0,21.0,2.0,0.9492933095534593,0.03419101636802857,-0.31252709776395615,0.30005131049540185,0.4447048604488373,0.0029945080168545246,-0.03947419673204422,0.06331392377614975,direct,SAFE_PROGRESSING,NONE,1,0,"1.058,22.063;0.794,21.798;0.529,21.532;0.265,21.266;-0.000,21.000",1,1,PASS_THROUGH,-1,0.9993520061319874,0.035993997276936196,0.0,0.30005131049540185,inf,9.107758220768812,0.0,0,0,0,DIRECT_LOCAL,PASS_THROUGH,0,BYPASS_VISIBLE,1,5,0.0,21.0,2.0,0.0,21.0,2.0,1,
775,25.866667,0.033333,1.03593111038208,22.043148040771484,2.49045467376709,2.3237790691620615,0.033845048397779465,0.45605264320143535,-0.004180296128533109,-0.04271636924011178,0.458067873188893,0.0,21.0,2.0,0.9486733445537774,0.033608162519768225,-0.31446681342423843,0.29705134389279303,0.4472254514694214,0.004652016330510378,-0.03968735784292221,0.06703290343284607,direct,SAFE_PROGRESSING,NONE,1,0,"1.047,22.053;0.698,21.702;0.349,21.351;-0.000,21.000",0,1,PASS_THROUGH,-1,0.9492933095534593,0.03419101636802857,-0.31252709776395615,0.30005131049540185,inf,9.096433817656091,0.0,0,0,0,DIRECT_LOCAL,PASS_THROUGH,0,BYPASS_VISIBLE,1,5,0.0,21.0,2.0,0.0,21.0,2.0,1,
776,25.9,0.033333,1.024744987487793,22.032798767089844,2.488884210586548,2.324951522091772,0.03626905754208565,0.45906232508043465,-0.0027591717557046785,-0.04307024084752238,0.4610866263335947,0.0,21.0,2.0,0.9480327658166412,0.032923395742848305,-0.31646472939461867,0.29402796468518677,0.44946643710136414,0.006380421109497547,-0.03990349918603897,0.07075485587120056,direct,SAFE_PROGRESSING,NONE,1,0,"1.036,22.043;0.691,21.695;0.345,21.348;0.000,21.000",0,1,PASS_THROUGH,-1,0.9492933095534593,0.03419101636802857,-0.31252709776395615,0.30005131049540185,inf,9.08499644969203,0.0,0,0,0,DIRECT_LOCAL,PASS_THROUGH,0,BYPASS_VISIBLE,1,5,0.0,21.0,2.0,0.0,21.0,2.0,1,
777,25.933333,0.033333,1.013534665107727,22.022336959838867,2.487313747406006,2.3262046543359762,0.038707610219717026,0.46178613531224233,-0.0012545096295602503,-0.043424916487655216,0.46382510920926534,0.0,21.0,2.0,0.9473709827468355,0.03213205887518322,-0.3185211952786451,0.2909828574114742,0.4514233469963074,0.00817884597927332,-0.04012276232242584,0.07447241246700287,direct,SAFE_PROGRESSING,NONE,1,0,"1.025,22.033;0.683,21.689;0.342,21.344;-0.000,21.000",0,1,PASS_THROUGH,-1,0.9492933095534593,0.03419101636802857,-0.31252709776395615,0.30005131049540185,inf,9.07345475266193,0.0,0,0,0,DIRECT_LOCAL,PASS_THROUGH,0,BYPASS_VISIBLE,1,5,0.0,21.0,2.0,0.0,21.0,2.0,1,
778,25.966667,0.033333,1.0023103952407837,22.01175880432129,2.485743284225464,2.327538995351779,0.04115607589483261,0.4642193065870163,0.00033338810265130624,-0.04377978799701642,0.4662792570904488,0.0,21.0,2.0,0.9466874917078907,0.031232194879412756,-0.3206358418000657,0.2879184173912888,0.45308899879455566,0.010044045746326447,-0.040345199406147,0.07817545533180237,direct,SAFE_PROGRESSING,NONE,1,0,"1.014,22.022;0.676,21.682;0.338,21.341;-0.000,21.000",0,1,PASS_THROUGH,-1,0.9492933095534593,0.03419101636802857,-0.31252709776395615,0.30005131049540185,inf,9.061806024979441,0.0,0,0,0,DIRECT_LOCAL,PASS_THROUGH,0,BYPASS_VISIBLE,1,5,0.0,21.0,2.0,0.0,21.0,2.0,1,
779,26.0,0.033333,0.9910822510719299,22.00107192993164,2.48417592048645,2.3289547246344515,0.0436096116900444,0.46635741341226594,0.002004044469057162,-0.04413473849759588,0.46844543799792104,0.0,21.0,2.0,0.9459814074666486,0.03021634084982827,-0.3228097728896471,0.2848355319498872,0.454465389251709,0.011971081607043743,-0.04057130962610245,0.08185069262981415,direct,SAFE_PROGRESSING,NONE,1,0,"1.002,22.012;0.668,21.675;0.334,21.337;0.000,21.000",0,1,PASS_THROUGH,-1,0.9492933095534593,0.03419101636802857,-0.31252709776395615,0.30005131049540185,inf,9.050058894158601,0.0,0,0,0,DIRECT_LOCAL,PASS_THROUGH,0,BYPASS_VISIBLE,1,5,0.0,21.0,2.0,0.0,21.0,2.0,1,
780,26.033333,0.033333,0.9798604846000671,21.99028205871582,2.4826087951660156,2.330451945215702,0.046063024550676346,0.4681962994451617,0.0037566692415484672,-0.04448948426244813,0.4703203180683058,0.0,21.0,2.0,0.9452515004958484,0.02908228462465212,-0.32504433779310493,0.2817366882240837,0.4555496573448181,0.01395656168460846,-0.04080129787325859,0.08548752963542938,direct,SAFE_PROGRESSING,NONE,1,0,"0.991,22.001;0.661,21.667;0.330,21.334;-0.000,21.000",1,1,PASS_THROUGH,-1,0.9995270403360537,0.030752164753867994,0.0,0.2817366882240837,inf,9.038220070409887,0.0,0,0,0,DIRECT_LOCAL,PASS_THROUGH,0,BYPASS_VISIBLE,1,5,0.0,21.0,2.0,0.0,21.0,2.0,1,
781,26.066667,0.033333,0.9686554074287415,21.97939109802246,2.4810447692871094,2.332030449864799,0.0485106036067009,0.46973242693990586,0.005589993121814452,-0.04484359077278512,0.4719012063720044,0.0,21.0,2.0,0.9444976451528504,0.027827042379126976,-0.32733752307541913,0.27862412853843954,0.45633837580680847,0.015997640788555145,-0.04103533923625946,0.08907561749219894,direct,SAFE_PROGRESSING,NONE,1,0,"0.980,21.990;0.653,21.660;0.327,21.330;-0.000,21.000",0,1,PASS_THROUGH,-1,0.9452515004958484,0.02908228462465212,-0.32504433779310493,0.2817366882240837,inf,9.026292434675485,0.0,0,0,0,DIRECT_LOCAL,PASS_THROUGH,0,BYPASS_VISIBLE,1,5,0.0,21.0,2.0,0.0,21.0,2.0,1,
782,26.1,0.033333,0.957477331161499,21.968402862548828,2.479482412338257,2.3336899895195793,0.0509461872279644,0.47096266326203584,0.0075021602116197295,-0.04519661736278428,0.47318584807213787,0.0,21.0,2.0,0.9437183403440306,0.026445611310918438,-0.3296912551777804,0.2754995623391502,0.4568271040916443,0.01809210143983364,-0.04127348214387894,0.09260730445384979,direct,SAFE_PROGRESSING,NONE,1,0,"0.969,21.979;0.646,21.653;0.323,21.326;-0.000,21.000",0,1,PASS_THROUGH,-1,0.9452515004958484,0.02908228462465212,-0.32504433779310493,0.2817366882240837,inf,9.01428072653048,0.0,0,0,0,DIRECT_LOCAL,PASS_THROUGH,0,BYPASS_VISIBLE,1,5,0.0,21.0,2.0,0.0,21.0,2.0,1,
783,26.133333,0.033333,0.9463366866111755,21.95732307434082,2.4779224395751953,2.3354300382687025,0.0533633828163147,0.47188436238417897,0.009491035057273216,-0.04554838297119919,0.47417252809549437,0.0,21.0,2.0,0.942912968493594,0.024933974633325418,-0.33210454792968935,0.27236497160104206,0.45701804757118225,0.02023668959736824,-0.041515979915857315,0.09607292711734772,direct,SAFE_PROGRESSING,NONE,1,0,"0.957,21.968;0.638,21.646;0.319,21.323;-0.000,21.000",0,1,PASS_THROUGH,-1,0.9452515004958484,0.02908228462465212,-0.32504433779310493,0.2817366882240837,inf,9.00219155641534,0.0,0,0,0,DIRECT_LOCAL,PASS_THROUGH,0,BYPASS_VISIBLE,1,5,0.0,21.0,2.0,0.0,21.0,2.0,1,
784,26.166667,0.033333,0.9352436065673828,21.94615364074707,2.476365089416504,2.3372499423686377,0.055755846202373505,0.4724952187512675,0.011554211624821821,-0.045898766429605525,0.4748599038756996,0.0,21.0,2.0,0.9420804799934626,0.023288898855038598,-0.33457733994609795,0.269222628550542,0.4569019377231598,0.02242869697511196,-0.041762907058000565,0.09946361929178238,direct,SAFE_PROGRESSING,NONE,1,0,"0.946,21.957;0.631,21.638;0.315,21.319;0.000,21.000",0,1,PASS_THROUGH,-1,0.9452515004958484,0.02908228462465212,-0.32504433779310493,0.2817366882240837,inf,8.990027670080368,0.0,0,0,0,DIRECT_LOCAL,PASS_THROUGH,0,BYPASS_VISIBLE,1,5,0.0,21.0,2.0,0.0,21.0,2.0,1,
785,26.2,0.033333,0.9242085814476013,21.93490219116211,2.4748106002807617,2.339148754426937,0.058117181062698364,0.47279294646814773,0.013689001358146168,-0.04624808934633235,0.475246719879688,0.0,21.0,2.0,0.9412196668122073,0.021505500313134418,-0.3371098519210016,0.26607422389431873,0.4564765393733978,0.024663666263222694,-0.04201468825340271,0.10276851058006287,direct,SAFE_PROGRESSING,NONE,1,0,"0.935,21.946;0.623,21.631;0.312,21.315;-0.000,21.000",0,1,PASS_THROUGH,-1,0.9452515004958484,0.02908228462465212,-0.32504433779310493,0.2817366882240837,inf,8.977797504959652,0.0,0,0,0,DIRECT_LOCAL,PASS_THROUGH,0,BYPASS_VISIBLE,1,5,0.0,21.0,2.0,0.0,21.0,2.0,1,
786,26.233333,0.033333,0.9132419228553772,21.923572540283203,2.473259210586548,2.341125276981103,0.060440994799137115,0.47277550027123383,0.015892784659540093,-0.04659684133367239,0.47533201016050397,0.0,21.0,2.0,0.9403295222483584,0.019581573875813052,-0.33970126810584633,0.2629223162123064,0.4557451009750366,0.026936298236250877,-0.0422716960310936,0.10597389936447144,direct,SAFE_PROGRESSING,NONE,1,0,"0.924,21.935;0.616,21.623;0.308,21.312;0.000,21.000",1,1,PASS_THROUGH,-1,0.9997832476407466,0.02081964785777174,0.0,0.2629223162123064,inf,8.965505645571799,0.0,0,0,0,DIRECT_LOCAL,PASS_THROUGH,0,BYPASS_VISIBLE,1,5,0.0,21.0,2.0,0.0,21.0,2.0,1,
787,26.266667,0.033333,0.9023538827896118,21.91217041015625,2.4717109203338623,2.3431782679526796,0.06272076070308685,0.4724408768778946,0.018162372980704413,-0.04694526508618474,0.47511484069796883,0.0,21.0,2.0,0.9394087925182384,0.01751295208272019,-0.342351306480308,0.25976890089660504,0.45469972491264343,0.02924477495253086,-0.04253394529223442,0.10907712578773499,direct,SAFE_PROGRESSING,NONE,1,0,"0.913,21.924;0.609,21.616;0.304,21.308;0.000,21.000",0,1,PASS_THROUGH,-1,0.9403295222483584,0.019581573875813052,-0.33970126810584633,0.2629223162123064,inf,8.953158532333473,0.0,0,0,0,DIRECT_LOCAL,PASS_THROUGH,0,BYPASS_VISIBLE,1,5,0.0,21.0,2.0,0.0,21.0,2.0,1,
788,26.3,0.033333,0.891554594039917,21.900699615478516,2.470165491104126,2.34530619925398,0.06495000422000885,0.47178704115774794,0.020494765516863717,-0.04729358789497784,0.4745942804901399,0.0,21.0,2.0,0.9384562934089979,0.015296513237052056,-0.3450591283299624,0.2566162416488956,0.45334067940711975,0.031584665179252625,-0.042801763862371445,0.11206942051649094,direct,SAFE_PROGRESSING,NONE,1,0,"0.902,21.912;0.602,21.608;0.301,21.304;0.000,21.000",0,1,PASS_THROUGH,-1,0.9403295222483584,0.019581573875813052,-0.33970126810584633,0.2629223162123064,inf,8.940760658525589,0.0,0,0,0,DIRECT_LOCAL,PASS_THROUGH,0,BYPASS_VISIBLE,1,5,0.0,21.0,2.0,0.0,21.0,2.0,1,
789,26.333333,0.033333,0.8808541297912598,21.88916778564453,2.468623161315918,2.3475071492650317,0.06712263077497482,0.4708121895374801,0.02288638747071986,-0.04764205195447065,0.4737696377597116,0.0,21.0,2.0,0.9374707206472558,0.012928373281940186,-0.34782395704349894,0.2534663205616736,0.4516746401786804,0.033948738127946854,-0.0430755652487278,0.1149340271949768,direct,SAFE_PROGRESSING,NONE,1,0,"0.892,21.901;0.594,21.600;0.297,21.300;-0.000,21.000",0,1,PASS_THROUGH,-1,0.9403295222483584,0.019581573875813052,-0.33970126810584633,0.2629223162123064,inf,8.928320275383943,0.0,0,0,0,DIRECT_LOCAL,PASS_THROUGH,0,BYPASS_VISIBLE,1,5,0.0,21.0,2.0,0.0,21.0,2.0,1,
790,26.366667,0.033333,0.870262622833252,21.877580642700195,2.4670839309692383,2.349779286473817,0.06923253834247589,0.46951510051554374,0.025333458303825312,-0.047990093805026536,0.4726407333537471,0.0,21.0,2.0,0.936450803391783,0.010406355553897073,-0.35064455020856933,0.25032166098828257,0.449701726436615,0.0363343246281147,-0.04335526004433632,0.1176619678735733,direct,SAFE_PROGRESSING,NONE,1,0,"0.881,21.889;0.587,21.593;0.294,21.296;-0.000,21.000",0,1,PASS_THROUGH,-1,0.9403295222483584,0.019581573875813052,-0.33970126810584633,0.2629223162123064,inf,8.915843705189499,0.0,0,0,0,DIRECT_LOCAL,PASS_THROUGH,0,BYPASS_VISIBLE,1,5,0.0,21.0,2.0,0.0,21.0,2.0,1,
791,26.4,0.033333,0.8597899079322815,21.865943908691406,2.465547561645508,2.352120313322793,0.07127334922552109,0.4678949816373185,0.02783187106757784,-0.04833706725356811,0.47120780867806594,0.0,21.0,2.0,0.9353951743526678,0.007727510908715596,-0.35351966476123764,0.2471845316473261,0.44739824533462524,0.03874234855175018,-0.04364028945565224,0.12025971710681915,direct,SAFE_PROGRESSING,NONE,1,0,"0.870,21.878;0.580,21.585;0.290,21.293;-0.000,21.000",0,1,PASS_THROUGH,-1,0.9403295222483584,0.019581573875813052,-0.33970126810584633,0.2629223162123064,inf,8.903337210012959,0.0,0,0,0,DIRECT_LOCAL,PASS_THROUGH,0,BYPASS_VISIBLE,1,5,0.0,21.0,2.0,0.0,21.0,2.0,1,
792,26.433333,0.033333,0.849445641040802,21.85426139831543,2.4640138149261475,2.3545282002673127,0.0732390433549881,0.46595121134198925,0.030377575402849733,-0.04868369746018302,0.46947143772205946,0.0,21.0,2.0,0.9343024559454736,0.004888590206813204,-0.3564477836935536,0.24405716861276186,0.4447799623012543,0.04116462171077728,-0.0439312718808651,0.12270960211753845,direct,SAFE_PROGRESSING,NONE,1,0,"0.860,21.866;0.573,21.577;0.287,21.289;-0.000,21.000",1,1,PASS_THROUGH,-1,0.999986311578397,0.005232270619242307,0.0,0.24405716861276186,inf,8.890805103903968,0.0,0,0,0,DIRECT_LOCAL,PASS_THROUGH,0,BYPASS_VISIBLE,1,5,0.0,21.0,2.0,0.0,21.0,2.0,1,
793,26.466667,0.033333,0.8392395377159119,21.84254264831543,2.4624826908111572,2.3569998982403977,0.07512421160936356,0.463682834255115,0.0329660556871139,-0.049030657616143516,0.4674318527835835,0.0,21.0,2.0,0.9331710723323475,0.0018861456972905644,-0.3594275896707227,0.24094152267594326,0.4418432414531708,0.04359181597828865,-0.04422815889120102,0.12499609589576721,direct,SAFE_PROGRESSING,NONE,1,0,"0.849,21.854;0.566,21.570;0.283,21.285;0.000,21.000",0,1,PASS_THROUGH,-1,0.9343024559454736,0.004888590206813204,-0.3564477836935536,0.24405716861276186,inf,8.878257375953197,0.0,0,0,0,DIRECT_LOCAL,PASS_THROUGH,0,BYPASS_VISIBLE,1,5,0.0,21.0,2.0,0.0,21.0,2.0,1,
794,26.5,0.033333,0.8291810750961304,21.830793380737305,2.460953712463379,2.3595331389589407,0.07692303508520126,0.46108869967198146,0.03559288348893259,-0.04937828408955304,0.465089085294295,0.0,21.0,2.0,0.9319997424585138,-0.0012811253674114842,-0.36245667158304173,0.2378403763784438,0.4385806620121002,0.04601897671818733,-0.0445307195186615,0.12711358070373535,direct,SAFE_PROGRESSING,NONE,1,0,"0.839,21.843;0.559,21.562;0.280,21.281;-0.000,21.000",0,1,PASS_THROUGH,-1,0.9343024559454736,0.004888590206813204,-0.3564477836935536,0.24405716861276186,inf,8.865700165221218,0.0,0,0,0,DIRECT_LOCAL,PASS_THROUGH,0,BYPASS_VISIBLE,1,5,0.0,21.0,2.0,0.0,21.0,2.0,1,
795,26.533333,0.033333,0.8192792534828186,21.819019317626953,2.45942759513855,2.3621248571020725,0.07862947881221771,0.4581676900015463,0.03825303256976269,-0.04972687279669171,0.462443173309191,0.0,21.0,2.0,0.9307870119459349,-0.004615888640757793,-0.36553280559317003,0.23475594959655396,0.4350054860115051,0.04844646528363228,-0.04483916237950325,0.12906059622764587,direct,SAFE_PROGRESSING,NONE,1,0,"0.829,21.831;0.553,21.554;0.276,21.277;0.000,21.000",0,1,PASS_THROUGH,-1,0.9343024559454736,0.004888590206813204,-0.3564477836935536,0.24405716861276186,inf,8.85313954306538,0.0,0,0,0,DIRECT_LOCAL,PASS_THROUGH,0,BYPASS_VISIBLE,1,5,0.0,21.0,2.0,0.0,21.0,2.0,1,
796,26.566667,0.033333,0.809543251991272,21.80722427368164,2.457902431488037,2.36477193540124,0.08023810386657715,0.45491876714162377,0.04094125764966665,-0.05007584875018556,0.45949413696329433,0.0,21.0,2.0,0.92953103663693,-0.008120689451656782,-0.36865445383380924,0.23169040876423735,0.4311099350452423,0.05087144672870636,-0.045152973383665085,0.13083159923553467,direct,SAFE_PROGRESSING,NONE,1,0,"0.819,21.819;0.546,21.546;0.273,21.273;-0.000,21.000",0,1,PASS_THROUGH,-1,0.9343024559454736,0.004888590206813204,-0.3564477836935536,0.24405716861276186,inf,8.840579669467393,0.0,0,0,0,DIRECT_LOCAL,PASS_THROUGH,0,BYPASS_VISIBLE,1,5,0.0,21.0,2.0,0.0,21.0,2.0,1,
797,26.6,0.033333,0.7999820709228516,21.79542350769043,2.4563796520233154,2.367471003410154,0.081743985414505,0.45134148909030214,0.04365216547923837,-0.05042464494183724,0.45624258475375623,0.0,21.0,2.0,0.9282305079225623,-0.011799227082384067,-0.37181837286782987,0.2286456913974507,0.4268799424171448,0.053290557116270065,-0.045471642166376114,0.13242636620998383,direct,SAFE_PROGRESSING,NONE,1,0,"0.810,21.807;0.540,21.538;0.270,21.269;-0.000,21.000",0,1,PASS_THROUGH,-1,0.9343024559454736,0.004888590206813204,-0.3564477836935536,0.24405716861276186,inf,8.828036070793203,0.0,0,0,0,DIRECT_LOCAL,PASS_THROUGH,0,BYPASS_VISIBLE,1,5,0.0,21.0,2.0,0.0,21.0,2.0,1,
798,26.633333,0.033333,0.7906042337417603,21.78362274169922,2.4548568725585938,2.37021874565443,0.0831427276134491,0.44743504295553305,0.04638077061173064,-0.050773523985482634,0.4526889045305419,0.0,21.0,2.0,0.9268841704741038,-0.01564873222955976,-0.3750211350099354,0.22562534169587964,0.42233380675315857,0.05569493770599365,-0.04579542204737663,0.13382741808891296,direct,SAFE_PROGRESSING,NONE,1,0,"0.800,21.795;0.533,21.530;0.267,21.265;-0.000,21.000",1,1,PASS_THROUGH,-1,0.9998575099428426,-0.016880752675716426,0.0,0.22562534169587964,inf,8.815514709188944,0.0,0,0,0,DIRECT_LOCAL,PASS_THROUGH,0,BYPASS_VISIBLE,1,5,0.0,21.0,2.0,0.0,21.0,2.0,1,
799,26.666667,0.033333,0.7814182043075562,21.771821975708008,2.453336715698242,2.373011259282314,0.08443020284175873,0.4431987893607312,0.04912186989358553,-0.05112221565793718,0.44883360605734135,0.0,21.0,2.0,0.9254910681913744,-0.01967113674041332,-0.3782582835541459,0.22263150322616934,0.41746991872787476,0.05807919055223465,-0.046123772859573364,0.1350271999835968,direct,SAFE_PROGRESSING,NONE,1,0,"0.791,21.784;0.527,21.522;0.264,21.261;-0.000,21.000",0,1,PASS_THROUGH,-1,0.9268841704741038,-0.01564873222955976,-0.3750211350099354,0.22562534169587964,inf,8.803015818356778,0.0,0,0,0,DIRECT_LOCAL,PASS_THROUGH,0,BYPASS_VISIBLE,1,5,0.0,21.0,2.0,0.0,21.0,2.0,1,
800,26.7,0.033333,0.7724322080612183,21.760047912597656,2.451817274093628,2.37584525103218,0.08560208976268768,0.43863238660625503,0.05187037321901796,-0.05146992898148099,0.4446774783898303,0.0,21.0,2.0,0.9240482105427372,-0.02387244139898559,-0.3815298299404871,0.21966552503377113,0.412276953458786,0.06044364720582962,-0.04645603150129318,0.13603293895721436,direct,SAFE_PROGRESSING,NONE,1,0,"0.781,21.772;0.521,21.515;0.260,21.257;-0.000,21.000",0,1,PASS_THROUGH,-1,0.9268841704741038,-0.01564873222955976,-0.3750211350099354,0.22562534169587964,inf,8.790566213056945,0.0,0,0,0,DIRECT_LOCAL,PASS_THROUGH,0,BYPASS_VISIBLE,1,5,0.0,21.0,2.0,0.0,21.0,2.0,1,
801,26.733333,0.033333,0.7636542320251465,21.748292922973633,2.4502978324890137,2.3787166505499093,0.08665430545806885,0.4337355110093785,0.05462102754370741,-0.05181630653344601,0.4402213985976434,0.0,21.0,2.0,0.922556647783122,-0.02824199884140871,-0.38482674170671993,0.2167324936869766,0.4067685604095459,0.06278103590011597,-0.046791911125183105,0.1368326097726822,direct,SAFE_PROGRESSING,NONE,1,0,"0.772,21.760;0.515,21.507;0.257,21.253;-0.000,21.000",0,1,PASS_THROUGH,-1,0.9268841704741038,-0.01564873222955976,-0.3750211350099354,0.22562534169587964,inf,8.778158451272292,0.0,0,0,0,DIRECT_LOCAL,PASS_THROUGH,0,BYPASS_VISIBLE,1,5,0.0,21.0,2.0,0.0,21.0,2.0,1,
802,26.766667,0.033333,0.7550921440124512,21.736572265625,2.4487783908843994,2.3816213147972873,0.08758335560560226,0.42850817888687803,0.05736834018746711,-0.05216059846072338,0.4354665473496149,0.0,21.0,2.0,0.9210137059557049,-0.032789428766310524,-0.38814766108134363,0.21383265276026853,0.4009445309638977,0.06508610397577286,-0.047130830585956573,0.13741923868656158,direct,SAFE_PROGRESSING,NONE,1,0,"0.764,21.748;0.509,21.499;0.255,21.249;0.000,21.000",0,1,PASS_THROUGH,-1,0.9268841704741038,-0.01564873222955976,-0.3750211350099354,0.22562534169587964,inf,8.765807884127522,0.0,0,0,0,DIRECT_LOCAL,PASS_THROUGH,0,BYPASS_VISIBLE,1,5,0.0,21.0,2.0,0.0,21.0,2.0,1,
803,26.8,0.033333,0.7467532753944397,21.724891662597656,2.4472572803497314,2.3845555069467226,0.08838579058647156,0.4229507704911369,0.06010675869430442,-0.05250193674637067,0.4304144863522854,0.0,21.0,2.0,0.9194189222693481,-0.03751097977595397,-0.39148661761204373,0.21096946209698367,0.39479780197143555,0.06735564768314362,-0.047472041100263596,0.13779371976852417,direct,SAFE_PROGRESSING,NONE,1,0,"0.755,21.737;0.503,21.491;0.252,21.246;-0.000,21.000",0,1,PASS_THROUGH,-1,0.9268841704741038,-0.01564873222955976,-0.3750211350099354,0.22562534169587964,inf,8.753520303130236,0.0,0,0,0,DIRECT_LOCAL,PASS_THROUGH,0,BYPASS_VISIBLE,1,5,0.0,21.0,2.0,0.0,21.0,2.0,1,
804,26.833333,0.033333,0.7386446595191956,21.71326446533203,2.4457345008850098,2.3875148499774794,0.0890582725405693,0.4170638394290636,0.0628305908179837,-0.052839887889776165,0.42506703360064596,0.0,21.0,2.0,0.9177714294098986,-0.04240777053665212,-0.39483817489830225,0.20814498570140172,0.3883272409439087,0.06958574801683426,-0.047814853489398956,0.13795419037342072,direct,SAFE_PROGRESSING,NONE,1,0,"0.747,21.725;0.498,21.483;0.249,21.242;-0.000,21.000",1,1,PASS_THROUGH,-1,0.9989341476511253,-0.04615808332806026,0.0,0.20814498570140172,inf,8.741309075607763,0.0,0,0,0,DIRECT_LOCAL,PASS_THROUGH,0,BYPASS_VISIBLE,1,5,0.0,21.0,2.0,0.0,21.0,2.0,1,
805,26.866667,0.033333,0.7307735085487366,21.70169448852539,2.44421124458313,2.3904950484142913,0.08959797024726868,0.41084768402905775,0.06553396759698185,-0.05317440544305464,0.41942584299881325,0.0,21.0,2.0,0.9160708980168459,-0.04747598764357258,-0.39819610797178395,0.20536232668545776,0.38153553009033203,0.07176966965198517,-0.0481586828827858,0.13789260387420654,direct,SAFE_PROGRESSING,NONE,1,0,"0.739,21.713;0.492,21.476;0.246,21.238;-0.000,21.000",0,1,PASS_THROUGH,-1,0.9177714294098986,-0.04240777053665212,-0.39483817489830225,0.20814498570140172,inf,8.729178067518374,0.0,0,0,0,DIRECT_LOCAL,PASS_THROUGH,0,BYPASS_VISIBLE,1,5,0.0,21.0,2.0,0.0,21.0,2.0,1,
806,26.9,0.033333,0.7231462597846985,21.690196990966797,2.44268536567688,2.3934917939262688,0.09000226855278015,0.4043021505714089,0.06821124702336555,-0.05350546730332428,0.4134922468541533,0.0,21.0,2.0,0.9143155780264987,-0.052717815262062595,-0.40155679017053736,0.20262330330182063,0.37441447377204895,0.07390699535608292,-0.048502642661333084,0.13761840760707855,direct,SAFE_PROGRESSING,NONE,1,0,"0.731,21.702;0.487,21.468;0.244,21.234;-0.000,21.000",0,1,PASS_THROUGH,-1,0.9177714294098986,-0.04240777053665212,-0.39483817489830225,0.20814498570140172,inf,8.717142493386755,0.0,0,0,0,DIRECT_LOCAL,PASS_THROUGH,0,BYPASS_VISIBLE,1,5,0.0,21.0,2.0,0.0,21.0,2.0,1,
807,26.933333,0.033333,0.7157692313194275,21.678775787353516,2.441157102584839,2.396500366300945,0.09026925265789032,0.3974267848395221,0.07085662009195812,-0.053833029733793114,0.4072673630541188,0.0,21.0,2.0,0.9125064970259394,-0.05812721488570949,-0.4049112492572658,0.1999312281140912,0.36697593331336975,0.07599551975727081,-0.04884633794426918,0.13713176548480988,direct,SAFE_PROGRESSING,NONE,1,0,"0.723,21.690;0.362,21.345;-0.000,21.000",0,1,PASS_THROUGH,-1,0.9177714294098986,-0.04240777053665212,-0.39483817489830225,0.20814498570140172,inf,8.70520614589738,0.0,0,0,0,DIRECT_LOCAL,PASS_THROUGH,0,BYPASS_VISIBLE,1,5,0.0,21.0,2.0,0.0,21.0,2.0,1,
808,26.966667,0.033333,0.7086486220359802,21.66744613647461,2.4396259784698486,2.3995162064368896,0.09039784967899323,0.3902208486331126,0.07346447878289541,-0.05415634824460146,0.4007521059283153,0.0,21.0,2.0,0.9106425470122324,-0.063705395189807,-0.4082545458348071,0.19728782648718995,0.3592119812965393,0.07802951335906982,-0.049188755452632904,0.13643094897270203,direct,SAFE_PROGRESSING,NONE,1,0,"0.716,21.679;0.358,21.339;-0.000,21.000",0,1,PASS_THROUGH,-1,0.9177714294098986,-0.04240777053665212,-0.39483817489830225,0.20814498570140172,inf,8.693384221785049,0.0,0,0,0,DIRECT_LOCAL,PASS_THROUGH,0,BYPASS_VISIBLE,1,5,0.0,21.0,2.0,0.0,21.0,2.0,1,
809,27.0,0.033333,0.7017902731895447,21.656219482421875,2.43809175491333,2.4025349270327756,0.09038759768009186,0.38268366324348385,0.07602953629217381,-0.05447442334211396,0.39394763522670234,0.0,21.0,2.0,0.9087247676910559,-0.06944597573368805,-0.41157812507376124,0.19469640105645264,0.35112783312797546,0.08000347763299942,-0.04952901601791382,0.13551460206508636,direct,SAFE_PROGRESSING,NONE,1,0,"0.709,21.667;0.354,21.334;-0.000,21.000",0,1,PASS_THROUGH,-1,0.9177714294098986,-0.04240777053665212,-0.39483817489830225,0.20814498570140172,inf,8.681688090423448,0.0,0,0,0,DIRECT_LOCAL,PASS_THROUGH,0,BYPASS_VISIBLE,1,5,0.0,21.0,2.0,0.0,21.0,2.0,1,
810,27.033333,0.033333,0.6951996684074402,21.645103454589844,2.436553716659546,2.4055517123467784,0.09023824334144592,0.3748147748342386,0.07854639157081882,-0.054785897773691083,0.38685545835325463,0.0,21.0,2.0,0.906753947974388,-0.07534410757293869,-0.41487412945000374,0.19215968324843682,0.34272831678390503,0.08191407471895218,-0.04986600950360298,0.13438457250595093,direct,SAFE_PROGRESSING,NONE,1,0,"0.702,21.656;0.351,21.328;0.000,21.000",1,1,PASS_THROUGH,-1,0.996565623600508,-0.08280675007347227,0.0,0.19215968324843682,inf,8.670125295397922,0.0,0,0,0,DIRECT_LOCAL,PASS_THROUGH,0,CORRIDOR_CLEAR,1,5,0.0,21.0,2.0,0.0,21.0,2.0,1,
811,27.066667,0.033333,0.6888821721076965,21.634111404418945,2.4350109100341797,2.4085621233760857,0.08994979411363602,0.3666143498276394,0.08100976144372637,-0.055089095338443674,0.37947789312938934,0.0,21.0,2.0,0.9047307133567537,-0.08139735118104141,-0.418134915463526,0.18967984037082755,0.33402156829833984,0.08375939726829529,-0.050198689103126526,0.13304294645786285,direct,SAFE_PROGRESSING,NONE,1,0,"0.695,21.645;0.348,21.323;-0.000,21.000",0,1,PASS_THROUGH,-1,0.906753947974388,-0.07534410757293869,-0.41487412945000374,0.19215968324843682,inf,8.658709085576756,0.0,0,0,0,DIRECT_LOCAL,PASS_THROUGH,0,CORRIDOR_CLEAR,1,5,0.0,21.0,2.0,0.0,21.0,2.0,1,
812,27.1,0.033333,0.6828428506851196,21.62325096130371,2.4334638118743896,2.4115615804574344,0.08952265977859497,0.3580833032784275,0.08341427444956366,-0.055381958759868254,0.3718181741453973,0.0,21.0,2.0,0.9026571374076844,-0.08759883549551128,-0.4213508470464908,0.18725981098591177,0.3250032067298889,0.08553557842969894,-0.05052562057971954,0.1314939707517624,direct,SAFE_PROGRESSING,NONE,1,0,"0.689,21.634;0.344,21.317;0.000,21.000",0,1,PASS_THROUGH,-1,0.906753947974388,-0.07534410757293869,-0.41487412945000374,0.19215968324843682,2.7493874742476216,8.647446989901763,0.0,0,0,0,DIRECT_LOCAL,PASS_THROUGH,0,CORRIDOR_CLEAR,1,5,0.0,21.0,2.0,0.0,21.0,2.0,1,
813,27.133333,0.033333,0.6770864129066467,21.61253547668457,2.4319112300872803,2.4145453397523515,0.08895766735076904,0.34922337062644504,0.08575454671420894,-0.055662912423243116,0.36388070118280863,0.0,21.0,2.0,0.9005341766524,-0.0939448575683764,-0.4245144996551256,0.18490171654127827,0.31567978858947754,0.08723632991313934,-0.05084585025906563,0.1297326683998108,direct,SAFE_PROGRESSING,NONE,1,0,"0.683,21.623;0.341,21.312;0.000,21.000",0,1,PASS_THROUGH,-1,0.906753947974388,-0.07534410757293869,-0.41487412945000374,0.19215968324843682,2.737118246244544,8.636352230022636,0.0,0,0,0,DIRECT_LOCAL,PASS_THROUGH,0,CORRIDOR_CLEAR,1,5,0.0,21.0,2.0,0.0,21.0,2.0,1,
814,27.166667,0.033333,0.6716171503067017,21.601978302001953,2.4303529262542725,2.4175091204026953,0.08825566619634628,0.3400367727100969,0.08802515788813231,-0.05593062434612772,0.35567073249857994,0.0,21.0,2.0,0.8983648444877598,-0.10042753889529332,-0.4276153828148813,0.18260840295451727,0.3060593903064728,0.08885606378316879,-0.05115840211510658,0.1277545690536499,direct,SAFE_PROGRESSING,NONE,1,0,"0.677,21.613;0.339,21.306;0.000,21.000",0,1,PASS_THROUGH,-1,0.906753947974388,-0.07534410757293869,-0.41487412945000374,0.19215968324843682,2.725082987041519,8.625438011264858,0.0,0,0,0,DIRECT_LOCAL,PASS_THROUGH,0,CORRIDOR_CLEAR,1,5,0.0,21.0,2.0,0.0,21.0,2.0,1,
815,27.2,0.033333,0.6664392948150635,21.591585159301758,2.428788661956787,2.420448223925524,0.0874171182513237,0.3305262899432507,0.09022065184119459,-0.05618377154140538,0.3471944851908173,0.0,21.0,2.0,0.8961523993281542,-0.10703775023571799,-0.4306434687799974,0.180382645802444,0.29613909125328064,0.09039293229579926,-0.05146166682243347,0.12557008862495422,direct,SAFE_PROGRESSING,NONE,1,0,"0.672,21.602;0.336,21.301;-0.000,21.000",0,1,PASS_THROUGH,-1,0.906753947974388,-0.07534410757293869,-0.41487412945000374,0.19215968324843682,inf,8.614709938516675,0.0,0,0,0,DIRECT_LOCAL,PASS_THROUGH,0,CORRIDOR_CLEAR,1,5,0.0,21.0,2.0,0.0,21.0,2.0,1,
816,27.233333,0.033333,0.6615565419197083,21.58137321472168,2.427217960357666,2.4233580767250356,0.0864425003528595,0.32069499445980143,0.09233533090242454,-0.05642124570251251,0.33845893365525964,0.0,21.0,2.0,0.8938990160777507,-0.11377144026341635,-0.43359036939906404,0.1782261859974213,0.2859307527542114,0.09184587746858597,-0.051754534244537354,0.12318503856658936,direct,SAFE_PROGRESSING,NONE,1,0,"0.666,21.592;0.333,21.296;-0.000,21.000",1,1,PASS_THROUGH,-1,0.9919975677815493,-0.12625698204650038,0.0,0.1782261859974213,inf,8.604185011646893,0.0,0,0,0,DIRECT_LOCAL,PASS_THROUGH,0,CORRIDOR_CLEAR,1,5,0.0,21.0,2.0,0.0,21.0,2.0,1,
817,27.266667,0.033333,0.6569724678993225,21.571352005004883,2.425640344619751,2.4262342338639553,0.08533293008804321,0.3105463618418083,0.09436355964511713,-0.05664189817362486,0.32947204565910004,0.0,21.0,2.0,0.8916099102780265,-0.12061546208920987,-0.43644435865183995,0.1761422008438163,0.2754402756690979,0.09321071952581406,-0.052035968750715256,0.1206001490354538,direct,SAFE_PROGRESSING,NONE,1,0,"0.662,21.581;0.331,21.291;-0.000,21.000",0,1,PASS_THROUGH,-1,0.8938990160777507,-0.11377144026341635,-0.43359036939906404,0.1782261859974213,inf,8.593872629302972,0.0,0,0,0,DIRECT_LOCAL,PASS_THROUGH,0,CORRIDOR_CLEAR,1,5,0.0,21.0,2.0,0.0,21.0,2.0,1,
818,27.3,0.033333,0.6526901125907898,21.561532974243164,2.4240548610687256,2.429072420051517,0.0840899795293808,0.30008442617675707,0.09630004643982407,-0.056844428724653666,0.3202431121119985,0.0,21.0,2.0,0.8892892596457534,-0.1275616857301231,-0.43919543373354536,0.17413281565527228,0.26467365026474,0.0944843590259552,-0.052304886281490326,0.11781971901655197,direct,SAFE_PROGRESSING,NONE,1,0,"0.657,21.571;0.328,21.286;0.000,21.000",0,1,PASS_THROUGH,-1,0.8938990160777507,-0.11377144026341635,-0.43359036939906404,0.1782261859974213,inf,8.583784075229007,0.0,0,0,0,DIRECT_LOCAL,PASS_THROUGH,0,CORRIDOR_CLEAR,1,5,0.0,21.0,2.0,0.0,21.0,2.0,1,
819,27.333333,0.033333,0.6487122774124146,21.55192756652832,2.422461986541748,2.431868002969022,0.0827154591679573,0.28931408216852217,0.09813972611844185,-0.05702756011546793,0.31078318261505167,0.0,21.0,2.0,0.8869424813390406,-0.13459933052553857,-0.4418326097270578,0.1722003094348151,0.25363975763320923,0.09566228091716766,-0.052560143172740936,0.11484740674495697,direct,SAFE_PROGRESSING,NONE,1,0,"0.653,21.562;0.326,21.281;-0.000,21.000",0,1,PASS_THROUGH,-1,0.8938990160777507,-0.11377144026341635,-0.43359036939906404,0.1782261859974213,inf,8.573930637677988,0.0,0,0,0,DIRECT_LOCAL,PASS_THROUGH,0,CORRIDOR_CLEAR,1,5,0.0,21.0,2.0,0.0,21.0,2.0,1,
820,27.366667,0.033333,0.6450414061546326,21.54254913330078,2.420861005783081,2.4346169162110587,0.08121151477098465,0.27824070275203355,0.09987767681835356,-0.057190127973868965,0.3011048816147698,0.0,21.0,2.0,0.8845749719942442,-0.14171723643962736,-0.4443459731080015,0.17034689989072005,0.24235494434833527,0.09674155712127686,-0.052800845354795456,0.11168426275253296,direct,SAFE_PROGRESSING,NONE,1,0,"0.649,21.552;0.324,21.276;0.000,21.000",0,1,PASS_THROUGH,-1,0.8938990160777507,-0.11377144026341635,-0.43359036939906404,0.1782261859974213,inf,8.564325505602234,0.0,0,0,0,DIRECT_LOCAL,PASS_THROUGH,0,CORRIDOR_CLEAR,1,5,0.0,21.0,2.0,0.0,21.0,2.0,1,
821,27.4,0.033333,0.641679584980011,21.533409118652344,2.4192512035369873,2.437314319854897,0.07958036661148071,0.2668710568743441,0.10150896393653008,-0.057330814556230236,0.29122337312512897,0.0,21.0,2.0,0.8821938726513018,-0.14890124824895623,-0.44672406396611464,0.16857496584005285,0.23082880675792694,0.09771958738565445,-0.05302580073475838,0.10833583772182465,direct,SAFE_PROGRESSING,NONE,1,0,"0.645,21.543;0.323,21.271;-0.000,21.000",0,1,PASS_THROUGH,-1,0.8938990160777507,-0.11377144026341635,-0.43359036939906404,0.1782261859974213,inf,8.554979964049311,0.0,0,0,0,DIRECT_LOCAL,PASS_THROUGH,0,CORRIDOR_CLEAR,1,5,0.0,21.0,2.0,0.0,21.0,2.0,1,
822,27.433333,0.033333,0.6386286020278931,21.52451515197754,2.417632579803467,2.4399563708165295,0.07782409340143204,0.25521316940351124,0.10302875124437932,-0.05744814914660079,0.28115649603082554,0.0,21.0,2.0,0.8798063868139612,-0.1561386296830355,-0.4489559555703278,0.1668865456100748,0.21906545758247375,0.09859371185302734,-0.053233690559864044,0.10481180995702744,direct,SAFE_PROGRESSING,NONE,1,0,"0.642,21.533;0.321,21.267;-0.000,21.000",1,1,PASS_THROUGH,-1,0.9846148050735326,-0.17473890702991524,0.0,0.1668865456100748,inf,8.545901496012716,0.0,0,0,0,DIRECT_LOCAL,PASS_THROUGH,0,CORRIDOR_CLEAR,1,5,0.0,21.0,2.0,0.0,21.0,2.0,1,
823,27.466667,0.033333,0.6358897089958191,21.515884399414062,2.4160046577453613,2.4425389807258995,0.07594510912895203,0.24327603551452487,0.10443234935087006,-0.05754132204491586,0.27092498738448473,0.0,21.0,2.0,0.8774190004053012,-0.16341854239350373,-0.4510324575124774,0.16528310693862477,0.20707130432128906,0.09935855865478516,-0.05342329293489456,0.1011156365275383,direct,SAFE_PROGRESSING,NONE,1,0,"0.639,21.525;0.319,21.262;-0.000,21.000",0,1,PASS_THROUGH,-1,0.8798063868139612,-0.1561386296830355,-0.4489559555703278,0.1668865456100748,inf,8.537107088893293,0.0,0,0,0,DIRECT_LOCAL,PASS_THROUGH,0,CORRIDOR_CLEAR,1,5,0.0,21.0,2.0,0.0,21.0,2.0,1,
824,27.5,0.033333,0.633463978767395,21.507522583007812,2.4143669605255127,2.445057899789799,0.07394621521234512,0.23106919601043077,0.10571496171175468,-0.05761007285495171,0.2605523881467554,0.0,21.0,2.0,0.8750417759966268,-0.17072147560572026,-0.4529415724215153,0.16376720496675706,0.19486716389656067,0.10000798106193542,-0.053593993186950684,0.09724176675081253,direct,SAFE_PROGRESSING,NONE,1,0,"0.636,21.516;0.318,21.258;0.000,21.000",0,1,PASS_THROUGH,-1,0.8798063868139612,-0.1561386296830355,-0.4489559555703278,0.1668865456100748,inf,8.528602325566922,0.0,0,0,0,DIRECT_LOCAL,PASS_THROUGH,0,CORRIDOR_CLEAR,1,5,0.0,21.0,2.0,0.0,21.0,2.0,1,
825,27.533333,0.033333,0.6313519477844238,21.49944496154785,2.412719488143921,2.447509166119985,0.07183000445365906,0.2186028971477858,0.10687175152847872,-0.05765411651374963,0.2500655815324278,0.0,21.0,2.0,0.87268206398412,-0.17803650263750015,-0.4546746297397996,0.16233986382386068,0.18246681988239288,0.10054025053977966,-0.05374471843242645,0.09319771826267242,direct,SAFE_PROGRESSING,NONE,1,0,"0.633,21.508;0.317,21.254;-0.000,21.000",0,1,PASS_THROUGH,-1,0.8798063868139612,-0.1561386296830355,-0.4489559555703278,0.1668865456100748,inf,8.520402295042372,0.0,0,0,0,DIRECT_LOCAL,PASS_THROUGH,0,CORRIDOR_CLEAR,1,5,0.0,21.0,2.0,0.0,21.0,2.0,1,
826,27.566667,0.033333,0.6295539140701294,21.491661071777344,2.411062002182007,2.4498889746604844,0.0695987120270729,0.20588821364885718,0.10789763683006132,-0.05767294718031095,0.23949535567415964,0.0,21.0,2.0,0.8703504162405686,-0.1853441639438545,-0.4562211019251766,0.16100317407886353,0.16988977789878845,0.1009538322687149,-0.053874388337135315,0.08899059891700745,direct,SAFE_PROGRESSING,NONE,1,0,"0.631,21.499;0.316,21.250;-0.000,21.000",0,1,PASS_THROUGH,-1,0.8798063868139612,-0.1561386296830355,-0.4489559555703278,0.1668865456100748,inf,8.512516388012925,0.0,0,0,0,DIRECT_LOCAL,PASS_THROUGH,0,CORRIDOR_CLEAR,1,5,0.0,21.0,2.0,0.0,21.0,2.0,1,
827,27.6,0.033333,0.6280696392059326,21.484180450439453,2.409393548965454,2.4521936094398273,0.06725464761257172,0.19293754733079513,0.1087877539178293,-0.057665774817313976,0.2288777275267084,0.0,21.0,2.0,0.8680563297523974,-0.19262893954696514,-0.45757218012659895,0.15975841013508693,0.1571464240550995,0.10124790668487549,-0.05398179590702057,0.08463235199451447,direct,SAFE_PROGRESSING,NONE,1,0,"0.630,21.492;0.315,21.246;0.000,21.000",0,1,PASS_THROUGH,-1,0.8798063868139612,-0.1561386296830355,-0.4489559555703278,0.1668865456100748,inf,8.504953986642448,0.0,0,0,0,DIRECT_LOCAL,PASS_THROUGH,0,CORRIDOR_CLEAR,1,5,0.0,21.0,2.0,0.0,21.0,2.0,1,
828,27.633333,0.033333,0.626898467540741,21.477012634277344,2.407714366912842,2.4544189343922005,0.0648006796836853,0.17976460327581295,0.10953728600390993,-0.05763206434583441,0.21825486124431512,0.0,21.0,2.0,0.8658101787072464,-0.19987413334459253,-0.4587189392936311,0.15860670607260238,0.14423561096191406,0.10142111033201218,-0.054065801203250885,0.0801413431763649,direct,SAFE_PROGRESSING,NONE,1,0,"0.628,21.484;0.314,21.242;-0.000,21.000",1,1,PASS_THROUGH,-1,0.9743734925021872,-0.22493620675447085,0.0,0.15860670607260238,inf,8.497724472675406,0.0,0,0,0,DIRECT_LOCAL,PASS_THROUGH,0,CORRIDOR_CLEAR,1,5,0.0,21.0,2.0,0.0,21.0,2.0,1,
829,27.666667,0.033333,0.6260393857955933,21.47017478942871,2.406024217605591,2.45656160608914,0.06224074959754944,0.16638365406976724,0.11014200940019958,-0.057572049315330845,0.20767600592915997,0.0,21.0,2.0,0.8636221002386133,-0.20706285969957927,-0.4596540439422664,0.15754907068785146,0.1311776340007782,0.10146503150463104,-0.054126180708408356,0.0755108892917633,direct,SAFE_PROGRESSING,NONE,1,0,"0.627,21.477;0.313,21.239;-0.000,21.000",0,1,PASS_THROUGH,-1,0.8658101787072464,-0.19987413334459253,-0.4587189392936311,0.15860670607260238,inf,8.490844844106263,0.0,0,0,0,DIRECT_LOCAL,PASS_THROUGH,0,CORRIDOR_CLEAR,1,5,0.0,21.0,2.0,0.0,21.0,2.0,1,
830,27.7,0.033333,0.6254909634590149,21.463668823242188,2.404323101043701,2.458617951882882,0.059579141438007355,0.15280908126696618,0.11059791524079497,-0.057486505470664334,0.1971984089299228,0.0,21.0,2.0,0.8615056339462296,-0.21417086851058054,-0.46036820237754106,0.15658731049247335,0.11800121515989304,0.10137319564819336,-0.0541628822684288,0.07073207199573517,direct,SAFE_PROGRESSING,NONE,1,0,"0.626,21.470;0.313,21.235;0.000,21.000",0,1,PASS_THROUGH,-1,0.8658101787072464,-0.19987413334459253,-0.4587189392936311,0.15860670607260238,inf,8.484316872678551,0.0,0,0,0,DIRECT_LOCAL,PASS_THROUGH,0,CORRIDOR_CLEAR,1,5,0.0,21.0,2.0,0.0,21.0,2.0,1,
831,27.733333,0.033333,0.6252514719963074,21.45750617980957,2.4026107788085938,2.4605844976579903,0.05681909620761871,0.13905592778578854,0.11090088833892724,-0.05737594547552015,0.18688915753980898,0.0,21.0,2.0,0.8594691708511648,-0.22118619272388912,-0.4608572582749691,0.155721253914253,0.10472048819065094,0.10114673525094986,-0.054174840450286865,0.06582356989383698,direct,SAFE_PROGRESSING,NONE,1,0,"0.625,21.464;0.313,21.232;0.000,21.000",0,1,PASS_THROUGH,-1,0.8658101787072464,-0.19987413334459253,-0.4587189392936311,0.15860670607260238,inf,8.478151852780675,0.0,0,0,0,DIRECT_LOCAL,PASS_THROUGH,0,CORRIDOR_CLEAR,1,5,0.0,21.0,2.0,0.0,21.0,2.0,1,
832,27.766667,0.033333,0.6253183484077454,21.45169448852539,2.4008872509002686,2.4624580597506154,0.05396346002817154,0.12514037744194204,0.1110467203957404,-0.057240381146177285,0.176827456608755,0.0,21.0,2.0,0.8575247272893918,-0.22808863223430237,-0.4611148641420481,0.15495177414892622,0.09134881943464279,0.1007842868566513,-0.05416087061166763,0.06079859286546707,direct,SAFE_PROGRESSING,NONE,1,0,"0.625,21.458;0.313,21.229;-0.000,21.000",0,1,PASS_THROUGH,-1,0.8658101787072464,-0.19987413334459253,-0.4587189392936311,0.15860670607260238,inf,8.472357243119404,0.0,0,0,0,DIRECT_LOCAL,PASS_THROUGH,0,CORRIDOR_CLEAR,1,5,0.0,21.0,2.0,0.0,21.0,2.0,1,
833,27.8,0.033333,0.6256892681121826,21.446245193481445,2.3991527557373047,2.4642353898289673,0.051015689969062805,0.11107979193854152,0.11103119008846186,-0.057079983182574616,0.1671070609809557,0.0,21.0,2.0,0.8556830119502041,-0.2348603099975501,-0.46113687539350134,0.15427909097730705,0.0779082179069519,0.10028214752674103,-0.05412070080637932,0.055655524134635925,direct,SAFE_PROGRESSING,NONE,1,0,"0.625,21.452;0.313,21.226;-0.000,21.000",0,1,PASS_THROUGH,-1,0.8658101787072464,-0.19987413334459253,-0.4587189392936311,0.15860670607260238,inf,8.466944349450992,0.0,0,0,0,DIRECT_LOCAL,PASS_THROUGH,0,CORRIDOR_CLEAR,1,5,0.0,21.0,2.0,0.0,21.0,2.0,1,
834,27.833333,0.033333,0.6263610124588013,21.441165924072266,2.397406816482544,2.465913619281625,0.04797939583659172,0.09689258963105313,0.11085035934725952,-0.056895316270406004,0.15783869331167735,0.0,21.0,2.0,0.8539561013709134,-0.24148036157272107,-0.46091887779315144,0.15370384939044973,0.06441617757081985,0.09963729977607727,-0.05405396968126297,0.050395745784044266,direct,SAFE_PROGRESSING,NONE,1,0,"0.626,21.446;0.313,21.223;-0.000,21.000",1,1,PASS_THROUGH,-1,0.9622666479285507,-0.2721082473655494,0.0,0.15370384939044973,inf,8.461920636096655,0.0,0,0,0,DIRECT_LOCAL,PASS_THROUGH,0,CORRIDOR_CLEAR,1,5,0.0,21.0,2.0,0.0,21.0,2.0,1,
835,27.866667,0.033333,0.6273300647735596,21.43646240234375,2.3956499099731445,2.467489370603524,0.04485781490802765,0.08259818126365706,0.1105004391172389,-0.056687005633779965,0.1491516785051069,0.0,21.0,2.0,0.8523550813467153,-0.24793012350916682,-0.46045789075567334,0.1532260409318143,0.05088809132575989,0.09884658455848694,-0.05396008491516113,0.045022450387477875,direct,SAFE_PROGRESSING,NONE,1,0,"0.626,21.441;0.313,21.221;0.000,21.000",0,1,PASS_THROUGH,-1,0.8539561013709134,-0.24148036157272107,-0.46091887779315144,0.15370384939044973,inf,8.457291667333518,0.0,0,0,0,DIRECT_LOCAL,PASS_THROUGH,0,CORRIDOR_CLEAR,1,5,0.0,21.0,2.0,0.0,21.0,2.0,1,
836,27.9,0.033333,0.6285924315452576,21.432144165039062,2.3938817977905273,2.4689600194746832,0.04165369272232056,0.06821670828775925,0.10997802336645879,-0.05645589577160661,0.14119473460644735,0.0,21.0,2.0,0.8508895444035485,-0.2541929074997078,-0.45975313919707683,0.15284533866997396,0.03735238313674927,0.09790907800197601,-0.053838733583688736,0.03953566402196884,direct,SAFE_PROGRESSING,NONE,1,0,"0.627,21.436;0.314,21.218;-0.000,21.000",0,1,PASS_THROUGH,-1,0.8539561013709134,-0.24148036157272107,-0.46091887779315144,0.15370384939044973,inf,8.453066803692673,0.0,0,0,0,DIRECT_LOCAL,PASS_THROUGH,0,CORRIDOR_CLEAR,1,5,0.0,21.0,2.0,0.0,21.0,2.0,1,
837,27.933333,0.033333,0.6301438808441162,21.428213119506836,2.392103433609009,2.4703226340455804,0.03836919367313385,0.05376898469383147,0.10927981397256548,-0.056202739539962354,0.1341339978852522,0.0,21.0,2.0,0.8495708276866749,-0.26024826764012354,-0.4588030600749003,0.15256172840831186,0.02383323758840561,0.09682382643222809,-0.05368960648775101,0.033933885395526886,direct,SAFE_PROGRESSING,NONE,1,0,"0.629,21.432;0.314,21.216;-0.000,21.000",0,1,PASS_THROUGH,-1,0.8539561013709134,-0.24148036157272107,-0.46091887779315144,0.15370384939044973,inf,8.449247797439016,0.0,0,0,0,DIRECT_LOCAL,PASS_THROUGH,0,CORRIDOR_CLEAR,1,5,0.0,21.0,2.0,0.0,21.0,2.0,1,
838,27.966667,0.033333,0.6319794058799744,21.424678802490234,2.3903145790100098,2.4715746868811745,0.03500574082136154,0.039276916229139466,0.1084030432953013,-0.0559283545038517,0.12814787076523085,0.0,21.0,2.0,0.8484062069823769,-0.26608259170145004,-0.45761005490178586,0.15237424799263943,0.010351702570915222,0.09559384733438492,-0.053512271493673325,0.028225693851709366,direct,SAFE_PROGRESSING,NONE,1,0,"0.630,21.428;0.315,21.214;-0.000,21.000",0,1,PASS_THROUGH,-1,0.8539561013709134,-0.24148036157272107,-0.46091887779315144,0.15370384939044973,inf,8.445843980267997,0.0,0,0,0,DIRECT_LOCAL,PASS_THROUGH,0,CORRIDOR_CLEAR,1,5,0.0,21.0,2.0,0.0,21.0,2.0,1,
839,28.0,0.033333,0.6340939402580261,21.421545028686523,2.3885157108306885,2.4727130192711755,0.03156445175409317,0.024763613899003,0.10734543739116548,-0.05563351621383924,0.12341542702739812,0.0,21.0,2.0,0.8474064452222999,-0.2716748888520469,-0.45617438700888635,0.1522826391603383,-0.0030653350986540318,0.0942201092839241,-0.053306616842746735,0.022410377860069275,direct,SAFE_PROGRESSING,NONE,1,0,"0.632,21.425;0.316,21.212;-0.000,21.000",0,1,PASS_THROUGH,-1,0.8539561013709134,-0.24148036157272107,-0.46091887779315144,0.15370384939044973,inf,8.442858987226257,0.0,0,0,0,DIRECT_LOCAL,PASS_THROUGH,0,CORRIDOR_CLEAR,1,5,0.0,21.0,2.0,0.0,21.0,2.0,1,
840,28.033333,0.033333,0.6364818215370178,21.418813705444336,2.386707305908203,2.4737350593221272,0.02804628014564514,0.010253278005555873,0.1061055166671357,-0.05531915390831929,0.12009878919535925,0.0,21.0,2.0,0.8465790015089341,-0.27700983043705263,-0.4544992277720302,0.15228595946866158,-0.016408737748861313,0.09270306676626205,-0.05307242274284363,0.016488825902342796,direct,SAFE_PROGRESSING,NONE,1,0,"0.634,21.422;0.317,21.211;0.000,21.000",1,1,PASS_THROUGH,-1,0.9504145135494104,-0.31098593607209574,0.0,0.15228595946866158,inf,8.440294525437919,0.0,0,0,0,DIRECT_LOCAL,PASS_THROUGH,0,CORRIDOR_CLEAR,1,5,0.0,21.0,2.0,0.0,21.0,2.0,1,
841,28.066667,0.033333,0.6391369104385376,21.416494369506836,2.384890079498291,2.474638157577293,0.024452030658721924,-0.004229238992003908,0.104682575303238,-0.054986489326278636,0.11832092816995034,0.0,21.0,2.0,0.8459299793881148,-0.2820736573160568,-0.45258913135510387,0.152382942485712,-0.029640130698680878,0.09104333072900772,-0.05281040072441101,0.010445291176438332,direct,SAFE_PROGRESSING,NONE,1,0,"0.636,21.419;0.318,21.209;-0.000,21.000",0,1,PASS_THROUGH,-1,0.8465790015089341,-0.27700983043705263,-0.4544992277720302,0.15228595946866158,inf,8.438159894875636,0.0,0,0,0,DIRECT_LOCAL,PASS_THROUGH,0,CORRIDOR_CLEAR,1,5,0.0,21.0,2.0,0.0,21.0,2.0,1,
842,28.1,0.033333,0.6420527696609497,21.414587020874023,2.3830647468566895,2.475419261759131,0.020781302824616432,-0.018658365870341646,0.10307666277416308,-0.05463717491931952,0.11814463131591883,0.0,21.0,2.0,0.8454682096671092,-0.28684555720528065,-0.45044770257365624,0.15257307103362847,-0.042725108563899994,0.08924394100904465,-0.05252116918563843,0.004266877193003893,direct,SAFE_PROGRESSING,NONE,1,0,"0.639,21.416;0.320,21.208;0.000,21.000",0,1,PASS_THROUGH,-1,0.8465790015089341,-0.27700983043705263,-0.4544992277720302,0.15228595946866158,inf,8.43645487101162,0.0,0,0,0,DIRECT_LOCAL,PASS_THROUGH,0,CORRIDOR_CLEAR,1,5,0.0,21.0,2.0,0.0,21.0,2.0,1,
843,28.133333,0.033333,0.6452226042747498,21.4130916595459,2.3812315464019775,2.4760762611741303,0.01703185960650444,-0.03300740749628989,0.10128852218564176,-0.054272847512417226,0.11955917218383312,0.0,21.0,2.0,0.8451974863179095,-0.29131420830427934,-0.4480817349122124,0.15285472278035697,-0.05563413351774216,0.08731395751237869,-0.05220482498407364,-0.002040478168055415,direct,SAFE_PROGRESSING,NONE,1,0,"0.642,21.415;0.321,21.207;0.000,21.000",0,1,PASS_THROUGH,-1,0.8465790015089341,-0.27700983043705263,-0.4544992277720302,0.15228595946866158,inf,8.435179213988446,0.0,0,0,0,DIRECT_LOCAL,PASS_THROUGH,0,CORRIDOR_CLEAR,1,5,0.0,21.0,2.0,0.0,21.0,2.0,1,
844,28.166667,0.033333,0.6486391425132751,21.412012100219727,2.379392147064209,2.476606026092816,0.013200516812503338,-0.04724800612154713,0.09931982875799346,-0.05389501831315012,0.12248051055557238,0.0,21.0,2.0,0.845121375000853,-0.29546776808129616,-0.4454982149703014,0.15322622859725743,-0.06833913922309875,0.0852624922990799,-0.05186179652810097,-0.008476265706121922,direct,SAFE_PROGRESSING,NONE,1,0,"0.645,21.413;0.323,21.207;-0.000,21.000",0,1,PASS_THROUGH,-1,0.8465790015089341,-0.27700983043705263,-0.4544992277720302,0.15228595946866158,inf,8.434336463783922,0.0,0,0,0,DIRECT_LOCAL,PASS_THROUGH,0,CORRIDOR_CLEAR,1,5,0.0,21.0,2.0,0.0,21.0,2.0,1,
845,28.2,0.033333,0.6522948145866394,21.411348342895508,2.377546787261963,2.477005400429832,0.009284122847020626,-0.06135007559266322,0.09717347920695621,-0.053505511866345334,0.12676496612428,0.0,21.0,2.0,0.8452437838054341,-0.29929098163965245,-0.4427051549817843,0.1536862658701586,-0.08081085979938507,0.08309677243232727,-0.05149306356906891,-0.01505143940448761,direct,SAFE_PROGRESSING,NONE,1,0,"0.649,21.412;0.324,21.206;-0.000,21.000",0,1,PASS_THROUGH,-1,0.8465790015089341,-0.27700983043705263,-0.4544992277720302,0.15228595946866158,inf,8.433926338299374,0.0,0,0,0,DIRECT_LOCAL,PASS_THROUGH,0,CORRIDOR_CLEAR,1,5,0.0,21.0,2.0,0.0,21.0,2.0,1,
846,28.233333,0.033333,0.6561816334724426,21.41109848022461,2.375697135925293,2.4772713090056584,0.005279242992401123,-0.07528214622114364,0.09485390438352576,-0.05310648681165909,0.13223072130914817,0.0,21.0,2.0,0.8455668032257211,-0.3027726298068522,-0.43971071845302756,0.15423306835299602,-0.09302519261837006,0.0808243602514267,-0.051099993288517,-0.02177836000919342,direct,SAFE_PROGRESSING,NONE,1,0,"0.652,21.411;0.326,21.206;0.000,21.000",1,1,PASS_THROUGH,-1,0.9414649325450244,-0.33711093246584656,0.0,0.15423306835299602,inf,8.433946625913913,0.0,0,0,0,DIRECT_LOCAL,PASS_THROUGH,0,CORRIDOR_CLEAR,1,5,0.0,21.0,2.0,0.0,21.0,2.0,1,
847,28.266667,0.033333,0.6602911949157715,21.41126251220703,2.3738439083099365,2.4774007955246806,0.0011817705817520618,-0.08901200211323612,0.09236696539851062,-0.052700285156610634,0.13867989354165394,0.0,21.0,2.0,0.8460902613210444,-0.3059033673695115,-0.4365253710034283,0.15486462430775422,-0.10495024919509888,0.07845402508974075,-0.050684306770563126,-0.02867281809449196,direct,SAFE_PROGRESSING,NONE,1,0,"0.656,21.411;0.328,21.206;0.000,21.000",0,1,PASS_THROUGH,-1,0.8455668032257211,-0.3027726298068522,-0.43971071845302756,0.15423306835299602,inf,8.43439698845436,0.0,0,0,0,DIRECT_LOCAL,PASS_THROUGH,0,CORRIDOR_CLEAR,1,5,0.0,21.0,2.0,0.0,21.0,2.0,1,
848,28.3,0.033333,0.6646148562431335,21.411836624145508,2.3719873428344727,2.477390257363606,-0.003013407113030553,-0.10250709420467008,0.08971987683342582,-0.05228930315513304,0.14591618102780654,0.0,21.0,2.0,0.8468147047929229,-0.3086720727298426,-0.4331586398343422,0.15557908805879225,-0.11655868589878082,0.07599775493144989,-0.050247661769390106,-0.03574115037918091,direct,SAFE_PROGRESSING,NONE,1,0,"0.660,21.411;0.330,21.206;-0.000,21.000",0,1,PASS_THROUGH,-1,0.8455668032257211,-0.3027726298068522,-0.43971071845302756,0.15423306835299602,inf,8.435273262960951,0.0,0,0,0,DIRECT_LOCAL,PASS_THROUGH,0,CORRIDOR_CLEAR,1,5,0.0,21.0,2.0,0.0,21.0,2.0,1,
849,28.333333,0.033333,0.669143557548523,21.412817001342773,2.370130777359009,2.4772360819982855,-0.007312302011996508,-0.11573472389627888,0.08692110973998089,-0.05187587471533929,0.15375601455312013,0.0,21.0,2.0,0.8477384532320592,-0.3110714981192367,-0.4296208071888157,0.15637420658492876,-0.12781928479671478,0.07346934080123901,-0.04979177564382553,-0.04298613220453262,direct,SAFE_PROGRESSING,NONE,1,0,"0.665,21.412;0.332,21.206;-0.000,21.000",0,1,PASS_THROUGH,-1,0.8455668032257211,-0.3027726298068522,-0.43971071845302756,0.15423306835299602,inf,8.436571252386974,0.0,0,0,0,DIRECT_LOCAL,PASS_THROUGH,0,CORRIDOR_CLEAR,1,5,0.0,21.0,2.0,0.0,21.0,2.0,1,
850,28.366667,0.033333,0.6738680005073547,21.414199829101562,2.368274211883545,2.476934760002715,-0.011721078306436539,-0.1286622193440774,0.08398048131780925,-0.05146223856957626,0.16203410112536923,0.0,21.0,2.0,0.8488577989830428,-0.31309430511872316,-0.4259253375979035,0.15724769978684366,-0.13870371878147125,0.0708797425031662,-0.04931837320327759,-0.05042022466659546,direct,SAFE_PROGRESSING,NONE,1,0,"0.669,21.413;0.335,21.206;-0.000,21.000",0,1,PASS_THROUGH,-1,0.8455668032257211,-0.3027726298068522,-0.43971071845302756,0.15423306835299602,inf,8.438286735650896,0.0,0,0,0,DIRECT_LOCAL,PASS_THROUGH,0,CORRIDOR_CLEAR,1,5,0.0,21.0,2.0,0.0,21.0,2.0,1,
851,28.4,0.033333,0.678778886795044,21.415977478027344,2.3664188385009766,2.476482322598521,-0.016245970502495766,-0.14125677859738633,0.08090908844609572,-0.051050618481485954,0.17060458299890827,0.0,21.0,2.0,0.8501699320646636,-0.3147336866196814,-0.4220826851695639,0.15819729207992705,-0.1491837054491043,0.06824144721031189,-0.04882938787341118,-0.05805400013923645,direct,SAFE_PROGRESSING,NONE,1,0,"0.674,21.414;0.337,21.207;-0.000,21.000",0,1,PASS_THROUGH,-1,0.8455668032257211,-0.3027726298068522,-0.43971071845302756,0.15423306835299602,inf,8.440411677669406,0.0,0,0,0,DIRECT_LOCAL,PASS_THROUGH,0,CORRIDOR_CLEAR,1,5,0.0,21.0,2.0,0.0,21.0,2.0,1,
852,28.433333,0.033333,0.6838665008544922,21.41814422607422,2.3645665645599365,2.475874752622895,-0.02089337632060051,-0.15348551556141898,0.07771921478744286,-0.05064334146191017,0.17933997844529512,0.0,21.0,2.0,0.851669254943934,-0.31598648586961714,-0.418105274938041,0.1592203554052946,-0.15922902524471283,0.06556763499975204,-0.048326753079891205,-0.06589759886264801,direct,SAFE_PROGRESSING,NONE,1,0,"0.679,21.416;0.339,21.208;-0.000,21.000",1,1,PASS_THROUGH,-1,0.9375501836426594,-0.3478500440586655,0.0,0.1592203554052946,inf,8.442939905248053,0.0,0,0,0,DIRECT_LOCAL,PASS_THROUGH,0,CORRIDOR_CLEAR,1,5,0.0,21.0,2.0,0.0,21.0,2.0,1,
853,28.466667,0.033333,0.6891209483146667,21.42068862915039,2.3627188205718994,2.475107647267368,-0.025669828057289124,-0.165315443119301,0.07442428588665635,-0.05024246848481665,0.18812888056573712,0.0,21.0,2.0,0.8533503076930415,-0.31684765529562137,-0.4140058160145317,0.1603144391238886,-0.16881340742111206,0.06287239491939545,-0.04781218245625496,-0.073952816426754,direct,SAFE_PROGRESSING,NONE,1,0,"0.684,21.418;0.342,21.209;-0.000,21.000",0,1,PASS_THROUGH,-1,0.851669254943934,-0.31598648586961714,-0.418105274938041,0.1592203554052946,inf,8.445859512442983,0.0,0,0,0,DIRECT_LOCAL,PASS_THROUGH,0,CORRIDOR_CLEAR,1,5,0.0,21.0,2.0,0.0,21.0,2.0,1,
854,28.5,0.033333,0.6945322155952454,21.42360496520996,2.36087703704834,2.4741766519682176,-0.03058149479329586,-0.1767136221944438,0.07103881226529293,-0.049849861008554014,0.1968736289087909,0.0,21.0,2.0,0.8552048616414045,-0.3173175915788033,-0.4097977436486609,0.16147651273204294,-0.17791315913200378,0.06016729027032852,-0.04728740453720093,-0.08223015069961548,direct,SAFE_PROGRESSING,NONE,1,0,"0.689,21.421;0.345,21.210;0.000,21.000",0,1,PASS_THROUGH,-1,0.851669254943934,-0.31598648586961714,-0.418105274938041,0.1592203554052946,inf,8.449164277269682,0.0,0,0,0,DIRECT_LOCAL,PASS_THROUGH,0,CORRIDOR_CLEAR,1,5,0.0,21.0,2.0,0.0,21.0,2.0,1,
855,28.533333,0.033333,0.700090229511261,21.4268798828125,2.3590428829193115,2.4730773336195377,-0.03563406318426132,-0.18764749670043537,0.0675780633470134,-0.04946700727371707,0.20548810786099234,0.0,21.0,2.0,0.8572267829217743,-0.317391949730081,-0.405493024462965,0.16270416897549647,-0.18651007115840912,0.05746447294950485,-0.04675446078181267,-0.09073374420404434,direct,SAFE_PROGRESSING,NONE,1,0,"0.695,21.424;0.347,21.212;-0.000,21.000",0,1,PASS_THROUGH,-1,0.851669254943934,-0.31598648586961714,-0.418105274938041,0.1592203554052946,inf,8.452840348510714,0.0,0,0,0,DIRECT_LOCAL,PASS_THROUGH,0,CORRIDOR_CLEAR,1,5,0.0,21.0,2.0,0.0,21.0,2.0,1,
856,28.566667,0.033333,0.705784797668457,21.430496215820312,2.3572187423706055,2.4718048300599498,-0.04083264246582985,-0.1980854855310283,0.06405797700743883,-0.049094758697774736,0.21389618820339343,0.0,21.0,2.0,0.8594063845606537,-0.3170729208980159,-0.40110525926443097,0.16399423938750335,-0.19458776712417603,0.05477483943104744,-0.046215079724788666,-0.09946826100349426,direct,SAFE_PROGRESSING,NONE,1,0,"0.700,21.427;0.350,21.213;-0.000,21.000",0,1,PASS_THROUGH,-1,0.851669254943934,-0.31598648586961714,-0.418105274938041,0.1592203554052946,inf,8.45687004548657,0.0,0,0,0,DIRECT_LOCAL,PASS_THROUGH,0,CORRIDOR_CLEAR,1,5,0.0,21.0,2.0,0.0,21.0,2.0,1,
857,28.6,0.033333,0.7116056084632874,21.4344425201416,2.35540509223938,2.470354303323408,-0.04618158936500549,-0.20799772548811135,0.06049502722609132,-0.04873335285720001,0.22203072266697146,0.0,21.0,2.0,0.8617319410608713,-0.31636606230661635,-0.39664918552301287,0.16534317917053779,-0.20213434100151062,0.05210946872830391,-0.045670997351408005,-0.10843320190906525,direct,SAFE_PROGRESSING,NONE,1,0,"0.706,21.430;0.353,21.215;-0.000,21.000",0,1,PASS_THROUGH,-1,0.851669254943934,-0.31598648586961714,-0.418105274938041,0.1592203554052946,inf,8.461241367170178,0.0,0,0,0,DIRECT_LOCAL,PASS_THROUGH,0,CORRIDOR_CLEAR,1,5,0.0,21.0,2.0,0.0,21.0,2.0,1,
858,28.633333,0.033333,0.7175422310829163,21.43871307373047,2.353605031967163,2.4687211675991594,-0.05168428272008896,-0.21735680784350717,0.056905849557541806,-0.048382250026882394,0.22983276473873052,0.0,21.0,2.0,0.864194674386919,-0.3152725894580921,-0.39213614867501884,0.16674805489760788,-0.20913994312286377,0.049477748572826385,-0.04512372985482216,-0.11762955039739609,direct,SAFE_PROGRESSING,NONE,1,0,"0.712,21.434;0.356,21.217;-0.000,21.000",1,1,PASS_THROUGH,-1,0.9394368066783623,-0.3427221706542507,0.0,0.16674805489760788,inf,8.465947989588678,0.0,0,0,0,DIRECT_LOCAL,PASS_THROUGH,0,CORRIDOR_CLEAR,1,5,0.0,21.0,2.0,0.0,21.0,2.0,1,
859,28.666667,0.033333,0.7235845923423767,21.44328498840332,2.3518190383911133,2.466900322866081,-0.057343024760484695,-0.22613816668937634,0.05330708536202493,-0.048040191939726945,0.23725087107328438,0.0,21.0,2.0,0.8667871576912514,-0.3137881556810868,-0.3875784006053277,0.16820654142446242,-0.21559669077396393,0.04688920080661774,-0.04457474127411842,-0.12705066800117493,direct,SAFE_PROGRESSING,NONE,1,0,"0.718,21.439;0.359,21.219;-0.000,21.000",0,1,PASS_THROUGH,-1,0.864194674386919,-0.3152725894580921,-0.39213614867501884,0.16674805489760788,inf,8.470966478373724,0.0,0,0,0,DIRECT_LOCAL,PASS_THROUGH,0,CORRIDOR_CLEAR,1,5,0.0,21.0,2.0,0.0,21.0,2.0,1,
860,28.7,0.033333,0.7297223210334778,21.448143005371094,2.3500492572784424,2.464886847209816,-0.0631587952375412,-0.23432050126573198,0.04971518497604341,-0.047705362700484415,0.24424065705981648,0.0,21.0,2.0,0.8694959089688974,-0.3119238915603587,-0.3829887076144575,0.16971461259644266,-0.22150695323944092,0.04435272514820099,-0.04402492567896843,-0.13668589293956757,direct,SAFE_PROGRESSING,NONE,1,0,"0.724,21.443;0.362,21.222;0.000,21.000",0,1,PASS_THROUGH,-1,0.864194674386919,-0.3152725894580921,-0.39213614867501884,0.16674805489760788,inf,8.47628096437401,0.0,0,0,0,DIRECT_LOCAL,PASS_THROUGH,0,CORRIDOR_CLEAR,1,5,0.0,21.0,2.0,0.0,21.0,2.0,1,
861,28.733333,0.033333,0.7359451651573181,21.453271865844727,2.348297357559204,2.4626756424775134,-0.0691307932138443,-0.2418861469895497,0.04614640186854498,-0.047375116549003296,0.25076443164630613,0.0,21.0,2.0,0.8723101266332034,-0.30968384670100135,-0.37837938377458585,0.17126900701265507,-0.22687898576259613,0.04187833145260811,-0.04347492754459381,-0.14651364088058472,direct,SAFE_PROGRESSING,NONE,1,0,"0.730,21.448;0.365,21.224;0.000,21.000",0,1,PASS_THROUGH,-1,0.864194674386919,-0.3152725894580921,-0.39213614867501884,0.16674805489760788,inf,8.481875566347085,0.0,0,0,0,DIRECT_LOCAL,PASS_THROUGH,0,CORRIDOR_CLEAR,1,5,0.0,21.0,2.0,0.0,21.0,2.0,1,
862,28.766667,0.033333,0.7422432899475098,21.458648681640625,2.346564531326294,2.4602619069361578,-0.07525575160980225,-0.24882161503403735,0.042616690331074014,-0.04704633719961389,0.25679123086044264,0.0,21.0,2.0,0.8752192146630526,-0.3070724470552455,-0.3737617403428189,0.1728664999917326,-0.23171091079711914,0.039468761533498764,-0.04292594641447067,-0.15655086934566498,direct,SAFE_PROGRESSING,NONE,1,0,"0.736,21.453;0.368,21.227;-0.000,21.000",0,1,PASS_THROUGH,-1,0.864194674386919,-0.3152725894580921,-0.39213614867501884,0.16674805489760788,inf,8.487726808049125,0.0,0,0,0,DIRECT_LOCAL,PASS_THROUGH,0,CORRIDOR_CLEAR,1,5,0.0,21.0,2.0,0.0,21.0,2.0,1,
863,28.8,0.033333,0.74860680103302,21.46425437927246,2.3448538780212402,2.45764104191658,-0.08152954280376434,-0.25511767902734367,0.0391414065382175,-0.046716089333774184,0.26229653612034215,0.0,21.0,2.0,0.8782100017568653,-0.30410088091895826,-0.3691474597481615,0.17450314778167028,-0.2360064685344696,0.03712882846593857,-0.0423794649541378,-0.16680096089839935,direct,SAFE_PROGRESSING,NONE,1,0,"0.742,21.459;0.371,21.229;0.000,21.000",0,1,PASS_THROUGH,-1,0.864194674386919,-0.3152725894580921,-0.39213614867501884,0.16674805489760788,inf,8.493814991779166,0.0,0,0,0,DIRECT_LOCAL,PASS_THROUGH,0,CORRIDOR_CLEAR,1,5,0.0,21.0,2.0,0.0,21.0,2.0,1,
864,28.833333,0.033333,0.7550261616706848,21.470075607299805,2.3431649208068848,2.4548081519628684,-0.08794863522052765,-0.26076899317717095,0.035735231510105506,-0.04638194649915911,0.26726159382666104,0.0,21.0,2.0,0.8812705698379317,-0.3007764187120909,-0.3645486643567032,0.17617539796765605,-0.23977360129356384,0.03486550599336624,-0.04183643311262131,-0.17724543809890747,direct,SAFE_PROGRESSING,NONE,1,0,"0.749,21.464;0.374,21.232;0.000,21.000",1,1,PASS_THROUGH,-1,0.9463975433062733,-0.323004164096766,0.0,0.17617539796765605,inf,8.500126131414358,0.0,0,0,0,DIRECT_LOCAL,PASS_THROUGH,0,CORRIDOR_CLEAR,1,5,0.0,21.0,2.0,0.0,21.0,2.0,1,
865,28.866667,0.033333,0.7614921927452087,21.476085662841797,2.3415002822875977,2.451759090798443,-0.0945093035697937,-0.2657738304764218,0.03241176010847794,-0.046041558978888925,0.27167273752190485,0.0,21.0,2.0,0.8843923402277047,-0.2971027132227347,-0.3599724521991272,0.17788036219723044,-0.2430213987827301,0.0326843187212944,-0.041297733783721924,-0.18787053227424622,direct,SAFE_PROGRESSING,NONE,1,0,"0.755,21.470;0.378,21.235;-0.000,21.000",0,1,PASS_THROUGH,-1,0.8812705698379317,-0.3007764187120909,-0.3645486643567032,0.17617539796765605,inf,8.50663293964418,0.0,0,0,0,DIRECT_LOCAL,PASS_THROUGH,0,CORRIDOR_CLEAR,1,5,0.0,21.0,2.0,0.0,21.0,2.0,1,
866,28.9,0.033333,0.7679958343505859,21.482269287109375,2.3398609161376953,2.448489320135823,-0.1012066900730133,-0.2701336596888407,0.0291838106594175,-0.045692933953279204,0.27552083971044705,0.0,21.0,2.0,0.8875613565652878,-0.2930936867340415,-0.3554306249166404,0.17961379879902536,-0.24575987458229065,0.030591106042265892,-0.04076444357633591,-0.19865673780441284,direct,SAFE_PROGRESSING,NONE,1,0,"0.761,21.476;0.381,21.238;-0.000,21.000",0,1,PASS_THROUGH,-1,0.8812705698379317,-0.3007764187120909,-0.3645486643567032,0.17617539796765605,inf,8.513319527632696,0.0,0,0,0,DIRECT_LOCAL,PASS_THROUGH,0,CORRIDOR_CLEAR,1,5,0.0,21.0,2.0,0.0,21.0,2.0,1,
867,28.933333,0.033333,0.7745286226272583,21.488601684570312,2.338247776031494,2.4449946507523905,-0.10803458839654922,-0.2738531890267037,0.026063265922162626,-0.045334779093215274,0.27880119290644273,0.0,21.0,2.0,0.8907685859602816,-0.28875412980236387,-0.35093073218001325,0.1813726844779927,-0.24799147248268127,0.028587190434336662,-0.04023846983909607,-0.2096051573753357,direct,SAFE_PROGRESSING,NONE,1,0,"0.768,21.482;0.384,21.241;0.000,21.000",0,1,PASS_THROUGH,-1,0.8812705698379317,-0.3007764187120909,-0.3645486643567032,0.17617539796765605,inf,8.520160529933277,0.0,0,0,0,DIRECT_LOCAL,PASS_THROUGH,0,CORRIDOR_CLEAR,1,5,0.0,21.0,2.0,0.0,21.0,2.0,1,
868,28.966667,0.033333,0.7810822129249573,21.49506378173828,2.3366618156433105,2.4412709387926883,-0.11498619616031647,-0.2769395156292069,0.023061268909523685,-0.04496681910893842,0.2815125792241495,0.0,21.0,2.0,0.8940020872942069,-0.2840966784980618,-0.3464813778256638,0.18315307187528415,-0.24972788989543915,0.026675675064325333,-0.039721809327602386,-0.2206977903842926,direct,SAFE_PROGRESSING,NONE,1,0,"0.775,21.489;0.387,21.244;-0.000,21.000",0,1,PASS_THROUGH,-1,0.8812705698379317,-0.3007764187120909,-0.3645486643567032,0.17617539796765605,inf,8.527136277110023,0.0,0,0,0,DIRECT_LOCAL,PASS_THROUGH,0,CORRIDOR_CLEAR,1,5,0.0,21.0,2.0,0.0,21.0,2.0,1,
869,29.0,0.033333,0.7876487374305725,21.501638412475586,2.335104465484619,2.437314468947562,-0.12205427885055542,-0.27940200688976224,0.02018796878075825,-0.044589296045295594,0.2836569069480498,0.0,21.0,2.0,0.8972521898069628,-0.2791294101398391,-0.3420895793233045,0.18495162300847828,-0.2509787976741791,0.0248589925467968,-0.039216239005327225,-0.23190446197986603,direct,SAFE_PROGRESSING,NONE,1,0,"0.781,21.495;0.391,21.248;-0.000,21.000",0,1,PASS_THROUGH,-1,0.8812705698379317,-0.3007764187120909,-0.3645486643567032,0.17617539796765605,inf,8.53422902258004,0.0,0,0,0,DIRECT_LOCAL,PASS_THROUGH,0,CORRIDOR_CLEAR,1,5,0.0,21.0,2.0,0.0,21.0,2.0,1,
870,29.033333,0.033333,0.7942206859588623,21.508302688598633,2.3335752487182617,2.43312146498018,-0.12923015654087067,-0.2812518473176115,0.01745250157110065,-0.044202821389770254,0.285238638423118,0.0,21.0,2.0,0.9005100368910384,-0.27385873164000707,-0.3377618518468711,0.1867652676968607,-0.2517588138580322,0.02313702367246151,-0.0387234203517437,-0.24320286512374878,direct,SAFE_PROGRESSING,NONE,1,0,"0.788,21.502;0.394,21.251;0.000,21.000",1,1,PASS_THROUGH,-1,0.956735869830004,-0.2909578584273427,0.0,0.1867652676968607,inf,8.541415330862447,0.0,0,0,0,DIRECT_LOCAL,PASS_THROUGH,0,CORRIDOR_CLEAR,1,5,0.0,21.0,2.0,0.0,21.0,2.0,1,
871,29.066667,0.033333,0.800790548324585,21.515037536621094,2.3320751190185547,2.4286887573731897,-0.1365034431219101,-0.28250216648817916,0.014862997387000601,-0.04380810837337782,0.2862647954623385,0.0,21.0,2.0,0.9037657822885328,-0.2682962055631481,-0.3335034585200176,0.1885903625577473,-0.25207674503326416,0.021509714424610138,-0.03824520483613014,-0.2545546591281891,direct,SAFE_PROGRESSING,NONE,1,0,"0.794,21.508;0.397,21.254;0.000,21.000",0,1,PASS_THROUGH,-1,0.9005100368910384,-0.27385873164000707,-0.3377618518468711,0.1867652676968607,inf,8.548675553478315,0.0,0,0,0,DIRECT_LOCAL,PASS_THROUGH,0,CORRIDOR_CLEAR,1,5,0.0,21.0,2.0,0.0,21.0,2.0,1,
872,29.1,0.033333,0.8073514699935913,21.521820068359375,2.330604076385498,2.4240134213983855,-0.1438615471124649,-0.28316786270477884,0.012426169506586567,-0.043406278916427496,0.28674475271008804,0.0,21.0,2.0,0.9070106893659986,-0.2624500751242439,-0.32931985582878975,0.1904236504654518,-0.25194472074508667,0.019974449649453163,-0.0377831906080246,-0.26592469215393066,direct,SAFE_PROGRESSING,NONE,1,0,"0.801,21.515;0.400,21.258;-0.000,21.000",0,1,PASS_THROUGH,-1,0.9005100368910384,-0.27385873164000707,-0.3377618518468711,0.1867652676968607,inf,8.555986281400374,0.0,0,0,0,DIRECT_LOCAL,PASS_THROUGH,0,CORRIDOR_CLEAR,1,5,0.0,21.0,2.0,0.0,21.0,2.0,1,
873,29.133333,0.033333,0.8138971328735352,21.528635025024414,2.329162120819092,2.419092718413743,-0.15128953754901886,-0.2832653149141318,0.01014762603594166,-0.04299840026126871,0.28668985920781337,0.0,21.0,2.0,0.9102355311896146,-0.2563318413319847,-0.3252157205291808,0.1922615489216079,-0.2513817548751831,0.018529748544096947,-0.03733839467167854,-0.2772536277770996,direct,SAFE_PROGRESSING,NONE,1,0,"0.807,21.522;0.404,21.261;-0.000,21.000",0,1,PASS_THROUGH,-1,0.9005100368910384,-0.27385873164000707,-0.3377618518468711,0.1867652676968607,inf,8.563331740717864,0.0,0,0,0,DIRECT_LOCAL,PASS_THROUGH,0,CORRIDOR_CLEAR,1,5,0.0,21.0,2.0,0.0,21.0,2.0,1,
874,29.166667,0.033333,0.8204209804534912,21.535449981689453,2.327749252319336,2.413924835408704,-0.15876898169517517,-0.28281255078126466,0.008031456372414668,-0.042584997551569574,0.28611348305757034,0.0,21.0,2.0,0.913433369388579,-0.2499478180097311,-0.3211939724832993,0.19410136862807784,-0.25041136145591736,0.017173517495393753,-0.036910898983478546,-0.28847000002861023,direct,SAFE_PROGRESSING,NONE,1,0,"0.814,21.529;0.407,21.264;-0.000,21.000",0,1,PASS_THROUGH,-1,0.9005100368910384,-0.27385873164000707,-0.3377618518468711,0.1867652676968607,inf,8.570679021807683,0.0,0,0,0,DIRECT_LOCAL,PASS_THROUGH,0,CORRIDOR_CLEAR,1,5,0.0,21.0,2.0,0.0,21.0,2.0,1,
875,29.2,0.033333,0.8269169330596924,21.542264938354492,2.326364517211914,2.4085083008619277,-0.16627667844295502,-0.2818294844995066,0.006080514488947638,-0.042165712687439315,0.2850311883218178,0.0,21.0,2.0,0.9165929683637595,-0.2433174825375884,-0.3172600400896441,0.19593848708811687,-0.24905958771705627,0.015903376042842865,-0.03650021553039551,-0.29949384927749634,direct,SAFE_PROGRESSING,NONE,1,0,"0.820,21.535;0.410,21.268;0.000,21.000",0,1,PASS_THROUGH,-1,0.9005100368910384,-0.27385873164000707,-0.3377618518468711,0.1867652676968607,inf,8.578027551011237,0.0,0,0,0,DIRECT_LOCAL,PASS_THROUGH,0,CORRIDOR_CLEAR,1,5,0.0,21.0,2.0,0.0,21.0,2.0,1,
876,29.233333,0.033333,0.8333791494369507,21.54906463623047,2.3250083923339844,2.402842579651326,-0.17378361523151398,-0.28033833998110674,0.004296451001329365,-0.04173952738476794,0.2834611657720915,0.0,21.0,2.0,0.9197120824752207,-0.2364361319534926,-0.31341289197472905,0.19777187641820554,-0.24735182523727417,0.014714805409312248,-0.03610559180378914,-0.3102484941482544,direct,SAFE_PROGRESSING,NONE,1,0,"0.827,21.542;0.413,21.271;-0.000,21.000",1,1,PASS_THROUGH,-1,0.9685084903898145,-0.24898052944526106,0.0,0.19777187641820554,inf,8.58536155987992,0.0,0,0,0,DIRECT_LOCAL,PASS_THROUGH,0,CORRIDOR_CLEAR,1,5,0.0,21.0,2.0,0.0,21.0,2.0,1,
877,29.266667,0.033333,0.8398019075393677,21.55582046508789,2.3236799240112305,2.3969281531558817,-0.18125538527965546,-0.2783641537264946,0.002679706816173215,-0.04130514964786649,0.28142476489449325,0.0,21.0,2.0,0.922783803033208,-0.22931171525328264,-0.30965495330636483,0.1995988758961485,-0.2453184872865677,0.013604206964373589,-0.03572598472237587,-0.3206386864185333,direct,SAFE_PROGRESSING,NONE,1,0,"0.833,21.549;0.417,21.275;-0.000,21.000",0,1,PASS_THROUGH,-1,0.9197120824752207,-0.2364361319534926,-0.31341289197472905,0.19777187641820554,inf,8.592651979765519,0.0,0,0,0,DIRECT_LOCAL,PASS_THROUGH,0,CORRIDOR_CLEAR,1,5,0.0,21.0,2.0,0.0,21.0,2.0,1,
878,29.3,0.033333,0.8461799025535583,21.562517166137695,2.322378396987915,2.390766628180418,-0.18865181505680084,-0.27593458848001284,0.001229720319196895,-0.04086067772036247,0.27894623911331884,0.0,21.0,2.0,0.9257985265031747,-0.2219632878225382,-0.3059891945535978,0.2014153552554799,-0.24299360811710358,0.012570373713970184,-0.03535915166139603,-0.33054423332214355,direct,SAFE_PROGRESSING,NONE,1,0,"0.840,21.556;0.560,21.371;0.280,21.185;-0.000,21.000",0,1,PASS_THROUGH,-1,0.9197120824752207,-0.2364361319534926,-0.31341289197472905,0.19777187641820554,inf,8.599883071171421,0.0,0,0,0,DIRECT_LOCAL,PASS_THROUGH,0,CORRIDOR_CLEAR,1,5,0.0,21.0,2.0,0.0,21.0,2.0,1,
879,29.333333,0.033333,0.8525081872940063,21.569143295288086,2.321103096008301,2.384361175412448,-0.19592614471912384,-0.27308024663069,-5.492567249376729e-05,-0.040403720910173246,0.27605304704004857,0.0,21.0,2.0,0.9287499596241535,-0.214401121701231,-0.3024163876369582,0.20321869891180122,-0.24041128158569336,0.011609960347414017,-0.03500230982899666,-0.33985209465026855,direct,SAFE_PROGRESSING,NONE,1,0,"0.846,21.563;0.564,21.375;0.282,21.188;0.000,21.000",0,1,PASS_THROUGH,-1,0.9197120824752207,-0.2364361319534926,-0.31341289197472905,0.19777187641820554,inf,8.607042917316454,0.0,0,0,0,DIRECT_LOCAL,PASS_THROUGH,0,CORRIDOR_CLEAR,1,5,0.0,21.0,2.0,0.0,21.0,2.0,1,
880,29.366667,0.033333,0.8587820529937744,21.57568359375,2.319852828979492,2.3777167202244134,-0.20302458107471466,-0.2698345539612717,-0.001176627670839905,-0.03993175486116285,0.27277576140567594,0.0,21.0,2.0,0.9316325569700923,-0.206634335184681,-0.29893649880225864,0.2050067608616549,-0.2376086264848709,0.010721380822360516,-0.034652404487133026,-0.3484346568584442,direct,SAFE_PROGRESSING,NONE,1,0,"0.853,21.569;0.568,21.379;0.284,21.190;0.000,21.000",0,1,PASS_THROUGH,-1,0.9197120824752207,-0.2364361319534926,-0.31341289197472905,0.19777187641820554,inf,8.614115814892035,0.0,0,0,0,DIRECT_LOCAL,PASS_THROUGH,0,CORRIDOR_CLEAR,1,5,0.0,21.0,2.0,0.0,21.0,2.0,1,
881,29.4,0.033333,0.8649970293045044,21.582124710083008,2.3186275959014893,2.3708397232764153,-0.20988669991493225,-0.266233539925831,-0.002138313331744662,-0.03944227079707707,0.269147845785497,0.0,21.0,2.0,0.9344400349193127,-0.1986764289597196,-0.2955494843775016,0.20677700207296912,-0.234624445438385,0.009903134778141975,-0.03430593013763428,-0.35616400837898254,direct,SAFE_PROGRESSING,NONE,1,0,"0.859,21.576;0.573,21.384;0.286,21.192;0.000,21.000",0,1,PASS_THROUGH,-1,0.9197120824752207,-0.2364361319534926,-0.31341289197472905,0.19777187641820554,inf,8.621087974875241,0.0,0,0,0,DIRECT_LOCAL,PASS_THROUGH,0,CORRIDOR_CLEAR,1,5,0.0,21.0,2.0,0.0,21.0,2.0,1,
882,29.433333,0.033333,0.8711494207382202,21.58845329284668,2.3174262046813965,2.3637389457592293,-0.21644575893878937,-0.2623158095184833,-0.0029434237298110936,-0.03893239274844437,0.2652055408012992,0.0,21.0,2.0,0.9371661528865814,-0.19054163687395137,-0.29225585794156445,0.2085271242591566,-0.23150157928466797,0.009155111387372017,-0.03395867347717285,-0.36290284991264343,direct,SAFE_PROGRESSING,NONE,1,0,"0.865,21.582;0.577,21.388;0.288,21.194;0.000,21.000",1,1,PASS_THROUGH,-1,0.9799506347250424,-0.1992404414319206,0.0,0.2085271242591566,inf,8.627945671967352,0.0,0,0,0,DIRECT_LOCAL,PASS_THROUGH,0,BYPASS_VISIBLE,1,5,0.0,21.0,2.0,0.0,21.0,2.0,1,
883,29.466667,0.033333,0.8772355318069458,21.59465789794922,2.3162479400634766,2.356425875944436,-0.2226293385028839,-0.2581222633064119,-0.0035958682721573838,-0.038399265737987895,0.26098761789071906,0.0,21.0,2.0,0.9398048926411495,-0.1822472130828588,-0.28905486865176383,0.21025494915598414,-0.22828073799610138,0.008476292714476585,-0.03360646963119507,-0.3685259222984314,direct,SAFE_PROGRESSING,NONE,1,0,"0.871,21.588;0.581,21.392;0.290,21.196;-0.000,21.000",0,1,PASS_THROUGH,-1,0.9371661528865814,-0.19054163687395137,-0.29225585794156445,0.2085271242591566,inf,8.634677075903683,0.0,0,0,0,DIRECT_LOCAL,PASS_THROUGH,0,BYPASS_VISIBLE,1,5,0.0,21.0,2.0,0.0,21.0,2.0,1,
884,29.5,0.033333,0.8832525014877319,21.60072898864746,2.315091848373413,2.3489139902115057,-0.22836047410964966,-0.25369603464727886,-0.004099959128852842,-0.037840241989791384,0.2565353222744532,0.0,21.0,2.0,0.9423506541402376,-0.17381089089195328,-0.28594583201860524,0.21195850479355607,-0.22499898076057434,0.007866539061069489,-0.03324546292424202,-0.3729122281074524,direct,SAFE_PROGRESSING,NONE,1,0,"0.877,21.595;0.585,21.396;0.292,21.198;0.000,21.000",0,1,PASS_THROUGH,-1,0.9371661528865814,-0.19054163687395137,-0.29225585794156445,0.2085271242591566,inf,8.64127232759453,0.0,0,0,0,DIRECT_LOCAL,PASS_THROUGH,0,BYPASS_VISIBLE,1,5,0.0,21.0,2.0,0.0,21.0,2.0,1,
885,29.533333,0.033333,0.889197826385498,21.606660842895508,2.313957929611206,2.341219460305176,-0.23355922102928162,-0.2490821536292098,-0.004460423488026486,-0.037253181099634415,0.25189206842673695,0.0,21.0,2.0,0.944798307890279,-0.16525208038072348,-0.28292738880763807,0.2136361672737776,-0.2216968834400177,0.007326735649257898,-0.03287157043814659,-0.37594306468963623,direct,SAFE_PROGRESSING,NONE,1,0,"0.883,21.601;0.589,21.400;0.294,21.200;-0.000,21.000",0,1,PASS_THROUGH,-1,0.9371661528865814,-0.19054163687395137,-0.29225585794156445,0.2085271242591566,inf,8.647725396427415,0.0,0,0,0,DIRECT_LOCAL,PASS_THROUGH,0,BYPASS_VISIBLE,1,5,0.0,21.0,2.0,0.0,21.0,2.0,1,
886,29.566667,0.033333,0.89506995677948,21.612445831298828,2.3128461837768555,2.3333610448714364,-0.23814445734024048,-0.24432669712266697,-0.004682106365146492,-0.03663633622288849,0.24710256611116474,0.0,21.0,2.0,0.9471433027554486,-0.15659016062395575,-0.2799983672117823,0.21528679966513345,-0.21841305494308472,0.0068583255633711815,-0.03248090296983719,-0.37750768661499023,direct,SAFE_PROGRESSING,NONE,1,0,"0.889,21.607;0.593,21.404;0.296,21.202;-0.000,21.000",0,1,PASS_THROUGH,-1,0.9371661528865814,-0.19054163687395137,-0.29225585794156445,0.2085271242591566,inf,8.654028438283339,0.0,0,0,0,DIRECT_LOCAL,PASS_THROUGH,0,BYPASS_VISIBLE,1,5,0.0,21.0,2.0,0.0,21.0,2.0,1,
887,29.6,0.033333,0.9008673429489136,21.618078231811523,2.311755418777466,2.325360874254314,-0.24203504621982574,-0.2394766407541076,-0.004770270073206089,-0.035988328017659756,0.2422126683246562,0.0,21.0,2.0,0.9493808871281999,-0.14784976615456036,-0.2771576767901519,0.2169092090073202,-0.215186208486557,0.006463648285716772,-0.03206964209675789,-0.3775053024291992,direct,SAFE_PROGRESSING,NONE,1,0,"0.895,21.612;0.597,21.408;0.298,21.204;-0.000,21.000",0,1,PASS_THROUGH,-1,0.9371661528865814,-0.19054163687395137,-0.29225585794156445,0.2085271242591566,inf,8.660175507869333,0.0,0,0,0,DIRECT_LOCAL,PASS_THROUGH,0,BYPASS_VISIBLE,1,5,0.0,21.0,2.0,0.0,21.0,2.0,1,
888,29.633333,0.033333,0.9065900444984436,21.623552322387695,2.310685157775879,2.3172432496290924,-0.24515129625797272,-0.23457921777932794,-0.004730439959855185,-0.035308152652488184,0.2372687339703792,0.0,21.0,2.0,0.9515073737902815,-0.13905646299982233,-0.2744030206114726,0.21850241831440628,-0.2120504081249237,0.006144532933831215,-0.031634557992219925,-0.37585893273353577,direct,SAFE_PROGRESSING,NONE,1,0,"0.901,21.618;0.601,21.412;0.300,21.206;0.000,21.000",1,1,PASS_THROUGH,-1,0.9894891333190066,-0.1446072440910242,0.0,0.21850241831440628,inf,8.666160810296779,0.0,0,0,0,DIRECT_LOCAL,PASS_THROUGH,0,BYPASS_VISIBLE,1,5,0.0,21.0,2.0,0.0,21.0,2.0,1,
889,29.666667,0.033333,0.9122380614280701,21.628868103027344,2.309635639190674,2.309035142460237,-0.24741679430007935,-0.2296813790274624,-0.004568348088375267,-0.03459557723838941,0.2323171531348273,0.0,21.0,2.0,0.9535193763711047,-0.13023934509220497,-0.2717324269843649,0.22006571814244746,-0.20903316140174866,0.005900979042053223,-0.03117324411869049,-0.37251514196395874,direct,SAFE_PROGRESSING,NONE,1,0,"0.907,21.624;0.604,21.416;0.302,21.208;-0.000,21.000",0,1,PASS_THROUGH,-1,0.9515073737902815,-0.13905646299982233,-0.2744030206114726,0.21850241831440628,inf,8.671984244518569,0.0,0,0,0,DIRECT_LOCAL,PASS_THROUGH,0,BYPASS_VISIBLE,1,5,0.0,21.0,2.0,0.0,21.0,2.0,1,
890,29.7,0.033333,0.9178129434585571,21.634023666381836,2.308607578277588,2.3007659314032862,-0.2487611025571823,-0.22482915964104747,-0.004289792716234601,-0.03385144206019871,0.2274037675061758,0.0,21.0,2.0,0.9554147486822058,-0.12142591356238086,-0.26914383796783914,0.22159904076717057,-0.20615419745445251,0.005732783582061529,-0.030684716999530792,-0.3674449622631073,direct,SAFE_PROGRESSING,NONE,1,0,"0.912,21.629;0.608,21.419;0.304,21.210;-0.000,21.000",0,1,PASS_THROUGH,-1,0.9515073737902815,-0.13905646299982233,-0.2744030206114726,0.21850241831440628,inf,8.677643959331496,0.0,0,0,0,DIRECT_LOCAL,PASS_THROUGH,0,BYPASS_VISIBLE,1,5,0.0,21.0,2.0,0.0,21.0,2.0,1,
891,29.733333,0.033333,0.9233164191246033,21.639015197753906,2.307600736618042,2.292467502003923,-0.24912190437316895,-0.22006644848997678,-0.0039009792747794624,-0.03307796687080884,0.2225727101030137,0.0,21.0,2.0,0.9571916089949135,-0.11264843439309058,-0.26663562008575303,0.22310236293794167,-0.20343232154846191,0.005639921873807907,-0.030168632045388222,-0.360633909702301,direct,SAFE_PROGRESSING,NONE,1,0,"0.918,21.634;0.612,21.423;0.306,21.211;-0.000,21.000",0,1,PASS_THROUGH,-1,0.9515073737902815,-0.13905646299982233,-0.2744030206114726,0.21850241831440628,inf,8.68313622708861,0.0,0,0,0,DIRECT_LOCAL,PASS_THROUGH,0,BYPASS_VISIBLE,1,5,0.0,21.0,2.0,0.0,21.0,2.0,1,
892,29.766667,0.033333,0.9287511110305786,21.643850326538086,2.306614875793457,2.28417359726359,-0.2484470158815384,-0.21543423214696003,-0.00340845304312124,-0.03227829276948738,0.21786558727116626,0.0,21.0,2.0,0.9588489455481595,-0.10394261776245478,-0.26420566200191664,0.22457547798328686,-0.20087984204292297,0.005619856528937817,-0.029625557363033295,-0.35210293531417847,direct,SAFE_PROGRESSING,NONE,1,0,"0.923,21.639;0.616,21.426;0.308,21.213;-0.000,21.000",0,1,PASS_THROUGH,-1,0.9515073737902815,-0.13905646299982233,-0.2744030206114726,0.21850241831440628,inf,8.688468803010581,0.0,0,0,0,DIRECT_LOCAL,PASS_THROUGH,0,BYPASS_VISIBLE,1,5,0.0,21.0,2.0,0.0,21.0,2.0,1,
893,29.8,0.033333,0.9341203570365906,21.648527145385742,2.305649518966675,2.2759194831811365,-0.24669605493545532,-0.2109694337868253,-0.0028193256721385333,-0.03145665797023149,0.2133203504596675,0.0,21.0,2.0,0.9603879417819512,-0.09533827939818684,-0.2618503652111657,0.22601963359175095,-0.19850386679172516,0.005668047349900007,-0.029057469218969345,-0.34190791845321655,direct,SAFE_PROGRESSING,NONE,1,0,"0.929,21.644;0.619,21.429;0.310,21.215;0.000,21.000",0,1,PASS_THROUGH,-1,0.9515073737902815,-0.13905646299982233,-0.2744030206114726,0.21850241831440628,inf,8.693640024091863,0.0,0,0,0,DIRECT_LOCAL,PASS_THROUGH,0,BYPASS_VISIBLE,1,5,0.0,21.0,2.0,0.0,21.0,2.0,1,
894,29.833333,0.033333,0.9394283890724182,21.65304946899414,2.304706335067749,2.2677415896168363,-0.24384281039237976,-0.20670432072794423,-0.0021413469306846454,-0.030618558720255363,0.20897071017820681,0.0,21.0,2.0,0.9618096929860867,-0.08687358203834189,-0.25956713047271096,0.22743511599859395,-0.1963014304637909,0.005777682177722454,-0.028468195348978043,-0.33014369010925293,direct,SAFE_PROGRESSING,NONE,1,0,"0.934,21.649;0.623,21.432;0.311,21.216;-0.000,21.000",1,1,PASS_THROUGH,-1,0.9959456640230886,-0.08995684695235473,0.0,0.22743511599859395,inf,8.698654017390416,0.0,0,0,0,DIRECT_LOCAL,PASS_THROUGH,0,BYPASS_VISIBLE,1,5,0.0,21.0,2.0,0.0,21.0,2.0,1,
895,29.866667,0.033333,0.9446796178817749,21.657421112060547,2.3037843704223633,2.2596767401887035,-0.23987770080566406,-0.2026658165280133,-0.0013829769079939309,-0.029770714779855746,0.20484540822922517,0.0,21.0,2.0,0.9631164893380237,-0.07858363257840323,-0.2573543095733644,0.22882301520159443,-0.19426512718200684,0.0059397220611572266,-0.027862945571541786,-0.3169434368610382,direct,SAFE_PROGRESSING,NONE,1,0,"0.939,21.653;0.626,21.435;0.313,21.218;0.000,21.000",0,1,PASS_THROUGH,-1,0.9618096929860867,-0.08687358203834189,-0.25956713047271096,0.22743511599859395,inf,8.703514936151437,0.0,0,0,0,DIRECT_LOCAL,PASS_THROUGH,0,BYPASS_VISIBLE,1,5,0.0,21.0,2.0,0.0,21.0,2.0,1,
896,29.9,0.033333,0.9498791098594666,21.661651611328125,2.302884340286255,2.25176208429494,-0.2348100244998932,-0.19887468056030916,-0.0005537491754720543,-0.028921299026432878,0.20096737731156933,0.0,21.0,2.0,0.9643121409161733,-0.07050413437814934,-0.25520827164740195,0.2301844563843686,-0.19237709045410156,0.006142991594970226,-0.027248665690422058,-0.3024776875972748,direct,SAFE_PROGRESSING,NONE,1,0,"0.945,21.657;0.630,21.438;0.315,21.219;-0.000,21.000",0,1,PASS_THROUGH,-1,0.9618096929860867,-0.08687358203834189,-0.25956713047271096,0.22743511599859395,inf,8.708232701270957,0.0,0,0,0,DIRECT_LOCAL,PASS_THROUGH,0,BYPASS_VISIBLE,1,5,0.0,21.0,2.0,0.0,21.0,2.0,1,
897,29.933333,0.033333,0.9550320506095886,21.66574478149414,2.3020055294036865,2.244033777198005,-0.22866995632648468,-0.19534503087138358,0.0003358073763101983,-0.028079560078882862,0.19735312398581226,0.0,21.0,2.0,0.9654015415628034,-0.06266631717597926,-0.2531260481257554,0.2315213319001527,-0.1906200498342514,0.006376262754201889,-0.02663303352892399,-0.2869408130645752,direct,SAFE_PROGRESSING,NONE,1,0,"0.950,21.662;0.633,21.441;0.317,21.221;-0.000,21.000",0,1,PASS_THROUGH,-1,0.9618096929860867,-0.08687358203834189,-0.25956713047271096,0.22743511599859395,inf,8.712811559928092,0.0,0,0,0,DIRECT_LOCAL,PASS_THROUGH,0,BYPASS_VISIBLE,1,5,0.0,21.0,2.0,0.0,21.0,2.0,1,
898,29.966667,0.033333,0.9601438641548157,21.669702529907227,2.3011481761932373,2.236527132204456,-0.22150951623916626,-0.1920838335992458,0.0012738865739006526,-0.0272555097240373,0.1940120736642516,0.0,21.0,2.0,0.96639023264029,-0.05510469433583087,-0.251104342693632,0.2328349056115287,-0.18897119164466858,0.006626870483160019,-0.026024464517831802,-0.27055826783180237,direct,SAFE_PROGRESSING,NONE,1,0,"0.955,21.666;0.637,21.444;0.318,21.222;-0.000,21.000",0,1,PASS_THROUGH,-1,0.9618096929860867,-0.08687358203834189,-0.25956713047271096,0.22743511599859395,inf,8.717253894839239,0.0,0,0,0,DIRECT_LOCAL,PASS_THROUGH,0,BYPASS_VISIBLE,1,5,0.0,21.0,2.0,0.0,21.0,2.0,1,
899,30.0,0.033333,0.9652198553085327,21.673534393310547,2.30031156539917,2.2292749293666363,-0.2134026139974594,-0.18909094863868592,0.002247611675964076,-0.026459444914318685,0.19094643447966753,0.0,21.0,2.0,0.9672843046635742,-0.04785274503557074,-0.24914090138728043,0.23412626665440855,-0.1874029040336609,0.006881403736770153,-0.025432035326957703,-0.253581166267395,direct,SAFE_PROGRESSING,NONE,1,0,"0.960,21.670;0.640,21.446;0.320,21.223;-0.000,21.000",0,1,PASS_THROUGH,-1,0.9618096929860867,-0.08687358203834189,-0.25956713047271096,0.22743511599859395,inf,8.721569679205302,0.0,0,0,0,DIRECT_LOCAL,PASS_THROUGH,0,BYPASS_VISIBLE,1,5,0.0,21.0,2.0,0.0,21.0,2.0,1,
