episode_frame_index,trajectory_time_s,control_dt_s,x,y,z,yaw,yaw_rate,state_vx_flu,state_vy_flu,state_vz_flu,speed_world_mps,effective_target_world_x,effective_target_world_y,effective_target_world_z,goal_direction_flu_x,goal_direction_flu_y,goal_direction_flu_z,goal_distance_norm,target_velocity_flu_x,target_velocity_flu_y,target_velocity_flu_z,target_yaw_rate,hierarchical_mode,planner_status,planner_failure_reason,plan_valid,plan_terminal,plan_points_xy,macro_update_mask,macro_label_valid,macro_correction_type,macro_direction_token,macro_direction_flu_x,macro_direction_flu_y,macro_direction_flu_z,macro_distance_norm,min_observed_clearance_m,truth_minimum_clearance_m,truth_brake_risk,truth_brake_would_trigger,emergency_brake,local_corridor_blocked,fsm_state,effective_target_source,target_correction_active,observability_reason,scene_id,task_id,navigation_goal_world_x,navigation_goal_world_y,navigation_goal_world_z,original_navigation_goal_world_x,original_navigation_goal_world_y,original_navigation_goal_world_z,episode_valid,failure_taxonomy
0,0.033333,0.033333,-5.0,5.0,2.000579595565796,0.3718807929219822,0.0,1.4469419790810349e-05,-1.3112884219685932e-05,0.03082059349930118,0.030820599685291782,5.0,21.0,2.0,0.5974490490410952,-0.8019068735207918,0.0,0.9,0.07863904535770416,-0.07110050320625305,0.009023603983223438,-0.5018764734268188,blocked,NO_SAFE_CANDIDATE,NO_SAFE_CANDIDATE,0,0,,1,1,PASS_THROUGH,-1,0.5974490490410952,-0.8019068735207918,0.0,0.9,3.89165774445801,4.270744176750625,0.0,0,0,0,DIRECT_LOCAL,PASS_THROUGH,0,BYPASS_VISIBLE,1,10,5.0,21.0,2.0,5.0,21.0,2.0,1,
1,0.066667,0.033333,-5.0,5.000005722045898,2.0018234252929688,0.3718301044150772,-0.004445858299732208,0.00030545582618983995,-0.00020904336766373118,0.041290861118224956,0.041292520076593286,5.0,21.0,2.0,0.5974896954537495,-0.8018765883120413,-3.071850353574356e-05,0.9,0.13038666546344757,-0.07001931965351105,0.004475933965295553,-0.8174116611480713,blocked,NO_SAFE_CANDIDATE,NO_SAFE_CANDIDATE,0,0,,0,1,PASS_THROUGH,-1,0.5974490490410952,-0.8019068735207918,0.0,0.9,3.89165774445801,4.270739379138789,0.0,0,0,0,DIRECT_LOCAL,PASS_THROUGH,0,BYPASS_VISIBLE,1,10,5.0,21.0,2.0,5.0,21.0,2.0,1,
2,0.1,0.033333,-5.000000476837158,5.000061511993408,2.0032107830047607,0.37143708935269,-0.021377483382821083,0.0026062790041541197,-0.0009436039791120991,0.04081278230351999,0.040906799900156034,5.0,21.0,2.0,0.5978046675198614,-0.8016417966597759,-9.664137164686747e-05,0.9,0.14435623586177826,-0.06397838890552521,-0.0010835517896339297,-1.1062626838684082,blocked,NO_SAFE_CANDIDATE,NO_SAFE_CANDIDATE,0,0,,0,1,PASS_THROUGH,-1,0.5974490490410952,-0.8019068735207918,0.0,0.9,3.8916523777307868,4.270692862403732,0.0,0,0,0,DIRECT_LOCAL,PASS_THROUGH,0,BYPASS_VISIBLE,1,10,5.0,21.0,2.0,5.0,21.0,2.0,1,
3,0.133333,0.033333,-5.000022888183594,5.000282287597656,2.0044798851013184,0.37021412437477813,-0.05315994843840599,0.009376292144711681,-0.002337340678942274,0.0350910853247296,0.03639728403466216,5.0,21.0,2.0,0.5987833218909551,-0.8009110465381601,-0.00017017162462055677,0.9,0.13235267996788025,-0.05592617392539978,-0.006840498652309179,-1.3013558387756348,blocked,NO_SAFE_CANDIDATE,NO_SAFE_CANDIDATE,0,0,,0,1,PASS_THROUGH,-1,0.5974490490410952,-0.8019068735207918,0.0,0.9,3.891600217608741,4.270519971447934,0.0,0,0,0,DIRECT_LOCAL,PASS_THROUGH,0,BYPASS_VISIBLE,1,10,5.0,21.0,2.0,5.0,21.0,2.0,1,
4,0.166667,0.033333,-5.000108242034912,5.00081729888916,2.005507469177246,0.3676788440163633,-0.09909643232822418,0.020773181474665756,-0.003977387283807617,0.02762032764570161,0.03478831955471117,5.0,21.0,2.0,0.6008061583875511,-0.7993947108078723,-0.00023743628852100333,0.9,0.11108849942684174,-0.0498322956264019,-0.011603737249970436,-1.3964658975601196,blocked,NO_SAFE_CANDIDATE,NO_SAFE_CANDIDATE,0,0,,0,1,PASS_THROUGH,-1,0.5974490490410952,-0.8019068735207918,0.0,0.9,3.7977700873489573,4.270117938496078,0.0,0,0,0,DIRECT_LOCAL,PASS_THROUGH,0,BYPASS_VISIBLE,1,10,5.0,21.0,2.0,5.0,21.0,2.0,1,
5,0.2,0.033333,-5.000294208526611,5.001760482788086,2.0062732696533203,0.36344065687516336,-0.1574280560016632,0.034222688801843225,-0.005203064479812765,0.020894343419726673,0.040433128691091544,5.0,21.0,2.0,0.6041736952102891,-0.7968525966622401,-0.0002919051049299773,0.9,0.0917818546295166,-0.04577350243926048,-0.012930693104863167,-1.4337204694747925,blocked,NO_SAFE_CANDIDATE,NO_SAFE_CANDIDATE,0,0,,0,1,PASS_THROUGH,-1,0.5974490490410952,-0.8019068735207918,0.0,0.9,3.797300371457997,4.26942860392018,0.0,0,0,0,DIRECT_LOCAL,PASS_THROUGH,0,BYPASS_VISIBLE,1,10,5.0,21.0,2.0,5.0,21.0,2.0,1,
6,0.233333,0.033333,-5.000595569610596,5.003109455108643,2.006833076477051,0.3571444966551613,-0.22570669651031494,0.046179976555261855,-0.005570650351638607,0.015875716028220303,0.04914937170904057,5.0,21.0,2.0,0.6091511488755118,-0.7930540758758459,-0.0003325061685293887,0.9,0.0767742171883583,-0.042033176869153976,-0.011640856973826885,-1.4448860883712769,blocked,NO_SAFE_CANDIDATE,NO_SAFE_CANDIDATE,0,0,,1,1,PASS_THROUGH,-1,0.6091511825494975,-0.7930541197160186,0.0,0.9,3.7964849691635485,4.268462157186549,0.0,0,0,0,DIRECT_LOCAL,PASS_THROUGH,0,BYPASS_VISIBLE,1,10,5.0,21.0,2.0,5.0,21.0,2.0,1,
7,0.266667,0.033333,-5.0009965896606445,5.004765033721924,2.0072600841522217,0.3484468937100305,-0.30154305696487427,0.054010477219766276,-0.005029490723829498,0.012154135552523728,0.05558912157497275,5.0,21.0,2.0,0.6159851580650771,-0.7877576745782779,-0.00036219686079810165,0.9,0.06752495467662811,-0.038022879511117935,-0.010383221320807934,-1.4443449974060059,blocked,NO_SAFE_CANDIDATE,NO_SAFE_CANDIDATE,0,0,,0,1,PASS_THROUGH,-1,0.6091511488755118,-0.7930540758758459,-0.0003325061685293887,0.9,3.888948320442142,4.267293330098043,0.0,0,0,0,DIRECT_LOCAL,PASS_THROUGH,0,BYPASS_VISIBLE,1,10,5.0,21.0,2.0,5.0,21.0,2.0,1,
8,0.3,0.033333,-5.001460075378418,5.0065765380859375,2.007598876953125,0.33708899350086674,-0.38285088539123535,0.056879984670976415,-0.0038246808292453586,0.009110213068147016,0.05773176614103492,5.0,21.0,2.0,0.6248421079518782,-0.7807510435578358,-0.0003848553023457963,0.9,0.06409710645675659,-0.03494003787636757,-0.010136736556887627,-1.4395155906677246,blocked,NO_SAFE_CANDIDATE,NO_SAFE_CANDIDATE,0,0,,0,1,PASS_THROUGH,-1,0.6091511488755118,-0.7930540758758459,-0.0003325061685293887,0.9,3.7383198199287238,4.266028269949055,0.0,0,0,0,DIRECT_LOCAL,PASS_THROUGH,0,BYPASS_VISIBLE,1,10,5.0,21.0,2.0,5.0,21.0,2.0,1,
9,0.333333,0.033333,-5.001945495605469,5.008399486541748,2.007869005203247,0.322923837688819,-0.4678696393966675,0.05569207789747206,-0.0023474188326746055,0.006702537136477025,0.056143048721813686,5.0,21.0,2.0,0.6357831300603392,-0.7718676371301358,-0.00040284217579562197,0.9,0.06409437209367752,-0.03408440575003624,-0.010033279657363892,-1.4369289875030518,blocked,NO_SAFE_CANDIDATE,NO_SAFE_CANDIDATE,0,0,,0,1,PASS_THROUGH,-1,0.6091511488755118,-0.7930540758758459,-0.0003325061685293887,0.9,3.7368304067053613,4.264765998571364,0.0,0,0,0,DIRECT_LOCAL,PASS_THROUGH,0,BYPASS_VISIBLE,1,10,5.0,21.0,2.0,5.0,21.0,2.0,1,
10,0.366667,0.033333,-5.002418518066406,5.010138988494873,2.008085012435913,0.30587750412659453,-0.5552558898925781,0.052373733272960375,-0.0010379813101080821,0.005267349997429297,0.05264817487950317,5.0,21.0,2.0,0.6487920350858808,-0.7609656504473293,-0.00041719107629604205,0.9,0.06447597593069077,-0.035392530262470245,-0.008980111218988895,-1.4408286809921265,blocked,NO_SAFE_CANDIDATE,NO_SAFE_CANDIDATE,0,0,,0,1,PASS_THROUGH,-1,0.6091511488755118,-0.7930540758758459,-0.0003325061685293887,0.9,3.6844034541394293,4.263567259345003,0.0,0,0,0,DIRECT_LOCAL,PASS_THROUGH,0,BYPASS_VISIBLE,1,10,5.0,21.0,2.0,5.0,21.0,2.0,1,
11,0.4,0.033333,-5.0028557777404785,5.01176643371582,2.0082695484161377,0.2859062843787526,-0.6438327431678772,0.048919468765782535,-0.00031273101844864036,0.004904011662857548,0.04916565422534023,5.0,21.0,2.0,0.6638065741014407,-0.747904170613407,-0.00042867094624294617,0.9,0.06271781772375107,-0.03773015737533569,-0.006901557557284832,-1.449232816696167,blocked,NO_SAFE_CANDIDATE,NO_SAFE_CANDIDATE,0,0,,0,1,PASS_THROUGH,-1,0.6091511488755118,-0.7930540758758459,-0.0003325061685293887,0.9,3.6830252281796203,4.262443194301935,0.0,0,0,0,DIRECT_LOCAL,PASS_THROUGH,0,BYPASS_VISIBLE,1,10,5.0,21.0,2.0,5.0,21.0,2.0,1,
12,0.433333,0.033333,-5.003238677978516,5.013306617736816,2.0084383487701416,0.26304907135600447,-0.727630078792572,0.046651524605698304,-0.0004756497287175282,0.004459734788087093,0.04686662165209454,-3.843602940115376,9.359884746096263,2.0,0.8660239414789942,-0.499999155737558,-0.0018376743228443143,0.9,0.062020864337682724,-0.03774352744221687,-0.006866218522191048,-1.4371219873428345,macro_normal,SAFE_PROGRESSING,NONE,1,0,"-5.003,5.012;-4.917,5.504;-4.830,5.997;-4.744,6.489;-4.658,6.982;-4.572,7.474;-4.486,7.967",1,1,NORMAL_CORRECTION,10,0.8660254037844387,-0.5,0.0,0.9,3.68173388629982,4.261362802675762,0.0,0,0,1,DIRECT_LOCAL,NORMAL_CORRECTION,1,BYPASS_VISIBLE,1,10,5.0,21.0,2.0,5.0,21.0,2.0,1,
13,0.466667,0.033333,-5.003549098968506,5.014814853668213,2.0085809230804443,0.23758595666563181,-0.798885703086853,0.04607024724220164,-0.0016104436393921968,0.004100258109748429,0.046280377334673974,-3.843602940115376,9.359884746096263,2.0,0.8783918553242551,-0.47793747499805717,-0.0018757645092206954,0.8997221008836472,0.07692351192235947,-0.04946349188685417,-0.0047660162672400475,-1.4106724262237549,macro_normal,SAFE_PROGRESSING,NONE,1,0,"-5.003,5.013;-4.917,5.506;-4.831,5.998;-4.744,6.491;-4.658,6.983;-4.572,7.476;-4.485,7.968",0,1,NORMAL_CORRECTION,10,0.8660239414789942,-0.499999155737558,-0.0018376743228443143,0.9,3.6804990311107773,4.260269799211304,0.0,0,0,1,DIRECT_LOCAL,NORMAL_CORRECTION,1,BYPASS_VISIBLE,1,10,5.0,21.0,2.0,5.0,21.0,2.0,1,
14,0.5,0.033333,-5.003763198852539,5.016355514526367,2.008715867996216,0.2099969564894729,-0.8539515733718872,0.04744163044483132,-0.003839743941937649,0.004601109044676349,0.047818637969358715,-3.843602940115376,9.359884746096263,2.0,0.8911722068590714,-0.45366116992734773,-0.0019080414257817446,0.8994466623768824,0.09231144189834595,-0.06550298631191254,-0.0017896362114697695,-1.3708752393722534,macro_normal,SAFE_PROGRESSING,NONE,1,0,"-5.004,5.015;-4.917,5.507;-4.831,6.000;-4.744,6.492;-4.658,6.985;-4.572,7.477;-4.485,7.970",0,1,NORMAL_CORRECTION,10,0.8660239414789942,-0.499999155737558,-0.0018376743228443143,0.9,3.722591111445325,4.259097202447466,0.0,0,0,1,DIRECT_LOCAL,NORMAL_CORRECTION,1,BYPASS_VISIBLE,1,10,5.0,21.0,2.0,5.0,21.0,2.0,1,
15,0.533333,0.033333,-5.003846645355225,5.018002033233643,2.00886869430542,0.18083299282209933,-0.8918183445930481,0.05115928371341394,-0.0075683549179999966,0.005991523308711793,0.052061988607747516,-3.843602940115376,9.359884746096263,2.0,0.9039644143695857,-0.4276032964445387,-0.0019386653181082817,0.8991600082622726,0.10483939200639725,-0.08190098404884338,0.0015642818761989474,-1.324760913848877,macro_normal,SAFE_PROGRESSING,NONE,1,0,"-5.004,5.016;-4.917,5.509;-4.831,6.001;-4.744,6.494;-4.658,6.986;-4.572,7.479;-4.485,7.971",0,1,NORMAL_CORRECTION,10,0.8660239414789942,-0.499999155737558,-0.0018376743228443143,0.9,3.721305990295308,4.257764723045798,0.0,0,0,1,DIRECT_LOCAL,NORMAL_CORRECTION,1,BYPASS_VISIBLE,1,10,5.0,21.0,2.0,5.0,21.0,2.0,1,
16,0.566667,0.033333,-5.003747463226318,5.019840717315674,2.0090599060058594,0.15063768186129112,-0.9128521680831909,0.057486655165934056,-0.013254889965050703,0.008028436883718638,0.05953875568861402,-3.843602940115376,9.359884746096263,2.0,0.9164169272264678,-0.4002200911927779,-0.0019733470154050517,0.8988461703273583,0.11484000086784363,-0.09642957150936127,0.004695236217230558,-1.2845680713653564,macro_normal,SAFE_PROGRESSING,NONE,1,0,"-5.004,5.018;-4.917,5.510;-4.831,6.003;-4.744,6.495;-4.658,6.988;-4.571,7.480;-4.485,7.973",0,1,NORMAL_CORRECTION,10,0.8660239414789942,-0.499999155737558,-0.0018376743228443143,0.9,3.765393539320812,4.2561716503713045,0.0,0,0,1,DIRECT_LOCAL,NORMAL_CORRECTION,1,BYPASS_VISIBLE,1,10,5.0,21.0,2.0,5.0,21.0,2.0,1,
17,0.6,0.033333,-5.003391742706299,5.021953105926514,2.0092952251434326,0.11991896615836893,-0.9191292524337769,0.06634726207357411,-0.021088020008640178,0.010302195275890809,0.07037612521336281,-3.843602940115376,9.359884746096263,2.0,0.9282454456283925,-0.37196280134670184,-0.00201670138120966,0.898485781440271,0.12324574589729309,-0.10802839696407318,0.007164744660258293,-1.254470705986023,macro_normal,SAFE_PROGRESSING,NONE,1,0,"-5.004,5.020;-4.917,5.512;-4.831,6.005;-4.744,6.497;-4.658,6.990;-4.571,7.482;-4.485,7.975",0,1,NORMAL_CORRECTION,10,0.8660239414789942,-0.499999155737558,-0.0018376743228443143,0.9,3.7637203685743352,4.254209256799605,0.0,0,0,1,DIRECT_LOCAL,NORMAL_CORRECTION,1,BYPASS_VISIBLE,1,10,5.0,21.0,2.0,5.0,21.0,2.0,1,
18,0.633333,0.033333,-5.00269889831543,5.024409294128418,2.009566307067871,0.08912762074606771,-0.9141622185707092,0.07732964853062353,-0.030810849924279612,0.012312666076881546,0.08414739901415276,-3.843602940115376,9.359884746096263,2.0,0.9392413356897877,-0.3432512609773903,-0.002070064997723091,0.8980592626636863,0.13023236393928528,-0.11689524352550507,0.008699209429323673,-1.2304096221923828,macro_normal,SAFE_PROGRESSING,NONE,1,0,"-5.003,5.022;-4.874,5.505;-4.745,5.988;-4.616,6.471;-4.487,6.954;-4.358,7.437;-4.229,7.920",1,1,NORMAL_CORRECTION,9,0.9392433481002277,-0.3432519964246016,0.0,0.8980592626636863,3.805944004161945,4.251774722764628,0.0,0,0,0,DIRECT_LOCAL,NORMAL_CORRECTION,1,BYPASS_VISIBLE,1,10,5.0,21.0,2.0,5.0,21.0,2.0,1,
19,0.666667,0.033333,-5.001600742340088,5.027255058288574,2.0098516941070557,0.05863018768719344,-0.9017732739448547,0.08981608411680699,-0.041765774716375915,0.01356131583396701,0.0999760880955292,-3.843602940115376,9.359884746096263,2.0,0.9492735628933984,-0.31444420629811215,-0.0021316465990657446,0.89754890306727,0.1356300711631775,-0.1237407699227333,0.009155095554888248,-1.2043095827102661,macro_normal,SAFE_PROGRESSING,NONE,1,0,"-5.003,5.024;-4.916,5.517;-4.830,6.009;-4.743,6.502;-4.657,6.994;-4.570,7.487;-4.483,7.979",0,1,NORMAL_CORRECTION,9,0.9392413356897877,-0.3432512609773903,-0.002070064997723091,0.8980592626636863,3.8068420969090186,4.2487923511602625,0.0,0,0,1,DIRECT_LOCAL,NORMAL_CORRECTION,1,BYPASS_VISIBLE,1,10,5.0,21.0,2.0,5.0,21.0,2.0,1,
20,0.7,0.033333,-5.0000505447387695,5.0305047035217285,2.0101234912872314,0.028683379156210186,-0.8849341869354248,0.103122188912625,-0.05310747662714786,0.013740186066071499,0.11680489130582007,-3.843602940115376,9.359884746096263,2.0,0.958283764617806,-0.28581007833346816,-0.0021967232283747183,0.8969423375363617,0.1393430233001709,-0.1295813024044037,0.008711883798241615,-1.1708509922027588,macro_normal,SAFE_PROGRESSING,NONE,1,0,"-5.002,5.027;-4.915,5.520;-4.829,6.012;-4.742,6.505;-4.656,6.997;-4.569,7.490;-4.483,7.982",0,1,NORMAL_CORRECTION,9,0.9392413356897877,-0.3432512609773903,-0.002070064997723091,0.8980592626636863,3.8449041726130844,4.245224519868316,0.0,0,0,1,DIRECT_LOCAL,NORMAL_CORRECTION,1,BYPASS_VISIBLE,1,10,5.0,21.0,2.0,5.0,21.0,2.0,1,
21,0.733333,0.033333,-4.99802827835083,5.034150123596191,2.0103533267974854,-0.000565506373978634,-0.8652695417404175,0.1165960480627586,-0.06406827552098304,0.012874907558196862,0.13366056111178728,-3.843602940115376,9.359884746096263,2.0,0.9662700441518048,-0.25752106358876625,-0.0022591111038548746,0.8962344027157597,0.14068487286567688,-0.13374364376068115,0.00780793372541666,-1.1245298385620117,macro_normal,SAFE_PROGRESSING,NONE,1,0,"-5.000,5.031;-4.914,5.523;-4.827,6.015;-4.741,6.508;-4.654,7.000;-4.568,7.493;-4.481,7.985",0,1,NORMAL_CORRECTION,9,0.9392413356897877,-0.3432512609773903,-0.002070064997723091,0.8980592626636863,3.887883113048185,4.241066987217401,0.0,0,0,1,DIRECT_LOCAL,NORMAL_CORRECTION,1,BYPASS_VISIBLE,1,10,5.0,21.0,2.0,5.0,21.0,2.0,1,
22,0.766667,0.033333,-4.995537281036377,5.038163185119629,2.010523557662964,-0.02904203123079625,-0.8430553674697876,0.12965819726500555,-0.07413087841930209,0.011314610038556536,0.1497820271379482,-3.843602940115376,9.359884746096263,2.0,0.9732624790148443,-0.22968412950770456,-0.0023124865768012143,0.8954256615901931,0.14132976531982422,-0.13625188171863556,0.007054584566503763,-1.0656394958496094,macro_normal,SAFE_PROGRESSING,NONE,1,0,"-4.998,5.034;-4.869,5.517;-4.740,6.000;-4.611,6.483;-4.482,6.967;-4.353,7.450;-4.224,7.933",0,1,NORMAL_CORRECTION,9,0.9392413356897877,-0.3432512609773903,-0.002070064997723091,0.8980592626636863,3.883714574439303,4.236345080860468,0.0,0,0,0,DIRECT_LOCAL,NORMAL_CORRECTION,1,BYPASS_VISIBLE,1,10,5.0,21.0,2.0,5.0,21.0,2.0,1,
23,0.8,0.033333,-4.99259614944458,5.0425028800964355,2.0106329917907715,-0.05668488895754846,-0.8177699446678162,0.14184609905423884,-0.08305430115733572,0.009580104881054636,0.16465148395070833,-3.843602940115376,9.359884746096263,2.0,0.9793010113185242,-0.2023956352512249,-0.002352883713472063,0.8945217711470954,0.14281180500984192,-0.1368991583585739,0.006864903494715691,-0.9989935755729675,macro_normal,SAFE_PROGRESSING,NONE,1,0,"-4.996,5.038;-4.867,5.521;-4.738,6.004;-4.609,6.488;-4.480,6.971;-4.352,7.454;-4.223,7.937",0,1,NORMAL_CORRECTION,9,0.9392413356897877,-0.3432512609773903,-0.002070064997723091,0.8980592626636863,3.921721333016534,4.231103280225435,0.0,0,0,0,DIRECT_LOCAL,NORMAL_CORRECTION,1,BYPASS_VISIBLE,1,10,5.0,21.0,2.0,5.0,21.0,2.0,1,
24,0.833333,0.033333,-4.989230632781982,5.047121524810791,2.0106942653656006,-0.08341059638881922,-0.7888375520706177,0.15289770345794296,-0.09079588480131963,0.008163723261346985,0.17801192880550287,-3.843602940115376,9.359884746096263,2.0,0.984427662147712,-0.17577404150777604,-0.002379985380762709,0.8935316798401448,0.1451355367898941,-0.134528249502182,0.007422491442412138,-0.9241222143173218,macro_normal,SAFE_PROGRESSING,NONE,1,0,"-4.993,5.043;-4.864,5.526;-4.735,6.009;-4.607,6.492;-4.478,6.975;-4.350,7.458;-4.221,7.942",1,1,NORMAL_CORRECTION,7,0.9844304502213294,-0.1757745393310155,0.0,0.8935316798401448,3.9223355825308985,4.225395592894922,0.0,0,0,0,DIRECT_LOCAL,NORMAL_CORRECTION,1,BYPASS_VISIBLE,1,10,5.0,21.0,2.0,5.0,21.0,2.0,1,
25,0.866667,0.033333,-4.985472679138184,5.051970481872559,2.0107316970825195,-0.1091044320202709,-0.7558079957962036,0.16278089678888918,-0.09736529047871902,0.007417546751111826,0.1898226544678091,-3.843602940115376,9.359884746096263,2.0,0.9886879950126379,-0.14996767993675017,-0.002396558423777994,0.892466008609342,0.14807455241680145,-0.12959104776382446,0.008824796415865421,-0.8433982729911804,macro_normal,SAFE_PROGRESSING,NONE,1,0,"-4.989,5.047;-4.861,5.530;-4.732,6.014;-4.604,6.497;-4.476,6.980;-4.347,7.463;-4.219,7.947",0,1,NORMAL_CORRECTION,7,0.984427662147712,-0.17577404150777604,-0.002379985380762709,0.8935316798401448,3.9563780067768417,4.2192802470901825,0.0,0,0,0,DIRECT_LOCAL,NORMAL_CORRECTION,1,BYPASS_VISIBLE,1,10,5.0,21.0,2.0,5.0,21.0,2.0,1,
26,0.9,0.033333,-4.981358051300049,5.057007312774658,2.0107736587524414,-0.13362447934927937,-0.7184193730354309,0.1716291323130044,-0.10271051116733718,0.0074527335741614315,0.20015381935026347,-3.843602940115376,9.359884746096263,2.0,0.9921347892816953,-0.12515095466116866,-0.002407995922822093,0.891335891991298,0.15202167630195618,-0.12396600842475891,0.010787621140480042,-0.7626212239265442,macro_normal,SAFE_PROGRESSING,NONE,1,0,"-4.985,5.052;-4.857,5.535;-4.729,6.019;-4.601,6.502;-4.473,6.985;-4.345,7.469;-4.217,7.952",0,1,NORMAL_CORRECTION,7,0.984427662147712,-0.17577404150777604,-0.002379985380762709,0.8935316798401448,3.9977825105152034,4.2128124003108915,0.0,0,0,0,DIRECT_LOCAL,NORMAL_CORRECTION,1,BYPASS_VISIBLE,1,10,5.0,21.0,2.0,5.0,21.0,2.0,1,
27,0.933333,0.033333,-4.976930618286133,5.062200546264648,2.010847806930542,-0.15682300068797808,-0.6768245100975037,0.17964639703405952,-0.10673281394882257,0.008206420890614878,0.2091221338944944,-3.843602940115376,9.359884746096263,2.0,0.99483231325792,-0.10150275394632291,-0.0024206278540206245,0.8901514679921652,0.15543995797634125,-0.11738758534193039,0.013142459094524384,-0.6826077699661255,macro_normal,SAFE_PROGRESSING,NONE,1,0,"-4.981,5.057;-4.854,5.540;-4.726,6.024;-4.598,6.507;-4.470,6.991;-4.342,7.474;-4.214,7.957",0,1,NORMAL_CORRECTION,7,0.984427662147712,-0.17577404150777604,-0.002379985380762709,0.8935316798401448,3.991383448797076,4.206042493358829,0.0,0,0,0,DIRECT_LOCAL,NORMAL_CORRECTION,1,BYPASS_VISIBLE,1,10,5.0,21.0,2.0,5.0,21.0,2.0,1,
28,0.966667,0.033333,-4.972238063812256,5.067531108856201,2.0109777450561523,-0.17856882383413644,-0.6315777897834778,0.18699901501652394,-0.10935364237760978,0.009559219272063223,0.2168368727672757,-3.843602940115376,9.359884746096263,2.0,0.996856968765455,-0.07918476494442481,-0.0024406606574916175,0.8889211687791043,0.15866531431674957,-0.11069602519273758,0.01583416387438774,-0.6068534851074219,macro_normal,SAFE_PROGRESSING,NONE,1,0,"-4.977,5.062;-4.849,5.546;-4.722,6.029;-4.594,6.513;-4.467,6.996;-4.339,7.480;-4.212,7.963",0,1,NORMAL_CORRECTION,7,0.984427662147712,-0.17577404150777604,-0.002379985380762709,0.8935316798401448,3.9846965552178752,4.199012687441731,0.0,0,0,0,DIRECT_LOCAL,NORMAL_CORRECTION,1,BYPASS_VISIBLE,1,10,5.0,21.0,2.0,5.0,21.0,2.0,1,
29,1.0,0.033333,-4.967331886291504,5.072986602783203,2.0111825466156006,-0.19875810214171274,-0.5836457014083862,0.19374765757731852,-0.11056752613567175,0.011393877832155038,0.22336775305427234,-3.843602940115376,9.359884746096263,2.0,0.9982943321328878,-0.05832931150049417,-0.0024734290428151335,0.8876512150517287,0.16327118873596191,-0.1056080237030983,0.018724562600255013,-0.541892409324646,macro_normal,SAFE_PROGRESSING,NONE,1,0,"-4.972,5.068;-4.845,5.551;-4.718,6.035;-4.591,6.518;-4.464,7.002;-4.336,7.485;-4.209,7.969",0,1,NORMAL_CORRECTION,7,0.984427662147712,-0.17577404150777604,-0.002379985380762709,0.8935316798401448,4.019282885941138,4.191761634641012,0.0,0,0,0,DIRECT_LOCAL,NORMAL_CORRECTION,1,BYPASS_VISIBLE,1,10,5.0,21.0,2.0,5.0,21.0,2.0,1,
30,1.033333,0.033333,-4.9622626304626465,5.0785603523254395,2.0114598274230957,-0.21733016745750264,-0.5345059633255005,0.1999799052518218,-0.11057151896390134,0.012570456324510842,0.22885812129509073,5.0,21.0,2.0,0.9421347422592505,-0.3352339081869488,-0.0005951720760015372,0.9,0.196830153465271,-0.1367104947566986,0.01836414635181427,-0.6147699952125549,local_avoidance,SAFE_PROGRESSING,NONE,1,0,"-4.967,5.073;-4.821,5.551;-4.674,6.029;-4.528,6.507;-4.381,6.985;-4.235,7.463;-4.088,7.941",1,1,PASS_THROUGH,-1,0.9421349091253955,-0.3352339675618847,0.0,0.9,4.0198569755494455,4.1843226509090234,0.0,0,0,1,DIRECT_LOCAL,PASS_THROUGH,0,BYPASS_VISIBLE,1,10,5.0,21.0,2.0,5.0,21.0,2.0,1,
31,1.066667,0.033333,-4.957056999206543,5.084255218505859,2.0117480754852295,-0.23439147759545814,-0.4935501515865326,0.2065982266348588,-0.11055344983112789,0.013014371104507191,0.23467907101716168,5.0,21.0,2.0,0.9477396376068352,-0.3190442085364541,-0.0006101706419786485,0.9,0.21942667663097382,-0.15063555538654327,0.014391398057341576,-0.65998375415802,local_avoidance,SAFE_PROGRESSING,NONE,1,0,"-4.962,5.079;-4.816,5.557;-4.669,6.035;-4.523,6.513;-4.376,6.991;-4.230,7.469;-4.083,7.947",0,1,PASS_THROUGH,-1,0.9421347422592505,-0.3352339081869488,-0.0005951720760015372,0.9,4.012492258111326,4.176707997190948,0.0,0,0,1,DIRECT_LOCAL,PASS_THROUGH,0,BYPASS_VISIBLE,1,10,5.0,21.0,2.0,5.0,21.0,2.0,1,
32,1.1,0.033333,-4.9516730308532715,5.0901031494140625,2.011974334716797,-0.25040386336187054,-0.4662989675998688,0.21509533855399965,-0.11228508295661895,0.01307874792721599,0.24299176564150926,5.0,21.0,2.0,0.9527491013916485,-0.3037577294621306,-0.0006257710581139448,0.9,0.23761743307113647,-0.16178348660469055,0.01074910257011652,-0.7026852369308472,local_avoidance,SAFE_PROGRESSING,NONE,1,0,"-4.957,5.084;-4.811,5.562;-4.664,6.040;-4.518,6.518;-4.371,6.997;-4.225,7.475;-4.078,7.953",0,1,PASS_THROUGH,-1,0.9421347422592505,-0.3352339081869488,-0.0005951720760015372,0.9,4.043686714494011,4.168868025400349,0.0,0,0,1,DIRECT_LOCAL,PASS_THROUGH,0,BYPASS_VISIBLE,1,10,5.0,21.0,2.0,5.0,21.0,2.0,1,
33,1.133333,0.033333,-4.946013450622559,5.096158027648926,2.012094736099243,-0.2658494586323163,-0.4521258473396301,0.22639697607643128,-0.11672197182157137,0.012908900438106633,0.25504166168096704,5.0,21.0,2.0,0.9573495062236967,-0.2889316801188764,-0.0006380884950024934,0.9,0.2484225332736969,-0.1726067215204239,0.007492562755942345,-0.7498396635055542,local_avoidance,SAFE_PROGRESSING,NONE,1,0,"-4.952,5.090;-4.805,5.568;-4.659,6.046;-4.512,6.524;-4.366,7.002;-4.220,7.481;-4.073,7.959",0,1,PASS_THROUGH,-1,0.9421347422592505,-0.3352339081869488,-0.0005951720760015372,0.9,4.035991316032078,4.16070452140456,0.0,0,0,1,DIRECT_LOCAL,PASS_THROUGH,0,BYPASS_VISIBLE,1,10,5.0,21.0,2.0,5.0,21.0,2.0,1,
34,1.166667,0.033333,-4.939958572387695,5.102478981018066,2.012087106704712,-0.28113419637478115,-0.4497213661670685,0.24037194541572507,-0.1237680986156217,0.01193744019193986,0.27062837407818624,5.0,21.0,2.0,0.9616769528578982,-0.27418428582910526,-0.0006447839415730257,0.9,0.24826347827911377,-0.1794680655002594,0.004595142789185047,-0.7965704798698425,local_avoidance,SAFE_PROGRESSING,NONE,1,0,"-4.946,5.096;-4.800,5.574;-4.653,6.052;-4.507,6.530;-4.361,7.009;-4.214,7.487;-4.068,7.965",0,1,PASS_THROUGH,-1,0.9421347422592505,-0.3352339081869488,-0.0005951720760015372,0.9,4.040086231154559,4.152102711984304,0.0,0,0,1,DIRECT_LOCAL,PASS_THROUGH,0,BYPASS_VISIBLE,1,10,5.0,21.0,2.0,5.0,21.0,2.0,1,
35,1.2,0.033333,-4.933409214019775,5.109095573425293,2.011941432952881,-0.2965233656892137,-0.4568742513656616,0.25576418423169506,-0.1325224759706118,0.00931148043239567,0.2882086540007582,5.0,21.0,2.0,0.9658070280957785,-0.25926119817503834,-0.0006446717331399142,0.9,0.24135558307170868,-0.18217900395393372,0.0018839745316654444,-0.8374747037887573,local_avoidance,SAFE_PROGRESSING,NONE,1,0,"-4.940,5.102;-4.794,5.581;-4.647,6.059;-4.501,6.537;-4.355,7.015;-4.208,7.493;-4.062,7.971",0,1,PASS_THROUGH,-1,0.9421347422592505,-0.3352339081869488,-0.0005951720760015372,0.9,4.031541641930423,4.142983900727952,0.0,0,0,1,DIRECT_LOCAL,PASS_THROUGH,0,BYPASS_VISIBLE,1,10,5.0,21.0,2.0,5.0,21.0,2.0,1,
36,1.233333,0.033333,-4.9263153076171875,5.115993499755859,2.011655330657959,-0.31216576322900225,-0.47110602259635925,0.270569395455638,-0.14164574198039068,0.00446874330889465,0.30543621862046033,5.0,21.0,2.0,0.9697708166377023,-0.24401671491971233,-0.0006372108252497621,0.9,0.2309229075908661,-0.1809946596622467,-0.0007846648804843426,-0.8646057844161987,local_avoidance,SAFE_PROGRESSING,NONE,1,0,"-4.933,5.109;-4.787,5.587;-4.641,6.065;-4.495,6.543;-4.348,7.022;-4.202,7.500;-4.056,7.978",1,1,PASS_THROUGH,-1,0.9697710135194872,-0.24401676445971243,0.0,0.9,4.022488934215223,4.133333090491084,0.0,0,0,1,DIRECT_LOCAL,PASS_THROUGH,0,BYPASS_VISIBLE,1,10,5.0,21.0,2.0,5.0,21.0,2.0,1,
37,1.266667,0.033333,-4.918691158294678,5.123104095458984,2.011237859725952,-0.3281968443624065,-0.4897705018520355,0.2827454890325603,-0.14978228666877302,-0.0022240805130663774,0.3199760795780159,5.0,21.0,2.0,0.973586662556988,-0.22831693603361397,-0.0006222631022133512,0.9,0.21975292265415192,-0.17673227190971375,-0.0028370844665914774,-0.8731704950332642,local_avoidance,SAFE_PROGRESSING,NONE,1,0,"-4.926,5.116;-4.780,5.594;-4.634,6.072;-4.488,6.550;-4.341,7.029;-4.195,7.507;-4.049,7.985",0,1,PASS_THROUGH,-1,0.9697708166377023,-0.24401671491971233,-0.0006372108252497621,0.9,4.012914888253235,4.1232160889924545,0.0,0,0,1,DIRECT_LOCAL,PASS_THROUGH,0,BYPASS_VISIBLE,1,10,5.0,21.0,2.0,5.0,21.0,2.0,1,
38,1.3,0.033333,-4.910608768463135,5.1303205490112305,2.010713815689087,-0.34477120941322426,-0.509834885597229,0.29087813969415993,-0.155907556629351,-0.009360113535738724,0.33015885584286764,5.0,21.0,2.0,0.9772675427980413,-0.21200893716126779,-0.0006002976164109331,0.9,0.2075653076171875,-0.16736367344856262,-0.003411299781873822,-0.8600882291793823,local_avoidance,SAFE_PROGRESSING,NONE,1,0,"-4.919,5.123;-4.773,5.601;-4.626,6.079;-4.480,6.558;-4.334,7.036;-4.188,7.514;-4.042,7.992",0,1,PASS_THROUGH,-1,0.9697708166377023,-0.24401671491971233,-0.0006372108252497621,0.9,4.002886289787229,4.112762235547018,0.0,0,0,1,DIRECT_LOCAL,PASS_THROUGH,0,BYPASS_VISIBLE,1,10,5.0,21.0,2.0,5.0,21.0,2.0,1,
39,1.333333,0.033333,-4.902176380157471,5.137520790100098,2.0101351737976074,-0.36199031786519703,-0.5280600190162659,0.2944861542984478,-0.15944155068046584,-0.015100738580189831,0.335218936610908,5.0,21.0,2.0,0.980804711269745,-0.19499177022193903,-0.0005726227262025816,0.9,0.19961681962013245,-0.15549075603485107,-0.0016456351149827242,-0.8300519585609436,local_avoidance,SAFE_PROGRESSING,NONE,1,0,"-4.911,5.130;-4.765,5.609;-4.618,6.087;-4.472,6.565;-4.326,7.043;-4.180,7.521;-4.034,7.999",0,1,PASS_THROUGH,-1,0.9697708166377023,-0.24401671491971233,-0.0006372108252497621,0.9,3.99253253514383,4.102133449208846,0.0,0,0,1,DIRECT_LOCAL,PASS_THROUGH,0,BYPASS_VISIBLE,1,10,5.0,21.0,2.0,5.0,21.0,2.0,1,
40,1.366667,0.033333,-4.893524169921875,5.144591808319092,2.0095744132995605,-0.3798208801160677,-0.5414684414863586,0.2940291635449402,-0.16021854711758945,-0.017898417458742103,0.3353259387565117,5.0,21.0,2.0,0.9841571155932869,-0.17729771025207142,-0.000542002282335084,0.9,0.19855833053588867,-0.14404043555259705,0.0022017229348421097,-0.7886926531791687,local_avoidance,SAFE_PROGRESSING,NONE,1,0,"-4.902,5.138;-4.756,5.616;-4.610,6.094;-4.464,6.572;-4.318,7.050;-4.172,7.529;-4.026,8.007",0,1,PASS_THROUGH,-1,0.9697708166377023,-0.24401671491971233,-0.0006372108252497621,0.9,4.034461243996128,4.091495955618912,0.0,0,0,1,DIRECT_LOCAL,PASS_THROUGH,0,BYPASS_VISIBLE,1,10,5.0,21.0,2.0,5.0,21.0,2.0,1,
41,1.4,0.033333,-4.88477897644043,5.151450157165527,2.0091068744659424,-0.3980824881102954,-0.5478464961051941,0.2907365905906668,-0.15846050133053766,-0.017076285559852047,0.33155556867398855,5.0,21.0,2.0,0.9872612205982101,-0.1591069446862472,-0.0005123041480803843,0.9,0.20326004922389984,-0.13434025645256042,0.007214444689452648,-0.7408623695373535,local_avoidance,SAFE_PROGRESSING,NONE,1,0,"-4.894,5.145;-4.748,5.623;-4.602,6.101;-4.456,6.579;-4.310,7.058;-4.164,7.536;-4.018,8.014",0,1,PASS_THROUGH,-1,0.9697708166377023,-0.24401671491971233,-0.0006372108252497621,0.9,4.023866401734369,4.080989244098003,0.0,0,0,1,DIRECT_LOCAL,PASS_THROUGH,0,BYPASS_VISIBLE,1,10,5.0,21.0,2.0,5.0,21.0,2.0,1,
42,1.433333,0.033333,-4.8760480880737305,5.158060550689697,2.0087904930114746,-0.41647967409159065,-0.5461364984512329,0.28622532278679036,-0.15470336685487146,-0.012953479796292282,0.32561612331005396,5.0,21.0,2.0,0.9900496826591603,-0.14071740529130583,-0.00048755982037679567,0.9,0.21193118393421173,-0.12791815400123596,0.012438910081982613,-0.6934044361114502,local_avoidance,SAFE_PROGRESSING,NONE,1,0,"-4.885,5.151;-4.739,5.630;-4.593,6.108;-4.447,6.586;-4.302,7.065;-4.156,7.543;-4.010,8.021",1,1,PASS_THROUGH,-1,0.9900498003338027,-0.14071742201659815,0.0,0.9,4.04724307223585,4.070701572693226,0.0,0,0,1,DIRECT_LOCAL,PASS_THROUGH,0,BYPASS_VISIBLE,1,10,5.0,21.0,2.0,5.0,21.0,2.0,1,
43,1.466667,0.033333,-4.867398738861084,5.164438247680664,2.0086593627929688,-0.434677267935376,-0.536622166633606,0.28204676746210644,-0.14967927514201812,-0.0065702013682511756,0.31937036805076774,5.0,21.0,2.0,0.9924720150193214,-0.1224707217096262,-0.0004708794017467476,0.9,0.22178514301776886,-0.12466484308242798,0.017101146280765533,-0.6509758830070496,local_avoidance,SAFE_PROGRESSING,NONE,1,0,"-4.876,5.158;-4.730,5.636;-4.585,6.115;-4.439,6.593;-4.293,7.071;-4.148,7.550;-4.002,8.028",0,1,PASS_THROUGH,-1,0.9900496826591603,-0.14071740529130583,-0.00048755982037679567,0.9,4.0371415596727305,4.0606568049337195,0.0,0,0,1,DIRECT_LOCAL,PASS_THROUGH,0,BYPASS_VISIBLE,1,10,5.0,21.0,2.0,5.0,21.0,2.0,1,
44,1.5,0.033333,-4.858852386474609,5.170635223388672,2.008720636367798,-0.4523900109339194,-0.5207225680351257,0.2793245511700837,-0.14418091354715304,0.0007527019474883852,0.3143420227680067,5.0,21.0,2.0,0.9945077801922697,-0.10466164409669487,-0.00046410345921174334,0.9,0.2304152548313141,-0.1235855221748352,0.020888177677989006,-0.6152936220169067,local_avoidance,SAFE_PROGRESSING,NONE,1,0,"-4.867,5.164;-4.722,5.643;-4.576,6.121;-4.431,6.599;-4.285,7.078;-4.139,7.556;-3.994,8.034",0,1,PASS_THROUGH,-1,0.9900496826591603,-0.14071740529130583,-0.00048755982037679567,0.9,4.0470835852339775,4.050822964126754,0.0,0,0,1,DIRECT_LOCAL,PASS_THROUGH,0,BYPASS_VISIBLE,1,10,5.0,21.0,2.0,5.0,21.0,2.0,1,
45,1.533333,0.033333,-4.850393295288086,5.1767191886901855,2.008960008621216,-0.4694371189673458,-0.5004437565803528,0.2785561657425022,-0.13891695014779878,0.007820392099192592,0.3113721487932334,5.0,21.0,2.0,0.9961660451903893,-0.08748137933040434,-0.0004676325362616596,0.9,0.23823775351047516,-0.12445329129695892,0.023747257888317108,-0.5873203873634338,local_avoidance,SAFE_PROGRESSING,NONE,1,0,"-4.859,5.171;-4.713,5.649;-4.568,6.127;-4.422,6.606;-4.277,7.084;-4.131,7.562;-3.986,8.041",0,1,PASS_THROUGH,-1,0.9900496826591603,-0.14071740529130583,-0.00048755982037679567,0.9,4.037218740498948,4.041134600925482,0.0,0,0,1,DIRECT_LOCAL,PASS_THROUGH,0,BYPASS_VISIBLE,1,10,5.0,21.0,2.0,5.0,21.0,2.0,1,
46,1.566667,0.033333,-4.841978073120117,5.182750225067139,2.009352207183838,-0.48573826457747293,-0.47790229320526123,0.2796425109984496,-0.1344123399877716,0.013838337132708371,0.31057706076448205,5.0,21.0,2.0,0.9974747975138312,-0.07101969611284764,-0.00048071694397559697,0.9,0.24525636434555054,-0.12687315046787262,0.025805000215768814,-0.5661484599113464,local_avoidance,SAFE_PROGRESSING,NONE,1,0,"-4.850,5.177;-4.705,5.655;-4.560,6.134;-4.414,6.612;-4.269,7.090;-4.123,7.569;-3.978,8.047",0,1,PASS_THROUGH,-1,0.9900496826591603,-0.14071740529130583,-0.00048755982037679567,0.9,4.0274997313345375,4.031517709755135,0.0,0,0,1,DIRECT_LOCAL,PASS_THROUGH,0,BYPASS_VISIBLE,1,10,5.0,21.0,2.0,5.0,21.0,2.0,1,
47,1.6,0.033333,-4.833558082580566,5.188771724700928,2.009866714477539,-0.5012790067685658,-0.4549998342990875,0.28209847705964675,-0.13097671903860467,0.018461243605593744,0.3115690440415329,5.0,21.0,2.0,0.9984697588424056,-0.055298179504479406,-0.0005020166121805926,0.9,0.2519424557685852,-0.12922239303588867,0.027224451303482056,-0.5470942258834839,local_avoidance,SAFE_PROGRESSING,NONE,1,0,"-4.842,5.183;-4.697,5.661;-4.551,6.140;-4.406,6.618;-4.261,7.096;-4.116,7.575;-3.970,8.053",0,1,PASS_THROUGH,-1,0.9900496826591603,-0.14071740529130583,-0.00048755982037679567,0.9,4.017852525893004,4.021909542188161,0.0,0,0,1,DIRECT_LOCAL,PASS_THROUGH,0,BYPASS_VISIBLE,1,10,5.0,21.0,2.0,5.0,21.0,2.0,1,
48,1.633333,0.033333,-4.825082302093506,5.194802284240723,2.01047420501709,-0.5160816262697426,-0.433058500289917,0.2853238987430952,-0.12869915747927832,0.021765705016885958,0.31376256348506304,5.0,21.0,2.0,0.9991874938374554,-0.04029976870468238,-0.0005299067597895117,0.9,0.25877365469932556,-0.13144813477993011,0.028313837945461273,-0.5285713076591492,local_avoidance,SAFE_PROGRESSING,NONE,1,0,"-4.834,5.189;-4.688,5.667;-4.543,6.146;-4.398,6.624;-4.253,7.103;-4.108,7.581;-3.963,8.060",1,1,PASS_THROUGH,-1,0.9991876341239956,-0.04029977436279475,0.0,0.9,4.008214243110378,4.012267038634433,0.0,0,0,1,DIRECT_LOCAL,PASS_THROUGH,0,BYPASS_VISIBLE,1,10,5.0,21.0,2.0,5.0,21.0,2.0,1,
49,1.666667,0.033333,-4.816514015197754,5.200842380523682,2.0111520290374756,-0.5301868941807655,-0.41274431347846985,0.2888359323889367,-0.1274732674637799,0.024085148679899127,0.31663184322460625,5.0,21.0,2.0,0.9996621253853675,-0.02598688708268837,-0.0005628230287705534,0.9,0.2644614279270172,-0.13285201787948608,0.02924007922410965,-0.5086466670036316,local_avoidance,SAFE_PROGRESSING,NONE,1,0,"-4.825,5.195;-4.680,5.673;-4.535,6.152;-4.390,6.630;-4.245,7.109;-4.100,7.587;-3.955,8.066",0,1,PASS_THROUGH,-1,0.9991874938374554,-0.04029976870468238,-0.0005299067597895117,0.9,3.9985415757144085,4.002570221914605,0.0,0,0,1,DIRECT_LOCAL,PASS_THROUGH,0,BYPASS_VISIBLE,1,10,5.0,21.0,2.0,5.0,21.0,2.0,1,
50,1.7,0.033333,-4.807825565338135,5.206882476806641,2.0118844509124756,-0.5436445243743652,-0.39415255188941956,0.2923571197195065,-0.127058715309853,0.025742190335988492,0.3198112927183316,5.0,21.0,2.0,0.9999240235804101,-0.012312091575784112,-0.0005995563303727581,0.9,0.26928526163101196,-0.1335889995098114,0.030044153332710266,-0.4875766634941101,local_avoidance,SAFE_PROGRESSING,NONE,1,0,"-4.817,5.201;-4.672,5.679;-4.527,6.158;-4.382,6.636;-4.237,7.115;-4.092,7.593;-3.947,8.072",0,1,PASS_THROUGH,-1,0.9991874938374554,-0.04029976870468238,-0.0005299067597895117,0.9,3.9888143273590186,3.992812537581824,0.0,0,0,1,DIRECT_LOCAL,PASS_THROUGH,0,BYPASS_VISIBLE,1,10,5.0,21.0,2.0,5.0,21.0,2.0,1,
51,1.733333,0.033333,-4.7990031242370605,5.212912559509277,2.0126595497131348,-0.5565034838544471,-0.37702032923698425,0.2957815605136176,-0.12715791884675068,0.026968575609863828,0.32308384660290984,5.0,21.0,2.0,0.9999994976341027,0.0007720554225493781,-0.0006392667416355742,0.9,0.27598148584365845,-0.13519859313964844,0.030630238354206085,-0.4678693413734436,local_avoidance,SAFE_PROGRESSING,NONE,1,0,"-4.808,5.207;-4.663,5.685;-4.518,6.164;-4.373,6.643;-4.228,7.121;-4.084,7.600;-3.939,8.078",0,1,PASS_THROUGH,-1,0.9991874938374554,-0.04029976870468238,-0.0005299067597895117,0.9,3.979025753159855,3.9829953459736887,0.0,0,0,1,DIRECT_LOCAL,PASS_THROUGH,0,BYPASS_VISIBLE,1,10,5.0,21.0,2.0,5.0,21.0,2.0,1,
52,1.766667,0.033333,-4.790038585662842,5.218926906585693,2.013468027114868,-0.568807189051089,-0.3611012399196625,0.2991647888693088,-0.12752581578843591,0.02797973251744213,0.32641272956714146,5.0,21.0,2.0,0.9999112190121868,0.013307512905439467,-0.0006813177191091365,0.9,0.28152453899383545,-0.13662153482437134,0.031005792319774628,-0.44778937101364136,local_avoidance,SAFE_PROGRESSING,NONE,1,0,"-4.799,5.213;-4.654,5.692;-4.510,6.170;-4.365,6.649;-4.220,7.127;-4.075,7.606;-3.931,8.084",0,1,PASS_THROUGH,-1,0.9991874938374554,-0.04029976870468238,-0.0005299067597895117,0.9,3.969177120444687,3.9731195131249146,0.0,0,0,1,DIRECT_LOCAL,PASS_THROUGH,0,BYPASS_VISIBLE,1,10,5.0,21.0,2.0,5.0,21.0,2.0,1,
53,1.8,0.033333,-4.780930042266846,5.224924564361572,2.01430082321167,-0.5805941024726337,-0.3461311161518097,0.3026586575901001,-0.1280363884079699,0.028864599261454873,0.3298920200024886,5.0,21.0,2.0,0.9996788443684463,0.02533144663778847,-0.0007252126614579592,0.9,0.28795161843299866,-0.13856938481330872,0.03117801807820797,-0.4286218285560608,local_avoidance,SAFE_PROGRESSING,NONE,1,0,"-4.790,5.219;-4.645,5.698;-4.501,6.176;-4.356,6.655;-4.212,7.133;-4.067,7.612;-3.922,8.091",0,1,PASS_THROUGH,-1,0.9991874938374554,-0.04029976870468238,-0.0005299067597895117,0.9,3.9592692636134994,3.96318523152798,0.0,0,0,1,DIRECT_LOCAL,PASS_THROUGH,0,BYPASS_VISIBLE,1,10,5.0,21.0,2.0,5.0,21.0,2.0,1,
54,1.833333,0.033333,-4.771671295166016,5.230910301208496,2.0151500701904297,-0.591893823324461,-0.33189132809638977,0.30641044876537943,-0.12867505920807046,0.029647299684660774,0.33365190896111135,5.0,21.0,2.0,0.99931969312777,0.036872175253045925,-0.0007704668248863597,0.9,0.29282960295677185,-0.14043188095092773,0.031197920441627502,-0.4101294279098511,local_avoidance,SAFE_PROGRESSING,NONE,1,0,"-4.781,5.225;-4.595,5.689;-4.410,6.153;-4.224,6.618;-4.038,7.082;-3.853,7.546;-3.667,8.010",1,1,PASS_THROUGH,-1,0.9993199897355445,0.03687218619706506,0.0,0.9,3.9493024064664217,3.9531855889745575,0.0,0,0,1,DIRECT_LOCAL,PASS_THROUGH,0,BYPASS_VISIBLE,1,10,5.0,21.0,2.0,5.0,21.0,2.0,1,
55,1.866667,0.033333,-4.762253284454346,5.236893177032471,2.016007900238037,-0.602729873890245,-0.3182256519794464,0.310484599359151,-0.12949612534910118,0.030205910080363222,0.33776075841255687,5.0,21.0,2.0,0.9988492914475481,0.047952330941802734,-0.0008166590346757553,0.9,0.29468831419944763,-0.14112573862075806,0.031080802902579308,-0.39160001277923584,local_avoidance,SAFE_PROGRESSING,NONE,1,0,"-4.772,5.231;-4.627,5.710;-4.483,6.188;-4.338,6.667;-4.194,7.146;-4.050,7.624;-3.905,8.103",0,1,PASS_THROUGH,-1,0.99931969312777,0.036872175253045925,-0.0007704668248863597,0.9,3.9392696675088548,3.943108544811855,0.0,0,0,1,DIRECT_LOCAL,PASS_THROUGH,0,BYPASS_VISIBLE,1,10,5.0,21.0,2.0,5.0,21.0,2.0,1,
56,1.9,0.033333,-4.752669811248779,5.242876052856445,2.016869306564331,-0.613119560350433,-0.30496296286582947,0.31475087482391034,-0.13053399186419745,0.030353582967003443,0.3420943966705009,5.0,21.0,2.0,0.9982818368683367,0.05858864032610395,-0.0008633675450783721,0.9,0.29600057005882263,-0.14078335464000702,0.030932126566767693,-0.37241947650909424,local_avoidance,SAFE_PROGRESSING,NONE,1,0,"-4.762,5.237;-4.577,5.701;-4.391,6.166;-4.206,6.630;-4.020,7.094;-3.835,7.559;-3.650,8.023",0,1,PASS_THROUGH,-1,0.99931969312777,0.036872175253045925,-0.0007704668248863597,0.9,3.9291590395505978,3.932948859953263,0.0,0,0,1,DIRECT_LOCAL,PASS_THROUGH,0,BYPASS_VISIBLE,1,10,5.0,21.0,2.0,5.0,21.0,2.0,1,
57,1.933333,0.033333,-4.74291467666626,5.248856544494629,2.017727851867676,-0.6230715938026732,-0.2919573187828064,0.3189079329190654,-0.13173497243340762,0.03004810855982127,0.3463513555174349,5.0,21.0,2.0,0.9976307779989194,0.06878954934929937,-0.0009103238935425367,0.9,0.29761287569999695,-0.14038953185081482,0.03079686313867569,-0.353813111782074,local_avoidance,SAFE_PROGRESSING,NONE,1,0,"-4.753,5.243;-4.567,5.707;-4.382,6.172;-4.197,6.636;-4.011,7.100;-3.826,7.565;-3.641,8.029",0,1,PASS_THROUGH,-1,0.99931969312777,0.036872175253045925,-0.0007704668248863597,0.9,3.9189653145833465,3.922705778809952,0.0,0,0,1,DIRECT_LOCAL,PASS_THROUGH,0,BYPASS_VISIBLE,1,10,5.0,21.0,2.0,5.0,21.0,2.0,1,
58,1.966667,0.033333,-4.732992649078369,5.25482702255249,2.018583297729492,-0.6325901171866601,-0.27913686633110046,0.32264557060894367,-0.13297443489207972,0.029426143529074914,0.3502117395111599,5.0,21.0,2.0,0.9969089807907382,0.0785593267671244,-0.0009571816272923107,0.9,0.298725426197052,-0.13833390176296234,0.03075305186212063,-0.3322460651397705,local_avoidance,SAFE_PROGRESSING,NONE,1,0,"-4.743,5.249;-4.558,5.713;-4.373,6.178;-4.187,6.642;-4.002,7.107;-3.817,7.571;-3.632,8.035",0,1,PASS_THROUGH,-1,0.99931969312777,0.036872175253045925,-0.0007704668248863597,0.9,3.9086877539183127,3.9123888463797876,0.0,0,0,1,DIRECT_LOCAL,PASS_THROUGH,0,BYPASS_VISIBLE,1,10,5.0,21.0,2.0,5.0,21.0,2.0,1,
59,2.0,0.033333,-4.72291898727417,5.260775089263916,2.0194385051727295,-0.6416784714720349,-0.2663254737854004,0.32575920018616733,-0.13408453628749206,0.028682533876227267,0.3534408113488369,5.0,21.0,2.0,0.99612868357588,0.08790129627155652,-0.0010039278680438442,0.9,0.2999364733695984,-0.13560795783996582,0.03084082342684269,-0.30977973341941833,local_avoidance,SAFE_PROGRESSING,NONE,1,0,"-4.733,5.255;-4.548,5.719;-4.363,6.184;-4.178,6.648;-3.993,7.113;-3.808,7.577;-3.623,8.042",0,1,PASS_THROUGH,-1,0.99931969312777,0.036872175253045925,-0.0007704668248863597,0.9,3.8697011850711407,3.902017214244866,0.0,0,0,1,DIRECT_LOCAL,PASS_THROUGH,0,BYPASS_VISIBLE,1,10,5.0,21.0,2.0,5.0,21.0,2.0,1,
60,2.033333,0.033333,-4.712717056274414,5.266690731048584,2.020294666290283,-0.6503337420814235,-0.2532930374145508,0.3281790953735177,-0.13487320886504855,0.027973621785678998,0.3559140691593178,5.0,21.0,2.0,0.9953020933543566,0.09681239052441049,-0.0010507166052573216,0.9,0.30042746663093567,-0.131816565990448,0.030966585502028465,-0.2860832214355469,local_avoidance,SAFE_PROGRESSING,NONE,1,0,"-4.723,5.261;-4.538,5.725;-4.353,6.190;-4.168,6.654;-3.983,7.119;-3.798,7.584;-3.613,8.048",1,1,PASS_THROUGH,-1,0.9953026427642468,0.09681244396515487,0.0,0.9,3.8591103192985035,3.8916122643080806,0.0,0,0,1,DIRECT_LOCAL,PASS_THROUGH,0,BYPASS_VISIBLE,1,10,5.0,21.0,2.0,5.0,21.0,2.0,1,
61,2.066667,0.033333,-4.702412128448486,5.272568225860596,2.0211570262908936,-0.6585480085328119,-0.239857479929924,0.3299416015777143,-0.1351644904341283,0.027372008360285707,0.35760330922358685,5.0,21.0,2.0,0.9944415574819203,0.10528430083222812,-0.0010976115896414722,0.9,0.30337849259376526,-0.12845484912395477,0.031012002378702164,-0.2632710933685303,local_avoidance,SAFE_PROGRESSING,NONE,1,0,"-4.713,5.267;-4.528,5.731;-4.343,6.196;-4.158,6.661;-3.974,7.125;-3.789,7.590;-3.604,8.054",0,1,PASS_THROUGH,-1,0.9953020933543566,0.09681239052441049,-0.0010507166052573216,0.9,3.8484806050300255,3.881192673244435,0.0,0,0,1,DIRECT_LOCAL,PASS_THROUGH,0,BYPASS_VISIBLE,1,10,5.0,21.0,2.0,5.0,21.0,2.0,1,
62,2.1,0.033333,-4.692036151885986,5.278407096862793,2.022027015686035,-0.6663087032596409,-0.22597447037696838,0.33119724177211013,-0.13485039932113957,0.02700378070988823,0.3586160165513415,5.0,21.0,2.0,0.993559700562755,0.11330406272856114,-0.0011448960001037359,0.9,0.30839473009109497,-0.12585078179836273,0.03089614398777485,-0.24183496832847595,local_avoidance,SAFE_PROGRESSING,NONE,1,0,"-4.702,5.273;-4.518,5.737;-4.333,6.202;-4.149,6.667;-3.964,7.131;-3.779,7.596;-3.595,8.061",0,1,PASS_THROUGH,-1,0.9953020933543566,0.09681239052441049,-0.0010507166052573216,0.9,3.8378315035971595,3.8707760704746184,0.0,0,0,1,DIRECT_LOCAL,PASS_THROUGH,0,BYPASS_VISIBLE,1,10,5.0,21.0,2.0,5.0,21.0,2.0,1,
63,2.133333,0.033333,-4.681612968444824,5.284216403961182,2.0229032039642334,-0.6736031613544444,-0.21176567673683167,0.3322461640116257,-0.13394717712144466,0.026976758554716193,0.35924518822297846,5.0,21.0,2.0,0.9926690498557227,0.1208583263648012,-0.0011926469871375552,0.9,0.3154580593109131,-0.12472985684871674,0.030540037900209427,-0.22331169247627258,local_avoidance,SAFE_PROGRESSING,NONE,1,0,"-4.692,5.278;-4.508,5.743;-4.323,6.208;-4.139,6.673;-3.954,7.137;-3.770,7.602;-3.585,8.067",0,1,PASS_THROUGH,-1,0.9953020933543566,0.09681239052441049,-0.0010507166052573216,0.9,3.827181785493972,3.860367584317494,0.0,0,0,1,DIRECT_LOCAL,PASS_THROUGH,0,BYPASS_VISIBLE,1,10,5.0,21.0,2.0,5.0,21.0,2.0,1,
64,2.166667,0.033333,-4.671158313751221,5.290010452270508,2.023780584335327,-0.680423160683351,-0.19752173125743866,0.3334975673456476,-0.13261156332229754,0.027359491268203,0.3599374888987022,5.0,21.0,2.0,0.9917813408628255,0.12793839284057174,-0.0012407875350590133,0.9,0.3248147964477539,-0.12459311634302139,0.03002159483730793,-0.2060406357049942,local_avoidance,SAFE_PROGRESSING,NONE,1,0,"-4.682,5.284;-4.497,5.749;-4.313,6.214;-4.129,6.679;-3.944,7.143;-3.760,7.608;-3.576,8.073",0,1,PASS_THROUGH,-1,0.9953020933543566,0.09681239052441049,-0.0010507166052573216,0.9,3.816537648732243,3.849963509086412,0.0,0,0,1,DIRECT_LOCAL,PASS_THROUGH,0,BYPASS_VISIBLE,1,10,5.0,21.0,2.0,5.0,21.0,2.0,1,
65,2.2,0.033333,-4.660671234130859,5.295813083648682,2.0246565341949463,-0.6867713757471372,-0.18356016278266907,0.33539618639379926,-0.13110344408581678,0.02814374188767122,0.3612073990190495,5.0,21.0,2.0,0.9909064170574496,0.13454668703386113,-0.00128904715975263,0.9,0.33301329612731934,-0.12542644143104553,0.02947809174656868,-0.19171133637428284,local_avoidance,SAFE_PROGRESSING,NONE,1,0,"-4.671,5.290;-4.487,5.755;-4.303,6.220;-4.119,6.685;-3.934,7.149;-3.750,7.614;-3.566,8.079",0,1,PASS_THROUGH,-1,0.9953020933543566,0.09681239052441049,-0.0010507166052573216,0.9,3.8058962852074107,3.839543194864528,0.0,0,0,1,DIRECT_LOCAL,PASS_THROUGH,0,BYPASS_VISIBLE,1,10,5.0,21.0,2.0,5.0,21.0,2.0,1,
66,2.233333,0.033333,-4.650136947631836,5.301650524139404,2.0255250930786133,-0.692663829727321,-0.17018860578536987,0.33828160379201316,-0.1297107389618489,0.02913385493780922,0.3634667808337686,5.0,21.0,2.0,0.9900514605033237,0.14069938600843668,-0.0013372853415808711,0.9,0.34303751587867737,-0.12851937115192413,0.02885773405432701,-0.182079017162323,local_avoidance,SAFE_PROGRESSING,NONE,1,0,"-4.661,5.296;-4.477,5.761;-4.293,6.226;-4.109,6.690;-3.924,7.155;-3.740,7.620;-3.556,8.085",1,1,PASS_THROUGH,-1,0.9900523457749073,0.14069951181721857,0.0,0.9,3.7952375632981568,3.8290767062615396,0.0,0,0,1,DIRECT_LOCAL,PASS_THROUGH,0,BYPASS_VISIBLE,1,10,5.0,21.0,2.0,5.0,21.0,2.0,1,
67,2.266667,0.033333,-4.639526844024658,5.307548522949219,2.0263805389404297,-0.6981316379670753,-0.15784019231796265,0.34231489051805497,-0.12871539303088078,0.030176585111356284,0.36695744026039995,5.0,21.0,2.0,0.9892203403189772,0.14642813791325882,-0.0013851810215481783,0.9,0.35241055488586426,-0.13207508623600006,0.0282956063747406,-0.17428357899188995,local_avoidance,SAFE_PROGRESSING,NONE,1,0,"-4.650,5.302;-4.466,5.767;-4.282,6.232;-4.098,6.697;-3.915,7.161;-3.731,7.626;-3.547,8.091",0,1,PASS_THROUGH,-1,0.9900514605033237,0.14069938600843668,-0.0013372853415808711,0.9,3.7845316250442482,3.81852734105986,0.0,0,0,1,DIRECT_LOCAL,PASS_THROUGH,0,BYPASS_VISIBLE,1,10,5.0,21.0,2.0,5.0,21.0,2.0,1,
68,2.3,0.033333,-4.628801345825195,5.313528060913086,2.027219533920288,-0.7032215112584829,-0.14684416353702545,0.34749652473506554,-0.1283556577820483,0.03117406451983012,0.3717537247779729,5.0,21.0,2.0,0.9884131769898149,0.15178056432921777,-0.0014324261953298752,0.9,0.35939162969589233,-0.1338120698928833,0.028138568624854088,-0.16456438601016998,local_avoidance,SAFE_PROGRESSING,NONE,1,0,"-4.640,5.308;-4.456,5.773;-4.272,6.238;-4.088,6.703;-3.905,7.168;-3.721,7.633;-3.537,8.098",0,1,PASS_THROUGH,-1,0.9900514605033237,0.14069938600843668,-0.0013372853415808711,0.9,3.773741342158772,3.80785686819182,0.0,0,0,1,DIRECT_LOCAL,PASS_THROUGH,0,BYPASS_VISIBLE,1,10,5.0,21.0,2.0,5.0,21.0,2.0,1,
69,2.333333,0.033333,-4.617920875549316,5.3196024894714355,2.0280442237854004,-0.7079797830392808,-0.1371268779039383,0.3536285470138739,-0.1287150861157269,0.031975742086369836,0.3776813084319857,5.0,21.0,2.0,0.9876285693427392,0.15680440696554887,-0.0014788421811247246,0.9,0.36570030450820923,-0.13568776845932007,0.028362110257148743,-0.1568203866481781,local_avoidance,SAFE_PROGRESSING,NONE,1,0,"-4.629,5.314;-4.445,5.779;-4.262,6.244;-4.078,6.709;-3.894,7.174;-3.711,7.639;-3.527,8.104",0,1,PASS_THROUGH,-1,0.9900514605033237,0.14069938600843668,-0.0013372853415808711,0.9,3.762827561832229,3.797033726386413,0.0,0,0,1,DIRECT_LOCAL,PASS_THROUGH,0,BYPASS_VISIBLE,1,10,5.0,21.0,2.0,5.0,21.0,2.0,1,
70,2.366667,0.033333,-4.606855392456055,5.325778484344482,2.0288586616516113,-0.7124371533921593,-0.12853538990020752,0.3603570143166236,-0.1296914790946811,0.03247530521652999,0.38435882059068727,5.0,21.0,2.0,0.9868662886814457,0.1615320526029156,-0.0015245478013172422,0.9,0.3723471760749817,-0.137478768825531,0.028797969222068787,-0.15010368824005127,local_avoidance,SAFE_PROGRESSING,NONE,1,0,"-4.618,5.320;-4.434,5.785;-4.251,6.250;-4.068,6.715;-3.884,7.180;-3.701,7.645;-3.517,8.110",0,1,PASS_THROUGH,-1,0.9900514605033237,0.14069938600843668,-0.0013372853415808711,0.9,3.751757630958601,3.786037152115961,0.0,0,0,1,DIRECT_LOCAL,PASS_THROUGH,0,BYPASS_VISIBLE,1,10,5.0,21.0,2.0,5.0,21.0,2.0,1,
71,2.4,0.033333,-4.595581531524658,5.332056045532227,2.029667615890503,-0.7166194648716772,-0.1209939643740654,0.36732640875580547,-0.13108630652630024,0.0327330018112295,0.39138696929729044,5.0,21.0,2.0,0.9861260590904408,0.16599075703102545,-0.0015697652765796193,0.9,0.38065558671951294,-0.13881193101406097,0.029360761865973473,-0.1427677869796753,local_avoidance,SAFE_PROGRESSING,NONE,1,0,"-4.607,5.326;-4.424,5.791;-4.240,6.256;-4.057,6.721;-3.874,7.187;-3.690,7.652;-3.507,8.117",0,1,PASS_THROUGH,-1,0.9900514605033237,0.14069938600843668,-0.0013372853415808711,0.9,3.740509882938477,3.774855683492585,0.0,0,0,1,DIRECT_LOCAL,PASS_THROUGH,0,BYPASS_VISIBLE,1,10,5.0,21.0,2.0,5.0,21.0,2.0,1,
72,2.433333,0.033333,-4.584092140197754,5.338432312011719,2.03047513961792,-0.7205544270505503,-0.11435732245445251,0.37434334199258146,-0.13268585032774555,0.032987644344646204,0.39853062272651096,5.0,21.0,2.0,0.9854065890405805,0.17020942053707105,-0.0016147556605333082,0.9,0.39140474796295166,-0.14010882377624512,0.029976092278957367,-0.1346929371356964,local_avoidance,SAFE_PROGRESSING,NONE,1,0,"-4.596,5.332;-4.412,5.797;-4.229,6.263;-4.046,6.728;-3.863,7.193;-3.680,7.658;-3.497,8.124",1,1,PASS_THROUGH,-1,0.9854078737353229,0.1702096424425768,0.0,0.9,3.729072043460264,3.7634887604628977,0.0,0,0,1,DIRECT_LOCAL,PASS_THROUGH,0,BYPASS_VISIBLE,1,10,5.0,21.0,2.0,5.0,21.0,2.0,1,
73,2.466667,0.033333,-4.57238245010376,5.344906806945801,2.0312843322753906,-0.7242685957911053,-0.10839959979057312,0.3814691663109122,-0.1343171125471117,0.0335232658645791,0.4058122976490031,5.0,21.0,2.0,0.9847062285418875,0.17421506459339148,-0.0016597408027480152,0.9,0.40001362562179565,-0.14044685661792755,0.030734412372112274,-0.1256822794675827,local_avoidance,SAFE_PROGRESSING,NONE,1,0,"-4.584,5.338;-4.401,5.804;-4.218,6.269;-4.035,6.734;-3.852,7.200;-3.669,7.665;-3.486,8.130",0,1,PASS_THROUGH,-1,0.9854065890405805,0.17020942053707105,-0.0016147556605333082,0.9,3.7174432492974288,3.7519350605847634,0.0,0,0,1,DIRECT_LOCAL,PASS_THROUGH,0,BYPASS_VISIBLE,1,10,5.0,21.0,2.0,5.0,21.0,2.0,1,
74,2.5,0.033333,-4.560449600219727,5.35148811340332,2.032099962234497,-0.7277828678537906,-0.10281024128198624,0.3888925731404955,-0.1358603638559728,0.03433109954955791,0.4133692009659097,5.0,21.0,2.0,0.9840237840921421,0.17802889003455535,-0.0017048912123022787,0.9,0.4069299101829529,-0.14088264107704163,0.031608711928129196,-0.1179426908493042,local_avoidance,SAFE_PROGRESSING,NONE,1,0,"-4.572,5.345;-4.390,5.810;-4.207,6.276;-4.024,6.741;-3.841,7.206;-3.658,7.672;-3.476,8.137",0,1,PASS_THROUGH,-1,0.9854065890405805,0.17020942053707105,-0.0016147556605333082,0.9,3.7056220141886054,3.740186489026967,0.0,0,0,1,DIRECT_LOCAL,PASS_THROUGH,0,BYPASS_VISIBLE,1,10,5.0,21.0,2.0,5.0,21.0,2.0,1,
75,2.533333,0.033333,-4.548287391662598,5.358188629150391,2.0329246520996094,-0.7311075507622005,-0.09739235788583755,0.3967045751878581,-0.1372442235635828,0.035218445669259676,0.42124913743758363,5.0,21.0,2.0,0.9833596052251949,0.18166128555046862,-0.0017504695084687746,0.9,0.41609373688697815,-0.1427539885044098,0.03243238478899002,-0.11237429827451706,local_avoidance,SAFE_PROGRESSING,NONE,1,0,"-4.560,5.351;-4.378,5.817;-4.195,6.282;-4.013,6.748;-3.830,7.213;-3.647,7.679;-3.465,8.144",0,1,PASS_THROUGH,-1,0.9854065890405805,0.17020942053707105,-0.0016147556605333082,0.9,3.6936003447049575,3.7282299816857174,0.0,0,0,1,DIRECT_LOCAL,PASS_THROUGH,0,BYPASS_VISIBLE,1,10,5.0,21.0,2.0,5.0,21.0,2.0,1,
76,2.566667,0.033333,-4.535893440246582,5.365021228790283,2.0337588787078857,-0.7342530544654642,-0.09220430999994278,0.40489939568743355,-0.13848717614878767,0.03614648848560799,0.4294517286209877,5.0,21.0,2.0,0.9827137612946966,0.1851227579462587,-0.001796622498244356,0.9,0.42679011821746826,-0.145613431930542,0.03317250311374664,-0.10792864859104156,local_avoidance,SAFE_PROGRESSING,NONE,1,0,"-4.548,5.358;-4.366,5.824;-4.183,6.289;-4.001,6.755;-3.818,7.220;-3.636,7.686;-3.454,8.151",0,1,PASS_THROUGH,-1,0.9854065890405805,0.17020942053707105,-0.0016147556605333082,0.9,3.6813652430304518,3.71605401474337,0.0,0,0,1,DIRECT_LOCAL,PASS_THROUGH,0,BYPASS_VISIBLE,1,10,5.0,21.0,2.0,5.0,21.0,2.0,1,
77,2.6,0.033333,-4.523260116577148,5.3719987869262695,2.0346012115478516,-0.7372380107938211,-0.08739008009433746,0.4134959714288926,-0.13971741837425483,0.03719107396772781,0.4380445769187916,5.0,21.0,2.0,0.9820845721408039,0.1884316722644253,-0.001843380222926273,0.9,0.4379268288612366,-0.14869807660579681,0.033874817192554474,-0.10330519080162048,local_avoidance,SAFE_PROGRESSING,NONE,1,0,"-4.536,5.365;-4.354,5.831;-4.171,6.296;-3.989,6.762;-3.807,7.227;-3.625,7.693;-3.442,8.159",0,1,PASS_THROUGH,-1,0.9854065890405805,0.17020942053707105,-0.0016147556605333082,0.9,3.668905391915827,3.7036444098795593,0.0,0,0,1,DIRECT_LOCAL,PASS_THROUGH,0,BYPASS_VISIBLE,1,10,5.0,21.0,2.0,5.0,21.0,2.0,1,
78,2.633333,0.033333,-4.510375022888184,5.3791303634643555,2.035449504852295,-0.7400831905960717,-0.08299710601568222,0.42256045700164274,-0.1411167317497933,0.03837479201795684,0.44715086543984434,5.0,21.0,2.0,0.9814695803885486,0.19160868493502548,-0.0018906690340978127,0.9,0.4483683407306671,-0.15219174325466156,0.034579724073410034,-0.0993863046169281,local_avoidance,SAFE_PROGRESSING,NONE,1,0,"-4.523,5.372;-4.341,5.838;-4.159,6.303;-3.977,6.769;-3.795,7.235;-3.613,7.700;-3.431,8.166",1,1,PASS_THROUGH,-1,0.9814713345882584,0.19160902740096253,0.0,0.9,3.656206634663504,3.690987910029815,0.0,0,0,1,DIRECT_LOCAL,PASS_THROUGH,0,BYPASS_VISIBLE,1,10,5.0,21.0,2.0,5.0,21.0,2.0,1,
79,2.666667,0.033333,-4.497220039367676,5.3864216804504395,2.036301374435425,-0.7428039915363449,-0.07901515066623688,0.43214275389022666,-0.14284714258449324,0.039594339049670635,0.45685925356630763,5.0,21.0,2.0,0.9808669867721085,0.19466945563892457,-0.001938376085649254,0.9,0.4588151276111603,-0.15672357380390167,0.0352439284324646,-0.0973319411277771,local_avoidance,SAFE_PROGRESSING,NONE,1,0,"-4.510,5.379;-4.328,5.845;-4.147,6.311;-3.965,6.776;-3.783,7.242;-3.601,7.708;-3.419,8.174",0,1,PASS_THROUGH,-1,0.9814695803885486,0.19160868493502548,-0.0018906690340978127,0.9,3.615413065229326,3.6780713451356934,0.0,0,0,1,DIRECT_LOCAL,PASS_THROUGH,0,BYPASS_VISIBLE,1,10,5.0,21.0,2.0,5.0,21.0,2.0,1,
80,2.7,0.033333,-4.483773231506348,5.393876552581787,2.0371532440185547,-0.7454133813065251,-0.07550973445177078,0.44222985096793044,-0.14502919395853167,0.04073776673960923,0.4671833406986064,5.0,21.0,2.0,0.9802751621762704,0.19762758090203858,-0.0019863753659849735,0.9,0.4707639217376709,-0.1626228392124176,0.03579198941588402,-0.09723801165819168,local_avoidance,SAFE_PROGRESSING,NONE,1,0,"-4.497,5.386;-4.357,5.866;-4.216,6.346;-4.076,6.826;-3.936,7.306;-3.795,7.786;-3.655,8.266",0,1,PASS_THROUGH,-1,0.9814695803885486,0.19160868493502548,-0.0018906690340978127,0.9,3.601930919061717,3.664881414681794,0.0,0,0,1,DIRECT_LOCAL,PASS_THROUGH,0,BYPASS_VISIBLE,1,10,5.0,21.0,2.0,5.0,21.0,2.0,1,
81,2.733333,0.033333,-4.470011234283447,5.401495933532715,2.0380001068115234,-0.747928471980265,-0.07264801859855652,0.45279564859618104,-0.14776467259585568,0.04182208746829638,0.47812904623668545,5.0,21.0,2.0,0.9796914021521508,0.2005009163541101,-0.0020344754398331968,0.9,0.48525241017341614,-0.17037899792194366,0.036145228892564774,-0.09959304332733154,local_avoidance,SAFE_PROGRESSING,NONE,1,0,"-4.484,5.394;-4.344,5.874;-4.203,6.354;-4.063,6.834;-3.923,7.314;-3.783,7.794;-3.642,8.273",0,1,PASS_THROUGH,-1,0.9814695803885486,0.19160868493502548,-0.0018906690340978127,0.9,3.588161004409851,3.6514067527094074,0.0,0,0,1,DIRECT_LOCAL,PASS_THROUGH,0,BYPASS_VISIBLE,1,10,5.0,21.0,2.0,5.0,21.0,2.0,1,
82,2.766667,0.033333,-4.455906391143799,5.409276485443115,2.038834810256958,-0.7503764481155818,-0.0706784650683403,0.4638992303821728,-0.15117194957675406,0.0429979065736575,0.48980023913604387,5.0,21.0,2.0,0.9791106904528923,0.20331728757430334,-0.0020824058895213466,0.9,0.49967271089553833,-0.17885518074035645,0.03638417273759842,-0.10302107036113739,local_avoidance,SAFE_PROGRESSING,NONE,1,0,"-4.470,5.401;-4.330,5.881;-4.190,6.361;-4.050,6.841;-3.910,7.321;-3.770,7.801;-3.630,8.281",0,1,PASS_THROUGH,-1,0.9814695803885486,0.19160868493502548,-0.0018906690340978127,0.9,3.574090320152171,3.637637785879483,0.0,0,0,1,DIRECT_LOCAL,PASS_THROUGH,0,BYPASS_VISIBLE,1,10,5.0,21.0,2.0,5.0,21.0,2.0,1,
83,2.8,0.033333,-4.4414262771606445,5.417214393615723,2.0396502017974854,-0.7527946482271237,-0.06973151117563248,0.4756775396001754,-0.15538345292722458,0.04430617433252923,0.5023705566687283,5.0,21.0,2.0,0.9785255179251042,0.2061147127598828,-0.0021297777625410752,0.9,0.512855052947998,-0.18729433417320251,0.036659568548202515,-0.10659632086753845,local_avoidance,SAFE_PROGRESSING,NONE,1,0,"-4.456,5.409;-4.316,5.889;-4.176,6.369;-4.036,6.849;-3.897,7.330;-3.757,7.810;-3.617,8.290",0,1,PASS_THROUGH,-1,0.9814695803885486,0.19160868493502548,-0.0018906690340978127,0.9,3.559707184460448,3.623563258444851,0.0,0,0,1,DIRECT_LOCAL,PASS_THROUGH,0,BYPASS_VISIBLE,1,10,5.0,21.0,2.0,5.0,21.0,2.0,1,
84,2.833333,0.033333,-4.42653226852417,5.42530632019043,2.0404412746429443,-0.75521659475654,-0.0697287768125534,0.48821203176547495,-0.16048617420917033,0.04559625026740169,0.5159319898119488,5.0,21.0,2.0,0.9779286839258909,0.208927626950563,-0.002176201227253329,0.9,0.5243001580238342,-0.1957259178161621,0.037106338888406754,-0.11082188785076141,local_avoidance,SAFE_PROGRESSING,NONE,1,0,"-4.441,5.417;-4.302,5.897;-4.162,6.377;-4.023,6.858;-3.883,7.338;-3.743,7.818;-3.604,8.298",1,1,PASS_THROUGH,-1,0.9779309995967659,0.20892812167745733,0.0,0.9,3.544997888628524,3.609168765071618,0.0,0,0,1,DIRECT_LOCAL,PASS_THROUGH,0,BYPASS_VISIBLE,1,10,5.0,21.0,2.0,5.0,21.0,2.0,1,
85,2.866667,0.033333,-4.411184787750244,5.433546543121338,2.0412049293518066,-0.757663510910048,-0.07051105052232742,0.5014181829636851,-0.16647652054941972,0.04661565174428155,0.5303844314159204,5.0,21.0,2.0,0.9773151350157357,0.21177863970507843,-0.0022214035744871825,0.9,0.5344814658164978,-0.20388633012771606,0.037780407816171646,-0.11514420807361603,local_avoidance,SAFE_PROGRESSING,NONE,1,0,"-4.427,5.425;-4.287,5.905;-4.148,6.386;-4.008,6.866;-3.869,7.346;-3.730,7.826;-3.590,8.306",0,1,PASS_THROUGH,-1,0.9779286839258909,0.208927626950563,-0.002176201227253329,0.9,3.5299451736868863,3.5944419046507123,0.0,0,0,1,DIRECT_LOCAL,PASS_THROUGH,0,BYPASS_VISIBLE,1,10,5.0,21.0,2.0,5.0,21.0,2.0,1,
86,2.9,0.033333,-4.395351409912109,5.441925525665283,2.0419411659240723,-0.760146262784858,-0.07191812247037888,0.5150362173184927,-0.17325686312417513,0.0471845310608874,0.5454416795046072,5.0,21.0,2.0,0.9766817472105863,0.21468030525074167,-0.0022652159113135746,0.9,0.5451478958129883,-0.21118350327014923,0.03866417706012726,-0.11776497960090637,local_avoidance,SAFE_PROGRESSING,NONE,1,0,"-4.411,5.434;-4.272,5.914;-4.133,6.394;-3.994,6.874;-3.855,7.355;-3.716,7.835;-3.576,8.315",0,1,PASS_THROUGH,-1,0.9779286839258909,0.208927626950563,-0.002176201227253329,0.9,3.514533615978437,3.5793775522683013,0.0,0,0,1,DIRECT_LOCAL,PASS_THROUGH,0,BYPASS_VISIBLE,1,10,5.0,21.0,2.0,5.0,21.0,2.0,1,
87,2.933333,0.033333,-4.379009246826172,5.4504289627075195,2.042652130126953,-0.762668369234833,-0.07376290112733841,0.5287483015068158,-0.18064759085576723,0.04736847126896544,0.5607602789951283,5.0,21.0,2.0,0.9760268856328669,0.21763775712579247,-0.0023076384164636035,0.9,0.5586992502212524,-0.21781690418720245,0.03964047133922577,-0.11770934611558914,local_avoidance,SAFE_PROGRESSING,NONE,1,0,"-4.395,5.442;-4.256,5.922;-4.118,6.403;-3.979,6.883;-3.840,7.363;-3.701,7.844;-3.562,8.324",0,1,PASS_THROUGH,-1,0.9779286839258909,0.208927626950563,-0.002176201227253329,0.9,3.4987553867517187,3.5639798409698233,0.0,0,0,1,DIRECT_LOCAL,PASS_THROUGH,0,BYPASS_VISIBLE,1,10,5.0,21.0,2.0,5.0,21.0,2.0,1,
88,2.966667,0.033333,-4.362146377563477,5.459042072296143,2.0433409214019775,-0.7652292807019788,-0.07581271976232529,0.5423795401767887,-0.18841613232934326,0.0474998333941945,0.5761357814758684,5.0,21.0,2.0,0.9753498073754074,0.22065184442217628,-0.0023487881656964874,0.9,0.572162926197052,-0.22451162338256836,0.04064717888832092,-0.11710736155509949,local_avoidance,SAFE_PROGRESSING,NONE,1,0,"-4.379,5.450;-4.240,5.931;-4.102,6.411;-3.963,6.892;-3.824,7.372;-3.686,7.852;-3.547,8.333",0,1,PASS_THROUGH,-1,0.9779286839258909,0.208927626950563,-0.002176201227253329,0.9,3.4826123635349173,3.5482590644318046,0.0,0,0,1,DIRECT_LOCAL,PASS_THROUGH,0,BYPASS_VISIBLE,1,10,5.0,21.0,2.0,5.0,21.0,2.0,1,
89,3.0,0.033333,-4.344757556915283,5.46775484085083,2.0440104007720947,-0.7678284918129257,-0.07777151465415955,0.5559682257033643,-0.1963414775262404,0.047813323013941776,0.5915545263511808,5.0,21.0,2.0,0.9746498486381134,0.22372296712840312,-0.0023888342274797567,0.9,0.5843660831451416,-0.2314610779285431,0.04166671633720398,-0.11678284406661987,local_avoidance,SAFE_PROGRESSING,NONE,1,0,"-4.362,5.459;-4.224,5.940;-4.085,6.420;-3.947,6.900;-3.809,7.381;-3.670,7.861;-3.532,8.342",0,1,PASS_THROUGH,-1,0.9779286839258909,0.208927626950563,-0.002176201227253329,0.9,3.466113314504144,3.532224921741326,0.0,0,0,1,DIRECT_LOCAL,PASS_THROUGH,0,BYPASS_VISIBLE,1,10,5.0,21.0,2.0,5.0,21.0,2.0,1,
90,3.033333,0.033333,-4.326838970184326,5.4765625,2.0446627140045166,-0.7704656157987148,-0.07939326763153076,0.5696310667999958,-0.20427962419448076,0.048324598506203645,0.607079059056994,5.0,21.0,2.0,0.9739264030203216,0.2268511993384143,-0.002427932993533324,0.9,0.5987637639045715,-0.240285724401474,0.042527247220277786,-0.11800146102905273,local_avoidance,SAFE_PROGRESSING,NONE,1,0,"-4.345,5.468;-4.207,5.948;-4.069,6.429;-3.930,6.909;-3.792,7.390;-3.654,7.871;-3.516,8.351",1,1,PASS_THROUGH,-1,0.9739292736122396,0.2268518679692445,0.0,0.9,3.4492670753257704,3.515883493507655,0.0,0,0,1,DIRECT_LOCAL,PASS_THROUGH,0,BYPASS_VISIBLE,1,10,5.0,21.0,2.0,5.0,21.0,2.0,1,
91,3.066667,0.033333,-4.308386325836182,5.485465049743652,2.0452966690063477,-0.7731439923557557,-0.08074764907360077,0.5834976494267923,-0.2122211913468859,0.0491364288351473,0.6228336291353854,5.0,21.0,2.0,0.9731780430159827,0.23004002790383482,-0.0024662022595610023,0.9,0.615230917930603,-0.25118446350097656,0.043145447969436646,-0.12072093784809113,local_avoidance,SAFE_PROGRESSING,NONE,1,0,"-4.327,5.477;-4.189,5.957;-4.051,6.438;-3.913,6.918;-3.776,7.399;-3.638,7.880;-3.500,8.360",0,1,PASS_THROUGH,-1,0.9739264030203216,0.2268511993384143,-0.002427932993533324,0.9,3.4320791929104444,3.499236712825575,0.0,0,0,1,DIRECT_LOCAL,PASS_THROUGH,0,BYPASS_VISIBLE,1,10,5.0,21.0,2.0,5.0,21.0,2.0,1,
92,3.1,0.033333,-4.289389610290527,5.49446439743042,2.0459072589874268,-0.775881193369369,-0.08210496604442596,0.5977572343582831,-0.22032865977703603,0.05040988851110971,0.6390614887524602,5.0,21.0,2.0,0.9723999880315465,0.23330665524636168,-0.00250357624281351,0.9,0.6331368684768677,-0.2636842131614685,0.043518126010894775,-0.12407602369785309,local_avoidance,SAFE_PROGRESSING,NONE,1,0,"-4.308,5.485;-4.171,5.966;-4.033,6.447;-3.896,6.928;-3.758,7.408;-3.621,7.889;-3.483,8.370",0,1,PASS_THROUGH,-1,0.9739264030203216,0.2268511993384143,-0.002427932993533324,0.9,3.414551246839771,3.4822823807907772,0.0,0,0,1,DIRECT_LOCAL,PASS_THROUGH,0,BYPASS_VISIBLE,1,10,5.0,21.0,2.0,5.0,21.0,2.0,1,
93,3.133333,0.033333,-4.269825458526611,5.503560543060303,2.0464861392974854,-0.7787032536985147,-0.08369109034538269,0.6126504878518719,-0.2288931949003663,0.05217564007382507,0.6560907043648364,5.0,21.0,2.0,0.9715851530247706,0.2366766569550744,-0.0025397784162167797,0.9,0.651308536529541,-0.27788466215133667,0.04364538937807083,-0.1284111589193344,local_avoidance,SAFE_PROGRESSING,NONE,1,0,"-4.289,5.494;-4.152,5.975;-4.015,6.456;-3.878,6.937;-3.741,7.418;-3.603,7.899;-3.466,8.379",0,1,PASS_THROUGH,-1,0.9739264030203216,0.2268511993384143,-0.002427932993533324,0.9,3.3966803965029078,3.465014012762,0.0,0,0,1,DIRECT_LOCAL,PASS_THROUGH,0,BYPASS_VISIBLE,1,10,5.0,21.0,2.0,5.0,21.0,2.0,1,
94,3.166667,0.033333,-4.249659538269043,5.512752532958984,2.047020673751831,-0.7816337164770903,-0.08563613146543503,0.6283948391901892,-0.2382460773544134,0.05421266141394965,0.6742256891821999,5.0,21.0,2.0,0.9707264990767701,0.24017376361233217,-0.00257434699390271,0.9,0.6687819957733154,-0.29455476999282837,0.04347766190767288,-0.1351986974477768,local_avoidance,SAFE_PROGRESSING,NONE,1,0,"-4.270,5.504;-4.133,5.984;-3.996,6.465;-3.859,6.946;-3.722,7.427;-3.585,7.908;-3.449,8.389",0,1,PASS_THROUGH,-1,0.9739264030203216,0.2268511993384143,-0.002427932993533324,0.9,3.378458565903206,3.4474213486646734,0.0,0,0,1,DIRECT_LOCAL,PASS_THROUGH,0,BYPASS_VISIBLE,1,10,5.0,21.0,2.0,5.0,21.0,2.0,1,
95,3.2,0.033333,-4.228846073150635,5.522033214569092,2.047495126724243,-0.7846929432607544,-0.08806650340557098,0.6450880804602324,-0.24870327577329054,0.05613490765760286,0.6936447785357863,5.0,21.0,2.0,0.9698172370762819,0.2438190566894809,-0.0026065810516403424,0.9,0.6855490207672119,-0.31335708498954773,0.04302530735731125,-0.1438269317150116,local_avoidance,SAFE_PROGRESSING,NONE,1,0,"-4.250,5.513;-4.113,5.994;-3.977,6.475;-3.840,6.956;-3.704,7.437;-3.567,7.918;-3.430,8.399",0,1,PASS_THROUGH,-1,0.9739264030203216,0.2268511993384143,-0.002427932993533324,0.9,3.3598731587536754,3.4294949955228473,0.0,0,0,1,DIRECT_LOCAL,PASS_THROUGH,0,BYPASS_VISIBLE,1,10,5.0,21.0,2.0,5.0,21.0,2.0,1,
96,3.233333,0.033333,-4.207330703735352,5.531385898590088,2.0478906631469727,-0.7879015661013081,-0.09112673252820969,0.6626617982051718,-0.26054387214098945,0.05759918407803275,0.7143678563017706,5.0,21.0,2.0,0.9688499451418353,0.24763448343535244,-0.0026356047444799726,0.9,0.7026218175888062,-0.33332887291908264,0.042356010526418686,-0.152525395154953,local_avoidance,SAFE_PROGRESSING,NONE,1,0,"-4.229,5.522;-4.093,6.003;-3.956,6.484;-3.820,6.965;-3.684,7.446;-3.548,7.928;-3.412,8.409",1,1,PASS_THROUGH,-1,0.9688533101749877,0.24763534352545274,0.0,0.9,3.340911476148965,3.4112310155709564,0.0,0,0,1,DIRECT_LOCAL,PASS_THROUGH,0,BYPASS_VISIBLE,1,10,5.0,21.0,2.0,5.0,21.0,2.0,1,
97,3.266667,0.033333,-4.185060977935791,5.540785312652588,2.048187494277954,-0.7912764121342653,-0.09492667764425278,0.6809321925000483,-0.27397021620474804,0.05846212058081944,0.7363057447100393,5.0,21.0,2.0,0.9678175487116107,0.2516388580107181,-0.0026603655595626454,0.9,0.7197754979133606,-0.35364818572998047,0.041568685322999954,-0.16052217781543732,local_avoidance,SAFE_PROGRESSING,NONE,1,0,"-4.207,5.531;-4.072,6.013;-3.936,6.494;-3.800,6.975;-3.664,7.456;-3.528,7.937;-3.392,8.419",0,1,PASS_THROUGH,-1,0.9688499451418353,0.24763448343535244,-0.0026356047444799726,0.9,3.3215653922447155,3.3926352189884343,0.0,0,0,1,DIRECT_LOCAL,PASS_THROUGH,0,BYPASS_VISIBLE,1,10,5.0,21.0,2.0,5.0,21.0,2.0,1,
98,3.3,0.033333,-4.161983489990234,5.550199031829834,2.0483691692352295,-0.7948232266618358,-0.09943615645170212,0.6996948733620476,-0.289058339967083,0.058716476756464304,0.7593255325328854,5.0,21.0,2.0,0.9667153404930522,0.2558403200943345,-0.002679751747903246,0.9,0.7355522513389587,-0.37303414940834045,0.040848445147275925,-0.16690997779369354,local_avoidance,SAFE_PROGRESSING,NONE,1,0,"-4.185,5.541;-4.050,6.022;-3.914,6.503;-3.779,6.985;-3.643,7.466;-3.508,7.947;-3.372,8.429",0,1,PASS_THROUGH,-1,0.9688499451418353,0.24763448343535244,-0.0026356047444799726,0.9,3.3018364218664615,3.3737207616174376,0.0,0,0,1,DIRECT_LOCAL,PASS_THROUGH,0,BYPASS_VISIBLE,1,10,5.0,21.0,2.0,5.0,21.0,2.0,1,
99,3.333333,0.033333,-4.138051509857178,5.559586048126221,2.0484228134155273,-0.7985312836861692,-0.10435762256383896,0.7187529593688693,-0.30571445584278684,0.05831669444083293,0.7832419689746357,5.0,21.0,2.0,0.9655425592728314,0.260231271937196,-0.002692831004724389,0.9,0.7495225667953491,-0.38987892866134644,0.04047452658414841,-0.16973337531089783,local_avoidance,SAFE_PROGRESSING,NONE,1,0,"-4.162,5.550;-4.027,6.032;-3.892,6.513;-3.757,6.994;-3.622,7.476;-3.487,7.957;-3.352,8.439",0,1,PASS_THROUGH,-1,0.9688499451418353,0.24763448343535244,-0.0026356047444799726,0.9,3.2817332206268293,3.3545130965096708,0.0,0,0,1,DIRECT_LOCAL,PASS_THROUGH,0,BYPASS_VISIBLE,1,10,5.0,21.0,2.0,5.0,21.0,2.0,1,
100,3.366667,0.033333,-4.113228797912598,5.568905353546143,2.048344373703003,-0.8023665208935166,-0.1091657504439354,0.7378781129937332,-0.3236351597803676,0.05710948046703106,0.8077532538098938,5.0,21.0,2.0,0.9643046477325338,0.26478153730212783,-0.0026988637156877644,0.9,0.7616173028945923,-0.4049314856529236,0.04054364189505577,-0.17048488557338715,local_avoidance,SAFE_PROGRESSING,NONE,1,0,"-4.138,5.560;-4.003,6.041;-3.869,6.523;-3.734,7.004;-3.600,7.486;-3.465,7.967;-3.330,8.449",0,1,PASS_THROUGH,-1,0.9688499451418353,0.24763448343535244,-0.0026356047444799726,0.9,3.261277038637309,3.3350441179889136,0.0,0,0,1,DIRECT_LOCAL,PASS_THROUGH,0,BYPASS_VISIBLE,1,10,5.0,21.0,2.0,5.0,21.0,2.0,1,
101,3.4,0.033333,-4.087494850158691,5.578125476837158,2.0481369495391846,-0.8062752556991856,-0.11334400624036789,0.7567895203246034,-0.3423283783584186,0.05498600852974457,0.8324317136178085,5.0,21.0,2.0,0.9630129299528216,0.26944168146770886,-0.002697597363456985,0.9,0.7762264013290405,-0.4203633666038513,0.04070134833455086,-0.17130449414253235,local_avoidance,SAFE_PROGRESSING,NONE,1,0,"-4.113,5.569;-3.979,6.051;-3.845,6.532;-3.711,7.014;-3.577,7.496;-3.442,7.977;-3.308,8.459",0,1,PASS_THROUGH,-1,0.9688499451418353,0.24763448343535244,-0.0026356047444799726,0.9,3.2089319558120644,3.3153458718159525,0.0,0,0,1,DIRECT_LOCAL,PASS_THROUGH,0,BYPASS_VISIBLE,1,10,5.0,21.0,2.0,5.0,21.0,2.0,1,
102,3.433333,0.033333,-4.060848712921143,5.587216854095459,2.047807455062866,-0.8102176913565735,-0.11687427759170532,0.7752717408000338,-0.36126639845151587,0.05244120232820468,0.8569187606972273,5.0,21.0,2.0,0.9616760911092435,0.27417487871149204,-0.0026891768972691784,0.9,0.793089747428894,-0.43559086322784424,0.04092001914978027,-0.1713857352733612,local_avoidance,SAFE_PROGRESSING,NONE,1,0,"-4.087,5.578;-3.954,6.060;-3.820,6.542;-3.686,7.024;-3.553,7.505;-3.419,7.987;-3.285,8.469",1,1,PASS_THROUGH,-1,0.9616795683913191,0.27417587008831845,0.0,0.9,3.187130656539615,3.295458766497393,0.0,0,0,1,DIRECT_LOCAL,PASS_THROUGH,0,BYPASS_VISIBLE,1,10,5.0,21.0,2.0,5.0,21.0,2.0,1,
103,3.466667,0.033333,-4.033299922943115,5.596160888671875,2.0473625659942627,-0.8141958001231641,-0.1199369803071022,0.7933519977079719,-0.3800608148690384,0.050305000263362924,0.8811266698481237,5.0,21.0,2.0,0.9602921291936689,0.27898364925385,-0.002673959179708283,0.9,0.8128973245620728,-0.4515646696090698,0.04104718565940857,-0.172320157289505,local_avoidance,SAFE_PROGRESSING,NONE,1,0,"-4.061,5.587;-3.928,6.069;-3.794,6.551;-3.661,7.033;-3.528,7.515;-3.395,7.997;-3.262,8.479",0,1,PASS_THROUGH,-1,0.9616760911092435,0.27417487871149204,-0.0026891768972691784,0.9,3.1650303948962666,3.2754190938348855,0.0,0,0,1,DIRECT_LOCAL,PASS_THROUGH,0,BYPASS_VISIBLE,1,10,5.0,21.0,2.0,5.0,21.0,2.0,1,
104,3.5,0.033333,-4.004858016967773,5.604949474334717,2.046809673309326,-0.8182320204225801,-0.12273463606834412,0.8113376664173089,-0.3985361707175274,0.049340196845826335,0.9052813614244245,5.0,21.0,2.0,0.9588533867789473,0.2838893235469727,-0.0026522893102240873,0.9,0.8338802456855774,-0.46908730268478394,0.04098860174417496,-0.17626969516277313,local_avoidance,SAFE_PROGRESSING,NONE,1,0,"-4.033,5.596;-3.901,6.078;-3.768,6.560;-3.635,7.042;-3.503,7.524;-3.370,8.007;-3.237,8.489",0,1,PASS_THROUGH,-1,0.9616760911092435,0.27417487871149204,-0.0026891768972691784,0.9,3.1426677615355953,3.2552546287097295,0.0,0,0,1,DIRECT_LOCAL,PASS_THROUGH,0,BYPASS_VISIBLE,1,10,5.0,21.0,2.0,5.0,21.0,2.0,1,
105,3.533333,0.033333,-3.975527048110962,5.613584518432617,2.046151876449585,-0.8223588770007022,-0.12550286948680878,0.8297033987018482,-0.41674474423364455,0.0498430005286864,0.9298216153464419,5.0,21.0,2.0,0.95734890662695,0.2889224509999501,-0.0026245548888645387,0.9,0.8544628620147705,-0.4876265525817871,0.040843456983566284,-0.18231678009033203,local_avoidance,SAFE_PROGRESSING,NONE,1,0,"-4.005,5.605;-3.873,6.087;-3.741,6.569;-3.608,7.052;-3.476,7.534;-3.344,8.016;-3.212,8.498",0,1,PASS_THROUGH,-1,0.9616760911092435,0.27417487871149204,-0.0026891768972691784,0.9,3.1200716882220356,3.2349826362552867,0.0,0,0,1,DIRECT_LOCAL,PASS_THROUGH,0,BYPASS_VISIBLE,1,10,5.0,21.0,2.0,5.0,21.0,2.0,1,
106,3.566667,0.033333,-3.945291519165039,5.622072696685791,2.0453884601593018,-0.8266099082869132,-0.12839117646217346,0.84886857262763,-0.4349055579405629,0.05150275574345748,0.9551823028991024,5.0,21.0,2.0,0.9557667408782399,0.2941143047168807,-0.0025909056125684653,0.9,0.8738607168197632,-0.5061913728713989,0.0408715195953846,-0.18826308846473694,local_avoidance,SAFE_PROGRESSING,NONE,1,0,"-3.976,5.614;-3.844,6.096;-3.712,6.578;-3.581,7.061;-3.449,7.543;-3.318,8.025;-3.186,8.508",0,1,PASS_THROUGH,-1,0.9616760911092435,0.27417487871149204,-0.0026891768972691784,0.9,3.097260850427118,3.2146088280839207,0.0,0,0,1,DIRECT_LOCAL,PASS_THROUGH,0,BYPASS_VISIBLE,1,10,5.0,21.0,2.0,5.0,21.0,2.0,1,
107,3.6,0.033333,-3.91412615776062,5.630422592163086,2.044518232345581,-0.8310063819747955,-0.13139213621616364,0.8690171666391326,-0.4532740963276626,0.053567496785061695,0.9815893841250438,5.0,21.0,2.0,0.9540976069535426,0.2994849702094932,-0.0025512789228715653,0.9,0.8938248157501221,-0.5257794260978699,0.041001420468091965,-0.1953703761100769,local_avoidance,SAFE_PROGRESSING,NONE,1,0,"-3.945,5.622;-3.814,6.105;-3.683,6.587;-3.552,7.070;-3.421,7.552;-3.290,8.035;-3.159,8.517",0,1,PASS_THROUGH,-1,0.9616760911092435,0.27417487871149204,-0.0026891768972691784,0.9,3.0742408725771946,3.1941345304441575,0.0,0,0,1,DIRECT_LOCAL,PASS_THROUGH,0,BYPASS_VISIBLE,1,10,5.0,21.0,2.0,5.0,21.0,2.0,1,
108,3.633333,0.033333,-3.8819997310638428,5.638635158538818,2.0435359477996826,-0.8355503956254605,-0.1346256136894226,0.890090585332871,-0.4720392271813772,0.05541749169925904,1.009035866796836,5.0,21.0,2.0,0.95233737134429,0.3050364784469537,-0.0025055853066974516,0.9,0.9148684740066528,-0.5462474822998047,0.04111108183860779,-0.20337630808353424,local_avoidance,SAFE_PROGRESSING,NONE,1,0,"-3.914,5.630;-3.784,6.113;-3.653,6.596;-3.523,7.079;-3.393,7.561;-3.262,8.044;-3.132,8.527",1,1,PASS_THROUGH,-1,0.9523403607252461,0.30503743595452093,0.0,0.9,3.042522218736241,3.173567312611089,0.0,0,0,1,DIRECT_LOCAL,PASS_THROUGH,0,BYPASS_VISIBLE,1,10,5.0,21.0,2.0,5.0,21.0,2.0,1,
109,3.666667,0.033333,-3.848881721496582,5.646704196929932,2.042433500289917,-0.8402427353900104,-0.138334721326828,0.911918032708693,-0.49130788427106914,0.05678620299492608,1.0374018548165354,5.0,21.0,2.0,0.9504819713342134,0.31077001541610066,-0.0024535050242584797,0.9,0.9330686330795288,-0.56528639793396,0.0415557436645031,-0.20992696285247803,local_avoidance,SAFE_PROGRESSING,NONE,1,0,"-3.882,5.639;-3.752,6.122;-3.623,6.604;-3.493,7.087;-3.363,7.570;-3.233,8.053;-3.104,8.536",0,1,PASS_THROUGH,-1,0.95233737134429,0.3050364784469537,-0.0025055853066974516,0.9,3.020881094493123,3.1529236216726777,0.0,0,0,1,DIRECT_LOCAL,PASS_THROUGH,0,BYPASS_VISIBLE,1,10,5.0,21.0,2.0,5.0,21.0,2.0,1,
110,3.7,0.033333,-3.8147456645965576,5.654616832733154,2.041208267211914,-0.8450793482203802,-0.14228180050849915,0.9342550301269957,-0.5110800328913432,0.05718801693009032,1.066445371605225,5.0,21.0,2.0,0.9485286574030971,0.3166822574741659,-0.002394553433173993,0.9,0.9482889771461487,-0.582281231880188,0.042401380836963654,-0.21466028690338135,local_avoidance,SAFE_PROGRESSING,NONE,1,0,"-3.849,5.647;-3.720,6.130;-3.591,6.613;-3.462,7.096;-3.333,7.579;-3.204,8.062;-3.075,8.545",0,1,PASS_THROUGH,-1,0.95233737134429,0.3050364784469537,-0.0025055853066974516,0.9,2.9991502005291713,3.1322298703863867,0.0,0,0,1,DIRECT_LOCAL,PASS_THROUGH,0,BYPASS_VISIBLE,1,10,5.0,21.0,2.0,5.0,21.0,2.0,1,
111,3.733333,0.033333,-3.779575824737549,5.662354469299316,2.039862871170044,-0.850025020755813,-0.14597411453723907,0.9567201858052073,-0.531187429234455,0.05599929978546994,1.095723286455263,5.0,21.0,2.0,0.9464846833212329,0.3227403322911061,-0.0023285512516956234,0.9,0.9605652093887329,-0.5962956547737122,0.04374191537499428,-0.21570834517478943,local_avoidance,SAFE_PROGRESSING,NONE,1,0,"-3.815,5.655;-3.729,6.147;-3.643,6.640;-3.558,7.132;-3.472,7.625;-3.386,8.118;-3.300,8.610",0,1,PASS_THROUGH,-1,0.95233737134429,0.3050364784469537,-0.0025055853066974516,0.9,2.9323274909135204,3.1115242135151933,0.0,0,0,1,DIRECT_LOCAL,PASS_THROUGH,0,BYPASS_VISIBLE,1,10,5.0,21.0,2.0,5.0,21.0,2.0,1,
112,3.766667,0.033333,-3.7433741092681885,5.669896125793457,2.038410186767578,-0.8550230774705097,-0.1489526480436325,0.9787914322620748,-0.5512761218042252,0.05279776141490857,1.124600210720048,5.0,21.0,2.0,0.9443652053349546,0.32889097154398717,-0.002255612892615296,0.9,0.9708423614501953,-0.6068787574768066,0.0456821471452713,-0.2111286222934723,local_avoidance,SAFE_PROGRESSING,NONE,1,0,"-3.780,5.662;-3.695,6.155;-3.610,6.648;-3.525,7.141;-3.440,7.633;-3.355,8.126;-3.270,8.619",0,1,PASS_THROUGH,-1,0.95233737134429,0.3050364784469537,-0.0025055853066974516,0.9,2.909240668332848,3.090855860440172,0.0,0,0,1,DIRECT_LOCAL,PASS_THROUGH,0,BYPASS_VISIBLE,1,10,5.0,21.0,2.0,5.0,21.0,2.0,1,
113,3.8,0.033333,-3.7061667442321777,5.677222728729248,2.0368709564208984,-0.8600093146364182,-0.15076202154159546,0.999888690536797,-0.5708365283307483,0.0475634595740525,1.1523428388403967,5.0,21.0,2.0,0.9421894820112979,0.33507348914749324,-0.0021764323574919907,0.9,0.9806662797927856,-0.6163476705551147,0.047766342759132385,-0.2048456221818924,local_avoidance,SAFE_PROGRESSING,NONE,1,0,"-3.743,5.670;-3.659,6.163;-3.575,6.656;-3.491,7.148;-3.406,7.641;-3.322,8.134;-3.238,8.627",0,1,PASS_THROUGH,-1,0.95233737134429,0.3050364784469537,-0.0025055853066974516,0.9,2.8861310760637484,3.070282952121805,0.0,0,0,1,DIRECT_LOCAL,PASS_THROUGH,0,BYPASS_VISIBLE,1,10,5.0,21.0,2.0,5.0,21.0,2.0,1,
114,3.833333,0.033333,-3.668004035949707,5.684317111968994,2.0352721214294434,-0.8649332237202303,-0.1511479616165161,1.0195316995958759,-0.589328816978415,0.040996791976614155,1.1783183262405825,5.0,21.0,2.0,0.9399740829593777,0.3412394265949753,-0.0020921524345384494,0.9,0.9931936860084534,-0.62553471326828,0.0495324470102787,-0.19710367918014526,local_avoidance,SAFE_PROGRESSING,NONE,1,0,"-3.706,5.677;-3.623,6.170;-3.539,6.663;-3.456,7.156;-3.372,7.649;-3.289,8.142;-3.206,8.635",1,1,PASS_THROUGH,-1,0.9399761401472608,0.3412401734172828,0.0,0.9,2.8630644032019688,3.049871441216763,0.0,0,0,1,DIRECT_LOCAL,PASS_THROUGH,0,BYPASS_VISIBLE,1,10,5.0,21.0,2.0,5.0,21.0,2.0,1,
115,3.866667,0.033333,-3.628953218460083,5.691170692443848,2.0336380004882812,-0.8697817283904047,-0.15021225810050964,1.0375492099348262,-0.6063776073379388,0.03468057002412639,1.2022499356017717,5.0,21.0,2.0,0.9377242671324104,0.347374699306838,-0.002004273551127056,0.9,1.0090088844299316,-0.6337288022041321,0.05105631798505783,-0.1861412674188614,local_avoidance,SAFE_PROGRESSING,NONE,1,0,"-3.668,5.684;-3.585,6.177;-3.503,6.671;-3.420,7.164;-3.338,7.657;-3.255,8.150;-3.172,8.643",0,1,PASS_THROUGH,-1,0.9399740829593777,0.3412394265949753,-0.0020921524345384494,0.9,2.840116637309971,3.0296851700549614,0.0,0,0,1,DIRECT_LOCAL,PASS_THROUGH,0,BYPASS_VISIBLE,1,10,5.0,21.0,2.0,5.0,21.0,2.0,1,
116,3.9,0.033333,-3.5890843868255615,5.697784900665283,2.0319950580596924,-0.8745607598246691,-0.1480914056301117,1.0542003459061593,-0.621861906849985,0.030215187975377332,1.2243216726351587,5.0,21.0,2.0,0.9354393265162377,0.3534821104582246,-0.0019141559098107136,0.9,1.0246928930282593,-0.64141446352005,0.05241775885224342,-0.1752568781375885,local_avoidance,SAFE_PROGRESSING,NONE,1,0,"-3.629,5.691;-3.547,6.184;-3.465,6.678;-3.384,7.171;-3.302,7.664;-3.220,8.158;-3.139,8.651",0,1,PASS_THROUGH,-1,0.9399740829593777,0.3412394265949753,-0.0020921524345384494,0.9,2.817363681977477,3.0097786598682426,0.0,0,0,1,DIRECT_LOCAL,PASS_THROUGH,0,BYPASS_VISIBLE,1,10,5.0,21.0,2.0,5.0,21.0,2.0,1,
117,3.933333,0.033333,-3.548456907272339,5.704172134399414,2.0303690433502197,-0.8792603455575941,-0.14473792910575867,1.0700084480282444,-0.6358705352743524,0.028187545911559794,1.2450076121158535,5.0,21.0,2.0,0.9331243563507199,0.3595491777125257,-0.001823291337426952,0.9,1.0394830703735352,-0.6475858688354492,0.053903721272945404,-0.16175386309623718,local_avoidance,SAFE_PROGRESSING,NONE,1,0,"-3.589,5.698;-3.508,6.191;-3.427,6.685;-3.347,7.178;-3.266,7.671;-3.185,8.165;-3.104,8.658",0,1,PASS_THROUGH,-1,0.9399740829593777,0.3412394265949753,-0.0020921524345384494,0.9,2.794873012067254,2.9901911964147265,0.0,0,0,1,DIRECT_LOCAL,PASS_THROUGH,0,BYPASS_VISIBLE,1,10,5.0,21.0,2.0,5.0,21.0,2.0,1,
118,3.966667,0.033333,-3.507115364074707,5.710355758666992,2.0287818908691406,-0.883847068255111,-0.14002180099487305,1.0854511209192794,-0.6485846248555586,0.027947074890856377,1.2647715961781008,5.0,21.0,2.0,0.9307932685550555,0.36554190926968444,-0.0017331416762851766,0.9,1.0553748607635498,-0.6552860736846924,0.05473155528306961,-0.15367013216018677,local_avoidance,SAFE_PROGRESSING,NONE,1,0,"-3.548,5.704;-3.469,6.198;-3.389,6.691;-3.309,7.185;-3.229,7.678;-3.149,8.172;-3.069,8.666",0,1,PASS_THROUGH,-1,0.9399740829593777,0.3412394265949753,-0.0020921524345384494,0.9,2.7726967195138283,2.970945644043665,0.0,0,0,1,DIRECT_LOCAL,PASS_THROUGH,0,BYPASS_VISIBLE,1,10,5.0,21.0,2.0,5.0,21.0,2.0,1,
119,4.0,0.033333,-3.46509051322937,5.716363906860352,2.027240753173828,-0.888276746694875,-0.134288027882576,1.1008288353448297,-0.6602085455064537,0.02862307486013823,1.2839465443315194,5.0,21.0,2.0,0.9284646841863329,0.3714170490445902,-0.0016449613312813354,0.9,1.0712037086486816,-0.6639384031295776,0.054812949150800705,-0.1505271941423416,local_avoidance,SAFE_PROGRESSING,NONE,1,0,"-3.507,5.710;-3.428,6.204;-3.349,6.698;-3.270,7.192;-3.191,7.685;-3.112,8.179;-3.033,8.673",0,1,PASS_THROUGH,-1,0.9399740829593777,0.3412394265949753,-0.0020921524345384494,0.9,2.744485937814583,2.952055010213571,0.0,0,0,1,DIRECT_LOCAL,PASS_THROUGH,0,BYPASS_VISIBLE,1,10,5.0,21.0,2.0,5.0,21.0,2.0,1,
120,4.033333,0.033333,-3.4224047660827637,5.722225189208984,2.0257418155670166,-0.8925317400738693,-0.12826064229011536,1.1162653628711745,-0.6709829973680739,0.029768560731339523,1.3027481377115742,5.0,21.0,2.0,0.9261480773006479,0.377156874403905,-0.001559167146227688,0.9,1.0865588188171387,-0.6693065762519836,0.05547112226486206,-0.1391228437423706,local_avoidance,SAFE_PROGRESSING,NONE,1,0,"-3.465,5.716;-3.387,6.210;-3.309,6.704;-3.231,7.198;-3.153,7.692;-3.075,8.186;-2.997,8.680",1,1,PASS_THROUGH,-1,0.9261492030367025,0.37715733283933467,0.0,0.9,2.7201157308416177,2.933528682851627,0.0,0,0,1,DIRECT_LOCAL,PASS_THROUGH,0,BYPASS_VISIBLE,1,10,5.0,21.0,2.0,5.0,21.0,2.0,1,
121,4.066667,0.033333,-3.379072904586792,5.727963447570801,2.0242927074432373,-0.8966073663449916,-0.12209099531173706,1.1317148896555331,-0.681081701048256,0.030828636948463307,1.3212120495313846,5.0,21.0,2.0,0.9238482109776762,0.3827561963249392,-0.0014755501385950818,0.9,1.1003766059875488,-0.6725069284439087,0.05677057430148125,-0.12418285012245178,local_avoidance,SAFE_PROGRESSING,NONE,1,0,"-3.422,5.722;-3.345,6.216;-3.268,6.710;-3.191,7.204;-3.114,7.698;-3.037,8.192;-2.960,8.686",0,1,PASS_THROUGH,-1,0.9261480773006479,0.377156874403905,-0.001559167146227688,0.9,2.6960384766254606,2.9153780102543227,0.0,0,0,1,DIRECT_LOCAL,PASS_THROUGH,0,BYPASS_VISIBLE,1,10,5.0,21.0,2.0,5.0,21.0,2.0,1,
122,4.1,0.033333,-3.335113048553467,5.733598232269287,2.02290678024292,-0.9004719421024844,-0.11541812866926193,1.146987175897863,-0.6904840226169988,0.030970092251761346,1.3391440974658364,5.0,21.0,2.0,0.9215802122117569,0.38818548101482975,-0.0013945569253650588,0.9,1.1125444173812866,-0.6752416491508484,0.05817103758454323,-0.11019602417945862,local_avoidance,SAFE_PROGRESSING,NONE,1,0,"-3.379,5.728;-3.303,6.222;-3.227,6.716;-3.151,7.210;-3.075,7.705;-2.999,8.199;-2.923,8.693",0,1,PASS_THROUGH,-1,0.9261480773006479,0.377156874403905,-0.001559167146227688,0.9,2.672277434170183,2.8976193020715675,0.0,0,0,1,DIRECT_LOCAL,PASS_THROUGH,0,BYPASS_VISIBLE,1,10,5.0,21.0,2.0,5.0,21.0,2.0,1,
123,4.133333,0.033333,-3.2905516624450684,5.7391510009765625,2.0215954780578613,-0.9040824144821786,-0.10802751034498215,1.161788484138258,-0.6990221916310576,0.02982512159170604,1.3561983793482866,5.0,21.0,2.0,0.919364331593453,0.39340499665883916,-0.0013169652926445536,0.9,1.1253210306167603,-0.6759727001190186,0.059784501791000366,-0.09172846376895905,local_avoidance,SAFE_PROGRESSING,NONE,1,0,"-3.335,5.734;-2.990,6.095;-2.645,6.457;-2.300,6.819;-1.955,7.181;-1.610,7.543;-1.265,7.905",0,1,PASS_THROUGH,-1,0.9261480773006479,0.377156874403905,-0.001559167146227688,0.9,2.6488616104343983,2.880268991946622,0.0,0,0,1,DIRECT_LOCAL,PASS_THROUGH,0,BYPASS_VISIBLE,1,10,5.0,21.0,2.0,5.0,21.0,2.0,1,
124,4.166667,0.033333,-3.245426654815674,5.744643688201904,2.0203707218170166,-0.9074068948450571,-0.09976937621831894,1.1758349961380614,-0.7064819848798095,0.027700277776690735,1.3720320836232716,5.0,21.0,2.0,0.9172173617819328,0.3983851968678033,-0.0012434477844879598,0.9,1.1381608247756958,-0.6758009791374207,0.06131136417388916,-0.07354074716567993,local_avoidance,SAFE_PROGRESSING,NONE,1,0,"-3.291,5.739;-2.946,6.102;-2.602,6.464;-2.258,6.827;-1.914,7.190;-1.569,7.552;-1.225,7.915",0,1,PASS_THROUGH,-1,0.9261480773006479,0.377156874403905,-0.001559167146227688,0.9,2.6258219014833255,2.8633452016462004,0.0,0,0,1,DIRECT_LOCAL,PASS_THROUGH,0,BYPASS_VISIBLE,1,10,5.0,21.0,2.0,5.0,21.0,2.0,1,
125,4.2,0.033333,-3.199786901473999,5.7500996589660645,2.019244432449341,-0.9104183492249986,-0.09054988622665405,1.1889736498989045,-0.7126747362708389,0.025183456007996617,1.3864334914914376,5.0,21.0,2.0,0.9151548789284392,0.4031006916811439,-0.0011747083286077823,0.9,1.15020751953125,-0.6763807535171509,0.06246595084667206,-0.0584951788187027,local_avoidance,SAFE_PROGRESSING,NONE,1,0,"-3.245,5.745;-2.902,6.108;-2.558,6.471;-2.215,6.835;-1.871,7.198;-1.528,7.561;-1.185,7.925",0,1,PASS_THROUGH,-1,0.9261480773006479,0.377156874403905,-0.001559167146227688,0.9,2.6031928879405886,2.846865894299004,0.0,0,0,1,DIRECT_LOCAL,PASS_THROUGH,0,BYPASS_VISIBLE,1,10,5.0,21.0,2.0,5.0,21.0,2.0,1,
126,4.233333,0.033333,-3.153684616088867,5.755547046661377,2.0182244777679443,-0.9131005700227032,-0.08054926246404648,1.2011912848062296,-0.7175373652870642,0.02306249522520103,1.3993756650605136,5.0,21.0,2.0,0.9131886354380845,0.4075356190250766,-0.0011114551619153693,0.9,1.1649630069732666,-0.6761366724967957,0.06341172009706497,-0.041088804602622986,local_avoidance,SAFE_PROGRESSING,NONE,1,0,"-3.200,5.750;-2.857,6.114;-2.514,6.478;-2.172,6.842;-1.829,7.206;-1.486,7.571;-1.144,7.935",1,1,PASS_THROUGH,-1,0.9131891994844421,0.40753587074632286,0.0,0.9,2.5459103332229875,2.830843056488362,0.0,0,0,1,DIRECT_LOCAL,PASS_THROUGH,0,BYPASS_VISIBLE,1,10,5.0,21.0,2.0,5.0,21.0,2.0,1,
127,4.266667,0.033333,-3.107170581817627,5.761017322540283,2.0173158645629883,-0.9154496744006174,-0.06996944546699524,1.21263335501984,-0.7211574046367012,0.022064577207328212,1.411040219673541,5.0,21.0,2.0,0.9113255335850251,0.4116851473736309,-0.0010541669323139834,0.9,1.1803393363952637,-0.6763268113136292,0.06356131285429001,-0.030671101063489914,local_avoidance,SAFE_PROGRESSING,NONE,1,0,"-3.154,5.756;-2.812,6.120;-2.470,6.485;-2.128,6.850;-1.786,7.215;-1.444,7.580;-1.102,7.945",0,1,PASS_THROUGH,-1,0.9131886354380845,0.4075356190250766,-0.0011114551619153693,0.9,2.5257303711778034,2.815282645065485,0.0,0,0,1,DIRECT_LOCAL,PASS_THROUGH,0,BYPASS_VISIBLE,1,10,5.0,21.0,2.0,5.0,21.0,2.0,1,
128,4.3,0.033333,-3.060286283493042,5.766542911529541,2.016514539718628,-0.9174608683196521,-0.059237681329250336,1.2235961519656395,-0.723707072685262,0.022318152661244393,1.4217726858038882,5.0,21.0,2.0,0.9095727247180355,0.4155435622398204,-0.001003160031711177,0.9,1.1928799152374268,-0.67674720287323,0.06311583518981934,-0.026357168331742287,local_avoidance,SAFE_PROGRESSING,NONE,1,0,"-3.107,5.761;-2.799,6.155;-2.491,6.549;-2.183,6.943;-1.875,7.337;-1.568,7.731;-1.260,8.125",0,1,PASS_THROUGH,-1,0.9131886354380845,0.4075356190250766,-0.0011114551619153693,0.9,2.506101658587026,2.800185255277181,0.0,0,0,1,DIRECT_LOCAL,PASS_THROUGH,0,BYPASS_VISIBLE,1,10,5.0,21.0,2.0,5.0,21.0,2.0,1,
129,4.333333,0.033333,-3.013062000274658,5.772158145904541,2.0158114433288574,-0.9191436132025732,-0.04908699542284012,1.2343319103325026,-0.7253877628269442,0.0232094860419707,1.4318873389923161,5.0,21.0,2.0,0.9079310547429573,0.4191184577574596,-0.0009582277127755448,0.9,1.203468680381775,-0.676573634147644,0.06264752149581909,-0.0223546102643013,local_avoidance,SAFE_PROGRESSING,NONE,1,0,"-3.060,5.767;-2.720,6.133;-2.380,6.499;-2.040,6.866;-1.699,7.232;-1.359,7.598;-1.019,7.965",0,1,PASS_THROUGH,-1,0.9131886354380845,0.4075356190250766,-0.0011114551619153693,0.9,2.487041273702235,2.7855453202217704,0.0,0,0,1,DIRECT_LOCAL,PASS_THROUGH,0,BYPASS_VISIBLE,1,10,5.0,21.0,2.0,5.0,21.0,2.0,1,
130,4.366667,0.033333,-2.965519428253174,5.777893543243408,2.015202522277832,-0.9205263127269842,-0.04006269574165344,1.2448771427268883,-0.7263680466060329,0.02398715835051801,1.4414940247464987,5.0,21.0,2.0,0.9063927879875924,0.42243492937859206,-0.0009188715815924324,0.9,1.213365912437439,-0.6751624345779419,0.06273172050714493,-0.014783227816224098,local_avoidance,SAFE_PROGRESSING,NONE,1,0,"-3.013,5.772;-2.707,6.167;-2.401,6.563;-2.095,6.958;-1.789,7.353;-1.482,7.749;-1.176,8.144",0,1,PASS_THROUGH,-1,0.9131886354380845,0.4075356190250766,-0.0011114551619153693,0.9,2.4685589114494237,2.7713578591166566,0.0,0,0,1,DIRECT_LOCAL,PASS_THROUGH,0,BYPASS_VISIBLE,1,10,5.0,21.0,2.0,5.0,21.0,2.0,1,
131,4.4,0.033333,-2.917679786682129,5.783771514892578,2.014693021774292,-0.9216425188954603,-0.032182157039642334,1.2550751076230136,-0.7267284528410832,0.02420263390798455,1.4504942390205475,5.0,21.0,2.0,0.9049471870498652,0.42552297897390345,-0.0008848817496808582,0.9,1.2236599922180176,-0.6730175614356995,0.06328529119491577,-0.005711010191589594,local_avoidance,SAFE_PROGRESSING,NONE,1,0,"-2.966,5.778;-2.660,6.174;-2.355,6.570;-2.050,6.966;-1.745,7.362;-1.439,7.758;-1.134,8.154",0,1,PASS_THROUGH,-1,0.9131886354380845,0.4075356190250766,-0.0011114551619153693,0.9,2.4274779758203353,2.7576245992986417,0.0,0,0,1,DIRECT_LOCAL,PASS_THROUGH,0,BYPASS_VISIBLE,1,10,5.0,21.0,2.0,5.0,21.0,2.0,1,
132,4.433333,0.033333,-2.86957049369812,5.789813041687012,2.0142922401428223,-0.9225164191299536,-0.02513408102095127,1.2647241477949576,-0.7264509966938295,0.024003185361243063,1.45870983184478,5.0,21.0,2.0,0.903586841901205,0.4284041145908913,-0.0008565889336938551,0.9,1.2356935739517212,-0.6693217158317566,0.06423327326774597,0.006342844571918249,local_avoidance,SAFE_PROGRESSING,NONE,1,0,"-2.918,5.784;-2.613,6.181;-2.309,6.577;-2.005,6.974;-1.700,7.371;-1.396,7.767;-1.092,8.164",1,1,PASS_THROUGH,-1,0.9035871734023709,0.42840427176058093,0.0,0.9,2.412003653936869,2.7443484331795642,0.0,0,0,1,DIRECT_LOCAL,PASS_THROUGH,0,BYPASS_VISIBLE,1,10,5.0,21.0,2.0,5.0,21.0,2.0,1,
133,4.466667,0.033333,-2.821221351623535,5.7960309982299805,2.014014720916748,-0.9231613549707574,-0.018445437774062157,1.2737432466439618,-0.7254457223251602,0.024052412755752307,1.4660395195799962,5.0,21.0,2.0,0.9023087286942717,0.4310896213401389,-0.0008345627255135367,0.9,1.247725486755371,-0.6635712385177612,0.06573629379272461,0.022532973438501358,local_avoidance,SAFE_PROGRESSING,NONE,1,0,"-2.870,5.790;-2.566,6.187;-2.263,6.585;-1.959,6.982;-1.656,7.380;-1.353,7.777;-1.049,8.174",0,1,PASS_THROUGH,-1,0.903586841901205,0.4284041145908913,-0.0008565889336938551,0.9,2.397190413248977,2.731539074708324,0.0,0,0,1,DIRECT_LOCAL,PASS_THROUGH,0,BYPASS_VISIBLE,1,10,5.0,21.0,2.0,5.0,21.0,2.0,1,
134,4.5,0.033333,-2.7726657390594482,5.802448272705078,2.0138742923736572,-0.9235737280734778,-0.011528032831847668,1.28221775539174,-0.7235689674444237,0.02467038970632931,1.4724955181659074,5.0,21.0,2.0,0.901116875809927,0.4335754885254938,-0.0008196831314140998,0.9,1.2585127353668213,-0.6575364470481873,0.06727112829685211,0.037597231566905975,local_avoidance,SAFE_PROGRESSING,NONE,1,0,"-2.821,5.796;-2.519,6.194;-2.216,6.592;-1.914,6.990;-1.611,7.389;-1.309,7.787;-1.006,8.185",0,1,PASS_THROUGH,-1,0.903586841901205,0.4284041145908913,-0.0008565889336938551,0.9,2.3830600817426633,2.719195054947038,0.0,0,0,1,DIRECT_LOCAL,PASS_THROUGH,0,BYPASS_VISIBLE,1,10,5.0,21.0,2.0,5.0,21.0,2.0,1,
135,4.533333,0.033333,-2.723937511444092,5.809092998504639,2.0138800144195557,-0.9237353427970006,-0.0040460810996592045,1.2902943339580153,-0.7206776421446361,0.025700186708328566,1.478139449351161,5.0,21.0,2.0,0.9000217993507599,0.4358441235787144,-0.0008127947605856934,0.9,1.2683640718460083,-0.651779294013977,0.06855429708957672,0.050563205033540726,local_avoidance,SAFE_PROGRESSING,NONE,1,0,"-2.773,5.802;-2.471,6.201;-2.170,6.600;-1.868,6.999;-1.567,7.398;-1.265,7.797;-0.964,8.196",0,1,PASS_THROUGH,-1,0.903586841901205,0.4284041145908913,-0.0008565889336938551,0.9,2.3696228162912663,2.7073077500471805,0.0,0,0,1,DIRECT_LOCAL,PASS_THROUGH,0,BYPASS_VISIBLE,1,10,5.0,21.0,2.0,5.0,21.0,2.0,1,
136,4.566667,0.033333,-2.6750688552856445,5.816002368927002,2.0140326023101807,-0.9236310730271908,0.003960490692406893,1.298073680960136,-0.7167214773514919,0.026909581177064622,1.4830404859131217,5.0,21.0,2.0,0.8990327846996212,0.4378805643963552,-0.0008144686448718013,0.9,1.278836965560913,-0.6461800336837769,0.0693715512752533,0.06165970861911774,local_avoidance,SAFE_PROGRESSING,NONE,1,0,"-2.724,5.809;-2.423,6.209;-2.123,6.608;-1.822,7.008;-1.522,7.407;-1.221,7.807;-0.921,8.207",0,1,PASS_THROUGH,-1,0.903586841901205,0.4284041145908913,-0.0008565889336938551,0.9,2.3568808518519107,2.6958572855849834,0.0,0,0,1,DIRECT_LOCAL,PASS_THROUGH,0,BYPASS_VISIBLE,1,10,5.0,21.0,2.0,5.0,21.0,2.0,1,
137,4.6,0.033333,-2.6260902881622314,5.8232102394104,2.0143239498138428,-0.9232560265741865,0.012284490279853344,1.3056045933287819,-0.7117793040130369,0.028317428976858655,1.4872911646770302,5.0,21.0,2.0,0.8981546599311566,0.4396788902883945,-0.0008247901031618322,0.9,1.289170265197754,-0.6406959891319275,0.06984085589647293,0.07106508314609528,local_avoidance,SAFE_PROGRESSING,NONE,1,0,"-2.675,5.816;-2.375,6.216;-2.076,6.617;-1.776,7.017;-1.477,7.417;-1.177,7.817;-0.877,8.218",0,1,PASS_THROUGH,-1,0.903586841901205,0.4284041145908913,-0.0008565889336938551,0.9,2.2948731377639913,2.6848249561613597,0.0,0,0,1,DIRECT_LOCAL,PASS_THROUGH,0,BYPASS_VISIBLE,1,10,5.0,21.0,2.0,5.0,21.0,2.0,1,
138,4.633333,0.033333,-2.577028512954712,5.830749988555908,2.014744758605957,-0.9226132583519926,0.020645609125494957,1.3129199243722993,-0.7060300747661338,0.030057413791208548,1.4910200006746561,5.0,21.0,2.0,0.897388539419975,0.4412404085287156,-0.0008433262099984922,0.9,1.2989813089370728,-0.6347537040710449,0.07038166373968124,0.08216343820095062,local_avoidance,SAFE_PROGRESSING,NONE,1,0,"-2.626,5.823;-2.327,6.224;-2.029,6.625;-1.730,7.026;-1.431,7.427;-1.133,7.828;-0.834,8.229",1,1,PASS_THROUGH,-1,0.8973888585311043,0.44124056543368906,0.0,0.9,2.2771154121715234,2.674190405353361,0.0,0,0,1,DIRECT_LOCAL,PASS_THROUGH,0,BYPASS_VISIBLE,1,10,5.0,21.0,2.0,5.0,21.0,2.0,1,
139,4.666667,0.033333,-2.5279059410095215,5.838650226593018,2.0152885913848877,-0.921709339616702,0.028893975540995598,1.3200332488837399,-0.6996852893401592,0.03215597840308513,1.4943497881100807,5.0,21.0,2.0,0.8967336973384721,0.4425696780201704,-0.0008695716165822052,0.9,1.3093044757843018,-0.6280809640884399,0.07110384106636047,0.0953415110707283,local_avoidance,SAFE_PROGRESSING,NONE,1,0,"-2.577,5.831;-2.315,6.257;-2.054,6.683;-1.792,7.109;-1.531,7.535;-1.269,7.961;-1.008,8.388",0,1,PASS_THROUGH,-1,0.897388539419975,0.4412404085287156,-0.0008433262099984922,0.9,2.259961053684536,2.6639362066207832,0.0,0,0,1,DIRECT_LOCAL,PASS_THROUGH,0,BYPASS_VISIBLE,1,10,5.0,21.0,2.0,5.0,21.0,2.0,1,
140,4.7,0.033333,-2.4787404537200928,5.846933364868164,2.015953302383423,-0.9205452195506223,0.03713556006550789,1.3269558582488592,-0.6929152371232598,0.034532016166801446,1.4973763173361245,5.0,21.0,2.0,0.8961915415716966,0.44366643446198295,-0.0009031872104275731,0.9,1.3180618286132812,-0.6216337084770203,0.07198938727378845,0.10706859827041626,local_avoidance,SAFE_PROGRESSING,NONE,1,0,"-2.528,5.839;-2.267,6.265;-2.007,6.692;-1.746,7.119;-1.486,7.546;-1.225,7.972;-0.965,8.399",0,1,PASS_THROUGH,-1,0.897388539419975,0.4412404085287156,-0.0008433262099984922,0.9,2.243408282189715,2.6540496610918547,0.0,0,0,1,DIRECT_LOCAL,PASS_THROUGH,0,BYPASS_VISIBLE,1,10,5.0,21.0,2.0,5.0,21.0,2.0,1,
141,4.733333,0.033333,-2.4295482635498047,5.855619430541992,2.016737461090088,-0.9191147942016562,0.045373909175395966,1.33368438879686,-0.6858177344916384,0.036837696046321734,1.5001390034639117,5.0,21.0,2.0,0.8957662606886762,0.44452436931311895,-0.000944086119228529,0.9,1.3243545293807983,-0.6159662008285522,0.07305025309324265,0.11622709035873413,local_avoidance,SAFE_PROGRESSING,NONE,1,0,"-2.479,5.847;-2.219,6.274;-1.960,6.702;-1.700,7.129;-1.441,7.556;-1.181,7.984;-0.922,8.411",0,1,PASS_THROUGH,-1,0.897388539419975,0.4412404085287156,-0.0008433262099984922,0.9,2.2274588401905895,2.6445194013495725,0.0,0,0,1,DIRECT_LOCAL,PASS_THROUGH,0,BYPASS_VISIBLE,1,10,5.0,21.0,2.0,5.0,21.0,2.0,1,
142,4.766667,0.033333,-2.380345582962036,5.864722728729248,2.0176405906677246,-0.9174190536630354,0.05335991829633713,1.3401307839804626,-0.678459378983194,0.03863359614428859,1.5025811797880972,5.0,21.0,2.0,0.8954586575443062,0.44514358146611605,-0.0009922240011172186,0.9,1.330478310585022,-0.6108641624450684,0.07411316782236099,0.12391501665115356,local_avoidance,SAFE_PROGRESSING,NONE,1,0,"-2.430,5.856;-2.171,6.284;-1.913,6.712;-1.654,7.140;-1.396,7.568;-1.137,7.996;-0.879,8.424",0,1,PASS_THROUGH,-1,0.897388539419975,0.4412404085287156,-0.0008433262099984922,0.9,2.212115122517037,2.635338875441708,0.0,0,0,1,DIRECT_LOCAL,PASS_THROUGH,0,BYPASS_VISIBLE,1,10,5.0,21.0,2.0,5.0,21.0,2.0,1,
143,4.8,0.033333,-2.331150770187378,5.874256610870361,2.0186607837677,-0.9154715233747635,0.06088609620928764,1.3461377714363092,-0.6709229973590802,0.04004143862778875,1.5046022347717647,5.0,21.0,2.0,0.8952636946265301,0.445535430229618,-0.0010476133659815098,0.9,1.3388605117797852,-0.6047389507293701,0.0753050446510315,0.13496150076389313,local_avoidance,SAFE_PROGRESSING,NONE,1,0,"-2.380,5.865;-2.123,6.293;-1.865,6.722;-1.608,7.151;-1.350,7.579;-1.093,8.008;-0.835,8.436",0,1,PASS_THROUGH,-1,0.897388539419975,0.4412404085287156,-0.0008433262099984922,0.9,2.1973838626700313,2.6265015514362746,0.0,0,0,1,DIRECT_LOCAL,PASS_THROUGH,0,BYPASS_VISIBLE,1,10,5.0,21.0,2.0,5.0,21.0,2.0,1,
144,4.833333,0.033333,-2.2819836139678955,5.884225845336914,2.0197973251342773,-0.9132873446420731,0.0681379958987236,1.3516259082392141,-0.6632903587807063,0.04161077493151208,1.506179986743058,5.0,21.0,2.0,0.89517545790769,0.44571253858823723,-0.0011101824112061981,0.9,1.3458364009857178,-0.5992211103439331,0.07644475251436234,0.14145371317863464,local_avoidance,SAFE_PROGRESSING,NONE,1,0,"-2.331,5.874;-2.075,6.303;-1.818,6.733;-1.562,7.162;-1.305,7.591;-1.049,8.020;-0.792,8.450",1,1,PASS_THROUGH,-1,0.8951760095623079,0.4457128132599542,0.0,0.9,2.1832716040110105,2.618008410867191,0.0,0,0,1,DIRECT_LOCAL,PASS_THROUGH,0,BYPASS_VISIBLE,1,10,5.0,21.0,2.0,5.0,21.0,2.0,1,
145,4.866667,0.033333,-2.2328622341156006,5.894632339477539,2.021048069000244,-0.9108718208860724,0.0750730037689209,1.3566526028079378,-0.6556059535826888,0.04356560246040059,1.507389602191934,5.0,21.0,2.0,0.895192185302051,0.44567876227064157,-0.0011799301026026055,0.9,1.3541370630264282,-0.5932220816612244,0.07731807231903076,0.14679685235023499,local_avoidance,SAFE_PROGRESSING,NONE,1,0,"-2.282,5.884;-2.027,6.314;-1.771,6.744;-1.516,7.174;-1.260,7.604;-1.005,8.033;-0.749,8.463",0,1,PASS_THROUGH,-1,0.89517545790769,0.44571253858823723,-0.0011101824112061981,0.9,2.169792009240202,2.60986227023056,0.0,0,0,1,DIRECT_LOCAL,PASS_THROUGH,0,BYPASS_VISIBLE,1,10,5.0,21.0,2.0,5.0,21.0,2.0,1,
146,4.9,0.033333,-2.183802843093872,5.9054789543151855,2.0224082469940186,-0.908237290447776,0.08152100443840027,1.3613580213908634,-0.6478902256605307,0.046174019735419125,1.508373112664843,5.0,21.0,2.0,0.8953087624320724,0.445444318001898,-0.0012567705339507195,0.9,1.361480712890625,-0.5865436792373657,0.07849473506212234,0.15419599413871765,local_avoidance,SAFE_PROGRESSING,NONE,1,0,"-2.233,5.895;-1.978,6.325;-1.724,6.755;-1.470,7.186;-1.215,7.616;-0.961,8.047;-0.706,8.477",0,1,PASS_THROUGH,-1,0.89517545790769,0.44571253858823723,-0.0011101824112061981,0.9,2.1569598748861085,2.6020641052113236,0.0,0,0,1,DIRECT_LOCAL,PASS_THROUGH,0,BYPASS_VISIBLE,1,10,5.0,21.0,2.0,5.0,21.0,2.0,1,
147,4.933333,0.033333,-2.134815216064453,5.916772365570068,2.0238778591156006,-0.9053972423834588,0.08749495446681976,1.3659145673913107,-0.6401277420207279,0.04934650748911039,1.5092783736997357,5.0,21.0,2.0,0.8955194036127165,0.445020449998966,-0.0013404610558693127,0.9,1.3691880702972412,-0.5799228549003601,0.07982426136732101,0.16063395142555237,local_avoidance,SAFE_PROGRESSING,NONE,1,0,"-2.184,5.905;-1.930,6.337;-1.677,6.768;-1.424,7.199;-1.170,7.630;-0.917,8.061;-0.663,8.492",0,1,PASS_THROUGH,-1,0.89517545790769,0.44571253858823723,-0.0011101824112061981,0.9,2.1447874364575905,2.594610737288833,0.0,0,0,1,DIRECT_LOCAL,PASS_THROUGH,0,BYPASS_VISIBLE,1,10,5.0,21.0,2.0,5.0,21.0,2.0,1,
148,4.966667,0.033333,-2.085906982421875,5.928522109985352,2.0254552364349365,-0.9023631807361198,0.09307403117418289,1.3704617532582126,-0.6322746040245232,0.052773648554481044,1.510205830348861,5.0,21.0,2.0,0.895818993611948,0.4444167895080861,-0.0014310441650368752,0.9,1.375386118888855,-0.5752145051956177,0.0810408666729927,0.1592082530260086,local_avoidance,SAFE_PROGRESSING,NONE,1,0,"-2.135,5.917;-1.921,6.369;-1.707,6.821;-1.493,7.273;-1.280,7.725;-1.066,8.177;-0.852,8.629",0,1,PASS_THROUGH,-1,0.89517545790769,0.44571253858823723,-0.0011101824112061981,0.9,2.1332816780628607,2.5874958870483002,0.0,0,0,0,DIRECT_LOCAL,PASS_THROUGH,0,BYPASS_VISIBLE,1,10,5.0,21.0,2.0,5.0,21.0,2.0,1,
149,5.0,0.033333,-2.037083625793457,5.940739154815674,2.0271377563476562,-0.8991533077601895,0.09790217876434326,1.3750678435484576,-0.6243229440346616,0.056311919890602,1.5112120119727999,5.0,21.0,2.0,0.8961993419037442,0.4436489641264469,-0.0015284635509360616,0.9,1.3823497295379639,-0.5683854818344116,0.0828961580991745,0.166420578956604,local_avoidance,SAFE_PROGRESSING,NONE,1,0,"-2.086,5.929;-1.873,6.381;-1.660,6.833;-1.448,7.286;-1.235,7.738;-1.022,8.191;-0.809,8.643",0,1,PASS_THROUGH,-1,0.89517545790769,0.44571253858823723,-0.0011101824112061981,0.9,2.1217817392954568,2.5807118030651846,0.0,0,0,0,DIRECT_LOCAL,PASS_THROUGH,0,BYPASS_VISIBLE,1,10,5.0,21.0,2.0,5.0,21.0,2.0,1,
150,5.033333,0.033333,-1.9883499145507812,5.953433513641357,2.028930425643921,-0.8957992238149425,0.10207252949476242,1.3797138973958287,-0.6163265474721075,0.05997007578504806,1.5123046193726117,5.0,21.0,2.0,0.8966462489543943,0.4427446655049121,-0.0016326061857747688,0.9,1.3885881900787354,-0.5603596568107605,0.08543747663497925,0.1811455637216568,local_avoidance,SAFE_PROGRESSING,NONE,1,0,"-2.037,5.941;-1.825,6.394;-1.614,6.847;-1.402,7.300;-1.190,7.753;-0.979,8.206;-0.767,8.659",1,1,PASS_THROUGH,-1,0.8966474439185652,0.4427452555525621,0.0,0.9,2.1093003924880747,2.5742516404247056,0.0,0,0,0,DIRECT_LOCAL,PASS_THROUGH,0,BYPASS_VISIBLE,1,10,5.0,21.0,2.0,5.0,21.0,2.0,1,
151,5.066667,0.033333,-1.939711093902588,5.966611862182617,2.0308384895324707,-0.8923076742977178,0.10634303092956543,1.3843438808679258,-0.6083032297899282,0.06334999306935406,1.513424600530603,5.0,21.0,2.0,0.8971565061545921,0.44170936435626734,-0.0017438189319984088,0.9,1.3953821659088135,-0.5538375377655029,0.08742067962884903,0.19234636425971985,local_avoidance,SAFE_PROGRESSING,NONE,1,0,"-1.988,5.953;-1.778,6.407;-1.567,6.860;-1.357,7.314;-1.146,7.767;-0.935,8.221;-0.725,8.674",0,1,PASS_THROUGH,-1,0.8966462489543943,0.4427446655049121,-0.0016326061857747688,0.9,2.097472708942389,2.5681117110899927,0.0,0,0,0,DIRECT_LOCAL,PASS_THROUGH,0,BYPASS_VISIBLE,1,10,5.0,21.0,2.0,5.0,21.0,2.0,1,
152,5.1,0.033333,-1.891174077987671,5.980281352996826,2.032855272293091,-0.8886616415360784,0.11118471622467041,1.388906765075994,-0.6002444866385862,0.06625244579194871,1.514511417054126,5.0,21.0,2.0,0.8977373143626868,0.4405272359569881,-0.001862466366498393,0.9,1.401050090789795,-0.5487024188041687,0.08871638029813766,0.19960279762744904,local_avoidance,SAFE_PROGRESSING,NONE,1,0,"-1.940,5.967;-1.730,6.421;-1.521,6.875;-1.311,7.329;-1.101,7.782;-0.892,8.236;-0.682,8.690",0,1,PASS_THROUGH,-1,0.8966462489543943,0.4427446655049121,-0.0016326061857747688,0.9,2.086305293001566,2.5622874662530255,0.0,0,0,0,DIRECT_LOCAL,PASS_THROUGH,0,BYPASS_VISIBLE,1,10,5.0,21.0,2.0,5.0,21.0,2.0,1,
153,5.133333,0.033333,-1.8427470922470093,5.994449138641357,2.034963846206665,-0.8848471296945601,0.11643986403942108,1.3933745895104594,-0.5922048849441066,0.06871960658024247,1.5155598822790364,5.0,21.0,2.0,0.8983944449198693,0.43918500477113726,-0.001988195487375826,0.9,1.4065927267074585,-0.543639600276947,0.08963722735643387,0.20691262185573578,local_avoidance,SAFE_PROGRESSING,NONE,1,0,"-1.891,5.980;-1.683,6.435;-1.474,6.889;-1.266,7.344;-1.057,7.798;-0.849,8.253;-0.640,8.707",0,1,PASS_THROUGH,-1,0.8966462489543943,0.4427446655049121,-0.0016326061857747688,0.9,2.075803688034039,2.556773917615243,0.0,0,0,0,DIRECT_LOCAL,PASS_THROUGH,0,BYPASS_VISIBLE,1,10,5.0,21.0,2.0,5.0,21.0,2.0,1,
154,5.166667,0.033333,-1.7944358587265015,6.009115695953369,2.037149667739868,-0.8808613888121196,0.12184327840805054,1.3977168623510898,-0.5843144510296728,0.07092581641413857,1.5165969393404086,5.0,21.0,2.0,0.899128622090317,0.4376793648456752,-0.0021200297766925964,0.9,1.4122079610824585,-0.5383331179618835,0.09043551981449127,0.21512004733085632,local_avoidance,SAFE_PROGRESSING,NONE,1,0,"-1.843,5.994;-1.635,6.449;-1.428,6.904;-1.220,7.359;-1.013,7.814;-0.805,8.269;-0.598,8.724",0,1,PASS_THROUGH,-1,0.8966462489543943,0.4427446655049121,-0.0016326061857747688,0.9,2.0659726792492514,2.5515728484486173,0.0,0,0,0,DIRECT_LOCAL,PASS_THROUGH,0,BYPASS_VISIBLE,1,10,5.0,21.0,2.0,5.0,21.0,2.0,1,
155,5.2,0.033333,-1.7462449073791504,6.024280071258545,2.039400815963745,-0.8767033299372944,0.12731285393238068,1.401916270398232,-0.5767125146012084,0.07301124465679644,1.5176617526811673,5.0,21.0,2.0,0.8999396060604036,0.43600872790375694,-0.0022571299460886294,0.9,1.4176768064498901,-0.5330478549003601,0.0911797508597374,0.22332192957401276,direct,SAFE_PROGRESSING,NONE,1,0,"-1.794,6.009;-1.588,6.465;-1.382,6.920;-1.175,7.375;-0.969,7.831;-0.762,8.286;-0.556,8.742",0,1,PASS_THROUGH,-1,0.8966462489543943,0.4427446655049121,-0.0016326061857747688,0.9,2.056823223519407,2.5466875152264543,0.0,0,0,0,DIRECT_LOCAL,PASS_THROUGH,0,BYPASS_VISIBLE,1,10,5.0,21.0,2.0,5.0,21.0,2.0,1,
156,5.233333,0.033333,-1.6981762647628784,6.039937496185303,2.0417089462280273,-0.872368551545454,0.13282077014446259,1.4059771129512035,-0.569487438637723,0.07500646162449813,1.5187868692460385,5.0,21.0,2.0,0.9008284532933084,0.4341685657062009,-0.002398810081255141,0.9,1.4229612350463867,-0.5279868245124817,0.09186847507953644,0.23088598251342773,direct,SAFE_PROGRESSING,NONE,1,0,"-1.746,6.024;-1.541,6.480;-1.336,6.936;-1.130,7.392;-0.925,7.848;-0.719,8.304;-0.514,8.760",1,1,PASS_THROUGH,-1,0.9008310451184869,0.4341698148774678,0.0,0.9,2.0483672488090092,2.542125339599261,0.0,0,0,0,DIRECT_LOCAL,PASS_THROUGH,0,BYPASS_VISIBLE,1,10,5.0,21.0,2.0,5.0,21.0,2.0,1,
157,5.266667,0.033333,-1.6502306461334229,6.056082725524902,2.0440685749053955,-0.8678525349769974,0.13830846548080444,1.4099186050009294,-0.5626658648238586,0.07689017067823872,1.5199919231735004,5.0,21.0,2.0,0.9017960430660454,0.43215439571610137,-0.0025445969572099637,0.9,1.4281922578811646,-0.523178219795227,0.09250662475824356,0.23772594332695007,direct,SAFE_PROGRESSING,NONE,1,0,"-1.698,6.040;-1.494,6.496;-1.290,6.953;-1.085,7.409;-0.881,7.865;-0.677,8.322;-0.472,8.778",0,1,PASS_THROUGH,-1,0.9008284532933084,0.4341685657062009,-0.002398810081255141,0.9,2.040620300280778,2.5378945016162744,0.0,0,0,0,DIRECT_LOCAL,PASS_THROUGH,0,BYPASS_VISIBLE,1,10,5.0,21.0,2.0,5.0,21.0,2.0,1,
158,5.3,0.033333,-1.602408766746521,6.0727105140686035,2.0464742183685303,-0.8631546670513984,0.14369602501392365,1.4137648605171402,-0.5562322287976662,0.07866410779312519,1.521286762921822,5.0,21.0,2.0,0.9028414048602358,0.42996527652498256,-0.002694188707469697,0.9,1.4334867000579834,-0.5185967683792114,0.09310954064130783,0.2438874989748001,direct,SAFE_PROGRESSING,NONE,1,0,"-1.650,6.056;-1.447,6.513;-1.244,6.970;-1.040,7.427;-0.837,7.883;-0.634,8.340;-0.431,8.797",0,1,PASS_THROUGH,-1,0.9008284532933084,0.4341685657062009,-0.002398810081255141,0.9,2.0335981986963665,2.534003215193963,0.0,0,0,0,DIRECT_LOCAL,PASS_THROUGH,0,BYPASS_VISIBLE,1,10,5.0,21.0,2.0,5.0,21.0,2.0,1,
159,5.333333,0.033333,-1.5547107458114624,6.089818477630615,2.0489211082458496,-0.8582787224766071,0.14890636503696442,1.4175431852559837,-0.5501548217001424,0.08037066526630099,1.522681336899137,5.0,21.0,2.0,0.9039615873798048,0.42760418792535715,-0.002847281243516735,0.9,1.4388585090637207,-0.514245331287384,0.09368930757045746,0.2493053376674652,direct,SAFE_PROGRESSING,NONE,1,0,"-1.602,6.073;-1.400,6.530;-1.198,6.987;-0.996,7.445;-0.793,7.902;-0.591,8.359;-0.389,8.816",0,1,PASS_THROUGH,-1,0.9008284532933084,0.4341685657062009,-0.002398810081255141,0.9,2.0273163599350297,2.530457129937133,0.0,0,0,0,DIRECT_LOCAL,PASS_THROUGH,0,BYPASS_VISIBLE,1,10,5.0,21.0,2.0,5.0,21.0,2.0,1,
160,5.366667,0.033333,-1.5071368217468262,6.10740327835083,2.0514049530029297,-0.8532314802795621,0.15386809408664703,1.4212873691071217,-0.5444023038879685,0.08206241355962057,1.5241935224180692,5.0,21.0,2.0,0.9051523166140854,0.42507677193592314,-0.0030036126064518676,0.9,1.4442516565322876,-0.5101574063301086,0.0942511186003685,0.25382280349731445,direct,SAFE_PROGRESSING,NONE,1,0,"-1.555,6.090;-1.353,6.548;-1.152,7.005;-0.951,7.463;-0.750,7.921;-0.549,8.378;-0.347,8.836",0,1,PASS_THROUGH,-1,0.9008284532933084,0.4341685657062009,-0.002398810081255141,0.9,2.021787092142246,2.527262864234932,0.0,0,0,0,DIRECT_LOCAL,PASS_THROUGH,0,BYPASS_VISIBLE,1,10,5.0,21.0,2.0,5.0,21.0,2.0,1,
161,5.4,0.033333,-1.4596866369247437,6.125463008880615,2.053922414779663,-0.8480234787841461,0.15850652754306793,1.4250345025074298,-0.5389536463979039,0.08376632094114035,1.525847686640514,5.0,21.0,2.0,0.9064076997014595,0.4223920899842562,-0.0031629480932602893,0.9,1.4495986700057983,-0.5063524842262268,0.09480008482933044,0.25735002756118774,direct,SAFE_PROGRESSING,NONE,1,0,"-1.507,6.107;-1.307,6.566;-1.107,7.024;-0.907,7.482;-0.706,7.940;-0.506,8.398;-0.306,8.856",0,1,PASS_THROUGH,-1,0.9008284532933084,0.4341685657062009,-0.002398810081255141,0.9,2.0170231662688565,2.5244259181027373,0.0,0,0,0,DIRECT_LOCAL,PASS_THROUGH,0,BYPASS_VISIBLE,1,10,5.0,21.0,2.0,5.0,21.0,2.0,1,
162,5.433333,0.033333,-1.4123588800430298,6.1439971923828125,2.0564699172973633,-0.8426677785578125,0.16274204850196838,1.428818257906869,-0.5337997322114404,0.08546914179580739,1.5276677460875898,5.0,21.0,2.0,0.9077208159440346,0.41956151389628316,-0.003325110367335961,0.9,1.454850196838379,-0.5028240084648132,0.09534439444541931,0.259895384311676,direct,SAFE_PROGRESSING,NONE,1,0,"-1.460,6.125;-1.261,6.584;-1.061,7.043;-0.862,7.501;-0.663,7.960;-0.464,8.419;-0.265,8.877",1,1,PASS_THROUGH,-1,0.907725834029232,0.41956383332686714,0.0,0.9,2.0130356422110554,2.5219508630927665,0.0,0,0,0,DIRECT_LOCAL,PASS_THROUGH,0,BYPASS_VISIBLE,1,10,5.0,21.0,2.0,5.0,21.0,2.0,1,
163,5.466667,0.033333,-1.3651517629623413,6.163003921508789,2.0590436458587646,-0.8371798620625123,0.16649891436100006,1.4326633163181879,-0.528939388749162,0.08712674540811477,1.5296705935133799,5.0,21.0,2.0,0.9090838031444872,0.4165986790822769,-0.0034899064825947962,0.9,1.4599835872650146,-0.4995405375957489,0.09589460492134094,0.26155656576156616,direct,SAFE_PROGRESSING,NONE,1,0,"-1.412,6.144;-1.214,6.603;-1.016,7.062;-0.818,7.521;-0.620,7.980;-0.422,8.439;-0.223,8.898",0,1,PASS_THROUGH,-1,0.9077208159440346,0.41956151389628316,-0.003325110367335961,0.9,2.0098340480011236,2.51984397329969,0.0,0,0,0,DIRECT_LOCAL,PASS_THROUGH,0,BYPASS_VISIBLE,1,10,5.0,21.0,2.0,5.0,21.0,2.0,1,
164,5.5,0.033333,-1.3180627822875977,6.18248176574707,2.061640977859497,-0.8315773285989183,0.1697181612253189,1.4365801991417586,-0.5243746043442618,0.08868571232480989,1.5318604864079284,5.0,21.0,2.0,0.9104880212728421,0.41351927227140245,-0.003657127123091782,0.9,1.4650001525878906,-0.4964563846588135,0.09645982831716537,0.26247847080230713,direct,SAFE_PROGRESSING,NONE,1,0,"-1.365,6.163;-1.168,6.623;-0.971,7.082;-0.774,7.542;-0.577,8.001;-0.380,8.461;-0.182,8.920",0,1,PASS_THROUGH,-1,0.9077208159440346,0.41956151389628316,-0.003325110367335961,0.9,2.007429029384302,2.518111519380787,0.0,0,0,0,DIRECT_LOCAL,PASS_THROUGH,0,BYPASS_VISIBLE,1,10,5.0,21.0,2.0,5.0,21.0,2.0,1,
165,5.533333,0.033333,-1.2710886001586914,6.202427387237549,2.0642595291137695,-0.8258786845819045,0.17236775159835815,1.4405661910013778,-0.5201023945621253,0.0901046385663761,1.5342282416174757,5.0,21.0,2.0,0.9119246160478556,0.4103399219016269,-0.00382663556381516,0.9,1.4699065685272217,-0.493536114692688,0.09704332053661346,0.2627764344215393,direct,SAFE_PROGRESSING,NONE,1,0,"-1.318,6.182;-1.122,6.642;-0.926,7.102;-0.730,7.562;-0.534,8.022;-0.338,8.482;-0.141,8.942",0,1,PASS_THROUGH,-1,0.9077208159440346,0.41956151389628316,-0.003325110367335961,0.9,2.0058306124744822,2.5167620841508516,0.0,0,0,0,DIRECT_LOCAL,PASS_THROUGH,0,BYPASS_VISIBLE,1,10,5.0,21.0,2.0,5.0,21.0,2.0,1,
166,5.566667,0.033333,-1.2242265939712524,6.22283935546875,2.066896677017212,-0.8201023416987528,0.17444446682929993,1.4446096669530535,-0.5161100979575769,0.09136511125515888,1.5367544718082518,5.0,21.0,2.0,0.9133849346622659,0.40707735709587306,-0.003998308623346951,0.9,1.4747116565704346,-0.4907565116882324,0.09764143079519272,0.2625240087509155,direct,SAFE_PROGRESSING,NONE,1,0,"-1.271,6.202;-1.076,6.663;-0.881,7.123;-0.686,7.584;-0.491,8.044;-0.296,8.504;-0.100,8.965",0,1,PASS_THROUGH,-1,0.9077208159440346,0.41956151389628316,-0.003325110367335961,0.9,2.0050505051575684,2.515802438466033,0.0,0,0,0,DIRECT_LOCAL,PASS_THROUGH,0,BYPASS_VISIBLE,1,10,5.0,21.0,2.0,5.0,21.0,2.0,1,
167,5.6,0.033333,-1.1774741411209106,6.243712425231934,2.0695512294769287,-0.814266556583607,0.17596811056137085,1.4486973615382217,-0.5123756164964395,0.09247218597731736,1.539416747631172,5.0,21.0,2.0,0.9148606404668939,0.4037481924120337,-0.00417200773253817,0.9,1.479424238204956,-0.48810723423957825,0.09824563562870026,0.26175418496131897,local_avoidance,SAFE_PROGRESSING,NONE,1,0,"-1.224,6.223;-1.030,6.684;-0.836,7.144;-0.642,7.605;-0.448,8.066;-0.254,8.527;-0.060,8.988",0,1,PASS_THROUGH,-1,0.9077208159440346,0.41956151389628316,-0.003325110367335961,0.9,1.997595010085171,2.5152430532958507,0.0,0,0,0,DIRECT_LOCAL,PASS_THROUGH,0,BYPASS_VISIBLE,1,10,5.0,21.0,2.0,5.0,21.0,2.0,1,
168,5.633333,0.033333,-1.1308296918869019,6.265042781829834,2.072221517562866,-0.8083887953965511,0.176972433924675,1.4528167411428927,-0.508869774336818,0.09344746023076321,1.5421923869615746,5.0,21.0,2.0,0.9163439050116795,0.40036851201249885,-0.004347681778074479,0.9,1.4840471744537354,-0.48558634519577026,0.09884577244520187,0.26047444343566895,local_avoidance,SAFE_PROGRESSING,NONE,1,0,"-1.177,6.244;-0.984,6.705;-0.791,7.166;-0.598,7.627;-0.405,8.089;-0.212,8.550;-0.019,9.011",1,1,PASS_THROUGH,-1,0.9163525656550382,0.4003722960163817,0.0,0.9,1.9904065355600993,2.5150927442148427,0.0,0,0,0,DIRECT_LOCAL,PASS_THROUGH,0,BYPASS_VISIBLE,1,10,5.0,21.0,2.0,5.0,21.0,2.0,1,
169,5.666667,0.033333,-1.084291696548462,6.286826133728027,2.074906826019287,-0.8024851542662963,0.1774960160255432,1.4569603505556596,-0.5055612334931436,0.09431856336531708,1.5450636282359624,5.0,21.0,2.0,0.9178277126243376,0.3969531610333238,-0.0045252496537085745,0.9,1.488584041595459,-0.4831874966621399,0.09943347424268723,0.25870829820632935,local_avoidance,SAFE_PROGRESSING,NONE,1,0,"-1.131,6.265;-0.939,6.727;-0.747,7.188;-0.555,7.650;-0.363,8.112;-0.170,8.573;0.022,9.035",0,1,PASS_THROUGH,-1,0.9163439050116795,0.40036851201249885,-0.004347681778074479,0.9,1.984045257745065,2.515360802357245,0.0,0,0,0,DIRECT_LOCAL,PASS_THROUGH,0,BYPASS_VISIBLE,1,10,5.0,21.0,2.0,5.0,21.0,2.0,1,
170,5.7,0.033333,-1.0378589630126953,6.309057235717773,2.0776054859161377,-0.7965708641810618,0.17757683992385864,1.4611244320882408,-0.5024204657698251,0.09510997605274794,1.5480170664480113,5.0,21.0,2.0,0.919305601399572,0.3935162984339122,-0.004704689388608407,0.9,1.4930307865142822,-0.4809047281742096,0.10000331699848175,0.2564862072467804,local_avoidance,SAFE_PROGRESSING,NONE,1,0,"-1.084,6.287;-0.893,6.749;-0.702,7.211;-0.511,7.673;-0.320,8.135;-0.129,8.597;0.062,9.059",0,1,PASS_THROUGH,-1,0.9163439050116795,0.40036851201249885,-0.004347681778074479,0.9,1.9785308694188162,2.516057221819195,0.0,0,0,0,DIRECT_LOCAL,PASS_THROUGH,0,BYPASS_VISIBLE,1,10,5.0,21.0,2.0,5.0,21.0,2.0,1,
171,5.733333,0.033333,-0.9915313720703125,6.331733226776123,2.0803167819976807,-0.7906603818209562,0.17724980413913727,1.4653080852950204,-0.499423297865808,0.09583694467685071,1.5510435632976631,5.0,21.0,2.0,0.9207716218919212,0.3900714653988309,-0.00488591855534899,0.9,1.4973857402801514,-0.4787259101867676,0.10055295377969742,0.2538595497608185,local_avoidance,SAFE_PROGRESSING,NONE,1,0,"-1.038,6.309;-0.848,6.772;-0.658,7.234;-0.468,7.696;-0.278,8.159;-0.088,8.621;0.103,9.084",0,1,PASS_THROUGH,-1,0.9163439050116795,0.40036851201249885,-0.004347681778074479,0.9,1.9738832584335986,2.5171893293183802,0.0,0,0,0,DIRECT_LOCAL,PASS_THROUGH,0,BYPASS_VISIBLE,1,10,5.0,21.0,2.0,5.0,21.0,2.0,1,
172,5.766667,0.033333,-0.945308268070221,6.354848861694336,2.0830395221710205,-0.7847672296186458,0.17654743790626526,1.4695102749449667,-0.4965514162484763,0.09650467447789297,1.5541354218160277,5.0,21.0,2.0,0.9222204345984358,0.38663131806982165,-0.005068914742296587,0.9,1.5016478300094604,-0.4766363203525543,0.10108216106891632,0.2508912980556488,local_avoidance,SAFE_PROGRESSING,NONE,1,0,"-0.992,6.332;-0.802,6.795;-0.613,7.257;-0.424,7.720;-0.235,8.183;-0.046,8.646;0.143,9.109",0,1,PASS_THROUGH,-1,0.9163439050116795,0.40036851201249885,-0.004347681778074479,0.9,1.9701189604091205,2.518766731535348,0.0,0,0,0,DIRECT_LOCAL,PASS_THROUGH,0,BYPASS_VISIBLE,1,10,5.0,21.0,2.0,5.0,21.0,2.0,1,
173,5.8,0.033333,-0.8991890549659729,6.3784003257751465,2.08577299118042,-0.7789036583629488,0.17550167441368103,1.4737281664196573,-0.4937918604923865,0.09711161982337847,1.5572847448979579,5.0,21.0,2.0,0.9236473422111575,0.38320749817128047,-0.0052536246128500105,0.9,1.5058186054229736,-0.4746141731739044,0.10159268975257874,0.2476670891046524,local_avoidance,SAFE_PROGRESSING,NONE,1,0,"-0.945,6.355;-0.757,6.818;-0.569,7.281;-0.381,7.745;-0.193,8.208;-0.005,8.671;0.183,9.135",0,1,PASS_THROUGH,-1,0.9163439050116795,0.40036851201249885,-0.004347681778074479,0.9,1.9672560567440807,2.520797633842722,0.0,0,0,0,DIRECT_LOCAL,PASS_THROUGH,0,BYPASS_VISIBLE,1,10,5.0,21.0,2.0,5.0,21.0,2.0,1,
174,5.833333,0.033333,-0.8531734943389893,6.40238094329834,2.0885169506073,-0.7730804197648073,0.17414657771587372,1.4779569101011703,-0.49113362055253085,0.09765414486883452,1.5604823591963157,5.0,21.0,2.0,0.9250484018909257,0.3798102951301369,-0.005440025018557567,0.9,1.5099048614501953,-0.47264188528060913,0.1020856648683548,0.24426111578941345,local_avoidance,SAFE_PROGRESSING,NONE,1,0,"-0.899,6.378;-0.712,6.842;-0.525,7.306;-0.338,7.769;-0.151,8.233;0.036,8.697;0.223,9.161",1,1,PASS_THROUGH,-1,0.9250620900768347,0.37981591528354647,0.0,0.9,1.9653103240718253,2.5232924109908845,0.0,0,0,0,DIRECT_LOCAL,PASS_THROUGH,0,BYPASS_VISIBLE,1,10,5.0,21.0,2.0,5.0,21.0,2.0,1,
175,5.866667,0.033333,-0.8072611689567566,6.426787376403809,2.091270923614502,-0.7673074283518299,0.1725195050239563,1.4821890518000016,-0.4885668619160356,0.09813083116745659,1.563717245496732,5.0,21.0,2.0,0.9264201156757443,0.3764493239658626,-0.005628121976779388,0.9,1.5139108896255493,-0.47070667147636414,0.10256105661392212,0.24072830379009247,local_avoidance,SAFE_PROGRESSING,NONE,1,0,"-0.853,6.402;-0.667,6.866;-0.481,7.331;-0.295,7.795;-0.109,8.259;0.077,8.723;0.263,9.187",0,1,PASS_THROUGH,-1,0.9250484018909257,0.3798102951301369,-0.005440025018557567,0.9,1.9642988949248383,2.52625844734844,0.0,0,0,0,DIRECT_LOCAL,PASS_THROUGH,0,BYPASS_VISIBLE,1,10,5.0,21.0,2.0,5.0,21.0,2.0,1,
176,5.9,0.033333,-0.7614519000053406,6.451615333557129,2.094034433364868,-0.7615927081985513,0.17066028714179993,1.486416542764885,-0.4860806959063266,0.09854445590713296,1.5669778528517642,5.0,21.0,2.0,0.9277598502594372,0.3731324325211746,-0.005817907477586528,0.9,1.5178412199020386,-0.4688023328781128,0.10301762819290161,0.23710402846336365,local_avoidance,SAFE_PROGRESSING,NONE,1,0,"-0.807,6.427;-0.622,6.891;-0.437,7.356;-0.252,7.820;-0.067,8.285;0.118,8.749;0.303,9.214",0,1,PASS_THROUGH,-1,0.9250484018909257,0.3798102951301369,-0.005440025018557567,0.9,1.9642347745822166,2.5297036627626226,0.0,0,0,0,DIRECT_LOCAL,PASS_THROUGH,0,BYPASS_VISIBLE,1,10,5.0,21.0,2.0,5.0,21.0,2.0,1,
177,5.933333,0.033333,-0.7157456874847412,6.476858139038086,2.0968074798583984,-0.7559432630246717,0.16860881447792053,1.4906316198574552,-0.48366328727053304,0.09890219876586603,1.5702529880541294,5.0,21.0,2.0,0.9290654502131714,0.3698665660135365,-0.006009373141285976,0.9,1.521700143814087,-0.4669232964515686,0.10345418006181717,0.23341874778270721,local_avoidance,SAFE_PROGRESSING,NONE,1,0,"-0.761,6.452;-0.577,6.916;-0.393,7.381;-0.209,7.846;-0.025,8.311;0.159,8.776;0.343,9.241",0,1,PASS_THROUGH,-1,0.9250484018909257,0.3798102951301369,-0.005440025018557567,0.9,1.9651304845254716,2.533637657955313,0.0,0,0,0,DIRECT_LOCAL,PASS_THROUGH,0,BYPASS_VISIBLE,1,10,5.0,21.0,2.0,5.0,21.0,2.0,1,
178,5.966667,0.033333,-0.6701428294181824,6.502510070800781,2.0995898246765137,-0.7503647514038898,0.1664029359817505,1.4948276007904324,-0.4813028531723534,0.09921422446376404,1.5735327943492867,5.0,21.0,2.0,0.9303353232206977,0.3666574898501073,-0.006202540177896792,0.9,1.525493860244751,-0.46506431698799133,0.10387022793292999,0.2297024130821228,local_avoidance,SAFE_PROGRESSING,NONE,1,0,"-0.716,6.477;-0.533,6.942;-0.350,7.407;-0.166,7.873;0.017,8.338;0.200,8.803;0.383,9.268",0,1,PASS_THROUGH,-1,0.9250484018909257,0.3798102951301369,-0.005440025018557567,0.9,1.9669991534974052,2.538068757790852,0.0,0,0,0,DIRECT_LOCAL,PASS_THROUGH,0,BYPASS_VISIBLE,1,10,5.0,21.0,2.0,5.0,21.0,2.0,1,
179,6.0,0.033333,-0.6246436834335327,6.528565406799316,2.1023812294006348,-0.7448618587675941,0.16407747566699982,1.4989985213868051,-0.47898975505953895,0.09949163071599838,1.576808909524028,5.0,21.0,2.0,0.9315683119331258,0.36351004564415507,-0.006397414935019418,0.9,1.529224157333374,-0.4632238745689392,0.10426551103591919,0.2259717732667923,local_avoidance,SAFE_PROGRESSING,NONE,1,0,"-0.670,6.503;-0.488,6.968;-0.306,7.434;-0.124,7.899;0.058,8.365;0.240,8.831;0.423,9.296",0,1,PASS_THROUGH,-1,0.9250484018909257,0.3798102951301369,-0.005440025018557567,0.9,1.9698514095407849,2.543004929217415,0.0,0,0,0,DIRECT_LOCAL,PASS_THROUGH,0,BYPASS_VISIBLE,1,10,5.0,21.0,2.0,5.0,21.0,2.0,1,
180,6.033333,0.033333,-0.57924884557724,6.555018901824951,2.105181932449341,-0.739437637820155,0.16166342794895172,1.503140405353411,-0.47671496587516293,0.09974412760000506,1.5800750386883722,5.0,21.0,2.0,0.9327638991705116,0.3604275620961369,-0.006594003765478843,0.9,1.5328949689865112,-0.46139734983444214,0.10464067757129669,0.22225038707256317,local_avoidance,SAFE_PROGRESSING,NONE,1,0,"-0.625,6.529;-0.444,6.995;-0.262,7.461;-0.081,7.927;0.100,8.393;0.281,8.859;0.462,9.325",1,1,PASS_THROUGH,-1,0.9327841785320609,0.36043539820648646,0.0,0.9,1.973696273306487,2.548453269572142,0.0,0,0,0,DIRECT_LOCAL,PASS_THROUGH,0,BYPASS_VISIBLE,1,10,5.0,21.0,2.0,5.0,21.0,2.0,1,
181,6.066667,0.033333,-0.533958911895752,6.581863880157471,2.107992172241211,-0.7340947450059959,0.1591874361038208,1.5072500682299717,-0.4744720534903324,0.09997895603712699,1.5833263369794808,5.0,21.0,2.0,0.9339217457049227,0.3574129781677452,-0.006792343979263219,0.9,1.5365034341812134,-0.4595866799354553,0.10499679297208786,0.21854466199874878,local_avoidance,SAFE_PROGRESSING,NONE,1,0,"-0.579,6.555;-0.399,7.021;-0.219,7.488;-0.039,7.954;0.141,8.421;0.322,8.887;0.502,9.354",0,1,PASS_THROUGH,-1,0.9327638991705116,0.3604275620961369,-0.006594003765478843,0.9,1.9785406159889443,2.554421653370793,0.0,0,0,0,DIRECT_LOCAL,PASS_THROUGH,0,BYPASS_VISIBLE,1,10,5.0,21.0,2.0,5.0,21.0,2.0,1,
182,6.1,0.033333,-0.4887743592262268,6.609095573425293,2.110811948776245,-0.728835107284453,0.1566719263792038,1.5113247478824914,-0.47225709808886807,0.10020008534059598,1.5865589548956753,5.0,21.0,2.0,0.9350417792658845,0.35446858302778544,-0.006992472635828171,0.9,1.540050745010376,-0.4577864706516266,0.10533618927001953,0.214882493019104,local_avoidance,SAFE_PROGRESSING,NONE,1,0,"-0.534,6.582;-0.355,7.049;-0.176,7.515;0.004,7.982;0.183,8.449;0.362,8.916;0.541,9.383",0,1,PASS_THROUGH,-1,0.9327638991705116,0.3604275620961369,-0.006594003765478843,0.9,1.9843907927403182,2.560916109102902,0.0,0,0,0,DIRECT_LOCAL,PASS_THROUGH,0,BYPASS_VISIBLE,1,10,5.0,21.0,2.0,5.0,21.0,2.0,1,
183,6.133333,0.033333,-0.443695992231369,6.636707782745361,2.1136415004730225,-0.7236598097637983,0.1541357934474945,1.515361459148552,-0.4700683086135492,0.10040941418347486,1.5897693597161506,5.0,21.0,2.0,0.936124246805941,0.35159584037858177,-0.0071944124491689415,0.9,1.543543815612793,-0.455990195274353,0.10566111654043198,0.21129074692726135,local_avoidance,SAFE_PROGRESSING,NONE,1,0,"-0.489,6.609;-0.311,7.076;-0.132,7.543;0.046,8.011;0.224,8.478;0.402,8.945;0.580,9.412",0,1,PASS_THROUGH,-1,0.9327638991705116,0.3604275620961369,-0.006594003765478843,0.9,1.9912500015775876,2.5679431994331243,0.0,0,0,0,DIRECT_LOCAL,PASS_THROUGH,0,BYPASS_VISIBLE,1,10,5.0,21.0,2.0,5.0,21.0,2.0,1,
184,6.166667,0.033333,-0.39872437715530396,6.664695739746094,2.116480827331543,-0.7185688344777693,0.15159621834754944,1.5193571314449756,-0.4679039162042487,0.10060868077734786,1.5929539460762,5.0,21.0,2.0,0.93716977381924,0.348795185831094,-0.007398201176435359,0.9,1.5469834804534912,-0.4541971981525421,0.10597318410873413,0.20777830481529236,local_avoidance,SAFE_PROGRESSING,NONE,1,0,"-0.444,6.637;-0.266,7.104;-0.089,7.572;0.088,8.039;0.265,8.507;0.442,8.974;0.620,9.442",0,1,PASS_THROUGH,-1,0.9327638991705116,0.3604275620961369,-0.006594003765478843,0.9,1.999120680578301,2.575508105427861,0.0,0,0,0,DIRECT_LOCAL,PASS_THROUGH,0,BYPASS_VISIBLE,1,10,5.0,21.0,2.0,5.0,21.0,2.0,1,
185,6.2,0.033333,-0.3538600504398346,6.693051815032959,2.119330406188965,-0.7135623501394299,0.14906851947307587,1.5233087038207551,-0.46576257134461035,0.10079982121787548,1.5961092644174355,5.0,21.0,2.0,0.9381789133740055,0.34606720125239326,-0.0076038620257190895,0.9,1.550370693206787,-0.4524049460887909,0.10627394914627075,0.20436157286167145,direct,SAFE_PROGRESSING,NONE,1,0,"-0.399,6.665;-0.223,7.133;-0.046,7.601;0.130,8.068;0.306,8.536;0.482,9.004;0.659,9.472",0,1,PASS_THROUGH,-1,0.9327638991705116,0.3604275620961369,-0.006594003765478843,0.9,2.0080026280915884,2.5836177813258248,0.0,0,0,0,DIRECT_LOCAL,PASS_THROUGH,0,BYPASS_VISIBLE,1,10,5.0,21.0,2.0,5.0,21.0,2.0,1,
186,6.233333,0.033333,-0.30910366773605347,6.721772193908691,2.1221909523010254,-0.7086399195701841,0.14656659960746765,1.5272131414526757,-0.463643995991616,0.1009851921964961,1.59923223563302,5.0,21.0,2.0,0.9391523902833574,0.3434119524723443,-0.00781144827730094,0.9,1.553710699081421,-0.45061323046684265,0.10656405985355377,0.20104429125785828,direct,SAFE_PROGRESSING,NONE,1,0,"-0.354,6.693;-0.179,7.161;-0.003,7.630;0.172,8.098;0.347,8.566;0.522,9.034;0.698,9.503",1,1,PASS_THROUGH,-1,0.9391810445350354,0.3434224302314569,0.0,0.9,2.0178961252841083,2.592275765309821,0.0,0,0,0,DIRECT_LOCAL,PASS_THROUGH,0,BYPASS_VISIBLE,1,10,5.0,21.0,2.0,5.0,21.0,2.0,1,
187,6.266667,0.033333,-0.26445576548576355,6.750850677490234,2.1250624656677246,-0.7038000287712165,0.14410260319709778,1.531068019887395,-0.4615468406819895,0.10116773389220358,1.602320092255701,5.0,21.0,2.0,0.9400913098328312,0.34082839118303526,-0.008021031129179866,0.9,1.5570030212402344,-0.44882428646087646,0.10684416443109512,0.19782474637031555,direct,SAFE_PROGRESSING,NONE,1,0,"-0.309,6.722;-0.135,7.190;0.039,7.659;0.214,8.128;0.388,8.596;0.562,9.065;0.736,9.534",0,1,PASS_THROUGH,-1,0.9391523902833574,0.3434119524723443,-0.00781144827730094,0.9,2.0287969110840263,2.6014870389078095,0.0,0,0,0,DIRECT_LOCAL,PASS_THROUGH,0,BYPASS_VISIBLE,1,10,5.0,21.0,2.0,5.0,21.0,2.0,1,
188,6.3,0.033333,-0.21991701424121857,6.780281066894531,2.1279449462890625,-0.699041377686966,0.1416863203048706,1.5348714375564536,-0.4594698970322288,0.10135046837817265,1.6053706218645882,5.0,21.0,2.0,0.9409966536912231,0.33831571272120986,-0.008232634320825863,0.9,1.5602490901947021,-0.44704023003578186,0.1071147620677948,0.1947002112865448,direct,SAFE_PROGRESSING,NONE,1,0,"-0.264,6.751;-0.091,7.220;0.082,7.689;0.255,8.158;0.429,8.627;0.602,9.096;0.775,9.565",0,1,PASS_THROUGH,-1,0.9391523902833574,0.3434119524723443,-0.00781144827730094,0.9,2.040700982353374,2.6112560111282717,0.0,0,0,0,DIRECT_LOCAL,PASS_THROUGH,0,BYPASS_VISIBLE,1,10,5.0,21.0,2.0,5.0,21.0,2.0,1,
189,6.333333,0.033333,-0.17548798024654388,6.810058116912842,2.1308393478393555,-0.6943621966184063,0.13932493329048157,1.5386219266530596,-0.4574125636511923,0.10153601444615858,1.6083821836843195,5.0,21.0,2.0,0.9418695371222929,0.33587264754091506,-0.008446281720005402,0.9,1.5634512901306152,-0.4452599883079529,0.10737700760364532,0.1916762888431549,direct,SAFE_PROGRESSING,NONE,1,0,"-0.220,6.780;-0.048,7.250;0.125,7.719;0.297,8.188;0.469,8.658;0.642,9.127;0.814,9.597",0,1,PASS_THROUGH,-1,0.9391523902833574,0.3434119524723443,-0.00781144827730094,0.9,2.0506611344845416,2.6215860035127863,0.0,0,0,0,DIRECT_LOCAL,PASS_THROUGH,0,BYPASS_VISIBLE,1,10,5.0,21.0,2.0,5.0,21.0,2.0,1,
190,6.366667,0.033333,-0.13116927444934845,6.840173244476318,2.1337454319000244,-0.689760638556468,0.13702376186847687,1.542318710952452,-0.45537436489649086,0.1017265535455658,1.611353812809333,5.0,21.0,2.0,0.9427110749370616,0.3334978229165321,-0.008662061010128586,0.9,1.566610336303711,-0.4434855580329895,0.10763179510831833,0.1887483447790146,direct,SAFE_PROGRESSING,NONE,1,0,"-0.175,6.810;-0.004,7.280;0.167,7.750;0.338,8.219;0.510,8.689;0.681,9.159;0.852,9.628",0,1,PASS_THROUGH,-1,0.9391523902833574,0.3434119524723443,-0.00781144827730094,0.9,2.060975090355535,2.632482158780581,0.0,0,0,0,DIRECT_LOCAL,PASS_THROUGH,0,BYPASS_VISIBLE,1,10,5.0,21.0,2.0,5.0,21.0,2.0,1,
191,6.4,0.033333,-0.08696144819259644,6.8706254959106445,2.1366641521453857,-0.6852346664543555,0.13478635251522064,1.5459612585363351,-0.45335603453057843,0.10192348033183042,1.6142850748190336,5.0,21.0,2.0,0.9435223906782393,0.33118974055279954,-0.008879979807935427,0.9,1.5697267055511475,-0.4417160749435425,0.10788042843341827,0.18592242896556854,direct,SAFE_PROGRESSING,NONE,1,0,"-0.131,6.840;0.039,7.310;0.210,7.780;0.380,8.250;0.550,8.721;0.721,9.191;0.891,9.661",0,1,PASS_THROUGH,-1,0.9391523902833574,0.3434119524723443,-0.00781144827730094,0.9,2.0718729351631953,2.6439438800355646,0.0,0,0,0,DIRECT_LOCAL,PASS_THROUGH,0,BYPASS_VISIBLE,1,10,5.0,21.0,2.0,5.0,21.0,2.0,1,
192,6.433333,0.033333,-0.04286503419280052,6.901407718658447,2.1395950317382812,-0.6807820088648066,0.1326151341199875,1.5495494084648336,-0.4513581463178411,0.10212740220524064,1.6171757949593435,5.0,21.0,2.0,0.9443047092167475,0.3289465059824029,-0.009100129287160717,0.9,1.5728034973144531,-0.4399522840976715,0.10812346637248993,0.18319390714168549,direct,SAFE_PROGRESSING,NONE,1,0,"-0.087,6.871;0.082,7.341;0.252,7.812;0.421,8.282;0.591,8.752;0.760,9.223;0.929,9.693",1,1,PASS_THROUGH,-1,0.9443438116928703,0.3289601272455081,0.0,0.9,2.080632290296469,2.6559744628778685,0.0,0,0,0,DIRECT_LOCAL,PASS_THROUGH,0,BYPASS_VISIBLE,1,10,5.0,21.0,2.0,5.0,21.0,2.0,1,
193,6.466667,0.033333,0.0011195086408406496,6.9325151443481445,2.1425387859344482,-0.6764004678266448,0.13051147758960724,1.553082537150419,-0.44938128603424954,0.10233839685482396,1.6200253253916108,5.0,21.0,2.0,0.945059152739264,0.3267664131565973,-0.009322502695984907,0.9,1.575838327407837,-0.4381953179836273,0.10836184024810791,0.18056192994117737,direct,SAFE_PROGRESSING,NONE,1,0,"-0.043,6.901;0.126,7.372;0.294,7.843;0.462,8.314;0.631,8.785;0.799,9.255;0.968,9.726",0,1,PASS_THROUGH,-1,0.9443047092167475,0.3289465059824029,-0.009100129287160717,0.9,2.0904246943434703,2.6685751566162046,0.0,0,0,0,DIRECT_LOCAL,PASS_THROUGH,0,BYPASS_VISIBLE,1,10,5.0,21.0,2.0,5.0,21.0,2.0,1,
194,6.5,0.033333,0.04499173164367676,6.963942050933838,2.145495891571045,-0.6720878030304309,0.12847593426704407,1.556560999175469,-0.4474263558203754,0.10255612005013148,1.6228340167116821,5.0,21.0,2.0,0.9457868424602818,0.32464765530010675,-0.00954717430202764,0.9,1.5788346529006958,-0.4364442229270935,0.10859619826078415,0.17802950739860535,direct,SAFE_PROGRESSING,NONE,1,0,"0.001,6.933;0.169,7.404;0.336,7.875;0.503,8.346;0.671,8.817;0.838,9.288;1.006,9.759",0,1,PASS_THROUGH,-1,0.9443047092167475,0.3289465059824029,-0.009100129287160717,0.9,2.1012460698567796,2.681747403512958,0.0,0,0,0,DIRECT_LOCAL,PASS_THROUGH,0,BYPASS_VISIBLE,1,10,5.0,21.0,2.0,5.0,21.0,2.0,1,
195,6.533333,0.033333,0.08875124901533127,6.995683193206787,2.148466110229492,-0.6678416595176111,0.12650874257087708,1.5599848044514448,-0.44549365606477914,0.1027802942775789,1.6256017275474217,5.0,21.0,2.0,0.9464888999208714,0.3225883247892081,-0.009774202590035776,0.9,1.5817917585372925,-0.43470072746276855,0.10882675647735596,0.17559093236923218,direct,SAFE_PROGRESSING,NONE,1,0,"0.045,6.964;0.211,7.435;0.378,7.907;0.544,8.378;0.711,8.850;0.877,9.321;1.044,9.793",0,1,PASS_THROUGH,-1,0.9443047092167475,0.3289465059824029,-0.009100129287160717,0.9,2.1130913993912306,2.6954919248011113,0.0,0,0,0,DIRECT_LOCAL,PASS_THROUGH,0,BYPASS_VISIBLE,1,10,5.0,21.0,2.0,5.0,21.0,2.0,1,
196,6.566667,0.033333,0.13239766657352448,7.027733325958252,2.1514503955841064,-0.6636599134111518,0.12460964173078537,1.5633542164252061,-0.44358390868240416,0.10301055805712064,1.6283286723286763,5.0,21.0,2.0,0.9471663459842158,0.32058671377164016,-0.010003598752913753,0.9,1.5847132205963135,-0.4329630732536316,0.10905388742685318,0.17325088381767273,direct,SAFE_PROGRESSING,NONE,1,0,"0.089,6.996;0.254,7.468;0.420,7.939;0.585,8.411;0.751,8.883;0.916,9.355;1.082,9.827",0,1,PASS_THROUGH,-1,0.9443047092167475,0.3289465059824029,-0.009100129287160717,0.9,2.1259538257713575,2.7098089935699803,0.0,0,0,0,DIRECT_LOCAL,PASS_THROUGH,0,BYPASS_VISIBLE,1,10,5.0,21.0,2.0,5.0,21.0,2.0,1,
197,6.6,0.033333,0.17593061923980713,7.060088157653809,2.1544482707977295,-0.6595401640920613,0.12277834862470627,1.5666695725230728,-0.4416969180021953,0.10324671716062404,1.6310148992105227,5.0,21.0,2.0,0.9478202628558811,0.31864083980144653,-0.010235454578939736,0.9,1.5875972509384155,-0.4312359094619751,0.1092771589756012,0.17099496722221375,direct,SAFE_PROGRESSING,NONE,1,0,"0.132,7.028;0.297,7.500;0.461,7.972;0.626,8.444;0.790,8.916;0.955,9.389;1.119,9.861",0,1,PASS_THROUGH,-1,0.9443047092167475,0.3289465059824029,-0.009100129287160717,0.9,2.13982500821293,2.724697894565035,0.0,0,0,0,DIRECT_LOCAL,PASS_THROUGH,0,BYPASS_VISIBLE,1,10,5.0,21.0,2.0,5.0,21.0,2.0,1,
198,6.633333,0.033333,0.21934978663921356,7.0927414894104,2.1574599742889404,-0.6554800781585232,0.12101398408412933,1.5699315889818908,-0.4398324517592662,0.1034883056884429,1.6336607998963666,5.0,21.0,2.0,0.9484516911647879,0.3167487545594702,-0.01046976655320245,0.9,1.590442419052124,-0.42952391505241394,0.10949615389108658,0.16880981624126434,direct,SAFE_PROGRESSING,NONE,1,0,"0.176,7.060;0.339,7.533;0.503,8.005;0.666,8.478;0.830,8.950;0.994,9.423;1.157,9.895",1,1,PASS_THROUGH,-1,0.9485036781846118,0.3167661163544208,0.0,0.9,2.154694656663549,2.740158689166836,0.0,0,0,0,DIRECT_LOCAL,PASS_THROUGH,0,BYPASS_VISIBLE,1,10,5.0,21.0,2.0,5.0,21.0,2.0,1,
199,6.666667,0.033333,0.2626548707485199,7.125690937042236,2.1604855060577393,-0.6514776985197275,0.1193142682313919,1.5731409461932557,-0.4379906194615154,0.10373477675763386,1.636266825195405,5.0,21.0,2.0,0.9490615125614278,0.314908898816094,-0.01070657840068068,0.9,1.5932518243789673,-0.42782214283943176,0.10971199721097946,0.16670721769332886,direct,SAFE_PROGRESSING,NONE,1,0,"0.219,7.093;0.382,7.566;0.544,8.038;0.707,8.511;0.870,8.984;1.032,9.457;1.195,9.930",0,1,PASS_THROUGH,-1,0.9484516911647879,0.3167487545594702,-0.01046976655320245,0.9,2.1705523789879404,2.7561887881703706,0.0,0,0,0,DIRECT_LOCAL,PASS_THROUGH,0,BYPASS_VISIBLE,1,10,5.0,21.0,2.0,5.0,21.0,2.0,1,
200,6.7,0.033333,0.30584555864334106,7.15893030166626,2.1635255813598633,-0.6475307969612457,0.11767663061618805,1.576298592502987,-0.43617171640623986,0.10398583421069732,1.6388337538128017,5.0,21.0,2.0,0.9496506980168192,0.3131193679369076,-0.010945920653817467,0.9,1.5960266590118408,-0.4261290431022644,0.10992524027824402,0.16468921303749084,direct,SAFE_PROGRESSING,NONE,1,0,"0.263,7.126;0.424,7.599;0.586,8.072;0.747,8.545;0.909,9.018;1.070,9.492;1.232,9.965",0,1,PASS_THROUGH,-1,0.9484516911647879,0.3167487545594702,-0.01046976655320245,0.9,2.187384365421141,2.7727874696277763,0.0,0,0,0,DIRECT_LOCAL,PASS_THROUGH,0,BYPASS_VISIBLE,1,10,5.0,21.0,2.0,5.0,21.0,2.0,1,
201,6.733333,0.033333,0.34892159700393677,7.192455768585205,2.1665797233581543,-0.6436373470801801,0.11609922349452972,1.579405034616439,-0.43437595152539926,0.10424109657388815,1.6413619152552181,5.0,21.0,2.0,0.9502201058784128,0.3113785187503686,-0.011187870451723765,0.9,1.5987656116485596,-0.42444711923599243,0.11013580858707428,0.16274921596050262,direct,SAFE_PROGRESSING,NONE,1,0,"0.306,7.159;0.466,7.632;0.627,8.106;0.788,8.579;0.948,9.053;1.109,9.526;1.269,10.000",0,1,PASS_THROUGH,-1,0.9484516911647879,0.3167487545594702,-0.01046976655320245,0.9,2.2051779438006904,2.789952293726396,0.0,0,0,0,DIRECT_LOCAL,PASS_THROUGH,0,BYPASS_VISIBLE,1,10,5.0,21.0,2.0,5.0,21.0,2.0,1,
202,6.766667,0.033333,0.3918827474117279,7.226262092590332,2.1696481704711914,-0.6397954476438088,0.11458048969507217,1.5824617523370736,-0.43260335624771235,0.10449959487427196,1.6438524954433698,5.0,21.0,2.0,0.9507705512947559,0.3096847726856543,-0.011432425696275192,0.9,1.6014692783355713,-0.4227787256240845,0.11034315824508667,0.16087913513183594,direct,SAFE_PROGRESSING,NONE,1,0,"0.349,7.192;0.509,7.666;0.668,8.140;0.828,8.614;0.987,9.088;1.147,9.562;1.307,10.035",0,1,PASS_THROUGH,-1,0.9484516911647879,0.3167487545594702,-0.01046976655320245,0.9,2.223918136813864,2.8076812783999134,0.0,0,0,0,DIRECT_LOCAL,PASS_THROUGH,0,BYPASS_VISIBLE,1,10,5.0,21.0,2.0,5.0,21.0,2.0,1,
203,6.8,0.033333,0.4347287714481354,7.260345935821533,2.1727309226989746,-0.6360029930968307,0.11311854422092438,1.5854686178913098,-0.4308542269772522,0.1047601371566321,1.6463051933221318,5.0,21.0,2.0,0.951302882834196,0.3080363798300056,-0.0116796323817365,0.9,1.6041359901428223,-0.42112502455711365,0.11054733395576477,0.15907472372055054,direct,SAFE_PROGRESSING,NONE,1,0,"0.392,7.226;0.551,7.700;0.709,8.175;0.868,8.649;1.026,9.123;1.185,9.597;1.344,10.071",0,1,PASS_THROUGH,-1,0.9484516911647879,0.3167487545594702,-0.01046976655320245,0.9,2.2435898665408476,2.825971056802586,0.0,0,0,0,DIRECT_LOCAL,PASS_THROUGH,0,BYPASS_VISIBLE,1,10,5.0,21.0,2.0,5.0,21.0,2.0,1,
204,6.833333,0.033333,0.47745949029922485,7.294702529907227,2.175827741622925,-0.6322581100307919,0.11171112954616547,1.5884271613879295,-0.4291274754388569,0.10502154392773745,1.6487209472498392,5.0,21.0,2.0,0.9518178715094338,0.3064317639877324,-0.011929521977754994,0.9,1.6067674160003662,-0.4194866418838501,0.11074814200401306,0.15733206272125244,direct,SAFE_PROGRESSING,NONE,1,0,"0.435,7.260;0.592,7.735;0.750,8.209;0.908,8.684;1.065,9.158;1.223,9.633;1.381,10.107",1,1,PASS_THROUGH,-1,0.9518856070030427,0.3064535710029318,0.0,0.9,2.2641762907942202,2.844818766363566,0.0,0,0,0,DIRECT_LOCAL,PASS_THROUGH,0,BYPASS_VISIBLE,1,10,5.0,21.0,2.0,5.0,21.0,2.0,1,
205,6.866667,0.033333,0.5200745463371277,7.329328536987305,2.1789391040802,-0.6285593642240788,0.11035579442977905,1.5913380367843326,-0.4274235256485771,0.10528312611701625,1.6511002859425121,5.0,21.0,2.0,0.9523161265447894,0.30486979409313847,-0.012182108698255504,0.9,1.6093671321868896,-0.4178602993488312,0.11094591021537781,0.15565624833106995,direct,SAFE_PROGRESSING,NONE,1,0,"0.477,7.295;0.634,7.770;0.791,8.244;0.948,8.719;1.104,9.194;1.261,9.669;1.418,10.144",0,1,PASS_THROUGH,-1,0.9518178715094338,0.3064317639877324,-0.011929521977754994,0.9,2.285660678051009,2.8642203396167383,0.0,0,0,0,DIRECT_LOCAL,PASS_THROUGH,0,BYPASS_VISIBLE,1,10,5.0,21.0,2.0,5.0,21.0,2.0,1,
206,6.9,0.033333,0.5625739693641663,7.364219665527344,2.1820640563964844,-0.6249048316043814,0.1090504601597786,1.5942019635276659,-0.42574224887982937,0.10554505665511935,1.6534437160003517,5.0,21.0,2.0,0.952798404429528,0.30334882588112105,-0.012437457661869789,0.9,1.6119344234466553,-0.4162457287311554,0.11114079505205154,0.15404660999774933,direct,SAFE_PROGRESSING,NONE,1,0,"0.520,7.329;0.676,7.804;0.831,8.280;0.987,8.755;1.143,9.230;1.299,9.705;1.454,10.180",0,1,PASS_THROUGH,-1,0.9518178715094338,0.3064317639877324,-0.011929521977754994,0.9,2.3080248834883346,2.8841722513196086,0.0,0,0,0,DIRECT_LOCAL,PASS_THROUGH,0,BYPASS_VISIBLE,1,10,5.0,21.0,2.0,5.0,21.0,2.0,1,
207,6.933333,0.033333,0.6049574613571167,7.399372100830078,2.185204029083252,-0.6212928445701933,0.10779350250959396,1.5970199903326772,-0.4240830955655957,0.10580730560693882,1.6557519462125005,5.0,21.0,2.0,0.9532653550122974,0.30186749798586754,-0.012695534373589971,0.9,1.6144675016403198,-0.41464611887931824,0.11133232712745667,0.15249352157115936,direct,SAFE_PROGRESSING,NONE,1,0,"0.563,7.364;0.717,7.840;0.872,8.315;1.027,8.791;1.181,9.266;1.336,9.742;1.491,10.217",0,1,PASS_THROUGH,-1,0.9518178715094338,0.3064317639877324,-0.011929521977754994,0.9,2.331251089837405,2.904670177295728,0.0,0,0,0,DIRECT_LOCAL,PASS_THROUGH,0,BYPASS_VISIBLE,1,10,5.0,21.0,2.0,5.0,21.0,2.0,1,
208,6.966667,0.033333,0.6472247242927551,7.434782028198242,2.1883575916290283,-0.617721860560094,0.10658304393291473,1.5997929089149028,-0.42244563174097083,0.10606918063742905,1.6580254323358643,5.0,21.0,2.0,0.9537175842071618,0.3004245320145285,-0.012956470889362285,0.9,1.6169673204421997,-0.41306331753730774,0.11152003705501556,0.15099099278450012,direct,SAFE_PROGRESSING,NONE,1,0,"0.605,7.399;0.759,7.875;0.912,8.351;1.066,8.827;1.220,9.302;1.374,9.778;1.527,10.254",0,1,PASS_THROUGH,-1,0.9518178715094338,0.3064317639877324,-0.011929521977754994,0.9,2.3553205860219806,2.92570953520468,0.0,0,0,0,DIRECT_LOCAL,PASS_THROUGH,0,BYPASS_VISIBLE,1,10,5.0,21.0,2.0,5.0,21.0,2.0,1,
209,7.0,0.033333,0.6893756985664368,7.4704461097717285,2.1915249824523926,-0.6141903484173307,0.10541699081659317,1.6025218366461145,-0.4208296277344074,0.10632998381369936,1.6602650023308139,5.0,21.0,2.0,0.9541556840637677,0.2990186564024596,-0.013220200152460861,0.9,1.6194343566894531,-0.4114941954612732,0.11170448362827301,0.14954541623592377,direct,SAFE_PROGRESSING,NONE,1,0,"0.647,7.435;0.800,7.911;0.953,8.387;1.106,8.863;1.258,9.339;1.411,9.815;1.564,10.291",0,1,PASS_THROUGH,-1,0.9518178715094338,0.3064317639877324,-0.011929521977754994,0.9,2.380214365336092,2.9472854987664276,0.0,0,0,0,DIRECT_LOCAL,PASS_THROUGH,0,BYPASS_VISIBLE,1,10,5.0,21.0,2.0,5.0,21.0,2.0,1,
210,7.033333,0.033333,0.7314106225967407,7.506359577178955,2.1947062015533447,-0.6106969540361363,0.1042933389544487,1.6052081197596288,-0.41923432441444913,0.10658898244128827,1.6624715750013146,5.0,21.0,2.0,0.9545801785124142,0.297648769135546,-0.013486772160229052,0.9,1.6218700408935547,-0.4099389612674713,0.11188528686761856,0.14815302193164825,direct,SAFE_PROGRESSING,NONE,1,0,"0.689,7.470;0.841,7.947;0.993,8.423;1.145,8.900;1.297,9.376;1.448,9.852;1.600,10.329",1,1,PASS_THROUGH,-1,0.9546670060949193,0.29767584294625504,0.0,0.9,2.4059132497132145,2.969393924015654,0.0,0,0,0,DIRECT_LOCAL,PASS_THROUGH,0,BYPASS_VISIBLE,1,10,5.0,21.0,2.0,5.0,21.0,2.0,1,
211,7.066667,0.033333,0.7733287215232849,7.542520523071289,2.1979007720947266,-0.6072402449615882,0.10321050137281418,1.6078525404350492,-0.41765914467834114,0.10684548405502506,1.6646455810111163,5.0,21.0,2.0,0.9549915889964172,0.2963137380757691,-0.013756219453865775,0.9,1.6242742538452148,-0.4083981513977051,0.11206230521202087,0.14681188762187958,direct,SAFE_PROGRESSING,NONE,1,0,"0.731,7.506;0.882,7.983;1.033,8.460;1.184,8.937;1.335,9.413;1.485,9.890;1.636,10.367",0,1,PASS_THROUGH,-1,0.9545801785124142,0.297648769135546,-0.013486772160229052,0.9,2.4323987320986085,2.992028293200528,0.0,0,0,0,DIRECT_LOCAL,PASS_THROUGH,0,BYPASS_VISIBLE,1,10,5.0,21.0,2.0,5.0,21.0,2.0,1,
212,7.1,0.033333,0.8151299953460693,7.578925132751465,2.201108455657959,-0.603818914049137,0.10216706991195679,1.6104559059385548,-0.41610407490254764,0.10709898807711683,1.6667876347543555,5.0,21.0,2.0,0.9553904279161138,0.2950124238301022,-0.014028543479387498,0.9,1.6266465187072754,-0.40687233209609985,0.11223529279232025,0.1455186903476715,direct,SAFE_PROGRESSING,NONE,1,0,"0.773,7.543;0.923,8.020;1.073,8.497;1.223,8.974;1.373,9.451;1.522,9.928;1.672,10.405",0,1,PASS_THROUGH,-1,0.9545801785124142,0.297648769135546,-0.013486772160229052,0.9,2.4596502706515175,3.0151834468914216,0.0,0,0,0,DIRECT_LOCAL,PASS_THROUGH,0,BYPASS_VISIBLE,1,10,5.0,21.0,2.0,5.0,21.0,2.0,1,
213,7.133333,0.033333,0.8568142056465149,7.615569591522217,2.204329490661621,-0.6004316038567855,0.10116157680749893,1.6130193179753316,-0.41456840400220113,0.10734901617907382,1.6688984669635092,5.0,21.0,2.0,0.9557771847930305,0.29374372409941435,-0.014303761089869015,0.9,1.6289877891540527,-0.405362069606781,0.11240415275096893,0.14427119493484497,direct,SAFE_PROGRESSING,NONE,1,0,"0.815,7.579;0.964,8.056;1.113,8.534;1.262,9.011;1.410,9.488;1.559,9.966;1.708,10.443",0,1,PASS_THROUGH,-1,0.9545801785124142,0.297648769135546,-0.013486772160229052,0.9,2.487648758524411,3.0388538152937175,0.0,0,0,0,DIRECT_LOCAL,PASS_THROUGH,0,BYPASS_VISIBLE,1,10,5.0,21.0,2.0,5.0,21.0,2.0,1,
214,7.166667,0.033333,0.8983811140060425,7.652451515197754,2.207563638687134,-0.5970771661111565,0.10019256919622421,1.6155433900696279,-0.4130518962943327,0.10759499081772847,1.6709784547620825,5.0,21.0,2.0,0.9561522826249446,0.2925067177795505,-0.014581923225091765,0.9,1.6312986612319946,-0.40386736392974854,0.11256861686706543,0.14306609332561493,direct,SAFE_PROGRESSING,NONE,1,0,"0.857,7.616;1.005,8.093;1.153,8.571;1.300,9.048;1.448,9.526;1.596,10.004;1.744,10.481",0,1,PASS_THROUGH,-1,0.9545801785124142,0.297648769135546,-0.013486772160229052,0.9,2.516374901599264,3.0630331028667936,0.0,0,0,0,DIRECT_LOCAL,PASS_THROUGH,0,BYPASS_VISIBLE,1,10,5.0,21.0,2.0,5.0,21.0,2.0,1,
215,7.2,0.033333,0.9398307800292969,7.689567565917969,2.210810661315918,-0.5937542832490932,0.09925848245620728,1.6180291117358598,-0.41155404161038933,0.10783661215740452,1.673028293398581,5.0,21.0,2.0,0.9565161946707371,0.2913002902761428,-0.014863048733271765,0.9,1.6335785388946533,-0.40238964557647705,0.11272864043712616,0.14189857244491577,direct,SAFE_PROGRESSING,NONE,1,0,"0.898,7.652;1.045,8.130;1.192,8.608;1.339,9.086;1.486,9.564;1.633,10.042;1.780,10.520",0,1,PASS_THROUGH,-1,0.9545801785124142,0.297648769135546,-0.013486772160229052,0.9,2.545809098905764,3.0877155410546777,0.0,0,0,0,DIRECT_LOCAL,PASS_THROUGH,0,BYPASS_VISIBLE,1,10,5.0,21.0,2.0,5.0,21.0,2.0,1,
216,7.233333,0.033333,0.9811629056930542,7.726914405822754,2.2140698432922363,-0.5904619132564937,0.09835755825042725,1.6204769551580844,-0.41007458599516816,0.10807366376830121,1.6750482515670493,5.0,21.0,2.0,0.956869293521271,0.2901236267288588,-0.01514715583195831,0.9,1.635828971862793,-0.4009270668029785,0.11288440972566605,0.14077147841453552,direct,SAFE_PROGRESSING,NONE,1,0,"0.940,7.690;1.086,8.168;1.232,8.646;1.377,9.124;1.523,9.603;1.669,10.081;1.815,10.559",1,1,PASS_THROUGH,-1,0.9569790827032533,0.2901569149071585,0.0,0.9,2.575932513318005,3.112894895362489,0.0,0,0,0,DIRECT_LOCAL,PASS_THROUGH,0,BYPASS_VISIBLE,1,10,5.0,21.0,2.0,5.0,21.0,2.0,1,
217,7.266667,0.033333,1.022377371788025,7.764490127563477,2.217341661453247,-0.5871990244424061,0.097488172352314,1.6228876850246927,-0.40861322477474854,0.10830620302615508,1.6770388902108286,5.0,21.0,2.0,0.9572119492206101,0.2889758966797893,-0.015434228435270833,0.9,1.6380515098571777,-0.3994767367839813,0.11303624510765076,0.13968929648399353,direct,SAFE_PROGRESSING,NONE,1,0,"0.981,7.727;1.126,8.205;1.271,8.684;1.416,9.163;1.561,9.641;1.706,10.120;1.851,10.598",0,1,PASS_THROUGH,-1,0.956869293521271,0.2901236267288588,-0.01514715583195831,0.9,2.606726167595614,3.138564486142141,0.0,0,0,0,DIRECT_LOCAL,PASS_THROUGH,0,BYPASS_VISIBLE,1,10,5.0,21.0,2.0,5.0,21.0,2.0,1,
218,7.3,0.033333,1.0634740591049194,7.802290916442871,2.220625162124634,-0.5839645371613171,0.09664925187826157,1.6252624752769027,-0.4071695258828534,0.10853441243987827,1.6790011480146587,5.0,21.0,2.0,0.9575445424482599,0.28785620441821447,-0.01572433799852525,0.9,1.640245795249939,-0.39803850650787354,0.11318393051624298,0.13865122199058533,direct,SAFE_PROGRESSING,NONE,1,0,"1.022,7.764;1.166,8.243;1.310,8.722;1.454,9.201;1.598,9.680;1.742,10.159;1.886,10.638",0,1,PASS_THROUGH,-1,0.956869293521271,0.2901236267288588,-0.01514715583195831,0.9,2.6381711759489184,3.1647182165792724,0.0,0,0,0,DIRECT_LOCAL,PASS_THROUGH,0,BYPASS_VISIBLE,1,10,5.0,21.0,2.0,5.0,21.0,2.0,1,
219,7.333333,0.033333,1.1044528484344482,7.8403143882751465,2.2239205837249756,-0.5807574464623618,0.09584024548530579,1.6276021152182367,-0.4057430926156231,0.10875798872965915,1.6809355736555425,5.0,21.0,2.0,0.9578674155544196,0.2867637624960592,-0.016017451051927627,0.9,1.6424121856689453,-0.39661481976509094,0.113326795399189,0.1376507431268692,direct,SAFE_PROGRESSING,NONE,1,0,"1.063,7.802;1.206,8.281;1.349,8.761;1.492,9.240;1.635,9.719;1.778,10.198;1.921,10.677",0,1,PASS_THROUGH,-1,0.956869293521271,0.2901236267288588,-0.01514715583195831,0.9,2.6702494074197136,3.191349412469912,0.0,0,0,0,DIRECT_LOCAL,PASS_THROUGH,0,BYPASS_VISIBLE,1,10,5.0,21.0,2.0,5.0,21.0,2.0,1,
220,7.366667,0.033333,1.1453135013580322,7.8785576820373535,2.2272276878356934,-0.5775767486694728,0.09506051987409592,1.6299072701420632,-0.4043335724847353,0.10897627644250879,1.6828425879824576,5.0,21.0,2.0,0.9581809114599589,0.2856977540187984,-0.016313621988278577,0.9,1.6445482969284058,-0.3952075242996216,0.11346444487571716,0.13668236136436462,direct,SAFE_PROGRESSING,NONE,1,0,"1.104,7.840;1.246,8.320;1.388,8.799;1.530,9.279;1.672,9.758;1.814,10.237;1.956,10.717",0,1,PASS_THROUGH,-1,0.956869293521271,0.2901236267288588,-0.01514715583195831,0.9,2.7029427199556215,3.21845138403462,0.0,0,0,0,DIRECT_LOCAL,PASS_THROUGH,0,BYPASS_VISIBLE,1,10,5.0,21.0,2.0,5.0,21.0,2.0,1,
221,7.4,0.033333,1.1860557794570923,7.917018413543701,2.230546236038208,-0.5744214805939863,0.09430903941392899,1.632178667219058,-0.40294017589343484,0.10918847666169659,1.684722561880654,5.0,21.0,2.0,0.9584853554389497,0.28465740099760795,-0.016612870503227715,0.9,1.646657943725586,-0.39381474256515503,0.1135968416929245,0.13574868440628052,direct,SAFE_PROGRESSING,NONE,1,0,"1.145,7.879;1.286,8.358;1.427,8.838;1.568,9.318;1.709,9.797;1.850,10.277;1.991,10.757",0,1,PASS_THROUGH,-1,0.956869293521271,0.2901236267288588,-0.01514715583195831,0.9,2.7362333105510004,3.2460172410149175,0.0,0,0,0,DIRECT_LOCAL,PASS_THROUGH,0,BYPASS_VISIBLE,1,10,5.0,21.0,2.0,5.0,21.0,2.0,1,
222,7.433333,0.033333,1.2266795635223389,7.955694198608398,2.2338759899139404,-0.5712905711750248,0.09358462691307068,1.6344174824883833,-0.40156223135125,0.10939426982261762,1.686576366187278,5.0,21.0,2.0,0.958781100382695,0.28364181105767017,-0.016915217080291603,0.9,1.648738980293274,-0.3924369215965271,0.11372403800487518,0.13484790921211243,direct,SAFE_PROGRESSING,NONE,1,0,"1.186,7.917;1.326,8.397;1.466,8.877;1.606,9.357;1.746,9.837;1.886,10.317;2.026,10.797",1,1,PASS_THROUGH,-1,0.958918295239007,0.28368239821306634,0.0,0.9,2.770103659163456,3.2740401777525814,0.0,0,0,0,DIRECT_LOCAL,PASS_THROUGH,0,BYPASS_VISIBLE,1,10,5.0,21.0,2.0,5.0,21.0,2.0,1,
223,7.466667,0.033333,1.2671846151351929,7.994581699371338,2.237215995788574,-0.5681834054477423,0.09288623183965683,1.6366240580431366,-0.4001994101818001,0.10959340313415755,1.6884041546045692,5.0,21.0,2.0,0.9590683618328819,0.282650535865256,-0.01722068251480371,0.9,1.6507947444915771,-0.3910727798938751,0.113846056163311,0.13397954404354095,direct,SAFE_PROGRESSING,NONE,1,0,"1.227,7.956;1.366,8.436;1.505,8.916;1.643,9.397;1.782,9.877;1.921,10.357;2.060,10.838",0,1,PASS_THROUGH,-1,0.958781100382695,0.28364181105767017,-0.016915217080291603,0.9,2.8045367645109733,3.30251350565955,0.0,0,0,0,DIRECT_LOCAL,PASS_THROUGH,0,BYPASS_VISIBLE,1,10,5.0,21.0,2.0,5.0,21.0,2.0,1,
224,7.5,0.033333,1.3075706958770752,8.033679962158203,2.2405664920806885,-0.5650991382787725,0.09221287071704865,1.6387990859562143,-0.39885180083716454,0.10978614782014794,1.6902065558431492,5.0,21.0,2.0,0.9593474139198505,0.281682916357037,-0.017529233807836633,0.9,1.6528230905532837,-0.38972052931785583,0.11396325379610062,0.13314856588840485,direct,SAFE_PROGRESSING,NONE,1,0,"1.267,7.995;1.405,8.475;1.543,8.956;1.681,9.436;1.819,9.917;1.957,10.398;2.095,10.878",0,1,PASS_THROUGH,-1,0.958781100382695,0.28364181105767017,-0.016915217080291603,0.9,2.839516036964079,3.3314298741411137,0.0,0,0,0,DIRECT_LOCAL,PASS_THROUGH,0,BYPASS_VISIBLE,1,10,5.0,21.0,2.0,5.0,21.0,2.0,1,
225,7.533333,0.033333,1.3478378057479858,8.07298469543457,2.243927240371704,-0.5620370191184908,0.09156385064125061,1.6409430278024553,-0.39751912470253803,0.10997243028574166,1.6919838682507327,5.0,21.0,2.0,0.9596185116746613,0.28073833602040255,-0.017840928781970553,0.9,1.6548261642456055,-0.38838332891464233,0.11407500505447388,0.13234463334083557,direct,SAFE_PROGRESSING,NONE,1,0,"1.308,8.034;1.445,8.515;1.581,8.995;1.718,9.476;1.855,9.957;1.992,10.438;2.129,10.919",0,1,PASS_THROUGH,-1,0.958781100382695,0.28364181105767017,-0.016915217080291603,0.9,2.8750249822002636,3.3607830284920714,0.0,0,0,0,DIRECT_LOCAL,PASS_THROUGH,0,BYPASS_VISIBLE,1,10,5.0,21.0,2.0,5.0,21.0,2.0,1,
226,7.566667,0.033333,1.3879855871200562,8.112494468688965,2.247298002243042,-0.5589960068090208,0.09093856066465378,1.643056446895614,-0.3962011830640153,0.11015213057295653,1.6937365075525552,5.0,21.0,2.0,0.9598819638716445,0.27981598033701394,-0.0181557864591637,0.9,1.6568022966384888,-0.3870600759983063,0.11418144404888153,0.1315702497959137,direct,SAFE_PROGRESSING,NONE,1,0,"1.348,8.073;1.484,8.554;1.620,9.035;1.756,9.516;1.892,9.998;2.028,10.479;2.163,10.960",0,1,PASS_THROUGH,-1,0.958781100382695,0.28364181105767017,-0.016915217080291603,0.9,2.9110481664489476,3.3905656242167357,0.0,0,0,0,DIRECT_LOCAL,PASS_THROUGH,0,BYPASS_VISIBLE,1,10,5.0,21.0,2.0,5.0,21.0,2.0,1,
227,7.6,0.033333,1.4280139207839966,8.152207374572754,2.250678300857544,-0.555975375370372,0.09033612161874771,1.6451400264711302,-0.39489779445056544,0.11032507692949113,1.6954650091815078,5.0,21.0,2.0,0.9601380096632022,0.2789152559833212,-0.018473829590621,0.9,1.6587541103363037,-0.3857494592666626,0.1142825186252594,0.13082650303840637,direct,SAFE_PROGRESSING,NONE,1,0,"1.388,8.112;1.523,8.594;1.658,9.075;1.793,9.557;1.928,10.038;2.063,10.520;2.198,11.001",0,1,PASS_THROUGH,-1,0.958781100382695,0.28364181105767017,-0.016915217080291603,0.9,2.947569878311372,3.4207707040127824,0.0,0,0,0,DIRECT_LOCAL,PASS_THROUGH,0,BYPASS_VISIBLE,1,10,5.0,21.0,2.0,5.0,21.0,2.0,1,
228,7.633333,0.033333,1.467922568321228,8.192120552062988,2.25406813621521,-0.5529743595862256,0.08975578844547272,1.6471942650637303,-0.3936085478812107,0.1104912647441567,1.6971696896329376,5.0,21.0,2.0,0.9603868879454016,0.27803555721164663,-0.01879506287714673,0.9,1.6606800556182861,-0.3844525218009949,0.11437813937664032,0.130109965801239,direct,SAFE_PROGRESSING,NONE,1,0,"1.428,8.152;1.562,8.634;1.696,9.116;1.830,9.597;1.964,10.079;2.098,10.561;2.232,11.043",1,1,PASS_THROUGH,-1,0.9605565633420982,0.2780846788667398,0.0,0.9,2.9845751515176615,3.4513914254256934,0.0,0,0,0,DIRECT_LOCAL,PASS_THROUGH,0,BYPASS_VISIBLE,1,10,5.0,21.0,2.0,5.0,21.0,2.0,1,
229,7.666667,0.033333,1.5077115297317505,8.232231140136719,2.257467031478882,-0.5499922668121661,0.0891968309879303,1.649219751534812,-0.39233314010154313,0.11065054193539109,1.698850971717378,5.0,21.0,2.0,0.9606288100040619,0.27717635745386104,-0.01911952559008041,0.9,1.6625823974609375,-0.38316959142684937,0.11446799337863922,0.12941871583461761,direct,SAFE_PROGRESSING,NONE,1,0,"1.468,8.192;1.601,8.674;1.734,9.156;1.867,9.638;2.000,10.120;2.133,10.602;2.265,11.084",0,1,PASS_THROUGH,-1,0.9603868879454016,0.27803555721164663,-0.01879506287714673,0.9,3.0220493954373895,3.482421175839419,0.0,0,0,0,DIRECT_LOCAL,PASS_THROUGH,0,BYPASS_VISIBLE,1,10,5.0,21.0,2.0,5.0,21.0,2.0,1,
230,7.7,0.033333,1.5473802089691162,8.272538185119629,2.2608747482299805,-0.5470285048084998,0.08865848183631897,1.6512175941062788,-0.39107097544160796,0.11080294485408493,1.7005097304947465,5.0,21.0,2.0,0.9608639517611417,0.2763372428377531,-0.019447221569963303,0.9,1.6644595861434937,-0.38189950585365295,0.11455228924751282,0.12875431776046753,direct,SAFE_PROGRESSING,NONE,1,0,"1.508,8.232;1.640,8.715;1.772,9.197;1.903,9.679;2.035,10.161;2.167,10.644;2.299,11.126",0,1,PASS_THROUGH,-1,0.9603868879454016,0.27803555721164663,-0.01879506287714673,0.9,3.059978644273188,3.5138524146099472,0.0,0,0,0,DIRECT_LOCAL,PASS_THROUGH,0,BYPASS_VISIBLE,1,10,5.0,21.0,2.0,5.0,21.0,2.0,1,
231,7.733333,0.033333,1.5869287252426147,8.313039779663086,2.2642910480499268,-0.5440823809973581,0.08813994377851486,1.653187683508612,-0.38982234737665733,0.11094825996049654,1.7021458503333609,5.0,21.0,2.0,0.9610925358243542,0.27551762442399164,-0.019778175205839167,0.9,1.666313648223877,-0.38064274191856384,0.11463072896003723,0.12811484932899475,direct,SAFE_PROGRESSING,NONE,1,0,"1.547,8.273;1.678,8.755;1.809,9.238;1.940,9.720;2.071,10.203;2.202,10.685;2.333,11.168",0,1,PASS_THROUGH,-1,0.9603868879454016,0.27803555721164663,-0.01879506287714673,0.9,3.0983486717408235,3.545678559214763,0.0,0,0,0,DIRECT_LOCAL,PASS_THROUGH,0,BYPASS_VISIBLE,1,10,5.0,21.0,2.0,5.0,21.0,2.0,1,
232,7.766667,0.033333,1.626356601715088,8.35373306274414,2.2677152156829834,-0.5411531319184374,0.08764058351516724,1.6551308819734067,-0.38858678763632953,0.11108660454784339,1.7037600070718757,5.0,21.0,2.0,0.9613147811620378,0.2747169133403648,-0.02011241020181441,0.9,1.6681450605392456,-0.3793973922729492,0.11470344662666321,0.1275019347667694,direct,SAFE_PROGRESSING,NONE,1,0,"1.587,8.313;1.717,8.796;1.847,9.279;1.977,9.762;2.106,10.244;2.236,10.727;2.366,11.210",0,1,PASS_THROUGH,-1,0.9603868879454016,0.27803555721164663,-0.01879506287714673,0.9,3.1371464558001763,3.5778926467435044,0.0,0,0,0,DIRECT_LOCAL,PASS_THROUGH,0,BYPASS_VISIBLE,1,10,5.0,21.0,2.0,5.0,21.0,2.0,1,
233,7.8,0.033333,1.6656638383865356,8.394617080688477,2.2711474895477295,-0.5382402354639824,0.08715987205505371,1.6570475137884164,-0.3873643652611448,0.11121798268245806,1.7053524721002686,5.0,21.0,2.0,0.9615308447293051,0.2739347289267731,-0.020449912517282242,0.9,1.669952392578125,-0.37816521525382996,0.1147703155875206,0.1269121766090393,direct,SAFE_PROGRESSING,NONE,1,0,"1.626,8.354;1.755,8.837;1.884,9.320;2.013,9.803;2.142,10.286;2.271,10.769;2.400,11.252",0,1,PASS_THROUGH,-1,0.9603868879454016,0.27803555721164663,-0.01879506287714673,0.9,3.1763587953845,3.6104879182109375,0.0,0,0,0,DIRECT_LOCAL,PASS_THROUGH,0,BYPASS_VISIBLE,1,10,5.0,21.0,2.0,5.0,21.0,2.0,1,
234,7.833333,0.033333,1.704850196838379,8.435688972473145,2.2745871543884277,-0.5353429523219451,0.08669734746217728,1.658937959755136,-0.38615469439033684,0.11134219506383729,1.7069234566077827,5.0,21.0,2.0,0.9617409394256423,0.2731704786330212,-0.020790744000380938,0.9,1.671737551689148,-0.37694457173347473,0.11483132094144821,0.12634794414043427,direct,SAFE_PROGRESSING,NONE,1,0,"1.666,8.395;1.794,8.878;1.921,9.361;2.049,9.845;2.177,10.328;2.305,10.811;2.433,11.295",1,1,PASS_THROUGH,-1,0.9619488655181364,0.27322953743761025,0.0,0.9,3.2159733527185805,3.6434577437536992,0.0,0,0,0,DIRECT_LOCAL,PASS_THROUGH,0,BYPASS_VISIBLE,1,10,5.0,21.0,2.0,5.0,21.0,2.0,1,
235,7.866667,0.033333,1.743915319442749,8.476947784423828,2.278033971786499,-0.5324607615044806,0.08625252544879913,1.66080291613244,-0.38495759204265934,0.11145884077822285,1.708473513722974,5.0,21.0,2.0,0.9619452114433783,0.2724237995507033,-0.021134891045670318,0.9,1.6734981536865234,-0.3757399022579193,0.11488597095012665,0.12579850852489471,direct,SAFE_PROGRESSING,NONE,1,0,"1.705,8.436;1.832,8.919;1.959,9.403;2.085,9.887;2.212,10.370;2.339,10.854;2.466,11.338",0,1,PASS_THROUGH,-1,0.9617409394256423,0.2731704786330212,-0.020790744000380938,0.9,3.2548816582738773,3.67679515836382,0.0,0,0,0,DIRECT_LOCAL,PASS_THROUGH,0,BYPASS_VISIBLE,1,10,5.0,21.0,2.0,5.0,21.0,2.0,1,
236,7.9,0.033333,1.782859206199646,8.518391609191895,2.2814881801605225,-0.5295931682534828,0.08582457154989243,1.6626428481459585,-0.3837728976266316,0.11156770767206124,1.7100029914707295,5.0,21.0,2.0,0.962143809235472,0.2716943093236499,-0.021482379546975145,0.9,1.6752371788024902,-0.37454652786254883,0.11493473500013351,0.1252736896276474,direct,SAFE_PROGRESSING,NONE,1,0,"1.744,8.477;1.870,8.961;1.996,9.445;2.121,9.929;2.247,10.413;2.373,10.896;2.499,11.380",0,1,PASS_THROUGH,-1,0.9617409394256423,0.2731704786330212,-0.020790744000380938,0.9,3.294025548587166,3.7104937692610243,0.0,0,0,0,DIRECT_LOCAL,PASS_THROUGH,0,BYPASS_VISIBLE,1,10,5.0,21.0,2.0,5.0,21.0,2.0,1,
237,7.933333,0.033333,1.8216814994812012,8.560018539428711,2.2849488258361816,-0.5267394723053741,0.08541276305913925,1.6644581354995092,-0.38260035881009685,0.11166898452342724,1.711512162240342,5.0,21.0,2.0,0.962336921430149,0.2709814715281212,-0.021833271417658784,0.9,1.6769566535949707,-0.3733620345592499,0.11497765779495239,0.12477579712867737,direct,SAFE_PROGRESSING,NONE,1,0,"1.783,8.518;1.908,9.003;2.032,9.487;2.157,9.971;2.282,10.455;2.407,10.939;2.532,11.423",0,1,PASS_THROUGH,-1,0.9617409394256423,0.2731704786330212,-0.020790744000380938,0.9,3.333009087704264,3.7445468979277745,0.0,0,0,0,DIRECT_LOCAL,PASS_THROUGH,0,BYPASS_VISIBLE,1,10,5.0,21.0,2.0,5.0,21.0,2.0,1,
238,7.966667,0.033333,1.8603819608688354,8.601825714111328,2.2884159088134766,-0.5238992968831635,0.08501695841550827,1.666248971072272,-0.3814401721316917,0.11176294926807424,1.7130012245600872,5.0,21.0,2.0,0.962524655538119,0.2702850360312967,-0.02218753656416242,0.9,1.6786525249481201,-0.37219110131263733,0.11501432955265045,0.12429627776145935,direct,SAFE_PROGRESSING,NONE,1,0,"1.822,8.560;1.945,9.044;2.069,9.529;2.193,10.013;2.317,10.498;2.441,10.982;2.564,11.467",0,1,PASS_THROUGH,-1,0.9617409394256423,0.2731704786330212,-0.020790744000380938,0.9,3.371696383880981,3.7789481434623085,0.0,0,0,0,DIRECT_LOCAL,PASS_THROUGH,0,BYPASS_VISIBLE,1,10,5.0,21.0,2.0,5.0,21.0,2.0,1,
239,8.0,0.033333,1.8989603519439697,8.643814086914062,2.291888952255249,-0.5210719641374187,0.08463688939809799,1.668015932709808,-0.38029149878343144,0.11184951870112948,1.7144704986246904,5.0,21.0,2.0,0.9627071895055713,0.2696044889287291,-0.0225452173146073,0.9,1.6803278923034668,-0.3710309863090515,0.11504477262496948,0.12383879721164703,direct,SAFE_PROGRESSING,NONE,1,0,"1.860,8.602;1.983,9.087;2.106,9.571;2.229,10.056;2.351,10.541;2.474,11.025;2.597,11.510",0,1,PASS_THROUGH,-1,0.9617409394256423,0.2731704786330212,-0.020790744000380938,0.9,3.4107757216889403,3.813690822516965,0.0,0,0,0,DIRECT_LOCAL,PASS_THROUGH,0,BYPASS_VISIBLE,1,10,5.0,21.0,2.0,5.0,21.0,2.0,1,
240,8.033333,0.033333,1.937416434288025,8.685980796813965,2.295368194580078,-0.5182571776837669,0.08427219837903976,1.6697593818380478,-0.3791551553652971,0.11192849220060871,1.7159204563273218,5.0,21.0,2.0,0.9628846164245596,0.26893961347012607,-0.022906325752243856,0.9,1.6819816827774048,-0.3698835074901581,0.11506878584623337,0.12339946627616882,direct,SAFE_PROGRESSING,NONE,1,0,"1.899,8.644;2.021,9.129;2.142,9.614;2.264,10.099;2.386,10.584;2.508,11.069;2.629,11.554",1,1,PASS_THROUGH,-1,0.9631373285407157,0.26901019752316724,0.0,0.9,3.45023601977966,3.8487687205002565,0.0,0,0,0,DIRECT_LOCAL,PASS_THROUGH,0,BYPASS_VISIBLE,1,10,5.0,21.0,2.0,5.0,21.0,2.0,1,
241,8.066667,0.033333,1.9757499694824219,8.72832202911377,2.2988529205322266,-0.5154540661261661,0.08392246812582016,1.6714797023804633,-0.37803015315699107,0.11199971020989913,1.717351195082963,5.0,21.0,2.0,0.9630571611054078,0.26828971009237246,-0.023270923964105003,0.9,1.6836142539978027,-0.36874860525131226,0.11508632451295853,0.122977115213871,direct,SAFE_PROGRESSING,NONE,1,0,"1.937,8.686;2.058,9.171;2.179,9.656;2.299,10.142;2.420,10.627;2.541,11.112;2.661,11.597",0,1,PASS_THROUGH,-1,0.9628846164245596,0.26893961347012607,-0.022906325752243856,0.9,3.4900664983986136,3.884175716744287,0.0,0,0,0,DIRECT_LOCAL,PASS_THROUGH,0,BYPASS_VISIBLE,1,10,5.0,21.0,2.0,5.0,21.0,2.0,1,
242,8.1,0.033333,2.013960599899292,8.770833015441895,2.302342653274536,-0.5126624269533119,0.08358706533908844,1.6731773583776706,-0.3769166590882814,0.11206309962150668,1.71876315377737,5.0,21.0,2.0,0.9632248633117775,0.267654741195112,-0.02363899773224732,0.9,1.6852269172668457,-0.36762508749961853,0.11509747803211212,0.12257429212331772,direct,SAFE_PROGRESSING,NONE,1,0,"1.976,8.728;2.095,9.214;2.215,9.699;2.335,10.185;2.454,10.670;2.574,11.156;2.694,11.641",0,1,PASS_THROUGH,-1,0.9628846164245596,0.26893961347012607,-0.022906325752243856,0.9,3.5302565903022614,3.919905619385416,0.0,0,0,0,DIRECT_LOCAL,PASS_THROUGH,0,BYPASS_VISIBLE,1,10,5.0,21.0,2.0,5.0,21.0,2.0,1,
243,8.133333,0.033333,2.0520479679107666,8.813521385192871,2.305837631225586,-0.5098816178353246,0.0832655131816864,1.6748524074617674,-0.3758143161092215,0.11211884826855094,1.7201562786881273,5.0,21.0,2.0,0.9633878766172022,0.26703425380075896,-0.02401054943291615,0.9,1.6868195533752441,-0.36651164293289185,0.1151023805141449,0.12219281494617462,direct,SAFE_PROGRESSING,NONE,1,0,"2.014,8.771;2.133,9.257;2.251,9.742;2.370,10.228;2.488,10.714;2.607,11.199;2.726,11.685",0,1,PASS_THROUGH,-1,0.9628846164245596,0.26893961347012607,-0.022906325752243856,0.9,3.5707957626198223,3.95595168088241,0.0,0,0,0,DIRECT_LOCAL,PASS_THROUGH,0,BYPASS_VISIBLE,1,10,5.0,21.0,2.0,5.0,21.0,2.0,1,
244,8.166667,0.033333,2.090012550354004,8.856375694274902,2.3093366622924805,-0.5071113462460061,0.08295756578445435,1.67650543191586,-0.3747235311963873,0.11216683977827473,1.7215311754428149,5.0,21.0,2.0,0.963546319622745,0.2664279066750237,-0.024385661488422812,0.9,1.6883915662765503,-0.3654116988182068,0.11510045826435089,0.12182348966598511,direct,SAFE_PROGRESSING,NONE,1,0,"2.052,8.814;2.170,9.300;2.287,9.785;2.405,10.271;2.522,10.757;2.640,11.243;2.757,11.729",0,1,PASS_THROUGH,-1,0.9628846164245596,0.26893961347012607,-0.022906325752243856,0.9,3.6116745539408797,3.992309054765877,0.0,0,0,0,DIRECT_LOCAL,PASS_THROUGH,0,BYPASS_VISIBLE,1,10,5.0,21.0,2.0,5.0,21.0,2.0,1,
245,8.2,0.033333,2.1278536319732666,8.899407386779785,2.312840700149536,-0.5043510862677614,0.08266274631023407,1.6781367457141911,-0.3736441434778508,0.11220692810852577,1.7228880631042356,5.0,21.0,2.0,0.9637002618116993,0.26583554393504316,-0.024764267904014318,0.9,1.689942479133606,-0.3643247187137604,0.11509188264608383,0.12146878242492676,direct,SAFE_PROGRESSING,NONE,1,0,"2.090,8.856;2.207,9.343;2.323,9.829;2.440,10.315;2.556,10.801;2.673,11.288;2.789,11.774",0,1,PASS_THROUGH,-1,0.9628846164245596,0.26893961347012607,-0.022906325752243856,0.9,3.652883440896669,4.028970897059063,0.0,0,0,0,DIRECT_LOCAL,PASS_THROUGH,0,BYPASS_VISIBLE,1,10,5.0,21.0,2.0,5.0,21.0,2.0,1,
246,8.233333,0.033333,2.1655707359313965,8.942604064941406,2.3163485527038574,-0.501600429011415,0.08238035440444946,1.6797465755392034,-0.37257577391295604,0.11223882516616994,1.7242270207885042,5.0,21.0,2.0,0.9638498733257653,0.2652566198281568,-0.025146517199142404,0.9,1.6914730072021484,-0.3632514178752899,0.1150764599442482,0.12112472951412201,direct,SAFE_PROGRESSING,NONE,1,0,"2.128,8.899;2.243,9.386;2.359,9.872;2.474,10.359;2.590,10.845;2.705,11.332;2.821,11.818",1,1,PASS_THROUGH,-1,0.9641547618756144,0.26534052678129905,0.0,0.9,3.694413737002831,4.065931497312942,0.0,0,0,0,DIRECT_LOCAL,PASS_THROUGH,0,BYPASS_VISIBLE,1,10,5.0,21.0,2.0,5.0,21.0,2.0,1,
247,8.266667,0.033333,2.2031638622283936,8.985966682434082,2.3198599815368652,-0.4988589685938518,0.0821094810962677,1.6813352125915153,-0.371518669806004,0.11226256931926346,1.7255483486662266,5.0,21.0,2.0,0.9639952037197632,0.264691040200306,-0.025532341118121357,0.9,1.6929852962493896,-0.36218827962875366,0.11505477130413055,0.12079835683107376,direct,SAFE_PROGRESSING,NONE,1,0,"2.166,8.943;2.280,9.429;2.394,9.916;2.509,10.403;2.623,10.890;2.738,11.376;2.852,11.863",0,1,PASS_THROUGH,-1,0.9638498733257653,0.2652566198281568,-0.025146517199142404,0.9,3.736255323919699,4.103185253335709,0.0,0,0,0,DIRECT_LOCAL,PASS_THROUGH,0,BYPASS_VISIBLE,1,10,5.0,21.0,2.0,5.0,21.0,2.0,1,
248,8.3,0.033333,2.2406325340270996,9.029494285583496,2.3233749866485596,-0.49612641312343625,0.0818495824933052,1.6829025703069866,-0.37047318968925885,0.11227874832173702,1.7268520384645267,5.0,21.0,2.0,0.9641363248707343,0.26413861647824083,-0.0259217736606665,0.9,1.694480299949646,-0.3611331880092621,0.11502684652805328,0.12049267441034317,direct,SAFE_PROGRESSING,NONE,1,0,"2.203,8.986;2.317,9.473;2.430,9.960;2.543,10.447;2.657,10.934;2.770,11.421;2.883,11.908",0,1,PASS_THROUGH,-1,0.9638498733257653,0.2652566198281568,-0.025146517199142404,0.9,3.778399915960423,4.140726260915727,0.0,0,0,0,DIRECT_LOCAL,PASS_THROUGH,0,BYPASS_VISIBLE,1,10,5.0,21.0,2.0,5.0,21.0,2.0,1,
249,8.333333,0.033333,2.2779767513275146,9.073186874389648,2.3268933296203613,-0.4934022917984313,0.0816006138920784,1.6844491380227193,-0.3694388978640369,0.11228778925819033,1.7281384624667573,5.0,21.0,2.0,0.9642733544406217,0.26359898672786397,-0.026314864846219387,0.9,1.6959553956985474,-0.36008942127227783,0.11499237269163132,0.12020143866539001,direct,SAFE_PROGRESSING,NONE,1,0,"2.241,9.029;2.353,9.517;2.465,10.004;2.578,10.491;2.690,10.978;2.802,11.466;2.915,11.953",0,1,PASS_THROUGH,-1,0.9638498733257653,0.2652566198281568,-0.025146517199142404,0.9,3.820838884058308,4.178549220062097,0.0,0,0,0,DIRECT_LOCAL,PASS_THROUGH,0,BYPASS_VISIBLE,1,10,5.0,21.0,2.0,5.0,21.0,2.0,1,
250,8.366667,0.033333,2.3151962757110596,9.117040634155273,2.3304145336151123,-0.49068630544553093,0.08136256784200668,1.6859748869368814,-0.36841606853779413,0.11228959314909819,1.7294076071499929,5.0,21.0,2.0,0.964406358169286,0.263071975256483,-0.02671164834500561,0.9,1.6974129676818848,-0.3590558171272278,0.11495104432106018,0.11992646008729935,direct,SAFE_PROGRESSING,NONE,1,0,"2.278,9.073;2.389,9.561;2.500,10.048;2.612,10.536;2.723,11.023;2.834,11.511;2.945,11.998",0,1,PASS_THROUGH,-1,0.9638498733257653,0.2652566198281568,-0.025146517199142404,0.9,3.8635644829920417,4.216648643743025,0.0,0,0,0,DIRECT_LOCAL,PASS_THROUGH,0,BYPASS_VISIBLE,1,10,5.0,21.0,2.0,5.0,21.0,2.0,1,
251,8.4,0.033333,2.352290153503418,9.161052703857422,2.3339383602142334,-0.48797804186013105,0.08113543689250946,1.6874807635186324,-0.3674041153929414,0.11228384570075389,1.7306602131147657,5.0,21.0,2.0,0.9645354174985606,0.2625573475732935,-0.02711213060889964,0.9,1.6988506317138672,-0.3580354154109955,0.11490239948034286,0.11966051161289215,direct,SAFE_PROGRESSING,NONE,1,0,"2.315,9.117;2.425,9.605;2.536,10.092;2.646,10.580;2.756,11.068;2.866,11.556;2.976,12.043",0,1,PASS_THROUGH,-1,0.9638498733257653,0.2652566198281568,-0.025146517199142404,0.9,3.9065684853274822,4.255018367630701,0.0,0,0,0,DIRECT_LOCAL,PASS_THROUGH,0,BYPASS_VISIBLE,1,10,5.0,21.0,2.0,5.0,21.0,2.0,1,
252,8.433333,0.033333,2.3892593383789062,9.205225944519043,2.3374640941619873,-0.4852771218140132,0.08091887831687927,1.6889668268700313,-0.366402815970297,0.1122701216290208,1.7318962284239146,5.0,21.0,2.0,0.9646606230810355,0.26205482890432763,-0.027516339233844635,0.9,1.700270414352417,-0.3570258617401123,0.11484673619270325,0.11940893530845642,direct,SAFE_PROGRESSING,NONE,1,0,"2.352,9.161;2.461,9.649;2.571,10.137;2.680,10.625;2.789,11.113;2.898,11.601;3.007,12.089",1,1,PASS_THROUGH,-1,0.9650260264695166,0.2621540925418789,0.0,0.9,3.9498422562200117,4.293654420017498,0.0,0,0,0,DIRECT_LOCAL,PASS_THROUGH,0,BYPASS_VISIBLE,1,10,5.0,21.0,2.0,5.0,21.0,2.0,1,
253,8.466667,0.033333,2.4261021614074707,9.249556541442871,2.3409926891326904,-0.4825832275714006,0.08071241527795792,1.690433566274112,-0.3654119654026848,0.11224828871047265,1.7331160448060294,5.0,21.0,2.0,0.9647820355610223,0.26156425337267497,-0.027924276469145862,0.9,1.7016730308532715,-0.3560265600681305,0.11478393524885178,0.11917169392108917,direct,SAFE_PROGRESSING,NONE,1,0,"2.389,9.205;2.497,9.693;2.605,10.182;2.713,10.670;2.821,11.158;2.930,11.646;3.038,12.134",0,1,PASS_THROUGH,-1,0.9646606230810355,0.26205482890432763,-0.027516339233844635,0.9,3.9933801689015644,4.332550107315887,0.0,0,0,0,DIRECT_LOCAL,PASS_THROUGH,0,BYPASS_VISIBLE,1,10,5.0,21.0,2.0,5.0,21.0,2.0,1,
254,8.5,0.033333,2.462820291519165,9.29404354095459,2.344521999359131,-0.479896068785575,0.08051574975252151,1.691880794841565,-0.36443195524756106,0.11221833586981729,1.7343195290558995,5.0,21.0,2.0,0.9648997275406642,0.26108539425858746,-0.028336067066370353,0.9,1.7030566930770874,-0.3550395965576172,0.11471390724182129,0.11894430220127106,direct,SAFE_PROGRESSING,NONE,1,0,"2.426,9.250;2.533,9.738;2.640,10.226;2.747,10.715;2.854,11.203;2.961,11.692;3.068,12.180",0,1,PASS_THROUGH,-1,0.9646606230810355,0.26205482890432763,-0.027516339233844635,0.9,4.037173237876308,4.371702247837778,0.0,0,0,0,DIRECT_LOCAL,PASS_THROUGH,0,BYPASS_VISIBLE,1,10,5.0,21.0,2.0,5.0,21.0,2.0,1,
255,8.533333,0.033333,2.499411106109619,9.338685989379883,2.3480536937713623,-0.47721512080227235,0.08032850176095963,1.6933090238465864,-0.3634621384591481,0.11218014801328866,1.7355070042906366,5.0,21.0,2.0,0.9650137811014232,0.2606180126211818,-0.028751587464350387,0.9,1.7044216394424438,-0.3540639877319336,0.11463682353496552,0.11872901022434235,direct,SAFE_PROGRESSING,NONE,1,0,"2.463,9.294;2.569,9.783;2.675,10.271;2.781,10.760;2.886,11.249;2.992,11.737;3.098,12.226",0,1,PASS_THROUGH,-1,0.9646606230810355,0.26205482890432763,-0.027516339233844635,0.9,4.081216421958556,4.411103479471036,0.0,0,0,0,DIRECT_LOCAL,PASS_THROUGH,0,BYPASS_VISIBLE,1,10,5.0,21.0,2.0,5.0,21.0,2.0,1,
256,8.566667,0.033333,2.535874843597412,9.383481979370117,2.3515853881835938,-0.47454041055190666,0.08015023171901703,1.6947183978953184,-0.362503012365157,0.11213366588502774,1.7366786810355863,5.0,21.0,2.0,0.9651242155364391,0.2601620641756308,-0.029171029276460043,0.9,1.7057706117630005,-0.35309675335884094,0.11455271393060684,0.11853034794330597,direct,SAFE_PROGRESSING,NONE,1,0,"2.499,9.339;2.604,9.828;2.709,10.316;2.814,10.805;2.919,11.294;3.024,11.783;3.128,12.272",0,1,PASS_THROUGH,-1,0.9646606230810355,0.26205482890432763,-0.027516339233844635,0.9,4.125500684296156,4.450749327138206,0.0,0,0,0,DIRECT_LOCAL,PASS_THROUGH,0,BYPASS_VISIBLE,1,10,5.0,21.0,2.0,5.0,21.0,2.0,1,
257,8.6,0.033333,2.572211503982544,9.428430557250977,2.3551185131073,-0.4718715296631845,0.07998090237379074,1.696109148354548,-0.3615547501535638,0.11207899726520067,1.7378347971307768,5.0,21.0,2.0,0.9652311069968307,0.2597173284703735,-0.029594245688728392,0.9,1.7071022987365723,-0.3521408140659332,0.11446121335029602,0.11834149807691574,direct,SAFE_PROGRESSING,NONE,1,0,"2.536,9.383;2.640,9.873;2.743,10.362;2.847,10.851;2.951,11.340;3.055,11.829;3.158,12.318",0,1,PASS_THROUGH,-1,0.9646606230810355,0.26205482890432763,-0.027516339233844635,0.9,4.17001983777978,4.49063522837752,0.0,0,0,0,DIRECT_LOCAL,PASS_THROUGH,0,BYPASS_VISIBLE,1,10,5.0,21.0,2.0,5.0,21.0,2.0,1,
258,8.633333,0.033333,2.6084229946136475,9.473530769348145,2.3586535453796387,-0.4692080962840376,0.079820416867733,1.697481197890989,-0.3606170550720765,0.11201612291788593,1.7389751836630212,5.0,21.0,2.0,0.9653345236800286,0.25928357493713705,-0.030021411680174002,0.9,1.7084152698516846,-0.3511960804462433,0.11436232924461365,0.11816425621509552,direct,SAFE_PROGRESSING,NONE,1,0,"2.572,9.428;2.675,9.918;2.778,10.407;2.880,10.896;2.983,11.386;3.086,11.875;3.188,12.365",1,1,PASS_THROUGH,-1,0.965769838799394,0.25940049819804245,0.0,0.9,4.214767837909733,4.530758618985231,0.0,0,0,0,DIRECT_LOCAL,PASS_THROUGH,0,BYPASS_VISIBLE,1,10,5.0,21.0,2.0,5.0,21.0,2.0,1,
259,8.666667,0.033333,2.644505262374878,9.518781661987305,2.3621885776519775,-0.46654987139750936,0.07966853678226471,1.6988349093504602,-0.35969001360804503,0.11194482443798419,1.740100169195898,5.0,21.0,2.0,0.9654344563067975,0.2588608664573896,-0.030452625379894058,0.9,1.7097114324569702,-0.3502637445926666,0.11425580084323883,0.11799388378858566,direct,SAFE_PROGRESSING,NONE,1,0,"2.608,9.474;2.710,9.963;2.812,10.453;2.913,10.942;3.015,11.432;3.116,11.921;3.218,12.411",0,1,PASS_THROUGH,-1,0.9653345236800286,0.25928357493713705,-0.030021411680174002,0.9,4.259740706200826,4.571111096687012,0.0,0,0,0,DIRECT_LOCAL,PASS_THROUGH,0,BYPASS_VISIBLE,1,10,5.0,21.0,2.0,5.0,21.0,2.0,1,
260,8.7,0.033333,2.6804604530334473,9.564183235168457,2.3657236099243164,-0.4638965631998908,0.07952482998371124,1.7001703275164197,-0.3587735891863364,0.11186509301376517,1.741209760453896,5.0,21.0,2.0,0.9655310422442491,0.2584487405395938,-0.030887780370748786,0.9,1.7109897136688232,-0.34934210777282715,0.11414195597171783,0.11783504486083984,direct,SAFE_PROGRESSING,NONE,1,0,"2.645,9.519;2.745,10.009;2.845,10.498;2.946,10.988;3.046,11.478;3.147,11.968;3.247,12.458",0,1,PASS_THROUGH,-1,0.9653345236800286,0.25928357493713705,-0.030021411680174002,0.9,4.304928838516779,4.611690633995956,0.0,0,0,0,DIRECT_LOCAL,PASS_THROUGH,0,BYPASS_VISIBLE,1,10,5.0,21.0,2.0,5.0,21.0,2.0,1,
261,8.733333,0.033333,2.7162883281707764,9.609731674194336,2.3692586421966553,-0.4612478823721201,0.07938886433839798,1.7014876811839044,-0.3578676877038767,0.11177708836815103,1.742304143543015,5.0,21.0,2.0,0.9656242830905054,0.2580472183539464,-0.031326937382039954,0.9,1.7122540473937988,-0.34842854738235474,0.11402081698179245,0.11769066005945206,direct,SAFE_PROGRESSING,NONE,1,0,"2.680,9.564;2.780,10.054;2.879,10.544;2.979,11.034;3.078,11.524;3.177,12.014;3.277,12.504",0,1,PASS_THROUGH,-1,0.9653345236800286,0.25928357493713705,-0.030021411680174002,0.9,4.350329100099981,4.6524925008671625,0.0,0,0,0,DIRECT_LOCAL,PASS_THROUGH,0,BYPASS_VISIBLE,1,10,5.0,21.0,2.0,5.0,21.0,2.0,1,
262,8.766667,0.033333,2.7519891262054443,9.655426979064941,2.372790813446045,-0.4586036220831287,0.07926058024168015,1.702787201494453,-0.35697220525079887,0.11168123694908669,1.7433835228031171,5.0,21.0,2.0,0.965714192642183,0.2576562747080453,-0.031770146883971444,0.9,1.7135009765625,-0.3475255072116852,0.11389214545488358,0.11755704879760742,direct,SAFE_PROGRESSING,NONE,1,0,"2.716,9.610;2.815,10.100;2.913,10.590;3.011,11.080;3.109,11.571;3.208,12.061;3.306,12.551",0,1,PASS_THROUGH,-1,0.9653345236800286,0.25928357493713705,-0.030021411680174002,0.9,4.395935318038349,4.693512923005519,0.0,0,0,0,DIRECT_LOCAL,PASS_THROUGH,0,BYPASS_VISIBLE,1,10,5.0,21.0,2.0,5.0,21.0,2.0,1,
263,8.8,0.033333,2.78756046295166,9.70126724243164,2.3763225078582764,-0.4559635130544813,0.0791400596499443,1.704069151974368,-0.35608729499414155,0.11157754229843156,1.7444481603969335,5.0,21.0,2.0,0.9658008134967483,0.2572758036829967,-0.03221722347266076,0.9,1.7147307395935059,-0.34663307666778564,0.1137557253241539,0.11743339896202087,direct,SAFE_PROGRESSING,NONE,1,0,"2.752,9.655;2.849,10.146;2.946,10.636;3.044,11.127;3.141,11.617;3.238,12.108;3.335,12.598",0,1,PASS_THROUGH,-1,0.9653345236800286,0.25928357493713705,-0.030021411680174002,0.9,4.441742816511838,4.734745390378306,0.0,0,0,0,DIRECT_LOCAL,PASS_THROUGH,0,BYPASS_VISIBLE,1,10,5.0,21.0,2.0,5.0,21.0,2.0,1,
264,8.833333,0.033333,2.8230037689208984,9.747251510620117,2.379854202270508,-0.4533272881389992,0.07902716100215912,1.7053335258570248,-0.3552126492339977,0.11146555602637055,1.745497932043477,5.0,21.0,2.0,0.9658842218245449,0.25690551556389996,-0.03266842670286322,0.9,1.7159440517425537,-0.34575197100639343,0.1136113777756691,0.11731860041618347,direct,SAFE_PROGRESSING,NONE,1,0,"2.788,9.701;2.884,10.192;2.980,10.683;3.076,11.173;3.172,11.664;3.268,12.155;3.364,12.645",1,1,PASS_THROUGH,-1,0.9664000431619001,0.2570427135257444,0.0,0.9,4.487744091774571,4.776187372552832,0.0,0,0,0,DIRECT_LOCAL,PASS_THROUGH,0,BYPASS_VISIBLE,1,10,5.0,21.0,2.0,5.0,21.0,2.0,1,
265,8.866667,0.033333,2.8583176136016846,9.793378829956055,2.38338303565979,-0.4506947166436218,0.07892169803380966,1.7065808827373576,-0.354348429699661,0.11134493560528776,1.7465333703196684,5.0,21.0,2.0,0.9659644089289048,0.2565454552901766,-0.033123859264702085,0.9,1.7171413898468018,-0.3448811173439026,0.11345911026000977,0.11721442639827728,direct,SAFE_PROGRESSING,NONE,1,0,"2.823,9.747;2.918,10.238;3.013,10.729;3.108,11.220;3.203,11.711;3.298,12.202;3.393,12.693",0,1,PASS_THROUGH,-1,0.9658842218245449,0.25690551556389996,-0.03266842670286322,0.9,4.533935723262796,4.817833590226019,0.0,0,0,0,DIRECT_LOCAL,PASS_THROUGH,0,BYPASS_VISIBLE,1,10,5.0,21.0,2.0,5.0,21.0,2.0,1,
266,8.9,0.033333,2.893502712249756,9.839648246765137,2.386911153793335,-0.4480655087180565,0.0788234993815422,1.7078111057510896,-0.3534943924588336,0.1112155083989455,1.7475542760483966,5.0,21.0,2.0,0.9660414520928332,0.2561953798292094,-0.03358333206424392,0.9,1.7183222770690918,-0.34402090311050415,0.1132989302277565,0.1171196699142456,direct,SAFE_PROGRESSING,NONE,1,0,"2.858,9.793;2.952,10.284;3.046,10.776;3.140,11.267;3.234,11.758;3.328,12.249;3.421,12.740",0,1,PASS_THROUGH,-1,0.9658842218245449,0.25690551556389996,-0.03266842670286322,0.9,4.580311681225824,4.859680973984487,0.0,0,0,0,DIRECT_LOCAL,PASS_THROUGH,0,BYPASS_VISIBLE,1,10,5.0,21.0,2.0,5.0,21.0,2.0,1,
267,8.933333,0.033333,2.928558111190796,9.886058807373047,2.3904366493225098,-0.4454394264029719,0.07873240113258362,1.7090243390644293,-0.35265056505019465,0.11107736935213108,1.7485607780477697,5.0,21.0,2.0,0.9661153529959601,0.25585527179874756,-0.034047093830171134,0.9,1.719488501548767,-0.3431703448295593,0.11313077807426453,0.11703583598136902,direct,SAFE_PROGRESSING,NONE,1,0,"2.894,9.840;2.986,10.331;3.079,10.822;3.172,11.314;3.264,11.805;3.357,12.296;3.450,12.788",0,1,PASS_THROUGH,-1,0.9658842218245449,0.25690551556389996,-0.03266842670286322,0.9,4.6268681582854,4.901724886965327,0.0,0,0,0,DIRECT_LOCAL,PASS_THROUGH,0,BYPASS_VISIBLE,1,10,5.0,21.0,2.0,5.0,21.0,2.0,1,
268,8.966667,0.033333,2.9634833335876465,9.932609558105469,2.3939595222473145,-0.4428162412908556,0.07864831387996674,1.7102205754165654,-0.35181712304468554,0.11093058986077665,1.749552885857546,5.0,21.0,2.0,0.9661861579720743,0.25552498943441726,-0.03451503900769923,0.9,1.7206357717514038,-0.3423328995704651,0.1129545122385025,0.11695662140846252,direct,SAFE_PROGRESSING,NONE,1,0,"2.929,9.886;3.020,10.378;3.112,10.869;3.203,11.361;3.295,11.852;3.387,12.344;3.478,12.835",0,1,PASS_THROUGH,-1,0.9658842218245449,0.25690551556389996,-0.03266842670286322,0.9,4.673599885748881,4.943961246881,0.0,0,0,0,DIRECT_LOCAL,PASS_THROUGH,0,BYPASS_VISIBLE,1,10,5.0,21.0,2.0,5.0,21.0,2.0,1,
269,9.0,0.033333,2.9982786178588867,9.979299545288086,2.397480010986328,-0.44019576586747805,0.07857086509466171,1.7114001401050765,-0.35099418600735915,0.1107748316935482,1.7505308970422024,5.0,21.0,2.0,0.9662538859996562,0.2552044701010411,-0.034987229541795235,0.9,1.7217686176300049,-0.34150493144989014,0.1127702072262764,0.11688843369483948,direct,SAFE_PROGRESSING,NONE,1,0,"2.963,9.933;3.054,10.424;3.144,10.916;3.235,11.408;3.325,11.900;3.416,12.391;3.506,12.883",0,1,PASS_THROUGH,-1,0.9658842218245449,0.25690551556389996,-0.03266842670286322,0.9,4.720502197090692,4.986386755910844,0.0,0,0,0,DIRECT_LOCAL,PASS_THROUGH,0,BYPASS_VISIBLE,1,10,5.0,21.0,2.0,5.0,21.0,2.0,1,
270,9.033333,0.033333,3.0329434871673584,10.026124954223633,2.4009976387023926,-0.43757774542961025,0.07849974185228348,1.712562898797737,-0.3501815153716142,0.11061025829798714,1.751494620399165,5.0,21.0,2.0,0.9663185553629988,0.2548936483841088,-0.03546375014864031,0.9,1.722886323928833,-0.34068650007247925,0.11257793009281158,0.11683056503534317,direct,SAFE_PROGRESSING,NONE,1,0,"2.998,9.979;3.088,10.471;3.177,10.963;3.266,11.455;3.356,11.947;3.445,12.439;3.534,12.931",1,1,PASS_THROUGH,-1,0.9669267877318266,0.2550540867475195,0.0,0.9,inf,5.028996957535306,0.0,0,0,0,DIRECT_LOCAL,PASS_THROUGH,0,BYPASS_VISIBLE,1,10,5.0,21.0,2.0,5.0,21.0,2.0,1,
271,9.066667,0.033333,3.067477226257324,10.073087692260742,2.4045116901397705,-0.43496205544780775,0.07843498885631561,1.713708949173553,-0.3493796124127227,0.11043705967507177,1.7524442416798496,5.0,21.0,2.0,0.9663801568540832,0.25459257096909427,-0.03594461358847143,0.9,1.7239882946014404,-0.33987775444984436,0.11237753927707672,0.11678311228752136,direct,SAFE_PROGRESSING,NONE,1,0,"3.033,10.026;3.121,10.518;3.209,11.010;3.298,11.503;3.386,11.995;3.474,12.487;3.562,12.979",0,1,PASS_THROUGH,-1,0.9663185553629988,0.2548936483841088,-0.03546375014864031,0.9,inf,5.071788260058343,0.0,0,0,0,DIRECT_LOCAL,PASS_THROUGH,0,BYPASS_VISIBLE,1,10,5.0,21.0,2.0,5.0,21.0,2.0,1,
272,9.1,0.033333,3.1018800735473633,10.120185852050781,2.408022403717041,-0.43234837573641294,0.0783766582608223,1.7148387192011467,-0.3485882716455165,0.11025533516252234,1.7533801227720238,5.0,21.0,2.0,0.9664387589204347,0.25430098859261147,-0.03642982922208174,0.9,1.725075125694275,-0.33907797932624817,0.11216895282268524,0.11674804240465164,direct,SAFE_PROGRESSING,NONE,1,0,"3.067,10.073;3.155,10.565;3.242,11.058;3.329,11.550;3.416,12.043;3.503,12.535;3.590,13.027",0,1,PASS_THROUGH,-1,0.9663185553629988,0.2548936483841088,-0.03546375014864031,0.9,inf,5.114757402313325,0.0,0,0,0,DIRECT_LOCAL,PASS_THROUGH,0,BYPASS_VISIBLE,1,10,5.0,21.0,2.0,5.0,21.0,2.0,1,
273,9.133333,0.033333,3.1361517906188965,10.167418479919434,2.411529064178467,-0.4297364965335625,0.07832489162683487,1.7159519883288235,-0.34780743196435576,0.11006567000708334,1.7543020514419376,5.0,21.0,2.0,0.96649436115641,0.25401890039450925,-0.03691948124266282,0.9,1.7261502742767334,-0.33826392889022827,0.11195443570613861,0.11677397787570953,direct,SAFE_PROGRESSING,NONE,1,0,"3.102,10.120;3.188,10.613;3.274,11.105;3.360,11.598;3.446,12.090;3.532,12.583;3.617,13.076",0,1,PASS_THROUGH,-1,0.9663185553629988,0.2548936483841088,-0.03546375014864031,0.9,inf,5.157900896625021,0.0,0,0,0,DIRECT_LOCAL,PASS_THROUGH,0,BYPASS_VISIBLE,1,10,5.0,21.0,2.0,5.0,21.0,2.0,1,
274,9.166667,0.033333,3.1702916622161865,10.214784622192383,2.4150311946868896,-0.4271262007665006,0.07828237861394882,1.7170490967682954,-0.3470369349796155,0.1098674945704523,1.7552102726784766,5.0,21.0,2.0,0.9665469813448776,0.2537462463089873,-0.03741357156438638,0.9,1.7271933555603027,-0.33744150400161743,0.1117347925901413,0.1168634220957756,direct,SAFE_PROGRESSING,NONE,1,0,"3.136,10.167;3.221,10.660;3.306,11.153;3.391,11.646;3.475,12.138;3.560,12.631;3.645,13.124",0,1,PASS_THROUGH,-1,0.9663185553629988,0.2548936483841088,-0.03546375014864031,0.9,inf,5.201214860051343,0.0,0,0,0,DIRECT_LOCAL,PASS_THROUGH,0,BYPASS_VISIBLE,1,10,5.0,21.0,2.0,5.0,21.0,2.0,1,
275,9.2,0.033333,3.2042994499206543,10.262282371520996,2.418529510498047,-0.42451692902932153,0.07825411856174469,1.7181301417536181,-0.3462753936693816,0.10965482070328651,1.7561042144379309,5.0,21.0,2.0,0.9665967330908366,0.25348259597898726,-0.03791212357380599,0.9,1.7282038927078247,-0.3366246223449707,0.11150620877742767,0.11698711663484573,direct,SAFE_PROGRESSING,NONE,1,0,"3.170,10.215;3.254,10.708;3.338,11.201;3.421,11.694;3.505,12.187;3.588,12.680;3.672,13.173",0,1,PASS_THROUGH,-1,0.9663185553629988,0.2548936483841088,-0.03546375014864031,0.9,inf,5.244695736924074,0.0,0,0,0,DIRECT_LOCAL,PASS_THROUGH,0,BYPASS_VISIBLE,1,10,5.0,21.0,2.0,5.0,21.0,2.0,1,
276,9.233333,0.033333,3.2381746768951416,10.309910774230957,2.422022581100464,-0.4219083399691477,0.07824446260929108,1.7191936851342797,-0.34552081723423284,0.10942080298200171,1.7569816374319407,5.0,21.0,2.0,0.9666436549459958,0.2532277859797154,-0.03841526728344135,0.9,1.7291992902755737,-0.3358123302459717,0.11126469075679779,0.11713521927595139,direct,SAFE_PROGRESSING,NONE,1,0,"3.204,10.262;3.287,10.755;3.369,11.249;3.452,11.742;3.534,12.235;3.617,12.728;3.699,13.221",1,1,PASS_THROUGH,-1,0.9673576992017792,0.2534148413077657,0.0,0.9,inf,5.288339997238239,0.0,0,0,0,DIRECT_LOCAL,PASS_THROUGH,0,BYPASS_VISIBLE,1,10,5.0,21.0,2.0,5.0,21.0,2.0,1,
277,9.266667,0.033333,3.2719171047210693,10.357670783996582,2.425511121749878,-0.4192997085415014,0.07825591415166855,1.720237907824023,-0.3447715776642627,0.1091670802424204,1.7578405364789298,5.0,21.0,2.0,0.9666878976069809,0.2529812509156435,-0.03892294060514208,0.9,1.7302155494689941,-0.3349497616291046,0.1110115572810173,0.11740071326494217,direct,SAFE_PROGRESSING,NONE,1,0,"3.238,10.310;3.319,10.803;3.401,11.297;3.482,11.790;3.563,12.283;3.645,12.777;3.726,13.270",0,1,PASS_THROUGH,-1,0.9666436549459958,0.2532277859797154,-0.03841526728344135,0.9,inf,5.3321448542149,0.0,0,0,0,DIRECT_LOCAL,PASS_THROUGH,0,BYPASS_VISIBLE,1,10,5.0,21.0,2.0,5.0,21.0,2.0,1,
278,9.3,0.033333,3.305525779724121,10.405558586120605,2.4289939403533936,-0.41669022877594214,0.07829435914754868,1.7212618952188272,-0.3440270360655707,0.10890442390157454,1.758680552863909,5.0,21.0,2.0,0.9667296247576922,0.25274234083635594,-0.0394352857782338,0.9,1.7312231063842773,-0.3340495824813843,0.11074879765510559,0.11778059601783752,direct,SAFE_PROGRESSING,NONE,1,0,"3.272,10.358;3.352,10.851;3.432,11.345;3.512,11.838;3.592,12.332;3.673,12.825;3.753,13.319",0,1,PASS_THROUGH,-1,0.9666436549459958,0.2532277859797154,-0.03841526728344135,0.9,inf,5.376105799091257,0.0,0,0,0,DIRECT_LOCAL,PASS_THROUGH,0,BYPASS_VISIBLE,1,10,5.0,21.0,2.0,5.0,21.0,2.0,1,
279,9.333333,0.033333,3.3389999866485596,10.45357608795166,2.4324710369110107,-0.4140788426407239,0.07836882025003433,1.7222667701023737,-0.3432840318321925,0.10863859922136063,1.7595025146758407,5.0,21.0,2.0,0.9667690678979383,0.2525101717720653,-0.0399522528450353,0.9,1.7322273254394531,-0.3331494629383087,0.11046908050775528,0.11819076538085938,direct,SAFE_PROGRESSING,NONE,1,0,"3.306,10.406;3.384,10.899;3.463,11.393;3.542,11.887;3.621,12.380;3.700,12.874;3.779,13.368",0,1,PASS_THROUGH,-1,0.9666436549459958,0.2532277859797154,-0.03841526728344135,0.9,inf,5.420219952857919,0.0,0,0,0,DIRECT_LOCAL,PASS_THROUGH,0,BYPASS_VISIBLE,1,10,5.0,21.0,2.0,5.0,21.0,2.0,1,
280,9.366667,0.033333,3.3723387718200684,10.501721382141113,2.4359421730041504,-0.41146413360351175,0.0784846618771553,1.7232546605484191,-0.3425382049023979,0.10836865506130067,1.7603075902578502,5.0,21.0,2.0,0.9668065583794382,0.25228345212723274,-0.04047392317618949,0.9,1.7332682609558105,-0.33236148953437805,0.11015094071626663,0.11834926903247833,direct,SAFE_PROGRESSING,NONE,1,0,"3.339,10.454;3.417,10.947;3.495,11.441;3.572,11.935;3.650,12.429;3.728,12.923;3.806,13.417",0,1,PASS_THROUGH,-1,0.9666436549459958,0.2532277859797154,-0.03841526728344135,0.9,inf,5.4644833813363105,0.0,0,0,0,DIRECT_LOCAL,PASS_THROUGH,0,BYPASS_VISIBLE,1,10,5.0,21.0,2.0,5.0,21.0,2.0,1,
281,9.4,0.033333,3.405541181564331,10.549993515014648,2.439406394958496,-0.408845011209848,0.07862954586744308,1.7242296721327193,-0.3417874304103083,0.10810690381246052,1.7611001426668793,5.0,21.0,2.0,0.9668423359963774,0.25206124093616844,-0.04100034320328448,0.9,1.734287142753601,-0.3316097855567932,0.10982218384742737,0.1184745579957962,direct,SAFE_PROGRESSING,NONE,1,0,"3.372,10.502;3.449,10.996;3.526,11.490;3.602,11.984;3.679,12.478;3.755,12.972;3.832,13.466",0,1,PASS_THROUGH,-1,0.9666436549459958,0.2532277859797154,-0.03841526728344135,0.9,inf,5.5088924360007345,0.0,0,0,0,DIRECT_LOCAL,PASS_THROUGH,0,BYPASS_VISIBLE,1,10,5.0,21.0,2.0,5.0,21.0,2.0,1,
282,9.433333,0.033333,3.438606023788452,10.598392486572266,2.4428625106811523,-0.4062209278839509,0.07878342270851135,1.7251974034968327,-0.3410356120560978,0.10786083024776558,1.7618868659549136,5.0,21.0,2.0,0.9668765084414153,0.2518431103773621,-0.041531496235912665,0.9,1.735292673110962,-0.33084574341773987,0.10949801653623581,0.11866962909698486,direct,SAFE_PROGRESSING,NONE,1,0,"3.406,10.550;3.481,11.044;3.556,11.539;3.632,12.033;3.707,12.527;3.783,13.021;3.858,13.516",1,1,PASS_THROUGH,-1,0.9677114545350772,0.2520605894653216,0.0,0.9,inf,5.553443552404653,0.0,0,0,0,DIRECT_LOCAL,PASS_THROUGH,0,BYPASS_VISIBLE,1,10,5.0,21.0,2.0,5.0,21.0,2.0,1,
283,9.466667,0.033333,3.4715335369110107,10.646916389465332,2.4463109970092773,-0.4035918065694853,0.0789366215467453,1.7261615697612505,-0.3402903273428563,0.10762159148455373,1.7626723117917864,5.0,21.0,2.0,0.9669090739528128,0.25162905454324636,-0.04206734621277916,0.9,1.7362946271896362,-0.33015474677085876,0.10916664451360703,0.11871436983346939,direct,SAFE_PROGRESSING,NONE,1,0,"3.439,10.598;3.513,11.093;3.587,11.587;3.661,12.082;3.736,12.576;3.810,13.071;3.884,13.565",0,1,PASS_THROUGH,-1,0.9668765084414153,0.2518431103773621,-0.041531496235912665,0.9,inf,5.598134113723661,0.0,0,0,0,DIRECT_LOCAL,PASS_THROUGH,0,BYPASS_VISIBLE,1,10,5.0,21.0,2.0,5.0,21.0,2.0,1,
284,9.5,0.033333,3.5043227672576904,10.695566177368164,2.4497506618499756,-0.40095768137507726,0.0790795311331749,1.7271239908524045,-0.339557222996936,0.10737575021588959,1.7634585164391456,5.0,21.0,2.0,0.9669399553826314,0.2514193315517985,-0.04260800871527721,0.9,1.737259030342102,-0.3296465277671814,0.10882186889648438,0.11837828904390335,direct,SAFE_PROGRESSING,NONE,1,0,"3.472,10.647;3.545,11.142;3.618,11.636;3.691,12.131;3.764,12.625;3.837,13.120;3.910,13.615",0,1,PASS_THROUGH,-1,0.9668765084414153,0.2518431103773621,-0.041531496235912665,0.9,inf,5.6429611753447055,0.0,0,0,0,DIRECT_LOCAL,PASS_THROUGH,0,BYPASS_VISIBLE,1,10,5.0,21.0,2.0,5.0,21.0,2.0,1,
285,9.533333,0.033333,3.536973714828491,10.744339942932129,2.453181505203247,-0.398319639989838,0.07918500900268555,1.7280843506364494,-0.33884369129812997,0.1071217666583802,1.764246480211638,5.0,21.0,2.0,0.9669688543958586,0.2512150755086566,-0.04315345253326306,0.9,1.7381706237792969,-0.32914191484451294,0.10850191116333008,0.11806589365005493,direct,SAFE_PROGRESSING,NONE,1,0,"3.504,10.696;3.576,11.190;3.648,11.685;3.720,12.180;3.792,12.675;3.863,13.170;3.935,13.664",0,1,PASS_THROUGH,-1,0.9668765084414153,0.2518431103773621,-0.041531496235912665,0.9,inf,5.658143752527564,0.0,0,0,0,DIRECT_LOCAL,PASS_THROUGH,0,BYPASS_VISIBLE,1,10,5.0,21.0,2.0,5.0,21.0,2.0,1,
286,9.566667,0.033333,3.5694870948791504,10.793238639831543,2.456603765487671,-0.3956792484079237,0.07923159748315811,1.7290398227679005,-0.33816024856930677,0.10686128968775149,1.765035523059929,5.0,21.0,2.0,0.966995315686321,0.25101801073905816,-0.043703749556743554,0.9,1.7391273975372314,-0.32852667570114136,0.10821104794740677,0.11794336885213852,direct,SAFE_PROGRESSING,NONE,1,0,"3.537,10.744;3.608,11.239;3.678,11.734;3.749,12.229;3.819,12.724;3.890,13.219;3.961,13.714",0,1,PASS_THROUGH,-1,0.9668765084414153,0.2518431103773621,-0.041531496235912665,0.9,inf,5.615978676908993,0.0,0,0,0,DIRECT_LOCAL,PASS_THROUGH,0,BYPASS_VISIBLE,1,10,5.0,21.0,2.0,5.0,21.0,2.0,1,
287,9.6,0.033333,3.601863145828247,10.84226131439209,2.4600179195404053,-0.39303838998036594,0.07922621071338654,1.7299861129780503,-0.3375136688185269,0.10660494193939814,1.7658233324379162,5.0,21.0,2.0,0.9670187954369358,0.25083020041461435,-0.04425900848033292,0.9,1.7401176691055298,-0.3277381658554077,0.10794806480407715,0.1181352362036705,direct,SAFE_PROGRESSING,NONE,1,0,"3.569,10.793;3.639,11.288;3.708,11.784;3.778,12.279;3.847,12.774;3.916,13.269;3.986,13.764",0,1,PASS_THROUGH,-1,0.9668765084414153,0.2518431103773621,-0.041531496235912665,0.9,inf,5.573931840682715,0.0,0,0,0,DIRECT_LOCAL,PASS_THROUGH,0,BYPASS_VISIBLE,1,10,5.0,21.0,2.0,5.0,21.0,2.0,1,
288,9.633333,0.033333,3.6341023445129395,10.89140510559082,2.4634244441986084,-0.3903981364032653,0.07920046895742416,1.7309222106027382,-0.336897851845245,0.10634560585944718,1.7666072709069847,5.0,21.0,2.0,0.9670389571025042,0.25065290911033855,-0.0448193552009095,0.9,1.740774393081665,-0.3271065950393677,0.1077115461230278,0.11826357990503311,direct,SAFE_PROGRESSING,NONE,1,0,"3.602,10.842;3.670,11.338;3.738,11.833;3.806,12.328;3.875,12.824;3.943,13.319;4.011,13.814",1,1,PASS_THROUGH,-1,0.9680117045182238,0.25090504163073896,0.0,0.9,inf,5.532009321297123,0.0,0,0,0,DIRECT_LOCAL,PASS_THROUGH,0,BYPASS_VISIBLE,1,10,5.0,21.0,2.0,5.0,21.0,2.0,1,
289,9.666667,0.033333,3.6662046909332275,10.94067096710205,2.4668238162994385,-0.3877584804847927,0.07917472720146179,1.731845317408663,-0.33629606682495483,0.10602003836540132,1.7673775761073942,5.0,21.0,2.0,0.9670557216798508,0.25048640905930686,-0.04538490985819523,0.9,1.741560697555542,-0.32652705907821655,0.107436403632164,0.11823545396327972,direct,SAFE_PROGRESSING,NONE,1,0,"3.634,10.891;3.701,11.387;3.768,11.882;3.835,12.378;3.902,12.873;3.969,13.369;4.036,13.864",0,1,PASS_THROUGH,-1,0.9670389571025042,0.25065290911033855,-0.0448193552009095,0.9,inf,5.4902134574068855,0.0,0,0,0,DIRECT_LOCAL,PASS_THROUGH,0,BYPASS_VISIBLE,1,10,5.0,21.0,2.0,5.0,21.0,2.0,1,
290,9.7,0.033333,3.698169708251953,10.990055084228516,2.4702157974243164,-0.38511941113586234,0.07915317267179489,1.7327437773756278,-0.3356977128292748,0.10564101890610862,1.7681215957360754,5.0,21.0,2.0,0.9670690328556593,0.25033087922857494,-0.04595581134381549,0.9,1.7424545288085938,-0.3257615864276886,0.10715138912200928,0.11855518817901611,direct,SAFE_PROGRESSING,NONE,1,0,"3.666,10.941;3.732,11.436;3.798,11.932;3.863,12.428;3.929,12.923;3.995,13.419;4.061,13.915",0,1,PASS_THROUGH,-1,0.9670389571025042,0.25065290911033855,-0.0448193552009095,0.9,inf,5.448551250663075,0.0,0,0,0,DIRECT_LOCAL,PASS_THROUGH,0,BYPASS_VISIBLE,1,10,5.0,21.0,2.0,5.0,21.0,2.0,1,
291,9.733333,0.033333,3.729996681213379,11.039558410644531,2.4736006259918213,-0.3824805693922557,0.0791531652212143,1.7336113227797603,-0.3350977723502326,0.10526726345578129,1.7688357561570685,5.0,21.0,2.0,0.9670789198113161,0.25018618202889276,-0.046532109111705404,0.9,1.7434487342834473,-0.324843168258667,0.1068432480096817,0.11912993341684341,direct,SAFE_PROGRESSING,NONE,1,0,"3.698,10.990;3.763,11.486;3.827,11.982;3.892,12.478;3.956,12.973;4.021,13.469;4.085,13.965",0,1,PASS_THROUGH,-1,0.9670389571025042,0.25065290911033855,-0.0448193552009095,0.9,4.990144646854682,5.407025062348848,0.0,0,0,0,DIRECT_LOCAL,PASS_THROUGH,0,BYPASS_VISIBLE,1,10,5.0,21.0,2.0,5.0,21.0,2.0,1,
292,9.766667,0.033333,3.7616846561431885,11.089179039001465,2.4769771099090576,-0.3798408199865313,0.07920458167791367,1.7344538333632122,-0.3344889058487141,0.10493922328257524,1.7695268205900023,5.0,21.0,2.0,0.9670856226046136,0.25005134849621696,-0.04711392221700869,0.9,1.744323968887329,-0.32403719425201416,0.10650825500488281,0.11957262456417084,direct,SAFE_PROGRESSING,NONE,1,0,"3.730,11.040;3.793,11.536;3.856,12.032;3.920,12.528;3.983,13.023;4.046,13.519;4.109,14.015",0,1,PASS_THROUGH,-1,0.9670389571025042,0.25065290911033855,-0.0448193552009095,0.9,4.944576094337148,5.365640076344412,0.0,0,0,0,DIRECT_LOCAL,PASS_THROUGH,0,BYPASS_VISIBLE,1,10,5.0,21.0,2.0,5.0,21.0,2.0,1,
293,9.8,0.033333,3.7932324409484863,11.138916969299316,2.4803454875946045,-0.37719818092396323,0.0793156549334526,1.7352853224096707,-0.3338603690464534,0.10463617866679181,1.7702052497030558,5.0,21.0,2.0,0.9670895947707981,0.24992460795727617,-0.04770121616327205,0.9,1.7451071739196777,-0.3235202431678772,0.10612831264734268,0.11951461434364319,direct,SAFE_PROGRESSING,NONE,1,0,"3.762,11.089;3.824,11.585;3.886,12.081;3.948,12.578;4.010,13.074;4.072,13.570;4.134,14.066",0,1,PASS_THROUGH,-1,0.9670389571025042,0.25065290911033855,-0.0448193552009095,0.9,4.970602773503183,5.324399632102669,0.0,0,0,0,DIRECT_LOCAL,PASS_THROUGH,0,BYPASS_VISIBLE,1,10,5.0,21.0,2.0,5.0,21.0,2.0,1,
294,9.833333,0.033333,3.8246381282806396,11.188772201538086,2.4837043285369873,-0.37455116323415727,0.07945364713668823,1.7361145047529594,-0.33321101888124904,0.10432972993251448,1.7708777059032859,5.0,21.0,2.0,0.9670911697655569,0.24980462065473802,-0.048294107932842806,0.9,1.746187448501587,-0.3230888843536377,0.10568234324455261,0.1190425306558609,direct,SAFE_PROGRESSING,NONE,1,0,"3.793,11.139;3.854,11.635;3.915,12.132;3.975,12.628;4.036,13.124;4.097,13.620;4.158,14.117",1,1,PASS_THROUGH,-1,0.9682209298272046,0.25009644348639426,0.0,0.9,4.923062567442717,5.2833069720822,0.0,0,0,0,DIRECT_LOCAL,PASS_THROUGH,0,BYPASS_VISIBLE,1,10,5.0,21.0,2.0,5.0,21.0,2.0,1,
295,9.866667,0.033333,3.8559012413024902,11.238743782043457,2.4870519638061523,-0.3718999931577741,0.07956859469413757,1.7369469745624986,-0.33255664852535477,0.10407100234155559,1.7715556695877803,5.0,21.0,2.0,0.9670902767382,0.24969164052419823,-0.04889254841759086,0.9,1.7470893859863281,-0.3225858509540558,0.10528793931007385,0.11887107789516449,direct,SAFE_PROGRESSING,NONE,1,0,"3.825,11.189;3.884,11.685;3.944,12.182;4.003,12.678;4.063,13.175;4.122,13.671;4.181,14.167",0,1,PASS_THROUGH,-1,0.9670911697655569,0.24980462065473802,-0.048294107932842806,0.9,4.875642463891348,5.242366669380901,0.0,0,0,0,DIRECT_LOCAL,PASS_THROUGH,0,BYPASS_VISIBLE,1,10,5.0,21.0,2.0,5.0,21.0,2.0,1,
296,9.9,0.033333,3.887022018432617,11.288832664489746,2.4903883934020996,-0.3692463128698361,0.07963503897190094,1.7377909806322887,-0.33192117342367883,0.10386096872994455,1.772251748076273,5.0,21.0,2.0,0.9670864536493945,0.2495874429171121,-0.0494964595292941,0.9,1.7483128309249878,-0.32182472944259644,0.10489310324192047,0.11895701289176941,direct,SAFE_PROGRESSING,NONE,1,0,"3.856,11.239;3.914,11.735;3.972,12.232;4.031,12.729;4.089,13.225;4.147,13.722;4.205,14.218",0,1,PASS_THROUGH,-1,0.9670911697655569,0.24980462065473802,-0.048294107932842806,0.9,4.828347772532174,5.201581721666041,0.0,0,0,0,DIRECT_LOCAL,PASS_THROUGH,0,BYPASS_VISIBLE,1,10,5.0,21.0,2.0,5.0,21.0,2.0,1,
297,9.933333,0.033333,3.9180009365081787,11.339037895202637,2.49371337890625,-0.36659120104523163,0.07967054098844528,1.7386547441638087,-0.33131658662675334,0.10371082544269636,1.7729768569531095,5.0,21.0,2.0,0.9670793575097184,0.24949330831802058,-0.05010594159497671,0.9,1.7494661808013916,-0.3211108446121216,0.10451099276542664,0.1189328283071518,direct,SAFE_PROGRESSING,NONE,1,0,"3.887,11.289;3.944,11.786;4.001,12.282;4.058,12.779;4.115,13.276;4.172,13.773;4.229,14.269",0,1,PASS_THROUGH,-1,0.9670911697655569,0.24980462065473802,-0.048294107932842806,0.9,4.791357536754198,5.160957156914859,0.0,0,0,0,DIRECT_LOCAL,PASS_THROUGH,0,BYPASS_VISIBLE,1,10,5.0,21.0,2.0,5.0,21.0,2.0,1,
298,9.966667,0.033333,3.948838710784912,11.389359474182129,2.4970269203186035,-0.36393508844897526,0.07969006150960922,1.739552386697272,-0.33073390053242024,0.10359038367946098,1.7737413527953905,5.0,21.0,2.0,0.9670687950858767,0.24940994228040853,-0.050721063305433446,0.9,1.75038480758667,-0.32055312395095825,0.1041586622595787,0.11878223717212677,direct,SAFE_PROGRESSING,NONE,1,0,"3.918,11.339;3.974,11.836;4.029,12.333;4.085,12.830;4.141,13.327;4.196,13.824;4.252,14.320",0,1,PASS_THROUGH,-1,0.9670911697655569,0.24980462065473802,-0.048294107932842806,0.9,4.745080506873511,5.120497269304033,0.0,0,0,0,DIRECT_LOCAL,PASS_THROUGH,0,BYPASS_VISIBLE,1,10,5.0,21.0,2.0,5.0,21.0,2.0,1,
299,10.0,0.033333,3.9795358180999756,11.439798355102539,2.500328540802002,-0.3612785070662119,0.07968712598085403,1.7404895834588565,-0.33015985435509076,0.10345000269467054,1.7745454129478022,5.0,21.0,2.0,0.9670545410039778,0.2493381669946384,-0.0513419244218573,0.9,1.752159833908081,-0.31922560930252075,0.10376466810703278,0.11951245367527008,direct,SAFE_PROGRESSING,NONE,1,0,"3.949,11.389;4.003,11.886;4.058,12.383;4.112,12.880;4.166,13.378;4.221,13.875;4.275,14.372",0,1,PASS_THROUGH,-1,0.9670911697655569,0.24980462065473802,-0.048294107932842806,0.9,4.698954980889945,5.080205509545589,0.0,0,0,0,DIRECT_LOCAL,PASS_THROUGH,0,BYPASS_VISIBLE,1,10,5.0,21.0,2.0,5.0,21.0,2.0,1,
300,10.033333,0.033333,4.010091304779053,11.490355491638184,2.503617525100708,-0.35862141201270636,0.07971465587615967,1.741472582843566,-0.3295752873866922,0.10337159070368891,1.7753963818303993,5.0,21.0,2.0,0.9670365221553583,0.24927822055769971,-0.051968582559619135,0.9,1.7535576820373535,-0.31808987259864807,0.10338851809501648,0.12013658881187439,direct,SAFE_PROGRESSING,NONE,1,0,"3.980,11.440;4.033,11.937;4.086,12.434;4.139,12.931;4.192,13.429;4.245,13.926;4.298,14.423",1,1,PASS_THROUGH,-1,0.9683450271962726,0.2496155209602356,0.0,0.9,4.652985552619529,5.040085070645437,0.0,0,0,0,DIRECT_LOCAL,PASS_THROUGH,0,BYPASS_VISIBLE,1,10,5.0,21.0,2.0,5.0,21.0,2.0,1,
301,10.066667,0.033333,4.040505409240723,11.541034698486328,2.506892681121826,-0.35596155108978644,0.07981201261281967,1.7425241462070242,-0.32894631154337783,0.10335395564863087,1.776310253345606,5.0,21.0,2.0,0.9670152512130291,0.2492280706871613,-0.0526010713099787,0.9,1.7557281255722046,-0.3160414695739746,0.10296708345413208,0.12212085723876953,direct,SAFE_PROGRESSING,NONE,1,0,"4.010,11.490;4.062,11.988;4.114,12.485;4.165,12.982;4.217,13.480;4.269,13.977;4.321,14.474",0,1,PASS_THROUGH,-1,0.9670365221553583,0.24927822055769971,-0.051968582559619135,0.9,4.607176855003396,5.000136854574486,0.0,0,0,0,DIRECT_LOCAL,PASS_THROUGH,0,BYPASS_VISIBLE,1,10,5.0,21.0,2.0,5.0,21.0,2.0,1,
302,10.1,0.033333,4.070775032043457,11.591836929321289,2.510152816772461,-0.353295384047979,0.08006013184785843,1.7436714283192545,-0.3282342390945226,0.10342629915242389,1.7773082920549368,5.0,21.0,2.0,0.9669915377732392,0.249184536058287,-0.05323939203599382,0.9,1.7578542232513428,-0.3141137957572937,0.10245774686336517,0.12393870949745178,direct,SAFE_PROGRESSING,NONE,1,0,"4.041,11.541;4.091,12.038;4.141,12.536;4.192,13.033;4.242,13.531;4.293,14.028;4.343,14.526",0,1,PASS_THROUGH,-1,0.9670365221553583,0.24927822055769971,-0.051968582559619135,0.9,4.561531081823841,4.9603636814919225,0.0,0,0,0,DIRECT_LOCAL,PASS_THROUGH,0,BYPASS_VISIBLE,1,10,5.0,21.0,2.0,5.0,21.0,2.0,1,
303,10.133333,0.033333,4.100896835327148,11.642769813537598,2.513394355773926,-0.35061611525046327,0.0805184617638588,1.7449569726537284,-0.32738594720678044,0.10350766690557049,1.778417901380207,5.0,21.0,2.0,0.966967079989133,0.24914098717873115,-0.053883529254283365,0.9,1.7591097354888916,-0.3130544424057007,0.10191191732883453,0.12479793280363083,direct,SAFE_PROGRESSING,NONE,1,0,"4.071,11.592;4.120,12.089;4.169,12.587;4.218,13.085;4.267,13.582;4.316,14.080;4.366,14.577",0,1,PASS_THROUGH,-1,0.9670365221553583,0.24927822055769971,-0.051968582559619135,0.9,4.516052990342417,4.920761987059218,0.0,0,0,0,DIRECT_LOCAL,PASS_THROUGH,0,BYPASS_VISIBLE,1,10,5.0,21.0,2.0,5.0,21.0,2.0,1,
304,10.166667,0.033333,4.130866050720215,11.693839073181152,2.5166144371032715,-0.3479179160340114,0.08111672848463058,1.746396667732347,-0.3263801451597948,0.10337975579595834,1.779638360490582,5.0,21.0,2.0,0.9669433683652698,0.24909164306160034,-0.05453325344501413,0.9,1.7607965469360352,-0.3117292821407318,0.10129646211862564,0.12608052790164948,direct,SAFE_PROGRESSING,NONE,1,0,"4.101,11.643;4.149,12.140;4.197,12.638;4.244,13.136;4.292,13.634;4.340,14.131;4.388,14.629",0,1,PASS_THROUGH,-1,0.9670365221553583,0.24927822055769971,-0.051968582559619135,0.9,4.470740875265503,4.881329686269647,0.0,0,0,0,DIRECT_LOCAL,PASS_THROUGH,0,BYPASS_VISIBLE,1,10,5.0,21.0,2.0,5.0,21.0,2.0,1,
305,10.2,0.033333,4.160678863525391,11.745050430297852,2.5198099613189697,-0.34519845410130884,0.08180303871631622,1.7479604030133786,-0.3252518386309078,0.10298165460306567,1.7809434438578513,5.0,21.0,2.0,0.9669210504965076,0.24903397959174517,-0.05518839656511515,0.9,1.762093186378479,-0.3106788694858551,0.10067683458328247,0.1270732581615448,direct,SAFE_PROGRESSING,NONE,1,0,"4.131,11.694;4.177,12.192;4.224,12.690;4.270,13.187;4.317,13.685;4.363,14.183;4.410,14.681",0,1,PASS_THROUGH,-1,0.9670365221553583,0.24927822055769971,-0.051968582559619135,0.9,4.425594853746853,4.8420650519980235,0.0,0,0,0,DIRECT_LOCAL,PASS_THROUGH,0,BYPASS_VISIBLE,1,10,5.0,21.0,2.0,5.0,21.0,2.0,1,
306,10.233333,0.033333,4.190331935882568,11.796406745910645,2.5229780673980713,-0.342456116431127,0.08254026621580124,1.7496000602626771,-0.3240599703828494,0.10228917348355393,1.7822957976406848,5.0,21.0,2.0,0.9669005703810742,0.24896626796672933,-0.05584876374166215,0.9,1.7632627487182617,-0.3097842037677765,0.10005176812410355,0.12778979539871216,direct,SAFE_PROGRESSING,NONE,1,0,"4.161,11.745;4.206,12.243;4.251,12.741;4.296,13.239;4.341,13.737;4.386,14.235;4.432,14.733",1,1,PASS_THROUGH,-1,0.9684120293258266,0.2493554520298969,0.0,0.9,4.380615369722105,4.80296930707825,0.0,0,0,0,DIRECT_LOCAL,PASS_THROUGH,0,BYPASS_VISIBLE,1,10,5.0,21.0,2.0,5.0,21.0,2.0,1,
307,10.266667,0.033333,4.219822406768799,11.847911834716797,2.526118516921997,-0.33969059888526715,0.08327499777078629,1.7512572546518526,-0.32286965924704875,0.10134600334129616,1.7836529374366255,5.0,21.0,2.0,0.9668820252871908,0.2488881238461872,-0.05651416623170834,0.9,1.7642837762832642,-0.30887746810913086,0.0994817465543747,0.1286536604166031,direct,SAFE_PROGRESSING,NONE,1,0,"4.190,11.796;4.234,12.294;4.278,12.793;4.322,13.291;4.366,13.789;4.409,14.287;4.453,14.785",0,1,PASS_THROUGH,-1,0.9669005703810742,0.24896626796672933,-0.05584876374166215,0.9,4.3358059612601005,4.764043013651066,0.0,0,0,0,DIRECT_LOCAL,PASS_THROUGH,0,BYPASS_VISIBLE,1,10,5.0,21.0,2.0,5.0,21.0,2.0,1,
308,10.3,0.033333,4.249150276184082,11.89956283569336,2.5292303562164307,-0.33690237720111893,0.08397956937551498,1.7528760483473391,-0.32173605386727383,0.1002793232214971,1.7849774429649328,5.0,21.0,2.0,0.9668652913930563,0.24879995600435223,-0.05718470242689537,0.9,1.7663922309875488,-0.3067891597747803,0.09889642894268036,0.13107118010520935,direct,SAFE_PROGRESSING,NONE,1,0,"4.220,11.848;4.262,12.346;4.305,12.844;4.347,13.342;4.390,13.841;4.432,14.339;4.475,14.837",0,1,PASS_THROUGH,-1,0.9669005703810742,0.24896626796672933,-0.05584876374166215,0.9,4.291169533836927,4.725294094420323,0.0,0,0,0,DIRECT_LOCAL,PASS_THROUGH,0,BYPASS_VISIBLE,1,10,5.0,21.0,2.0,5.0,21.0,2.0,1,
309,10.333333,0.033333,4.27831506729126,11.951356887817383,2.532315492630005,-0.33409062318382166,0.08474450558423996,1.7544359486373593,-0.32067079054678593,0.0993517827692381,1.7862659461906554,5.0,21.0,2.0,0.9668504815057798,0.24870127786659552,-0.057860356026940674,0.9,1.7675151824951172,-0.3050178587436676,0.09843907505273819,0.13368448615074158,direct,SAFE_PROGRESSING,NONE,1,0,"4.249,11.900;4.290,12.398;4.331,12.896;4.372,13.394;4.414,13.893;4.455,14.391;4.496,14.889",0,1,PASS_THROUGH,-1,0.9669005703810742,0.24896626796672933,-0.05584876374166215,0.9,4.246716363735594,4.686730433779135,0.0,0,0,0,DIRECT_LOCAL,PASS_THROUGH,0,BYPASS_VISIBLE,1,10,5.0,21.0,2.0,5.0,21.0,2.0,1,
310,10.366667,0.033333,4.307315349578857,12.00329303741455,2.535377025604248,-0.33124983933841706,0.08564560115337372,1.7559613888071344,-0.3196215118372047,0.09851550686259422,1.7875300318884084,5.0,21.0,2.0,0.9668388625728725,0.2485870382909045,-0.05854142304856158,0.9,1.768665075302124,-0.3033813536167145,0.09795907139778137,0.13610859215259552,direct,SAFE_PROGRESSING,NONE,1,0,"4.278,11.951;4.318,12.450;4.358,12.948;4.398,13.447;4.437,13.945;4.477,14.443;4.517,14.942",0,1,PASS_THROUGH,-1,0.9669005703810742,0.24896626796672933,-0.05584876374166215,0.9,4.202456927227451,4.648357908058232,0.0,0,0,0,DIRECT_LOCAL,PASS_THROUGH,0,BYPASS_VISIBLE,1,10,5.0,21.0,2.0,5.0,21.0,2.0,1,
311,10.4,0.033333,4.336145877838135,12.055373191833496,2.5384156703948975,-0.3283749810695252,0.08669687807559967,1.7574652807072444,-0.3185256854895522,0.09764679004091575,1.7887642999605275,5.0,21.0,2.0,0.9668316057352796,0.2484525081402769,-0.059228349210038715,0.9,1.7697653770446777,-0.30285778641700745,0.09733955562114716,0.1362750381231308,direct,SAFE_PROGRESSING,NONE,1,0,"4.307,12.003;4.346,12.502;4.384,13.000;4.422,13.499;4.461,13.997;4.499,14.496;4.538,14.994",0,1,PASS_THROUGH,-1,0.9669005703810742,0.24896626796672933,-0.05584876374166215,0.9,4.158399922996446,4.610178446371503,0.0,0,0,0,DIRECT_LOCAL,PASS_THROUGH,0,BYPASS_VISIBLE,1,10,5.0,21.0,2.0,5.0,21.0,2.0,1,
312,10.433333,0.033333,4.364803791046143,12.107596397399902,2.541430950164795,-0.3254630440304042,0.08778633177280426,1.7589461884070232,-0.3173613515331289,0.09675933121201225,1.7899643262744442,5.0,21.0,2.0,0.9668294945905062,0.24829450453707885,-0.0599213434975635,0.9,1.7708684206008911,-0.3020496666431427,0.0967811867594719,0.13714371621608734,direct,SAFE_PROGRESSING,NONE,1,0,"4.336,12.055;4.373,12.554;4.410,13.053;4.447,13.551;4.484,14.050;4.521,14.549;4.558,15.047",1,1,PASS_THROUGH,-1,0.9685699160563201,0.24874146761377214,0.0,0.9,4.1145506472638855,4.572197544482159,0.0,0,0,0,DIRECT_LOCAL,PASS_THROUGH,0,BYPASS_VISIBLE,1,10,5.0,21.0,2.0,5.0,21.0,2.0,1,
313,10.466667,0.033333,4.393284320831299,12.15996265411377,2.544424533843994,-0.32251671949145483,0.08881130069494247,1.7603926183222434,-0.3161736689514509,0.09591764543633202,1.791130412417732,5.0,21.0,2.0,0.9668318329381789,0.2481156292013827,-0.060620469838196106,0.9,1.7721153497695923,-0.3007359504699707,0.0963011085987091,0.1389671415090561,direct,SAFE_PROGRESSING,NONE,1,0,"4.365,12.108;4.400,12.606;4.436,13.105;4.472,13.604;4.507,14.103;4.543,14.601;4.579,15.100",0,1,PASS_THROUGH,-1,0.9668294945905062,0.24829450453707885,-0.0599213434975635,0.9,4.070917943181348,4.5344191552879405,0.0,0,0,0,DIRECT_LOCAL,PASS_THROUGH,0,BYPASS_VISIBLE,1,10,5.0,21.0,2.0,5.0,21.0,2.0,1,
314,10.5,0.033333,4.421585559844971,12.212470054626465,2.5473976135253906,-0.3195383643886932,0.08979716151952744,1.761795031843745,-0.31501656643745735,0.09514499531286977,1.7922638593389182,5.0,21.0,2.0,0.9668380480323141,0.24791794138577006,-0.06132604027741123,0.9,1.7731255292892456,-0.2996571660041809,0.09585891664028168,0.14044226706027985,direct,SAFE_PROGRESSING,NONE,1,0,"4.393,12.160;4.428,12.659;4.462,13.158;4.496,13.656;4.530,14.155;4.564,14.654;4.599,15.153",0,1,PASS_THROUGH,-1,0.9668294945905062,0.24829450453707885,-0.0599213434975635,0.9,4.054564044462522,4.49685011844887,0.0,0,0,0,DIRECT_LOCAL,PASS_THROUGH,0,BYPASS_VISIBLE,1,10,5.0,21.0,2.0,5.0,21.0,2.0,1,
315,10.533333,0.033333,4.44970703125,12.265117645263672,2.5503525733947754,-0.31652801114554285,0.09077078849077225,1.763148786364612,-0.3139158990972792,0.09439552289169999,1.793362024050653,5.0,21.0,2.0,0.9668480632913009,0.24770157592744124,-0.062038309075302195,0.9,1.773478388786316,-0.298576682806015,0.09555184096097946,0.14259842038154602,direct,SAFE_PROGRESSING,NONE,1,0,"4.422,12.212;4.454,12.711;4.487,13.210;4.520,13.709;4.553,14.208;4.586,14.707;4.619,15.206",0,1,PASS_THROUGH,-1,0.9668294945905062,0.24829450453707885,-0.0599213434975635,0.9,4.042717640108552,4.45949705176281,0.0,0,0,0,DIRECT_LOCAL,PASS_THROUGH,0,BYPASS_VISIBLE,1,10,5.0,21.0,2.0,5.0,21.0,2.0,1,
316,10.566667,0.033333,4.477646350860596,12.317903518676758,2.553292751312256,-0.31348523269045103,0.09175502508878708,1.7644335960280482,-0.3128775271419408,0.09353713447702228,1.794398912535643,5.0,21.0,2.0,0.9668618659950721,0.24746637301520388,-0.06275767930084138,0.9,1.7749918699264526,-0.297136127948761,0.09508676081895828,0.14439749717712402,direct,SAFE_PROGRESSING,NONE,1,0,"4.450,12.265;4.481,12.764;4.513,13.263;4.544,13.762;4.575,14.261;4.607,14.760;4.638,15.259",0,1,PASS_THROUGH,-1,0.9668294945905062,0.24829450453707885,-0.0599213434975635,0.9,4.001821186194494,4.422366818148016,0.0,0,0,0,DIRECT_LOCAL,PASS_THROUGH,0,BYPASS_VISIBLE,1,10,5.0,21.0,2.0,5.0,21.0,2.0,1,
317,10.6,0.033333,4.5054030418396,12.370824813842773,2.556218147277832,-0.31040869009220995,0.0927947536110878,1.765630241942293,-0.31188658591747126,0.0927273819723426,1.79536117845516,5.0,21.0,2.0,0.9668797103416762,0.2472110900052173,-0.06348466514071675,0.9,1.7760059833526611,-0.2961618900299072,0.09464652091264725,0.14556875824928284,direct,SAFE_PROGRESSING,NONE,1,0,"4.478,12.318;4.508,12.817;4.538,13.316;4.568,13.815;4.598,14.314;4.628,14.813;4.658,15.312",0,1,PASS_THROUGH,-1,0.9668294945905062,0.24829450453707885,-0.0599213434975635,0.9,3.9674954901810646,4.385468009212253,0.0,0,0,0,DIRECT_LOCAL,PASS_THROUGH,0,BYPASS_VISIBLE,1,10,5.0,21.0,2.0,5.0,21.0,2.0,1,
318,10.633333,0.033333,4.532973766326904,12.423877716064453,2.5591297149658203,-0.30729621148511177,0.09385746717453003,1.766755610043974,-0.31091180585769823,0.0920464436162906,1.7962639239337734,5.0,21.0,2.0,0.9669020196504642,0.24693390338815852,-0.06421940324653369,0.9,1.7767789363861084,-0.29592034220695496,0.09423434734344482,0.14515182375907898,direct,SAFE_PROGRESSING,NONE,1,0,"4.505,12.371;4.534,12.870;4.563,13.369;4.591,13.868;4.620,14.368;4.648,14.867;4.677,15.366",1,1,PASS_THROUGH,-1,0.9689020236517331,0.24744467778389698,0.0,0.9,3.9208988071949915,4.348808992759606,0.0,0,0,0,DIRECT_LOCAL,PASS_THROUGH,0,BYPASS_VISIBLE,1,10,5.0,21.0,2.0,5.0,21.0,2.0,1,
319,10.666667,0.033333,4.560356616973877,12.477062225341797,2.562028169631958,-0.30414961763015,0.09481307864189148,1.7678278579929128,-0.3099442927793175,0.09150248040732914,1.797123675221874,5.0,21.0,2.0,0.9669283012470659,0.246636536750363,-0.0649621350268742,0.9,1.7782484292984009,-0.29628559947013855,0.09377878159284592,0.1424541175365448,direct,SAFE_PROGRESSING,NONE,1,0,"4.533,12.424;4.560,12.923;4.587,13.422;4.615,13.922;4.642,14.421;4.669,14.920;4.696,15.419",0,1,PASS_THROUGH,-1,0.9669020196504642,0.24693390338815852,-0.06421940324653369,0.9,3.8803117727050425,4.3123953182019585,0.0,0,0,0,DIRECT_LOCAL,PASS_THROUGH,0,BYPASS_VISIBLE,1,10,5.0,21.0,2.0,5.0,21.0,2.0,1,
320,10.7,0.033333,4.587550163269043,12.530375480651855,2.564915895462036,-0.30097652604981745,0.09546757489442825,1.7688672673609704,-0.3090211146991563,0.09130584519556788,1.7979772568744725,5.0,21.0,2.0,0.9669565997001696,0.24632645327437575,-0.06571310914538135,0.9,1.7793458700180054,-0.2959820032119751,0.0937153771519661,0.14164593815803528,direct,SAFE_PROGRESSING,NONE,1,0,"4.560,12.477;4.586,12.976;4.612,13.476;4.638,13.975;4.663,14.474;4.689,14.974;4.715,15.473",0,1,PASS_THROUGH,-1,0.9669020196504642,0.24693390338815852,-0.06421940324653369,0.9,3.8371035578113917,4.276235430601787,0.0,0,0,0,DIRECT_LOCAL,PASS_THROUGH,0,BYPASS_VISIBLE,1,10,5.0,21.0,2.0,5.0,21.0,2.0,1,
321,10.733333,0.033333,4.614556312561035,12.583816528320312,2.5677990913391113,-0.2977891540958893,0.09576443582773209,1.7699032155903713,-0.30819955870005206,0.09147066404162234,1.7988638755948874,5.0,21.0,2.0,0.9669838054518998,0.24601563551624123,-0.06647275438329857,0.9,1.7806397676467896,-0.29522705078125,0.09389505535364151,0.1416112184524536,direct,SAFE_PROGRESSING,NONE,1,0,"4.588,12.530;4.612,13.030;4.636,13.529;4.661,14.029;4.685,14.528;4.709,15.027;4.733,15.527",0,1,PASS_THROUGH,-1,0.9669020196504642,0.24693390338815852,-0.06421940324653369,0.9,3.79416684332934,4.240337652128727,0.0,0,0,0,DIRECT_LOCAL,PASS_THROUGH,0,BYPASS_VISIBLE,1,10,5.0,21.0,2.0,5.0,21.0,2.0,1,
322,10.766667,0.033333,4.641378879547119,12.637384414672852,2.5706846714019775,-0.2945972318897725,0.09581281989812851,1.7709563164486999,-0.3074969212231405,0.0918675154179634,1.799800064373909,5.0,21.0,2.0,0.9670073075742474,0.2457140284593832,-0.0672419758504042,0.9,1.7817574739456177,-0.29428908228874207,0.09422469884157181,0.14207692444324493,direct,SAFE_PROGRESSING,NONE,1,0,"4.615,12.584;4.637,13.083;4.660,13.583;4.683,14.082;4.706,14.582;4.729,15.081;4.752,15.581",0,1,PASS_THROUGH,-1,0.9669020196504642,0.24693390338815852,-0.06421940324653369,0.9,3.7515138222865656,4.20471141118611,0.0,0,0,0,DIRECT_LOCAL,PASS_THROUGH,0,BYPASS_VISIBLE,1,10,5.0,21.0,2.0,5.0,21.0,2.0,1,
323,10.8,0.033333,4.6680192947387695,12.691078186035156,2.573577642440796,-0.29140551764378514,0.09574690461158752,1.7720351724391632,-0.3068759622249438,0.0922903415750341,1.8007773365136004,5.0,21.0,2.0,0.9670256579685788,0.2454270019971957,-0.06802178710608706,0.9,1.7829735279083252,-0.2935013771057129,0.09448863565921783,0.14200270175933838,direct,SAFE_PROGRESSING,NONE,1,0,"4.641,12.637;4.663,13.137;4.684,13.636;4.706,14.136;4.727,14.636;4.748,15.135;4.770,15.635",0,1,PASS_THROUGH,-1,0.9669020196504642,0.24693390338815852,-0.06421940324653369,0.9,3.6853602699963486,4.169365330324828,0.0,0,0,0,DIRECT_LOCAL,PASS_THROUGH,0,BYPASS_VISIBLE,1,10,5.0,21.0,2.0,5.0,21.0,2.0,1,
324,10.833333,0.033333,4.694479942321777,12.74489688873291,2.57647967338562,-0.28821564424454577,0.09564091265201569,1.773137317172512,-0.3062715629777661,0.0926136631052889,1.8017756537461471,5.0,21.0,2.0,0.9670382557270438,0.2451566502106587,-0.06881299890198948,0.9,1.7841031551361084,-0.2929193079471588,0.0946609228849411,0.14145097136497498,direct,SAFE_PROGRESSING,NONE,1,0,"4.668,12.691;4.688,13.191;4.708,13.690;4.728,14.190;4.748,14.689;4.768,15.189;4.788,15.689",1,1,PASS_THROUGH,-1,0.9693359928964416,0.24573915617066394,0.0,0.9,3.645975105864043,4.134308708929521,0.0,0,0,0,DIRECT_LOCAL,PASS_THROUGH,0,BYPASS_VISIBLE,1,10,5.0,21.0,2.0,5.0,21.0,2.0,1,
325,10.866667,0.033333,4.72075891494751,12.798843383789062,2.5793888568878174,-0.28502880051681384,0.0954979881644249,1.7742563902240125,-0.30563060958765664,0.09280287425802072,1.8027779067977885,5.0,21.0,2.0,0.9670446012943437,0.24490476884763152,-0.06961604199573437,0.9,1.7851862907409668,-0.2924797534942627,0.09475351125001907,0.14053326845169067,direct,SAFE_PROGRESSING,NONE,1,0,"4.694,12.745;4.713,13.245;4.731,13.744;4.750,14.244;4.768,14.744;4.787,15.243;4.805,15.743",0,1,PASS_THROUGH,-1,0.9670382557270438,0.2451566502106587,-0.06881299890198948,0.9,3.6069694869623348,4.09954569258813,0.0,0,0,0,DIRECT_LOCAL,PASS_THROUGH,0,BYPASS_VISIBLE,1,10,5.0,21.0,2.0,5.0,21.0,2.0,1,
326,10.9,0.033333,4.746854782104492,12.852913856506348,2.582303047180176,-0.2818472637462103,0.09529009461402893,1.7753814155596308,-0.30493441098904933,0.09288664577029986,1.803771630412845,5.0,21.0,2.0,0.9670440819804262,0.24467370888525922,-0.0704309568795267,0.9,1.786350965499878,-0.2918618321418762,0.09480050951242447,0.1398124396800995,direct,SAFE_PROGRESSING,NONE,1,0,"4.721,12.799;4.738,13.299;4.755,13.798;4.772,14.298;4.789,14.798;4.806,15.297;4.823,15.797",0,1,PASS_THROUGH,-1,0.9670382557270438,0.2451566502106587,-0.06881299890198948,0.9,3.5840031928407825,4.065086657117977,0.0,0,0,0,DIRECT_LOCAL,PASS_THROUGH,0,BYPASS_VISIBLE,1,10,5.0,21.0,2.0,5.0,21.0,2.0,1,
327,10.933333,0.033333,4.772766590118408,12.907109260559082,2.585221290588379,-0.27867406816885026,0.09501086920499802,1.7765038830285058,-0.30419606113212994,0.09295080867431597,1.8047551476188868,5.0,21.0,2.0,0.9670358834983475,0.2444666444223822,-0.07125769987468619,0.9,1.787679672241211,-0.29031291604042053,0.0948985368013382,0.14083488285541534,direct,SAFE_PROGRESSING,NONE,1,0,"4.747,12.853;4.762,13.353;4.778,13.852;4.793,14.352;4.809,14.852;4.824,15.352;4.840,15.851",0,1,PASS_THROUGH,-1,0.9670382557270438,0.2451566502106587,-0.06881299890198948,0.9,3.5301464626312895,4.030938162371536,0.0,0,0,0,DIRECT_LOCAL,PASS_THROUGH,0,BYPASS_VISIBLE,1,10,5.0,21.0,2.0,5.0,21.0,2.0,1,
328,10.966667,0.033333,4.798491954803467,12.961429595947266,2.5881431102752686,-0.2755103757243361,0.09475790709257126,1.7776234306956418,-0.3034249734493544,0.09303703251738824,1.8057318918628331,5.0,21.0,2.0,0.9670196257781107,0.24428497808247157,-0.0720964135252863,0.9,1.7889362573623657,-0.28868770599365234,0.09496573358774185,0.1420043259859085,direct,SAFE_PROGRESSING,NONE,1,0,"4.773,12.907;4.787,13.407;4.801,13.907;4.815,14.407;4.829,14.906;4.843,15.406;4.857,15.906",0,1,PASS_THROUGH,-1,0.9670382557270438,0.2451566502106587,-0.06881299890198948,0.9,3.4923602746630147,3.9971070421853936,0.0,0,0,0,DIRECT_LOCAL,PASS_THROUGH,0,BYPASS_VISIBLE,1,10,5.0,21.0,2.0,5.0,21.0,2.0,1,
329,11.0,0.033333,4.824029445648193,13.015873908996582,2.5910677909851074,-0.2723525046315808,0.0946388989686966,1.7787509375052521,-0.3025945699772656,0.09310308280346914,1.80670599586182,5.0,21.0,2.0,0.966996145690456,0.24412526780688343,-0.07294729493284788,0.9,1.7900198698043823,-0.28740841150283813,0.09495781362056732,0.1426743119955063,direct,SAFE_PROGRESSING,NONE,1,0,"4.798,12.961;4.811,13.461;4.824,13.961;4.836,14.461;4.849,14.961;4.861,15.461;4.874,15.960",0,1,PASS_THROUGH,-1,0.9670382557270438,0.2451566502106587,-0.06881299890198948,0.9,3.4550100542374023,3.96360155484832,0.0,0,0,0,DIRECT_LOCAL,PASS_THROUGH,0,BYPASS_VISIBLE,1,10,5.0,21.0,2.0,5.0,21.0,2.0,1,
330,11.033333,0.033333,4.849376201629639,13.070443153381348,2.5939924716949463,-0.2691951509350938,0.09466952830553055,1.7798929675740485,-0.30167168255876897,0.09309881691340374,1.8076759028620333,5.0,21.0,2.0,0.9669666422449994,0.24398262552608085,-0.07381050891865923,0.9,1.791081428527832,-0.28606921434402466,0.09491667151451111,0.14370113611221313,direct,SAFE_PROGRESSING,NONE,1,0,"4.824,13.016;4.835,13.516;4.846,14.016;4.857,14.516;4.868,15.015;4.879,15.515;4.890,16.015",1,1,PASS_THROUGH,-1,0.9696114667921516,0.24464996109783527,0.0,0.9,3.4181120274027363,3.9304277111209887,0.0,0,0,0,DIRECT_LOCAL,PASS_THROUGH,0,BYPASS_VISIBLE,1,10,5.0,21.0,2.0,5.0,21.0,2.0,1,
331,11.066667,0.033333,4.874527454376221,13.125138282775879,2.596917152404785,-0.2660340046242495,0.09484214335680008,1.78104569191884,-0.3006465157840108,0.09300239972821188,1.8086352674077024,5.0,21.0,2.0,0.9669321283618185,0.2438529565169034,-0.07468597418290064,0.9,1.7921440601348877,-0.28496718406677246,0.09481790661811829,0.1444081962108612,direct,SAFE_PROGRESSING,NONE,1,0,"4.849,13.070;4.859,13.570;4.868,14.070;4.878,14.570;4.887,15.070;4.897,15.570;4.906,16.070",0,1,PASS_THROUGH,-1,0.9669666422449994,0.24398262552608085,-0.07381050891865923,0.9,3.381680534375082,3.8975906135791085,0.0,0,0,0,DIRECT_LOCAL,PASS_THROUGH,0,BYPASS_VISIBLE,1,10,5.0,21.0,2.0,5.0,21.0,2.0,1,
332,11.1,0.033333,4.899479866027832,13.179959297180176,2.599841833114624,-0.2628649187323475,0.09513463079929352,1.7821988566769504,-0.29953338065323476,0.09283022266628108,1.8095774261154058,5.0,21.0,2.0,0.966893605656376,0.2437320878920832,-0.07557396822040005,0.9,1.7929292917251587,-0.2841517925262451,0.09473040699958801,0.1449490487575531,direct,SAFE_PROGRESSING,NONE,1,0,"4.875,13.125;4.882,13.625;4.890,14.125;4.898,14.625;4.906,15.125;4.914,15.625;4.922,16.125",0,1,PASS_THROUGH,-1,0.9669666422449994,0.24398262552608085,-0.07381050891865923,0.9,3.343511159933471,3.865096994794161,0.0,0,0,0,DIRECT_LOCAL,PASS_THROUGH,0,BYPASS_VISIBLE,1,10,5.0,21.0,2.0,5.0,21.0,2.0,1,
333,11.133333,0.033333,4.924229621887207,13.234906196594238,2.6027631759643555,-0.2596854696294306,0.09549762308597565,1.7833366793732879,-0.2983731577293338,0.09257697637382187,1.8104935100148905,5.0,21.0,2.0,0.9668516075522495,0.243617689767313,-0.07647476842768398,0.9,1.7937161922454834,-0.28349775075912476,0.09463128447532654,0.14517290890216827,direct,SAFE_PROGRESSING,NONE,1,0,"4.899,13.180;4.906,13.680;4.912,14.180;4.919,14.680;4.925,15.180;4.932,15.680;4.938,16.180",0,1,PASS_THROUGH,-1,0.9669666422449994,0.24398262552608085,-0.07381050891865923,0.9,3.3048651498096784,3.8329534006492167,0.0,0,0,0,DIRECT_LOCAL,PASS_THROUGH,0,BYPASS_VISIBLE,1,10,5.0,21.0,2.0,5.0,21.0,2.0,1,
334,11.166667,0.033333,4.9487762451171875,13.289976119995117,2.605682134628296,-0.25649455583470826,0.09587808698415756,1.7844367923383953,-0.29722150281096765,0.09226630310602413,1.8113719546998082,5.0,21.0,2.0,0.9668063886717951,0.24350866094894666,-0.07738823467590425,0.9,1.7944667339324951,-0.28309014439582825,0.09453204274177551,0.1448190063238144,direct,SAFE_PROGRESSING,NONE,1,0,"4.924,13.235;4.929,13.735;4.934,14.235;4.939,14.735;4.944,15.235;4.949,15.735;4.954,16.235",0,1,PASS_THROUGH,-1,0.9669666422449994,0.24398262552608085,-0.07381050891865923,0.9,3.26666877119557,3.801170685264018,0.0,0,0,0,DIRECT_LOCAL,PASS_THROUGH,0,BYPASS_VISIBLE,1,10,5.0,21.0,2.0,5.0,21.0,2.0,1,
335,11.2,0.033333,4.973119258880615,13.345169067382812,2.608599901199341,-0.25329264096856485,0.09621128439903259,1.7854805401920144,-0.29613329783066017,0.0919651608800296,1.812206743256442,5.0,21.0,2.0,0.966757676431341,0.243405824719743,-0.07831474671845871,0.9,1.7952404022216797,-0.2824692130088806,0.09450163692235947,0.14482131600379944,direct,SAFE_PROGRESSING,NONE,1,0,"4.949,13.290;4.952,13.790;4.955,14.290;4.959,14.790;4.962,15.290;4.965,15.790;4.969,16.290",0,1,PASS_THROUGH,-1,0.9669666422449994,0.24398262552608085,-0.07381050891865923,0.9,3.228942060044709,3.7697574728879584,0.0,0,0,0,DIRECT_LOCAL,PASS_THROUGH,0,BYPASS_VISIBLE,1,10,5.0,21.0,2.0,5.0,21.0,2.0,1,
336,11.233333,0.033333,4.997259616851807,13.400479316711426,2.6115164756774902,-0.2500818357590875,0.09646770358085632,1.786458488523126,-0.295148398279429,0.09174639947255207,1.812998596259639,5.0,21.0,2.0,0.9667047887288068,0.24331160135935545,-0.07925475438570889,0.9,1.796108603477478,-0.2812969386577606,0.09456652402877808,0.1458447277545929,direct,SAFE_PROGRESSING,NONE,1,0,"4.973,13.345;4.975,13.845;4.977,14.345;4.978,14.845;4.980,15.345;4.982,15.845;4.984,16.345",1,1,PASS_THROUGH,-1,0.9697552561605861,0.2440793787867299,0.0,0.9,3.1917031248753767,3.7387280460455603,0.0,0,0,0,DIRECT_LOCAL,PASS_THROUGH,0,BYPASS_VISIBLE,1,10,5.0,21.0,2.0,5.0,21.0,2.0,1,
337,11.266667,0.033333,5.021199703216553,13.455904006958008,2.6144354343414307,-0.24686320130536643,0.09670305252075195,1.7873731638802033,-0.2942673071546694,0.0916438234698204,1.8137515445615355,5.0,21.0,2.0,0.9666472639943063,0.24322759439396616,-0.08020850539466656,0.9,1.7972272634506226,-0.27987509965896606,0.09463658928871155,0.14710122346878052,direct,SAFE_PROGRESSING,NONE,1,0,"4.997,13.400;4.997,13.900;4.998,14.400;4.998,14.900;4.998,15.400;4.998,15.900;4.998,16.400",0,1,PASS_THROUGH,-1,0.9667047887288068,0.24331160135935545,-0.07925475438570889,0.9,3.1549764356920442,3.7080953134022465,0.0,0,0,0,DIRECT_LOCAL,PASS_THROUGH,0,BYPASS_VISIBLE,1,10,5.0,21.0,2.0,5.0,21.0,2.0,1,
338,11.3,0.033333,5.044939994812012,13.511443138122559,2.617358446121216,-0.24363515968258043,0.09699757397174835,1.788244343122098,-0.2934424379676567,0.09168026721173089,1.814478318003442,5.0,21.0,2.0,0.9665851925398313,0.24315303930280116,-0.08117675184772771,0.9,1.7981436252593994,-0.2785847783088684,0.09472659975290298,0.14830578863620758,direct,SAFE_PROGRESSING,NONE,1,0,"5.021,13.456;5.020,13.956;5.018,14.456;5.017,14.956;5.016,15.456;5.014,15.956;5.013,16.456",0,1,PASS_THROUGH,-1,0.9667047887288068,0.24331160135935545,-0.07925475438570889,0.9,3.1187852967321605,3.677868951294493,0.0,0,0,0,DIRECT_LOCAL,PASS_THROUGH,0,BYPASS_VISIBLE,1,10,5.0,21.0,2.0,5.0,21.0,2.0,1,
339,11.333333,0.033333,5.068479061126709,13.567091941833496,2.620286464691162,-0.24039454402187002,0.0973847508430481,1.7890999451416105,-0.29260622751364823,0.09179702925014672,1.8151924726222932,5.0,21.0,2.0,0.9665191193416832,0.24308541487626611,-0.08216004516436527,0.9,1.7989944219589233,-0.27758920192718506,0.09478716552257538,0.14900293946266174,direct,SAFE_PROGRESSING,NONE,1,0,"5.045,13.511;5.042,14.011;5.039,14.511;5.036,15.011;5.033,15.511;5.030,16.011;5.027,16.511",0,1,PASS_THROUGH,-1,0.9667047887288068,0.24331160135935545,-0.07925475438570889,0.9,3.0831503207614577,3.6480614341906668,0.0,0,0,0,DIRECT_LOCAL,PASS_THROUGH,0,BYPASS_VISIBLE,1,10,5.0,21.0,2.0,5.0,21.0,2.0,1,
340,11.366667,0.033333,5.091814041137695,13.622852325439453,2.6232199668884277,-0.23713874944339974,0.0978422537446022,1.7899588693628625,-0.29170892302237367,0.09188963043779541,1.815899378810303,5.0,21.0,2.0,0.9664495190300958,0.24302250990031626,-0.08315880499530533,0.9,1.7987828254699707,-0.2781005799770355,0.09489790350198746,0.14772942662239075,direct,SAFE_PROGRESSING,NONE,1,0,"5.068,13.567;5.064,14.067;5.059,14.567;5.055,15.067;5.050,15.567;5.045,16.067;5.041,16.567",0,1,PASS_THROUGH,-1,0.9667047887288068,0.24331160135935545,-0.07925475438570889,0.9,3.048095882390687,3.6186791091554555,0.0,0,0,0,DIRECT_LOCAL,PASS_THROUGH,0,BYPASS_VISIBLE,1,10,5.0,21.0,2.0,5.0,21.0,2.0,1,
341,11.4,0.033333,5.11494255065918,13.678725242614746,2.626159906387329,-0.23386844077775074,0.0982246994972229,1.7908042127251755,-0.2907654363856382,0.09178975478153815,1.8165763475267482,5.0,21.0,2.0,0.9663761105794517,0.2429650990021053,-0.08417347306740156,0.9,1.7989505529403687,-0.27799320220947266,0.09506333619356155,0.14742353558540344,direct,SAFE_PROGRESSING,NONE,1,0,"5.092,13.623;5.086,14.123;5.079,14.623;5.073,15.123;5.067,15.623;5.061,16.123;5.054,16.623",0,1,PASS_THROUGH,-1,0.9667047887288068,0.24331160135935545,-0.07925475438570889,0.9,3.013640442175157,3.589729486508939,0.0,0,0,0,DIRECT_LOCAL,PASS_THROUGH,0,BYPASS_VISIBLE,1,10,5.0,21.0,2.0,5.0,21.0,2.0,1,
342,11.433333,0.033333,5.1378631591796875,13.734704971313477,2.629108190536499,-0.23058932267819363,0.09845900535583496,1.7915791309874096,-0.28985959148448187,0.09148252299877319,1.8171800729094996,5.0,21.0,2.0,0.9662973630047144,0.2429188945642544,-0.08520455923139436,0.9,1.7975924015045166,-0.2790621519088745,0.09544306993484497,0.1461506485939026,direct,SAFE_PROGRESSING,NONE,1,0,"5.115,13.679;5.107,14.179;5.099,14.679;5.091,15.179;5.084,15.678;5.076,16.178;5.068,16.678",1,1,PASS_THROUGH,-1,0.9698241484971014,0.24380549828064244,0.0,0.9,2.9798041250198053,3.5612259154799926,0.0,0,0,0,DIRECT_LOCAL,PASS_THROUGH,0,BYPASS_VISIBLE,1,10,5.0,21.0,2.0,5.0,21.0,2.0,1,
343,11.466667,0.033333,5.160578727722168,13.790787696838379,2.632068157196045,-0.22730718343901163,0.09849619120359421,1.7922026743702562,-0.2890890133022921,0.09085020888479052,1.8176404056045854,5.0,21.0,2.0,0.9662116871709632,0.2428898053747588,-0.08625264065089629,0.9,1.7974352836608887,-0.2795967161655426,0.09573500603437424,0.14473555982112885,direct,SAFE_PROGRESSING,NONE,1,0,"5.138,13.735;5.128,14.235;5.119,14.735;5.109,15.234;5.100,15.734;5.090,16.234;5.081,16.734",0,1,PASS_THROUGH,-1,0.9662973630047144,0.2429188945642544,-0.08520455923139436,0.9,2.9466136699122734,3.5331830244765063,0.0,0,0,0,DIRECT_LOCAL,PASS_THROUGH,0,BYPASS_VISIBLE,1,10,5.0,21.0,2.0,5.0,21.0,2.0,1,
344,11.5,0.033333,5.183093547821045,13.846963882446289,2.6350433826446533,-0.224028819690952,0.09831856191158295,1.7925900301491096,-0.28854339937841683,0.0901637826459343,1.8179014872142718,5.0,21.0,2.0,0.96611707960499,0.2428852884906012,-0.08731852684489613,0.9,1.7969861030578613,-0.2801586091518402,0.09610994160175323,0.14336726069450378,direct,SAFE_PROGRESSING,NONE,1,0,"5.161,13.791;5.149,14.291;5.138,14.791;5.127,15.290;5.116,15.790;5.105,16.290;5.094,16.790",0,1,PASS_THROUGH,-1,0.9662973630047144,0.2429188945642544,-0.08520455923139436,0.9,2.9140971629519763,3.5056208167785776,0.0,0,0,0,DIRECT_LOCAL,PASS_THROUGH,0,BYPASS_VISIBLE,1,10,5.0,21.0,2.0,5.0,21.0,2.0,1,
345,11.533333,0.033333,5.205415725708008,13.903221130371094,2.6380367279052734,-0.22075987969196936,0.09794478118419647,1.7927172057705245,-0.2882567998288554,0.08972994594545683,1.8179599626264118,5.0,21.0,2.0,0.9660117620231192,0.24291188358954754,-0.08840301150959934,0.9,1.798171877861023,-0.279230535030365,0.09637468308210373,0.14346173405647278,direct,SAFE_PROGRESSING,NONE,1,0,"5.183,13.847;5.170,14.347;5.158,14.847;5.145,15.346;5.132,15.846;5.119,16.346;5.106,16.846",0,1,PASS_THROUGH,-1,0.9662973630047144,0.2429188945642544,-0.08520455923139436,0.9,2.882288778775613,3.4785639592364594,0.0,0,0,0,DIRECT_LOCAL,PASS_THROUGH,0,BYPASS_VISIBLE,1,10,5.0,21.0,2.0,5.0,21.0,2.0,1,
346,11.566667,0.033333,5.227550506591797,13.959550857543945,2.641049861907959,-0.2175043274952816,0.09749763458967209,1.7926397782006935,-0.2881854153713226,0.08996962605074639,1.8178841386710773,5.0,21.0,2.0,0.9658942355869279,0.24297502736304172,-0.089506769229335,0.9,1.8003445863723755,-0.27712246775627136,0.0965118557214737,0.14479108154773712,direct,SAFE_PROGRESSING,NONE,1,0,"5.205,13.903;5.191,14.403;5.176,14.903;5.162,15.403;5.148,15.902;5.133,16.402;5.119,16.902",0,1,PASS_THROUGH,-1,0.9662973630047144,0.2429188945642544,-0.08520455923139436,0.9,2.851227745914718,3.452032376462072,0.0,0,0,0,DIRECT_LOCAL,PASS_THROUGH,0,BYPASS_VISIBLE,1,10,5.0,21.0,2.0,5.0,21.0,2.0,1,
347,11.6,0.033333,5.2495012283325195,14.015948295593262,2.6440834999084473,-0.21426077455435819,0.09717348963022232,1.7925210930486957,-0.28817419529242905,0.09097902207864418,1.8178155622381815,5.0,21.0,2.0,0.9657643896312319,0.24307463880060387,-0.09063036848744543,0.9,1.798532247543335,-0.279066801071167,0.09686705470085144,0.14166726171970367,direct,SAFE_PROGRESSING,NONE,1,0,"5.228,13.960;5.211,14.459;5.195,14.959;5.179,15.459;5.163,15.959;5.147,16.458;5.131,16.958",0,1,PASS_THROUGH,-1,0.9662973630047144,0.2429188945642544,-0.08520455923139436,0.9,2.820948997974126,3.4260419077902364,0.0,0,0,0,DIRECT_LOCAL,PASS_THROUGH,0,BYPASS_VISIBLE,1,10,5.0,21.0,2.0,5.0,21.0,2.0,1,
348,11.633333,0.033333,5.271266937255859,14.072415351867676,2.647137403488159,-0.21102647359652665,0.09679978340864182,1.79248958023755,-0.28808002787233045,0.09195645146139712,1.8178187441778904,5.0,21.0,2.0,0.9656224978356299,0.24320910502900756,-0.09177430416335508,0.9,1.799575686454773,-0.2803466320037842,0.09683448821306229,0.13736331462860107,direct,SAFE_PROGRESSING,NONE,1,0,"5.250,14.016;5.232,14.516;5.214,15.015;5.196,15.515;5.178,16.015;5.160,16.514;5.142,17.014",1,1,PASS_THROUGH,-1,0.9697148558435872,0.2442398377747798,0.0,0.9,2.791483717998648,3.400600650753339,0.0,0,0,0,DIRECT_LOCAL,PASS_THROUGH,0,BYPASS_VISIBLE,1,10,5.0,21.0,2.0,5.0,21.0,2.0,1,
349,11.666667,0.033333,5.292847633361816,14.12895393371582,2.6502084732055664,-0.20780923839657875,0.09613528102636337,1.7925445858748519,-0.2879284997819835,0.09289284275403978,1.8178965849494504,5.0,21.0,2.0,0.9654663949448649,0.24338647372200573,-0.09293903723050781,0.9,1.800081491470337,-0.2804715037345886,0.0970938429236412,0.13587692379951477,direct,SAFE_PROGRESSING,NONE,1,0,"5.271,14.072;5.252,14.572;5.232,15.072;5.213,15.571;5.193,16.071;5.173,16.571;5.154,17.070",0,1,PASS_THROUGH,-1,0.9656224978356299,0.24320910502900756,-0.09177430416335508,0.9,2.762855629036099,3.375717476049208,0.0,0,0,0,DIRECT_LOCAL,PASS_THROUGH,0,BYPASS_VISIBLE,1,10,5.0,21.0,2.0,5.0,21.0,2.0,1,
350,11.7,0.033333,5.314245223999023,14.185564994812012,2.6532962322235107,-0.2046197988763478,0.09520795196294785,1.7926756555989871,-0.2878069275055072,0.09380117569982509,1.818053215464302,5.0,21.0,2.0,0.9652931878831622,0.24361776395118326,-0.094124632874651,0.9,1.8005106449127197,-0.28069841861724854,0.09741050004959106,0.13439026474952698,direct,SAFE_PROGRESSING,NONE,1,0,"5.293,14.129;5.272,14.629;5.250,15.128;5.229,15.628;5.208,16.127;5.186,16.627;5.165,17.126",0,1,PASS_THROUGH,-1,0.9656224978356299,0.24320910502900756,-0.09177430416335508,0.9,2.735089505268522,3.3514034141305435,0.0,0,0,0,DIRECT_LOCAL,PASS_THROUGH,0,BYPASS_VISIBLE,1,10,5.0,21.0,2.0,5.0,21.0,2.0,1,
351,11.733333,0.033333,5.335465431213379,14.24224853515625,2.656400442123413,-0.20146477358678072,0.09413240104913712,1.7928631536091673,-0.28776778009006615,0.09459462528525918,1.8182730064432655,5.0,21.0,2.0,0.9651008586968756,0.24391029721449686,-0.09533152393248055,0.9,1.801377296447754,-0.2804647982120514,0.09766916930675507,0.1332690715789795,direct,SAFE_PROGRESSING,NONE,1,0,"5.314,14.186;5.291,14.685;5.268,15.185;5.245,15.684;5.222,16.183;5.199,16.683;5.176,17.182",0,1,PASS_THROUGH,-1,0.9656224978356299,0.24320910502900756,-0.09177430416335508,0.9,2.7082125368610024,3.3276730800421968,0.0,0,0,0,DIRECT_LOCAL,PASS_THROUGH,0,BYPASS_VISIBLE,1,10,5.0,21.0,2.0,5.0,21.0,2.0,1,
352,11.766667,0.033333,5.356513977050781,14.299005508422852,2.659519672393799,-0.1983467862427446,0.09301447868347168,1.7930928702363964,-0.2878087892904155,0.09525450343334588,1.8185404479718745,5.0,21.0,2.0,0.9648881944591124,0.24426810017875142,-0.0965601751681182,0.9,1.801700472831726,-0.28168007731437683,0.09776455163955688,0.1295364946126938,direct,SAFE_PROGRESSING,NONE,1,0,"5.335,14.242;5.311,14.742;5.286,15.241;5.261,15.740;5.236,16.240;5.212,16.739;5.187,17.239",0,1,PASS_THROUGH,-1,0.9656224978356299,0.24320910502900756,-0.09177430416335508,0.9,2.6822556820545898,3.3045406902698247,0.0,0,0,0,DIRECT_LOCAL,PASS_THROUGH,0,BYPASS_VISIBLE,1,10,5.0,21.0,2.0,5.0,21.0,2.0,1,
353,11.8,0.033333,5.3773908615112305,14.3558349609375,2.6626503467559814,-0.1952671460187198,0.09179183840751648,1.793363855612582,-0.28790183481890763,0.09575765317493348,1.8188487879016468,5.0,21.0,2.0,0.9646542806726405,0.24469398456614982,-0.09781090275164334,0.9,1.8010761737823486,-0.28258827328681946,0.09804018586874008,0.12746047973632812,direct,SAFE_PROGRESSING,NONE,1,0,"5.357,14.299;5.330,14.798;5.303,15.298;5.277,15.797;5.250,16.296;5.224,16.795;5.197,17.295",0,1,PASS_THROUGH,-1,0.9656224978356299,0.24320910502900756,-0.09177430416335508,0.9,2.657249734695431,3.28201771668723,0.0,0,0,0,DIRECT_LOCAL,PASS_THROUGH,0,BYPASS_VISIBLE,1,10,5.0,21.0,2.0,5.0,21.0,2.0,1,
354,11.833333,0.033333,5.398104190826416,14.41273307800293,2.665792465209961,-0.19223102068623305,0.09042304754257202,1.7936445203122873,-0.28806153550126545,0.0959996112620005,1.8191635547262093,5.0,21.0,2.0,0.9643974669514549,0.2451936948764105,-0.09908369053719851,0.9,1.802201747894287,-0.2802908718585968,0.09825995564460754,0.13025346398353577,direct,SAFE_PROGRESSING,NONE,1,0,"5.377,14.356;5.349,14.855;5.321,15.354;5.292,15.853;5.264,16.353;5.236,16.852;5.207,17.351",1,1,PASS_THROUGH,-1,0.9691666356336931,0.2464062344472405,0.0,0.9,2.6319609715840007,3.260123592100518,0.0,0,0,0,DIRECT_LOCAL,PASS_THROUGH,0,BYPASS_VISIBLE,1,10,5.0,21.0,2.0,5.0,21.0,2.0,1,
355,11.866667,0.033333,5.4186553955078125,14.46969985961914,2.668944835662842,-0.18923882548183074,0.089225172996521,1.7938980000553792,-0.28826825256782074,0.09605828539584588,1.8194493162037748,5.0,21.0,2.0,0.9641168926955302,0.24576955228609823,-0.10037900372192371,0.9,1.8015152215957642,-0.27839288115501404,0.09840022027492523,0.1341283619403839,direct,SAFE_PROGRESSING,NONE,1,0,"5.398,14.413;5.368,14.912;5.338,15.411;5.308,15.910;5.277,16.409;5.247,16.908;5.217,17.407",0,1,PASS_THROUGH,-1,0.9643974669514549,0.2451936948764105,-0.09908369053719851,0.9,2.6059621721764783,3.2388702945438332,0.0,0,0,0,DIRECT_LOCAL,PASS_THROUGH,0,BYPASS_VISIBLE,1,10,5.0,21.0,2.0,5.0,21.0,2.0,1,
356,11.9,0.033333,5.439044952392578,14.526734352111816,2.6721034049987793,-0.18627730695363465,0.08851823210716248,1.7941143400579076,-0.2883921728076534,0.09558126006420795,1.8196571346859833,5.0,21.0,2.0,0.9638152751057802,0.24640981013340052,-0.10169720223679071,0.9,1.8016546964645386,-0.2778582274913788,0.0977436900138855,0.1347855031490326,direct,SAFE_PROGRESSING,NONE,1,0,"5.419,14.470;5.387,14.969;5.355,15.468;5.323,15.967;5.291,16.466;5.259,16.965;5.227,17.464",0,1,PASS_THROUGH,-1,0.9643974669514549,0.2451936948764105,-0.09908369053719851,0.9,2.5809574922885816,3.2182696675556377,0.0,0,0,0,DIRECT_LOCAL,PASS_THROUGH,0,BYPASS_VISIBLE,1,10,5.0,21.0,2.0,5.0,21.0,2.0,1,
357,11.933333,0.033333,5.4592671394348145,14.583834648132324,2.6752548217773438,-0.18332931047863069,0.08829981088638306,1.7942694520781708,-0.2883139788036927,0.09459051489685893,1.8197459115335217,5.0,21.0,2.0,0.963496381029639,0.24709886961772615,-0.10303820833278557,0.9,1.8014957904815674,-0.2781585454940796,0.09664040058851242,0.13424600660800934,direct,SAFE_PROGRESSING,NONE,1,0,"5.439,14.527;5.405,15.026;5.371,15.524;5.338,16.023;5.304,16.522;5.270,17.021;5.236,17.520",0,1,PASS_THROUGH,-1,0.9643974669514549,0.2451936948764105,-0.09908369053719851,0.9,2.5544039352558325,3.198329185432077,0.0,0,0,0,DIRECT_LOCAL,PASS_THROUGH,0,BYPASS_VISIBLE,1,10,5.0,21.0,2.0,5.0,21.0,2.0,1,
358,11.966667,0.033333,5.479313850402832,14.640998840332031,2.6783857345581055,-0.1803829990154931,0.08836100995540619,1.7943547898318146,-0.28803142088814976,0.09334255140186974,1.819720869560338,5.0,21.0,2.0,0.963163071701368,0.24782540413063928,-0.10440050947323326,0.9,1.8014967441558838,-0.2780851423740387,0.09536861628293991,0.13464121520519257,direct,SAFE_PROGRESSING,NONE,1,0,"5.459,14.584;5.424,15.083;5.388,15.581;5.352,16.080;5.316,16.579;5.281,17.077;5.245,17.576",0,1,PASS_THROUGH,-1,0.9643974669514549,0.2451936948764105,-0.09908369053719851,0.9,2.5283962569139575,3.179054041979505,0.0,0,0,0,DIRECT_LOCAL,PASS_THROUGH,0,BYPASS_VISIBLE,1,10,5.0,21.0,2.0,5.0,21.0,2.0,1,
359,12.0,0.033333,5.499179840087891,14.698225021362305,2.681487798690796,-0.1774329403847885,0.08855981379747391,1.7943728138422221,-0.28764639188177366,0.09207868132948392,1.8196133450197693,5.0,21.0,2.0,0.9628167489805747,0.24858391153360593,-0.105782544917058,0.9,1.8014888763427734,-0.27779218554496765,0.0940784141421318,0.13570061326026917,direct,SAFE_PROGRESSING,NONE,1,0,"5.479,14.641;5.442,15.140;5.404,15.638;5.367,16.137;5.329,16.635;5.291,17.134;5.254,17.633",0,1,PASS_THROUGH,-1,0.9643974669514549,0.2451936948764105,-0.09908369053719851,0.9,2.503412496378114,3.1604512344400577,0.0,0,0,0,DIRECT_LOCAL,PASS_THROUGH,0,BYPASS_VISIBLE,1,10,5.0,21.0,2.0,5.0,21.0,2.0,1,
360,12.033333,0.033333,5.518864154815674,14.755509376525879,2.6845569610595703,-0.1744754275669647,0.08887021988630295,1.7943368715429504,-0.28727754838996666,0.09089616185873665,1.8194601701131414,5.0,21.0,2.0,0.9624582204561265,0.24937096119682442,-0.10718347628341775,0.9,1.8012678623199463,-0.2776379883289337,0.09281542152166367,0.13686001300811768,direct,SAFE_PROGRESSING,NONE,1,0,"5.499,14.698;5.460,15.197;5.420,15.695;5.381,16.194;5.341,16.692;5.302,17.190;5.262,17.689",1,1,PASS_THROUGH,-1,0.9680348191681364,0.2508158465450568,0.0,0.9,2.479481127381501,3.1425319484758143,0.0,0,0,0,DIRECT_LOCAL,PASS_THROUGH,0,BYPASS_VISIBLE,1,10,5.0,21.0,2.0,5.0,21.0,2.0,1,
361,12.066667,0.033333,5.5383687019348145,14.812853813171387,2.687591552734375,-0.17150640916886817,0.0892869308590889,1.7942595522620381,-0.2870064645011206,0.0897464573575238,1.8192840564785995,5.0,21.0,2.0,0.9620881625259363,0.25018341408148714,-0.10860307014996852,0.9,1.8008673191070557,-0.27766379714012146,0.09158458560705185,0.13804510235786438,direct,SAFE_PROGRESSING,NONE,1,0,"5.519,14.756;5.477,15.254;5.436,15.752;5.395,16.250;5.353,16.749;5.312,17.247;5.270,17.745",0,1,PASS_THROUGH,-1,0.9624582204561265,0.24937096119682442,-0.10718347628341775,0.9,2.4566346039860703,3.125306072962392,0.0,0,0,0,DIRECT_LOCAL,PASS_THROUGH,0,BYPASS_VISIBLE,1,10,5.0,21.0,2.0,5.0,21.0,2.0,1,
362,12.1,0.033333,5.557695388793945,14.87025260925293,2.69059157371521,-0.16852219499204682,0.08979707211256027,1.794139138424827,-0.28687129518436083,0.0885402412800431,1.8190848694754356,5.0,21.0,2.0,0.9617069796094923,0.25101900705744346,-0.11004155336182232,0.9,1.800412893295288,-0.2777458429336548,0.09038081765174866,0.1393941044807434,direct,SAFE_PROGRESSING,NONE,1,0,"5.538,14.813;5.495,15.311;5.452,15.809;5.408,16.307;5.365,16.805;5.322,17.303;5.278,17.802",0,1,PASS_THROUGH,-1,0.9624582204561265,0.24937096119682442,-0.10718347628341775,0.9,2.434903438358229,3.1087877489831985,0.0,0,0,0,DIRECT_LOCAL,PASS_THROUGH,0,BYPASS_VISIBLE,1,10,5.0,21.0,2.0,5.0,21.0,2.0,1,
363,12.133333,0.033333,5.576848030090332,14.927704811096191,2.6935572624206543,-0.1655194759579294,0.09039335697889328,1.793960631755568,-0.28687703760888794,0.08723801274017244,1.8188467923008091,5.0,21.0,2.0,0.9613149831978809,0.251875785448625,-0.11149929050848739,0.9,1.7999980449676514,-0.2777804732322693,0.0891922116279602,0.14098137617111206,direct,SAFE_PROGRESSING,NONE,1,0,"5.558,14.870;5.512,15.368;5.467,15.866;5.422,16.364;5.376,16.862;5.331,17.360;5.286,17.858",0,1,PASS_THROUGH,-1,0.9624582204561265,0.24937096119682442,-0.10718347628341775,0.9,2.414322686976297,3.0929896857548522,0.0,0,0,0,DIRECT_LOCAL,PASS_THROUGH,0,BYPASS_VISIBLE,1,10,5.0,21.0,2.0,5.0,21.0,2.0,1,
364,12.166667,0.033333,5.595828533172607,14.98520565032959,2.6964893341064453,-0.16249528935437466,0.09108087420463562,1.7937061881035221,-0.2870070911035509,0.08587035216352777,1.8185512577228276,5.0,21.0,2.0,0.9609122795549517,0.25275252665375936,-0.11297677314672692,0.9,1.7996563911437988,-0.2777586281299591,0.08799993991851807,0.14273104071617126,direct,SAFE_PROGRESSING,NONE,1,0,"5.577,14.928;5.530,15.425;5.482,15.923;5.435,16.421;5.388,16.919;5.340,17.417;5.293,17.914",0,1,PASS_THROUGH,-1,0.9624582204561265,0.24937096119682442,-0.10718347628341775,0.9,2.394925246316034,3.0779248649098347,0.0,0,0,0,DIRECT_LOCAL,PASS_THROUGH,0,BYPASS_VISIBLE,1,10,5.0,21.0,2.0,5.0,21.0,2.0,1,
365,12.2,0.033333,5.6146392822265625,15.042752265930176,2.699388027191162,-0.15944630375941465,0.09186845272779465,1.7933684454122605,-0.28723225787168644,0.08450712927645897,1.8181898156850955,5.0,21.0,2.0,0.9604991449116035,0.25364734940118194,-0.1144745157920881,0.9,1.7993556261062622,-0.2777346074581146,0.08679025620222092,0.14452069997787476,direct,SAFE_PROGRESSING,NONE,1,0,"5.596,14.985;5.547,15.483;5.497,15.980;5.448,16.478;5.399,16.975;5.349,17.473;5.300,17.971",0,1,PASS_THROUGH,-1,0.9624582204561265,0.24937096119682442,-0.10718347628341775,0.9,2.376744053826777,3.0636052406377017,0.0,0,0,0,DIRECT_LOCAL,PASS_THROUGH,0,BYPASS_VISIBLE,1,10,5.0,21.0,2.0,5.0,21.0,2.0,1,
366,12.233333,0.033333,5.6332783699035645,15.100343704223633,2.702253580093384,-0.1563691288381311,0.09275615215301514,1.7929549051794467,-0.2875210109508498,0.08320963450028042,1.8177677153637941,5.0,21.0,2.0,0.9600758370494862,0.25455846250183767,-0.11599300100622037,0.9,1.7990750074386597,-0.27777740359306335,0.08555153012275696,0.14620628952980042,direct,SAFE_PROGRESSING,NONE,1,0,"5.615,15.043;5.563,15.540;5.512,16.037;5.461,16.535;5.409,17.032;5.358,17.530;5.307,18.027",1,1,PASS_THROUGH,-1,0.9666003596898644,0.2562884013127104,0.0,0.9,2.3598101931084194,3.0500377410592874,0.0,0,0,0,DIRECT_LOCAL,PASS_THROUGH,0,BYPASS_VISIBLE,1,10,5.0,21.0,2.0,5.0,21.0,2.0,1,
367,12.266667,0.033333,5.651745796203613,15.157976150512695,2.705085515975952,-0.15326077823298692,0.09372815489768982,1.7924835150347216,-0.2878498965767588,0.08200544849695227,1.8173000875512189,5.0,21.0,2.0,0.9596426677416996,0.25548385192901074,-0.11753276842272271,0.9,1.7987618446350098,-0.2779034376144409,0.08429135382175446,0.14780063927173615,direct,SAFE_PROGRESSING,NONE,1,0,"5.633,15.100;5.580,15.597;5.527,16.095;5.473,16.592;5.420,17.089;5.366,17.586;5.313,18.083",0,1,PASS_THROUGH,-1,0.9600758370494862,0.25455846250183767,-0.11599300100622037,0.9,2.344148875413175,3.03723194158563,0.0,0,0,0,DIRECT_LOCAL,PASS_THROUGH,0,BYPASS_VISIBLE,1,10,5.0,21.0,2.0,5.0,21.0,2.0,1,
368,12.3,0.033333,5.67003870010376,15.21564769744873,2.707883834838867,-0.15011889168720718,0.09475772082805634,1.7919751729805922,-0.2882086856489398,0.08087825076174376,1.8168050414143484,5.0,21.0,2.0,0.9591997321267112,0.2564223991266166,-0.11909419429256664,0.9,1.7983901500701904,-0.27812516689300537,0.08301712572574615,0.1493050456047058,direct,SAFE_PROGRESSING,NONE,1,0,"5.652,15.158;5.596,15.655;5.541,16.152;5.485,16.649;5.430,17.146;5.375,17.643;5.319,18.139",0,1,PASS_THROUGH,-1,0.9600758370494862,0.25455846250183767,-0.11599300100622037,0.9,2.32978691951976,3.025193449983008,0.0,0,0,0,DIRECT_LOCAL,PASS_THROUGH,0,BYPASS_VISIBLE,1,10,5.0,21.0,2.0,5.0,21.0,2.0,1,
369,12.333333,0.033333,5.6881561279296875,15.273358345031738,2.7106478214263916,-0.14694215730796076,0.0958159938454628,1.7914450315820873,-0.28860070996772313,0.0797803860734297,1.8162958407087886,5.0,21.0,2.0,0.9587469466011035,0.2573735883818826,-0.12067778746104833,0.9,1.7979581356048584,-0.27846759557724,0.08173168450593948,0.1506669819355011,direct,SAFE_PROGRESSING,NONE,1,0,"5.670,15.216;5.613,15.712;5.555,16.209;5.497,16.706;5.440,17.202;5.382,17.699;5.325,18.196",0,1,PASS_THROUGH,-1,0.9600758370494862,0.25455846250183767,-0.11599300100622037,0.9,2.316745885119958,3.013928126164142,0.0,0,0,0,DIRECT_LOCAL,PASS_THROUGH,0,BYPASS_VISIBLE,1,10,5.0,21.0,2.0,5.0,21.0,2.0,1,
370,12.366667,0.033333,5.706099987030029,15.331107139587402,2.713376760482788,-0.1437300777903966,0.09687460213899612,1.790897892971705,-0.28903803832481434,0.07866332365127107,1.815777015257384,5.0,21.0,2.0,0.9582839205381426,0.2583380625512433,-0.12228398535914954,0.9,1.7974894046783447,-0.27884575724601746,0.08044492453336716,0.15202775597572327,direct,SAFE_PROGRESSING,NONE,1,0,"5.688,15.273;5.629,15.770;5.569,16.266;5.509,16.763;5.450,17.259;5.390,17.756;5.330,18.252",0,1,PASS_THROUGH,-1,0.9600758370494862,0.25455846250183767,-0.11599300100622037,0.9,2.3050461286122097,3.003444410785195,0.0,0,0,0,DIRECT_LOCAL,PASS_THROUGH,0,BYPASS_VISIBLE,1,10,5.0,21.0,2.0,5.0,21.0,2.0,1,
371,12.4,0.033333,5.723867893218994,15.388894081115723,2.7160699367523193,-0.14048304473548356,0.09791433811187744,1.7903297890654848,-0.2895349080424785,0.07749760095436195,1.8152457394920696,5.0,21.0,2.0,0.9578098913086138,0.2593178131117565,-0.12391321121784178,0.9,1.7969670295715332,-0.27926209568977356,0.07916203886270523,0.1533941626548767,direct,SAFE_PROGRESSING,NONE,1,0,"5.706,15.331;5.644,15.827;5.582,16.323;5.521,16.820;5.459,17.316;5.397,17.812;5.335,18.308",0,1,PASS_THROUGH,-1,0.9600758370494862,0.25455846250183767,-0.11599300100622037,0.9,2.294709092164986,2.9937460732210637,0.0,0,0,0,DIRECT_LOCAL,PASS_THROUGH,0,BYPASS_VISIBLE,1,10,5.0,21.0,2.0,5.0,21.0,2.0,1,
372,12.433333,0.033333,5.741461277008057,15.446717262268066,2.7187271118164062,-0.1372018360089278,0.09892769902944565,1.7897323239435414,-0.29010009992583163,0.0762718308813524,1.8146948094738466,5.0,21.0,2.0,0.9573241509094207,0.260314553872642,-0.12556593139718966,0.9,1.796370506286621,-0.27976685762405396,0.07788338512182236,0.1546832025051117,direct,SAFE_PROGRESSING,NONE,1,0,"5.724,15.389;5.660,15.885;5.596,16.381;5.532,16.877;5.468,17.372;5.404,17.868;5.340,18.364",1,1,PASS_THROUGH,-1,0.9649615543017136,0.26239130839191477,0.0,0.9,2.2857499044818925,2.984840665358589,0.0,0,0,0,DIRECT_LOCAL,PASS_THROUGH,0,BYPASS_VISIBLE,1,10,5.0,21.0,2.0,5.0,21.0,2.0,1,
373,12.466667,0.033333,5.758879661560059,15.504575729370117,2.7213478088378906,-0.13388735677441876,0.09991000592708588,1.7890955625810954,-0.2907347265536271,0.0749892492695913,1.8141149359336621,5.0,21.0,2.0,0.9568257640714072,0.2613307548546395,-0.12724265706229218,0.9,1.7956823110580444,-0.2803418040275574,0.07661651819944382,0.15595299005508423,direct,SAFE_PROGRESSING,NONE,1,0,"5.741,15.447;5.675,15.942;5.609,16.438;5.543,16.934;5.477,17.429;5.411,17.925;5.344,18.420",0,1,PASS_THROUGH,-1,0.9573241509094207,0.260314553872642,-0.12556593139718966,0.9,2.2766534249199704,2.976733105629335,0.0,0,0,0,DIRECT_LOCAL,PASS_THROUGH,0,BYPASS_VISIBLE,1,10,5.0,21.0,2.0,5.0,21.0,2.0,1,
374,12.5,0.033333,5.776123523712158,15.562467575073242,2.7239322662353516,-0.13054068060113086,0.10085859149694443,1.788410023934034,-0.2914348000928053,0.07365938282805319,1.8134967221066254,5.0,21.0,2.0,0.9563138017753728,0.26236879349899583,-0.12894389761370753,0.9,1.7949376106262207,-0.2810012102127075,0.07535507529973984,0.15713447332382202,direct,SAFE_PROGRESSING,NONE,1,0,"5.759,15.505;5.690,16.000;5.622,16.495;5.554,16.990;5.485,17.486;5.417,17.981;5.348,18.476",0,1,PASS_THROUGH,-1,0.9573241509094207,0.260314553872642,-0.12556593139718966,0.9,2.264621248741537,2.9694290455162644,0.0,0,0,0,DIRECT_LOCAL,PASS_THROUGH,0,BYPASS_VISIBLE,1,10,5.0,21.0,2.0,5.0,21.0,2.0,1,
375,12.533333,0.033333,5.793191909790039,15.620389938354492,2.72648024559021,-0.127162958947603,0.10177165269851685,1.7876677157119663,-0.29219465792094274,0.07230168031412193,1.8128323455004387,5.0,21.0,2.0,0.9557872292057792,0.26343130178693314,-0.1306702786634396,0.9,1.7941606044769287,-0.2817375659942627,0.07409517467021942,0.15820899605751038,direct,SAFE_PROGRESSING,NONE,1,0,"5.776,15.562;5.705,16.057;5.635,16.552;5.564,17.047;5.494,17.542;5.423,18.037;5.352,18.532",0,1,PASS_THROUGH,-1,0.9573241509094207,0.260314553872642,-0.12556593139718966,0.9,2.2539735632037696,2.9629326036467143,0.0,0,0,0,DIRECT_LOCAL,PASS_THROUGH,0,BYPASS_VISIBLE,1,10,5.0,21.0,2.0,5.0,21.0,2.0,1,
376,12.566667,0.033333,5.810086250305176,15.678340911865234,2.7289927005767822,-0.12375545554512081,0.10264529287815094,1.7868643599005445,-0.2930098062722789,0.07094273602700804,1.8121180588056338,5.0,21.0,2.0,0.9552450328148044,0.2645207953678388,-0.13242233988496477,0.9,1.7932878732681274,-0.2826114594936371,0.07284370809793472,0.1591266542673111,local_avoidance,SAFE_PROGRESSING,NONE,1,0,"5.793,15.620;5.720,16.115;5.647,16.610;5.574,17.104;5.501,17.599;5.429,18.094;5.356,18.588",0,1,PASS_THROUGH,-1,0.9573241509094207,0.260314553872642,-0.12556593139718966,0.9,2.2447289473217102,2.9572491000435877,0.0,0,0,1,DIRECT_LOCAL,PASS_THROUGH,0,BYPASS_VISIBLE,1,10,5.0,21.0,2.0,5.0,21.0,2.0,1,
377,12.6,0.033333,5.826805114746094,15.736318588256836,2.7314693927764893,-0.12031959054303043,0.10347072035074234,1.7859985189644847,-0.2938783612265609,0.069595568999988,1.8113527387466457,5.0,21.0,2.0,0.9546859699437565,0.2656404089694796,-0.13420086406233192,0.9,1.7923134565353394,-0.2836158871650696,0.07160379737615585,0.15991683304309845,local_avoidance,SAFE_PROGRESSING,NONE,1,0,"5.810,15.678;5.735,16.173;5.660,16.667;5.584,17.161;5.509,17.656;5.434,18.150;5.359,18.644",0,1,PASS_THROUGH,-1,0.9573241509094207,0.260314553872642,-0.12556593139718966,0.9,2.2369052113633185,2.952380594192668,0.0,0,0,1,DIRECT_LOCAL,PASS_THROUGH,0,BYPASS_VISIBLE,1,10,5.0,21.0,2.0,5.0,21.0,2.0,1,
378,12.633333,0.033333,5.843349933624268,15.794321060180664,2.7339110374450684,-0.11685715637010291,0.10423733294010162,1.7850685684825054,-0.294803777203972,0.0682558759962041,1.810535259487072,5.0,21.0,2.0,0.9541088202134491,0.2667931874766292,-0.13600644950501548,0.9,1.7912054061889648,-0.28477004170417786,0.07037752866744995,0.160577654838562,local_avoidance,SAFE_PROGRESSING,NONE,1,0,"5.827,15.736;5.749,16.230;5.672,16.724;5.594,17.218;5.516,17.712;5.439,18.206;5.361,18.700",1,1,PASS_THROUGH,-1,0.9630575978646081,0.26929549419782506,0.0,0.9,2.2305149460274607,2.948331189916032,0.0,0,0,1,DIRECT_LOCAL,PASS_THROUGH,0,BYPASS_VISIBLE,1,10,5.0,21.0,2.0,5.0,21.0,2.0,1,
379,12.666667,0.033333,5.859719753265381,15.852344512939453,2.736318826675415,-0.11337030274837998,0.10493585467338562,1.7840696963291813,-0.29579432468371064,0.06690827680181227,1.809661758832235,5.0,21.0,2.0,0.9535120605154749,0.26798305783437093,-0.13783987509162088,0.9,1.7900670766830444,-0.28598564863204956,0.06915105134248734,0.1611800491809845,local_avoidance,SAFE_PROGRESSING,NONE,1,0,"5.843,15.794;5.763,16.288;5.683,16.781;5.603,17.275;5.524,17.769;5.444,18.262;5.364,18.756",0,1,PASS_THROUGH,-1,0.9541088202134491,0.2667931874766292,-0.13600644950501548,0.9,2.2255706245121054,2.9451027266888996,0.0,0,0,1,DIRECT_LOCAL,PASS_THROUGH,0,BYPASS_VISIBLE,1,10,5.0,21.0,2.0,5.0,21.0,2.0,1,
380,12.7,0.033333,5.875917434692383,15.91038703918457,2.73869252204895,-0.10986131451170839,0.10556383430957794,1.7829962758203577,-0.29685965694233374,0.06555333599588826,1.8087284526344396,5.0,21.0,2.0,0.9528942064958825,0.26921364199960496,-0.13970199063682304,0.9,1.7888730764389038,-0.2872368395328522,0.06792335212230682,0.16179682314395905,local_avoidance,SAFE_PROGRESSING,NONE,1,0,"5.860,15.852;5.777,16.346;5.695,16.839;5.613,17.332;5.530,17.825;5.448,18.318;5.366,18.811",0,1,PASS_THROUGH,-1,0.9541088202134491,0.2667931874766292,-0.13600644950501548,0.9,2.2220802451630384,2.9426993311520295,0.0,0,0,1,DIRECT_LOCAL,PASS_THROUGH,0,BYPASS_VISIBLE,1,10,5.0,21.0,2.0,5.0,21.0,2.0,1,
381,12.733333,0.033333,5.891943454742432,15.96844482421875,2.7410330772399902,-0.10633247027361878,0.10612785816192627,1.7818434193223627,-0.298005700410186,0.06419833215900046,1.8077319475827638,5.0,21.0,2.0,0.9522535437135929,0.27048934938134306,-0.14159343330875984,0.9,1.7876200675964355,-0.28852295875549316,0.06668740510940552,0.1624307930469513,local_avoidance,SAFE_PROGRESSING,NONE,1,0,"5.876,15.910;5.791,16.403;5.706,16.896;5.622,17.389;5.537,17.881;5.452,18.374;5.367,18.867",0,1,PASS_THROUGH,-1,0.9541088202134491,0.2667931874766292,-0.13600644950501548,0.9,2.2200517288505064,2.9411227899920647,0.0,0,0,1,DIRECT_LOCAL,PASS_THROUGH,0,BYPASS_VISIBLE,1,10,5.0,21.0,2.0,5.0,21.0,2.0,1,
382,12.766667,0.033333,5.907797813415527,16.026517868041992,2.743340253829956,-0.10278569507315358,0.10664008557796478,1.7806097038347315,-0.29923160919273734,0.0628549232308312,1.8066713078766816,5.0,21.0,2.0,0.9515885055874359,0.2718138136929776,-0.14351504004650367,0.9,1.7865163087844849,-0.2895743250846863,0.06542371958494186,0.16341149806976318,local_avoidance,SAFE_PROGRESSING,NONE,1,0,"5.892,15.968;5.762,16.451;5.632,16.934;5.502,17.417;5.373,17.900;5.243,18.383;5.113,18.866",0,1,PASS_THROUGH,-1,0.9541088202134491,0.2667931874766292,-0.13600644950501548,0.9,2.21948827115439,2.940372640409806,0.0,0,0,1,DIRECT_LOCAL,PASS_THROUGH,0,BYPASS_VISIBLE,1,10,5.0,21.0,2.0,5.0,21.0,2.0,1,
383,12.8,0.033333,5.92348575592041,16.08460235595703,2.7456140518188477,-0.09922228050554283,0.10713298618793488,1.779301240063532,-0.3005259378780326,0.061558845791350125,1.8055520578826456,5.0,21.0,2.0,0.9508976450491657,0.27319015559448534,-0.14546754801745798,0.9,1.785520315170288,-0.29039451479911804,0.06411861628293991,0.16475607454776764,local_avoidance,SAFE_PROGRESSING,NONE,1,0,"5.908,16.027;5.734,16.495;5.560,16.964;5.386,17.433;5.212,17.902;5.039,18.371;4.865,18.839",0,1,PASS_THROUGH,-1,0.9541088202134491,0.2667931874766292,-0.13600644950501548,0.9,2.2203884673768535,2.940453916600709,0.0,0,0,1,DIRECT_LOCAL,PASS_THROUGH,0,BYPASS_VISIBLE,1,10,5.0,21.0,2.0,5.0,21.0,2.0,1,
384,12.833333,0.033333,5.939002990722656,16.14268684387207,2.7478537559509277,-0.0956420912475947,0.10765596479177475,1.777936077680116,-0.3018607003635448,0.06033270360759174,1.804388154989144,5.0,21.0,2.0,0.9501796121632116,0.2746210525517321,-0.14745162638895387,0.9,1.784440279006958,-0.2911234200000763,0.06277657300233841,0.16641512513160706,local_avoidance,SAFE_PROGRESSING,NONE,1,0,"5.923,16.085;5.747,16.553;5.571,17.020;5.395,17.488;5.218,17.956;5.042,18.424;4.866,18.892",1,1,PASS_THROUGH,-1,0.9606805533569364,0.2776560361342984,0.0,0.9,2.222753989597064,2.9413634830944764,0.0,0,0,1,DIRECT_LOCAL,PASS_THROUGH,0,BLOCKED_FOV_TRUNCATED,1,10,5.0,21.0,2.0,5.0,21.0,2.0,1,
385,12.866667,0.033333,5.954348564147949,16.20077133178711,2.7500579357147217,-0.09204341491515886,0.10825475305318832,1.776537898786468,-0.3031979160517301,0.05914282198171479,1.803195429096556,5.0,21.0,2.0,0.9494340738306477,0.2761057088749685,-0.14946764524803247,0.9,1.7833530902862549,-0.291747510433197,0.06138293072581291,0.16840387880802155,local_avoidance,SAFE_PROGRESSING,NONE,1,0,"5.939,16.143;5.760,16.610;5.582,17.077;5.403,17.544;5.224,18.011;5.045,18.478;4.867,18.945",0,1,PASS_THROUGH,-1,0.9501796121632116,0.2746210525517321,-0.14745162638895387,0.9,2.226575419910053,2.9430976077445328,0.0,0,0,1,DIRECT_LOCAL,PASS_THROUGH,0,BLOCKED_FOV_TRUNCATED,1,10,5.0,21.0,2.0,5.0,21.0,2.0,1,
386,12.9,0.033333,5.969526290893555,16.258867263793945,2.752225160598755,-0.08842307971436199,0.10896892845630646,1.7751250271576482,-0.3045020500431828,0.05793769045586507,1.8019842220444944,5.0,21.0,2.0,0.9486607544687575,0.2776429908446121,-0.15151614622087772,0.9,1.7823326587677002,-0.2923218011856079,0.05991779640316963,0.17053396999835968,local_avoidance,SAFE_PROGRESSING,NONE,1,0,"5.954,16.201;5.773,16.667;5.592,17.133;5.411,17.599;5.230,18.065;5.048,18.531;4.867,18.997",0,1,PASS_THROUGH,-1,0.9501796121632116,0.2746210525517321,-0.14745162638895387,0.9,2.231840777242605,2.9456543547155665,0.0,0,0,1,DIRECT_LOCAL,PASS_THROUGH,0,BLOCKED_FOV_TRUNCATED,1,10,5.0,21.0,2.0,5.0,21.0,2.0,1,
387,12.933333,0.033333,5.9845290184021,16.316978454589844,2.7543540000915527,-0.08477671764638348,0.10982434451580048,1.7737096630294948,-0.3057492195550345,0.056693893855475845,1.8007617142707173,5.0,21.0,2.0,0.9478592257119506,0.279232057479163,-0.1535980022939586,0.9,1.7813289165496826,-0.29283812642097473,0.0583982914686203,0.17287272214889526,local_avoidance,SAFE_PROGRESSING,NONE,1,0,"5.970,16.259;5.786,16.724;5.602,17.189;5.418,17.654;5.235,18.119;5.051,18.584;4.867,19.049",0,1,PASS_THROUGH,-1,0.9501796121632116,0.2746210525517321,-0.14745162638895387,0.9,2.2385386362666435,2.9490227068711423,0.0,0,0,1,DIRECT_LOCAL,PASS_THROUGH,0,BLOCKED_FOV_TRUNCATED,1,10,5.0,21.0,2.0,5.0,21.0,2.0,1,
388,12.966667,0.033333,5.999353885650635,16.375089645385742,2.756442070007324,-0.08109933929647105,0.1108318418264389,1.7722987957472307,-0.3069298901625736,0.05540280259187928,1.7995328419946464,5.0,21.0,2.0,0.9470299019871693,0.2808692348726488,-0.155713960980464,0.9,1.7801505327224731,-0.29344967007637024,0.05686044692993164,0.1753229796886444,local_avoidance,SAFE_PROGRESSING,NONE,1,0,"5.985,16.317;5.798,16.781;5.612,17.245;5.426,17.709;5.239,18.173;5.053,18.637;4.867,19.101",0,1,PASS_THROUGH,-1,0.9501796121632116,0.2746210525517321,-0.14745162638895387,0.9,2.2466461614385094,2.9531987826359023,0.0,0,0,1,DIRECT_LOCAL,PASS_THROUGH,0,BLOCKED_FOV_TRUNCATED,1,10,5.0,21.0,2.0,5.0,21.0,2.0,1,
389,13.0,0.033333,6.013996124267578,16.43320083618164,2.7584855556488037,-0.07738584983977159,0.11198708415031433,1.770892164713712,-0.308050009531384,0.05404023718179322,1.7982975879012257,5.0,21.0,2.0,0.9461733241835728,0.2825508915940535,-0.1578639739231621,0.9,1.7790794372558594,-0.2939932346343994,0.05529610067605972,0.1779276728630066,local_avoidance,SAFE_PROGRESSING,NONE,1,0,"5.999,16.375;5.852,16.853;5.704,17.330;5.556,17.808;5.408,18.286;5.260,18.763;5.113,19.241",0,1,PASS_THROUGH,-1,0.9501796121632116,0.2746210525517321,-0.14745162638895387,0.9,2.2561441742590156,2.958172942648593,0.0,0,0,1,DIRECT_LOCAL,PASS_THROUGH,0,BLOCKED_FOV_TRUNCATED,1,10,5.0,21.0,2.0,5.0,21.0,2.0,1,
390,13.033333,0.033333,6.028451919555664,16.49131202697754,2.760484457015991,-0.07363143285893839,0.11328339576721191,1.769483038571245,-0.3091265093861824,0.05261322192965371,1.7970524682708713,5.0,21.0,2.0,0.9452898558186469,0.2842739356287375,-0.160048174024292,0.9,1.7776107788085938,-0.29475316405296326,0.05377013608813286,0.1805848330259323,local_avoidance,SAFE_PROGRESSING,NONE,1,0,"6.014,16.433;5.906,16.921;5.797,17.409;5.689,17.898;5.580,18.386;5.472,18.874;5.364,19.362",1,1,PASS_THROUGH,-1,0.9576345264774903,0.2879863081784152,0.0,0.9,2.267006946475304,2.963935969203731,0.0,0,0,1,DIRECT_LOCAL,PASS_THROUGH,0,BLOCKED_FOV_TRUNCATED,1,10,5.0,21.0,2.0,5.0,21.0,2.0,1,
391,13.066667,0.033333,6.042718410491943,16.549436569213867,2.7624385356903076,-0.06983161375014552,0.11470235139131546,1.7680573501653227,-0.31018198054592006,0.051077592163385484,1.795786338891746,5.0,21.0,2.0,0.9443795705524229,0.2860358229441883,-0.16226747892249432,0.9,1.7759754657745361,-0.2958008348941803,0.052266187965869904,0.18300960958003998,local_avoidance,SAFE_PROGRESSING,NONE,1,0,"6.028,16.491;5.917,16.979;5.806,17.466;5.695,17.954;5.584,18.441;5.472,18.929;5.361,19.416",0,1,PASS_THROUGH,-1,0.9452898558186469,0.2842739356287375,-0.160048174024292,0.9,2.2792076315913774,2.970477465303216,0.0,0,0,1,DIRECT_LOCAL,PASS_THROUGH,0,BLOCKED_FOV_TRUNCATED,1,10,5.0,21.0,2.0,5.0,21.0,2.0,1,
392,13.1,0.033333,6.05679178237915,16.607572555541992,2.7643473148345947,-0.0659828365142077,0.11620830744504929,1.7665869552116962,-0.31124781638412924,0.049413529121154924,1.7944766285433276,5.0,21.0,2.0,0.943441934251762,0.28783575495190145,-0.16452323503554972,0.9,1.7742280960083008,-0.29710105061531067,0.05079304426908493,0.1851765364408493,direct,SAFE_PROGRESSING,NONE,1,0,"6.043,16.549;5.929,17.036;5.815,17.523;5.701,18.010;5.586,18.497;5.472,18.984;5.358,19.470",0,1,PASS_THROUGH,-1,0.9452898558186469,0.2842739356287375,-0.160048174024292,0.9,2.292718479722915,2.977788117719607,0.0,0,0,0,DIRECT_LOCAL,PASS_THROUGH,0,BLOCKED_FOV_TRUNCATED,1,10,5.0,21.0,2.0,5.0,21.0,2.0,1,
393,13.133333,0.033333,6.070671081542969,16.665708541870117,2.766211986541748,-0.06208296408447181,0.1177559420466423,1.7650389532136261,-0.3123636331916519,0.047662751187888104,1.7930993512778202,5.0,21.0,2.0,0.9424762969452316,0.28967353453320144,-0.16681628543834023,0.9,1.7724655866622925,-0.29844579100608826,0.0493612140417099,0.1873706579208374,direct,SAFE_PROGRESSING,NONE,1,0,"6.057,16.608;5.940,17.094;5.823,17.580;5.706,18.066;5.589,18.552;5.472,19.038;5.355,19.524",0,1,PASS_THROUGH,-1,0.9452898558186469,0.2842739356287375,-0.160048174024292,0.9,2.3071819207195636,2.9858617673285623,0.0,0,0,0,DIRECT_LOCAL,PASS_THROUGH,0,BLOCKED_FOV_TRUNCATED,1,10,5.0,21.0,2.0,5.0,21.0,2.0,1,
394,13.166667,0.033333,6.084354400634766,16.723844528198242,2.768033027648926,-0.05813118420906361,0.11931190639734268,1.7633880134336353,-0.3135666400979488,0.045923863836948325,1.7916390052054163,5.0,21.0,2.0,0.941481545350998,0.29155038418514495,-0.16914748962071888,0.8929147553685078,1.7710238695144653,-0.29937613010406494,0.04796895384788513,0.19009020924568176,direct,SAFE_PROGRESSING,NONE,1,0,"6.071,16.666;5.951,17.151;5.831,17.637;5.711,18.122;5.591,18.607;5.471,19.093;5.351,19.578",0,1,PASS_THROUGH,-1,0.9452898558186469,0.2842739356287375,-0.160048174024292,0.9,2.3207242462208857,2.9946893230801983,0.0,0,0,0,DIRECT_LOCAL,PASS_THROUGH,0,BLOCKED_FOV_TRUNCATED,1,10,5.0,21.0,2.0,5.0,21.0,2.0,1,
395,13.2,0.033333,6.097843170166016,16.78197479248047,2.769812822341919,-0.054127180140791195,0.12089073657989502,1.7616326822564097,-0.31486983912392846,0.04433673491496119,1.7901001281623217,5.0,21.0,2.0,0.9404562082830037,0.29346840027505344,-0.17151798256146994,0.8822999509281658,1.7697832584381104,-0.3001035749912262,0.04659680277109146,0.19278256595134735,direct,SAFE_PROGRESSING,NONE,1,0,"6.084,16.724;5.961,17.209;5.839,17.693;5.716,18.178;5.593,18.662;5.470,19.147;5.347,19.632",0,1,PASS_THROUGH,-1,0.9452898558186469,0.2842739356287375,-0.160048174024292,0.9,2.3345009266367978,3.004264988126171,0.0,0,0,0,DIRECT_LOCAL,PASS_THROUGH,0,BLOCKED_FOV_TRUNCATED,1,10,5.0,21.0,2.0,5.0,21.0,2.0,1,
396,13.233333,0.033333,6.1111369132995605,16.840085983276367,2.771552801132202,-0.05006985393361703,0.12251602858304977,1.7598031856897636,-0.31624673707162854,0.04299089678234479,1.7885098457314803,5.0,21.0,2.0,0.9393988118329749,0.2954294129998124,-0.1739291069987467,0.871710875865395,1.7684894800186157,-0.3008529841899872,0.04524516314268112,0.19513770937919617,direct,SAFE_PROGRESSING,NONE,1,0,"6.098,16.782;5.972,17.266;5.846,17.750;5.720,18.234;5.594,18.717;5.468,19.201;5.342,19.685",1,1,PASS_THROUGH,-1,0.9539385754452834,0.3000019904557695,0.0,0.871710875865395,2.3480608891273187,3.0145806872376966,0.0,0,0,0,DIRECT_LOCAL,PASS_THROUGH,0,BYPASS_VISIBLE,1,10,5.0,21.0,2.0,5.0,21.0,2.0,1,
397,13.266667,0.033333,6.124233722686768,16.898197174072266,2.77325439453125,-0.04595796624169554,0.12417267262935638,1.7579468087351084,-0.31764688151179643,0.041866860525113486,1.7869049660478173,5.0,21.0,2.0,0.9383081896465245,0.2974343951323156,-0.1763817502876514,0.8611506225192113,1.767207145690918,-0.3015928268432617,0.04391448572278023,0.19726185500621796,direct,SAFE_PROGRESSING,NONE,1,0,"6.111,16.840;5.982,17.323;5.853,17.806;5.724,18.289;5.595,18.772;5.466,19.255;5.337,19.738",0,1,PASS_THROUGH,-1,0.9393988118329749,0.2954294129998124,-0.1739291069987467,0.871710875865395,2.3611577268520993,3.0256248652493465,0.0,0,0,0,DIRECT_LOCAL,PASS_THROUGH,0,BYPASS_VISIBLE,1,10,5.0,21.0,2.0,5.0,21.0,2.0,1,
398,13.3,0.033333,6.137131214141846,16.956298828125,2.7749183177948,-0.04179105056328494,0.1258254051208496,1.756105142104383,-0.3190206200491915,0.040889202963398485,1.785315477180716,5.0,21.0,2.0,0.9371821742751164,0.2994865664304156,-0.17887808347778564,0.850615962371149,1.7659355401992798,-0.3022676408290863,0.042621832340955734,0.1993626058101654,direct,SAFE_PROGRESSING,NONE,1,0,"6.124,16.898;5.992,17.380;5.860,17.863;5.728,18.345;5.596,18.827;5.463,19.309;5.331,19.791",0,1,PASS_THROUGH,-1,0.9393988118329749,0.2954294129998124,-0.1739291069987467,0.871710875865395,2.374722875943974,3.0373867212447463,0.0,0,0,0,DIRECT_LOCAL,PASS_THROUGH,0,BYPASS_VISIBLE,1,10,5.0,21.0,2.0,5.0,21.0,2.0,1,
399,13.333333,0.033333,6.149824142456055,17.01438331604004,2.7765448093414307,-0.03756958999585096,0.12744837999343872,1.7543037306482265,-0.3203332240316206,0.039975966630321096,1.7837581202878394,5.0,21.0,2.0,0.936018949582232,0.3015885278762232,-0.18141908906294094,0.8401091968452423,1.7647466659545898,-0.30283692479133606,0.0413687564432621,0.20153972506523132,direct,SAFE_PROGRESSING,NONE,1,0,"6.137,16.956;6.002,17.438;5.866,17.919;5.731,18.400;5.596,18.882;5.460,19.363;5.325,19.844",0,1,PASS_THROUGH,-1,0.9393988118329749,0.2954294129998124,-0.1739291069987467,0.871710875865395,2.387139524360918,3.049851727618919,0.0,0,0,0,DIRECT_LOCAL,PASS_THROUGH,0,BYPASS_VISIBLE,1,10,5.0,21.0,2.0,5.0,21.0,2.0,1,
400,13.366667,0.033333,6.162306785583496,17.072467803955078,2.77813458442688,-0.03329459886606936,0.1290358155965805,1.7525527945061121,-0.32156631958406195,0.039075787206773904,1.7822382311486453,5.0,21.0,2.0,0.9348166300781686,0.3037428983723467,-0.18400576028391816,0.8296321090708773,1.7636010646820068,-0.3033461272716522,0.04015591740608215,0.20376530289649963,direct,SAFE_PROGRESSING,NONE,1,0,"6.150,17.014;6.011,17.495;5.873,17.975;5.734,18.456;5.595,18.936;5.457,19.416;5.318,19.897",0,1,PASS_THROUGH,-1,0.9393988118329749,0.2954294129998124,-0.1739291069987467,0.871710875865395,2.400088428139939,3.063004641434514,0.0,0,0,0,DIRECT_LOCAL,PASS_THROUGH,0,BYPASS_VISIBLE,1,10,5.0,21.0,2.0,5.0,21.0,2.0,1,
401,13.4,0.033333,6.1745758056640625,17.130552291870117,2.7796871662139893,-0.028967067442820706,0.13059407472610474,1.7508536231462266,-0.3227137434434029,0.038165405977211964,1.780755224084694,5.0,21.0,2.0,0.9335725652156472,0.3059537151808474,-0.18664026801232714,0.8191816944923241,1.7624300718307495,-0.3038283884525299,0.03898729756474495,0.20606479048728943,direct,SAFE_PROGRESSING,NONE,1,0,"6.162,17.072;6.020,17.552;5.879,18.031;5.737,18.511;5.595,18.990;5.453,19.470;5.311,19.949",0,1,PASS_THROUGH,-1,0.9393988118329749,0.2954294129998124,-0.1739291069987467,0.871710875865395,2.41241141391487,3.0768328548688846,0.0,0,0,0,DIRECT_LOCAL,PASS_THROUGH,0,BYPASS_VISIBLE,1,10,5.0,21.0,2.0,5.0,21.0,2.0,1,
402,13.433333,0.033333,6.186624526977539,17.188636779785156,2.781203031539917,-0.024587776095536373,0.13213300704956055,1.7492020791455085,-0.3237775340964167,0.03723102323027945,1.7793049076432346,5.0,21.0,2.0,0.9322843715393763,0.3082244780436414,-0.18932385406534205,0.8087584037078808,1.7612369060516357,-0.30426231026649475,0.03786099702119827,0.20850518345832825,direct,SAFE_PROGRESSING,NONE,1,0,"6.175,17.131;6.029,17.609;5.884,18.087;5.739,18.566;5.594,19.044;5.448,19.523;5.303,20.001",1,1,PASS_THROUGH,-1,0.9494555600806257,0.3139014804552302,0.0,0.8087584037078808,2.4246538001873676,3.09132023746288,0.0,0,0,0,DIRECT_LOCAL,PASS_THROUGH,0,BYPASS_VISIBLE,1,10,5.0,21.0,2.0,5.0,21.0,2.0,1,
403,13.466667,0.033333,6.198447227478027,17.246721267700195,2.782682418823242,-0.020157121754123892,0.13366824388504028,1.7475909501367524,-0.3247641324296043,0.03626583484911086,1.7778810650574837,5.0,21.0,2.0,0.930949853427435,0.31055767251979655,-0.19205807049568105,0.7983625082487562,1.760039210319519,-0.30468153953552246,0.03676694259047508,0.21099860966205597,direct,SAFE_PROGRESSING,NONE,1,0,"6.187,17.189;6.038,17.666;5.889,18.143;5.741,18.621;5.592,19.098;5.443,19.576;5.295,20.053",0,1,PASS_THROUGH,-1,0.9322843715393763,0.3082244780436414,-0.18932385406534205,0.8087584037078808,2.4369308332861404,3.1064514608584073,0.0,0,0,0,DIRECT_LOCAL,PASS_THROUGH,0,BYPASS_VISIBLE,1,10,5.0,21.0,2.0,5.0,21.0,2.0,1,
404,13.5,0.033333,6.210040092468262,17.304805755615234,2.784125804901123,-0.01567497582070291,0.13521556556224823,1.7460117274109956,-0.3256809075057743,0.03527361456303074,1.7764766347055778,5.0,21.0,2.0,0.9295667992549668,0.31295559294032727,-0.19484445737624753,0.7879943400655566,1.7587695121765137,-0.3050501346588135,0.035711728036403656,0.21369636058807373,direct,SAFE_PROGRESSING,NONE,1,0,"6.198,17.247;6.046,17.723;5.894,18.199;5.742,18.676;5.590,19.152;5.438,19.628;5.286,20.105",0,1,PASS_THROUGH,-1,0.9322843715393763,0.3082244780436414,-0.18932385406534205,0.8087584037078808,2.448449422763381,3.122212978743039,0.0,0,0,0,DIRECT_LOCAL,PASS_THROUGH,0,BYPASS_VISIBLE,1,10,5.0,21.0,2.0,5.0,21.0,2.0,1,
405,13.533333,0.033333,6.2213969230651855,17.362890243530273,2.7855334281921387,-0.011140681843134093,0.13679173588752747,1.7444550897138635,-0.3265345750257612,0.03425160295731772,1.7750835363500512,5.0,21.0,2.0,0.9281328829645671,0.31542056826284354,-0.19768463945543663,0.7776543584167686,1.7574725151062012,-0.3053396940231323,0.03468644991517067,0.2166289985179901,direct,SAFE_PROGRESSING,NONE,1,0,"6.210,17.305;6.054,17.780;5.899,18.255;5.743,18.730;5.588,19.205;5.432,19.681;5.276,20.156",0,1,PASS_THROUGH,-1,0.9322843715393763,0.3082244780436414,-0.18932385406534205,0.8087584037078808,2.4606505089914354,3.1385887735548765,0.0,0,0,0,DIRECT_LOCAL,PASS_THROUGH,0,BYPASS_VISIBLE,1,10,5.0,21.0,2.0,5.0,21.0,2.0,1,
406,13.566667,0.033333,6.232512950897217,17.420974731445312,2.7869060039520264,-0.006552936317797988,0.13841953873634338,1.7429122945874027,-0.32732933818067406,0.03319703098498415,1.7736938307171113,5.0,21.0,2.0,0.9266460327961834,0.3179539004803628,-0.20058027588080102,0.7673428913928995,1.7561079263687134,-0.30558520555496216,0.03368647024035454,0.21975624561309814,direct,SAFE_PROGRESSING,NONE,1,0,"6.221,17.363;6.062,17.837;5.903,18.311;5.744,18.785;5.585,19.259;5.426,19.733;5.266,20.207",0,1,PASS_THROUGH,-1,0.9322843715393763,0.3082244780436414,-0.18932385406534205,0.8087584037078808,2.4739739203193696,3.1555641926066214,0.0,0,0,0,DIRECT_LOCAL,PASS_THROUGH,0,BYPASS_VISIBLE,1,10,5.0,21.0,2.0,5.0,21.0,2.0,1,
407,13.6,0.033333,6.243383407592773,17.47905921936035,2.7882440090179443,-0.0019096469010338438,0.14012092351913452,1.741372865002825,-0.32806680763464097,0.03210179088472727,1.7722973255686358,5.0,21.0,2.0,0.9251041648221702,0.3205565915653177,-0.20353318115899702,0.7570603687179066,1.7545455694198608,-0.3058329224586487,0.0327213853597641,0.22311925888061523,direct,SAFE_PROGRESSING,NONE,1,0,"6.233,17.421;6.070,17.894;5.907,18.366;5.744,18.839;5.581,19.312;5.419,19.785;5.256,20.257",0,1,PASS_THROUGH,-1,0.9322843715393763,0.3082244780436414,-0.18932385406534205,0.8087584037078808,2.488393640516951,3.173124546592013,0.0,0,0,0,DIRECT_LOCAL,PASS_THROUGH,0,BYPASS_VISIBLE,1,10,5.0,21.0,2.0,5.0,21.0,2.0,1,
408,13.633333,0.033333,6.254004001617432,17.53714370727539,2.78954815864563,0.0027919124261926408,0.14191193878650665,1.7398230757843747,-0.3287490028114781,0.030939231387884868,1.770880424512117,5.0,21.0,2.0,0.9235052690827155,0.32322918967038144,-0.20654517404550918,0.7468072382897304,1.7529624700546265,-0.306077241897583,0.031765565276145935,0.22657915949821472,direct,SAFE_PROGRESSING,NONE,1,0,"6.243,17.479;6.077,17.951;5.910,18.422;5.744,18.893;5.577,19.365;5.411,19.836;5.244,20.308",1,1,PASS_THROUGH,-1,0.9438576089127363,0.33035256030116084,0.0,0.7468072382897304,2.5038827734606355,3.1912556079945107,0.0,0,0,0,DIRECT_LOCAL,PASS_THROUGH,0,BYPASS_VISIBLE,1,10,5.0,21.0,2.0,5.0,21.0,2.0,1,
409,13.666667,0.033333,6.264368534088135,17.59522819519043,2.7908194065093994,0.00755491521798812,0.14380398392677307,1.738245077116498,-0.3293812590674114,0.029714096271074554,1.7694267120911735,5.0,21.0,2.0,0.9218472869092978,0.3259720767945876,-0.2096181880662801,0.7365840003729367,1.7513420581817627,-0.3063012957572937,0.030817726626992226,0.23017068207263947,direct,SAFE_PROGRESSING,NONE,1,0,"6.254,17.537;6.084,18.007;5.914,18.477;5.743,18.948;5.573,19.418;5.403,19.888;5.233,20.358",0,1,PASS_THROUGH,-1,0.9235052690827155,0.32322918967038144,-0.20654517404550918,0.7468072382897304,2.5204141621455722,3.209941274699677,0.0,0,0,0,DIRECT_LOCAL,PASS_THROUGH,0,BYPASS_VISIBLE,1,10,5.0,21.0,2.0,5.0,21.0,2.0,1,
410,13.7,0.033333,6.274471282958984,17.653289794921875,2.792057991027832,0.01238281722919571,0.14580228924751282,1.736623757105959,-0.3299719717371599,0.028450777167318735,1.7679233644585248,5.0,21.0,2.0,0.9201282405950878,0.328785066209098,-0.21275432098377506,0.7263910471039245,1.7494642734527588,-0.30670666694641113,0.02989584393799305,0.23367977142333984,direct,SAFE_PROGRESSING,NONE,1,0,"6.264,17.595;6.090,18.064;5.916,18.533;5.742,19.001;5.568,19.470;5.394,19.939;5.220,20.408",0,1,PASS_THROUGH,-1,0.9235052690827155,0.32322918967038144,-0.20654517404550918,0.7468072382897304,2.5379581619811935,3.229162159878732,0.0,0,0,0,DIRECT_LOCAL,PASS_THROUGH,0,BYPASS_VISIBLE,1,10,5.0,21.0,2.0,5.0,21.0,2.0,1,
411,13.733333,0.033333,6.284308433532715,17.711349487304688,2.7932653427124023,0.0172789671065723,0.14789177477359772,1.7349430846322818,-0.33053512842737603,0.02715379902488996,1.7663573553614123,5.0,21.0,2.0,0.9183469749524528,0.3316663443249614,-0.21595432303567114,0.7162330974720781,1.7475600242614746,-0.3069121241569519,0.02900659665465355,0.23771324753761292,local_avoidance,SAFE_PROGRESSING,NONE,1,0,"6.274,17.653;6.056,18.103;5.838,18.553;5.621,19.003;5.403,19.453;5.185,19.903;4.967,20.353",0,1,PASS_THROUGH,-1,0.9235052690827155,0.32322918967038144,-0.20654517404550918,0.7468072382897304,2.5564815503290275,3.248907456487429,0.0,0,0,0,DIRECT_LOCAL,PASS_THROUGH,0,BYPASS_VISIBLE,1,10,5.0,21.0,2.0,5.0,21.0,2.0,1,
412,13.766667,0.033333,6.293874740600586,17.7694091796875,2.794442653656006,0.022246332219826817,0.1500772088766098,1.7331870655774306,-0.331086423920482,0.025835415824356014,1.7647161508583118,5.0,21.0,2.0,0.9164999761033411,0.3346187274132625,-0.2192215798385364,0.7061068006213904,1.7455734014511108,-0.30702537298202515,0.028139229863882065,0.24204888939857483,local_avoidance,SAFE_PROGRESSING,NONE,1,0,"6.284,17.711;6.063,18.159;5.841,18.608;5.619,19.056;5.397,19.504;5.175,19.952;4.954,20.400",0,1,PASS_THROUGH,-1,0.9235052690827155,0.32322918967038144,-0.20654517404550918,0.7468072382897304,2.5759585760860637,3.2691625037625602,0.0,0,0,0,DIRECT_LOCAL,PASS_THROUGH,0,BYPASS_VISIBLE,1,10,5.0,21.0,2.0,5.0,21.0,2.0,1,
413,13.8,0.033333,6.30316686630249,17.82745361328125,2.795591115951538,0.02728850685533478,0.1523829847574234,1.7313422739704303,-0.33163293509176994,0.024516538643709344,1.7629882398761916,5.0,21.0,2.0,0.9145846387431555,0.33764275057787946,-0.22255855759160534,0.6960123243923666,1.7437539100646973,-0.3067561388015747,0.02726956270635128,0.2470395267009735,local_avoidance,SAFE_PROGRESSING,NONE,1,0,"6.294,17.769;6.068,18.216;5.843,18.662;5.617,19.108;5.391,19.554;5.166,20.000;4.940,20.447",0,1,PASS_THROUGH,-1,0.9235052690827155,0.32322918967038144,-0.20654517404550918,0.7468072382897304,2.5963598733244475,3.289911160456308,0.0,0,0,0,DIRECT_LOCAL,PASS_THROUGH,0,BYPASS_VISIBLE,1,10,5.0,21.0,2.0,5.0,21.0,2.0,1,
414,13.833333,0.033333,6.312178611755371,17.885486602783203,2.796712636947632,0.03241012179055439,0.1548537164926529,1.7294064120560964,-0.3321654187408558,0.023236744795100128,1.7611701649121532,5.0,21.0,2.0,0.9125992002489126,0.34073701762072783,-0.22596677748725974,0.6859531895781475,1.7417001724243164,-0.30641797184944153,0.026403961703181267,0.2523822486400604,local_avoidance,SAFE_PROGRESSING,NONE,1,0,"6.303,17.827;6.074,18.272;5.844,18.716;5.614,19.160;5.385,19.604;5.155,20.048;4.926,20.493",1,1,PASS_THROUGH,-1,0.9368303078686631,0.3497841824021003,0.0,0.6859531895781475,2.6176542404749426,3.3111379948818414,0.0,0,0,0,DIRECT_LOCAL,PASS_THROUGH,0,BYPASS_VISIBLE,1,10,5.0,21.0,2.0,5.0,21.0,2.0,1,
415,13.866667,0.033333,6.320906639099121,17.94349479675293,2.797807455062866,0.03761733896702478,0.1575249880552292,1.7273848427820657,-0.33266028702798345,0.02197103616502522,1.7592623420254658,5.0,21.0,2.0,0.9105415630510986,0.34389991534181236,-0.2294491450939757,0.6759291800356355,1.739457607269287,-0.3069489002227783,0.025484776124358177,0.2560918629169464,local_avoidance,SAFE_PROGRESSING,NONE,1,0,"6.312,17.885;6.079,18.328;5.845,18.770;5.612,19.212;5.378,19.654;5.144,20.096;4.911,20.538",0,1,PASS_THROUGH,-1,0.9125992002489126,0.34073701762072783,-0.22596677748725974,0.6859531895781475,2.639811065370705,3.3328267138610626,0.0,0,0,0,DIRECT_LOCAL,PASS_THROUGH,0,BYPASS_VISIBLE,1,10,5.0,21.0,2.0,5.0,21.0,2.0,1,
416,13.9,0.033333,6.329343318939209,18.001483917236328,2.7988765239715576,0.04291601533418936,0.16032038629055023,1.7252790781479883,-0.3331117453847067,0.02073280274782279,1.7572652564476994,5.0,21.0,2.0,0.9084100985190315,0.3471293439928943,-0.23300710600259902,0.6659434932993205,1.737581491470337,-0.30624520778656006,0.02459656447172165,0.2621263861656189,local_avoidance,SAFE_PROGRESSING,NONE,1,0,"6.321,17.943;6.083,18.383;5.846,18.823;5.608,19.263;5.371,19.703;5.133,20.143;4.895,20.583",0,1,PASS_THROUGH,-1,0.9125992002489126,0.34073701762072783,-0.22596677748725974,0.6859531895781475,2.662798524125948,3.3549610299699824,0.0,0,0,0,DIRECT_LOCAL,PASS_THROUGH,0,BYPASS_VISIBLE,1,10,5.0,21.0,2.0,5.0,21.0,2.0,1,
417,13.933333,0.033333,6.33748197555542,18.0594482421875,2.799920082092285,0.04830991906454739,0.16325636208057404,1.7230917294192443,-0.3335262264488673,0.019545607747186174,1.7551828629816413,5.0,21.0,2.0,0.9062016241997015,0.3504260644621385,-0.23664359201846194,0.655995498710188,1.735154390335083,-0.30559277534484863,0.023723023012280464,0.268533319234848,local_avoidance,SAFE_PROGRESSING,NONE,1,0,"6.329,18.001;6.088,18.439;5.846,18.877;5.604,19.315;5.362,19.752;5.121,20.190;4.879,20.628",0,1,PASS_THROUGH,-1,0.9125992002489126,0.34073701762072783,-0.22596677748725974,0.6859531895781475,2.686585199620736,3.3775231312278287,0.0,0,0,0,DIRECT_LOCAL,PASS_THROUGH,0,BYPASS_VISIBLE,1,10,5.0,21.0,2.0,5.0,21.0,2.0,1,
418,13.966667,0.033333,6.3453168869018555,18.11738395690918,2.8009390830993652,0.0538051002390966,0.16640271246433258,1.7208236211413916,-0.33388958597079227,0.018303667546947712,1.7530120407297802,5.0,21.0,2.0,0.9039141329894285,0.3537880346527935,-0.24036070127723344,0.6460867643067706,1.7326107025146484,-0.305148720741272,0.022807231172919273,0.2746857702732086,local_avoidance,SAFE_PROGRESSING,NONE,1,0,"6.337,18.059;6.092,18.495;5.846,18.930;5.600,19.366;5.354,19.801;5.108,20.236;4.862,20.672",0,1,PASS_THROUGH,-1,0.9125992002489126,0.34073701762072783,-0.22596677748725974,0.6859531895781475,2.7111380323776606,3.4004965851992806,0.0,0,0,0,DIRECT_LOCAL,PASS_THROUGH,0,BYPASS_VISIBLE,1,10,5.0,21.0,2.0,5.0,21.0,2.0,1,
419,14.0,0.033333,6.35283899307251,18.175283432006836,2.801933526992798,0.05940875578336465,0.16976551711559296,1.7184599599701396,-0.33418855734444175,0.016943379078550265,1.750735189563268,5.0,21.0,2.0,0.9015456237740782,0.3572127593180306,-0.24416087490465602,0.6362186032510485,1.729852557182312,-0.3047931492328644,0.02188003435730934,0.28089433908462524,direct,SAFE_PROGRESSING,NONE,1,0,"6.345,18.117;6.134,18.570;5.922,19.024;5.711,19.477;5.499,19.930;5.288,20.383;5.077,20.836",0,1,PASS_THROUGH,-1,0.9125992002489126,0.34073701762072783,-0.22596677748725974,0.6859531895781475,2.736425528338267,3.4238607215453163,0.0,0,0,0,DIRECT_LOCAL,PASS_THROUGH,0,BYPASS_VISIBLE,1,10,5.0,21.0,2.0,5.0,21.0,2.0,1,
420,14.033333,0.033333,6.36004114151001,18.2331485748291,2.802903652191162,0.065127792797006,0.173320472240448,1.715975040192104,-0.3344264361657053,0.015464039841893765,1.7483279201274053,5.0,21.0,2.0,0.8990944560943908,0.36069689300998437,-0.24804618600832296,0.6263927531724013,1.726967692375183,-0.3043167293071747,0.0209660604596138,0.2875182628631592,direct,SAFE_PROGRESSING,NONE,1,0,"6.353,18.175;6.137,18.626;5.921,19.077;5.705,19.528;5.489,19.979;5.273,20.430;5.057,20.881",1,1,PASS_THROUGH,-1,0.9280992203123907,0.37233296557722684,0.0,0.6263927531724013,2.7624120354148953,3.447599456318672,0.0,0,0,0,DIRECT_LOCAL,PASS_THROUGH,0,BYPASS_VISIBLE,1,10,5.0,21.0,2.0,5.0,21.0,2.0,1,
421,14.066667,0.033333,6.366915225982666,18.29096794128418,2.8038501739501953,0.07096829290090563,0.1770530343055725,1.713340995515114,-0.33461918998887474,0.013905835294610994,1.7457665197490682,5.0,21.0,2.0,0.8965577166135857,0.36423959050445376,-0.2520194069705369,0.6166093971249573,1.7239298820495605,-0.30368906259536743,0.02007647417485714,0.29459330439567566,direct,SAFE_PROGRESSING,NONE,1,0,"6.360,18.233;6.139,18.682;5.919,19.131;5.698,19.579;5.478,20.028;5.257,20.477;5.037,20.925",0,1,PASS_THROUGH,-1,0.8990944560943908,0.36069689300998437,-0.24804618600832296,0.6263927531724013,2.789067206175457,3.4716920590518923,0.0,0,0,0,DIRECT_LOCAL,PASS_THROUGH,0,BYPASS_VISIBLE,1,10,5.0,21.0,2.0,5.0,21.0,2.0,1,
422,14.1,0.033333,6.373453140258789,18.348739624023438,2.804774284362793,0.07693627367534049,0.18096977472305298,1.710535839659572,-0.33478119564782216,0.012314357164081153,1.7430326879068065,5.0,21.0,2.0,0.8939332204276182,0.3678383881641307,-0.25608263824148975,0.606871054843558,1.7206940650939941,-0.3029470443725586,0.019210560247302055,0.30204370617866516,direct,SAFE_PROGRESSING,NONE,1,0,"6.367,18.291;6.142,18.737;5.916,19.184;5.691,19.630;5.466,20.077;5.241,20.523;5.015,20.969",0,1,PASS_THROUGH,-1,0.8990944560943908,0.36069689300998437,-0.24804618600832296,0.6263927531724013,2.816355722340722,3.496120640692223,0.0,0,0,0,DIRECT_LOCAL,PASS_THROUGH,0,BYPASS_VISIBLE,1,10,5.0,21.0,2.0,5.0,21.0,2.0,1,
423,14.133333,0.033333,6.3796491622924805,18.406452178955078,2.805677890777588,0.0830379604088824,0.18508227169513702,1.7075436230802965,-0.33491711785832,0.010717082352438838,1.7401119378967718,5.0,21.0,2.0,0.8912179952263699,0.37149190908738305,-0.26023882582601193,0.5971785364431683,1.7172425985336304,-0.30211129784584045,0.018363742157816887,0.30982547998428345,direct,SAFE_PROGRESSING,NONE,1,0,"6.373,18.349;6.145,18.791;5.916,19.232;5.687,19.674;5.458,20.116;5.229,20.558;5.000,21.000",0,1,PASS_THROUGH,-1,0.8990944560943908,0.36069689300998437,-0.24804618600832296,0.6263927531724013,2.8442459704696543,3.520866639284251,0.0,0,0,0,DIRECT_LOCAL,PASS_THROUGH,0,BYPASS_VISIBLE,1,10,5.0,21.0,2.0,5.0,21.0,2.0,1,
424,14.166667,0.033333,6.385493755340576,18.46410369873047,2.806562900543213,0.08927993767363437,0.18939903378486633,1.7043527828032232,-0.33502149774997303,0.009122808753017485,1.7369919510012908,5.0,21.0,2.0,0.8884094040911286,0.3751980121927947,-0.26449042018383406,0.5875345814864417,1.7135794162750244,-0.30118170380592346,0.017532076686620712,0.31792712211608887,direct,SAFE_PROGRESSING,NONE,1,0,"6.380,18.406;6.150,18.839;5.920,19.271;5.690,19.703;5.460,20.135;5.230,20.568;5.000,21.000",0,1,PASS_THROUGH,-1,0.8990944560943908,0.36069689300998437,-0.24804618600832296,0.6263927531724013,2.872705407617616,3.5459109875849926,0.0,0,0,0,DIRECT_LOCAL,PASS_THROUGH,0,BYPASS_VISIBLE,1,10,5.0,21.0,2.0,5.0,21.0,2.0,1,
425,14.2,0.033333,6.390979290008545,18.52168083190918,2.8074309825897217,0.09566899769619552,0.19392502307891846,1.7009546390084163,-0.33508313298543696,0.00753202863236695,1.7336620551396131,5.0,21.0,2.0,0.8855043558196358,0.3789547235680085,-0.2688407582751283,0.5779398929605126,1.709713339805603,-0.300148069858551,0.01671290025115013,0.3263501524925232,direct,SAFE_PROGRESSING,NONE,1,0,"6.385,18.464;6.155,18.887;5.924,19.309;5.693,19.732;5.462,20.155;5.231,20.577;5.000,21.000",0,1,PASS_THROUGH,-1,0.8990944560943908,0.36069689300998437,-0.24804618600832296,0.6263927531724013,2.9017021083684966,3.5712326379485493,0.0,0,0,0,DIRECT_LOCAL,PASS_THROUGH,0,BYPASS_VISIBLE,1,10,5.0,21.0,2.0,5.0,21.0,2.0,1,
426,14.233333,0.033333,6.396097660064697,18.57917594909668,2.8082847595214844,0.10221208514892353,0.1986628919839859,1.6973398911844597,-0.3350890370646442,0.005945994783725591,1.7301106102850625,5.0,21.0,2.0,0.882500351363005,0.38275904248530246,-0.2732922341375755,0.5683973710058502,1.70564866065979,-0.2990008294582367,0.01590466871857643,0.33509349822998047,direct,SAFE_PROGRESSING,NONE,1,0,"6.391,18.522;6.159,18.935;5.927,19.348;5.695,19.761;5.464,20.174;5.232,20.587;5.000,21.000",1,1,PASS_THROUGH,-1,0.9174257829465581,0.39790693985515624,0.0,0.5683973710058502,2.931201758408872,3.5968119794773363,0.0,0,0,0,DIRECT_LOCAL,PASS_THROUGH,0,BYPASS_VISIBLE,1,10,5.0,21.0,2.0,5.0,21.0,2.0,1,
427,14.266667,0.033333,6.400837421417236,18.63658332824707,2.8091249465942383,0.10891625882223226,0.2036137729883194,1.6935007656437413,-0.3350274008251335,0.004369293830288591,1.7263276900021496,5.0,21.0,2.0,0.8793942755695683,0.3866085723317243,-0.2778480158199805,0.5589088570373557,1.701377511024475,-0.29772481322288513,0.015107165090739727,0.344169557094574,direct,SAFE_PROGRESSING,NONE,1,0,"6.396,18.579;6.163,18.983;5.931,19.386;5.698,19.790;5.465,20.193;5.233,20.597;5.000,21.000",0,1,PASS_THROUGH,-1,0.882500351363005,0.38275904248530246,-0.2732922341375755,0.5683973710058502,2.961172323634159,3.6226271019958194,0.0,0,0,0,DIRECT_LOCAL,PASS_THROUGH,0,BYPASS_VISIBLE,1,10,5.0,21.0,2.0,5.0,21.0,2.0,1,
428,14.3,0.033333,6.405190944671631,18.693889617919922,2.8099536895751953,0.11578860235194696,0.20877787470817566,1.6894303474270853,-0.33488819673559983,0.0028064675433667266,1.7223045257388416,5.0,21.0,2.0,0.8761831548090173,0.39050044714140736,-0.28251102635344794,0.5494755261360632,1.6968846321105957,-0.2963101267814636,0.014320089481770992,0.353583425283432,direct,SAFE_PROGRESSING,NONE,1,0,"6.401,18.637;6.167,19.030;5.934,19.424;5.700,19.818;5.467,20.212;5.233,20.606;5.000,21.000",0,1,PASS_THROUGH,-1,0.882500351363005,0.38275904248530246,-0.2732922341375755,0.5683973710058502,2.9915802447801236,3.648656866318211,0.0,0,0,0,DIRECT_LOCAL,PASS_THROUGH,0,BYPASS_VISIBLE,1,10,5.0,21.0,2.0,5.0,21.0,2.0,1,
429,14.333333,0.033333,6.409145832061768,18.751083374023438,2.810772657394409,0.12283620889333699,0.2141549289226532,1.6851222726855275,-0.33466253802719265,0.0012576110286876621,1.7180330817085971,5.0,21.0,2.0,0.8728639981789763,0.39443175364819033,-0.28728388816121464,0.5401002383011758,1.6921494007110596,-0.2947472631931305,0.013543181121349335,0.363345205783844,direct,SAFE_PROGRESSING,NONE,1,0,"6.405,18.694;6.171,19.078;5.937,19.463;5.703,19.847;5.468,20.231;5.234,20.616;5.000,21.000",0,1,PASS_THROUGH,-1,0.882500351363005,0.38275904248530246,-0.2732922341375755,0.5683973710058502,3.02239245985745,3.6748763737412675,0.0,0,0,0,DIRECT_LOCAL,PASS_THROUGH,0,BYPASS_VISIBLE,1,10,5.0,21.0,2.0,5.0,21.0,2.0,1,
430,14.366667,0.033333,6.412692546844482,18.80816078186035,2.8115832805633545,0.13006613035818676,0.21974460780620575,1.6805692787879682,-0.3343414854048758,-0.0002836063993199682,1.713504423718025,5.0,21.0,2.0,0.8694340414444442,0.3983986061926882,-0.29216946822230405,0.5307850022979494,1.6871565580368042,-0.2930326759815216,0.012775186449289322,0.37345021963119507,direct,SAFE_PROGRESSING,NONE,1,0,"6.409,18.751;6.174,19.126;5.939,19.501;5.705,19.876;5.470,20.250;5.235,20.625;5.000,21.000",0,1,PASS_THROUGH,-1,0.882500351363005,0.38275904248530246,-0.2732922341375755,0.5683973710058502,3.0535729648955594,3.7012665096036947,0.0,0,0,0,DIRECT_LOCAL,PASS_THROUGH,0,BYPASS_VISIBLE,1,10,5.0,21.0,2.0,5.0,21.0,2.0,1,
431,14.4,0.033333,6.415821552276611,18.8651065826416,2.8123867511749268,0.1374854640373177,0.2255464792251587,1.6757642873826633,-0.3339153409002134,-0.001827228538251159,1.7087096712197078,5.0,21.0,2.0,0.865889264162097,0.4023992081898981,-0.2971710945851985,0.5215308002442416,1.681891918182373,-0.2911604940891266,0.01201510801911354,0.3838941156864166,direct,SAFE_PROGRESSING,NONE,1,0,"6.413,18.808;6.177,19.173;5.942,19.539;5.706,19.904;5.471,20.269;5.235,20.635;5.000,21.000",0,1,PASS_THROUGH,-1,0.882500351363005,0.38275904248530246,-0.2732922341375755,0.5683973710058502,3.085092643851853,3.7278036659660465,0.0,0,0,0,DIRECT_LOCAL,PASS_THROUGH,0,BYPASS_VISIBLE,1,10,5.0,21.0,2.0,5.0,21.0,2.0,1,
432,14.433333,0.033333,6.418517589569092,18.92190933227539,2.8131844997406006,0.14510117176212323,0.23155978322029114,1.670698168933477,-0.33337344594813895,-0.0033830494638213936,1.7036377758093662,5.0,21.0,2.0,0.8622265899851091,0.40643010442904104,-0.3022910480587361,0.5123405340736247,1.676342487335205,-0.2891157269477844,0.011262522079050541,0.3946884870529175,direct,SAFE_PROGRESSING,NONE,1,0,"6.416,18.865;6.180,19.221;5.944,19.577;5.708,19.933;5.472,20.288;5.236,20.644;5.000,21.000",1,1,PASS_THROUGH,-1,0.9045451233958233,0.42637790719130264,0.0,0.5123405340736247,3.11691735884587,3.754460584533599,0.0,0,0,0,DIRECT_LOCAL,PASS_THROUGH,0,BYPASS_VISIBLE,1,10,5.0,21.0,2.0,5.0,21.0,2.0,1,
433,14.466667,0.033333,6.420770645141602,18.978559494018555,2.8139777183532715,0.15292030232656195,0.23778393864631653,1.6653604928167502,-0.3327037313984766,-0.004958497986230766,1.6982761644160227,5.0,21.0,2.0,0.8584430671745699,0.4104867296916753,-0.3075323481634909,0.5032157777813021,1.670494556427002,-0.2868809700012207,0.010516993701457977,0.4058454930782318,direct,SAFE_PROGRESSING,NONE,1,0,"6.419,18.922;6.182,19.268;5.946,19.615;5.709,19.961;5.473,20.307;5.236,20.654;5.000,21.000",0,1,PASS_THROUGH,-1,0.8622265899851091,0.40643010442904104,-0.3022910480587361,0.5123405340736247,3.1490104701618855,3.7812157114117335,0.0,0,0,0,DIRECT_LOCAL,PASS_THROUGH,0,BYPASS_VISIBLE,1,10,5.0,21.0,2.0,5.0,21.0,2.0,1,
434,14.5,0.033333,6.422567844390869,19.03504180908203,2.814767599105835,0.16094975645672335,0.24421921372413635,1.6597398945531368,-0.3318930109234472,-0.006558172171622235,1.6926111478698591,5.0,21.0,2.0,0.854534695663533,0.41456653207583893,-0.31289781780933784,0.4941583124998953,1.6643327474594116,-0.284443736076355,0.009777787141501904,0.4173641502857208,direct,SAFE_PROGRESSING,NONE,1,0,"6.421,18.979;6.137,19.383;5.852,19.787;5.568,20.191;5.284,20.596;5.000,21.000",0,1,PASS_THROUGH,-1,0.8622265899851091,0.40643010442904104,-0.3022910480587361,0.5123405340736247,3.1813415037231962,3.808042505061289,0.0,0,0,0,DIRECT_LOCAL,PASS_THROUGH,0,BYPASS_VISIBLE,1,10,5.0,21.0,2.0,5.0,21.0,2.0,1,
435,14.533333,0.033333,6.423895835876465,19.09134292602539,2.8155553340911865,0.16919656713999323,0.25086644291877747,1.6538252052388374,-0.3309265493844457,-0.008184481768309795,1.6866289385376363,5.0,21.0,2.0,0.850498378120588,0.4186649811416829,-0.318389921919466,0.48517048401363,1.6578412055969238,-0.281791090965271,0.009044166654348373,0.4292425811290741,direct,SAFE_PROGRESSING,NONE,1,0,"6.423,19.035;6.138,19.428;5.854,19.821;5.569,20.214;5.285,20.607;5.000,21.000",0,1,PASS_THROUGH,-1,0.8622265899851091,0.40643010442904104,-0.3022910480587361,0.5123405340736247,3.213875097610812,3.834914875961884,0.0,0,0,0,DIRECT_LOCAL,PASS_THROUGH,0,BYPASS_VISIBLE,1,10,5.0,21.0,2.0,5.0,21.0,2.0,1,
436,14.566667,0.033333,6.424742221832275,19.14744758605957,2.816340446472168,0.17766768273139077,0.25772610306739807,1.6476044953722846,-0.3297884127457347,-0.009838704223260445,1.6803147831442489,5.0,21.0,2.0,0.8463306828135703,0.4227777653916345,-0.3240113214361066,0.47625418328701974,1.6510026454925537,-0.2789101302623749,0.008315219543874264,0.441476047039032,direct,SAFE_PROGRESSING,NONE,1,0,"6.424,19.091;6.139,19.473;5.854,19.855;5.570,20.237;5.285,20.618;5.000,21.000",0,1,PASS_THROUGH,-1,0.8622265899851091,0.40643010442904104,-0.3022910480587361,0.5123405340736247,3.2465770762976267,3.8618067787963657,0.0,0,0,0,DIRECT_LOCAL,PASS_THROUGH,0,BYPASS_VISIBLE,1,10,5.0,21.0,2.0,5.0,21.0,2.0,1,
437,14.6,0.033333,6.425094127655029,19.20334243774414,2.8171255588531494,0.1863701877855247,0.2647979259490967,1.641066352300149,-0.3284615344151904,-0.011522000983145899,1.6736542381115502,5.0,21.0,2.0,0.8420284343254759,0.4269003960925145,-0.3297638057814137,0.46741163207896663,1.6437993049621582,-0.2757894694805145,0.007590141613036394,0.4540552496910095,direct,SAFE_PROGRESSING,NONE,1,0,"6.425,19.147;6.140,19.518;5.855,19.888;5.570,20.259;5.285,20.629;5.000,21.000",0,1,PASS_THROUGH,-1,0.8622265899851091,0.40643010442904104,-0.3022910480587361,0.5123405340736247,3.2794135596315916,3.8886926933983377,0.0,0,0,0,DIRECT_LOCAL,PASS_THROUGH,0,BYPASS_VISIBLE,1,10,5.0,21.0,2.0,5.0,21.0,2.0,1,
438,14.633333,0.033333,6.424935817718506,19.259008407592773,2.817910671234131,0.1953110564503138,0.2720801830291748,1.6341991775585127,-0.32692788167924136,-0.013235919490200879,1.6666325273787703,5.0,21.0,2.0,0.8375877447946275,0.431028471216213,-0.33565045325585957,0.45864459742541464,1.6362143754959106,-0.27241477370262146,0.0068682655692100525,0.46697360277175903,direct,SAFE_PROGRESSING,NONE,1,0,"6.425,19.203;6.140,19.563;5.855,19.922;5.570,20.281;5.285,20.641;5.000,21.000",1,1,PASS_THROUGH,-1,0.8891716039194812,0.4575738834147522,0.0,0.45864459742541464,3.312351924374378,3.915541931596784,0.0,0,0,0,DIRECT_LOCAL,PASS_THROUGH,0,BYPASS_VISIBLE,1,10,5.0,21.0,2.0,5.0,21.0,2.0,1,
439,14.666667,0.033333,6.424253940582275,19.314430236816406,2.818696975708008,0.2044970686571552,0.27956995368003845,1.6269908227932068,-0.32516927397265066,-0.01498224678163845,1.6592343601516462,5.0,21.0,2.0,0.833006020007294,0.43515573814827957,-0.34167302233017127,0.449955278197723,1.6282293796539307,-0.26877567172050476,0.006148772779852152,0.4802146553993225,direct,SAFE_PROGRESSING,NONE,1,0,"6.425,19.259;6.140,19.607;5.855,19.955;5.570,20.304;5.285,20.652;5.000,21.000",0,1,PASS_THROUGH,-1,0.8375877447946275,0.431028471216213,-0.33565045325585957,0.45864459742541464,3.3453544521757066,3.942327767336341,0.0,0,0,0,DIRECT_LOCAL,PASS_THROUGH,0,BYPASS_VISIBLE,1,10,5.0,21.0,2.0,5.0,21.0,2.0,1,
440,14.7,0.033333,6.423033237457275,19.369590759277344,2.8194854259490967,0.21393516078025618,0.28726229071617126,1.6194290939030083,-0.32316678547180583,-0.016763103142431745,1.6514443263515313,5.0,21.0,2.0,0.8282796917654145,0.4392770878559116,-0.3478338573138326,0.44134542996718273,1.6198244094848633,-0.26485660672187805,0.005430968478322029,0.4937700927257538,direct,SAFE_PROGRESSING,NONE,1,0,"6.424,19.314;6.139,19.652;5.855,19.989;5.570,20.326;5.285,20.663;5.000,21.000",0,1,PASS_THROUGH,-1,0.8375877447946275,0.431028471216213,-0.33565045325585957,0.45864459742541464,3.378388127702569,3.9690209676267827,0.0,0,0,0,DIRECT_LOCAL,PASS_THROUGH,0,BYPASS_VISIBLE,1,10,5.0,21.0,2.0,5.0,21.0,2.0,1,
441,14.733333,0.033333,6.421259880065918,19.424467086791992,2.8202757835388184,0.2236318832735687,0.2951508164405823,1.6115010821223563,-0.3209011608630662,-0.018580637097791928,1.6432463396581014,5.0,21.0,2.0,0.823405501452436,0.4433866024623536,-0.3541351450149412,0.4328167227426391,1.6109802722930908,-0.2606443464756012,0.004714044276624918,0.5076243877410889,direct,SAFE_PROGRESSING,NONE,1,0,"6.423,19.370;6.138,19.696;5.854,20.022;5.569,20.348;5.285,20.674;5.000,21.000",0,1,PASS_THROUGH,-1,0.8375877447946275,0.431028471216213,-0.33565045325585957,0.45864459742541464,3.4114178394569654,3.995590663374035,0.0,0,0,0,DIRECT_LOCAL,PASS_THROUGH,0,BYPASS_VISIBLE,1,10,5.0,21.0,2.0,5.0,21.0,2.0,1,
442,14.766667,0.033333,6.418917179107666,19.479042053222656,2.821068525314331,0.23359367451551072,0.3032275140285492,1.6031936049443098,-0.31835242464978597,-0.02043715699048567,1.634624017503898,5.0,21.0,2.0,0.8183810823696689,0.4474774186082985,-0.36057781941642314,0.42437170533798313,1.6016770601272583,-0.25612711906433105,0.003996788524091244,0.5217567086219788,direct,SAFE_PROGRESSING,NONE,1,0,"6.421,19.424;6.137,19.740;5.853,20.055;5.569,20.370;5.284,20.685;5.000,21.000",0,1,PASS_THROUGH,-1,0.8375877447946275,0.431028471216213,-0.33565045325585957,0.45864459742541464,3.4444065466189433,4.02200643732864,0.0,0,0,0,DIRECT_LOCAL,PASS_THROUGH,0,BYPASS_VISIBLE,1,10,5.0,21.0,2.0,5.0,21.0,2.0,1,
443,14.8,0.033333,6.415991306304932,19.533294677734375,2.821864366531372,0.2438266086356479,0.31148266792297363,1.594493451329933,-0.31549994904405354,-0.022334345634094106,1.6255609515412657,5.0,21.0,2.0,0.8132032316959641,0.45154309673852955,-0.3671639085572262,0.4160114920062671,1.591894507408142,-0.2512928545475006,0.0032780556939542294,0.5361447930335999,direct,SAFE_PROGRESSING,NONE,1,0,"6.419,19.479;6.135,19.783;5.851,20.087;5.568,20.392;5.284,20.696;5.000,21.000",0,1,PASS_THROUGH,-1,0.8375877447946275,0.431028471216213,-0.33565045325585957,0.45864459742541464,3.4773189937034963,4.048238420356975,0.0,0,0,0,DIRECT_LOCAL,PASS_THROUGH,0,BYPASS_VISIBLE,1,10,5.0,21.0,2.0,5.0,21.0,2.0,1,
444,14.833333,0.033333,6.4124650955200195,19.587202072143555,2.8226633071899414,0.25433636361281514,0.31990474462509155,1.585386850569318,-0.3123226424323372,-0.024273143552844666,1.6160402483948086,5.0,21.0,2.0,0.8078688675752378,0.4555771953607837,-0.3738947871659957,0.4077379492710217,1.5816134214401245,-0.24612897634506226,0.0025565610267221928,0.550766110420227,direct,SAFE_PROGRESSING,NONE,1,0,"6.416,19.533;6.133,19.827;5.850,20.120;5.566,20.413;5.283,20.707;5.000,21.000",1,1,PASS_THROUGH,-1,0.8710447641994137,0.49120364286188684,0.0,0.4077379492710217,3.5101202587181537,4.0742528949428705,0.0,0,0,0,DIRECT_LOCAL,PASS_THROUGH,0,BYPASS_VISIBLE,1,10,5.0,21.0,2.0,5.0,21.0,2.0,1,
445,14.866667,0.033333,6.408324718475342,19.64073944091797,2.82346510887146,0.26512835626958,0.32848045229911804,1.5758598671871746,-0.3087986559031136,-0.026253514128904774,1.606044886640117,5.0,21.0,2.0,0.8023757426162569,0.45957168253134495,-0.38077163270957914,0.3995525312655568,1.570814847946167,-0.24062691628932953,0.0018307168502360582,0.5655885934829712,direct,SAFE_PROGRESSING,NONE,1,0,"6.412,19.587;6.059,19.940;5.706,20.294;5.353,20.647;5.000,21.000",0,1,PASS_THROUGH,-1,0.8078688675752378,0.4555771953607837,-0.3738947871659957,0.4077379492710217,3.5427720658962176,4.100017900337473,0.0,0,0,0,DIRECT_LOCAL,PASS_THROUGH,0,BYPASS_VISIBLE,1,10,5.0,21.0,2.0,5.0,21.0,2.0,1,
446,14.9,0.033333,6.403553485870361,19.69388198852539,2.8242697715759277,0.2762074004345771,0.33719468116760254,1.5658987273028573,-0.304905953486933,-0.02827440111579543,1.5955581801986853,5.0,21.0,2.0,0.7967214936052918,0.4635191388954167,-0.38779488071015666,0.39145716394745655,1.5594799518585205,-0.23477646708488464,0.0010988068534061313,0.5805824398994446,direct,SAFE_PROGRESSING,NONE,1,0,"6.408,19.641;6.056,19.981;5.704,20.320;5.352,20.660;5.000,21.000",0,1,PASS_THROUGH,-1,0.8078688675752378,0.4555771953607837,-0.3738947871659957,0.4077379492710217,3.575237807925197,4.125499008633846,0.0,0,0,0,DIRECT_LOCAL,PASS_THROUGH,0,BYPASS_VISIBLE,1,10,5.0,21.0,2.0,5.0,21.0,2.0,1,
447,14.933333,0.033333,6.39813756942749,19.746601104736328,2.8250772953033447,0.28757791305354724,0.3460305333137512,1.5554899965377147,-0.3006226353413113,-0.030333342390657613,1.5845640441045743,5.0,21.0,2.0,0.7909040828108992,0.46741108285997446,-0.39496532938058815,0.38345308175041337,1.5476114749908447,-0.22858670353889465,0.00035598408430814743,0.5956602096557617,direct,SAFE_PROGRESSING,NONE,1,0,"6.404,19.694;6.053,20.020;5.702,20.347;5.351,20.673;5.000,21.000",0,1,PASS_THROUGH,-1,0.8078688675752378,0.4555771953607837,-0.3738947871659957,0.4077379492710217,3.6074790749515877,4.1506619808647125,0.0,0,0,0,DIRECT_LOCAL,PASS_THROUGH,0,BYPASS_VISIBLE,1,10,5.0,21.0,2.0,5.0,21.0,2.0,1,
448,14.966667,0.033333,6.392061710357666,19.798870086669922,2.8258869647979736,0.2992437365122198,0.3549683094024658,1.5446214614133738,-0.29592718606825047,-0.0324246866290454,1.5730479073493124,5.0,21.0,2.0,0.784921936192555,0.4712387879525185,-0.4022829337826451,0.3755421389773884,1.5351499319076538,-0.2220209687948227,-0.0003962963819503784,0.6108601689338684,direct,SAFE_PROGRESSING,NONE,1,0,"6.398,19.747;6.049,20.060;5.699,20.373;5.350,20.687;5.000,21.000",0,1,PASS_THROUGH,-1,0.8078688675752378,0.4555771953607837,-0.3738947871659957,0.4077379492710217,3.6394573308096345,4.175472332129418,0.0,0,0,0,DIRECT_LOCAL,PASS_THROUGH,0,BYPASS_VISIBLE,1,10,5.0,21.0,2.0,5.0,21.0,2.0,1,
449,15.0,0.033333,6.385313510894775,19.85066032409668,2.826697587966919,0.31120801597342207,0.3639843165874481,1.533281137710797,-0.29079864704216785,-0.034549113119552284,1.5609960094755593,5.0,21.0,2.0,0.7787733115595312,0.4749936203414164,-0.4097477148655692,0.36772537982251,1.522078275680542,-0.2150346338748932,-0.0011577665572986007,0.6262319684028625,direct,SAFE_PROGRESSING,NONE,1,0,"6.392,19.799;6.044,20.099;5.696,20.399;5.348,20.700;5.000,21.000",0,1,PASS_THROUGH,-1,0.8078688675752378,0.4555771953607837,-0.3738947871659957,0.4077379492710217,3.671134538539661,4.199896740085389,0.0,0,0,0,DIRECT_LOCAL,PASS_THROUGH,0,BYPASS_VISIBLE,1,10,5.0,21.0,2.0,5.0,21.0,2.0,1,
450,15.033333,0.033333,6.377876281738281,19.901941299438477,2.8275082111358643,0.32347316432659,0.37305817008018494,1.5214563094651719,-0.28521465979909016,-0.03671148744533973,1.548394147846775,5.0,21.0,2.0,0.7724566189874336,0.47866728778721757,-0.41735883767440674,0.3600041785353697,1.5084213018417358,-0.2076687216758728,-0.0019362447783350945,0.6416352987289429,direct,SAFE_PROGRESSING,NONE,1,0,"6.385,19.851;6.039,20.138;5.693,20.425;5.346,20.713;5.000,21.000",1,1,PASS_THROUGH,-1,0.8500287389941199,0.5267363124790871,0.0,0.3600041785353697,3.7024736895804127,4.223897137248366,0.0,0,0,0,DIRECT_LOCAL,PASS_THROUGH,0,BYPASS_VISIBLE,1,10,5.0,21.0,2.0,5.0,21.0,2.0,1,
451,15.066667,0.033333,6.3697381019592285,19.952682495117188,2.8283188343048096,0.3360408537133533,0.382174551486969,1.5091347502072305,-0.27915239937260405,-0.03890796604093647,1.535228838375558,5.0,21.0,2.0,0.7659712120235918,0.4822494623387163,-0.42511593527545966,0.3523791116201852,1.4941633939743042,-0.19995330274105072,-0.002737474860623479,0.6569576263427734,direct,SAFE_PROGRESSING,NONE,1,0,"6.378,19.902;6.033,20.176;5.689,20.451;5.344,20.725;5.000,21.000",0,1,PASS_THROUGH,-1,0.7724566189874336,0.47866728778721757,-0.41735883767440674,0.3600041785353697,3.7334335949351036,4.247439187611943,0.0,0,0,0,DIRECT_LOCAL,PASS_THROUGH,0,BYPASS_VISIBLE,1,10,5.0,21.0,2.0,5.0,21.0,2.0,1,
452,15.1,0.033333,6.360887050628662,20.00284767150879,2.8291268348693848,0.3489123877231228,0.39131200313568115,1.4963060074695982,-0.2725908968133533,-0.04112712998356474,1.5214890422989586,5.0,21.0,2.0,0.7593159765155545,0.4857307177017446,-0.4330183803133281,0.3448510648957216,1.4792536497116089,-0.1918209195137024,-0.0035569770261645317,0.67230623960495,direct,SAFE_PROGRESSING,NONE,1,0,"6.370,19.953;6.027,20.215;5.685,20.476;5.342,20.738;5.000,21.000",0,1,PASS_THROUGH,-1,0.7724566189874336,0.47866728778721757,-0.41735883767440674,0.3600041785353697,3.763976672652184,4.270484922633161,0.0,0,0,0,DIRECT_LOCAL,PASS_THROUGH,0,BYPASS_VISIBLE,1,10,5.0,21.0,2.0,5.0,21.0,2.0,1,
453,15.133333,0.033333,6.351312160491943,20.05240249633789,2.829930543899536,0.3620884326752622,0.4004438817501068,1.4829619140676902,-0.2655116592220073,-0.04336154168739651,1.5071671118544347,5.0,21.0,2.0,0.7524919906206793,0.4890997602522428,-0.44106374660917885,0.33742118076873734,1.4637451171875,-0.18329375982284546,-0.00440151197835803,0.6875765919685364,direct,SAFE_PROGRESSING,NONE,1,0,"6.361,20.003;6.021,20.252;5.680,20.501;5.340,20.751;5.000,21.000",0,1,PASS_THROUGH,-1,0.7724566189874336,0.47866728778721757,-0.41735883767440674,0.3600041785353697,3.794061345533543,4.292997976096254,0.0,0,0,0,DIRECT_LOCAL,PASS_THROUGH,0,BYPASS_VISIBLE,1,10,5.0,21.0,2.0,5.0,21.0,2.0,1,
454,15.166667,0.033333,6.341004371643066,20.101316452026367,2.830728054046631,0.3755688525475108,0.4095494747161865,1.4690961531586189,-0.25789822662469203,-0.04559872937131776,1.4922581032254079,5.0,21.0,2.0,0.7454998059551398,0.49234576530680363,-0.4492501382362689,0.33009002311733476,1.447627305984497,-0.17448417842388153,-0.00527900829911232,0.7025310397148132,direct,SAFE_PROGRESSING,NONE,1,0,"6.351,20.052;6.013,20.289;5.676,20.526;5.338,20.763;5.000,21.000",0,1,PASS_THROUGH,-1,0.7724566189874336,0.47866728778721757,-0.41735883767440674,0.3600041785353697,3.823648088907255,4.314945582249041,0.0,0,0,0,DIRECT_LOCAL,PASS_THROUGH,0,BYPASS_VISIBLE,1,10,5.0,21.0,2.0,5.0,21.0,2.0,1,
455,15.2,0.033333,6.329953670501709,20.149547576904297,2.8315165042877197,0.3893529194589849,0.418601393699646,1.4547059582304076,-0.24973922414606323,-0.04782098949905428,1.4767619821842637,5.0,21.0,2.0,0.7383389659037182,0.49545934932433544,-0.4575757910940377,0.3228575440756677,1.4308732748031616,-0.16529327630996704,-0.00618475116789341,0.7173169851303101,direct,SAFE_PROGRESSING,NONE,1,0,"6.341,20.101;6.006,20.326;5.671,20.551;5.335,20.775;5.000,21.000",0,1,PASS_THROUGH,-1,0.7724566189874336,0.47866728778721757,-0.41735883767440674,0.3600041785353697,3.8527015409280945,4.33628690519847,0.0,0,0,0,DIRECT_LOCAL,PASS_THROUGH,0,BYPASS_VISIBLE,1,10,5.0,21.0,2.0,5.0,21.0,2.0,1,
456,15.233333,0.033333,6.3181538581848145,20.19705581665039,2.8322935104370117,0.4034392262460101,0.427564799785614,1.4397919323283277,-0.24102893101787676,-0.05001866960858909,1.4606839566774097,5.0,21.0,2.0,0.7310130280321039,0.4984266094536766,-0.46603741033939167,0.3157243157965709,1.413499116897583,-0.15581701695919037,-0.007126305252313614,0.7317423224449158,direct,SAFE_PROGRESSING,NONE,1,0,"6.330,20.150;5.997,20.362;5.665,20.575;5.332,20.787;5.000,21.000",1,1,PASS_THROUGH,-1,0.8262227997872521,0.5633434876802202,0.0,0.3157243157965709,3.8811772817879397,4.3569848280558094,0.0,0,0,0,DIRECT_LOCAL,PASS_THROUGH,0,BYPASS_VISIBLE,1,10,5.0,21.0,2.0,5.0,21.0,2.0,1,
457,15.266667,0.033333,6.305599212646484,20.243806838989258,2.8330554962158203,0.4178253169749058,0.43640539050102234,1.4243560335758683,-0.23176575486968676,-0.052185926940673824,1.4440321487020134,5.0,21.0,2.0,0.7235249217610685,0.5012349840425917,-0.4746316238541872,0.3086907161171183,1.3954883813858032,-0.14602898061275482,-0.00810164213180542,0.7458488941192627,direct,SAFE_PROGRESSING,NONE,1,0,"6.318,20.197;5.989,20.398;5.659,20.599;5.330,20.799;5.000,21.000",0,1,PASS_THROUGH,-1,0.7310130280321039,0.4984266094536766,-0.46603741033939167,0.3157243157965709,3.909034692320145,4.377005812336472,0.0,0,0,0,DIRECT_LOCAL,PASS_THROUGH,0,BYPASS_VISIBLE,1,10,5.0,21.0,2.0,5.0,21.0,2.0,1,
458,15.3,0.033333,6.292287349700928,20.28976058959961,2.833799362182617,0.4325073559338575,0.4450885057449341,1.4084008295342594,-0.2219525561220665,-0.05432224224782934,1.4268169959054808,5.0,21.0,2.0,0.7158759937415156,0.5038741374882412,-0.48335537149707825,0.3017560207069637,1.3768162727355957,-0.13584685325622559,-0.00910575408488512,0.7597882747650146,direct,SAFE_PROGRESSING,NONE,1,0,"6.306,20.244;5.979,20.433;5.653,20.622;5.326,20.811;5.000,21.000",0,1,PASS_THROUGH,-1,0.7310130280321039,0.4984266094536766,-0.46603741033939167,0.3157243157965709,3.9362376357199502,4.396314898975989,0.0,0,0,0,DIRECT_LOCAL,PASS_THROUGH,0,BYPASS_VISIBLE,1,10,5.0,21.0,2.0,5.0,21.0,2.0,1,
459,15.333333,0.033333,6.278216361999512,20.33487892150879,2.834521770477295,0.44748057143509234,0.4535881578922272,1.3919281178230463,-0.21159122307322437,-0.056436085858475725,1.4090492406779318,5.0,21.0,2.0,0.7080694253628166,0.506332153408651,-0.4922046721547132,0.2949200986221822,1.3574638366699219,-0.12515559792518616,-0.010130736045539379,0.7737898826599121,direct,SAFE_PROGRESSING,NONE,1,0,"6.292,20.290;5.862,20.527;5.431,20.763;5.000,21.000",0,1,PASS_THROUGH,-1,0.7310130280321039,0.4984266094536766,-0.46603741033939167,0.3157243157965709,3.9627477096747317,4.414878255794985,0.0,0,0,0,DIRECT_LOCAL,PASS_THROUGH,0,BYPASS_VISIBLE,1,10,5.0,21.0,2.0,5.0,21.0,2.0,1,
460,15.366667,0.033333,6.263388633728027,20.379117965698242,2.8352184295654297,0.46273869865457185,0.4619006812572479,1.374936962845931,-0.20067620621622706,-0.05854046439821388,1.3907370626805373,5.0,21.0,2.0,0.7001078494255755,0.5085978060203515,-0.50117588817099,0.2881821033399943,1.3375144004821777,-0.11400080472230911,-0.011183975264430046,0.7877734899520874,direct,SAFE_PROGRESSING,NONE,1,0,"6.278,20.335;5.852,20.557;5.426,20.778;5.000,21.000",0,1,PASS_THROUGH,-1,0.7310130280321039,0.4984266094536766,-0.46603741033939167,0.3157243157965709,3.988528040950856,4.432661099402877,0.0,0,0,0,DIRECT_LOCAL,PASS_THROUGH,0,BYPASS_VISIBLE,1,10,5.0,21.0,2.0,5.0,21.0,2.0,1,
461,15.4,0.033333,6.247807025909424,20.422439575195312,2.835886240005493,0.4782749704912432,0.4700498878955841,1.3574273020714658,-0.18919427510401987,-0.06063023162695656,1.3718889820711777,5.0,21.0,2.0,0.6919965834396171,0.5106581165269486,-0.5102636735385406,0.2815418505552495,1.3170278072357178,-0.10248061269521713,-0.012275265529751778,0.8015619516372681,direct,SAFE_PROGRESSING,NONE,1,0,"6.263,20.379;5.842,20.586;5.421,20.793;5.000,21.000",0,1,PASS_THROUGH,-1,0.7310130280321039,0.4984266094536766,-0.46603741033939167,0.3157243157965709,4.013539792677873,4.449632176622035,0.0,0,0,0,DIRECT_LOCAL,PASS_THROUGH,0,BYPASS_VISIBLE,1,10,5.0,21.0,2.0,5.0,21.0,2.0,1,
462,15.433333,0.033333,6.2314772605896,20.464807510375977,2.8365206718444824,0.4940839011958436,0.47806665301322937,1.3394065575068046,-0.17713239306319473,-0.06267496248468449,1.352521335094933,5.0,21.0,2.0,0.6837402032193991,0.5125000122097487,-0.5194642162714408,0.27499806677207694,1.2960373163223267,-0.09069538861513138,-0.013408511877059937,0.8149826526641846,direct,SAFE_PROGRESSING,NONE,1,0,"6.248,20.422;5.832,20.615;5.416,20.807;5.000,21.000",1,1,PASS_THROUGH,-1,0.8001713759379033,0.5997714307381127,0.0,0.27499806677207694,4.03774848113994,4.465763165532558,0.0,0,0,0,DIRECT_LOCAL,PASS_THROUGH,0,BYPASS_VISIBLE,1,10,5.0,21.0,2.0,5.0,21.0,2.0,1,
463,15.466667,0.033333,6.214406490325928,20.50617218017578,2.8371169567108154,0.5101619971943224,0.4859656095504761,1.3208916275850777,-0.16448758153184445,-0.06462984438636733,1.3326619500413286,5.0,21.0,2.0,0.6753445659595906,0.5141096807749599,-0.5287730641421903,0.2685492315609356,1.2745474576950073,-0.07863391190767288,-0.01457105204463005,0.8280835747718811,direct,SAFE_PROGRESSING,NONE,1,0,"6.231,20.465;5.821,20.643;5.410,20.822;5.000,21.000",0,1,PASS_THROUGH,-1,0.6837402032193991,0.5125000122097487,-0.5194642162714408,0.27499806677207694,4.06112259401179,4.481017296871258,0.0,0,0,0,DIRECT_LOCAL,PASS_THROUGH,0,BYPASS_VISIBLE,1,10,5.0,21.0,2.0,5.0,21.0,2.0,1,
464,15.5,0.033333,6.196604251861572,20.546499252319336,2.837669610977173,0.5265075203378896,0.49374285340309143,1.3019088765973141,-0.15127160536729023,-0.06645762438352162,1.3123514915570367,5.0,21.0,2.0,0.6668228274726581,0.5154657406833225,-0.5381843429004262,0.2621945109553653,1.252568244934082,-0.06622488051652908,-0.015746286138892174,0.8409914374351501,direct,SAFE_PROGRESSING,NONE,1,0,"6.214,20.506;5.810,20.671;5.405,20.835;5.000,21.000",0,1,PASS_THROUGH,-1,0.6837402032193991,0.5125000122097487,-0.5194642162714408,0.27499806677207694,4.083620527976523,4.495369168014433,0.0,0,0,0,DIRECT_LOCAL,PASS_THROUGH,0,BYPASS_VISIBLE,1,10,5.0,21.0,2.0,5.0,21.0,2.0,1,
465,15.533333,0.033333,6.17808198928833,20.585742950439453,2.838175058364868,0.5431189087320156,0.5013907551765442,1.2824896638586132,-0.13750693880227516,-0.06814382340715885,1.2916390659899915,5.0,21.0,2.0,0.6581831942448361,0.516552586979217,-0.5476936257605549,0.2559316052167152,1.2301610708236694,-0.053573012351989746,-0.016933824867010117,0.8535280823707581,direct,SAFE_PROGRESSING,NONE,1,0,"6.197,20.546;5.798,20.698;5.399,20.849;5.000,21.000",0,1,PASS_THROUGH,-1,0.6837402032193991,0.5125000122097487,-0.5194642162714408,0.27499806677207694,4.105213719865151,4.508786425302068,0.0,0,0,0,DIRECT_LOCAL,PASS_THROUGH,0,BYPASS_VISIBLE,1,10,5.0,21.0,2.0,5.0,21.0,2.0,1,
466,15.566667,0.033333,6.158853530883789,20.623868942260742,2.8386282920837402,0.5599936192215291,0.5089054107666016,1.2626666517715213,-0.12322179433921078,-0.0696899713847611,1.2705775758322229,5.0,21.0,2.0,0.6494386369969605,0.5173492694046803,-0.5572963217373447,0.2497587697436195,1.2072250843048096,-0.04059137776494026,-0.018115339800715446,0.8658143877983093,direct,SAFE_PROGRESSING,NONE,1,0,"6.178,20.586;5.785,20.724;5.393,20.862;5.000,21.000",0,1,PASS_THROUGH,-1,0.6837402032193991,0.5125000122097487,-0.5194642162714408,0.27499806677207694,4.125865142986727,4.52124563464692,0.0,0,0,0,DIRECT_LOCAL,PASS_THROUGH,0,BYPASS_VISIBLE,1,10,5.0,21.0,2.0,5.0,21.0,2.0,1,
467,15.6,0.033333,6.1389360427856445,20.660837173461914,2.839024782180786,0.5771282629488095,0.5162711143493652,1.2424687928519222,-0.10844603921396169,-0.0711203438672464,1.249218695002562,5.0,21.0,2.0,0.6405979697011036,0.5178399631808797,-0.5669885481627024,0.2436732302603532,1.1838572025299072,-0.027531495317816734,-0.019289903342723846,0.8774766325950623,direct,SAFE_PROGRESSING,NONE,1,0,"6.159,20.624;5.773,20.749;5.386,20.875;5.000,21.000",0,1,PASS_THROUGH,-1,0.6837402032193991,0.5125000122097487,-0.5194642162714408,0.27499806677207694,4.14554784953725,4.532721236855847,0.0,0,0,0,DIRECT_LOCAL,PASS_THROUGH,0,BYPASS_VISIBLE,1,10,5.0,21.0,2.0,5.0,21.0,2.0,1,
468,15.633333,0.033333,6.118348121643066,20.69661521911621,2.839360237121582,0.5945182352970104,0.5234676003456116,1.2219194895403136,-0.09321315639880676,-0.07244967045133685,1.2276094192343086,5.0,21.0,2.0,0.6316726076210273,0.518006567221261,-0.5767659084038314,0.2376726094830052,1.160040259361267,-0.014437858015298843,-0.02042871154844761,0.8884665369987488,direct,SAFE_PROGRESSING,NONE,1,0,"6.139,20.661;5.759,20.774;5.380,20.887;5.000,21.000",1,1,PASS_THROUGH,-1,0.7732467654997968,0.634105227579857,0.0,0.2376726094830052,4.164231698691848,4.543193381130254,0.0,0,0,0,DIRECT_LOCAL,PASS_THROUGH,0,BYPASS_VISIBLE,1,10,5.0,21.0,2.0,5.0,21.0,2.0,1,
469,15.666667,0.033333,6.097113132476807,20.731168746948242,2.8396310806274414,0.6121590476218807,0.5304625034332275,1.2010370078246877,-0.07756602905893087,-0.07368070490415443,1.2057923657510952,5.0,21.0,2.0,0.6226712049401992,0.5178333122030022,-0.5866252903780986,0.23175373537049876,1.135796070098877,-0.0014298734022304416,-0.021512797102332115,0.8985625505447388,direct,SAFE_PROGRESSING,NONE,1,0,"6.118,20.697;5.746,20.798;5.373,20.899;5.000,21.000",0,1,PASS_THROUGH,-1,0.6316726076210273,0.518006567221261,-0.5767659084038314,0.2376726094830052,4.1818930275574635,4.552643689851405,0.0,0,0,0,DIRECT_LOCAL,PASS_THROUGH,0,BYPASS_VISIBLE,1,10,5.0,21.0,2.0,5.0,21.0,2.0,1,
470,15.7,0.033333,6.075255393981934,20.76445770263672,2.839834451675415,0.6300457047509718,0.5372062921524048,1.179835155845912,-0.06155874048245977,-0.0748051836030033,1.1838058493661927,5.0,21.0,2.0,0.6136036453742336,0.5173036403683444,-0.5965630813628265,0.22591391883374068,1.110940933227539,0.011792952194809914,-0.022480491548776627,0.9081462621688843,direct,SAFE_PROGRESSING,NONE,1,0,"6.097,20.731;5.731,20.821;5.366,20.910;5.000,21.000",0,1,PASS_THROUGH,-1,0.6316726076210273,0.518006567221261,-0.5767659084038314,0.2376726094830052,4.198508771144141,4.5610497057083785,0.0,0,0,0,DIRECT_LOCAL,PASS_THROUGH,0,BYPASS_VISIBLE,1,10,5.0,21.0,2.0,5.0,21.0,2.0,1,
471,15.733333,0.033333,6.052803039550781,20.79645538330078,2.8399689197540283,0.6481714023509073,0.5436336994171143,1.158317765755367,-0.04524301994560638,-0.07583312675344737,1.1616788026091842,5.0,21.0,2.0,0.6044822388833069,0.5163977273545056,-0.6065761370658479,0.2201503428236636,1.0855233669281006,0.025071881711483,-0.023312291130423546,0.9168682098388672,direct,SAFE_PROGRESSING,NONE,1,0,"6.075,20.764;5.717,20.843;5.358,20.921;5.000,21.000",0,1,PASS_THROUGH,-1,0.6316726076210273,0.518006567221261,-0.5767659084038314,0.2376726094830052,4.214050971555118,4.5684004710296,0.0,0,0,0,DIRECT_LOCAL,PASS_THROUGH,0,BYPASS_VISIBLE,1,10,5.0,21.0,2.0,5.0,21.0,2.0,1,
472,15.766667,0.033333,6.029789924621582,20.82713508605957,2.8400344848632812,0.6665239658662856,0.5496892929077148,1.1364755259665464,-0.028662699993617303,-0.07677266021937121,1.1394262647705735,5.0,21.0,2.0,0.595310454899596,0.5151044560334356,-0.6166626806137488,0.21445975390031538,1.0595080852508545,0.03828077390789986,-0.023972313851118088,0.9244239330291748,direct,SAFE_PROGRESSING,NONE,1,0,"6.053,20.796;5.702,20.864;5.351,20.932;5.000,21.000",0,1,PASS_THROUGH,-1,0.6316726076210273,0.518006567221261,-0.5767659084038314,0.2376726094830052,4.228504182888721,4.5746884139096355,0.0,0,0,0,DIRECT_LOCAL,PASS_THROUGH,0,BYPASS_VISIBLE,1,10,5.0,21.0,2.0,5.0,21.0,2.0,1,
473,15.8,0.033333,6.006250381469727,20.85646629333496,2.8400330543518066,0.685089518570651,0.5553141832351685,1.1142886664842468,-0.011855007595489924,-0.07761605820082988,1.1170514876007125,5.0,21.0,2.0,0.5860915366924396,0.5134131305233508,-0.6268202836728461,0.20883960997126536,1.032815933227539,0.051294956356287,-0.0244193896651268,0.9305680990219116,direct,SAFE_PROGRESSING,NONE,1,0,"6.030,20.827;5.687,20.885;5.343,20.942;5.000,21.000",0,1,PASS_THROUGH,-1,0.6316726076210273,0.518006567221261,-0.5767659084038314,0.2376726094830052,4.241855434161387,4.579902848109919,0.0,0,0,0,DIRECT_LOCAL,PASS_THROUGH,0,BYPASS_VISIBLE,1,10,5.0,21.0,2.0,5.0,21.0,2.0,1,
474,15.833333,0.033333,5.982224464416504,20.884416580200195,2.8399672508239746,0.7038522887393656,0.5604235529899597,1.0917263024581587,0.005140785117013692,-0.07834711985935558,1.0945460329930572,5.0,21.0,2.0,0.5768299109862989,0.5113096733570586,-0.6370476212364635,0.20328716193178317,1.0053426027297974,0.06410631537437439,-0.024607254192233086,0.935310423374176,direct,SAFE_PROGRESSING,NONE,1,0,"6.006,20.856;5.671,20.904;5.335,20.952;5.000,21.000",1,1,PASS_THROUGH,-1,0.7483285112997092,0.6633283042174221,0.0,0.20328716193178317,4.2540880231658935,4.584034848673719,0.0,0,0,0,DIRECT_LOCAL,PASS_THROUGH,0,BYPASS_VISIBLE,1,10,5.0,21.0,2.0,5.0,21.0,2.0,1,
475,15.866667,0.033333,5.9577555656433105,20.910968780517578,2.8398427963256836,0.7227954178434817,0.5649150013923645,1.0687443557997633,0.02228028500124581,-0.07895737446649562,1.071888602484526,5.0,21.0,2.0,0.5675319329383177,0.5087784733508279,-0.6473422357224174,0.19780034635267005,0.976959764957428,0.07681126892566681,-0.024510079994797707,0.9388822317123413,direct,SAFE_PROGRESSING,NONE,1,0,"5.982,20.884;5.491,20.942;5.000,21.000",0,1,PASS_THROUGH,-1,0.5768299109862989,0.5113096733570586,-0.6370476212364635,0.20328716193178317,4.66530069474992,4.587088184156673,0.0,0,0,0,DIRECT_LOCAL,PASS_THROUGH,0,BYPASS_VISIBLE,1,10,5.0,21.0,2.0,5.0,21.0,2.0,1,
476,15.9,0.033333,5.932890892028809,20.936092376708984,2.839665651321411,0.7418992155605586,0.5686953067779541,1.0452818756384337,0.039520311634684516,-0.0794649266491954,1.04904276802105,5.0,21.0,2.0,0.5581950273029264,0.5058112534920879,-0.6577030388671228,0.19237695096484558,0.9474455714225769,0.08951873332262039,-0.024138865992426872,0.9416720867156982,direct,SAFE_PROGRESSING,NONE,1,0,"5.958,20.911;5.479,20.955;5.000,21.000",0,1,PASS_THROUGH,-1,0.5768299109862989,0.5113096733570586,-0.6370476212364635,0.20328716193178317,4.542858046633791,4.589058635803416,0.0,0,0,0,DIRECT_LOCAL,PASS_THROUGH,0,BYPASS_VISIBLE,1,10,5.0,21.0,2.0,5.0,21.0,2.0,1,
477,15.933333,0.033333,5.907683372497559,20.959766387939453,2.839442729949951,0.7611390846161603,0.5717015862464905,1.0212538328593002,0.05682821042030539,-0.07992324215602147,1.0259515394335719,5.0,21.0,2.0,0.5488231332205801,0.5023933464753421,-0.668127303632513,0.18701546468086672,0.9165991544723511,0.10229311883449554,-0.023528190329670906,0.9443657398223877,direct,SAFE_PROGRESSING,NONE,1,0,"5.933,20.936;5.466,20.968;5.000,21.000",0,1,PASS_THROUGH,-1,0.5768299109862989,0.5113096733570586,-0.6370476212364635,0.20328716193178317,4.509104711316195,4.589952030855375,0.0,0,0,0,DIRECT_LOCAL,PASS_THROUGH,0,BYPASS_VISIBLE,1,10,5.0,21.0,2.0,5.0,21.0,2.0,1,
478,15.966667,0.033333,5.88218879699707,20.981966018676758,2.839181661605835,0.780487405866785,0.5739355087280273,0.9965483348343472,0.07418740893435452,-0.08040935208280825,1.0025357944771252,5.0,21.0,2.0,0.5394160526905551,0.4985151015535034,-0.6786110930590807,0.18171492489589075,0.8846030235290527,0.11489054560661316,-0.022779135033488274,0.9473335146903992,direct,SAFE_PROGRESSING,NONE,1,0,"5.908,20.960;5.454,20.980;5.000,21.000",0,1,PASS_THROUGH,-1,0.5768299109862989,0.5113096733570586,-0.6370476212364635,0.20328716193178317,4.429930869383767,4.5897724139917715,0.0,0,0,0,DIRECT_LOCAL,PASS_THROUGH,0,BYPASS_VISIBLE,1,10,5.0,21.0,2.0,5.0,21.0,2.0,1,
479,16.0,0.033333,5.856469631195068,21.002674102783203,2.838887929916382,0.7999172713655265,0.5755175948143005,0.971041219606107,0.09158330141973804,-0.0809747162114114,0.9787060109852055,5.0,21.0,2.0,0.5299785560313519,0.4941614864249787,-0.6891495886098885,0.17647462118157448,0.8516809344291687,0.1268942505121231,-0.022019026800990105,0.9506632089614868,direct,SAFE_PROGRESSING,NONE,1,0,"5.882,20.982;5.441,20.991;5.000,21.000",0,1,PASS_THROUGH,-1,0.5768299109862989,0.5113096733570586,-0.6370476212364635,0.20328716193178317,4.397188475250098,4.58853309382338,0.0,0,0,0,DIRECT_LOCAL,PASS_THROUGH,0,BYPASS_VISIBLE,1,10,5.0,21.0,2.0,5.0,21.0,2.0,1,
480,16.033333,0.033333,5.830595016479492,21.021862030029297,2.8385634422302246,0.819412073687888,0.5766705274581909,0.9446233313717431,0.10897764702659311,-0.08160683003242847,0.954384115768512,5.0,21.0,2.0,0.5205210123561468,0.4893155362233912,-0.6997343651030348,0.17129476115574716,0.8178910613059998,0.138345867395401,-0.021311525255441666,0.9550180435180664,direct,SAFE_PROGRESSING,NONE,1,0,"5.856,21.003;5.428,21.001;5.000,21.000",1,1,PASS_THROUGH,-1,0.7286096568808809,0.6849291699876161,0.0,0.17129476115574716,4.364926474686663,4.586242177169459,0.0,0,0,0,DIRECT_LOCAL,PASS_THROUGH,0,CORRIDOR_CLEAR,1,10,5.0,21.0,2.0,5.0,21.0,2.0,1,
481,16.066667,0.033333,5.804636001586914,21.039520263671875,2.8382084369659424,0.8389699410999522,0.5776601433753967,0.9172205373414863,0.12629681509404056,-0.08224163718138991,0.9295203529294981,5.0,21.0,2.0,0.5110734123304063,0.483945534667434,-0.7103525087478791,0.16617653622067946,0.7834324836730957,0.14937958121299744,-0.02069087326526642,0.9611225128173828,direct,SAFE_PROGRESSING,NONE,1,0,"5.831,21.022;5.415,21.011;5.000,21.000",0,1,PASS_THROUGH,-1,0.5205210123561468,0.4893155362233912,-0.6997343651030348,0.17129476115574716,4.243891458304786,4.5829225116328764,0.0,0,0,0,DIRECT_LOCAL,PASS_THROUGH,0,CORRIDOR_CLEAR,1,10,5.0,21.0,2.0,5.0,21.0,2.0,1,
482,16.1,0.033333,5.778669357299805,21.05562973022461,2.8378207683563232,0.8586001078574673,0.5787991881370544,0.8888052350176747,0.14343974640876136,-0.08281182864162079,0.9041059150384998,5.0,21.0,2.0,0.5016644485484023,0.4780242085061588,-0.7209893460687805,0.16112118995221839,0.7484621405601501,0.1595555543899536,-0.020242467522621155,0.9686041474342346,direct,SAFE_PROGRESSING,NONE,1,0,"5.805,21.040;5.402,21.020;5.000,21.000",0,1,PASS_THROUGH,-1,0.5205210123561468,0.4893155362233912,-0.6997343651030348,0.17129476115574716,4.212745461968116,4.578592533492087,0.0,0,0,0,DIRECT_LOCAL,PASS_THROUGH,0,CORRIDOR_CLEAR,1,10,5.0,21.0,2.0,5.0,21.0,2.0,1,
483,16.133333,0.033333,5.752776145935059,21.07017707824707,2.8373968601226807,0.8783205687935115,0.5804144144058228,0.8593944049889731,0.16028241799755005,-0.08327441682780957,0.8781707267630277,5.0,21.0,2.0,0.49233820440638754,0.4715142706221539,-0.7316265338829314,0.1561307957941102,0.7128521800041199,0.16886955499649048,-0.019969966262578964,0.9775903224945068,direct,SAFE_PROGRESSING,NONE,1,0,"5.779,21.056;5.389,21.028;5.000,21.000",0,1,PASS_THROUGH,-1,0.5205210123561468,0.4893155362233912,-0.6997343651030348,0.17129476115574716,4.137963247918032,4.57327690653914,0.0,0,0,0,DIRECT_LOCAL,PASS_THROUGH,0,CORRIDOR_CLEAR,1,10,5.0,21.0,2.0,5.0,21.0,2.0,1,
484,16.166667,0.033333,5.7270379066467285,21.083162307739258,2.8369321823120117,0.8981592327591721,0.5827694535255432,0.8290329733393295,0.1766846987285646,-0.08362331505836555,0.8517664072209021,5.0,21.0,2.0,0.4831453986113406,0.464376915532422,-0.7422429549152236,0.15120803526269838,0.6766782999038696,0.17737889289855957,-0.019850850105285645,0.988308310508728,direct,SAFE_PROGRESSING,NONE,1,0,"5.753,21.070;5.376,21.035;5.000,21.000",0,1,PASS_THROUGH,-1,0.5205210123561468,0.4893155362233912,-0.6997343651030348,0.17129476115574716,4.10832335870764,4.56701012564119,0.0,0,0,0,DIRECT_LOCAL,PASS_THROUGH,0,CORRIDOR_CLEAR,1,10,5.0,21.0,2.0,5.0,21.0,2.0,1,
485,16.2,0.033333,5.701541423797607,21.094589233398438,2.8364219665527344,0.9181496363772773,0.5860753059387207,0.7977736243780662,0.19250301951761362,-0.08390709162835697,0.8249488276870537,5.0,21.0,2.0,0.4741351313986211,0.45657852681373123,-0.7528159974563605,0.14635574291838035,0.6399692296981812,0.18450191617012024,-0.019946685060858727,0.999730110168457,direct,SAFE_PROGRESSING,NONE,1,0,"5.727,21.083;5.364,21.042;5.000,21.000",0,1,PASS_THROUGH,-1,0.5205210123561468,0.4893155362233912,-0.6997343651030348,0.17129476115574716,4.037196509864001,4.559832389279523,0.0,0,0,0,DIRECT_LOCAL,PASS_THROUGH,0,CORRIDOR_CLEAR,1,10,5.0,21.0,2.0,5.0,21.0,2.0,1,
486,16.233333,0.033333,5.676372051239014,21.104467391967773,2.83586049079895,0.9383284673080604,0.5904719233512878,0.76566324997832,0.207590060507781,-0.08417194635799441,0.7977585863797898,5.0,21.0,2.0,0.4653608189796049,0.44808730844401007,-0.7633197705876836,0.14157789267804183,0.6027615070343018,0.1908015012741089,-0.02015562355518341,1.0125956535339355,direct,SAFE_PROGRESSING,NONE,1,0,"5.702,21.095;5.351,21.047;5.000,21.000",1,1,PASS_THROUGH,-1,0.7203495444513287,0.6936112267032325,0.0,0.14157789267804183,3.961680633828404,4.551786971104871,0.0,0,0,0,DIRECT_LOCAL,PASS_THROUGH,0,CORRIDOR_CLEAR,1,10,5.0,21.0,2.0,5.0,21.0,2.0,1,
487,16.266667,0.033333,5.651617527008057,21.112815856933594,2.8352434635162354,0.9587366217732483,0.5960278511047363,0.7327407214346258,0.22181406746250393,-0.08440297067380269,0.7702170517661621,5.0,21.0,2.0,0.4568768084770961,0.4388726835269233,-0.7737275680300268,0.13687842601108757,0.5654250979423523,0.19663962721824646,-0.020424479618668556,1.027373194694519,direct,SAFE_PROGRESSING,NONE,1,0,"5.676,21.104;5.338,21.052;5.000,21.000",0,1,PASS_THROUGH,-1,0.4653608189796049,0.44808730844401007,-0.7633197705876836,0.14157789267804183,3.9347406432271286,4.542925787667645,0.0,0,0,0,DIRECT_LOCAL,PASS_THROUGH,0,CORRIDOR_CLEAR,1,10,5.0,21.0,2.0,5.0,21.0,2.0,1,
488,16.3,0.033333,5.62736701965332,21.119661331176758,2.8345680236816406,0.9794083434477402,0.6028255820274353,0.6990508523480224,0.2350895738954278,-0.08455122013501162,0.7423530903479488,5.0,21.0,2.0,0.44873205536501165,0.4289135885387483,-0.7840106351668359,0.13226228775879487,0.5281285047531128,0.2014908343553543,-0.020814424380660057,1.0429729223251343,direct,SAFE_PROGRESSING,NONE,1,0,"5.652,21.113;5.326,21.056;5.000,21.000",0,1,PASS_THROUGH,-1,0.4653608189796049,0.44808730844401007,-0.7633197705876836,0.14157789267804183,3.865449161967869,4.533307497476048,0.0,0,0,0,DIRECT_LOCAL,PASS_THROUGH,0,CORRIDOR_CLEAR,1,10,5.0,21.0,2.0,5.0,21.0,2.0,1,
489,16.333333,0.033333,5.6037068367004395,21.12504005432129,2.8338303565979004,1.000370858021823,0.6109235286712646,0.6646621586385356,0.24737359889198976,-0.08456001894324922,0.7142267702617254,5.0,21.0,2.0,0.4409710008241506,0.41819710410155764,-0.7941383749405502,0.12773538453031458,0.49098509550094604,0.20532965660095215,-0.021299690008163452,1.0590721368789673,direct,SAFE_PROGRESSING,NONE,1,0,"5.627,21.120;5.314,21.060;5.000,21.000",0,1,PASS_THROUGH,-1,0.4653608189796049,0.44808730844401007,-0.7633197705876836,0.14157789267804183,3.840584013458494,4.522996548464886,0.0,0,0,0,DIRECT_LOCAL,PASS_THROUGH,0,CORRIDOR_CLEAR,1,10,5.0,21.0,2.0,5.0,21.0,2.0,1,
490,16.366667,0.033333,5.580723762512207,21.128984451293945,2.833026647567749,1.0216560510829598,0.6202856302261353,0.6296733887761423,0.2586447370843395,-0.08438325709191494,0.685934552732036,5.0,21.0,2.0,0.4336360608276927,0.4067144839080329,-0.8040790354991629,0.12330400802301959,0.4541516602039337,0.2081221342086792,-0.021869482472538948,1.0753505229949951,direct,SAFE_PROGRESSING,NONE,1,0,"5.604,21.125;5.302,21.063;5.000,21.000",0,1,PASS_THROUGH,-1,0.4653608189796049,0.44808730844401007,-0.7633197705876836,0.14157789267804183,3.8168816773554184,4.512054897296935,0.0,0,0,0,DIRECT_LOCAL,PASS_THROUGH,0,CORRIDOR_CLEAR,1,10,5.0,21.0,2.0,5.0,21.0,2.0,1,
491,16.4,0.033333,5.558497905731201,21.13153648376465,2.8321540355682373,1.0432999868217943,0.6307922601699829,0.5942129674761878,0.26888804416923495,-0.08398258633842005,0.657603912565994,5.0,21.0,2.0,0.42677583695557414,0.39445206173133557,-0.8137997026214544,0.1189751363978095,0.4179982841014862,0.21024087071418762,-0.022462308406829834,1.0920355319976807,direct,SAFE_PROGRESSING,NONE,1,0,"5.581,21.129;5.290,21.064;5.000,21.000",0,1,PASS_THROUGH,-1,0.4653608189796049,0.44808730844401007,-0.7633197705876836,0.14157789267804183,3.7944112776309193,4.500548311205919,0.0,0,0,0,DIRECT_LOCAL,PASS_THROUGH,0,CORRIDOR_CLEAR,1,10,5.0,21.0,2.0,5.0,21.0,2.0,1,
492,16.433333,0.033333,5.537106990814209,21.13275718688965,2.831209659576416,1.06533713050324,0.6422939896583557,0.5584377410205572,0.27809532073277626,-0.08335792165512475,0.629395154979978,5.0,21.0,2.0,0.4204301767382066,0.38140160606860946,-0.8232686568649177,0.11475569829290488,0.3825380802154541,0.21116900444030762,-0.023161668330430984,1.107243537902832,direct,SAFE_PROGRESSING,NONE,1,0,"5.558,21.132;5.279,21.066;5.000,21.000",1,1,PASS_THROUGH,-1,0.7406478358703266,0.671893431446239,0.0,0.11475569829290488,3.773232318153612,4.488556855003462,0.0,0,0,0,DIRECT_LOCAL,PASS_THROUGH,0,CORRIDOR_CLEAR,1,10,5.0,21.0,2.0,5.0,21.0,2.0,1,
493,16.466667,0.033333,5.516622066497803,21.1326961517334,2.8301901817321777,1.0877943437715505,0.6545584797859192,0.5225236979887011,0.2862556339319727,-0.08255415588644802,0.6014885631262717,5.0,21.0,2.0,0.4146254272993701,0.3675727479339468,-0.8324518184334166,0.11065412604188744,0.3480101227760315,0.21092592179775238,-0.023923441767692566,1.1205666065216064,direct,SAFE_PROGRESSING,NONE,1,0,"5.537,21.133;5.269,21.066;5.000,21.000",0,1,PASS_THROUGH,-1,0.4204301767382066,0.38140160606860946,-0.8232686568649177,0.11475569829290488,3.711403982478531,4.476148238597217,0.0,0,0,0,DIRECT_LOCAL,PASS_THROUGH,0,CORRIDOR_CLEAR,1,10,5.0,21.0,2.0,5.0,21.0,2.0,1,
494,16.5,0.033333,5.497107028961182,21.131418228149414,2.8290932178497314,1.110693081511187,0.6672487258911133,0.4866551965116956,0.29334487033127943,-0.08160307893747276,0.5740588434416698,5.0,21.0,2.0,0.4093890252560605,0.35296624884469996,-0.8413176886149453,0.1066783254981654,0.3147093653678894,0.20984187722206116,-0.024686595425009727,1.1323646306991577,direct,SAFE_PROGRESSING,NONE,1,0,"5.517,21.133;5.258,21.066;5.000,21.000",0,1,PASS_THROUGH,-1,0.4204301767382066,0.38140160606860946,-0.8232686568649177,0.11475569829290488,3.692743574443611,4.463398931394513,0.0,0,0,0,DIRECT_LOCAL,PASS_THROUGH,0,CORRIDOR_CLEAR,1,10,5.0,21.0,2.0,5.0,21.0,2.0,1,
495,16.533333,0.033333,5.47861909866333,21.12899398803711,2.827918291091919,1.1340438788748768,0.6800167560577393,0.45102262319183556,0.2993381976170447,-0.08050929523982724,0.5472718792368918,5.0,21.0,2.0,0.4047321844479719,0.3375975340610584,-0.8498351392287009,0.10283698730175725,0.28288567066192627,0.20819100737571716,-0.025420650839805603,1.1429648399353027,direct,SAFE_PROGRESSING,NONE,1,0,"5.497,21.131;5.249,21.066;5.000,21.000",0,1,PASS_THROUGH,-1,0.4204301767382066,0.38140160606860946,-0.8232686568649177,0.11475569829290488,3.6754885472707186,4.4503870638915295,0.0,0,0,0,DIRECT_LOCAL,PASS_THROUGH,0,CORRIDOR_CLEAR,1,10,5.0,21.0,2.0,5.0,21.0,2.0,1,
496,16.566667,0.033333,5.461206912994385,21.125499725341797,2.8266661167144775,1.1578377383971858,0.6925745606422424,0.4158202489599725,0.3042291277785508,-0.07929720427222002,0.5212963535642864,5.0,21.0,2.0,0.4006526085462093,0.32149264637516617,-0.857974338539219,0.09913943525258077,0.2521195113658905,0.20567402243614197,-0.026186615228652954,1.1512377262115479,direct,SAFE_PROGRESSING,NONE,1,0,"5.479,21.129;5.239,21.064;5.000,21.000",0,1,PASS_THROUGH,-1,0.4204301767382066,0.38140160606860946,-0.8232686568649177,0.11475569829290488,3.6596672515972735,4.437191426057613,0.0,0,0,0,DIRECT_LOCAL,PASS_THROUGH,0,CORRIDOR_CLEAR,1,10,5.0,21.0,2.0,5.0,21.0,2.0,1,
497,16.6,0.033333,5.444910526275635,21.121017456054688,2.825338125228882,1.1820484277336853,0.7046412229537964,0.38122583046858827,0.30802781421473197,-0.07802513471748229,0.4962884139228433,5.0,21.0,2.0,0.39713529445987267,0.30468738413269425,-0.8657073153466166,0.09559539688806704,0.22271308302879333,0.20244088768959045,-0.026953184977173805,1.1570249795913696,direct,SAFE_PROGRESSING,NONE,1,0,"5.461,21.125;5.231,21.063;5.000,21.000",0,1,PASS_THROUGH,-1,0.4204301767382066,0.38140160606860946,-0.8232686568649177,0.11475569829290488,3.6966922560259157,4.423891586102463,0.0,0,0,0,DIRECT_LOCAL,PASS_THROUGH,0,CORRIDOR_CLEAR,1,10,5.0,21.0,2.0,5.0,21.0,2.0,1,
498,16.633333,0.033333,5.429760456085205,21.115636825561523,2.8239364624023438,1.206642724688231,0.7159258127212524,0.34738435370758736,0.310749955233642,-0.0767825872461379,0.4723737816419952,5.0,21.0,2.0,0.39415690156637023,0.28722405871135104,-0.8730078333239496,0.0922150966080523,0.19407919049263,0.19799701869487762,-0.027794307097792625,1.1586371660232544,direct,SAFE_PROGRESSING,NONE,1,0,"5.445,21.121;5.222,21.061;5.000,21.000",1,1,PASS_THROUGH,-1,0.8081851607238075,0.5889284727246878,0.0,0.0922150966080523,3.683396339293061,4.410568941045191,0.0,0,0,0,DIRECT_LOCAL,PASS_THROUGH,0,CORRIDOR_CLEAR,1,10,5.0,21.0,2.0,5.0,21.0,2.0,1,
499,16.666667,0.033333,5.415778636932373,21.10944938659668,2.822463274002075,1.2315823891323605,0.7260757088661194,0.31438622148472456,0.3123926790706142,-0.07568364022572548,0.4496174992081325,5.0,21.0,2.0,0.3916854234168452,0.26915337257794064,-0.8798516869976933,0.0890091961632077,0.16608285903930664,0.19231221079826355,-0.028660476207733154,1.1556806564331055,direct,SAFE_PROGRESSING,NONE,1,0,"5.430,21.116;5.215,21.058;5.000,21.000",0,1,PASS_THROUGH,-1,0.39415690156637023,0.28722405871135104,-0.8730078333239496,0.0922150966080523,3.6715362529467814,4.397302722811105,0.0,0,0,0,DIRECT_LOCAL,PASS_THROUGH,0,CORRIDOR_CLEAR,1,10,5.0,21.0,2.0,5.0,21.0,2.0,1,
500,16.7,0.033333,5.402982711791992,21.102548599243164,2.8209218978881836,1.2568280029903478,0.7346733808517456,0.2822548050051943,0.31292187882753814,-0.07475263935827839,0.42799046051110246,5.0,21.0,2.0,0.38968530566740345,0.2505290199319807,-0.8862170009195398,0.08598861393364392,0.13949617743492126,0.1862548142671585,-0.029401440173387527,1.15037202835083,direct,SAFE_PROGRESSING,NONE,1,0,"5.416,21.109;5.208,21.055;5.000,21.000",0,1,PASS_THROUGH,-1,0.39415690156637023,0.28722405871135104,-0.8730078333239496,0.0922150966080523,3.716005584941018,4.384172516395725,0.0,0,0,0,DIRECT_LOCAL,PASS_THROUGH,0,CORRIDOR_CLEAR,1,10,5.0,21.0,2.0,5.0,21.0,2.0,1,
501,16.733333,0.033333,5.39138126373291,21.09503173828125,2.8193182945251465,1.2823282433088727,0.7414194345474243,0.25098534835338426,0.3123071794642124,-0.0738789475516432,0.40741565792725715,5.0,21.0,2.0,0.38811839924697056,0.23141321643072477,-0.892082973398302,0.08316520455333778,0.11493458598852158,0.18060176074504852,-0.02996336668729782,1.1448595523834229,direct,SAFE_PROGRESSING,NONE,1,0,"5.403,21.103;5.201,21.051;5.000,21.000",0,1,PASS_THROUGH,-1,0.39415690156637023,0.28722405871135104,-0.8730078333239496,0.0922150966080523,3.706577246643585,4.371256925313788,0.0,0,0,0,DIRECT_LOCAL,PASS_THROUGH,0,CORRIDOR_CLEAR,1,10,5.0,21.0,2.0,5.0,21.0,2.0,1,
502,16.766667,0.033333,5.380980968475342,21.086994171142578,2.8176605701446533,1.308008760062626,0.746282696723938,0.220603160764719,0.3105782770481367,-0.07292336104421915,0.3878690981498257,5.0,21.0,2.0,0.3869380233749096,0.21188231661028828,-0.8974323651254034,0.08055068587713596,0.09169250726699829,0.17514124512672424,-0.03043508157134056,1.138575553894043,direct,SAFE_PROGRESSING,NONE,1,0,"5.391,21.095;5.196,21.048;5.000,21.000",0,1,PASS_THROUGH,-1,0.39415690156637023,0.28722405871135104,-0.8730078333239496,0.0922150966080523,3.6985191621292235,4.358633104838262,0.0,0,0,0,DIRECT_LOCAL,PASS_THROUGH,0,CORRIDOR_CLEAR,1,10,5.0,21.0,2.0,5.0,21.0,2.0,1,
503,16.8,0.033333,5.3717803955078125,21.078533172607422,2.8159561157226562,1.3337794230521935,0.7494134902954102,0.1911718215983459,0.30783903627142045,-0.07181814656616453,0.3694176278982173,5.0,21.0,2.0,0.38610144758381826,0.19202042599080316,-0.9022493159742436,0.07815740122424583,0.0695769414305687,0.16978831589221954,-0.03084692731499672,1.131195068359375,direct,SAFE_PROGRESSING,NONE,1,0,"5.381,21.087;5.190,21.043;5.000,21.000",0,1,PASS_THROUGH,-1,0.39415690156637023,0.28722405871135104,-0.8730078333239496,0.0922150966080523,3.750068042511081,4.346376081821858,0.0,0,0,0,DIRECT_LOCAL,PASS_THROUGH,0,CORRIDOR_CLEAR,1,10,5.0,21.0,2.0,5.0,21.0,2.0,1,
504,16.833333,0.033333,5.363769054412842,21.069744110107422,2.81421160697937,1.3595564732161307,0.7509951591491699,0.16276206797200787,0.3042354043286672,-0.07058904145005346,0.3521838792312752,5.0,21.0,2.0,0.3855701843364515,0.17191456679001976,-0.9065213812570306,0.07599687406301199,0.04789881035685539,0.1641400158405304,-0.031255777925252914,1.1213116645812988,direct,SAFE_PROGRESSING,NONE,1,0,"5.372,21.079;5.186,21.039;5.000,21.000",1,1,PASS_THROUGH,-1,0.9133273431250893,0.40722618322016724,0.0,0.07599687406301199,3.7442709633976703,4.334555008106401,0.0,0,0,0,DIRECT_LOCAL,PASS_THROUGH,0,CORRIDOR_CLEAR,1,10,5.0,21.0,2.0,5.0,21.0,2.0,1,
505,16.866667,0.033333,5.356926918029785,21.060714721679688,2.8124330043792725,1.3852787974042025,0.7511277794837952,0.13540163712994946,0.2999026857658229,-0.06933356807456006,0.3362772188670741,5.0,21.0,2.0,0.38531237467019797,0.15164477754239145,-0.9102407568166412,0.07407892165605254,0.026407543569803238,0.15799595415592194,-0.031661245971918106,1.1080482006072998,direct,SAFE_PROGRESSING,NONE,1,0,"5.364,21.070;5.182,21.035;5.000,21.000",0,1,PASS_THROUGH,-1,0.3855701843364515,0.17191456679001976,-0.9065213812570306,0.07599687406301199,3.8240525315712515,4.3232281303396185,0.0,0,0,0,DIRECT_LOCAL,PASS_THROUGH,0,CORRIDOR_CLEAR,1,10,5.0,21.0,2.0,5.0,21.0,2.0,1,
506,16.9,0.033333,5.351230621337891,21.05152702331543,2.8106250762939453,1.4109072665112725,0.7497705817222595,0.1090445677650864,0.2949246178938129,-0.0681309855462104,0.3217344855472972,5.0,21.0,2.0,0.3853010258916811,0.13127830578690464,-0.9134052363964956,0.07241080091889135,0.00586083997040987,0.15184028446674347,-0.032011378556489944,1.0929803848266602,direct,SAFE_PROGRESSING,NONE,1,0,"5.357,21.061;5.178,21.030;5.000,21.000",0,1,PASS_THROUGH,-1,0.3855701843364515,0.17191456679001976,-0.9065213812570306,0.07599687406301199,3.817902373224414,4.312447845212717,0.0,0,0,0,DIRECT_LOCAL,PASS_THROUGH,0,CORRIDOR_CLEAR,1,10,5.0,21.0,2.0,5.0,21.0,2.0,1,
507,16.933333,0.033333,5.346653461456299,21.042259216308594,2.8087918758392334,1.4364115411506657,0.7468461990356445,0.08359887441646031,0.2893388739890812,-0.06700185673612429,0.3085368772303509,5.0,21.0,2.0,0.3855149792740501,0.11087735045391603,-0.9160155096457965,0.07099802349281267,-0.013891799375414848,0.145787313580513,-0.0323164165019989,1.0765299797058105,direct,SAFE_PROGRESSING,NONE,1,0,"5.351,21.052;5.176,21.026;5.000,21.000",0,1,PASS_THROUGH,-1,0.3855701843364515,0.17191456679001976,-0.9065213812570306,0.07599687406301199,3.902473227070435,4.302262107661308,0.0,0,0,0,DIRECT_LOCAL,PASS_THROUGH,0,CORRIDOR_CLEAR,1,10,5.0,21.0,2.0,5.0,21.0,2.0,1,
508,16.966667,0.033333,5.343164920806885,21.03298568725586,2.8069379329681396,1.4617535288670367,0.7423501014709473,0.05896133091494606,0.2831629838865299,-0.06594634149506391,0.2966591207823696,5.0,21.0,2.0,0.3859356255177264,0.09050694975293588,-0.9180752610775768,0.06984395856554815,-0.03424413502216339,0.13909617066383362,-0.032590050250291824,1.0560927391052246,direct,SAFE_PROGRESSING,NONE,1,0,"5.347,21.042;5.173,21.021;5.000,21.000",0,1,PASS_THROUGH,-1,0.3855701843364515,0.17191456679001976,-0.9065213812570306,0.07599687406301199,3.8981426699326676,4.292714021920223,0.0,0,0,0,DIRECT_LOCAL,PASS_THROUGH,0,CORRIDOR_CLEAR,1,10,5.0,21.0,2.0,5.0,21.0,2.0,1,
509,17.0,0.033333,5.340737342834473,21.023778915405273,2.805065870285034,1.4868881507764995,0.7362557053565979,0.0349961228707121,0.27639460340343874,-0.064956620756384,0.28607353597740365,5.0,21.0,2.0,0.3865466136947131,0.07023417750833413,-0.919591689692158,0.06894932006514258,-0.05518516153097153,0.131666898727417,-0.03277319297194481,1.0315979719161987,local_avoidance,SAFE_PROGRESSING,NONE,1,0,"5.343,21.033;5.174,21.002;5.004,20.970",0,1,PASS_THROUGH,-1,0.3855701843364515,0.17191456679001976,-0.9065213812570306,0.07599687406301199,3.8949230351816007,4.283847196654528,0.0,0,0,0,DIRECT_LOCAL,PASS_THROUGH,0,CORRIDOR_CLEAR,1,10,5.0,21.0,2.0,5.0,21.0,2.0,1,
510,17.033333,0.033333,5.339343547821045,21.014705657958984,2.8031790256500244,1.5117698928133956,0.7284358143806458,0.011506340568875048,0.26900146213755916,-0.06399817564628468,0.27674889158131116,5.0,21.0,2.0,0.3873418991297062,0.05012802234049264,-0.9205723407504831,0.0683132120807529,-0.07795355468988419,0.12285784631967545,-0.03279676288366318,1.0006451606750488,local_avoidance,SAFE_PROGRESSING,NONE,1,0,"5.341,21.024;5.172,20.997;5.003,20.970",1,1,PASS_THROUGH,-1,0.9917295652796849,0.12834511813920738,0.0,0.0683132120807529,3.8927842006875895,4.275701157843494,0.0,0,0,0,DIRECT_LOCAL,PASS_THROUGH,0,CORRIDOR_CLEAR,1,10,5.0,21.0,2.0,5.0,21.0,2.0,1,
511,17.066667,0.033333,5.338956832885742,21.00583267211914,2.801281213760376,1.5363511146669528,0.7186462879180908,-0.011774070356717136,0.2609201715264955,-0.06299295939641186,0.2686746686528128,5.0,21.0,2.0,0.3883226732349805,0.03025452631263837,-0.9210266907583279,0.06793240753095106,-0.0983978733420372,0.11510467529296875,-0.03261157125234604,0.9748899936676025,local_avoidance,SAFE_PROGRESSING,NONE,1,0,"5.339,21.015;5.171,20.993;5.003,20.970",0,1,PASS_THROUGH,-1,0.3873418991297062,0.05012802234049264,-0.9205723407504831,0.0683132120807529,3.874396575890798,4.268315877898965,0.0,0,0,0,DIRECT_LOCAL,PASS_THROUGH,0,CORRIDOR_CLEAR,1,10,5.0,21.0,2.0,5.0,21.0,2.0,1,
512,17.1,0.033333,5.3395609855651855,20.997224807739258,2.7993757724761963,1.5605751408320232,0.7069098949432373,-0.03504493938013354,0.2521340910109024,-0.06183002146631564,0.2619593464272201,5.0,21.0,2.0,0.38949678136739774,0.010685486223203613,-0.9209658395883157,0.06780140252944104,-0.11770276725292206,0.1078685000538826,-0.03227032348513603,0.9519701600074768,local_avoidance,SAFE_PROGRESSING,NONE,1,0,"5.339,21.006;5.173,20.974;5.006,20.941",0,1,PASS_THROUGH,-1,0.3873418991297062,0.05012802234049264,-0.9205723407504831,0.0683132120807529,3.791725952086338,4.261736082407357,0.0,0,0,0,DIRECT_LOCAL,PASS_THROUGH,0,CORRIDOR_CLEAR,1,10,5.0,21.0,2.0,5.0,21.0,2.0,1,
513,17.133333,0.033333,5.3411383628845215,20.988948822021484,2.7974650859832764,1.5843661149721187,0.6937069892883301,-0.05833251306182302,0.24272912802803517,-0.06048768970968355,0.25686352851226857,5.0,21.0,2.0,0.39088986524797087,-0.008500258242131235,-0.920398206678088,0.0679144652073722,-0.13473285734653473,0.10166169703006744,-0.03189954534173012,0.9324622750282288,local_avoidance,SAFE_PROGRESSING,NONE,1,0,"5.340,20.997;5.172,20.969;5.005,20.941",0,1,PASS_THROUGH,-1,0.3873418991297062,0.05012802234049264,-0.9205723407504831,0.0683132120807529,3.7108704843745017,4.256007220973112,0.0,0,0,0,DIRECT_LOCAL,PASS_THROUGH,0,CORRIDOR_CLEAR,1,10,5.0,21.0,2.0,5.0,21.0,2.0,1,
514,17.166667,0.033333,5.343668460845947,20.981063842773438,2.7955493927001953,1.6076574291246144,0.6796721816062927,-0.08148440792383245,0.23288597029885896,-0.05902000551648062,0.25369064812858977,5.0,21.0,2.0,0.3925346841074417,-0.02722450389351678,-0.9193341874206696,0.06826346348266964,-0.15300394594669342,0.095133937895298,-0.03150361776351929,0.9079079031944275,local_avoidance,SAFE_PROGRESSING,NONE,1,0,"5.341,20.989;5.172,20.965;5.003,20.941",0,1,PASS_THROUGH,-1,0.3873418991297062,0.05012802234049264,-0.9205723407504831,0.0683132120807529,3.699795509083315,4.251166865256831,0.0,0,0,0,DIRECT_LOCAL,PASS_THROUGH,0,CORRIDOR_CLEAR,1,10,5.0,21.0,2.0,5.0,21.0,2.0,1,
515,17.2,0.033333,5.3471221923828125,20.97361946105957,2.793628215789795,1.6304048871070764,0.6651866436004639,-0.1043246053283209,0.22279676508302726,-0.05749377467426858,0.2526411604126832,5.0,21.0,2.0,0.3944678348456919,-0.04542613140715579,-0.9177862462782561,0.06883795146014485,-0.17335167527198792,0.08752140402793884,-0.031039638444781303,0.873587965965271,local_avoidance,SAFE_PROGRESSING,NONE,1,0,"5.344,20.981;5.175,20.946;5.007,20.910",0,1,PASS_THROUGH,-1,0.3873418991297062,0.05012802234049264,-0.9205723407504831,0.0683132120807529,3.624003347264187,4.247239719090498,0.0,0,0,0,DIRECT_LOCAL,PASS_THROUGH,0,CORRIDOR_CLEAR,1,10,5.0,21.0,2.0,5.0,21.0,2.0,1,
516,17.233333,0.033333,5.351466178894043,20.966655731201172,2.7917025089263916,1.6525961507805649,0.6499858498573303,-0.1268341369833021,0.2125627169756115,-0.05595510263690667,0.2537730885327672,5.0,21.0,2.0,0.3967191871066978,-0.06306687672520406,-0.9157709624363118,0.06962463623730836,-0.1938995122909546,0.07951322197914124,-0.03055756911635399,0.8323718905448914,local_avoidance,SAFE_PROGRESSING,NONE,1,0,"5.347,20.974;5.176,20.941;5.005,20.909",1,1,PASS_THROUGH,-1,0.9875986624887088,-0.1569996237272998,0.0,0.06962463623730836,3.6212841460462486,4.244240113002857,0.0,0,0,0,DIRECT_LOCAL,PASS_THROUGH,0,CORRIDOR_CLEAR,1,10,5.0,21.0,2.0,5.0,21.0,2.0,1,
517,17.266667,0.033333,5.3566670417785645,20.9602108001709,2.789771318435669,1.6742249881134044,0.6333101391792297,-0.14914888765897452,0.2021773587364635,-0.054448348092474466,0.2570713863609898,5.0,21.0,2.0,0.3993128729288673,-0.0801208746896441,-0.9133071087822873,0.07060887059516188,-0.2129579782485962,0.07226547598838806,-0.030169326812028885,0.7926419377326965,local_avoidance,SAFE_PROGRESSING,NONE,1,0,"5.351,20.967;5.177,20.937;5.003,20.908",0,1,PASS_THROUGH,-1,0.3967191871066978,-0.06306687672520406,-0.9157709624363118,0.06962463623730836,3.6195555458256585,4.242180650050121,0.0,0,0,0,DIRECT_LOCAL,PASS_THROUGH,0,CORRIDOR_CLEAR,1,10,5.0,21.0,2.0,5.0,21.0,2.0,1,
518,17.3,0.033333,5.362693786621094,20.954317092895508,2.787832260131836,1.6952570820952222,0.6146515011787415,-0.17141144928911964,0.19160251148910137,-0.053017606975578835,0.26249623617443474,5.0,21.0,2.0,0.40227554834644025,-0.09655242619702407,-0.9104130997508982,0.07177591772011346,-0.2305474728345871,0.06589921563863754,-0.029884668067097664,0.7564090490341187,local_avoidance,SAFE_PROGRESSING,NONE,1,0,"5.357,20.960;5.179,20.933;5.002,20.906",0,1,PASS_THROUGH,-1,0.3967191871066978,-0.06306687672520406,-0.9157709624363118,0.06962463623730836,3.688890549748448,4.241070546394659,0.0,0,0,0,DIRECT_LOCAL,PASS_THROUGH,0,CORRIDOR_CLEAR,1,10,5.0,21.0,2.0,5.0,21.0,2.0,1,
519,17.333333,0.033333,5.369519233703613,20.949007034301758,2.785881280899048,1.7156268143457925,0.5941416621208191,-0.19365137844327562,0.1808459442257907,-0.05168511710994852,0.2699582620453903,5.0,21.0,2.0,0.40564008754404457,-0.1123188578846965,-0.9071056132230344,0.07311188982787004,-0.24800239503383636,0.05984292924404144,-0.029618430882692337,0.7195535898208618,local_avoidance,SAFE_PROGRESSING,NONE,1,0,"5.363,20.954;5.184,20.914;5.006,20.873",0,1,PASS_THROUGH,-1,0.3967191871066978,-0.06306687672520406,-0.9157709624363118,0.06962463623730836,3.6889885257338726,4.240921071652578,0.0,0,0,0,DIRECT_LOCAL,PASS_THROUGH,0,CORRIDOR_CLEAR,1,10,5.0,21.0,2.0,5.0,21.0,2.0,1,
520,17.366667,0.033333,5.377118110656738,20.944311141967773,2.783914566040039,1.735264916080434,0.5722047090530396,-0.21579109516752498,0.16997393307950315,-0.05049281899547385,0.27929636490692983,5.0,21.0,2.0,0.40944609276743416,-0.12737495067464516,-0.9033988704100273,0.0746042214965367,-0.26491785049438477,0.054374851286411285,-0.029458146542310715,0.6844670176506042,local_avoidance,SAFE_PROGRESSING,NONE,1,0,"5.370,20.949;5.187,20.910;5.005,20.871",0,1,PASS_THROUGH,-1,0.3967191871066978,-0.06306687672520406,-0.9157709624363118,0.06962463623730836,3.690083817488863,4.241742873668304,0.0,0,0,0,DIRECT_LOCAL,PASS_THROUGH,0,CORRIDOR_CLEAR,1,10,5.0,21.0,2.0,5.0,21.0,2.0,1,
521,17.4,0.033333,5.3854570388793945,20.94025230407715,2.7819273471832275,1.7541180626790007,0.549302875995636,-0.23769053048436742,0.1590974546946087,-0.0495464788422777,0.29028200415787286,5.0,21.0,2.0,0.41373374037291005,-0.14168253577629356,-0.8993055382532907,0.0762415420343113,-0.2800046503543854,0.05016446113586426,-0.029553713276982307,0.6569104194641113,local_avoidance,SAFE_PROGRESSING,NONE,1,0,"5.377,20.944;5.190,20.906;5.004,20.868",0,1,PASS_THROUGH,-1,0.3967191871066978,-0.06306687672520406,-0.9157709624363118,0.06962463623730836,3.694000334994701,4.2435353696296945,0.0,0,0,0,DIRECT_LOCAL,PASS_THROUGH,0,CORRIDOR_CLEAR,1,10,5.0,21.0,2.0,5.0,21.0,2.0,1,
522,17.433333,0.033333,5.394503593444824,20.936843872070312,2.7799134254455566,1.7721544754936147,0.5261263251304626,-0.25914260150642776,0.14837599146015878,-0.04897560400577214,0.30260358977552543,5.0,21.0,2.0,0.41853086107843934,-0.15521778239280742,-0.8948404094328771,0.07801202881344918,-0.29251378774642944,0.04757557809352875,-0.029910698533058167,0.6402066349983215,local_avoidance,SAFE_PROGRESSING,NONE,1,0,"5.385,20.940;5.194,20.902;5.003,20.865",1,1,PASS_THROUGH,-1,0.9375981131980812,-0.3477208336113871,0.0,0.07801202881344918,3.766044511602505,4.246290675264802,0.0,0,0,0,DIRECT_LOCAL,PASS_THROUGH,0,CORRIDOR_CLEAR,1,10,5.0,21.0,2.0,5.0,21.0,2.0,1,
523,17.466667,0.033333,5.404218673706055,20.93408966064453,2.7778677940368652,1.7893718689195435,0.5037490725517273,-0.27986256257827435,0.13801548414852094,-0.04882746300970654,0.3158408601520604,5.0,21.0,2.0,0.42385733548418913,-0.16797761262144276,-0.8900160003136147,0.07990538948930796,-0.3054576814174652,0.0448712483048439,-0.03035418502986431,0.6187311410903931,local_avoidance,SAFE_PROGRESSING,NONE,1,0,"5.395,20.937;5.198,20.899;5.002,20.861",0,1,PASS_THROUGH,-1,0.41853086107843934,-0.15521778239280742,-0.8948404094328771,0.07801202881344918,3.7699508284093546,4.249989019930688,0.0,0,0,0,DIRECT_LOCAL,PASS_THROUGH,0,CORRIDOR_CLEAR,1,10,5.0,21.0,2.0,5.0,21.0,2.0,1,
524,17.5,0.033333,5.414556503295898,20.931982040405273,2.7757883071899414,1.8058080730124686,0.48283249139785767,-0.2995991138466252,0.12819135089466918,-0.04901896238195929,0.3295383287796539,5.0,21.0,2.0,0.4297124657021163,-0.17998274791172597,-0.8848465444778273,0.0819113933483334,-0.31922972202301025,0.04174954444169998,-0.03087511472404003,0.5893990993499756,local_avoidance,SAFE_PROGRESSING,NONE,1,0,"5.404,20.934;5.203,20.896;5.002,20.858",0,1,PASS_THROUGH,-1,0.41853086107843934,-0.15521778239280742,-0.8948404094328771,0.07801202881344918,3.774813117788588,4.2545972265798975,0.0,0,0,0,DIRECT_LOCAL,PASS_THROUGH,0,CORRIDOR_CLEAR,1,10,5.0,21.0,2.0,5.0,21.0,2.0,1,
525,17.533333,0.033333,5.425469875335693,20.930511474609375,2.773676633834839,1.8215281982146794,0.46307989954948425,-0.31825661448350484,0.11896938081349805,-0.04940332054315161,0.34333900785424715,5.0,21.0,2.0,0.4360737249805719,-0.19127420107366694,-0.8793485579593561,0.08401988746775423,-0.33190831542015076,0.039184972643852234,-0.03147627413272858,0.5621733665466309,local_avoidance,SAFE_PROGRESSING,NONE,1,0,"5.415,20.932;5.208,20.893;5.002,20.854",0,1,PASS_THROUGH,-1,0.41853086107843934,-0.15521778239280742,-0.8948404094328771,0.07801202881344918,3.780593739654249,4.260079477044671,0.0,0,0,0,DIRECT_LOCAL,PASS_THROUGH,0,CORRIDOR_CLEAR,1,10,5.0,21.0,2.0,5.0,21.0,2.0,1,
526,17.566667,0.033333,5.4369120597839355,20.929655075073242,2.7715353965759277,1.8365893784176182,0.44397836923599243,-0.3358622747643228,0.11032462864500167,-0.049871311919744615,0.3570184015539247,5.0,21.0,2.0,0.4429099458954107,-0.20188842420301578,-0.8735398353823067,0.0862214056900336,-0.3428398072719574,0.03745116665959358,-0.03209777548909187,0.5401090979576111,local_avoidance,SAFE_PROGRESSING,NONE,1,0,"5.425,20.931;5.214,20.890;5.002,20.850",0,1,PASS_THROUGH,-1,0.41853086107843934,-0.15521778239280742,-0.8948404094328771,0.07801202881344918,3.8585456838566072,4.2663894196800545,0.0,0,0,0,DIRECT_LOCAL,PASS_THROUGH,0,CORRIDOR_CLEAR,1,10,5.0,21.0,2.0,5.0,21.0,2.0,1,
527,17.6,0.033333,5.448838233947754,20.929393768310547,2.769369602203369,1.851024557986275,0.4254416525363922,-0.35244862038642977,0.10221379136535723,-0.05037358038462096,0.3704121849485304,5.0,21.0,2.0,0.45018495521908247,-0.21186298599554804,-0.8674373644589233,0.08850775252995467,-0.35235944390296936,0.03635202348232269,-0.032620836049318314,0.5217498540878296,local_avoidance,SAFE_PROGRESSING,NONE,1,0,"5.437,20.930;5.220,20.888;5.002,20.846",0,1,PASS_THROUGH,-1,0.41853086107843934,-0.15521778239280742,-0.8948404094328771,0.07801202881344918,3.866002942755317,4.273484690156331,0.0,0,0,0,DIRECT_LOCAL,PASS_THROUGH,0,CORRIDOR_CLEAR,1,10,5.0,21.0,2.0,5.0,21.0,2.0,1,
528,17.633333,0.033333,5.461206912994385,20.929706573486328,2.767185688018799,1.864856392975115,0.4077083468437195,-0.36798519019161313,0.09462164130681971,-0.05087182682903957,0.3833461855410562,5.0,21.0,2.0,0.4578623986505892,-0.22122372742073193,-0.8610587008607523,0.09087155775196624,-0.36091285943984985,0.03546588495373726,-0.03290955349802971,0.5043049454689026,local_avoidance,SAFE_PROGRESSING,NONE,1,0,"5.449,20.929;5.226,20.886;5.003,20.842",1,1,PASS_THROUGH,-1,0.9004078354133784,-0.43504681348815133,0.0,0.09087155775196624,3.8741137737993347,4.281323269761386,0.0,0,0,0,DIRECT_LOCAL,PASS_THROUGH,0,CORRIDOR_CLEAR,1,10,5.0,21.0,2.0,5.0,21.0,2.0,1,
529,17.666667,0.033333,5.47397518157959,20.930572509765625,2.764993190765381,1.8781118129548622,0.3909930884838104,-0.3823780700324818,0.08756259573773978,-0.05138644989125442,0.3956270514594809,5.0,21.0,2.0,0.4659031893427926,-0.22999815884034358,-0.8544208945772955,0.09330658763556686,-0.367133766412735,0.035316307097673416,-0.03307214751839638,0.49259573221206665,local_avoidance,SAFE_PROGRESSING,NONE,1,0,"5.461,20.930;5.232,20.884;5.004,20.838",0,1,PASS_THROUGH,-1,0.4578623986505892,-0.22122372742073193,-0.8610587008607523,0.09087155775196624,3.953435587226698,4.289862089426172,0.0,0,0,0,DIRECT_LOCAL,PASS_THROUGH,0,CORRIDOR_CLEAR,1,10,5.0,21.0,2.0,5.0,21.0,2.0,1,
530,17.7,0.033333,5.487101078033447,20.931968688964844,2.7628026008605957,1.890826052749204,0.3755640685558319,-0.3954670219596309,0.08107968782245621,-0.05198616588563168,0.4070265871887175,5.0,21.0,2.0,0.4742609658875216,-0.23821453364751533,-0.8475437287801332,0.09580660711112765,-0.37211838364601135,0.03557601943612099,-0.033094704151153564,0.48204168677330017,local_avoidance,SAFE_PROGRESSING,NONE,1,0,"5.474,20.931;5.239,20.882;5.005,20.834",0,1,PASS_THROUGH,-1,0.4578623986505892,-0.22122372742073193,-0.8610587008607523,0.09087155775196624,3.963132512071956,4.299056994773633,0.0,0,0,0,DIRECT_LOCAL,PASS_THROUGH,0,CORRIDOR_CLEAR,1,10,5.0,21.0,2.0,5.0,21.0,2.0,1,
531,17.733333,0.033333,5.500536918640137,20.933856964111328,2.760624885559082,1.9030458516719995,0.3616616129875183,-0.4070683903582254,0.0752267640273392,-0.05264984121782869,0.4172957539145638,5.0,21.0,2.0,0.4828838249740078,-0.24590699295279178,-0.8404480723967348,0.09836579070032603,-0.3770599961280823,0.035807304084300995,-0.03297530114650726,0.4680342674255371,local_avoidance,SAFE_PROGRESSING,NONE,1,0,"5.487,20.932;5.247,20.881;5.006,20.829",0,1,PASS_THROUGH,-1,0.4578623986505892,-0.22122372742073193,-0.8610587008607523,0.09087155775196624,3.9734735828188548,4.3088481508164795,0.0,0,0,0,DIRECT_LOCAL,PASS_THROUGH,0,CORRIDOR_CLEAR,1,10,5.0,21.0,2.0,5.0,21.0,2.0,1,
532,17.766667,0.033333,5.514233589172363,20.936208724975586,2.758470296859741,1.9148243295287704,0.34914830327033997,-0.41706844121825826,0.07003115450347049,-0.053267590629615835,0.42624861697464894,5.0,21.0,2.0,0.4917055957825952,-0.2531260454009124,-0.8331583356216141,0.10097764269744725,-0.38082239031791687,0.03621441125869751,-0.032771993428468704,0.45471426844596863,direct,SAFE_PROGRESSING,NONE,1,0,"5.501,20.934;5.250,20.967;5.000,21.000",0,1,PASS_THROUGH,-1,0.4578623986505892,-0.22122372742073193,-0.8610587008607523,0.09087155775196624,3.9843971088687344,4.31918220176388,0.0,0,0,0,DIRECT_LOCAL,PASS_THROUGH,0,CORRIDOR_CLEAR,1,10,5.0,21.0,2.0,5.0,21.0,2.0,1,
533,17.8,0.033333,5.528140544891357,20.938982009887695,2.7563507556915283,1.926209058038178,0.3377024531364441,-0.42545352249969864,0.06547442555794178,-0.05373793296975391,0.43380337210469655,5.0,21.0,2.0,0.5006633751744514,-0.25990883987993657,-0.8257018709626327,0.10363503481011263,-0.38481396436691284,0.036141738295555115,-0.032530758529901505,0.4347159266471863,direct,SAFE_PROGRESSING,NONE,1,0,"5.514,20.936;5.257,20.968;5.000,21.000",0,1,PASS_THROUGH,-1,0.4578623986505892,-0.22122372742073193,-0.8610587008607523,0.09087155775196624,3.995846983115503,4.3299942885466685,0.0,0,0,0,DIRECT_LOCAL,PASS_THROUGH,0,CORRIDOR_CLEAR,1,10,5.0,21.0,2.0,5.0,21.0,2.0,1,
534,17.833333,0.033333,5.542208194732666,20.942136764526367,2.7542734146118164,1.9372325311936658,0.3267512023448944,-0.4323205735886206,0.0614760357226652,-0.05395032424979853,0.43998979397575433,5.0,21.0,2.0,0.5096908402879439,-0.2662970449504729,-0.8181082637262721,0.1063307350252946,-0.38910210132598877,0.03561794012784958,-0.032300226390361786,0.40880119800567627,direct,SAFE_PROGRESSING,NONE,1,0,"5.528,20.939;5.264,20.969;5.000,21.000",1,1,PASS_THROUGH,-1,0.8863198466298376,-0.4630735680969721,0.0,0.1063307350252946,3.7561629020471528,4.341221539396532,0.0,0,0,0,DIRECT_LOCAL,PASS_THROUGH,0,CORRIDOR_CLEAR,1,10,5.0,21.0,2.0,5.0,21.0,2.0,1,
535,17.866667,0.033333,5.556393146514893,20.945648193359375,2.7522451877593994,1.9479010793540437,0.31546682119369507,-0.4378662694052278,0.057898970861410756,-0.05383735276576289,0.4449467622789127,5.0,21.0,2.0,0.5187331921775094,-0.2723171371658931,-0.810406843590985,0.10905739414725327,-0.39238715171813965,0.03508996590971947,-0.032097429037094116,0.3853527903556824,direct,SAFE_PROGRESSING,NONE,1,0,"5.542,20.942;5.271,20.971;5.000,21.000",0,1,PASS_THROUGH,-1,0.5096908402879439,-0.2662970449504729,-0.8181082637262721,0.1063307350252946,3.769244065846454,4.35281677494111,0.0,0,0,0,DIRECT_LOCAL,PASS_THROUGH,0,CORRIDOR_CLEAR,1,10,5.0,21.0,2.0,5.0,21.0,2.0,1,
536,17.9,0.033333,5.570657253265381,20.949474334716797,2.7502708435058594,1.9581939618418487,0.30337610840797424,-0.44230380272700437,0.05459558301730068,-0.053444721703096075,0.44885372881339547,5.0,21.0,2.0,0.5277559574486017,-0.27796630070766776,-0.8026259309593755,0.11180830959706753,-0.3945971727371216,0.034562624990940094,-0.03189300000667572,0.3650873303413391,direct,SAFE_PROGRESSING,NONE,1,0,"5.556,20.946;5.278,20.973;5.000,21.000",0,1,PASS_THROUGH,-1,0.5096908402879439,-0.2662970449504729,-0.8181082637262721,0.1063307350252946,3.782644627649532,4.364722592430019,0.0,0,0,0,DIRECT_LOCAL,PASS_THROUGH,0,CORRIDOR_CLEAR,1,10,5.0,21.0,2.0,5.0,21.0,2.0,1,
537,17.933333,0.033333,5.584967613220215,20.95359230041504,2.748352527618408,1.9680807553918946,0.2905570864677429,-0.4457767726658859,0.05145363708659911,-0.05291236499313019,0.45184524583868163,5.0,21.0,2.0,0.5367269071259084,-0.28325296500493147,-0.7947905289967738,0.11457792868728241,-0.3954088091850281,0.034182529896497726,-0.03171347454190254,0.34919220209121704,direct,SAFE_PROGRESSING,NONE,1,0,"5.571,20.949;5.285,20.975;5.000,21.000",0,1,PASS_THROUGH,-1,0.5096908402879439,-0.2662970449504729,-0.8181082637262721,0.1063307350252946,4.115481771157914,4.376899720810206,0.0,0,0,0,DIRECT_LOCAL,PASS_THROUGH,0,CORRIDOR_CLEAR,1,10,5.0,21.0,2.0,5.0,21.0,2.0,1,
538,17.966667,0.033333,5.599294662475586,20.95798110961914,2.7464919090270996,1.9775392576872595,0.2774486541748047,-0.4483276396188107,0.048415781427927025,-0.05237014399620086,0.453965188444702,5.0,21.0,2.0,0.5456267215245396,-0.28817117185841773,-0.786923666226991,0.11736111504196318,-0.3966488242149353,0.033347584307193756,-0.031515561044216156,0.32667702436447144,direct,SAFE_PROGRESSING,NONE,1,0,"5.585,20.954;5.292,20.977;5.000,21.000",0,1,PASS_THROUGH,-1,0.5096908402879439,-0.2662970449504729,-0.8181082637262721,0.1063307350252946,4.128544917725985,4.389312409495681,0.0,0,0,0,DIRECT_LOCAL,PASS_THROUGH,0,CORRIDOR_CLEAR,1,10,5.0,21.0,2.0,5.0,21.0,2.0,1,
539,18.0,0.033333,5.613609313964844,20.96261978149414,2.744689464569092,1.9865614010255077,0.26416730880737305,-0.44996858831895903,0.04544889095783656,-0.05178734926162181,0.45521342434796375,5.0,21.0,2.0,0.5544372289858545,-0.2927205529219868,-0.7790468772875824,0.12015318216685984,-0.3988571763038635,0.03193772956728935,-0.03125869855284691,0.2947438955307007,direct,SAFE_PROGRESSING,NONE,1,0,"5.599,20.958;5.300,20.979;5.000,21.000",0,1,PASS_THROUGH,-1,0.5096908402879439,-0.2662970449504729,-0.8181082637262721,0.1063307350252946,4.212634491850982,4.401925161690464,0.0,0,0,0,DIRECT_LOCAL,PASS_THROUGH,0,CORRIDOR_CLEAR,1,10,5.0,21.0,2.0,5.0,21.0,2.0,1,
540,18.033333,0.033333,5.627884387969971,20.967487335205078,2.7429466247558594,1.9951327743876857,0.2501601278781891,-0.45077601135075546,0.042507068478420555,-0.051051639125636775,0.4556447444416974,5.0,21.0,2.0,0.5631447142149864,-0.29689692420987346,-0.7711810729306302,0.12294936696379563,-0.40053948760032654,0.030490539968013763,-0.030984485521912575,0.2639249861240387,direct,SAFE_PROGRESSING,NONE,1,0,"5.614,20.963;5.307,20.981;5.000,21.000",1,1,PASS_THROUGH,-1,0.8845910853173105,-0.46636746432093934,0.0,0.12294936696379563,4.155277867648581,4.414703645091567,0.0,0,0,0,DIRECT_LOCAL,PASS_THROUGH,0,CORRIDOR_CLEAR,1,10,5.0,21.0,2.0,5.0,21.0,2.0,1,
541,18.066667,0.033333,5.642096042633057,20.972566604614258,2.7412638664245605,2.0032201999782555,0.23496270179748535,-0.45088187282091663,0.039538329538588754,-0.05013180206778198,0.4553799955199641,5.0,21.0,2.0,0.5717435668466403,-0.3006848190304901,-0.7633465355748219,0.12574511967126067,-0.40115684270858765,0.02908831462264061,-0.030696390196681023,0.23748837411403656,direct,SAFE_PROGRESSING,NONE,1,0,"5.628,20.967;5.314,20.984;5.000,21.000",0,1,PASS_THROUGH,-1,0.5631447142149864,-0.29689692420987346,-0.7711810729306302,0.12294936696379563,4.168876081055577,4.42761856788835,0.0,0,0,0,DIRECT_LOCAL,PASS_THROUGH,0,CORRIDOR_CLEAR,1,10,5.0,21.0,2.0,5.0,21.0,2.0,1,
542,18.1,0.033333,5.656223297119141,20.977840423583984,2.739640712738037,2.0107838803269615,0.21870289742946625,-0.4504014488637823,0.036509060213108895,-0.04910569932622122,0.4545390481823932,5.0,21.0,2.0,0.5802360282007569,-0.3040611248539815,-0.7555613700622483,0.12853636359371967,-0.4009711742401123,0.027660077437758446,-0.030429838225245476,0.21354296803474426,direct,SAFE_PROGRESSING,NONE,1,0,"5.642,20.973;5.321,20.986;5.000,21.000",0,1,PASS_THROUGH,-1,0.5631447142149864,-0.29689692420987346,-0.7711810729306302,0.12294936696379563,4.182587032776115,4.440642430299958,0.0,0,0,0,DIRECT_LOCAL,PASS_THROUGH,0,CORRIDOR_CLEAR,1,10,5.0,21.0,2.0,5.0,21.0,2.0,1,
543,18.133333,0.033333,5.670249938964844,20.983291625976562,2.7380752563476562,2.0177950566904297,0.2018345445394516,-0.4493932789380398,0.03341178839585111,-0.04809692955345442,0.453193095038927,5.0,21.0,2.0,0.5886244453085845,-0.30700879354184973,-0.7478414692119844,0.1313194673319768,-0.4005579352378845,0.02611881121993065,-0.03025413490831852,0.1886470913887024,direct,SAFE_PROGRESSING,NONE,1,0,"5.656,20.978;5.328,20.989;5.000,21.000",0,1,PASS_THROUGH,-1,0.5631447142149864,-0.29689692420987346,-0.7711810729306302,0.12294936696379563,4.266754755412024,4.453750754632452,0.0,0,0,0,DIRECT_LOCAL,PASS_THROUGH,0,CORRIDOR_CLEAR,1,10,5.0,21.0,2.0,5.0,21.0,2.0,1,
544,18.166667,0.033333,5.684159755706787,20.988908767700195,2.7365643978118896,2.0242398991034882,0.18471191823482513,-0.44787775500341226,0.030255947402699705,-0.04719464896846443,0.4513726184333607,5.0,21.0,2.0,0.5969106177039223,-0.30952023035520626,-0.7401992579523313,0.13409163291494125,-0.40018999576568604,0.024488527327775955,-0.030235283076763153,0.16163739562034607,direct,SAFE_PROGRESSING,NONE,1,0,"5.670,20.983;5.335,20.992;5.000,21.000",0,1,PASS_THROUGH,-1,0.5631447142149864,-0.29689692420987346,-0.7711810729306302,0.12294936696379563,4.280510224498557,4.466923500308433,0.0,0,0,0,DIRECT_LOCAL,PASS_THROUGH,0,CORRIDOR_CLEAR,1,10,5.0,21.0,2.0,5.0,21.0,2.0,1,
545,18.2,0.033333,5.697939872741699,20.994674682617188,2.735102415084839,2.0301124050246773,0.16742675006389618,-0.44587847417621884,0.02705663521883104,-0.046407475808548454,0.4491028045492468,5.0,21.0,2.0,0.6050974191336309,-0.31158739105440825,-0.7326461704627455,0.1368499304731572,-0.3998549282550812,0.022855788469314575,-0.03034665808081627,0.1340186893939972,direct,SAFE_PROGRESSING,NONE,1,0,"5.684,20.989;5.342,20.994;5.000,21.000",0,1,PASS_THROUGH,-1,0.5631447142149864,-0.29689692420987346,-0.7711810729306302,0.12294936696379563,4.294309248477081,4.480138340253305,0.0,0,0,0,DIRECT_LOCAL,PASS_THROUGH,0,CORRIDOR_CLEAR,1,10,5.0,21.0,2.0,5.0,21.0,2.0,1,
546,18.233333,0.033333,5.711577892303467,21.000574111938477,2.7336843013763428,2.0354071087731196,0.14995138347148895,-0.4434487721208478,0.023830447380663394,-0.04570110536942277,0.44643397580139127,5.0,21.0,2.0,0.6131879290558422,-0.3132090128019964,-0.7251900978087099,0.139592037733952,-0.399509072303772,0.02124512568116188,-0.03059275820851326,0.10653682053089142,direct,SAFE_PROGRESSING,NONE,1,0,"5.698,20.995;5.349,20.997;5.000,21.000",1,1,PASS_THROUGH,-1,0.8905512750785467,-0.4548828711393455,0.0,0.139592037733952,4.308129685933185,4.493374756543706,0.0,0,0,0,DIRECT_LOCAL,PASS_THROUGH,0,CORRIDOR_CLEAR,1,10,5.0,21.0,2.0,5.0,21.0,2.0,1,
547,18.266667,0.033333,5.725063323974609,21.006595611572266,2.7323029041290283,2.0401170313412,0.13228106498718262,-0.44067118011842304,0.020597759513853283,-0.045037956191691896,0.44344534520262907,5.0,21.0,2.0,0.6211863917059183,-0.31438102603519286,-0.7178384478616626,0.14231562478091603,-0.39893847703933716,0.01976965181529522,-0.030927835032343864,0.08178044855594635,direct,SAFE_PROGRESSING,NONE,1,0,"5.712,21.001;5.356,21.000;5.000,21.000",0,1,PASS_THROUGH,-1,0.6131879290558422,-0.3132090128019964,-0.7251900978087099,0.139592037733952,4.321951133813357,4.506616415976043,0.0,0,0,0,DIRECT_LOCAL,PASS_THROUGH,0,CORRIDOR_CLEAR,1,10,5.0,21.0,2.0,5.0,21.0,2.0,1,
548,18.3,0.033333,5.7383904457092285,21.012718200683594,2.7309532165527344,2.044238293726053,0.11456818133592606,-0.43763755891746703,0.01738711680005214,-0.044402963905116395,0.44022785919273355,5.0,21.0,2.0,0.629099354292643,-0.31509876441198065,-0.7105960674635222,0.14501866443532316,-0.3982922434806824,0.01838432066142559,-0.03132862597703934,0.05867233872413635,direct,SAFE_PROGRESSING,NONE,1,0,"5.725,21.007;5.363,21.003;5.000,21.000",0,1,PASS_THROUGH,-1,0.6131879290558422,-0.3132090128019964,-0.7251900978087099,0.139592037733952,4.335757278623494,4.5198427300159185,0.0,0,0,0,DIRECT_LOCAL,PASS_THROUGH,0,CORRIDOR_CLEAR,1,10,5.0,21.0,2.0,5.0,21.0,2.0,1,
549,18.333333,0.033333,5.751555442810059,21.01893424987793,2.7296299934387207,2.0477732929447567,0.097063809633255,-0.43443218835444974,0.01423492645558319,-0.043803344832605576,0.436866904706864,5.0,21.0,2.0,0.6369278967748652,-0.3153703757250788,-0.7034659767358826,0.14769999362807046,-0.3978564739227295,0.017050324007868767,-0.031800806522369385,0.034601978957653046,direct,SAFE_PROGRESSING,NONE,1,0,"5.738,21.013;5.369,21.006;5.000,21.000",0,1,PASS_THROUGH,-1,0.6131879290558422,-0.3132090128019964,-0.7251900978087099,0.139592037733952,4.3495285172012155,4.533044657851833,0.0,0,0,0,DIRECT_LOCAL,PASS_THROUGH,0,CORRIDOR_CLEAR,1,10,5.0,21.0,2.0,5.0,21.0,2.0,1,
550,18.366667,0.033333,5.764559268951416,21.025226593017578,2.7283289432525635,2.050731417871949,0.07988399267196655,-0.4311330325924129,0.011178796646826526,-0.04323815091310947,0.4334399554507943,5.0,21.0,2.0,0.6446769608136966,-0.3151975507434397,-0.6964496537448721,0.15035878284102505,-0.3976181745529175,0.01591312512755394,-0.03231867402791977,0.011501310393214226,direct,SAFE_PROGRESSING,NONE,1,0,"5.752,21.019;5.376,21.009;5.000,21.000",0,1,PASS_THROUGH,-1,0.6131879290558422,-0.3132090128019964,-0.7251900978087099,0.139592037733952,4.363256077162847,4.546208935929142,0.0,0,0,0,DIRECT_LOCAL,PASS_THROUGH,0,CORRIDOR_CLEAR,1,10,5.0,21.0,2.0,5.0,21.0,2.0,1,
551,18.4,0.033333,5.777405261993408,21.031587600708008,2.7270448207855225,2.0531240827858532,0.0630650594830513,-0.4278159081614515,0.008256505045749742,-0.04270038439018248,0.43002086458525157,5.0,21.0,2.0,0.6523473974779673,-0.3145927080877984,-0.6895464458770765,0.15299506616029135,-0.39743638038635254,0.015006760135293007,-0.03286580741405487,-0.010013347491621971,direct,SAFE_PROGRESSING,NONE,1,0,"5.765,21.025;5.382,21.013;5.000,21.000",0,1,PASS_THROUGH,-1,0.6131879290558422,-0.3132090128019964,-0.7251900978087099,0.139592037733952,4.376927922437572,4.559331220404673,0.0,0,0,0,DIRECT_LOCAL,PASS_THROUGH,0,CORRIDOR_CLEAR,1,10,5.0,21.0,2.0,5.0,21.0,2.0,1,
552,18.433333,0.033333,5.790098190307617,21.038000106811523,2.7257742881774902,2.0549640023598044,0.04668718948960304,-0.42454944929632626,0.005509139368274164,-0.04219513102326971,0.42667670969536636,5.0,21.0,2.0,0.6599440910548668,-0.31356208712716405,-0.6827536995126592,0.15560934649223718,-0.3971928060054779,0.014341120608150959,-0.033430490642786026,-0.03017451986670494,direct,SAFE_PROGRESSING,NONE,1,0,"5.777,21.032;5.389,21.016;5.000,21.000",1,1,PASS_THROUGH,-1,0.9032304796284985,-0.42915579999584375,0.0,0.15560934649223718,4.390540492192436,4.5724008385684085,0.0,0,0,0,DIRECT_LOCAL,PASS_THROUGH,0,CORRIDOR_CLEAR,1,10,5.0,21.0,2.0,5.0,21.0,2.0,1,
553,18.466667,0.033333,5.802647113800049,21.04445457458496,2.724513530731201,2.0562676215850226,0.030852338299155235,-0.42138496236556233,0.002979738279594633,-0.04174266181406771,0.42345792608400284,5.0,21.0,2.0,0.6674654370037918,-0.3121227776201896,-0.6760689773210977,0.15820229561483093,-0.39686259627342224,0.013892590999603271,-0.03400927037000656,-0.04996032267808914,direct,SAFE_PROGRESSING,NONE,1,0,"5.790,21.038;5.395,21.019;5.000,21.000",0,1,PASS_THROUGH,-1,0.6599440910548668,-0.31356208712716405,-0.6827536995126592,0.15560934649223718,4.404084615949285,4.585415800760903,0.0,0,0,0,DIRECT_LOCAL,PASS_THROUGH,0,CORRIDOR_CLEAR,1,10,5.0,21.0,2.0,5.0,21.0,2.0,1,
554,18.5,0.033333,5.815062522888184,21.050939559936523,2.723259687423706,2.0570536196082654,0.015608735382556915,-0.4183505708190691,0.00070938502455871,-0.04136606803388977,0.4203913116565782,5.0,21.0,2.0,0.6749131500540961,-0.3102884445436583,-0.6694873569132834,0.16077544569903432,-0.3964453935623169,0.013663451187312603,-0.034593917429447174,-0.06935054063796997,direct,SAFE_PROGRESSING,NONE,1,0,"5.803,21.044;5.401,21.022;5.000,21.000",0,1,PASS_THROUGH,-1,0.6599440910548668,-0.31356208712716405,-0.6827536995126592,0.15560934649223718,4.417559613442876,4.598373651743912,0.0,0,0,0,DIRECT_LOCAL,PASS_THROUGH,0,CORRIDOR_CLEAR,1,10,5.0,21.0,2.0,5.0,21.0,2.0,1,
555,18.533333,0.033333,5.827355861663818,21.057449340820312,2.7220096588134766,2.0573415213002035,0.0009410151396878064,-0.4154533356641195,-0.0012675629095179127,-0.04107631847062478,0.4174809513849385,5.0,21.0,2.0,0.6822869564660022,-0.30807557251760054,-0.6630037335146101,0.1633305550083483,-0.39591556787490845,0.013642511330544949,-0.03516614809632301,-0.08791014552116394,direct,SAFE_PROGRESSING,NONE,1,0,"5.815,21.051;5.408,21.025;5.000,21.000",0,1,PASS_THROUGH,-1,0.6599440910548668,-0.31356208712716405,-0.6827536995126592,0.15560934649223718,4.430964559570595,4.611276998595019,0.0,0,0,0,DIRECT_LOCAL,PASS_THROUGH,0,CORRIDOR_CLEAR,1,10,5.0,21.0,2.0,5.0,21.0,2.0,1,
556,18.566667,0.033333,5.83953857421875,21.0639591217041,2.7207603454589844,2.0571497159344254,-0.013175918720662594,-0.41268548417108675,-0.0029258856553055256,-0.040866300556953616,0.4147142681095062,5.0,21.0,2.0,0.6895886708135275,-0.3054959377192418,-0.6566122882818091,0.16586960524341615,-0.3952651023864746,0.013806250877678394,-0.03569849580526352,-0.10513007640838623,direct,SAFE_PROGRESSING,NONE,1,0,"5.827,21.057;5.414,21.029;5.000,21.000",0,1,PASS_THROUGH,-1,0.6599440910548668,-0.31356208712716405,-0.6827536995126592,0.15560934649223718,4.444303283689584,4.624113949421135,0.0,0,0,0,DIRECT_LOCAL,PASS_THROUGH,0,CORRIDOR_CLEAR,1,10,5.0,21.0,2.0,5.0,21.0,2.0,1,
557,18.6,0.033333,5.851622104644775,21.070466995239258,2.719511032104492,2.0564960005651507,-0.026730693876743317,-0.41003151600434534,-0.0042499863661458704,-0.04071994344573451,0.41207040696361347,5.0,21.0,2.0,0.6968119432851008,-0.30257697958537144,-0.6503078402727706,0.16839427387537992,-0.3944634199142456,0.014102351851761341,-0.03618451580405235,-0.1211676299571991,direct,SAFE_PROGRESSING,NONE,1,0,"5.840,21.064;5.420,21.032;5.000,21.000",0,1,PASS_THROUGH,-1,0.6599440910548668,-0.31356208712716405,-0.6827536995126592,0.15560934649223718,4.457566345897003,4.636890172432307,0.0,0,0,0,DIRECT_LOCAL,PASS_THROUGH,0,CORRIDOR_CLEAR,1,10,5.0,21.0,2.0,5.0,21.0,2.0,1,
558,18.633333,0.033333,5.86361837387085,21.076950073242188,2.71826171875,2.0553999541567025,-0.039685219526290894,-0.40747326636338826,-0.005235276153880681,-0.04062226151370663,0.4095266035897352,5.0,21.0,2.0,0.7039572513917733,-0.29932862277829453,-0.6440858357382107,0.1709065015191226,-0.39348167181015015,0.014496720395982265,-0.03662261739373207,-0.13592994213104248,direct,SAFE_PROGRESSING,NONE,1,0,"5.852,21.070;5.426,21.035;5.000,21.000",1,1,PASS_THROUGH,-1,0.9202618258574248,-0.39130317130015546,0.0,0.1709065015191226,4.4707603793233615,4.649595698697727,0.0,0,0,0,DIRECT_LOCAL,PASS_THROUGH,0,CORRIDOR_CLEAR,1,10,5.0,21.0,2.0,5.0,21.0,2.0,1,
559,18.666667,0.033333,5.875537395477295,21.083396911621094,2.7170121669769287,2.0538819395085284,-0.05199297145009041,-0.40499175317587743,-0.005887801445926921,-0.040562025552618605,0.40706051670884125,5.0,21.0,2.0,0.7110161297069105,-0.2957788858933608,-0.6379427199649574,0.17340795938587233,-0.3922885060310364,0.014957319013774395,-0.037013549357652664,-0.14936232566833496,direct,SAFE_PROGRESSING,NONE,1,0,"5.864,21.077;5.432,21.038;5.000,21.000",0,1,PASS_THROUGH,-1,0.7039572513917733,-0.29932862277829453,-0.6440858357382107,0.1709065015191226,4.483877765219481,4.6622281306559294,0.0,0,0,0,DIRECT_LOCAL,PASS_THROUGH,0,CORRIDOR_CLEAR,1,10,5.0,21.0,2.0,5.0,21.0,2.0,1,
560,18.7,0.033333,5.887389183044434,21.089799880981445,2.715759754180908,2.051964419263856,-0.06360283493995667,-0.4025669889603332,-0.00622301593696188,-0.04053172266701051,0.4046501292107741,5.0,21.0,2.0,0.7179831373646397,-0.2919480929329871,-0.6318754034561092,0.1759000597779434,-0.3908637762069702,0.015451180748641491,-0.03735647723078728,-0.16148871183395386,direct,SAFE_PROGRESSING,NONE,1,0,"5.876,21.083;5.438,21.042;5.000,21.000",0,1,PASS_THROUGH,-1,0.7039572513917733,-0.29932862277829453,-0.6440858357382107,0.1709065015191226,4.49691757711647,4.674788031214921,0.0,0,0,0,DIRECT_LOCAL,PASS_THROUGH,0,CORRIDOR_CLEAR,1,10,5.0,21.0,2.0,5.0,21.0,2.0,1,
561,18.733333,0.033333,5.899182319641113,21.096141815185547,2.7145073413848877,2.049671262066625,-0.07446670532226562,-0.40017680227191993,-0.006263891695464019,-0.040527384207484196,0.4022725174386797,5.0,21.0,2.0,0.7248545484369455,-0.287855501524362,-0.6258794563271987,0.17838425724357504,-0.38919076323509216,0.015939923003315926,-0.03765393793582916,-0.17255938053131104,direct,SAFE_PROGRESSING,NONE,1,0,"5.887,21.090;5.444,21.045;5.000,21.000",0,1,PASS_THROUGH,-1,0.7039572513917733,-0.29932862277829453,-0.6440858357382107,0.1709065015191226,4.509881596572598,4.687267830375664,0.0,0,0,0,DIRECT_LOCAL,PASS_THROUGH,0,CORRIDOR_CLEAR,1,10,5.0,21.0,2.0,5.0,21.0,2.0,1,
562,18.766667,0.033333,5.910922527313232,21.102415084838867,2.7132527828216553,2.047027674790313,-0.08455639332532883,-0.3977960233865075,-0.006039353703146282,-0.04054638681419689,0.3999026875365517,5.0,21.0,2.0,0.7316202165663656,-0.2835283768069557,-0.6199544485335978,0.18086150420499605,-0.3872964382171631,0.01638958416879177,-0.0379074290394783,-0.18280495703220367,direct,SAFE_PROGRESSING,NONE,1,0,"5.899,21.096;5.450,21.048;5.000,21.000",0,1,PASS_THROUGH,-1,0.7039572513917733,-0.29932862277829453,-0.6440858357382107,0.1709065015191226,4.522696758200387,4.6996654082553135,0.0,0,0,0,DIRECT_LOCAL,PASS_THROUGH,0,CORRIDOR_CLEAR,1,10,5.0,21.0,2.0,5.0,21.0,2.0,1,
563,18.8,0.033333,5.922616004943848,21.108604431152344,2.7119970321655273,2.0440595804694053,-0.09387686848640442,-0.39539850049991115,-0.005582260215042653,-0.040575548056581846,0.39751416443540555,5.0,21.0,2.0,0.7382745497264847,-0.2789877405993473,-0.6140981434766173,0.18333234306791357,-0.3852439224720001,0.016873158514499664,-0.03809410333633423,-0.19082187116146088,direct,SAFE_PROGRESSING,NONE,1,0,"5.911,21.102;5.455,21.051;5.000,21.000",0,1,PASS_THROUGH,-1,0.7039572513917733,-0.29932862277829453,-0.6440858357382107,0.1709065015191226,4.535375961016206,4.711973197454993,0.0,0,0,0,DIRECT_LOCAL,PASS_THROUGH,0,CORRIDOR_CLEAR,1,10,5.0,21.0,2.0,5.0,21.0,2.0,1,
564,18.833333,0.033333,5.934267997741699,21.114702224731445,2.7107412815093994,2.0407931183035055,-0.10239117592573166,-0.39296098582906996,-0.004925018302748646,-0.04059730923053038,0.39508319846052203,5.0,21.0,2.0,0.7448084849251971,-0.2742610638718422,-0.6083101097526801,0.1857972244189315,-0.3829606771469116,0.01728585734963417,-0.03821709007024765,-0.19803526997566223,direct,SAFE_PROGRESSING,NONE,1,0,"5.923,21.109;5.461,21.054;5.000,21.000",1,1,PASS_THROUGH,-1,0.9384011653299961,-0.34554775778075236,0.0,0.1857972244189315,4.5479660457782165,4.724188849779386,0.0,0,0,0,DIRECT_LOCAL,PASS_THROUGH,0,CORRIDOR_CLEAR,1,10,5.0,21.0,2.0,5.0,21.0,2.0,1,
565,18.866667,0.033333,5.945878505706787,21.12070083618164,2.7094881534576416,2.0372557444043338,-0.11006616055965424,-0.3904640875451022,-0.0040986123768979804,-0.04060621720546228,0.39259122145252107,5.0,21.0,2.0,0.7512152336495974,-0.2693712038783367,-0.6025900988681413,0.18825655812880748,-0.3805654048919678,0.01761401817202568,-0.03830055892467499,-0.20492896437644958,direct,SAFE_PROGRESSING,NONE,1,0,"5.934,21.115;5.467,21.057;5.000,21.000",0,1,PASS_THROUGH,-1,0.7448084849251971,-0.2742610638718422,-0.6083101097526801,0.1857972244189315,4.560465250126172,4.73630662845111,0.0,0,0,0,DIRECT_LOCAL,PASS_THROUGH,0,CORRIDOR_CLEAR,1,10,5.0,21.0,2.0,5.0,21.0,2.0,1,
566,18.9,0.033333,5.957449913024902,21.126590728759766,2.7082366943359375,2.0334751112856146,-0.11694497615098953,-0.38789480755866923,-0.0031350566083506925,-0.04059918317778076,0.3900262862751915,5.0,21.0,2.0,0.7574865087571028,-0.2643406396595658,-0.5969407133672049,0.19070971023134103,-0.37814098596572876,0.017887039110064507,-0.03835586458444595,-0.21121695637702942,direct,SAFE_PROGRESSING,NONE,1,0,"5.946,21.121;5.473,21.060;5.000,21.000",0,1,PASS_THROUGH,-1,0.7448084849251971,-0.2742610638718422,-0.6083101097526801,0.1857972244189315,4.572868179057638,4.748320927255198,0.0,0,0,0,DIRECT_LOCAL,PASS_THROUGH,0,CORRIDOR_CLEAR,1,10,5.0,21.0,2.0,5.0,21.0,2.0,1,
567,18.933333,0.033333,5.968982696533203,21.132362365722656,2.7069880962371826,2.029476652463835,-0.12310810387134552,-0.38525057902752985,-0.0020668792005253053,-0.04056616175055366,0.38738597562360044,5.0,21.0,2.0,0.7636165448912507,-0.25919329327582086,-0.5913616567627483,0.19315647010227968,-0.3757018446922302,0.018132541328668594,-0.03838071972131729,-0.21651197969913483,direct,SAFE_PROGRESSING,NONE,1,0,"5.957,21.127;5.479,21.063;5.000,21.000",0,1,PASS_THROUGH,-1,0.7448084849251971,-0.2742610638718422,-0.6083101097526801,0.1857972244189315,4.5851697622179595,4.76022492300403,0.0,0,0,0,DIRECT_LOCAL,PASS_THROUGH,0,CORRIDOR_CLEAR,1,10,5.0,21.0,2.0,5.0,21.0,2.0,1,
568,18.966667,0.033333,5.980475902557373,21.138011932373047,2.7057430744171143,2.0252828769956426,-0.12861713767051697,-0.3825400729814789,-0.0009240194850940615,-0.04049593131833039,0.38467867331322525,5.0,21.0,2.0,0.769599617861752,-0.25395073232593135,-0.5858544646396139,0.1955962435263475,-0.3732353150844574,0.018346184864640236,-0.03837478160858154,-0.22090964019298553,direct,SAFE_PROGRESSING,NONE,1,0,"5.969,21.132;5.484,21.066;5.000,21.000",0,1,PASS_THROUGH,-1,0.7448084849251971,-0.2742610638718422,-0.6083101097526801,0.1857972244189315,4.5973636250021155,4.772015208426942,0.0,0,0,0,DIRECT_LOCAL,PASS_THROUGH,0,CORRIDOR_CLEAR,1,10,5.0,21.0,2.0,5.0,21.0,2.0,1,
569,19.0,0.033333,5.991927623748779,21.14354133605957,2.7045021057128906,2.020915028626231,-0.13350790739059448,-0.3797796234870464,0.0002680413547871677,-0.04038480920596564,0.3819208911237153,5.0,21.0,2.0,0.7754323889936807,-0.24862943794628242,-0.5804205481252958,0.19802830999360044,-0.37076160311698914,0.018527472391724586,-0.03834395855665207,-0.22454559803009033,direct,SAFE_PROGRESSING,NONE,1,0,"5.980,21.138;5.490,21.069;5.000,21.000",0,1,PASS_THROUGH,-1,0.7448084849251971,-0.2742610638718422,-0.6083101097526801,0.1857972244189315,4.609446498705826,4.78369208270157,0.0,0,0,0,DIRECT_LOCAL,PASS_THROUGH,0,CORRIDOR_CLEAR,1,10,5.0,21.0,2.0,5.0,21.0,2.0,1,
570,19.033333,0.033333,6.003337860107422,21.14893913269043,2.703266143798828,2.0163932342751663,-0.13780824840068817,-0.37698793891476357,0.0014887734543622333,-0.04023539092444358,0.3791319153229423,5.0,21.0,2.0,0.7811136617894091,-0.24324103084948195,-0.5750610822140739,0.2004519419625229,-0.36830729246139526,0.018730049952864647,-0.0382898785173893,-0.22690248489379883,direct,SAFE_PROGRESSING,NONE,1,0,"5.992,21.144;5.661,21.096;5.331,21.048;5.000,21.000",1,1,PASS_THROUGH,-1,0.9547777277615378,-0.29732051824674843,0.0,0.2004519419625229,4.6214185322212975,4.795247006354996,0.0,0,0,0,DIRECT_LOCAL,PASS_THROUGH,0,BYPASS_VISIBLE,1,10,5.0,21.0,2.0,5.0,21.0,2.0,1,
571,19.066667,0.033333,6.014706611633301,21.154207229614258,2.7020349502563477,2.0117371632017647,-0.14151865243911743,-0.3741828908813009,0.0027238195397566068,-0.040049266869614936,0.3763299068609435,5.0,21.0,2.0,0.7866392171901567,-0.23780772426070312,-0.5697773497256651,0.20286643160183182,-0.36581951379776,0.018948573619127274,-0.03820040449500084,-0.22797277569770813,direct,SAFE_PROGRESSING,NONE,1,0,"6.003,21.149;5.669,21.099;5.334,21.050;5.000,21.000",0,1,PASS_THROUGH,-1,0.7811136617894091,-0.24324103084948195,-0.5750610822140739,0.2004519419625229,4.63327169861693,4.806681541070344,0.0,0,0,0,DIRECT_LOCAL,PASS_THROUGH,0,BYPASS_VISIBLE,1,10,5.0,21.0,2.0,5.0,21.0,2.0,1,
572,19.1,0.033333,6.026034355163574,21.15934181213379,2.7008097171783447,2.006967011071483,-0.14460742473602295,-0.3713776968327592,0.0039646719953205616,-0.039833415442903586,0.37352886543703984,5.0,21.0,2.0,0.7920092443951036,-0.2323425320304195,-0.5645691318185849,0.20527146682942946,-0.363263338804245,0.01910555176436901,-0.03808418661355972,-0.22882385551929474,direct,SAFE_PROGRESSING,NONE,1,0,"6.015,21.154;5.676,21.103;5.338,21.051;5.000,21.000",0,1,PASS_THROUGH,-1,0.7811136617894091,-0.24324103084948195,-0.5750610822140739,0.2004519419625229,4.645007500131437,4.81799324528319,0.0,0,0,0,DIRECT_LOCAL,PASS_THROUGH,0,BYPASS_VISIBLE,1,10,5.0,21.0,2.0,5.0,21.0,2.0,1,
573,19.133333,0.033333,6.037319183349609,21.164344787597656,2.6995909214019775,2.002104112802609,-0.14708006381988525,-0.3685783136033323,0.005203733266726178,-0.039603361820903675,0.3707364001094376,5.0,21.0,2.0,0.7972219999971465,-0.22686407007099446,-0.559437017394606,0.20766668592434478,-0.36076632142066956,0.019221266731619835,-0.03796021640300751,-0.22939446568489075,direct,SAFE_PROGRESSING,NONE,1,0,"6.026,21.159;5.684,21.106;5.342,21.053;5.000,21.000",0,1,PASS_THROUGH,-1,0.7811136617894091,-0.24324103084948195,-0.5750610822140739,0.2004519419625229,4.656623704546993,4.82918243066322,0.0,0,0,0,DIRECT_LOCAL,PASS_THROUGH,0,BYPASS_VISIBLE,1,10,5.0,21.0,2.0,5.0,21.0,2.0,1,
574,19.166667,0.033333,6.048560619354248,21.16921615600586,2.698378324508667,1.9971678330286013,-0.1489938646554947,-0.3657871030325725,0.006430883944510431,-0.039370098408277585,0.36795592896697177,5.0,21.0,2.0,0.8022777651841798,-0.2213851421740357,-0.5543816431986723,0.2100514505882422,-0.35837191343307495,0.019306151196360588,-0.037838663905858994,-0.22964058816432953,direct,SAFE_PROGRESSING,NONE,1,0,"6.037,21.164;5.692,21.110;5.346,21.055;5.000,21.000",0,1,PASS_THROUGH,-1,0.7811136617894091,-0.24324103084948195,-0.5750610822140739,0.2004519419625229,4.597660255692516,4.840248906737217,0.0,0,0,0,DIRECT_LOCAL,PASS_THROUGH,0,BYPASS_VISIBLE,1,10,5.0,21.0,2.0,5.0,21.0,2.0,1,
575,19.2,0.033333,6.059757709503174,21.1739559173584,2.697172164916992,1.9921755480355638,-0.15042230486869812,-0.3630101464573917,0.00763356299060965,-0.039132442230466045,0.36519308009581636,5.0,21.0,2.0,0.8071775503306889,-0.21591910784116444,-0.5494027130541165,0.21242537324095384,-0.35612112283706665,0.019384363666176796,-0.03771572932600975,-0.22923508286476135,direct,SAFE_PROGRESSING,NONE,1,0,"6.049,21.169;5.699,21.113;5.350,21.056;5.000,21.000",0,1,PASS_THROUGH,-1,0.7811136617894091,-0.24324103084948195,-0.5750610822140739,0.2004519419625229,4.609105641948753,4.851192168563354,0.0,0,0,0,DIRECT_LOCAL,PASS_THROUGH,0,BYPASS_VISIBLE,1,10,5.0,21.0,2.0,5.0,21.0,2.0,1,
576,19.233333,0.033333,6.070910453796387,21.17856788635254,2.695972442626953,1.9871424455047628,-0.15142083168029785,-0.36026184712096554,0.008799425791679173,-0.0388793829218862,0.36246052861195793,5.0,21.0,2.0,0.8119227750865183,-0.21047772800432932,-0.5445002601559917,0.21478799445363936,-0.35402730107307434,0.019499514251947403,-0.037582818418741226,-0.22769710421562195,local_avoidance,SAFE_PROGRESSING,NONE,1,0,"6.060,21.174;5.703,21.147;5.346,21.120;4.989,21.093",1,1,PASS_THROUGH,-1,0.9680029132911615,-0.2509389564412511,0.0,0.21478799445363936,4.620431565631714,4.862015204999742,0.0,0,0,0,DIRECT_LOCAL,PASS_THROUGH,0,BYPASS_VISIBLE,1,10,5.0,21.0,2.0,5.0,21.0,2.0,1,
577,19.266667,0.033333,6.08201789855957,21.18305015563965,2.6947786808013916,1.9820826624397851,-0.15199516713619232,-0.35756415770401284,0.009919632085685779,-0.038609507070133914,0.3597794046516481,5.0,21.0,2.0,0.8165163515775262,-0.20506955633521004,-0.5396735352701721,0.217139189469501,-0.3518648147583008,0.019527029246091843,-0.03745872899889946,-0.22664296627044678,local_avoidance,SAFE_PROGRESSING,NONE,1,0,"6.071,21.179;5.710,21.150;5.349,21.122;4.989,21.094",0,1,PASS_THROUGH,-1,0.8119227750865183,-0.21047772800432932,-0.5445002601559917,0.21478799445363936,4.631640836563326,4.8727160711730075,0.0,0,0,0,DIRECT_LOCAL,PASS_THROUGH,0,BYPASS_VISIBLE,1,10,5.0,21.0,2.0,5.0,21.0,2.0,1,
578,19.3,0.033333,6.093080520629883,21.187406539916992,2.6935911178588867,1.9770100578900462,-0.15218359231948853,-0.35493715683642785,0.010986793001208778,-0.03833584092413046,0.35717045177749324,5.0,21.0,2.0,0.8209600218724948,-0.19970722788298864,-0.5349221117306749,0.21947848115776342,-0.3498496413230896,0.01955876313149929,-0.03734339401125908,-0.22500893473625183,direct,SAFE_PROGRESSING,NONE,1,0,"6.082,21.183;5.721,21.122;5.361,21.061;5.000,21.000",0,1,PASS_THROUGH,-1,0.8119227750865183,-0.21047772800432932,-0.5445002601559917,0.21478799445363936,4.642731586598874,4.883298063187696,0.0,0,0,0,DIRECT_LOCAL,PASS_THROUGH,0,BYPASS_VISIBLE,1,10,5.0,21.0,2.0,5.0,21.0,2.0,1,
579,19.333333,0.033333,6.104099750518799,21.19164276123047,2.692408323287964,1.971936628319754,-0.15204091370105743,-0.3523956134659404,0.011994753755929366,-0.0380576793661052,0.3546476130843618,5.0,21.0,2.0,0.8252572797745196,-0.1943980439101317,-0.5302450591029346,0.2218058823191265,-0.3480043411254883,0.019637195393443108,-0.03720936179161072,-0.22206377983093262,direct,SAFE_PROGRESSING,NONE,1,0,"6.093,21.187;5.729,21.125;5.364,21.062;5.000,21.000",0,1,PASS_THROUGH,-1,0.8119227750865183,-0.21047772800432932,-0.5445002601559917,0.21478799445363936,4.6537069602750325,4.893766530663325,0.0,0,0,0,DIRECT_LOCAL,PASS_THROUGH,0,BYPASS_VISIBLE,1,10,5.0,21.0,2.0,5.0,21.0,2.0,1,
580,19.366667,0.033333,6.115074157714844,21.19576072692871,2.6912310123443604,1.9668734636722005,-0.15155550837516785,-0.3499525937616548,0.012941780626148047,-0.037761882132031875,0.35222190066553016,5.0,21.0,2.0,0.8294128613123092,-0.18914766999273339,-0.5256400521517061,0.22412168186301945,-0.3462619185447693,0.019737333059310913,-0.03703882172703743,-0.2180291712284088,direct,SAFE_PROGRESSING,NONE,1,0,"6.104,21.192;5.736,21.128;5.368,21.064;5.000,21.000",0,1,PASS_THROUGH,-1,0.8119227750865183,-0.21047772800432932,-0.5445002601559917,0.21478799445363936,4.664572105549251,4.90412206103311,0.0,0,0,0,DIRECT_LOCAL,PASS_THROUGH,0,BYPASS_VISIBLE,1,10,5.0,21.0,2.0,5.0,21.0,2.0,1,
581,19.4,0.033333,6.126007556915283,21.19976043701172,2.6900596618652344,1.9618327936869333,-0.15066750347614288,-0.34762099317596185,0.013832524544178895,-0.037431885663245554,0.3499040435551063,5.0,21.0,2.0,0.8334292319044668,-0.1839649909511627,-0.5211070883335488,0.2264254967454969,-0.3448708653450012,0.019966736435890198,-0.03681688755750656,-0.21176767349243164,direct,SAFE_PROGRESSING,NONE,1,0,"6.115,21.196;5.743,21.131;5.372,21.065;5.000,21.000",0,1,PASS_THROUGH,-1,0.8119227750865183,-0.21047772800432932,-0.5445002601559917,0.21478799445363936,4.675327451996605,4.914367287814243,0.0,0,0,0,DIRECT_LOCAL,PASS_THROUGH,0,BYPASS_VISIBLE,1,10,5.0,21.0,2.0,5.0,21.0,2.0,1,
582,19.433333,0.033333,6.136900901794434,21.203651428222656,2.6888949871063232,1.9568303557511677,-0.14925502240657806,-0.345418481533445,0.014678822071058369,-0.03706150216727667,0.3477110152772842,5.0,21.0,2.0,0.8373088854493769,-0.17886426674108033,-0.5166443693980399,0.22871792675043534,-0.34344467520713806,0.020148513838648796,-0.036575622856616974,-0.2054469883441925,direct,SAFE_PROGRESSING,NONE,1,0,"6.126,21.200;5.751,21.133;5.375,21.067;5.000,21.000",1,1,PASS_THROUGH,-1,0.9779359922975646,-0.20890475094879438,0.0,0.22871792675043534,4.685975877265663,4.92451008353887,0.0,0,0,0,DIRECT_LOCAL,PASS_THROUGH,0,BYPASS_VISIBLE,1,10,5.0,21.0,2.0,5.0,21.0,2.0,1,
583,19.466667,0.033333,6.147756576538086,21.207439422607422,2.687737226486206,1.9518854361903581,-0.14724093675613403,-0.3433613546520267,0.015493522458626615,-0.03668060658891298,0.3456624596429028,5.0,21.0,2.0,0.8410550030852675,-0.17385562489911555,-0.5122506256474256,0.23099935625175444,-0.34200742840766907,0.020226072520017624,-0.03636288270354271,-0.1999381184577942,direct,SAFE_PROGRESSING,NONE,1,0,"6.137,21.204;5.758,21.136;5.379,21.068;5.000,21.000",0,1,PASS_THROUGH,-1,0.8373088854493769,-0.17886426674108033,-0.5166443693980399,0.22871792675043534,4.695816802243983,4.9345564024060975,0.0,0,0,0,DIRECT_LOCAL,PASS_THROUGH,0,BYPASS_VISIBLE,1,10,5.0,21.0,2.0,5.0,21.0,2.0,1,
584,19.5,0.033333,6.158578872680664,21.211124420166016,2.6865861415863037,1.9470171134984184,-0.14469239115715027,-0.34145422108640744,0.016280631627648968,-0.036328043170352,0.34376702981017154,5.0,21.0,2.0,0.8446704914029707,-0.16895232831282017,-0.5079240806564903,0.23327033870924332,-0.34071117639541626,0.02024424821138382,-0.03619247302412987,-0.19483622908592224,direct,SAFE_PROGRESSING,NONE,1,0,"6.148,21.207;5.765,21.138;5.383,21.069;5.000,21.000",0,1,PASS_THROUGH,-1,0.8373088854493769,-0.17886426674108033,-0.5166443693980399,0.22871792675043534,4.706123448718556,4.944509192505581,0.0,0,0,0,DIRECT_LOCAL,PASS_THROUGH,0,BYPASS_VISIBLE,1,10,5.0,21.0,2.0,5.0,21.0,2.0,1,
585,19.533333,0.033333,6.169369697570801,21.214712142944336,2.6854405403137207,1.9422408591915021,-0.14175476133823395,-0.3396927595103127,0.017032995275208563,-0.03601916188700686,0.3420214522728346,5.0,21.0,2.0,0.8481583692646986,-0.16416919534893534,-0.5036624424599576,0.23553161359039976,-0.339601993560791,0.020270755514502525,-0.036048438400030136,-0.1893431693315506,direct,SAFE_PROGRESSING,NONE,1,0,"6.159,21.211;5.772,21.141;5.386,21.070;5.000,21.000",0,1,PASS_THROUGH,-1,0.8373088854493769,-0.17886426674108033,-0.5166443693980399,0.22871792675043534,4.71633878390698,4.954374091342686,0.0,0,0,0,DIRECT_LOCAL,PASS_THROUGH,0,BYPASS_VISIBLE,1,10,5.0,21.0,2.0,5.0,21.0,2.0,1,
586,19.566667,0.033333,6.18013334274292,21.21820640563965,2.6842997074127197,1.9375671043367098,-0.13854528963565826,-0.33807220451588527,0.01773860780786223,-0.035748450672581616,0.3404194844580459,5.0,21.0,2.0,0.8515234081799391,-0.15951250934939462,-0.49946335669664527,0.23778366587506175,-0.33853498101234436,0.02030501514673233,-0.03591808304190636,-0.1835784614086151,direct,SAFE_PROGRESSING,NONE,1,0,"6.169,21.215;5.780,21.143;5.390,21.072;5.000,21.000",0,1,PASS_THROUGH,-1,0.8373088854493769,-0.17886426674108033,-0.5166443693980399,0.22871792675043534,4.659129969894032,4.964156898382681,0.0,0,0,0,DIRECT_LOCAL,PASS_THROUGH,0,BYPASS_VISIBLE,1,10,5.0,21.0,2.0,5.0,21.0,2.0,1,
587,19.6,0.033333,6.190871238708496,21.22161102294922,2.6831624507904053,1.9330036642431754,-0.13513065874576569,-0.3365881375173918,0.018387303900703724,-0.035506393271348524,0.3389548218056548,5.0,21.0,2.0,0.8547705528819127,-0.15498810070904126,-0.4953241267741288,0.24002739361295852,-0.3374535143375397,0.020336231216788292,-0.03578611835837364,-0.17763392627239227,direct,SAFE_PROGRESSING,NONE,1,0,"6.180,21.218;5.787,21.145;5.393,21.073;5.000,21.000",0,1,PASS_THROUGH,-1,0.8373088854493769,-0.17886426674108033,-0.5166443693980399,0.22871792675043534,4.669405377318703,4.973861504967639,0.0,0,0,0,DIRECT_LOCAL,PASS_THROUGH,0,BYPASS_VISIBLE,1,10,5.0,21.0,2.0,5.0,21.0,2.0,1,
588,19.633333,0.033333,6.2015862464904785,21.224931716918945,2.68202805519104,1.9285569371030409,-0.13155145943164825,-0.3352329242565492,0.018974171422319927,-0.03528362494555246,0.3376182265163705,5.0,21.0,2.0,0.8579045276628652,-0.15060017970041373,-0.49124271728928387,0.2422631422792751,-0.336391806602478,0.020368508994579315,-0.035636577755212784,-0.17143045365810394,direct,SAFE_PROGRESSING,NONE,1,0,"6.191,21.222;5.794,21.148;5.397,21.074;5.000,21.000",1,1,PASS_THROUGH,-1,0.9849393133779049,-0.17290040185800878,0.0,0.2422631422792751,4.679605898178214,4.983494171909849,0.0,0,0,0,DIRECT_LOCAL,PASS_THROUGH,0,BYPASS_VISIBLE,1,10,5.0,21.0,2.0,5.0,21.0,2.0,1,
589,19.666667,0.033333,6.212281227111816,21.228174209594727,2.6808969974517822,1.9242321366077044,-0.12783002853393555,-0.33399407391387564,0.019499906654315932,-0.035070992485899684,0.3363959902898078,5.0,21.0,2.0,0.8609304181854736,-0.14635084870250217,-0.4872168348148935,0.24449161826379093,-0.3353685736656189,0.020412813872098923,-0.03546292707324028,-0.16491349041461945,local_avoidance,SAFE_PROGRESSING,NONE,1,0,"6.202,21.225;5.794,21.221;5.387,21.216;4.979,21.212",0,1,PASS_THROUGH,-1,0.8579045276628652,-0.15060017970041373,-0.49124271728928387,0.2422631422792751,4.756395112007578,4.99306115383202,0.0,0,0,0,DIRECT_LOCAL,PASS_THROUGH,0,BYPASS_VISIBLE,1,10,5.0,21.0,2.0,5.0,21.0,2.0,1,
590,19.7,0.033333,6.222957611083984,21.23134422302246,2.679769515991211,1.920033733853955,-0.12397167086601257,-0.3328566595419175,0.019969926579273923,-0.034862674318106204,0.3352726649006685,5.0,21.0,2.0,0.863852842319915,-0.1422415428542841,-0.48324487612621103,0.24671353781516808,-0.3343240022659302,0.02046547830104828,-0.03526885434985161,-0.15822754800319672,local_avoidance,SAFE_PROGRESSING,NONE,1,0,"6.212,21.228;5.802,21.259;5.392,21.290;4.982,21.322",0,1,PASS_THROUGH,-1,0.8579045276628652,-0.15060017970041373,-0.49124271728928387,0.2422631422792751,4.179425887172787,5.002567740049259,0.0,0,0,0,DIRECT_LOCAL,PASS_THROUGH,0,BYPASS_VISIBLE,1,10,5.0,21.0,2.0,5.0,21.0,2.0,1,
591,19.733333,0.033333,6.233616828918457,21.234445571899414,2.678645610809326,1.9159664061631279,-0.11997701972723007,-0.33180368681567957,0.020391922964079594,-0.034660928988476954,0.33423180145670583,5.0,21.0,2.0,0.8666760560057332,-0.1382737016589131,-0.47932556511820773,0.24892934483777615,-0.3331863582134247,0.0204929132014513,-0.03506600484251976,-0.1518375426530838,local_avoidance,SAFE_PROGRESSING,NONE,1,0,"6.223,21.231;5.809,21.262;5.396,21.293;4.982,21.324",0,1,PASS_THROUGH,-1,0.8579045276628652,-0.15060017970041373,-0.49124271728928387,0.2422631422792751,4.190345885525007,5.012017795170578,0.0,0,0,0,DIRECT_LOCAL,PASS_THROUGH,0,BYPASS_VISIBLE,1,10,5.0,21.0,2.0,5.0,21.0,2.0,1,
592,19.766667,0.033333,6.244260787963867,21.23748016357422,2.6775259971618652,1.9120343499353314,-0.11587069183588028,-0.33081483045599674,0.02077249657152028,-0.034473429548336765,0.3332542062874343,5.0,21.0,2.0,0.8694040086296474,-0.1344496912827505,-0.47545762197347635,0.25113941998611633,-0.3320315480232239,0.020505808293819427,-0.034861963242292404,-0.14573708176612854,local_avoidance,SAFE_PROGRESSING,NONE,1,0,"6.234,21.234;5.816,21.265;5.399,21.296;4.981,21.327",0,1,PASS_THROUGH,-1,0.8579045276628652,-0.15060017970041373,-0.49124271728928387,0.2422631422792751,4.201243645512932,5.021414085919805,0.0,0,0,0,DIRECT_LOCAL,PASS_THROUGH,0,BYPASS_VISIBLE,1,10,5.0,21.0,2.0,5.0,21.0,2.0,1,
593,19.8,0.033333,6.254889488220215,21.240453720092773,2.6764111518859863,1.9082404670010487,-0.111702099442482,-0.32986787561953157,0.0211145838868493,-0.0343102920813742,0.33231887873120713,5.0,21.0,2.0,0.8720402734602242,-0.13077208254131675,-0.471640142366216,0.2533441719523622,-0.3307603597640991,0.020427966490387917,-0.034676577895879745,-0.14076396822929382,direct,SAFE_PROGRESSING,NONE,1,0,"6.244,21.237;5.830,21.158;5.415,21.079;5.000,21.000",0,1,PASS_THROUGH,-1,0.8579045276628652,-0.15060017970041373,-0.49124271728928387,0.2422631422792751,4.7296816222110545,5.0307609196894045,0.0,0,0,0,DIRECT_LOCAL,PASS_THROUGH,0,BYPASS_VISIBLE,1,10,5.0,21.0,2.0,5.0,21.0,2.0,1,
594,19.833333,0.033333,6.265502452850342,21.24336814880371,2.675300359725952,1.9045851151541755,-0.10756687074899673,-0.32893974143326327,0.02141549978921766,-0.034179619723246894,0.33140341508474197,5.0,21.0,2.0,0.8745889162180545,-0.12723836799852978,-0.46787244558490465,0.25554378248371035,-0.3295390009880066,0.020362555980682373,-0.03451181575655937,-0.13594254851341248,direct,SAFE_PROGRESSING,NONE,1,0,"6.255,21.240;5.837,21.160;5.418,21.080;5.000,21.000",1,1,PASS_THROUGH,-1,0.9895823395815762,-0.14396802835440214,0.0,0.25554378248371035,4.739540617474479,5.040059447364098,0.0,0,0,0,DIRECT_LOCAL,PASS_THROUGH,0,BYPASS_VISIBLE,1,10,5.0,21.0,2.0,5.0,21.0,2.0,1,
595,19.866667,0.033333,6.276099681854248,21.246225357055664,2.6741931438446045,1.9010660081665305,-0.1035546138882637,-0.3280112334086798,0.021669282133473904,-0.034071133219962475,0.3304871694171438,5.0,21.0,2.0,0.8770539269768081,-0.12384624707698569,-0.46415354814921533,0.25773820159397226,-0.32834723591804504,0.02032749354839325,-0.03434661403298378,-0.13097462058067322,local_avoidance,SAFE_PROGRESSING,NONE,1,0,"6.266,21.243;5.836,21.237;5.406,21.230;4.977,21.223",0,1,PASS_THROUGH,-1,0.8745889162180545,-0.12723836799852978,-0.46787244558490465,0.25554378248371035,4.749353390703918,5.049311134959832,0.0,0,0,0,DIRECT_LOCAL,PASS_THROUGH,0,BYPASS_VISIBLE,1,10,5.0,21.0,2.0,5.0,21.0,2.0,1,
596,19.9,0.033333,6.286678791046143,21.24903106689453,2.6730902194976807,1.897678032436822,-0.09969503432512283,-0.3270720268944135,0.021872845841223357,-0.03396491377805147,0.3295575026151951,5.0,21.0,2.0,0.8794394416290978,-0.12059092518324976,-0.46048246141470855,0.2599274763841408,-0.32714810967445374,0.0203054491430521,-0.03416873887181282,-0.12598931789398193,local_avoidance,SAFE_PROGRESSING,NONE,1,0,"6.276,21.246;5.843,21.239;5.410,21.232;4.977,21.225",0,1,PASS_THROUGH,-1,0.8745889162180545,-0.12723836799852978,-0.46787244558490465,0.25554378248371035,4.759121294888189,5.058518649114786,0.0,0,0,0,DIRECT_LOCAL,PASS_THROUGH,0,BYPASS_VISIBLE,1,10,5.0,21.0,2.0,5.0,21.0,2.0,1,
597,19.933333,0.033333,6.297239303588867,21.251789093017578,2.6719915866851807,1.8944164693973402,-0.09597920626401901,-0.32611906346148106,0.022027822785243605,-0.03384821340034055,0.32861005778893415,5.0,21.0,2.0,0.8817491555148588,-0.11746496802845749,-0.4568592869088979,0.26211133387219954,-0.3259230852127075,0.020275942981243134,-0.03398159146308899,-0.12123627215623856,local_avoidance,SAFE_PROGRESSING,NONE,1,0,"6.287,21.249;5.851,21.280;5.415,21.311;4.979,21.342",0,1,PASS_THROUGH,-1,0.8745889162180545,-0.12723836799852978,-0.46787244558490465,0.25554378248371035,4.653817358221539,5.067684516419139,0.0,0,0,0,DIRECT_LOCAL,PASS_THROUGH,0,BYPASS_VISIBLE,1,10,5.0,21.0,2.0,5.0,21.0,2.0,1,
598,19.966667,0.033333,6.307779312133789,21.254497528076172,2.6708967685699463,1.8912763886643427,-0.09239571541547775,-0.32515248050679113,0.022139702796751873,-0.03371943077124891,0.32764508546777366,5.0,21.0,2.0,0.8839867788004806,-0.11446229840757743,-0.45328330782106346,0.26428980745676467,-0.3246898055076599,0.02025344967842102,-0.033791683614254,-0.1166347861289978,local_avoidance,SAFE_PROGRESSING,NONE,1,0,"6.297,21.252;5.858,21.283;5.418,21.313;4.979,21.344",0,1,PASS_THROUGH,-1,0.8745889162180545,-0.12723836799852978,-0.46787244558490465,0.25554378248371035,4.664575824240509,5.076806069857901,0.0,0,0,0,DIRECT_LOCAL,PASS_THROUGH,0,BYPASS_VISIBLE,1,10,5.0,21.0,2.0,5.0,21.0,2.0,1,
599,20.0,0.033333,6.318297386169434,21.25716209411621,2.6698074340820312,1.8882539269852923,-0.08893755078315735,-0.32417219295139615,0.02221523588280431,-0.03358440276363217,0.32666349581371296,5.0,21.0,2.0,0.8861550400919571,-0.11158127062400411,-0.4497542272903667,0.2664624342035483,-0.32340729236602783,0.020229708403348923,-0.03360816091299057,-0.11233033239841461,direct,SAFE_PROGRESSING,NONE,1,0,"6.308,21.254;5.872,21.170;5.436,21.085;5.000,21.000",0,1,PASS_THROUGH,-1,0.8745889162180545,-0.12723836799852978,-0.46787244558490465,0.25554378248371035,4.6753102967355264,5.085886578739869,0.0,0,0,0,DIRECT_LOCAL,PASS_THROUGH,0,BYPASS_VISIBLE,1,10,5.0,21.0,2.0,5.0,21.0,2.0,1,
600,20.033333,0.033333,6.328792572021484,21.25978660583496,2.6687228679656982,1.8853445413937167,-0.0856049433350563,-0.3231752951653012,0.022260966938102745,-0.033453549910443074,0.32566387895468146,5.0,21.0,2.0,0.8882569261114099,-0.10881459896928725,-0.4462723566010586,0.2686291377368729,-0.32207441329956055,0.020208533853292465,-0.03343816474080086,-0.10832904279232025,direct,SAFE_PROGRESSING,NONE,1,0,"6.318,21.257;5.879,21.171;5.439,21.086;5.000,21.000",1,1,PASS_THROUGH,-1,0.9925798564774486,-0.12159452502151319,0.0,0.2686291377368729,4.7856494787892006,5.094928213638382,0.0,0,0,0,DIRECT_LOCAL,PASS_THROUGH,0,BYPASS_VISIBLE,1,10,5.0,21.0,2.0,5.0,21.0,2.0,1,
601,20.066667,0.033333,6.339263439178467,21.26236915588379,2.6676433086395264,1.8825439057882485,-0.08240699023008347,-0.32215595261193747,0.022282666507008938,-0.03332975050557402,0.3246411053744293,5.0,21.0,2.0,0.890295703712738,-0.10615657021745259,-0.44283669964255173,0.2707898653960832,-0.3209025263786316,0.020262327045202255,-0.03327218443155289,-0.10383861511945724,direct,SAFE_PROGRESSING,NONE,1,0,"6.329,21.260;5.886,21.173;5.443,21.087;5.000,21.000",0,1,PASS_THROUGH,-1,0.8882569261114099,-0.10881459896928725,-0.4462723566010586,0.2686291377368729,4.8017377203796086,5.103928606063107,0.0,0,0,0,DIRECT_LOCAL,PASS_THROUGH,0,BYPASS_VISIBLE,1,10,5.0,21.0,2.0,5.0,21.0,2.0,1,
602,20.1,0.033333,6.349708557128906,21.264911651611328,2.6665685176849365,1.879848070162468,-0.0793192908167839,-0.3211117047232551,0.022286692311700173,-0.033207387519763217,0.32359257431276,5.0,21.0,2.0,0.8922735628054477,-0.1036053428181627,-0.4394471777790864,0.27294425317117826,-0.3196377158164978,0.0202637929469347,-0.03311442583799362,-0.1000858023762703,direct,SAFE_PROGRESSING,NONE,1,0,"6.339,21.262;5.893,21.175;5.446,21.087;5.000,21.000",0,1,PASS_THROUGH,-1,0.8882569261114099,-0.10881459896928725,-0.4462723566010586,0.2686291377368729,4.8111068137007535,5.112888187666039,0.0,0,0,0,DIRECT_LOCAL,PASS_THROUGH,0,BYPASS_VISIBLE,1,10,5.0,21.0,2.0,5.0,21.0,2.0,1,
603,20.133333,0.033333,6.360126495361328,21.267417907714844,2.6654984951019287,1.8772535036677847,-0.07633468508720398,-0.320043420029159,0.022278302252274212,-0.033092794395797404,0.32252014897696984,5.0,21.0,2.0,0.894193057319647,-0.10115694877648157,-0.4361032537777891,0.27509208438967747,-0.31831949949264526,0.020240604877471924,-0.03298177942633629,-0.09692396968603134,direct,SAFE_PROGRESSING,NONE,1,0,"6.350,21.265;5.900,21.177;5.450,21.088;5.000,21.000",0,1,PASS_THROUGH,-1,0.8882569261114099,-0.10881459896928725,-0.4462723566010586,0.2686291377368729,4.717988151807241,5.121808778923276,0.0,0,0,0,DIRECT_LOCAL,PASS_THROUGH,0,BYPASS_VISIBLE,1,10,5.0,21.0,2.0,5.0,21.0,2.0,1,
604,20.166667,0.033333,6.370516777038574,21.26988983154297,2.6644325256347656,1.8747565342882186,-0.07348901033401489,-0.3189496690842879,0.022258429458124875,-0.03299557397419033,0.32142345432902897,5.0,21.0,2.0,0.8960567511313972,-0.0988060498906988,-0.43280441686383253,0.27723321740011414,-0.31695041060447693,0.020214367657899857,-0.032872285693883896,-0.09408929944038391,direct,SAFE_PROGRESSING,NONE,1,0,"6.360,21.267;5.907,21.178;5.453,21.089;5.000,21.000",0,1,PASS_THROUGH,-1,0.8882569261114099,-0.10881459896928725,-0.4462723566010586,0.2686291377368729,4.728586396798288,5.130691438436682,0.0,0,0,0,DIRECT_LOCAL,PASS_THROUGH,0,BYPASS_VISIBLE,1,10,5.0,21.0,2.0,5.0,21.0,2.0,1,
605,20.2,0.033333,6.3808770179748535,21.272323608398438,2.663370370864868,1.8723515684267442,-0.07081890851259232,-0.31782605032850425,0.02222536100958581,-0.03291828273666627,0.3202982645562638,5.0,21.0,2.0,0.8978673633997697,-0.09654692809241758,-0.4295496344049935,0.2793676257059499,-0.31552958488464355,0.020192421972751617,-0.03277488052845001,-0.09141511470079422,direct,SAFE_PROGRESSING,NONE,1,0,"6.371,21.270;5.914,21.180;5.457,21.090;5.000,21.000",0,1,PASS_THROUGH,-1,0.8882569261114099,-0.10881459896928725,-0.4462723566010586,0.2686291377368729,4.7391545778689075,5.139531731835953,0.0,0,0,0,DIRECT_LOCAL,PASS_THROUGH,0,BYPASS_VISIBLE,1,10,5.0,21.0,2.0,5.0,21.0,2.0,1,
606,20.233333,0.033333,6.39120626449585,21.27472496032715,2.662311553955078,1.8700322781661558,-0.06834053248167038,-0.3166654266580797,0.02217684568828393,-0.032856553878811055,0.31913689548220026,5.0,21.0,2.0,0.8996267279059781,-0.0943764616858454,-0.42633887216255956,0.2814946881532417,-0.31405848264694214,0.02016874961555004,-0.032678861171007156,-0.08889016509056091,direct,SAFE_PROGRESSING,NONE,1,0,"6.381,21.272;5.921,21.182;5.460,21.091;5.000,21.000",1,1,PASS_THROUGH,-1,0.9945423462406815,-0.10433370277182796,0.0,0.2814946881532417,4.848187978511621,5.148333175546247,0.0,0,0,0,DIRECT_LOCAL,PASS_THROUGH,0,BYPASS_VISIBLE,1,10,5.0,21.0,2.0,5.0,21.0,2.0,1,
607,20.266667,0.033333,6.401503086090088,21.277095794677734,2.6612560749053955,1.867791942004881,-0.0660514384508133,-0.3154595435638241,0.022112185481194462,-0.03280298402429773,0.3179303510726041,5.0,21.0,2.0,0.901337670608355,-0.09228533095425331,-0.4231711488664704,0.2836144336382934,-0.31253570318222046,0.020140131935477257,-0.032577995210886,-0.08651962131261826,direct,SAFE_PROGRESSING,NONE,1,0,"6.391,21.275;5.927,21.183;5.464,21.092;5.000,21.000",0,1,PASS_THROUGH,-1,0.8996267279059781,-0.0943764616858454,-0.42633887216255956,0.2814946881532417,4.857359145618842,5.157096156359263,0.0,0,0,0,DIRECT_LOCAL,PASS_THROUGH,0,BYPASS_VISIBLE,1,10,5.0,21.0,2.0,5.0,21.0,2.0,1,
608,20.3,0.033333,6.411764621734619,21.279430389404297,2.6602041721343994,1.8656255965399897,-0.0639398843050003,-0.3142006715009381,0.02203147625633626,-0.03275074327107876,0.31667026873781823,5.0,21.0,2.0,0.9030022135878576,-0.0902680950568375,-0.4200460370843167,0.2857266511719287,-0.3109516501426697,0.020102787762880325,-0.03247032314538956,-0.08433998376131058,direct,SAFE_PROGRESSING,NONE,1,0,"6.402,21.277;5.934,21.185;5.467,21.092;5.000,21.000",0,1,PASS_THROUGH,-1,0.8996267279059781,-0.0943764616858454,-0.42633887216255956,0.2814946881532417,4.866491610746872,5.165814507633064,0.0,0,0,0,DIRECT_LOCAL,PASS_THROUGH,0,BYPASS_VISIBLE,1,10,5.0,21.0,2.0,5.0,21.0,2.0,1,
609,20.333333,0.033333,6.4219889640808105,21.281736373901367,2.6591556072235107,1.8635266127349945,-0.06199256330728531,-0.3128825666885852,0.021936240804987163,-0.03269539172760105,0.3153501035968002,5.0,21.0,2.0,0.9046216137047457,-0.0883222752770475,-0.4169639213506453,0.28783055360431276,-0.30930328369140625,0.02005808800458908,-0.03235631436109543,-0.08234803378582001,direct,SAFE_PROGRESSING,NONE,1,0,"6.412,21.279;5.941,21.186;5.471,21.093;5.000,21.000",0,1,PASS_THROUGH,-1,0.8996267279059781,-0.0943764616858454,-0.42633887216255956,0.2814946881532417,4.880693157379829,5.174492454908582,0.0,0,0,0,DIRECT_LOCAL,PASS_THROUGH,0,BYPASS_VISIBLE,1,10,5.0,21.0,2.0,5.0,21.0,2.0,1,
610,20.366667,0.033333,6.4321746826171875,21.284013748168945,2.658111095428467,1.8614899305310468,-0.06019804999232292,-0.3115000769889558,0.02182824557761579,-0.03263512546324528,0.31396468222257723,5.0,21.0,2.0,0.9061982249124466,-0.086438662467548,-0.4139240688777979,0.2899260594252754,-0.3075769543647766,0.020005006343126297,-0.03223831579089165,-0.08054916560649872,direct,SAFE_PROGRESSING,NONE,1,0,"6.422,21.282;5.948,21.188;5.474,21.094;5.000,21.000",0,1,PASS_THROUGH,-1,0.8996267279059781,-0.0943764616858454,-0.42633887216255956,0.2814946881532417,4.884626129469125,5.18312896897897,0.0,0,0,0,DIRECT_LOCAL,PASS_THROUGH,0,BYPASS_VISIBLE,1,10,5.0,21.0,2.0,5.0,21.0,2.0,1,
611,20.4,0.033333,6.442319393157959,21.2862606048584,2.6570703983306885,1.8595107986273545,-0.05854737013578415,-0.31004883257056987,0.021709097609275918,-0.03257004075746884,0.3125097935302597,5.0,21.0,2.0,0.9077334699023584,-0.08461306524500603,-0.41092648589360653,0.2920128853786158,-0.3057805001735687,0.019942600280046463,-0.03211684897542,-0.0789370983839035,direct,SAFE_PROGRESSING,NONE,1,0,"6.432,21.284;5.955,21.189;5.477,21.095;5.000,21.000",0,1,PASS_THROUGH,-1,0.8996267279059781,-0.0943764616858454,-0.42633887216255956,0.2814946881532417,4.893630873877093,5.191720975153356,0.0,0,0,0,DIRECT_LOCAL,PASS_THROUGH,0,BYPASS_VISIBLE,1,10,5.0,21.0,2.0,5.0,21.0,2.0,1,
612,20.433333,0.033333,6.452418804168701,21.28847885131836,2.656034231185913,1.857584467568794,-0.05703384056687355,-0.3085246798633301,0.021579825043281695,-0.03250080477057122,0.31098146125517473,5.0,21.0,2.0,0.9092287020743448,-0.08284230497590916,-0.4079709791522934,0.29409048714798236,-0.30391725897789,0.019867144525051117,-0.03199402987957001,-0.07753493636846542,direct,SAFE_PROGRESSING,NONE,1,0,"6.442,21.286;5.962,21.191;5.481,21.095;5.000,21.000",1,1,PASS_THROUGH,-1,0.9958749014172539,-0.09073687633578001,0.0,0.29409048714798236,4.902590483202619,5.200266860285637,0.0,0,0,0,DIRECT_LOCAL,PASS_THROUGH,0,BYPASS_VISIBLE,1,10,5.0,21.0,2.0,5.0,21.0,2.0,1,
613,20.466667,0.033333,6.4624714851379395,21.290668487548828,2.6550025939941406,1.8557064233777685,-0.05565362796187401,-0.30692391900790694,0.02144080704642511,-0.032427886902813625,0.30937609493132456,5.0,21.0,2.0,0.9106851046464451,-0.08112079841372427,-0.40505808995724696,0.2961580949669146,-0.3019963502883911,0.0197896771132946,-0.03187045827507973,-0.07623044401407242,direct,SAFE_PROGRESSING,NONE,1,0,"6.452,21.288;5.968,21.192;5.484,21.096;5.000,21.000",0,1,PASS_THROUGH,-1,0.9092287020743448,-0.08284230497590916,-0.4079709791522934,0.29409048714798236,4.911503057245124,5.208765576463785,0.0,0,0,0,DIRECT_LOCAL,PASS_THROUGH,0,BYPASS_VISIBLE,1,10,5.0,21.0,2.0,5.0,21.0,2.0,1,
614,20.5,0.033333,6.472474098205566,21.292827606201172,2.653975486755371,1.853872200610627,-0.0544002391397953,-0.3052440308236171,0.021292168469792375,-0.03234967080552923,0.30769103983187657,5.0,21.0,2.0,0.9121040810144045,-0.07944452955004236,-0.4021874092030244,0.29821542646184446,-0.3000258207321167,0.019707417115569115,-0.03174265846610069,-0.07501576840877533,direct,SAFE_PROGRESSING,NONE,1,0,"6.462,21.291;5.975,21.194;5.487,21.097;5.000,21.000",0,1,PASS_THROUGH,-1,0.9092287020743448,-0.08284230497590916,-0.4079709791522934,0.29409048714798236,4.842747588786153,5.217213376000405,0.0,0,0,0,DIRECT_LOCAL,PASS_THROUGH,0,BYPASS_VISIBLE,1,10,5.0,21.0,2.0,5.0,21.0,2.0,1,
615,20.533333,0.033333,6.482424259185791,21.294958114624023,2.6529533863067627,1.8520773367183785,-0.053262464702129364,-0.3034842259554115,0.021134718295893442,-0.032263548543130946,0.30592529853838024,5.0,21.0,2.0,0.9134866813127743,-0.07781034564222736,-0.3993590279124926,0.30026175093340174,-0.29800769686698914,0.019617147743701935,-0.03161067143082619,-0.07391221821308136,direct,SAFE_PROGRESSING,NONE,1,0,"6.472,21.293;6.104,21.220;5.736,21.146;5.368,21.073;5.000,21.000",0,1,PASS_THROUGH,-1,0.9092287020743448,-0.08284230497590916,-0.4079709791522934,0.29409048714798236,4.85292883091414,5.225609929649723,0.0,0,0,0,DIRECT_LOCAL,PASS_THROUGH,0,BYPASS_VISIBLE,1,10,5.0,21.0,2.0,5.0,21.0,2.0,1,
616,20.566667,0.033333,6.492318153381348,21.297060012817383,2.6519365310668945,1.8503191120541225,-0.05222891643643379,-0.30164555286153877,0.02096913142410981,-0.032167729521571285,0.3040797705477922,5.0,21.0,2.0,0.9148340266436257,-0.07621449371999858,-0.3965728869224603,0.30229667372335406,-0.29595059156417847,0.01952682062983513,-0.03147495537996292,-0.07285687327384949,direct,SAFE_PROGRESSING,NONE,1,0,"6.482,21.295;6.112,21.221;5.741,21.147;5.371,21.074;5.000,21.000",0,1,PASS_THROUGH,-1,0.9092287020743448,-0.08284230497590916,-0.4079709791522934,0.29409048714798236,4.863054962414255,5.233952529490664,0.0,0,0,0,DIRECT_LOCAL,PASS_THROUGH,0,BYPASS_VISIBLE,1,10,5.0,21.0,2.0,5.0,21.0,2.0,1,
617,20.6,0.033333,6.502155303955078,21.29913330078125,2.6509249210357666,1.8485937828420635,-0.05128713324666023,-0.2997306944613865,0.020796390155190823,-0.032062360201357346,0.302157200787063,5.0,21.0,2.0,0.9161470768423414,-0.07465323987716183,-0.3938291855221955,0.3043194454599692,-0.29381823539733887,0.01939416117966175,-0.03133832663297653,-0.07212045043706894,direct,SAFE_PROGRESSING,NONE,1,0,"6.492,21.297;6.119,21.223;5.746,21.149;5.373,21.074;5.000,21.000",0,1,PASS_THROUGH,-1,0.9092287020743448,-0.08284230497590916,-0.4079709791522934,0.29409048714798236,4.873122177433098,5.2422407621749105,0.0,0,0,0,DIRECT_LOCAL,PASS_THROUGH,0,BYPASS_VISIBLE,1,10,5.0,21.0,2.0,5.0,21.0,2.0,1,
618,20.633333,0.033333,6.511931419372559,21.301179885864258,2.649918794631958,1.8468981045098096,-0.050436366349458694,-0.29774253899249264,0.020616607248792523,-0.03194989931124839,0.3001607237566998,5.0,21.0,2.0,0.9174270438858515,-0.07312371152284058,-0.3911272707955716,0.30632997168652365,-0.2916922867298126,0.019259566441178322,-0.031203145161271095,-0.07136108726263046,direct,SAFE_PROGRESSING,NONE,1,0,"6.502,21.299;6.127,21.224;5.751,21.150;5.376,21.075;5.000,21.000",1,1,PASS_THROUGH,-1,0.9968385952322805,-0.0794532255816828,0.0,0.30632997168652365,4.872897681623333,5.250472956680544,0.0,0,0,0,DIRECT_LOCAL,PASS_THROUGH,0,BYPASS_VISIBLE,1,10,5.0,21.0,2.0,5.0,21.0,2.0,1,
619,20.666667,0.033333,6.521644592285156,21.30319595336914,2.648918390274048,1.8452293696204982,-0.04967467114329338,-0.2956851555258629,0.020428875161443764,-0.03183025040672415,0.2980943055136585,5.0,21.0,2.0,0.918674819835464,-0.07162191970773898,-0.3884673422794457,0.3083274843756312,-0.28953707218170166,0.01910065859556198,-0.031068196520209312,-0.07071136683225632,direct,SAFE_PROGRESSING,NONE,1,0,"6.512,21.301;6.134,21.226;5.756,21.151;5.378,21.075;5.000,21.000",0,1,PASS_THROUGH,-1,0.9174270438858515,-0.07312371152284058,-0.3911272707955716,0.30632997168652365,4.882820948600362,5.25864494312306,0.0,0,0,0,DIRECT_LOCAL,PASS_THROUGH,0,BYPASS_VISIBLE,1,10,5.0,21.0,2.0,5.0,21.0,2.0,1,
620,20.7,0.033333,6.531292915344238,21.305185317993164,2.647923469543457,1.8435847580802174,-0.048994891345500946,-0.29356381658535197,0.020231253600386773,-0.03170667312434919,0.29596339495115886,5.0,21.0,2.0,0.9198911049409675,-0.07014739953079138,-0.38584931954009377,0.31031145975423347,-0.28727689385414124,0.018843218684196472,-0.030942030251026154,-0.07067663967609406,direct,SAFE_PROGRESSING,NONE,1,0,"6.522,21.303;6.141,21.227;5.761,21.152;5.380,21.076;5.000,21.000",0,1,PASS_THROUGH,-1,0.9174270438858515,-0.07312371152284058,-0.3911272707955716,0.30632997168652365,4.892678980445311,5.266758062351564,0.0,0,0,0,DIRECT_LOCAL,PASS_THROUGH,0,BYPASS_VISIBLE,1,10,5.0,21.0,2.0,5.0,21.0,2.0,1,
621,20.733333,0.033333,6.5408735275268555,21.307146072387695,2.6469337940216064,1.841961152767974,-0.04841621220111847,-0.2913823198059204,0.020018821953432044,-0.03158630359652144,0.29377219763410983,5.0,21.0,2.0,0.9210771669157408,-0.06869495750110463,-0.3832725601975623,0.31228167227053494,-0.28504490852355957,0.018573587760329247,-0.03082868456840515,-0.07071767747402191,direct,SAFE_PROGRESSING,NONE,1,0,"6.531,21.305;6.148,21.229;5.766,21.153;5.383,21.076;5.000,21.000",0,1,PASS_THROUGH,-1,0.9174270438858515,-0.07312371152284058,-0.3911272707955716,0.30632997168652365,4.902470213994817,5.274808855508053,0.0,0,0,0,DIRECT_LOCAL,PASS_THROUGH,0,BYPASS_VISIBLE,1,10,5.0,21.0,2.0,5.0,21.0,2.0,1,
622,20.766667,0.033333,6.550384521484375,21.309078216552734,2.645949602127075,1.8403546600316931,-0.047960080206394196,-0.2891444092027238,0.019785285554992163,-0.031467860743870535,0.29152388093856124,5.0,21.0,2.0,0.9222338566172763,-0.06726188406688957,-0.38073685487564396,0.31423748583618993,-0.28286656737327576,0.0183742456138134,-0.030718639492988586,-0.07028289139270782,direct,SAFE_PROGRESSING,NONE,1,0,"6.541,21.307;6.156,21.230;5.770,21.154;5.385,21.077;5.000,21.000",0,1,PASS_THROUGH,-1,0.9174270438858515,-0.07312371152284058,-0.3911272707955716,0.30632997168652365,4.912191608005787,5.282795897617298,0.0,0,0,0,DIRECT_LOCAL,PASS_THROUGH,0,BYPASS_VISIBLE,1,10,5.0,21.0,2.0,5.0,21.0,2.0,1,
623,20.8,0.033333,6.559823989868164,21.310983657836914,2.644970417022705,1.8387614219248525,-0.04760276526212692,-0.2868574226697391,0.01952893680565865,-0.03134204613695061,0.2892246258006664,5.0,21.0,2.0,0.923362078116496,-0.06584448332402745,-0.3782419552511038,0.31617852605170726,-0.280657559633255,0.018224667757749557,-0.03060014918446541,-0.06952707469463348,direct,SAFE_PROGRESSING,NONE,1,0,"6.550,21.309;6.163,21.232;5.775,21.155;5.388,21.077;5.000,21.000",0,1,PASS_THROUGH,-1,0.9174270438858515,-0.07312371152284058,-0.3911272707955716,0.30632997168652365,4.921841247675191,5.290719132526547,0.0,0,0,0,DIRECT_LOCAL,PASS_THROUGH,0,BYPASS_VISIBLE,1,10,5.0,21.0,2.0,5.0,21.0,2.0,1,
624,20.833333,0.033333,6.569190502166748,21.3128604888916,2.643996238708496,1.8371791638289323,-0.04728936776518822,-0.28453119612121675,0.019255666710741318,-0.031203734534762634,0.28688404506971343,5.0,21.0,2.0,0.9244628471588545,-0.06443943249727113,-0.3757871788158477,0.3181044931974313,-0.2783731520175934,0.018086671829223633,-0.030473528429865837,-0.06874999403953552,direct,SAFE_PROGRESSING,NONE,1,0,"6.560,21.311;6.170,21.233;5.780,21.155;5.390,21.078;5.000,21.000",1,1,PASS_THROUGH,-1,0.9975794424563772,-0.06953600497888585,0.0,0.3181044931974313,4.931417397085511,5.298576084372001,0.0,0,0,0,DIRECT_LOCAL,PASS_THROUGH,0,BYPASS_VISIBLE,1,10,5.0,21.0,2.0,5.0,21.0,2.0,1,
625,20.866667,0.033333,6.578481674194336,21.314712524414062,2.6430275440216064,1.8356074396512991,-0.04697490110993385,-0.2821727073015252,0.018976185151053763,-0.031057140797356938,0.2845102429496453,5.0,21.0,2.0,0.925536750931706,-0.06304732255328746,-0.37337214383727546,0.32001503199692494,-0.2760189473628998,0.01795225217938423,-0.030345268547534943,-0.06801155209541321,direct,SAFE_PROGRESSING,NONE,1,0,"6.569,21.313;6.177,21.235;5.785,21.156;5.392,21.078;5.000,21.000",0,1,PASS_THROUGH,-1,0.9244628471588545,-0.06443943249727113,-0.3757871788158477,0.3181044931974313,4.940918439802919,5.306367726830707,0.0,0,0,0,DIRECT_LOCAL,PASS_THROUGH,0,BYPASS_VISIBLE,1,10,5.0,21.0,2.0,5.0,21.0,2.0,1,
626,20.9,0.033333,6.587696552276611,21.316539764404297,2.642063617706299,1.834046956412819,-0.04663741961121559,-0.2797837046979137,0.01870144584133571,-0.030910387515161005,0.28210657125877675,5.0,21.0,2.0,0.9265844369935459,-0.06166644764444559,-0.3709966716242458,0.3219098239439378,-0.27360865473747253,0.017826832830905914,-0.0302194282412529,-0.06726229935884476,direct,SAFE_PROGRESSING,NONE,1,0,"6.578,21.315;6.184,21.236;5.789,21.157;5.395,21.079;5.000,21.000",0,1,PASS_THROUGH,-1,0.9244628471588545,-0.06443943249727113,-0.3757871788158477,0.3181044931974313,4.950342346062208,5.314093277596625,0.0,0,0,0,DIRECT_LOCAL,PASS_THROUGH,0,BYPASS_VISIBLE,1,10,5.0,21.0,2.0,5.0,21.0,2.0,1,
627,20.933333,0.033333,6.596834659576416,21.31833839416504,2.6411051750183105,1.832498207783385,-0.04626902937889099,-0.27736089651757084,0.018439931933255622,-0.030769699147399427,0.279671007421855,5.0,21.0,2.0,0.9276066749149324,-0.06029727342554955,-0.3686598641982978,0.32378868198627114,-0.271139919757843,0.01770806685090065,-0.03009682707488537,-0.06650061905384064,direct,SAFE_PROGRESSING,NONE,1,0,"6.588,21.317;6.191,21.237;5.794,21.158;5.397,21.079;5.000,21.000",0,1,PASS_THROUGH,-1,0.9244628471588545,-0.06443943249727113,-0.3757871788158477,0.3181044931974313,4.870757152287546,5.321749550283686,0.0,0,0,0,DIRECT_LOCAL,PASS_THROUGH,0,BYPASS_VISIBLE,1,10,5.0,21.0,2.0,5.0,21.0,2.0,1,
628,20.966667,0.033333,6.605894565582275,21.320112228393555,2.6401515007019043,1.8309628027281157,-0.045868270099163055,-0.2748983424266285,0.018195944245678875,-0.030637113554406414,0.2771981669904139,5.0,21.0,2.0,0.9286037079031414,-0.058943467795936566,-0.3663615990694532,0.3256513634686091,-0.2686273455619812,0.017596164718270302,-0.02997642382979393,-0.06571276485919952,direct,SAFE_PROGRESSING,NONE,1,0,"6.597,21.318;6.198,21.239;5.798,21.159;5.399,21.080;5.000,21.000",0,1,PASS_THROUGH,-1,0.9244628471588545,-0.06443943249727113,-0.3757871788158477,0.3181044931974313,4.880042494441347,5.329338169543158,0.0,0,0,0,DIRECT_LOCAL,PASS_THROUGH,0,BYPASS_VISIBLE,1,10,5.0,21.0,2.0,5.0,21.0,2.0,1,
629,21.0,0.033333,6.6148762702941895,21.32185935974121,2.639202833175659,1.829441129316266,-0.04543659836053848,-0.2723904157589242,0.01797068791127942,-0.03051108461209952,0.27468238113415805,5.0,21.0,2.0,0.9295764489143626,-0.05760319569769204,-0.3641009440652098,0.32749773706294655,-0.26607462763786316,0.01748734526336193,-0.02985704317688942,-0.06491150707006454,direct,SAFE_PROGRESSING,NONE,1,0,"6.606,21.320;6.204,21.240;5.803,21.160;5.401,21.080;5.000,21.000",0,1,PASS_THROUGH,-1,0.9244628471588545,-0.06443943249727113,-0.3757871788158477,0.3181044931974313,4.878597907118051,5.33685765106912,0.0,0,0,0,DIRECT_LOCAL,PASS_THROUGH,0,BYPASS_VISIBLE,1,10,5.0,21.0,2.0,5.0,21.0,2.0,1,
630,21.033333,0.033333,6.623776435852051,21.323575973510742,2.638258695602417,1.8279343236031196,-0.04497695714235306,-0.26983375720644515,0.017763098386401287,-0.03038836765016342,0.2721198946804023,5.0,21.0,2.0,0.9305253675923649,-0.05627867622416105,-0.36187739756656573,0.3293277283079756,-0.26348304748535156,0.01737244799733162,-0.029738113284111023,-0.06414903700351715,direct,SAFE_PROGRESSING,NONE,1,0,"6.615,21.322;6.211,21.241;5.807,21.161;5.404,21.080;5.000,21.000",1,1,PASS_THROUGH,-1,0.9981760545018216,-0.06037022626408134,0.0,0.3293277283079756,4.88770624942282,5.344302819910532,0.0,0,0,0,DIRECT_LOCAL,PASS_THROUGH,0,BYPASS_VISIBLE,1,10,5.0,21.0,2.0,5.0,21.0,2.0,1,
631,21.066667,0.033333,6.632593631744385,21.325265884399414,2.637319564819336,1.8264432923128846,-0.04449566826224327,-0.26722800334848407,0.017570770048902017,-0.03026665291543314,0.2695099404705365,5.0,21.0,2.0,0.9314507706155009,-0.0549725739074203,-0.35969080894260114,0.33114053356614703,-0.26084816455841064,0.01724422536790371,-0.029621563851833344,-0.06347646564245224,direct,SAFE_PROGRESSING,NONE,1,0,"6.624,21.324;6.218,21.243;5.812,21.162;5.406,21.081;5.000,21.000",0,1,PASS_THROUGH,-1,0.9305253675923649,-0.05627867622416105,-0.36187739756656573,0.3293277283079756,4.8967306388398955,5.351675290548275,0.0,0,0,0,DIRECT_LOCAL,PASS_THROUGH,0,BYPASS_VISIBLE,1,10,5.0,21.0,2.0,5.0,21.0,2.0,1,
632,21.1,0.033333,6.64132833480835,21.326927185058594,2.636384963989258,1.8249684266919506,-0.044004157185554504,-0.26457505002760745,0.017390661649764314,-0.030144858970199778,0.2668540888426872,5.0,21.0,2.0,0.9323532947732271,-0.05368306520317681,-0.35754085393965684,0.33293602159973334,-0.2581999599933624,0.017124108970165253,-0.029507672414183617,-0.06274682283401489,direct,SAFE_PROGRESSING,NONE,1,0,"6.633,21.325;6.224,21.244;5.816,21.163;5.408,21.081;5.000,21.000",0,1,PASS_THROUGH,-1,0.9305253675923649,-0.05627867622416105,-0.36187739756656573,0.3293277283079756,4.905670008635393,5.358973915478367,0.0,0,0,0,DIRECT_LOCAL,PASS_THROUGH,0,BYPASS_VISIBLE,1,10,5.0,21.0,2.0,5.0,21.0,2.0,1,
633,21.133333,0.033333,6.64997673034668,21.32855987548828,2.6354548931121826,1.823509959592499,-0.043509770184755325,-0.26187859438210653,0.017220066010007893,-0.03002181975787801,0.2641557088735948,5.0,21.0,2.0,0.9332335991430208,-0.05241156752504508,-0.35542661270666204,0.3347142116477928,-0.25551536679267883,0.01699911244213581,-0.029395535588264465,-0.06203743815422058,direct,SAFE_PROGRESSING,NONE,1,0,"6.641,21.327;6.231,21.245;5.821,21.163;5.410,21.082;5.000,21.000",0,1,PASS_THROUGH,-1,0.9305253675923649,-0.05627867622416105,-0.36187739756656573,0.3293277283079756,4.914524638125943,5.366195908819247,0.0,0,0,0,DIRECT_LOCAL,PASS_THROUGH,0,BYPASS_VISIBLE,1,10,5.0,21.0,2.0,5.0,21.0,2.0,1,
634,21.166667,0.033333,6.658539772033691,21.330162048339844,2.634528875350952,1.8220678249897548,-0.0430157445371151,-0.25914300971543064,0.01705727547127464,-0.02989767521359945,0.26141905269901927,5.0,21.0,2.0,0.9340920710363579,-0.051157672857092384,-0.35334812201970806,0.3364743557816194,-0.25280630588531494,0.01687401533126831,-0.029285892844200134,-0.06131492555141449,direct,SAFE_PROGRESSING,NONE,1,0,"6.650,21.329;6.237,21.246;5.825,21.164;5.412,21.082;5.000,21.000",0,1,PASS_THROUGH,-1,0.9305253675923649,-0.05627867622416105,-0.36187739756656573,0.3293277283079756,4.9232907198708356,5.3733404609716615,0.0,0,0,0,DIRECT_LOCAL,PASS_THROUGH,0,BYPASS_VISIBLE,1,10,5.0,21.0,2.0,5.0,21.0,2.0,1,
635,21.2,0.033333,6.667013645172119,21.33173370361328,2.633607864379883,1.8206421060822722,-0.04252379387617111,-0.25637249444174837,0.016901375692553032,-0.02977317777597353,0.258648322092885,5.0,21.0,2.0,0.9349293813509809,-0.04992268812350831,-0.351304393791474,0.33821656692607655,-0.2500756084918976,0.0167516078799963,-0.029178263619542122,-0.06056533008813858,direct,SAFE_PROGRESSING,NONE,1,0,"6.659,21.330;6.244,21.248;5.829,21.165;5.415,21.083;5.000,21.000",0,1,PASS_THROUGH,-1,0.9305253675923649,-0.05627867622416105,-0.36187739756656573,0.3293277283079756,4.931969007029796,5.380404783162407,0.0,0,0,0,DIRECT_LOCAL,PASS_THROUGH,0,BYPASS_VISIBLE,1,10,5.0,21.0,2.0,5.0,21.0,2.0,1,
636,21.233333,0.033333,6.675398349761963,21.333276748657227,2.632690668106079,1.8192326452625605,-0.042032837867736816,-0.2535705646377727,0.016752244227469647,-0.029649244529784218,0.25584711575189323,5.0,21.0,2.0,0.935745728323143,-0.048706100896484555,-0.3492959313539911,0.3399400972702703,-0.24731385707855225,0.016630791127681732,-0.029073182493448257,-0.0597991868853569,direct,SAFE_PROGRESSING,NONE,1,0,"6.667,21.332;6.250,21.249;5.834,21.166;5.417,21.083;5.000,21.000",1,1,PASS_THROUGH,-1,0.998648115288104,-0.05198020615116236,0.0,0.3399400972702703,4.940555692227928,5.387390116429262,0.0,0,0,0,DIRECT_LOCAL,PASS_THROUGH,0,BYPASS_VISIBLE,1,10,5.0,21.0,2.0,5.0,21.0,2.0,1,
637,21.266667,0.033333,6.683693885803223,21.33479118347168,2.631777286529541,1.8178396903621943,-0.041540566831827164,-0.2507396161593088,0.01660997174378301,-0.029527201274246934,0.25301798728180697,5.0,21.0,2.0,0.9365419766635152,-0.04750720162500677,-0.3473214530387617,0.341645021715853,-0.24451807141304016,0.01651151292026043,-0.02897089347243309,-0.05901495739817619,direct,SAFE_PROGRESSING,NONE,1,0,"6.675,21.333;6.257,21.250;5.838,21.167;5.419,21.083;5.000,21.000",0,1,PASS_THROUGH,-1,0.935745728323143,-0.048706100896484555,-0.3492959313539911,0.3399400972702703,4.949050951407812,5.3942963426118125,0.0,0,0,0,DIRECT_LOCAL,PASS_THROUGH,0,BYPASS_VISIBLE,1,10,5.0,21.0,2.0,5.0,21.0,2.0,1,
638,21.3,0.033333,6.691897869110107,21.336275100708008,2.6308677196502686,1.8164630770716625,-0.04104452580213547,-0.24788093036775857,0.016474762232963142,-0.02940892173026368,0.2501624634271796,5.0,21.0,2.0,0.9373186912535133,-0.046325917221099994,-0.34538034168207216,0.3433313406970895,-0.24167418479919434,0.016379397362470627,-0.02887275442481041,-0.058296702802181244,direct,SAFE_PROGRESSING,NONE,1,0,"6.684,21.335;6.263,21.251;5.842,21.167;5.421,21.084;5.000,21.000",0,1,PASS_THROUGH,-1,0.935745728323143,-0.048706100896484555,-0.3492959313539911,0.3399400972702703,4.957454775424984,5.401120312523932,0.0,0,0,0,DIRECT_LOCAL,PASS_THROUGH,0,BYPASS_VISIBLE,1,10,5.0,21.0,2.0,5.0,21.0,2.0,1,
639,21.333333,0.033333,6.700010299682617,21.337730407714844,2.629962205886841,1.8151032306232093,-0.04054645448923111,-0.2449942247185059,0.01634599067311896,-0.029295817389208126,0.24728042072313225,5.0,21.0,2.0,0.9380761809592135,-0.04516348028226058,-0.343472471627306,0.3449985126260983,-0.23881956934928894,0.0162571519613266,-0.02877841703593731,-0.05750283598899841,direct,SAFE_PROGRESSING,NONE,1,0,"6.692,21.336;6.269,21.252;5.846,21.168;5.423,21.084;5.000,21.000",0,1,PASS_THROUGH,-1,0.935745728323143,-0.048706100896484555,-0.3492959313539911,0.3399400972702703,4.8572814853907715,5.407863265282759,0.0,0,0,0,DIRECT_LOCAL,PASS_THROUGH,0,BYPASS_VISIBLE,1,10,5.0,21.0,2.0,5.0,21.0,2.0,1,
640,21.366667,0.033333,6.708029270172119,21.339153289794922,2.6290602684020996,1.8137598800387869,-0.0400460921227932,-0.24207904420539864,0.016222822014017386,-0.029186613171284237,0.24437123804962807,5.0,21.0,2.0,0.9388150212625901,-0.04401869008527878,-0.3415972932780626,0.3466466124064804,-0.2359468638896942,0.016142090782523155,-0.02868494763970375,-0.05664966255426407,direct,SAFE_PROGRESSING,NONE,1,0,"6.700,21.338;6.275,21.253;5.850,21.169;5.425,21.084;5.000,21.000",0,1,PASS_THROUGH,-1,0.935745728323143,-0.048706100896484555,-0.3492959313539911,0.3399400972702703,4.865484022797135,5.414521033163416,0.0,0,0,0,DIRECT_LOCAL,PASS_THROUGH,0,BYPASS_VISIBLE,1,10,5.0,21.0,2.0,5.0,21.0,2.0,1,
641,21.4,0.033333,6.715953826904297,21.340545654296875,2.628161668777466,1.8124333584012755,-0.03953835740685463,-0.2391358875474199,0.016104657695413416,-0.029079208385962098,0.24143515293538534,5.0,21.0,2.0,0.9395355458451107,-0.04289375090393305,-0.33975444695680035,0.34827511778727,-0.23304803669452667,0.016029387712478638,-0.0285919401794672,-0.055776119232177734,direct,SAFE_PROGRESSING,NONE,1,0,"6.708,21.339;6.281,21.254;5.854,21.170;5.427,21.085;5.000,21.000",0,1,PASS_THROUGH,-1,0.935745728323143,-0.048706100896484555,-0.3492959313539911,0.3399400972702703,4.873590942293707,5.4210941842946125,0.0,0,0,0,DIRECT_LOCAL,PASS_THROUGH,0,BYPASS_VISIBLE,1,10,5.0,21.0,2.0,5.0,21.0,2.0,1,
642,21.433333,0.033333,6.72378396987915,21.341909408569336,2.6272661685943604,1.811123890345571,-0.03901856765151024,-0.2361661856708195,0.015991316773100346,-0.028972810826006265,0.23847350635574005,5.0,21.0,2.0,0.9402383094251414,-0.041787823486112013,-0.337943337406799,0.3498839166768309,-0.2301185578107834,0.015916962176561356,-0.028500646352767944,-0.05489618331193924,direct,SAFE_PROGRESSING,NONE,1,0,"6.716,21.341;6.287,21.255;5.858,21.170;5.429,21.085;5.000,21.000",1,1,PASS_THROUGH,-1,0.9990138321904141,-0.04440003482232188,0.0,0.3498839166768309,4.890617720136601,5.427583955394395,0.0,0,0,0,DIRECT_LOCAL,PASS_THROUGH,0,BYPASS_VISIBLE,1,10,5.0,21.0,2.0,5.0,21.0,2.0,1,
643,21.466667,0.033333,6.731518268585205,21.343242645263672,2.6263740062713623,1.8098318542490053,-0.03848476707935333,-0.2331717267100445,0.015882848128779634,-0.02886790448947861,0.2354881629960181,5.0,21.0,2.0,0.9409238918424837,-0.040700330699854764,-0.33616322351041966,0.3514730839470105,-0.22716090083122253,0.01580863632261753,-0.02841169200837612,-0.05399066582322121,direct,SAFE_PROGRESSING,NONE,1,0,"6.724,21.342;6.293,21.256;5.862,21.171;5.431,21.085;5.000,21.000",0,1,PASS_THROUGH,-1,0.9402383094251414,-0.041787823486112013,-0.337943337406799,0.3498839166768309,4.898545197432602,5.433987869789468,0.0,0,0,0,DIRECT_LOCAL,PASS_THROUGH,0,BYPASS_VISIBLE,1,10,5.0,21.0,2.0,5.0,21.0,2.0,1,
644,21.5,0.033333,6.739156246185303,21.344547271728516,2.6254849433898926,1.8085578461679623,-0.037936244159936905,-0.23015375543583505,0.015779291458080602,-0.028765553047696037,0.23248052439350067,5.0,21.0,2.0,0.941592556383153,-0.03963275250126766,-0.3344139690458699,0.3530422653435087,-0.2241639643907547,0.01570103131234646,-0.028325852006673813,-0.05307848006486893,direct,SAFE_PROGRESSING,NONE,1,0,"6.732,21.343;6.299,21.257;5.866,21.172;5.433,21.086;5.000,21.000",0,1,PASS_THROUGH,-1,0.9402383094251414,-0.041787823486112013,-0.337943337406799,0.3498839166768309,4.906374314464583,5.440306826624596,0.0,0,0,0,DIRECT_LOCAL,PASS_THROUGH,0,BYPASS_VISIBLE,1,10,5.0,21.0,2.0,5.0,21.0,2.0,1,
645,21.533333,0.033333,6.746697425842285,21.345823287963867,2.624598741531372,1.8073025153211932,-0.03737330064177513,-0.2271125826716413,0.015680535979811915,-0.028667093346208424,0.22945109861867632,5.0,21.0,2.0,0.9422448190448703,-0.03858472396077384,-0.3326949354287956,0.3545914421472079,-0.2211381494998932,0.015598108991980553,-0.028243552893400192,-0.05212881416082382,direct,SAFE_PROGRESSING,NONE,1,0,"6.739,21.345;6.304,21.258;5.870,21.172;5.435,21.086;5.000,21.000",0,1,PASS_THROUGH,-1,0.9402383094251414,-0.041787823486112013,-0.337943337406799,0.3498839166768309,4.905050086313205,5.44654037341601,0.0,0,0,0,DIRECT_LOCAL,PASS_THROUGH,0,BYPASS_VISIBLE,1,10,5.0,21.0,2.0,5.0,21.0,2.0,1,
646,21.566667,0.033333,6.754140377044678,21.347064971923828,2.6237151622772217,1.806066269202928,-0.03679581731557846,-0.22404760928993217,0.015586355901390805,-0.028573220357243884,0.22639941395772772,5.0,21.0,2.0,0.9428811254426934,-0.0375566566155236,-0.3310055601161158,0.35612052139365435,-0.21807438135147095,0.01549161784350872,-0.028164327144622803,-0.05119030550122261,direct,SAFE_PROGRESSING,NONE,1,0,"6.747,21.346;6.310,21.259;5.873,21.173;5.437,21.086;5.000,21.000",0,1,PASS_THROUGH,-1,0.9402383094251414,-0.041787823486112013,-0.337943337406799,0.3498839166768309,4.912669514179128,5.452683340879642,0.0,0,0,0,DIRECT_LOCAL,PASS_THROUGH,0,BYPASS_VISIBLE,1,10,5.0,21.0,2.0,5.0,21.0,2.0,1,
647,21.6,0.033333,6.761483669281006,21.348278045654297,2.6228346824645996,1.804849480813645,-0.036204785108566284,-0.22095754428911937,0.015496313815278181,-0.02848461043441321,0.2233243048835931,5.0,21.0,2.0,0.9435016818063122,-0.03655178833095782,-0.32934562878299906,0.35762900089981137,-0.21496953070163727,0.015378660522401333,-0.028089318424463272,-0.05027967318892479,direct,SAFE_PROGRESSING,NONE,1,0,"6.754,21.347;6.316,21.260;5.877,21.174;5.439,21.087;5.000,21.000",0,1,PASS_THROUGH,-1,0.9402383094251414,-0.041787823486112013,-0.337943337406799,0.3498839166768309,4.920188353070316,5.458738650058472,0.0,0,0,0,DIRECT_LOCAL,PASS_THROUGH,0,BYPASS_VISIBLE,1,10,5.0,21.0,2.0,5.0,21.0,2.0,1,
648,21.633333,0.033333,6.7687273025512695,21.349462509155273,2.6219565868377686,1.8036526074918928,-0.03560400381684303,-0.21784061440062186,0.015409390897198042,-0.02840181350315041,0.22022408047380018,5.0,21.0,2.0,0.9441069304624481,-0.035567494393406895,-0.3277149023089262,0.35911682301047676,-0.2118382453918457,0.015268201008439064,-0.028018862009048462,-0.04934535175561905,direct,SAFE_PROGRESSING,NONE,1,0,"6.761,21.348;6.321,21.261;5.881,21.174;5.440,21.087;5.000,21.000",1,1,PASS_THROUGH,-1,0.999291120867797,-0.03764645740015607,0.0,0.35911682301047676,4.927605629031632,5.4647061862350075,0.0,0,0,0,DIRECT_LOCAL,PASS_THROUGH,0,BYPASS_VISIBLE,1,10,5.0,21.0,2.0,5.0,21.0,2.0,1,
649,21.666667,0.033333,6.7758708000183105,21.350618362426758,2.6210806369781494,1.8024756621819824,-0.03499634936451912,-0.21469518556709777,0.015324511041824158,-0.02832428639953942,0.21709704867732466,5.0,21.0,2.0,0.9446974012106325,-0.03460386781928598,-0.32611254572282683,0.36058398833533306,-0.20867213606834412,0.015154831111431122,-0.027951586991548538,-0.04842069000005722,direct,SAFE_PROGRESSING,NONE,1,0,"6.769,21.349;6.327,21.262;5.884,21.175;5.442,21.087;5.000,21.000",0,1,PASS_THROUGH,-1,0.9441069304624481,-0.035567494393406895,-0.3277149023089262,0.35911682301047676,4.934921334031974,5.470585498470771,0.0,0,0,0,DIRECT_LOCAL,PASS_THROUGH,0,BYPASS_VISIBLE,1,10,5.0,21.0,2.0,5.0,21.0,2.0,1,
650,21.7,0.033333,6.782912731170654,21.35174560546875,2.620206356048584,1.8013192387129482,-0.034383825957775116,-0.21152004782613776,0.015240366689366562,-0.028251724081183184,0.21394195316196699,5.0,21.0,2.0,0.9452734871334302,-0.033661495883710424,-0.32453803816729365,0.362030403940249,-0.20544585585594177,0.015024557709693909,-0.02788853831589222,-0.04757377505302429,direct,SAFE_PROGRESSING,NONE,1,0,"6.776,21.351;6.332,21.263;5.888,21.175;5.444,21.088;5.000,21.000",0,1,PASS_THROUGH,-1,0.9441069304624481,-0.035567494393406895,-0.3277149023089262,0.35911682301047676,4.942134985083524,5.476375460071576,0.0,0,0,0,DIRECT_LOCAL,PASS_THROUGH,0,BYPASS_VISIBLE,1,10,5.0,21.0,2.0,5.0,21.0,2.0,1,
651,21.733333,0.033333,6.789851188659668,21.352842330932617,2.619335174560547,1.8001829997002776,-0.033772069960832596,-0.20831362840241807,0.015155415811034302,-0.028184991960097893,0.21075732058074956,5.0,21.0,2.0,0.9458355917149489,-0.03273998839902803,-0.32299090792909946,0.3634557897701991,-0.20218275487422943,0.014884724281728268,-0.027830712497234344,-0.046774379909038544,direct,SAFE_PROGRESSING,NONE,1,0,"6.783,21.352;6.337,21.264;5.891,21.176;5.446,21.088;5.000,21.000",0,1,PASS_THROUGH,-1,0.9441069304624481,-0.035567494393406895,-0.3277149023089262,0.35911682301047676,4.949245148995852,5.482073261983847,0.0,0,0,0,DIRECT_LOCAL,PASS_THROUGH,0,BYPASS_VISIBLE,1,10,5.0,21.0,2.0,5.0,21.0,2.0,1,
652,21.766667,0.033333,6.796685695648193,21.35390853881836,2.618464469909668,1.7990669918858655,-0.03316874802112579,-0.20507396103623798,0.01506768147587017,-0.028124517670957604,0.20754120799102696,5.0,21.0,2.0,0.9463837165028814,-0.03184022944594864,-0.32147171092807375,0.3648596984071762,-0.1988900601863861,0.014751503244042397,-0.027778392657637596,-0.045929983258247375,direct,SAFE_PROGRESSING,NONE,1,0,"6.790,21.353;6.342,21.265;5.895,21.176;5.447,21.088;5.000,21.000",0,1,PASS_THROUGH,-1,0.9441069304624481,-0.035567494393406895,-0.3277149023089262,0.35911682301047676,4.9562497626424715,5.487678455665974,0.0,0,0,0,DIRECT_LOCAL,PASS_THROUGH,0,BYPASS_VISIBLE,1,10,5.0,21.0,2.0,5.0,21.0,2.0,1,
653,21.8,0.033333,6.803414821624756,21.354944229125977,2.6175966262817383,1.7979709897906127,-0.03257623687386513,-0.20179946786863215,0.014975572763428641,-0.028068981796912494,0.20429185189520224,5.0,21.0,2.0,0.9469186317598679,-0.0309620348540236,-0.3199788387123714,0.3662420370626714,-0.19557517766952515,0.01462680846452713,-0.02772856131196022,-0.04504144936800003,direct,SAFE_PROGRESSING,NONE,1,0,"6.797,21.354;6.348,21.265;5.898,21.177;5.449,21.088;5.000,21.000",0,1,PASS_THROUGH,-1,0.9441069304624481,-0.035567494393406895,-0.3277149023089262,0.35911682301047676,4.963148343467162,5.493189915552584,0.0,0,0,0,DIRECT_LOCAL,PASS_THROUGH,0,BYPASS_VISIBLE,1,10,5.0,21.0,2.0,5.0,21.0,2.0,1,
654,21.833333,0.033333,6.810037136077881,21.355953216552734,2.6167287826538086,1.7968944451372348,-0.031990934163331985,-0.19848964359081028,0.01487874336785267,-0.02801655071863338,0.2010085638254825,5.0,21.0,2.0,0.9474402685725466,-0.030104790144389465,-0.3185131694256035,0.36760252581535313,-0.19220855832099915,0.014497493393719196,-0.027681181207299232,-0.04418022185564041,direct,SAFE_PROGRESSING,NONE,1,0,"6.803,21.355;6.353,21.266;5.902,21.177;5.451,21.089;5.000,21.000",1,1,PASS_THROUGH,-1,0.9994955608044667,-0.03175884022071557,0.0,0.36760252581535313,4.969939458765493,5.498609196132799,0.0,0,0,0,DIRECT_LOCAL,PASS_THROUGH,0,BYPASS_VISIBLE,1,10,5.0,21.0,2.0,5.0,21.0,2.0,1,
655,21.866667,0.033333,6.81655216217041,21.356935501098633,2.615863800048828,1.795837301509559,-0.031409986317157745,-0.19514449029254452,0.014777738110186088,-0.02796710057728997,0.19769145745299788,5.0,21.0,2.0,0.9479494518624666,-0.0292664514501359,-0.31707303816812604,0.3689410319471259,-0.18879416584968567,0.014364281669259071,-0.02763746678829193,-0.04334690421819687,direct,SAFE_PROGRESSING,NONE,1,0,"6.810,21.356;6.358,21.267;5.905,21.178;5.453,21.089;5.000,21.000",0,1,PASS_THROUGH,-1,0.9474402685725466,-0.030104790144389465,-0.3185131694256035,0.36760252581535313,4.976621987382725,5.503935844438248,0.0,0,0,0,DIRECT_LOCAL,PASS_THROUGH,0,BYPASS_VISIBLE,1,10,5.0,21.0,2.0,5.0,21.0,2.0,1,
656,21.9,0.033333,6.822958469390869,21.357887268066406,2.6149990558624268,1.7947994186680987,-0.0308335293084383,-0.19176341971537622,0.014673371950618302,-0.02792158041644368,0.19434024708816405,5.0,21.0,2.0,0.9484460503306852,-0.028446903087555125,-0.3156594103093563,0.3702574623059216,-0.18533967435359955,0.014241267926990986,-0.027598170563578606,-0.04246985912322998,direct,SAFE_PROGRESSING,NONE,1,0,"6.817,21.357;6.362,21.268;5.908,21.178;5.454,21.089;5.000,21.000",0,1,PASS_THROUGH,-1,0.9474402685725466,-0.030104790144389465,-0.3185131694256035,0.36760252581535313,4.983195448867521,5.509166052146754,0.0,0,0,0,DIRECT_LOCAL,PASS_THROUGH,0,BYPASS_VISIBLE,1,10,5.0,21.0,2.0,5.0,21.0,2.0,1,
657,21.933333,0.033333,6.829254150390625,21.35881233215332,2.6141343116760254,1.7937809466108332,-0.030260007828474045,-0.18834508395528735,0.014566362896548606,-0.027880519200774317,0.19095385025985454,5.0,21.0,2.0,0.9489306253275231,-0.027648145073421865,-0.3142709792353008,0.3715513895959985,-0.1818055510520935,0.01409376971423626,-0.02756195329129696,-0.041711241006851196,direct,SAFE_PROGRESSING,NONE,1,0,"6.823,21.358;6.367,21.268;5.911,21.179;5.456,21.089;5.000,21.000",0,1,PASS_THROUGH,-1,0.9474402685725466,-0.030104790144389465,-0.3185131694256035,0.36760252581535313,4.899354418846645,5.514301028730781,0.0,0,0,0,DIRECT_LOCAL,PASS_THROUGH,0,BYPASS_VISIBLE,1,10,5.0,21.0,2.0,5.0,21.0,2.0,1,
658,21.966667,0.033333,6.8354387283325195,21.359710693359375,2.6132724285125732,1.7927813622754378,-0.029692431911826134,-0.18488648949111902,0.014456698395298945,-0.027846061205851858,0.1875297663026389,5.0,21.0,2.0,0.9494035453740798,-0.026867646846192916,-0.31290739458196887,0.37282258710687755,-0.17818929255008698,0.013922899961471558,-0.027533069252967834,-0.04105013236403465,direct,SAFE_PROGRESSING,NONE,1,0,"6.829,21.359;6.372,21.269;5.915,21.179;5.457,21.090;5.000,21.000",0,1,PASS_THROUGH,-1,0.9474402685725466,-0.030104790144389465,-0.3185131694256035,0.36760252581535313,4.905712084239701,5.519340322139003,0.0,0,0,0,DIRECT_LOCAL,PASS_THROUGH,0,BYPASS_VISIBLE,1,10,5.0,21.0,2.0,5.0,21.0,2.0,1,
659,22.0,0.033333,6.841508865356445,21.360580444335938,2.6124110221862793,1.7918005692727184,-0.0291400495916605,-0.18138253763413512,0.014342616229499363,-0.027819945821786946,0.18406326353847013,5.0,21.0,2.0,0.9498646609725472,-0.0261053341773011,-0.3115696348539113,0.374070961630543,-0.17454570531845093,0.013754005543887615,-0.02750995010137558,-0.0403624102473259,direct,SAFE_PROGRESSING,NONE,1,0,"6.835,21.360;6.377,21.270;5.918,21.180;5.459,21.090;5.000,21.000",0,1,PASS_THROUGH,-1,0.9474402685725466,-0.030104790144389465,-0.3185131694256035,0.36760252581535313,4.91195648995552,5.524280103961011,0.0,0,0,0,DIRECT_LOCAL,PASS_THROUGH,0,BYPASS_VISIBLE,1,10,5.0,21.0,2.0,5.0,21.0,2.0,1,
660,22.033333,0.033333,6.8474650382995605,21.36142349243164,2.6115496158599854,1.790837611512643,-0.028607789427042007,-0.17782815945048253,0.014221786330310389,-0.027800082123673762,0.18054904615105072,5.0,21.0,2.0,0.9503144575998979,-0.025361002374983593,-0.3102567505069765,0.3752957851094992,-0.17087818682193756,0.013589166104793549,-0.02748931758105755,-0.03964802995324135,direct,SAFE_PROGRESSING,NONE,1,0,"6.842,21.361;6.381,21.270;5.921,21.180;5.460,21.090;5.000,21.000",1,1,PASS_THROUGH,-1,0.9996440932209518,-0.02667746030755283,0.0,0.3752957851094992,4.918084115791328,5.529121940308403,0.0,0,0,0,DIRECT_LOCAL,PASS_THROUGH,0,BYPASS_VISIBLE,1,10,5.0,21.0,2.0,5.0,21.0,2.0,1,
661,22.066667,0.033333,6.853304862976074,21.36223793029785,2.6106882095336914,1.7898922259635668,-0.028093619272112846,-0.17422088096274838,0.01409247824643628,-0.02778284047541143,0.17698417876026254,5.0,21.0,2.0,0.9507533641371118,-0.024633573154556165,-0.308968004258699,0.3764972248833014,-0.16716426610946655,0.013415134511888027,-0.027469487860798836,-0.03897547349333763,direct,SAFE_PROGRESSING,NONE,1,0,"6.847,21.361;6.386,21.271;5.924,21.181;5.462,21.090;5.000,21.000",0,1,PASS_THROUGH,-1,0.9503144575998979,-0.025361002374983593,-0.3102567505069765,0.3752957851094992,4.924095631684815,5.53386268401347,0.0,0,0,0,DIRECT_LOCAL,PASS_THROUGH,0,BYPASS_VISIBLE,1,10,5.0,21.0,2.0,5.0,21.0,2.0,1,
662,22.1,0.033333,6.859026908874512,21.36302375793457,2.6098268032073975,1.788963589787137,-0.027595462277531624,-0.17056098340470258,0.013954026481038752,-0.027766654588425508,0.1733688294418742,5.0,21.0,2.0,0.9511815266232464,-0.023923045914758106,-0.30770341448354244,0.3776747401284463,-0.16338811814785004,0.013228112831711769,-0.02745264396071434,-0.038357384502887726,direct,SAFE_PROGRESSING,NONE,1,0,"6.853,21.362;6.390,21.272;5.927,21.181;5.463,21.091;5.000,21.000",0,1,PASS_THROUGH,-1,0.9503144575998979,-0.025361002374983593,-0.3102567505069765,0.3752957851094992,4.920603488441338,5.538501205126795,0.0,0,0,0,DIRECT_LOCAL,PASS_THROUGH,0,BYPASS_VISIBLE,1,10,5.0,21.0,2.0,5.0,21.0,2.0,1,
663,22.133333,0.033333,6.864628791809082,21.363784790039062,2.6089653968811035,1.788051101411814,-0.02711438573896885,-0.16684960690962283,0.013806285350988861,-0.027752239221553825,0.16970442428793348,5.0,21.0,2.0,0.9515991648731063,-0.023228774257901125,-0.3064628092595937,0.37882805053187174,-0.15955311059951782,0.013035562820732594,-0.027440285310149193,-0.03776564076542854,direct,SAFE_PROGRESSING,NONE,1,0,"6.859,21.363;6.394,21.272;5.930,21.182;5.465,21.091;5.000,21.000",0,1,PASS_THROUGH,-1,0.9503144575998979,-0.025361002374983593,-0.3102567505069765,0.3752957851094992,4.926371262569685,5.543038358237669,0.0,0,0,0,DIRECT_LOCAL,PASS_THROUGH,0,BYPASS_VISIBLE,1,10,5.0,21.0,2.0,5.0,21.0,2.0,1,
664,22.166667,0.033333,6.870108127593994,21.364517211914062,2.6081039905548096,1.7871545048759454,-0.026651913300156593,-0.16308716344371235,0.0136492361544311,-0.02774083168280311,0.16599180181614145,5.0,21.0,2.0,0.9520065199084871,-0.022548472569143913,-0.3052460522865612,0.37995683463820795,-0.15566201508045197,0.01284465566277504,-0.027432581409811974,-0.037168338894844055,direct,SAFE_PROGRESSING,NONE,1,0,"6.865,21.364;6.398,21.273;5.932,21.182;5.466,21.091;5.000,21.000",0,1,PASS_THROUGH,-1,0.9503144575998979,-0.025361002374983593,-0.3102567505069765,0.3752957851094992,4.932017235751154,5.547469661028854,0.0,0,0,0,DIRECT_LOCAL,PASS_THROUGH,0,BYPASS_VISIBLE,1,10,5.0,21.0,2.0,5.0,21.0,2.0,1,
665,22.2,0.033333,6.87546443939209,21.365222930908203,2.6072425842285156,1.786273040918286,-0.02620718628168106,-0.15927293240340312,0.013483233919812482,-0.027733556568430462,0.16223074540064758,5.0,21.0,2.0,0.9524036776735024,-0.021883137526434254,-0.3040532240348501,0.3810604784899487,-0.1516994833946228,0.012646530754864216,-0.027429383248090744,-0.03660014271736145,direct,SAFE_PROGRESSING,NONE,1,0,"6.870,21.365;6.403,21.273;5.935,21.182;5.468,21.091;5.000,21.000",0,1,PASS_THROUGH,-1,0.9503144575998979,-0.025361002374983593,-0.3102567505069765,0.3752957851094992,4.937538709335803,5.551795996734854,0.0,0,0,0,DIRECT_LOCAL,PASS_THROUGH,0,BYPASS_VISIBLE,1,10,5.0,21.0,2.0,5.0,21.0,2.0,1,
666,22.233333,0.033333,6.8806939125061035,21.365903854370117,2.6063811779022217,1.7854061199908353,-0.025778846815228462,-0.1554046629931025,0.013308815265381769,-0.027731211516091432,0.15841955035890617,5.0,21.0,2.0,0.952790915276879,-0.021231293918037075,-0.30288397766209574,0.3821389617762347,-0.14766661822795868,0.012437799014151096,-0.02743060514330864,-0.03607909381389618,direct,SAFE_PROGRESSING,NONE,1,0,"6.875,21.365;6.407,21.274;5.938,21.183;5.469,21.091;5.000,21.000",1,1,PASS_THROUGH,-1,0.9997518204364718,-0.022277736284472383,0.0,0.3821389617762347,4.942935365354074,5.556015857011001,0.0,0,0,0,DIRECT_LOCAL,PASS_THROUGH,0,BYPASS_VISIBLE,1,10,5.0,21.0,2.0,5.0,21.0,2.0,1,
667,22.266667,0.033333,6.885796070098877,21.366558074951172,2.6055195331573486,1.784553181814331,-0.025367410853505135,-0.15147879675546705,0.013126290097874515,-0.027734113648693794,0.15455518890705774,5.0,21.0,2.0,0.9531683553148017,-0.020591181074516574,-0.3017384458242467,0.3831916086336142,-0.14358392357826233,0.012234668247401714,-0.027436286211013794,-0.03554334491491318,direct,SAFE_PROGRESSING,NONE,1,0,"6.881,21.366;6.411,21.274;5.940,21.183;5.470,21.091;5.000,21.000",0,1,PASS_THROUGH,-1,0.952790915276879,-0.021231293918037075,-0.30288397766209574,0.3821389617762347,4.9482035603746795,5.560127459120606,0.0,0,0,0,DIRECT_LOCAL,PASS_THROUGH,0,BYPASS_VISIBLE,1,10,5.0,21.0,2.0,5.0,21.0,2.0,1,
668,22.3,0.033333,6.890769004821777,21.367185592651367,2.6046547889709473,1.7837134794891096,-0.024971965700387955,-0.1474919405015267,0.012936146659025411,-0.027741772964965418,0.15063473162099575,5.0,21.0,2.0,0.9535362198645705,-0.01996304926196546,-0.30061629042776394,0.3842182525759169,-0.13943299651145935,0.01203587744385004,-0.027446109801530838,-0.03500417247414589,direct,SAFE_PROGRESSING,NONE,1,0,"6.886,21.367;6.414,21.275;5.943,21.183;5.471,21.092;5.000,21.000",0,1,PASS_THROUGH,-1,0.952790915276879,-0.021231293918037075,-0.30288397766209574,0.3821389617762347,4.953342656773356,5.5641293293904495,0.0,0,0,0,DIRECT_LOCAL,PASS_THROUGH,0,BYPASS_VISIBLE,1,10,5.0,21.0,2.0,5.0,21.0,2.0,1,
669,22.333333,0.033333,6.895610332489014,21.367788314819336,2.603790044784546,1.7828867942992146,-0.024589423090219498,-0.1434412528136642,0.012739292678218283,-0.0277537246902747,0.14665589596357317,5.0,21.0,2.0,0.9538950610986648,-0.01934658604591319,-0.2995161465095703,0.3852185192352761,-0.13519582152366638,0.011828294955193996,-0.02745995670557022,-0.034516919404268265,direct,SAFE_PROGRESSING,NONE,1,0,"6.891,21.367;6.418,21.275;5.945,21.184;5.473,21.092;5.000,21.000",0,1,PASS_THROUGH,-1,0.952790915276879,-0.021231293918037075,-0.30288397766209574,0.3821389617762347,4.958350751784653,5.568020981510377,0.0,0,0,0,DIRECT_LOCAL,PASS_THROUGH,0,BYPASS_VISIBLE,1,10,5.0,21.0,2.0,5.0,21.0,2.0,1,
670,22.366667,0.033333,6.900318145751953,21.368364334106445,2.6029250621795654,1.7820728915065087,-0.024218935519456863,-0.1393240817387051,0.012536716877978988,-0.027769905498535516,0.1426167475221952,5.0,21.0,2.0,0.9542445929070933,-0.0187404762191819,-0.29843935976786673,0.38619201323469937,-0.1308894008398056,0.011619310826063156,-0.027478093281388283,-0.034043096005916595,direct,SAFE_PROGRESSING,NONE,1,0,"6.896,21.368;6.422,21.276;5.948,21.184;5.474,21.092;5.000,21.000",0,1,PASS_THROUGH,-1,0.952790915276879,-0.021231293918037075,-0.30288397766209574,0.3821389617762347,4.963225628240334,5.571799611632816,0.0,0,0,0,DIRECT_LOCAL,PASS_THROUGH,0,BYPASS_VISIBLE,1,10,5.0,21.0,2.0,5.0,21.0,2.0,1,
671,22.4,0.033333,6.9048895835876465,21.368915557861328,2.6020572185516357,1.7812712482975759,-0.02386099472641945,-0.13513773405413157,0.012329200143983985,-0.02778996875824151,0.13851533743618302,5.0,21.0,2.0,0.954584956389674,-0.01814503973789347,-0.2973858076092979,0.3871382873194449,-0.126506507396698,0.011408221907913685,-0.027499590069055557,-0.0335843488574028,direct,SAFE_PROGRESSING,NONE,1,0,"6.900,21.368;6.425,21.276;5.950,21.184;5.475,21.092;5.000,21.000",0,1,PASS_THROUGH,-1,0.952790915276879,-0.021231293918037075,-0.30288397766209574,0.3821389617762347,4.967965223329705,5.575464390149882,0.0,0,0,0,DIRECT_LOCAL,PASS_THROUGH,0,BYPASS_VISIBLE,1,10,5.0,21.0,2.0,5.0,21.0,2.0,1,
672,22.433333,0.033333,6.909323215484619,21.36944007873535,2.601189374923706,1.7804811899197117,-0.023515522480010986,-0.13087944068284674,0.01211731234868184,-0.027813591400476526,0.13434974178837486,5.0,21.0,2.0,0.9549166503920796,-0.017558517164155435,-0.296354330622933,0.3880568522519788,-0.1220308169722557,0.011188220232725143,-0.02752467803657055,-0.03316632658243179,direct,SAFE_PROGRESSING,NONE,1,0,"6.905,21.369;6.429,21.277;5.952,21.184;5.476,21.092;5.000,21.000",1,1,PASS_THROUGH,-1,0.9998309930219811,-0.018384379039807136,0.0,0.3880568522519788,4.972566845218234,5.579012857397836,0.0,0,0,0,DIRECT_LOCAL,PASS_THROUGH,0,BYPASS_VISIBLE,1,10,5.0,21.0,2.0,5.0,21.0,2.0,1,
673,22.466667,0.033333,6.913614749908447,21.369937896728516,2.600318431854248,1.7797024328141937,-0.023183420300483704,-0.12654617614091085,0.011901218594687525,-0.02784112475074646,0.13011803075404882,5.0,21.0,2.0,0.9552393858368059,-0.016981489713142395,-0.29534614396203746,0.38894735443062256,-0.11746616661548615,0.010958299972116947,-0.027554135769605637,-0.032792236655950546,direct,SAFE_PROGRESSING,NONE,1,0,"6.909,21.369;6.432,21.277;5.955,21.185;5.477,21.092;5.000,21.000",0,1,PASS_THROUGH,-1,0.9549166503920796,-0.017558517164155435,-0.296354330622933,0.3880568522519788,4.977028906415374,5.582441828768105,0.0,0,0,0,DIRECT_LOCAL,PASS_THROUGH,0,BYPASS_VISIBLE,1,10,5.0,21.0,2.0,5.0,21.0,2.0,1,
674,22.5,0.033333,6.917763710021973,21.370410919189453,2.5994462966918945,1.7789345734384088,-0.022866908460855484,-0.12213426418150264,0.011680481034000975,-0.02787289864366072,0.1258177674382379,5.0,21.0,2.0,0.9555536193993504,-0.01641324548832815,-0.2943601294763636,0.3898089510774778,-0.11281486600637436,0.010711979120969772,-0.02758783847093582,-0.032483138144016266,direct,SAFE_PROGRESSING,NONE,1,0,"6.914,21.370;6.435,21.277;5.957,21.185;5.478,21.092;5.000,21.000",0,1,PASS_THROUGH,-1,0.9549166503920796,-0.017558517164155435,-0.296354330622933,0.3880568522519788,4.981347129303222,5.585752185869396,0.0,0,0,0,DIRECT_LOCAL,PASS_THROUGH,0,BYPASS_VISIBLE,1,10,5.0,21.0,2.0,5.0,21.0,2.0,1,
675,22.533333,0.033333,6.92176628112793,21.37085723876953,2.598572015762329,1.7781769846267161,-0.022569824010133743,-0.11763983981918871,0.011453962175503759,-0.027908972008443115,0.12144643214508329,5.0,21.0,2.0,0.9558592955415206,-0.015852289319548157,-0.29339685078438965,0.3906416207488401,-0.10807397961616516,0.010449341498315334,-0.027626272290945053,-0.03223094344139099,direct,SAFE_PROGRESSING,NONE,1,0,"6.918,21.370;6.438,21.278;5.959,21.185;5.479,21.093;5.000,21.000",0,1,PASS_THROUGH,-1,0.9549166503920796,-0.017558517164155435,-0.296354330622933,0.3880568522519788,4.985521198388889,5.588939759836273,0.0,0,0,0,DIRECT_LOCAL,PASS_THROUGH,0,BYPASS_VISIBLE,1,10,5.0,21.0,2.0,5.0,21.0,2.0,1,
676,22.566667,0.033333,6.925620079040527,21.37127685546875,2.5976948738098145,1.777428719233726,-0.022296683862805367,-0.11305925121747153,0.01121996467659917,-0.02794917883622681,0.11700187387738221,5.0,21.0,2.0,0.9561565578904567,-0.015298349423044977,-0.2924561459569688,0.3914445417081727,-0.10325402021408081,0.010174550116062164,-0.02766898088157177,-0.03202147036790848,direct,SAFE_PROGRESSING,NONE,1,0,"6.922,21.371;6.441,21.278;5.961,21.185;5.480,21.093;5.000,21.000",0,1,PASS_THROUGH,-1,0.9549166503920796,-0.017558517164155435,-0.296354330622933,0.3880568522519788,4.989547150752796,5.592002737362051,0.0,0,0,0,DIRECT_LOCAL,PASS_THROUGH,0,BYPASS_VISIBLE,1,10,5.0,21.0,2.0,5.0,21.0,2.0,1,
677,22.6,0.033333,6.929321765899658,21.37166976928711,2.596815586090088,1.7766890947070395,-0.022050825878977776,-0.10838974577219938,0.010976616004529791,-0.027992733489701337,0.11248295966811307,5.0,21.0,2.0,0.9564455950823344,-0.014750620864520086,-0.29153772111291265,0.3922172455265479,-0.09836091846227646,0.009896205738186836,-0.027715150266885757,-0.03182842582464218,direct,SAFE_PROGRESSING,NONE,1,0,"6.926,21.371;6.444,21.278;5.963,21.186;5.481,21.093;5.000,21.000",0,1,PASS_THROUGH,-1,0.9549166503920796,-0.017558517164155435,-0.296354330622933,0.3880568522519788,4.993422609784284,5.59493862009402,0.0,0,0,0,DIRECT_LOCAL,PASS_THROUGH,0,BYPASS_VISIBLE,1,10,5.0,21.0,2.0,5.0,21.0,2.0,1,
678,22.633333,0.033333,6.932868480682373,21.372037887573242,2.595933437347412,1.775956996699469,-0.02183287963271141,-0.10362994682947461,0.010722649537606795,-0.028038419699335515,0.10789019451378405,5.0,21.0,2.0,0.9567263639965027,-0.014207793916271888,-0.29064205309291374,0.3929590764329593,-0.09338535368442535,0.009609171189367771,-0.02776399627327919,-0.03167156130075455,direct,SAFE_PROGRESSING,NONE,1,0,"6.929,21.372;6.447,21.279;5.965,21.186;5.482,21.093;5.000,21.000",1,1,PASS_THROUGH,-1,0.9998897506612631,-0.014848788588875644,0.0,0.3929590764329593,4.997144248737745,5.597746577430662,0.0,0,0,0,DIRECT_LOCAL,PASS_THROUGH,0,BYPASS_VISIBLE,1,10,5.0,21.0,2.0,5.0,21.0,2.0,1,
679,22.666667,0.033333,6.936257839202881,21.372377395629883,2.595048427581787,1.7752317711706072,-0.021642183884978294,-0.0987797804948879,0.01045763056697583,-0.028085829621599525,0.10322606694642152,5.0,21.0,2.0,0.9569990508157755,-0.013668136274414738,-0.2897688713241791,0.3936695443340948,-0.08831828832626343,0.009310929104685783,-0.027816249057650566,-0.031555838882923126,direct,SAFE_PROGRESSING,NONE,1,0,"6.933,21.372;6.450,21.279;5.966,21.186;5.483,21.093;5.000,21.000",0,1,PASS_THROUGH,-1,0.9567263639965027,-0.014207793916271888,-0.29064205309291374,0.3929590764329593,inf,5.600422150423314,0.0,0,0,0,DIRECT_LOCAL,PASS_THROUGH,0,BYPASS_VISIBLE,1,10,5.0,21.0,2.0,5.0,21.0,2.0,1,
680,22.7,0.033333,6.9394850730896,21.372692108154297,2.594160318374634,1.7745123945865071,-0.021478286013007164,-0.09383931489181793,0.010181731039891655,-0.028135304849634186,0.09849406096469117,5.0,21.0,2.0,0.9572636787100869,-0.013132337017584345,-0.28891831223875075,0.3943480363663906,-0.08316218852996826,0.009007261134684086,-0.027872461825609207,-0.031454138457775116,direct,SAFE_PROGRESSING,NONE,1,0,"6.936,21.372;6.452,21.279;5.968,21.186;5.484,21.093;5.000,21.000",0,1,PASS_THROUGH,-1,0.9567263639965027,-0.014207793916271888,-0.29064205309291374,0.3929590764329593,inf,5.6029644613878435,0.0,0,0,0,DIRECT_LOCAL,PASS_THROUGH,0,BYPASS_VISIBLE,1,10,5.0,21.0,2.0,5.0,21.0,2.0,1,
681,22.733333,0.033333,6.94254732131958,21.37298011779785,2.593268632888794,1.77379822323286,-0.021339695900678635,-0.08880827945417633,0.009895447535837392,-0.02818712245760722,0.09369815501911298,5.0,21.0,2.0,0.9575203115401786,-0.012597587350022671,-0.28809053052982825,0.39499375975920753,-0.077920101583004,0.008696362376213074,-0.02793191187083721,-0.03137513995170593,direct,SAFE_PROGRESSING,NONE,1,0,"6.939,21.373;6.455,21.280;5.970,21.186;5.485,21.093;5.000,21.000",0,1,PASS_THROUGH,-1,0.9567263639965027,-0.014207793916271888,-0.29064205309291374,0.3929590764329593,inf,5.605370034905405,0.0,0,0,0,DIRECT_LOCAL,PASS_THROUGH,0,BYPASS_VISIBLE,1,10,5.0,21.0,2.0,5.0,21.0,2.0,1,
682,22.766667,0.033333,6.945444583892822,21.373239517211914,2.5923736095428467,1.7730880722772122,-0.02122417651116848,-0.08368581339886216,0.009599495945377817,-0.028241479528019094,0.0888428210524971,5.0,21.0,2.0,0.9577690379961347,-0.012063467074867301,-0.28728547234082746,0.3956060800259963,-0.07258123904466629,0.008377531543374062,-0.027995068579912186,-0.03131920099258423,direct,SAFE_PROGRESSING,NONE,1,0,"6.943,21.373;6.457,21.280;5.971,21.186;5.486,21.093;5.000,21.000",0,1,PASS_THROUGH,-1,0.9567263639965027,-0.014207793916271888,-0.29064205309291374,0.3929590764329593,inf,5.60763746105818,0.0,0,0,0,DIRECT_LOCAL,PASS_THROUGH,0,BYPASS_VISIBLE,1,10,5.0,21.0,2.0,5.0,21.0,2.0,1,
683,22.8,0.033333,6.948170185089111,21.37347412109375,2.591475009918213,1.7723814978377284,-0.021129660308361053,-0.07847050261760355,0.009294485808413695,-0.02829870278839279,0.08393344879729367,5.0,21.0,2.0,0.9580099471905054,-0.011530521046057535,-0.2865030334367365,0.396184924811962,-0.067133329808712,0.008044857531785965,-0.028062067925930023,-0.0313044898211956,direct,SAFE_PROGRESSING,NONE,1,0,"6.945,21.373;6.459,21.280;5.973,21.187;5.486,21.093;5.000,21.000",0,1,PASS_THROUGH,-1,0.9567263639965027,-0.014207793916271888,-0.29064205309291374,0.3929590764329593,inf,5.609764490090757,0.0,0,0,0,DIRECT_LOCAL,PASS_THROUGH,0,BYPASS_VISIBLE,1,10,5.0,21.0,2.0,5.0,21.0,2.0,1,
684,22.833333,0.033333,6.950722694396973,21.373682022094727,2.5905721187591553,1.7716777644698722,-0.021055251359939575,-0.07315990709364303,0.00898061684763396,-0.02835921292706334,0.07897637901776079,5.0,21.0,2.0,0.9582430126615575,-0.010995684701406105,-0.285743632655654,0.39672912619049744,-0.06158309057354927,0.0076964860782027245,-0.02813325822353363,-0.03133150190114975,direct,SAFE_PROGRESSING,NONE,1,0,"6.948,21.373;6.461,21.280;5.974,21.187;5.487,21.093;5.000,21.000",1,1,PASS_THROUGH,-1,0.9999341705309225,-0.0114740840434423,0.0,0.39672912619049744,inf,5.6117486857204835,0.0,0,0,0,DIRECT_LOCAL,PASS_THROUGH,0,BYPASS_VISIBLE,1,10,5.0,21.0,2.0,5.0,21.0,2.0,1,
685,22.866667,0.033333,6.953098297119141,21.373863220214844,2.589664936065674,1.7709763952934061,-0.021001435816287994,-0.06775095282835857,0.00865744187108421,-0.02842297172159297,0.0739797825786758,5.0,21.0,2.0,0.9584683853482003,-0.01045934188406461,-0.2850069410652415,0.3972383306818308,-0.05594770610332489,0.007342982571572065,-0.02820785716176033,-0.03136361390352249,direct,SAFE_PROGRESSING,NONE,1,0,"6.951,21.374;6.463,21.280;5.975,21.187;5.488,21.093;5.000,21.000",0,1,PASS_THROUGH,-1,0.9582430126615575,-0.010995684701406105,-0.285743632655654,0.39672912619049744,inf,5.6135872190362095,0.0,0,0,0,DIRECT_LOCAL,PASS_THROUGH,0,BYPASS_VISIBLE,1,10,5.0,21.0,2.0,5.0,21.0,2.0,1,
686,22.9,0.033333,6.955293655395508,21.3740177154541,2.5887534618377686,1.7702759751851564,-0.020967500284314156,-0.062240964979271673,0.008324377227428405,-0.02848933121361927,0.06895560144596487,5.0,21.0,2.0,0.9586860611628473,-0.009919850232248728,-0.2842932160700201,0.39771178839149834,-0.050215333700180054,0.006973799783736467,-0.028285276144742966,-0.03144202381372452,direct,SAFE_PROGRESSING,NONE,1,0,"6.953,21.374;6.465,21.280;5.977,21.187;5.488,21.093;5.000,21.000",0,1,PASS_THROUGH,-1,0.9582430126615575,-0.010995684701406105,-0.285743632655654,0.39672912619049744,inf,5.615277607674336,0.0,0,0,0,DIRECT_LOCAL,PASS_THROUGH,0,BYPASS_VISIBLE,1,10,5.0,21.0,2.0,5.0,21.0,2.0,1,
687,22.933333,0.033333,6.957305908203125,21.374143600463867,2.587836980819702,1.7695766276315124,-0.020953167229890823,-0.056628374990882364,0.007980760620407302,-0.028557862546979142,0.06392195950876653,5.0,21.0,2.0,0.9588960330532387,-0.00937708515314048,-0.2836026587830111,0.39814884303754705,-0.044391781091690063,0.006597721017897129,-0.02836606465280056,-0.03153054788708687,direct,SAFE_PROGRESSING,NONE,1,0,"6.955,21.374;6.466,21.281;5.978,21.187;5.489,21.094;5.000,21.000",0,1,PASS_THROUGH,-1,0.9582430126615575,-0.010995684701406105,-0.285743632655654,0.39672912619049744,inf,5.616816395813805,0.0,0,0,0,DIRECT_LOCAL,PASS_THROUGH,0,BYPASS_VISIBLE,1,10,5.0,21.0,2.0,5.0,21.0,2.0,1,
688,22.966667,0.033333,6.959131240844727,21.374242782592773,2.5869157314300537,1.7688772466966136,-0.02095812000334263,-0.0509126917968939,0.007626204931112561,-0.028628303488175338,0.05890535585384325,5.0,21.0,2.0,0.9590983903343611,-0.008830688393844377,-0.2829351455732006,0.3985488603448729,-0.03846919164061546,0.006211680360138416,-0.02844960242509842,-0.03163959085941315,direct,SAFE_PROGRESSING,NONE,1,0,"6.957,21.374;6.468,21.281;5.979,21.187;5.489,21.094;5.000,21.000",0,1,PASS_THROUGH,-1,0.9582430126615575,-0.010995684701406105,-0.285743632655654,0.39672912619049744,inf,5.618202085428365,0.0,0,0,0,DIRECT_LOCAL,PASS_THROUGH,0,BYPASS_VISIBLE,1,10,5.0,21.0,2.0,5.0,21.0,2.0,1,
689,23.0,0.033333,6.960766315460205,21.37431526184082,2.585989236831665,1.7681778415509422,-0.020981112495064735,-0.04509408220043059,0.007260554741301008,-0.028700406685276098,0.05394353759766651,5.0,21.0,2.0,0.9592930914719567,-0.008279477742802882,-0.2822910110196263,0.39891116199858734,-0.032442402094602585,0.005807139910757542,-0.028535719960927963,-0.03179563954472542,direct,SAFE_PROGRESSING,NONE,1,0,"6.959,21.374;6.469,21.281;5.980,21.187;5.490,21.094;5.000,21.000",0,1,PASS_THROUGH,-1,0.9582430126615575,-0.010995684701406105,-0.285743632655654,0.39672912619049744,inf,5.619432205048961,0.0,0,0,0,DIRECT_LOCAL,PASS_THROUGH,0,BYPASS_VISIBLE,1,10,5.0,21.0,2.0,5.0,21.0,2.0,1,
690,23.033333,0.033333,6.962207317352295,21.374359130859375,2.585057020187378,1.767476698221073,-0.021022189408540726,-0.03917271537569227,0.00688375029850191,-0.02877341284797347,0.049089682571769065,5.0,21.0,2.0,0.9594801919648901,-0.007721564110555551,-0.2816702658689835,0.39923509159843906,-0.026342861354351044,0.005388414487242699,-0.02862236462533474,-0.03199062496423721,direct,SAFE_PROGRESSING,NONE,1,0,"6.961,21.374;6.471,21.281;5.980,21.187;5.490,21.094;5.000,21.000",1,1,PASS_THROUGH,-1,0.9999676192095347,-0.008047392895515398,0.0,0.39923509159843906,inf,5.620502623386498,0.0,0,0,0,DIRECT_LOCAL,PASS_THROUGH,0,BYPASS_VISIBLE,1,10,5.0,21.0,2.0,5.0,21.0,2.0,1,
691,23.066667,0.033333,6.963450908660889,21.37437629699707,2.5841190814971924,1.7667740967167593,-0.021082576364278793,-0.033149174493022564,0.006495477155472883,-0.028846804010315454,0.0444206831853775,5.0,21.0,2.0,0.9596596865881867,-0.007157826403712181,-0.28107303580855575,0.399519827549456,-0.020143289119005203,0.004966694861650467,-0.02871049754321575,-0.03218446671962738,direct,SAFE_PROGRESSING,NONE,1,0,"6.962,21.374;6.472,21.281;5.981,21.187;5.491,21.094;5.000,21.000",0,1,PASS_THROUGH,-1,0.9594801919648901,-0.007721564110555551,-0.2816702658689835,0.39923509159843906,inf,5.621412198511317,0.0,0,0,0,DIRECT_LOCAL,PASS_THROUGH,0,BYPASS_VISIBLE,1,10,5.0,21.0,2.0,5.0,21.0,2.0,1,
692,23.1,0.033333,6.964493274688721,21.374366760253906,2.5831754207611084,1.7660691201149952,-0.021161789074540138,-0.027024359296811337,0.006095691284369505,-0.028920766330865943,0.04004852272933473,5.0,21.0,2.0,0.9598315713729,-0.006586235567433429,-0.2804995117587194,0.39976478496608514,-0.01383879128843546,0.004555810708552599,-0.02880033105611801,-0.03231443092226982,direct,SAFE_PROGRESSING,NONE,1,0,"6.963,21.374;6.473,21.281;5.982,21.187;5.491,21.094;5.000,21.000",0,1,PASS_THROUGH,-1,0.9594801919648901,-0.007721564110555551,-0.2816702658689835,0.39923509159843906,inf,5.622158128985134,0.0,0,0,0,DIRECT_LOCAL,PASS_THROUGH,0,BYPASS_VISIBLE,1,10,5.0,21.0,2.0,5.0,21.0,2.0,1,
693,23.133333,0.033333,6.96533203125,21.374330520629883,2.582225799560547,1.7653612984139508,-0.021254299208521843,-0.020798686987366,0.0056853536555449115,-0.028994862631529988,0.03613323519432407,5.0,21.0,2.0,0.959995794087983,-0.00600604733393581,-0.27995000040865414,0.3999692136892648,-0.00743049755692482,0.00413384847342968,-0.028889784589409828,-0.03245590627193451,direct,SAFE_PROGRESSING,NONE,1,0,"6.964,21.374;6.473,21.281;5.982,21.187;5.491,21.094;5.000,21.000",0,1,PASS_THROUGH,-1,0.9594801919648901,-0.007721564110555551,-0.2816702658689835,0.39923509159843906,inf,5.622738651824172,0.0,0,0,0,DIRECT_LOCAL,PASS_THROUGH,0,BYPASS_VISIBLE,1,10,5.0,21.0,2.0,5.0,21.0,2.0,1,
694,23.166667,0.033333,6.965962886810303,21.374267578125,2.5812697410583496,1.764650219190823,-0.021354157477617264,-0.014471683547323946,0.005266098190415357,-0.029068479807433014,0.03289586498574135,5.0,21.0,2.0,0.960152379019507,-0.005416699618668669,-0.2794245308279534,0.40013264459337927,-0.0009197182371281087,0.0036883328575640917,-0.028978876769542694,-0.032639965415000916,direct,SAFE_PROGRESSING,NONE,1,0,"6.965,21.374;6.572,21.299;6.179,21.225;5.786,21.150;5.393,21.075;5.000,21.000",0,1,PASS_THROUGH,-1,0.9594801919648901,-0.007721564110555551,-0.2816702658689835,0.39923509159843906,inf,5.623150633091435,0.0,0,0,0,DIRECT_LOCAL,PASS_THROUGH,0,BYPASS_VISIBLE,1,10,5.0,21.0,2.0,5.0,21.0,2.0,1,
695,23.2,0.033333,6.966381549835205,21.374177932739258,2.5803074836730957,1.7639358858636456,-0.021459810435771942,-0.008042131983845865,0.004838942676758034,-0.02914217099517404,0.030616292776665662,5.0,21.0,2.0,0.9603013033362102,-0.004817855449471803,-0.27892327812436907,0.400254233824006,0.005706166382879019,0.003225661814212799,-0.029070602729916573,-0.032830193638801575,direct,SAFE_PROGRESSING,NONE,1,0,"6.966,21.374;6.573,21.299;6.180,21.225;5.786,21.150;5.393,21.075;5.000,21.000",0,1,PASS_THROUGH,-1,0.9594801919648901,-0.007721564110555551,-0.2816702658689835,0.39923509159843906,inf,5.623390945207994,0.0,0,0,0,DIRECT_LOCAL,PASS_THROUGH,0,BYPASS_VISIBLE,1,10,5.0,21.0,2.0,5.0,21.0,2.0,1,
696,23.233333,0.033333,6.966586589813232,21.374059677124023,2.579338550567627,1.7632178544382935,-0.021571418270468712,-0.001508250350099417,0.004403670984779494,-0.029216345597905223,0.029584826978655793,5.0,21.0,2.0,0.9604424488592478,-0.004208745360039068,-0.27844674336710296,0.40033313751830873,0.012410925701260567,0.002749901032075286,-0.029163213446736336,-0.03300700709223747,direct,SAFE_PROGRESSING,NONE,1,0,"6.966,21.374;6.573,21.299;6.180,21.225;5.787,21.150;5.393,21.075;5.000,21.000",1,1,PASS_THROUGH,-1,0.9999903987813941,-0.004382048040414754,0.0,0.40033313751830873,inf,5.623457214317526,0.0,0,0,0,DIRECT_LOCAL,PASS_THROUGH,0,BYPASS_VISIBLE,1,10,5.0,21.0,2.0,5.0,21.0,2.0,1,
697,23.266667,0.033333,6.966573715209961,21.37391471862793,2.5783627033233643,1.7624958434693034,-0.021687867119908333,0.005131088237509561,0.0039591357003818635,-0.02929046421385627,0.029998901910875706,5.0,21.0,2.0,0.9605758688896884,-0.0035899095089385324,-0.27799480688771483,0.4003690026604641,0.01918984204530716,0.002259350847452879,-0.029255621135234833,-0.03320002928376198,direct,SAFE_PROGRESSING,NONE,1,0,"6.967,21.374;6.573,21.299;6.180,21.224;5.787,21.150;5.393,21.075;5.000,21.000",0,1,PASS_THROUGH,-1,0.9604424488592478,-0.004208745360039068,-0.27844674336710296,0.40033313751830873,inf,5.623347646798849,0.0,0,0,0,DIRECT_LOCAL,PASS_THROUGH,0,BYPASS_VISIBLE,1,10,5.0,21.0,2.0,5.0,21.0,2.0,1,
698,23.3,0.033333,6.966339111328125,21.373743057250977,2.5773797035217285,1.7617699087698322,-0.02180834300816059,0.01187501106074233,0.0035038451636626995,-0.029364935109036917,0.03186835785825219,5.0,21.0,2.0,0.9607015091599157,-0.002960153430581619,-0.27756773549807284,0.40036105675558964,0.026062097400426865,0.0017587000038474798,-0.029350435361266136,-0.033388443291187286,direct,SAFE_PROGRESSING,NONE,1,0,"6.967,21.374;6.573,21.299;6.180,21.224;5.787,21.150;5.393,21.075;5.000,21.000",0,1,PASS_THROUGH,-1,0.9604424488592478,-0.004208745360039068,-0.27844674336710296,0.40033313751830873,inf,5.623059481809106,0.0,0,0,0,DIRECT_LOCAL,PASS_THROUGH,0,BYPASS_VISIBLE,1,10,5.0,21.0,2.0,5.0,21.0,2.0,1,
699,23.333333,0.033333,6.965879917144775,21.37354278564453,2.5763893127441406,1.7610397744451811,-0.02193235047161579,0.01872098500086132,0.0030365524442291965,-0.02944042500419487,0.03502048764047484,5.0,21.0,2.0,0.9608193095928793,-0.002318902309055043,-0.27716579335398467,0.4003085496754716,0.03302454575896263,0.0012420768616721034,-0.02944706380367279,-0.03358915448188782,direct,SAFE_PROGRESSING,NONE,1,0,"6.966,21.374;6.573,21.299;6.180,21.224;5.787,21.149;5.393,21.075;5.000,21.000",0,1,PASS_THROUGH,-1,0.9604424488592478,-0.004208745360039068,-0.27844674336710296,0.40033313751830873,inf,5.622589336312244,0.0,0,0,0,DIRECT_LOCAL,PASS_THROUGH,0,BYPASS_VISIBLE,1,10,5.0,21.0,2.0,5.0,21.0,2.0,1,
700,23.366667,0.033333,6.9651923179626465,21.373315811157227,2.5753912925720215,1.7603052111907762,-0.02205970510840416,0.025665809602841618,0.0025565634373730032,-0.029517253556265492,0.039198699681028924,5.0,21.0,2.0,0.9609292225173416,-0.001666607327255487,-0.27678918283096643,0.40021084749617797,0.04004240408539772,0.0007367134094238281,-0.02954552136361599,-0.03372696042060852,direct,SAFE_PROGRESSING,NONE,1,0,"6.966,21.374;6.573,21.299;6.180,21.224;5.786,21.149;5.393,21.075;5.000,21.000",0,1,PASS_THROUGH,-1,0.9604424488592478,-0.004208745360039068,-0.27844674336710296,0.40033313751830873,inf,5.621935786142006,0.0,0,0,0,DIRECT_LOCAL,PASS_THROUGH,0,BYPASS_VISIBLE,1,10,5.0,21.0,2.0,5.0,21.0,2.0,1,
701,23.4,0.033333,6.964272975921631,21.373058319091797,2.574385643005371,1.7595664115257592,-0.022187266498804092,0.03270555100694703,0.002064403052361522,-0.02959554768221232,0.0441566673248867,5.0,21.0,2.0,0.9610311887101702,-0.0010022361970501714,-0.2764381483242182,0.4000672714151648,0.04715336114168167,0.0002312101423740387,-0.029645023867487907,-0.033834200352430344,direct,SAFE_PROGRESSING,NONE,1,0,"6.965,21.373;6.572,21.299;6.179,21.224;5.786,21.149;5.393,21.075;5.000,21.000",0,1,PASS_THROUGH,-1,0.9604424488592478,-0.004208745360039068,-0.27844674336710296,0.40033313751830873,inf,5.621093802571393,0.0,0,0,0,DIRECT_LOCAL,PASS_THROUGH,0,BYPASS_VISIBLE,1,10,5.0,21.0,2.0,5.0,21.0,2.0,1,
702,23.433333,0.033333,6.963118553161621,21.37277603149414,2.573371648788452,1.7588234274737686,-0.02230992168188095,0.039836269713365347,0.0015619675026639966,-0.029675485343016356,0.049699120288984454,5.0,21.0,2.0,0.9611250865503171,-0.00032736036777450406,-0.2761131305078314,0.39987702276473036,0.054359324276447296,-0.00027556903660297394,-0.029746703803539276,-0.033913612365722656,direct,SAFE_PROGRESSING,NONE,1,0,"6.964,21.373;6.473,21.280;5.982,21.187;5.491,21.093;5.000,21.000",1,1,PASS_THROUGH,-1,0.9999999419954128,-0.0003406011905912054,0.0,0.39987702276473036,inf,5.620064964208631,0.0,0,0,0,DIRECT_LOCAL,PASS_THROUGH,0,BYPASS_VISIBLE,1,10,5.0,21.0,2.0,5.0,21.0,2.0,1,
703,23.466667,0.033333,6.96172571182251,21.372467041015625,2.5723490715026855,1.758076693849152,-0.022423336282372475,0.047055463978809824,0.001051782176595038,-0.029757648150405602,0.05568519156338972,5.0,21.0,2.0,0.9612109473257069,0.0003605879859948924,-0.2758140401022427,0.399639658864027,0.061681900173425674,-0.0008003506809473038,-0.029851866886019707,-0.03400149196386337,direct,SAFE_PROGRESSING,NONE,1,0,"6.963,21.373;6.472,21.280;5.982,21.186;5.491,21.093;5.000,21.000",0,1,PASS_THROUGH,-1,0.9611250865503171,-0.00032736036777450406,-0.2761131305078314,0.39987702276473036,inf,5.618845582435965,0.0,0,0,0,DIRECT_LOCAL,PASS_THROUGH,0,BYPASS_VISIBLE,1,10,5.0,21.0,2.0,5.0,21.0,2.0,1,
704,23.5,0.033333,6.960092067718506,21.372129440307617,2.5713183879852295,1.7573264447264816,-0.022525902837514877,0.0543631682482469,0.0005357074135428538,-0.029842500806494573,0.062017867577060015,5.0,21.0,2.0,0.961288678754869,0.0010607744006363162,-0.2755411962944729,0.3993544523386946,0.06911083310842514,-0.0013494909508153796,-0.029961373656988144,-0.034110162407159805,direct,SAFE_PROGRESSING,NONE,1,0,"6.962,21.372;6.471,21.279;5.981,21.186;5.490,21.093;5.000,21.000",0,1,PASS_THROUGH,-1,0.9611250865503171,-0.00032736036777450406,-0.2761131305078314,0.39987702276473036,inf,5.6174326675378055,0.0,0,0,0,DIRECT_LOCAL,PASS_THROUGH,0,BYPASS_VISIBLE,1,10,5.0,21.0,2.0,5.0,21.0,2.0,1,
705,23.533333,0.033333,6.958215236663818,21.37176513671875,2.5702788829803467,1.7565731807275715,-0.022619374096393585,0.061761821892133896,1.3872531389759945e-05,-0.029930374859973165,0.06863199090177488,5.0,21.0,2.0,0.961358127603557,0.001772025793477544,-0.27529513329365335,0.3990208633280555,0.07663360983133316,-0.0019230316393077374,-0.030075760558247566,-0.03423800319433212,direct,SAFE_PROGRESSING,NONE,1,0,"6.960,21.372;6.470,21.279;5.980,21.186;5.490,21.093;5.000,21.000",0,1,PASS_THROUGH,-1,0.9611250865503171,-0.00032736036777450406,-0.2761131305078314,0.39987702276473036,inf,5.615825880625882,0.0,0,0,0,DIRECT_LOCAL,PASS_THROUGH,0,BYPASS_VISIBLE,1,10,5.0,21.0,2.0,5.0,21.0,2.0,1,
706,23.566667,0.033333,6.956090927124023,21.371376037597656,2.569230079650879,1.7558165388433917,-0.022707229480147362,0.0692547054777989,-0.0005155945664622781,-0.03002144395046334,0.07548355559619888,5.0,21.0,2.0,0.9614193078484807,0.002495809951498229,-0.27507578124733956,0.39863849437714094,0.08423672616481781,-0.00251822080463171,-0.0301945973187685,-0.034377165138721466,direct,SAFE_PROGRESSING,NONE,1,0,"6.958,21.372;6.469,21.279;5.979,21.186;5.490,21.093;5.000,21.000",0,1,PASS_THROUGH,-1,0.9611250865503171,-0.00032736036777450406,-0.2761131305078314,0.39987702276473036,inf,5.614023518985721,0.0,0,0,0,DIRECT_LOCAL,PASS_THROUGH,0,BYPASS_VISIBLE,1,10,5.0,21.0,2.0,5.0,21.0,2.0,1,
707,23.6,0.033333,6.953716278076172,21.37095832824707,2.568171739578247,1.755057095584742,-0.022793112322688103,0.07684382063470399,-0.0010557221914246585,-0.030115308077375467,0.0825410146513796,5.0,21.0,2.0,0.9614721250251028,0.0032328734807965387,-0.2748834322558752,0.3982065733499967,0.09188303351402283,-0.0031262431293725967,-0.030315052717924118,-0.03450014442205429,direct,SAFE_PROGRESSING,NONE,1,0,"6.956,21.371;6.467,21.279;5.978,21.186;5.489,21.093;5.000,21.000",0,1,PASS_THROUGH,-1,0.9611250865503171,-0.00032736036777450406,-0.2761131305078314,0.39987702276473036,inf,5.612020963882196,0.0,0,0,0,DIRECT_LOCAL,PASS_THROUGH,0,BYPASS_VISIBLE,1,10,5.0,21.0,2.0,5.0,21.0,2.0,1,
708,23.633333,0.033333,6.951087474822998,21.370513916015625,2.567103147506714,1.7542942477786099,-0.022878704592585564,0.08452766481527971,-0.0016095995374285552,-0.030211297130315305,0.08977883605890287,5.0,21.0,2.0,0.9615164634442228,0.003982262615962656,-0.274718459718622,0.3977243958580198,0.0995720773935318,-0.003751215524971485,-0.030434556305408478,-0.03462371230125427,direct,SAFE_PROGRESSING,NONE,1,0,"6.954,21.371;6.465,21.278;5.977,21.185;5.488,21.093;5.000,21.000",1,1,PASS_THROUGH,-1,0.9999914234867829,0.004141612352398072,0.0,0.3977243958580198,inf,5.609816882729403,0.0,0,0,0,DIRECT_LOCAL,PASS_THROUGH,0,BYPASS_VISIBLE,1,10,5.0,21.0,2.0,5.0,21.0,2.0,1,
709,23.666667,0.033333,6.9482035636901855,21.370044708251953,2.5660245418548584,1.7535283570593867,-0.022964470088481903,0.09230036443103,-0.0021793733600654,-0.030309525111909617,0.0971739381462591,5.0,21.0,2.0,0.9615522585546478,0.004744902957324659,-0.27458102622792674,0.39719128370962103,0.10730782151222229,-0.004375135060399771,-0.030553720891475677,-0.034687429666519165,direct,SAFE_PROGRESSING,NONE,1,0,"6.951,21.371;6.463,21.278;5.976,21.185;5.488,21.093;5.000,21.000",0,1,PASS_THROUGH,-1,0.9615164634442228,0.003982262615962656,-0.274718459718622,0.3977243958580198,inf,5.607412021493839,0.0,0,0,0,DIRECT_LOCAL,PASS_THROUGH,0,BYPASS_VISIBLE,1,10,5.0,21.0,2.0,5.0,21.0,2.0,1,
710,23.7,0.033333,6.945058822631836,21.369548797607422,2.5649359226226807,1.7527597074206442,-0.02304794266819954,0.1001531010285738,-0.002765534932734036,-0.030410334883881625,0.10470472910453332,5.0,21.0,2.0,0.9615794160721619,0.005521549769143624,-0.27447138115743014,0.3966071210495551,0.11510380357503891,-0.005005526356399059,-0.03067200817167759,-0.034715436398983,direct,SAFE_PROGRESSING,NONE,1,0,"6.948,21.370;6.461,21.278;5.974,21.185;5.487,21.093;5.000,21.000",0,1,PASS_THROUGH,-1,0.9615164634442228,0.003982262615962656,-0.274718459718622,0.3977243958580198,inf,5.604801059181483,0.0,0,0,0,DIRECT_LOCAL,PASS_THROUGH,0,BYPASS_VISIBLE,1,10,5.0,21.0,2.0,5.0,21.0,2.0,1,
711,23.733333,0.033333,6.941652297973633,21.369028091430664,2.5638363361358643,1.751988266703422,-0.02312452346086502,0.10807640755841208,-0.0033668846377099305,-0.030513669232515125,0.11235181259297503,5.0,21.0,2.0,0.9615976705379121,0.006311887139576561,-0.27439037901646224,0.3959707129226117,0.1229318380355835,-0.005619819276034832,-0.030789602547883987,-0.03464656323194504,direct,SAFE_PROGRESSING,NONE,1,0,"6.945,21.370;6.459,21.277;5.973,21.185;5.486,21.092;5.000,21.000",0,1,PASS_THROUGH,-1,0.9615164634442228,0.003982262615962656,-0.274718459718622,0.3977243958580198,inf,5.601984771435063,0.0,0,0,0,DIRECT_LOCAL,PASS_THROUGH,0,BYPASS_VISIBLE,1,10,5.0,21.0,2.0,5.0,21.0,2.0,1,
712,23.766667,0.033333,6.937981605529785,21.36848258972168,2.5627262592315674,1.7512147101481121,-0.023186851292848587,0.11606181331797606,-0.003980613223814595,-0.030619433545764633,0.12009887386215508,5.0,21.0,2.0,0.9616070621493829,0.007116317092075275,-0.2743377773028678,0.39528194385735593,0.1308281570672989,-0.006231158971786499,-0.030907385051250458,-0.03452219069004059,direct,SAFE_PROGRESSING,NONE,1,0,"6.942,21.369;6.456,21.277;5.971,21.185;5.485,21.092;5.000,21.000",0,1,PASS_THROUGH,-1,0.9615164634442228,0.003982262615962656,-0.274718459718622,0.3977243958580198,inf,5.598961596075032,0.0,0,0,0,DIRECT_LOCAL,PASS_THROUGH,0,BYPASS_VISIBLE,1,10,5.0,21.0,2.0,5.0,21.0,2.0,1,
713,23.8,0.033333,6.934044361114502,21.36791229248047,2.561605215072632,1.7504399359514373,-0.023227104917168617,0.12410296484177051,-0.004602808117079926,-0.030727330772418796,0.12793318795948933,5.0,21.0,2.0,0.9616073805852371,0.007934258384193621,-0.2743142233787596,0.394540346342414,0.13877350091934204,-0.006824160926043987,-0.031026406213641167,-0.034304410219192505,direct,SAFE_PROGRESSING,NONE,1,0,"6.938,21.368;6.453,21.276;5.969,21.184;5.484,21.092;5.000,21.000",0,1,PASS_THROUGH,-1,0.9615164634442228,0.003982262615962656,-0.274718459718622,0.3977243958580198,inf,5.595729986535016,0.0,0,0,0,DIRECT_LOCAL,PASS_THROUGH,0,BYPASS_VISIBLE,1,10,5.0,21.0,2.0,5.0,21.0,2.0,1,
714,23.833333,0.033333,6.92983865737915,21.36731719970703,2.560473680496216,1.7496647149203857,-0.02323746122419834,0.13219607340257872,-0.005229046448050284,-0.030837385192791958,0.1358458283325052,5.0,21.0,2.0,0.9615985285000822,0.008765264422127078,-0.27431995940158393,0.39374545308953274,0.14675427973270416,-0.007379457354545593,-0.031147433444857597,-0.033947452902793884,direct,SAFE_PROGRESSING,NONE,1,0,"6.934,21.368;6.451,21.276;5.967,21.184;5.484,21.092;5.000,21.000",1,1,PASS_THROUGH,-1,0.9999584581909168,0.009114926902870274,0.0,0.39374545308953274,inf,5.592288755670976,0.0,0,0,0,DIRECT_LOCAL,PASS_THROUGH,0,BYPASS_VISIBLE,1,10,5.0,21.0,2.0,5.0,21.0,2.0,1,
715,23.866667,0.033333,6.925362586975098,21.36669921875,2.559330940246582,1.7488901366366822,-0.023207878693938255,0.1403385120655305,-0.005854114338381382,-0.030949511962354046,0.143829902712064,5.0,21.0,2.0,0.9615802974650397,0.009608549519072335,-0.2743556219638761,0.39289689073422696,0.15477174520492554,-0.007904639467597008,-0.03126931190490723,-0.033477842807769775,direct,SAFE_PROGRESSING,NONE,1,0,"6.930,21.367;6.447,21.275;5.965,21.184;5.482,21.092;5.000,21.000",0,1,PASS_THROUGH,-1,0.9615985285000822,0.008765264422127078,-0.27431995940158393,0.39374545308953274,inf,5.5886380568948155,0.0,0,0,0,DIRECT_LOCAL,PASS_THROUGH,0,BYPASS_VISIBLE,1,10,5.0,21.0,2.0,5.0,21.0,2.0,1,
716,23.9,0.033333,6.920614719390869,21.366056442260742,2.5581767559051514,1.7481172588364493,-0.023127710446715355,0.14852751651598184,-0.006472253071520825,-0.031063584507708287,0.15187909502197658,5.0,21.0,2.0,0.9615526274064014,0.010464291642107326,-0.27442128803770865,0.39199435752853895,0.1627783328294754,-0.008371920324862003,-0.03139083832502365,-0.032846659421920776,direct,SAFE_PROGRESSING,NONE,1,0,"6.925,21.367;6.444,21.275;5.963,21.183;5.481,21.092;5.000,21.000",0,1,PASS_THROUGH,-1,0.9615985285000822,0.008765264422127078,-0.27431995940158393,0.39374545308953274,inf,5.584775755600188,0.0,0,0,0,DIRECT_LOCAL,PASS_THROUGH,0,BYPASS_VISIBLE,1,10,5.0,21.0,2.0,5.0,21.0,2.0,1,
717,23.933333,0.033333,6.91559362411499,21.365388870239258,2.557011127471924,1.7473486222974135,-0.02298591285943985,0.15675849009259518,-0.007076912617572969,-0.03118043452082309,0.15998601940549168,5.0,21.0,2.0,0.9615154152309745,0.011329377300554472,-0.27451730634549804,0.3910375030229944,0.1708686351776123,-0.008838540874421597,-0.031513068825006485,-0.03219706565141678,direct,SAFE_PROGRESSING,NONE,1,0,"6.921,21.366;6.440,21.275;5.960,21.183;5.480,21.092;5.000,21.000",0,1,PASS_THROUGH,-1,0.9615985285000822,0.008765264422127078,-0.27431995940158393,0.39374545308953274,inf,5.580701056932796,0.0,0,0,0,DIRECT_LOCAL,PASS_THROUGH,0,BYPASS_VISIBLE,1,10,5.0,21.0,2.0,5.0,21.0,2.0,1,
718,23.966667,0.033333,6.910297870635986,21.36469841003418,2.5558340549468994,1.7465862712263809,-0.022777952253818512,0.16502663256478192,-0.007662538315934986,-0.03130055563494669,0.16814347662687099,5.0,21.0,2.0,0.9614685222775002,0.012202098896234193,-0.2746441141769594,0.39002604832214594,0.1790561079978943,-0.009313075803220272,-0.031639788299798965,-0.0315190888941288,direct,SAFE_PROGRESSING,NONE,1,0,"6.916,21.365;6.437,21.274;5.958,21.183;5.479,21.091;5.000,21.000",0,1,PASS_THROUGH,-1,0.9615985285000822,0.008765264422127078,-0.27431995940158393,0.39374545308953274,inf,5.576414509289393,0.0,0,0,0,DIRECT_LOCAL,PASS_THROUGH,0,BYPASS_VISIBLE,1,10,5.0,21.0,2.0,5.0,21.0,2.0,1,
719,24.0,0.033333,6.904727458953857,21.363981246948242,2.554645538330078,1.745832363212022,-0.022507304325699806,0.17333118729765482,-0.008226900267005878,-0.0314242366841773,0.17634870294164667,5.0,21.0,2.0,0.9614118064738845,0.013081580290681905,-0.27480212995848585,0.3889597863449558,0.18740566074848175,-0.009826269000768661,-0.03177653253078461,-0.030841857194900513,direct,SAFE_PROGRESSING,NONE,1,0,"6.910,21.365;6.433,21.274;5.955,21.182;5.478,21.091;5.000,21.000",0,1,PASS_THROUGH,-1,0.9615985285000822,0.008765264422127078,-0.27431995940158393,0.39374545308953274,inf,5.571913727337837,0.0,0,0,0,DIRECT_LOCAL,PASS_THROUGH,0,BYPASS_VISIBLE,1,10,5.0,21.0,2.0,5.0,21.0,2.0,1,
720,24.033333,0.033333,6.898879528045654,21.363239288330078,2.5534446239471436,1.7450883233661985,-0.022182518616318703,0.18167791622020263,-0.008772783389454907,-0.03154874873931605,0.1846053913555337,5.0,21.0,2.0,0.961345161346328,0.013964755658593758,-0.2749917568862719,0.3878385767828062,0.1957707703113556,-0.010395498014986515,-0.03191821649670601,-0.030214626342058182,direct,SAFE_PROGRESSING,NONE,1,0,"6.905,21.364;6.429,21.273;5.952,21.182;5.476,21.091;5.000,21.000",1,1,PASS_THROUGH,-1,0.9998945104905316,0.014524733763484537,0.0,0.3878385767828062,inf,5.567198265181616,0.0,0,0,0,DIRECT_LOCAL,PASS_THROUGH,0,BYPASS_VISIBLE,1,10,5.0,21.0,2.0,5.0,21.0,2.0,1,
721,24.066667,0.033333,6.892753601074219,21.362470626831055,2.552231788635254,1.7443557085292614,-0.021816706284880638,0.19007529393300399,-0.009308017395895377,-0.03167346771277035,0.19292087784506903,5.0,21.0,2.0,0.9612684944115247,0.014851487831228083,-0.2752132172716264,0.3866619320604204,0.20413091778755188,-0.010998704470694065,-0.03206505626440048,-0.02959691360592842,direct,SAFE_PROGRESSING,NONE,1,0,"6.899,21.363;6.424,21.272;5.949,21.182;5.475,21.091;5.000,21.000",0,1,PASS_THROUGH,-1,0.961345161346328,0.013964755658593758,-0.2749917568862719,0.3878385767828062,inf,5.562266753335336,0.0,0,0,0,DIRECT_LOCAL,PASS_THROUGH,0,BYPASS_VISIBLE,1,10,5.0,21.0,2.0,5.0,21.0,2.0,1,
722,24.1,0.033333,6.886347770690918,21.361675262451172,2.551006317138672,1.7436350653999313,-0.02142348885536194,0.19852718397966004,-0.009843511745502615,-0.031800495304310325,0.20129880527210567,5.0,21.0,2.0,0.9611815923360392,0.015740545659964883,-0.2754672063543734,0.38542969007043143,0.21240727603435516,-0.011643343605101109,-0.032210588455200195,-0.02906367927789688,direct,SAFE_PROGRESSING,NONE,1,0,"6.893,21.362;6.420,21.272;5.946,21.181;5.473,21.091;5.000,21.000",0,1,PASS_THROUGH,-1,0.961345161346328,0.013964755658593758,-0.2749917568862719,0.3878385767828062,inf,5.55711813973988,0.0,0,0,0,DIRECT_LOCAL,PASS_THROUGH,0,BYPASS_VISIBLE,1,10,5.0,21.0,2.0,5.0,21.0,2.0,1,
723,24.133333,0.033333,6.879660129547119,21.360855102539062,2.5497682094573975,1.7429267701853077,-0.02101767249405384,0.2070271863799533,-0.010390354288407068,-0.03193534386823149,0.20973335822091047,5.0,21.0,2.0,0.9610843289967795,0.016631939304241727,-0.27575404104344553,0.38414147953376343,0.22059869766235352,-0.01229197345674038,-0.032355278730392456,-0.028540097177028656,direct,SAFE_PROGRESSING,NONE,1,0,"6.886,21.362;6.415,21.271;5.943,21.181;5.472,21.090;5.000,21.000",0,1,PASS_THROUGH,-1,0.961345161346328,0.013964755658593758,-0.2749917568862719,0.3878385767828062,inf,5.551752722364752,0.0,0,0,0,DIRECT_LOCAL,PASS_THROUGH,0,BYPASS_VISIBLE,1,10,5.0,21.0,2.0,5.0,21.0,2.0,1,
724,24.166667,0.033333,6.872689247131348,21.360010147094727,2.5485172271728516,1.7422312816705368,-0.02061184123158455,0.2155575986288221,-0.01095642892593105,-0.03208493626584531,0.21820761855768622,5.0,21.0,2.0,0.960976467676021,0.017526556505205376,-0.2760743530101761,0.38279700143222495,0.2287326604127884,-0.012888183817267418,-0.03250109776854515,-0.027867622673511505,direct,SAFE_PROGRESSING,NONE,1,0,"6.880,21.361;6.410,21.271;5.940,21.180;5.470,21.090;5.000,21.000",0,1,PASS_THROUGH,-1,0.961345161346328,0.013964755658593758,-0.2749917568862719,0.3878385767828062,inf,5.546169833119602,0.0,0,0,0,DIRECT_LOCAL,PASS_THROUGH,0,BYPASS_VISIBLE,1,10,5.0,21.0,2.0,5.0,21.0,2.0,1,
725,24.2,0.033333,6.865434646606445,21.35913848876953,2.547253370285034,1.7415488697205417,-0.020206043496727943,0.22409393169566943,-0.01154303289360442,-0.03225257318554645,0.226697067268845,5.0,21.0,2.0,0.9608578043340236,0.018424509921476873,-0.27642868390337605,0.38139597912576584,0.23680353164672852,-0.013421271927654743,-0.03264644742012024,-0.027023203670978546,direct,SAFE_PROGRESSING,NONE,1,0,"6.873,21.360;6.405,21.270;5.936,21.180;5.468,21.090;5.000,21.000",0,1,PASS_THROUGH,-1,0.961345161346328,0.013964755658593758,-0.2749917568862719,0.3878385767828062,inf,5.540368174025082,0.0,0,0,0,DIRECT_LOCAL,PASS_THROUGH,0,BYPASS_VISIBLE,1,10,5.0,21.0,2.0,5.0,21.0,2.0,1,
726,24.233333,0.033333,6.85789680480957,21.358243942260742,2.545976400375366,1.7408805549851818,-0.01978747732937336,0.2326112425812108,-0.012143480791754735,-0.03243713775178134,0.23517572622709734,5.0,21.0,2.0,0.9607281446464716,0.019324172067938516,-0.2768176447736611,0.37993825155545347,0.2448579967021942,-0.0139084467664361,-0.0327923558652401,-0.02603902481496334,direct,SAFE_PROGRESSING,NONE,1,0,"6.865,21.359;6.399,21.269;5.933,21.180;5.466,21.090;5.000,21.000",1,1,PASS_THROUGH,-1,0.9997977730581449,0.020110022077917566,0.0,0.37993825155545347,inf,5.534351143670352,0.0,0,0,0,DIRECT_LOCAL,PASS_THROUGH,0,BYPASS_VISIBLE,1,10,5.0,21.0,2.0,5.0,21.0,2.0,1,
727,24.266667,0.033333,6.8500752449035645,21.357328414916992,2.544686794281006,1.7402272782148402,-0.01933892071247101,0.2410902192666121,-0.012745787365565234,-0.032633818046028176,0.2436224845983075,5.0,21.0,2.0,0.9605873356077786,0.020226760088101925,-0.27724149914161006,0.3784240615758004,0.2529178261756897,-0.014360207132995129,-0.032940760254859924,-0.024936430156230927,direct,SAFE_PROGRESSING,NONE,1,0,"6.858,21.358;6.393,21.269;5.929,21.179;5.464,21.090;5.000,21.000",0,1,PASS_THROUGH,-1,0.9607281446464716,0.019324172067938516,-0.2768176447736611,0.37993825155545347,inf,5.5281201498322545,0.0,0,0,0,DIRECT_LOCAL,PASS_THROUGH,0,BYPASS_VISIBLE,1,10,5.0,21.0,2.0,5.0,21.0,2.0,1,
728,24.3,0.033333,6.8419718742370605,21.356388092041016,2.543384552001953,1.7395906659175777,-0.018844669684767723,0.2495211295641299,-0.013337016974878425,-0.03283609381850775,0.25202555262910414,5.0,21.0,2.0,0.9604350902109372,0.021132014454780912,-0.2777010541150179,0.37685339366454296,0.26100730895996094,-0.014796559698879719,-0.03309505432844162,-0.023747144266963005,direct,SAFE_PROGRESSING,NONE,1,0,"6.850,21.357;6.388,21.268;5.925,21.179;5.463,21.089;5.000,21.000",0,1,PASS_THROUGH,-1,0.9607281446464716,0.019324172067938516,-0.2768176447736611,0.37993825155545347,inf,5.521674319665878,0.0,0,0,0,DIRECT_LOCAL,PASS_THROUGH,0,BYPASS_VISIBLE,1,10,5.0,21.0,2.0,5.0,21.0,2.0,1,
729,24.333333,0.033333,6.833588600158691,21.355422973632812,2.542069435119629,1.7389725942253083,-0.01829378493130207,0.2579041732237003,-0.013907108413290696,-0.033038390863996674,0.2603833817690785,5.0,21.0,2.0,0.9602712953598398,0.022036369154549262,-0.27819676084099093,0.3752264840135368,0.26905351877212524,-0.015188228338956833,-0.033256519585847855,-0.022420287132263184,direct,SAFE_PROGRESSING,NONE,1,0,"6.842,21.356;6.381,21.267;5.921,21.178;5.460,21.089;5.000,21.000",0,1,PASS_THROUGH,-1,0.9607281446464716,0.019324172067938516,-0.2768176447736611,0.37993825155545347,inf,5.515015458927322,0.0,0,0,0,DIRECT_LOCAL,PASS_THROUGH,0,BYPASS_VISIBLE,1,10,5.0,21.0,2.0,5.0,21.0,2.0,1,
730,24.366667,0.033333,6.82492733001709,21.35443687438965,2.5407416820526123,1.7383746689371462,-0.017677485942840576,0.26624474931007486,-0.01445002116802934,-0.03324006319606055,0.26870052372152003,5.0,21.0,2.0,0.9600958453874692,0.022938430965162404,-0.27872889346922275,0.3735437133625943,0.27703291177749634,-0.015492928214371204,-0.033426426351070404,-0.0208845566958189,direct,SAFE_PROGRESSING,NONE,1,0,"6.834,21.355;6.375,21.267;5.917,21.178;5.458,21.089;5.000,21.000",0,1,PASS_THROUGH,-1,0.9607281446464716,0.019324172067938516,-0.2768176447736611,0.37993825155545347,inf,5.508148062745963,0.0,0,0,0,DIRECT_LOCAL,PASS_THROUGH,0,BYPASS_VISIBLE,1,10,5.0,21.0,2.0,5.0,21.0,2.0,1,
731,24.4,0.033333,6.815988540649414,21.35342788696289,2.539401054382324,1.737798967424912,-0.01698428951203823,0.2745467763322003,-0.014961622393298962,-0.033444141916410874,0.2769806729134146,5.0,21.0,2.0,0.9599085513281882,0.023838304677056776,-0.2792978845554383,0.3718056082293761,0.2849646508693695,-0.015784911811351776,-0.033602192997932434,-0.019324468448758125,direct,SAFE_PROGRESSING,NONE,1,0,"6.825,21.354;6.369,21.266;5.912,21.177;5.456,21.089;5.000,21.000",0,1,PASS_THROUGH,-1,0.9607281446464716,0.019324172067938516,-0.2768176447736611,0.37993825155545347,inf,5.50107161369171,0.0,0,0,0,DIRECT_LOCAL,PASS_THROUGH,0,BYPASS_VISIBLE,1,10,5.0,21.0,2.0,5.0,21.0,2.0,1,
732,24.433333,0.033333,6.806775093078613,21.352392196655273,2.5380473136901855,1.73724817790788,-0.016209332272410393,0.2828092612295811,-0.01543914628537064,-0.03365464253509039,0.2852228610041756,5.0,21.0,2.0,0.9597092584214338,0.024732790205503646,-0.27990432006103844,0.37001219715317724,0.2927922308444977,-0.016041023656725883,-0.033781997859478,-0.01768827624619007,direct,SAFE_PROGRESSING,NONE,1,0,"6.816,21.353;6.362,21.265;5.908,21.177;5.454,21.088;5.000,21.000",1,1,PASS_THROUGH,-1,0.9996680897988192,0.02576257436632287,0.0,0.37001219715317724,inf,5.4937859629215255,0.0,0,0,0,DIRECT_LOCAL,PASS_THROUGH,0,BYPASS_VISIBLE,1,10,5.0,21.0,2.0,5.0,21.0,2.0,1,
733,24.466667,0.033333,6.797287464141846,21.351333618164062,2.5366809368133545,1.7367248172750274,-0.015355328097939491,0.29102518047982473,-0.01588152495187875,-0.03387594739509374,0.29342027591839476,5.0,21.0,2.0,0.9594979142899503,0.02561764782038925,-0.2805485494408865,0.36816390356648276,0.3005634844303131,-0.016268953680992126,-0.03396473452448845,-0.01598154380917549,direct,SAFE_PROGRESSING,NONE,1,0,"6.807,21.352;6.355,21.264;5.903,21.176;5.452,21.088;5.000,21.000",0,1,PASS_THROUGH,-1,0.9597092584214338,0.024732790205503646,-0.27990432006103844,0.37001219715317724,inf,5.486294634016696,0.0,0,0,0,DIRECT_LOCAL,PASS_THROUGH,0,BYPASS_VISIBLE,1,10,5.0,21.0,2.0,5.0,21.0,2.0,1,
734,24.5,0.033333,6.787527084350586,21.350248336791992,2.535301923751831,1.7362313138372918,-0.014427279122173786,0.29918325671035895,-0.01628881285675495,-0.034109914747497624,0.3015616567207783,5.0,21.0,2.0,0.9592742116227034,0.026492862192613403,-0.2812314263528956,0.36626097471686375,0.30828362703323364,-0.01645084097981453,-0.03415119647979736,-0.014150558039546013,direct,SAFE_PROGRESSING,NONE,1,0,"6.797,21.351;6.348,21.264;5.899,21.176;5.449,21.088;5.000,21.000",0,1,PASS_THROUGH,-1,0.9597092584214338,0.024732790205503646,-0.27990432006103844,0.37001219715317724,inf,5.478596483641851,0.0,0,0,0,DIRECT_LOCAL,PASS_THROUGH,0,BYPASS_VISIBLE,1,10,5.0,21.0,2.0,5.0,21.0,2.0,1,
735,24.533333,0.033333,6.777496814727783,21.34913444519043,2.5339102745056152,1.735770089001451,-0.013428477570414543,0.30727235691120924,-0.01666124218398256,-0.03435433357136149,0.30963546074055426,5.0,21.0,2.0,0.9590379809013424,0.027354451310524358,-0.28195369332955494,0.36430355335694786,0.31593871116638184,-0.016633329913020134,-0.03433839604258537,-0.012308316305279732,direct,SAFE_PROGRESSING,NONE,1,0,"6.788,21.350;6.341,21.263;5.894,21.175;5.447,21.088;5.000,21.000",0,1,PASS_THROUGH,-1,0.9597092584214338,0.024732790205503646,-0.27990432006103844,0.37001219715317724,inf,5.470692731395216,0.0,0,0,0,DIRECT_LOCAL,PASS_THROUGH,0,BYPASS_VISIBLE,1,10,5.0,21.0,2.0,5.0,21.0,2.0,1,
736,24.566667,0.033333,6.767199516296387,21.347993850708008,2.5325064659118652,1.7353430870394029,-0.012364396825432777,0.31528363849147334,-0.016999872702356457,-0.03460565618646168,0.3176323658137091,5.0,21.0,2.0,0.9587890822486098,0.028199721649219023,-0.2827158846965892,0.3622921355583554,0.3234870731830597,-0.016791455447673798,-0.0345272533595562,-0.010398518294095993,direct,SAFE_PROGRESSING,NONE,1,0,"6.777,21.349;6.333,21.262;5.889,21.175;5.444,21.087;5.000,21.000",0,1,PASS_THROUGH,-1,0.9597092584214338,0.024732790205503646,-0.27990432006103844,0.37001219715317724,4.988405864116831,5.462587292763814,0.0,0,0,0,DIRECT_LOCAL,PASS_THROUGH,0,BYPASS_VISIBLE,1,10,5.0,21.0,2.0,5.0,21.0,2.0,1,
737,24.6,0.033333,6.756638526916504,21.346824645996094,2.531090259552002,1.734952595548606,-0.011242121458053589,0.32320997406224106,-0.01730625395264779,-0.03486319208462108,0.32554513653488565,5.0,21.0,2.0,0.958527277773597,0.029027639355328677,-0.2835187011775315,0.3602273643425091,0.33087533712387085,-0.016863606870174408,-0.03471801429986954,-0.008305506780743599,direct,SAFE_PROGRESSING,NONE,1,0,"6.767,21.348;6.325,21.261;5.884,21.174;5.442,21.087;5.000,21.000",0,1,PASS_THROUGH,-1,0.9597092584214338,0.024732790205503646,-0.27990432006103844,0.37001219715317724,4.979776783790573,5.454281741783705,0.0,0,0,0,DIRECT_LOCAL,PASS_THROUGH,0,BYPASS_VISIBLE,1,10,5.0,21.0,2.0,5.0,21.0,2.0,1,
738,24.633333,0.033333,6.745815753936768,21.345624923706055,2.5296621322631836,1.7346003866937307,-0.01006146427243948,0.3310424824928683,-0.017580103756440726,-0.035129580263698564,0.333365074164394,5.0,21.0,2.0,0.9582524517060877,0.029835656130021843,-0.2843625721197553,0.35810982948350917,0.33809614181518555,-0.016856439411640167,-0.03490942716598511,-0.0060606952756643295,direct,SAFE_PROGRESSING,NONE,1,0,"6.757,21.347;6.317,21.260;5.878,21.173;5.439,21.087;5.000,21.000",1,1,PASS_THROUGH,-1,0.9995156428750087,0.031120405655422345,0.0,0.35810982948350917,4.970933985867553,5.445776642923191,0.0,0,0,0,DIRECT_LOCAL,PASS_THROUGH,0,BYPASS_VISIBLE,1,10,5.0,21.0,2.0,5.0,21.0,2.0,1,
739,24.666667,0.033333,6.734737396240234,21.34439468383789,2.5282225608825684,1.7342886704890474,-0.008816284127533436,0.33876867163038427,-0.017817827763088313,-0.03540857998276053,0.34107983728271846,5.0,21.0,2.0,0.9579643191928878,0.030620944697246355,-0.28524852479750923,0.35593983955610364,0.3452112674713135,-0.016839919611811638,-0.03510360047221184,-0.003822801634669304,direct,SAFE_PROGRESSING,NONE,1,0,"6.746,21.346;6.309,21.259;5.873,21.173;5.436,21.086;5.000,21.000",0,1,PASS_THROUGH,-1,0.9582524517060877,0.029835656130021843,-0.2843625721197553,0.35810982948350917,4.961878262396797,5.4370769478084995,0.0,0,0,0,DIRECT_LOCAL,PASS_THROUGH,0,BYPASS_VISIBLE,1,10,5.0,21.0,2.0,5.0,21.0,2.0,1,
740,24.7,0.033333,6.723404407501221,21.3431339263916,2.526771306991577,1.734020265809103,-0.007506413850933313,0.34637562462842364,-0.018015146286090945,-0.03570125675104392,0.34867635217497034,5.0,21.0,2.0,0.9576627809076163,0.031380661675474375,-0.2861769594797956,0.3537186188014506,0.3523610532283783,-0.016915716230869293,-0.03531048074364662,-0.0017381042707711458,direct,SAFE_PROGRESSING,NONE,1,0,"6.735,21.344;6.301,21.258;5.867,21.172;5.434,21.086;5.000,21.000",0,1,PASS_THROUGH,-1,0.9582524517060877,0.029835656130021843,-0.2843625721197553,0.35810982948350917,4.96653431450056,5.428183904989692,0.0,0,0,0,DIRECT_LOCAL,PASS_THROUGH,0,BYPASS_VISIBLE,1,10,5.0,21.0,2.0,5.0,21.0,2.0,1,
741,24.733333,0.033333,6.711820125579834,21.341842651367188,2.525308847427368,1.7337965229016503,-0.006146845407783985,0.35385681820460135,-0.01817358319023707,-0.0360007253224908,0.3561474120916818,5.0,21.0,2.0,0.9573475375584581,0.03211393241613339,-0.2871487204838786,0.35144636252125594,0.35932984948158264,-0.01700904592871666,-0.03552604839205742,0.000324128195643425,direct,SAFE_PROGRESSING,NONE,1,0,"6.723,21.343;6.293,21.257;5.862,21.172;5.431,21.086;5.000,21.000",0,1,PASS_THROUGH,-1,0.9582524517060877,0.029835656130021843,-0.2843625721197553,0.35810982948350917,4.943145263334132,5.419100457141273,0.0,0,0,0,DIRECT_LOCAL,PASS_THROUGH,0,BYPASS_VISIBLE,1,10,5.0,21.0,2.0,5.0,21.0,2.0,1,
742,24.766667,0.033333,6.699990749359131,21.340513229370117,2.5238356590270996,1.7336182461539957,-0.004757140763103962,0.3612105780555631,-0.01830135630426412,-0.03630480462103571,0.36349148570548556,5.0,21.0,2.0,0.9570182528403796,0.03282017521350841,-0.28816470954872647,0.3491237339760164,0.36604180932044983,-0.016991296783089638,-0.03574759140610695,0.002571559976786375,direct,SAFE_PROGRESSING,NONE,1,0,"6.712,21.342;6.284,21.256;5.856,21.171;5.428,21.085;5.000,21.000",0,1,PASS_THROUGH,-1,0.9582524517060877,0.029835656130021843,-0.2843625721197553,0.35810982948350917,4.933472425006972,5.409826146373651,0.0,0,0,0,DIRECT_LOCAL,PASS_THROUGH,0,BYPASS_VISIBLE,1,10,5.0,21.0,2.0,5.0,21.0,2.0,1,
743,24.8,0.033333,6.687920570373535,21.33915138244629,2.5223515033721924,1.7334861509197594,-0.0033432513009756804,0.36843073032152035,-0.018405608275674196,-0.036620363538768165,0.3707034131040041,5.0,21.0,2.0,0.9566747763795432,0.03349447538248057,-0.28922567721072673,0.34675165795033686,0.3724319040775299,-0.01679609715938568,-0.03596901521086693,0.005060297902673483,direct,SAFE_PROGRESSING,NONE,1,0,"6.700,21.341;6.275,21.255;5.850,21.170;5.425,21.085;5.000,21.000",0,1,PASS_THROUGH,-1,0.9582524517060877,0.029835656130021843,-0.2843625721197553,0.35810982948350917,4.923596783558212,5.40036863948549,0.0,0,0,0,DIRECT_LOCAL,PASS_THROUGH,0,BYPASS_VISIBLE,1,10,5.0,21.0,2.0,5.0,21.0,2.0,1,
744,24.833333,0.033333,6.675614356994629,21.337757110595703,2.5208568572998047,1.733401181026512,-0.0018943962641060352,0.3754995081808172,-0.018483722776182786,-0.03696137159395788,0.3777666894285532,5.0,21.0,2.0,0.956316834983309,0.03413908306645233,-0.2903319378485403,0.34433120753747254,0.3785507380962372,-0.016356388106942177,-0.036194320768117905,0.00793396681547165,direct,SAFE_PROGRESSING,NONE,1,0,"6.688,21.339;6.266,21.254;5.844,21.170;5.422,21.085;5.000,21.000",1,1,PASS_THROUGH,-1,0.9993634166788449,0.03567578175717065,0.0,0.34433120753747254,4.913525895991662,5.390731883793784,0.0,0,0,0,DIRECT_LOCAL,PASS_THROUGH,0,BYPASS_VISIBLE,1,10,5.0,21.0,2.0,5.0,21.0,2.0,1,
745,24.866667,0.033333,6.663078308105469,21.33632469177246,2.5193521976470947,1.73336624435123,-0.00038376543670892715,0.3823886771200302,-0.01851768704533095,-0.03733905359165793,0.38465336349268575,5.0,21.0,2.0,0.9559441668728798,0.03475126940458062,-0.2914843033449419,0.3418633258554934,0.3843957483768463,-0.015627237036824226,-0.03642439469695091,0.011291841976344585,direct,SAFE_PROGRESSING,NONE,1,0,"6.676,21.338;6.257,21.253;5.838,21.169;5.419,21.084;5.000,21.000",0,1,PASS_THROUGH,-1,0.956316834983309,0.03413908306645233,-0.2903319378485403,0.34433120753747254,4.916255605893346,5.380916747786876,0.0,0,0,0,DIRECT_LOCAL,PASS_THROUGH,0,BYPASS_VISIBLE,1,10,5.0,21.0,2.0,5.0,21.0,2.0,1,
746,24.9,0.033333,6.650317668914795,21.33485984802246,2.5178380012512207,1.7333850644402409,0.0012303029652684927,0.38906583063780165,-0.018474294979722975,-0.03775582392218324,0.39132981279851825,5.0,21.0,2.0,0.955556653106236,0.03532422268343227,-0.29268358682409906,0.3393490095572279,0.3900914192199707,-0.014616009779274464,-0.03666473180055618,0.01516698393970728,direct,SAFE_PROGRESSING,NONE,1,0,"6.663,21.336;6.247,21.252;5.832,21.168;5.416,21.084;5.000,21.000",0,1,PASS_THROUGH,-1,0.956316834983309,0.03413908306645233,-0.2903319378485403,0.34433120753747254,4.892812643410967,5.370931575029206,0.0,0,0,0,DIRECT_LOCAL,PASS_THROUGH,0,BYPASS_VISIBLE,1,10,5.0,21.0,2.0,5.0,21.0,2.0,1,
747,24.933333,0.033333,6.637340068817139,21.333349227905273,2.5163145065307617,1.7334624400614602,0.0029975560028105974,0.39550559466338164,-0.018312133890459145,-0.038197488391672904,0.3977675926682429,5.0,21.0,2.0,0.9551540254471594,0.03585649623997533,-0.29393043283994935,0.3367895203921873,0.3958161175251007,-0.013538125902414322,-0.03691532835364342,0.019155753776431084,direct,SAFE_PROGRESSING,NONE,1,0,"6.650,21.335;6.238,21.251;5.825,21.167;5.413,21.084;5.000,21.000",0,1,PASS_THROUGH,-1,0.956316834983309,0.03413908306645233,-0.2903319378485403,0.34433120753747254,4.882180158743495,5.360772755168309,0.0,0,0,0,DIRECT_LOCAL,PASS_THROUGH,0,BYPASS_VISIBLE,1,10,5.0,21.0,2.0,5.0,21.0,2.0,1,
748,24.966667,0.033333,6.624156951904297,21.331796646118164,2.514782190322876,1.7336043764829947,0.004949403926730156,0.4017028379429781,-0.01799632606262771,-0.03863188553110874,0.40395725063784116,5.0,21.0,2.0,0.9547364143144965,0.03633464301176348,-0.2952256304915037,0.33418582906515676,0.40161293745040894,-0.012526420876383781,-0.037173911929130554,0.023015296086668968,direct,SAFE_PROGRESSING,NONE,1,0,"6.637,21.333;6.228,21.250;5.819,21.167;5.409,21.083;5.000,21.000",0,1,PASS_THROUGH,-1,0.956316834983309,0.03413908306645233,-0.2903319378485403,0.34433120753747254,4.871364191877821,5.350451564771176,0.0,0,0,0,DIRECT_LOCAL,PASS_THROUGH,0,BYPASS_VISIBLE,1,10,5.0,21.0,2.0,5.0,21.0,2.0,1,
749,25.0,0.033333,6.610774517059326,21.330198287963867,2.5132415294647217,1.7338157225331337,0.007079658564180136,0.4076786566275175,-0.01751489221937884,-0.03902348119587665,0.4099164434414881,5.0,21.0,2.0,0.954303876320455,0.036755360463472,-0.29656897193899795,0.33154033352183976,0.4074331521987915,-0.011609564535319805,-0.03743685781955719,0.02668531984090805,direct,SAFE_PROGRESSING,NONE,1,0,"6.624,21.332;6.218,21.249;5.812,21.166;5.406,21.083;5.000,21.000",0,1,PASS_THROUGH,-1,0.956316834983309,0.03413908306645233,-0.2903319378485403,0.34433120753747254,4.860376446786344,5.339970136234235,0.0,0,0,0,DIRECT_LOCAL,PASS_THROUGH,0,BYPASS_VISIBLE,1,10,5.0,21.0,2.0,5.0,21.0,2.0,1,
750,25.033333,0.033333,6.597202301025391,21.32854652404785,2.511693239212036,1.734100244109501,0.009351610206067562,0.4134732851690758,-0.016884097510111627,-0.039351805219066546,0.41568473013960744,5.0,21.0,2.0,0.9538562198671163,0.037112682287798404,-0.29796134083840525,0.32885409860191644,0.4131324887275696,-0.010766977444291115,-0.03769945725798607,0.03017927147448063,direct,SAFE_PROGRESSING,NONE,1,0,"6.611,21.330;6.208,21.248;5.805,21.165;5.403,21.083;5.000,21.000",1,1,PASS_THROUGH,-1,0.9992439402581226,0.03887862982952903,0.0,0.32885409860191644,4.861177476840188,5.329330159029241,0.0,0,0,0,DIRECT_LOCAL,PASS_THROUGH,0,BYPASS_VISIBLE,1,10,5.0,21.0,2.0,5.0,21.0,2.0,1,
751,25.066667,0.033333,6.583445072174072,21.32683563232422,2.5101380348205566,1.73446050258293,0.011714249849319458,0.4191283980932878,-0.01614137489818583,-0.03962342981711071,0.421306508687346,5.0,21.0,2.0,0.9533933730450892,0.03739915040773187,-0.29940337303124526,0.32612868680106805,0.41854166984558105,-0.009990646503865719,-0.03795597702264786,0.03345095366239548,direct,SAFE_PROGRESSING,NONE,1,0,"6.597,21.329;6.198,21.246;5.799,21.164;5.399,21.082;5.000,21.000",0,1,PASS_THROUGH,-1,0.9538562198671163,0.037112682287798404,-0.29796134083840525,0.32885409860191644,4.849636459110835,5.318531320932712,0.0,0,0,0,DIRECT_LOCAL,PASS_THROUGH,0,BYPASS_VISIBLE,1,10,5.0,21.0,2.0,5.0,21.0,2.0,1,
752,25.1,0.033333,6.5695085525512695,21.32505989074707,2.508575916290283,1.7348979008604508,0.014112359844148159,0.42466723929448574,-0.015332476517772989,-0.0398713609970639,0.42681034944565976,5.0,21.0,2.0,0.9529149048767251,0.03760991062212696,-0.30089645841514545,0.32336479877371466,0.423630952835083,-0.009336777031421661,-0.038207974284887314,0.036376167088747025,direct,SAFE_PROGRESSING,NONE,1,0,"6.583,21.327;6.188,21.245;5.792,21.163;5.396,21.082;5.000,21.000",0,1,PASS_THROUGH,-1,0.9538562198671163,0.037112682287798404,-0.29796134083840525,0.32885409860191644,4.837926168853843,5.307573938650047,0.0,0,0,0,DIRECT_LOCAL,PASS_THROUGH,0,BYPASS_VISIBLE,1,10,5.0,21.0,2.0,5.0,21.0,2.0,1,
753,25.133333,0.033333,6.555398464202881,21.32322120666504,2.507007360458374,1.7354125682265553,0.016487866640090942,0.43008354865553533,-0.01450058595861723,-0.04013936658432237,0.43219589836909844,5.0,21.0,2.0,0.9524204667465324,0.037741100250694215,-0.30244150488017374,0.32056331849443276,0.4282624125480652,-0.008665008470416069,-0.038457244634628296,0.03923061862587929,direct,SAFE_PROGRESSING,NONE,1,0,"6.570,21.325;6.177,21.244;5.785,21.163;5.392,21.081;5.000,21.000",0,1,PASS_THROUGH,-1,0.9538562198671163,0.037112682287798404,-0.29796134083840525,0.32885409860191644,4.8260477830398045,5.296463791107053,0.0,0,0,0,DIRECT_LOCAL,PASS_THROUGH,0,BYPASS_VISIBLE,1,10,5.0,21.0,2.0,5.0,21.0,2.0,1,
754,25.166667,0.033333,6.541116714477539,21.321317672729492,2.5054328441619873,1.7360032251049065,0.018796946853399277,0.4353408936392433,-0.013676433430302858,-0.040467436640401144,0.43743153971133975,5.0,21.0,2.0,0.9519094392050012,0.03779454448741876,-0.30403945789882036,0.31772543687169175,0.4324251413345337,-0.007898506708443165,-0.03870227932929993,0.0421367846429348,direct,SAFE_PROGRESSING,NONE,1,0,"6.555,21.323;6.167,21.242;5.778,21.162;5.389,21.081;5.000,21.000",0,1,PASS_THROUGH,-1,0.9538562198671163,0.037112682287798404,-0.29796134083840525,0.32885409860191644,4.814007308221787,5.285201255728121,0.0,0,0,0,DIRECT_LOCAL,PASS_THROUGH,0,BYPASS_VISIBLE,1,10,5.0,21.0,2.0,5.0,21.0,2.0,1,
755,25.2,0.033333,6.526670932769775,21.31934928894043,2.503852605819702,1.736668199311787,0.021023258566856384,0.4403800542845178,-0.012869529119340473,-0.04087965278559162,0.4424605779086525,5.0,21.0,2.0,0.9513809541396759,0.03777065501122975,-0.3056920962673102,0.31485144271229515,0.4360942840576172,-0.006771900225430727,-0.03894548863172531,0.045599907636642456,direct,SAFE_PROGRESSING,NONE,1,0,"6.541,21.321;6.156,21.241;5.771,21.161;5.385,21.080;5.000,21.000",0,1,PASS_THROUGH,-1,0.9538562198671163,0.037112682287798404,-0.29796134083840525,0.32885409860191644,4.80180537368144,5.273792034146917,0.0,0,0,0,DIRECT_LOCAL,PASS_THROUGH,0,BYPASS_VISIBLE,1,10,5.0,21.0,2.0,5.0,21.0,2.0,1,
756,25.233333,0.033333,6.512068271636963,21.31731414794922,2.502267599105835,1.7374063961382522,0.023194298148155212,0.4451329651474815,-0.012060418797107765,-0.04137852967505071,0.447214705796466,5.0,21.0,2.0,0.9508344671667113,0.03766968732242734,-0.3074000824736823,0.3119428220242225,0.43942496180534363,-0.005286024883389473,-0.039189256727695465,0.0496186837553978,direct,SAFE_PROGRESSING,NONE,1,0,"6.527,21.319;6.145,21.240;5.763,21.160;5.382,21.080;5.000,21.000",1,1,PASS_THROUGH,-1,0.9992161493263921,0.0395864487588517,0.0,0.3119428220242225,4.7894482151280515,5.262240092673716,0.0,0,0,0,DIRECT_LOCAL,PASS_THROUGH,0,BYPASS_VISIBLE,1,10,5.0,21.0,2.0,5.0,21.0,2.0,1,
757,25.266667,0.033333,6.49731969833374,21.315214157104492,2.5006773471832275,1.7382180732701953,0.025374623015522957,0.4495403372928051,-0.011202096003361913,-0.04193994084881777,0.4516314431553674,5.0,21.0,2.0,0.9502693060651835,0.0374894750975065,-0.3091646571122068,0.3090008884504982,0.4425531029701233,-0.0035225949250161648,-0.03943953290581703,0.05407128855586052,direct,SAFE_PROGRESSING,NONE,1,0,"6.512,21.317;6.134,21.238;5.756,21.159;5.378,21.079;5.000,21.000",0,1,PASS_THROUGH,-1,0.9508344671667113,0.03766968732242734,-0.3074000824736823,0.3119428220242225,4.7769404547617675,5.250554758342177,0.0,0,0,0,DIRECT_LOCAL,PASS_THROUGH,0,BYPASS_VISIBLE,1,10,5.0,21.0,2.0,5.0,21.0,2.0,1,
758,25.3,0.033333,6.482438087463379,21.313047409057617,2.4990837574005127,1.739105815569853,0.027636567130684853,0.4535696270017201,-0.010234879479472325,-0.04251895995412388,0.4556731517787934,5.0,21.0,2.0,0.9496852922771575,0.03722741239125593,-0.3109854745789603,0.30602785780757535,0.44567930698394775,-0.001706429524347186,-0.039704419672489166,0.058538928627967834,direct,SAFE_PROGRESSING,NONE,1,0,"6.497,21.315;6.123,21.236;5.749,21.158;5.374,21.079;5.000,21.000",0,1,PASS_THROUGH,-1,0.9508344671667113,0.03766968732242734,-0.3074000824736823,0.3119428220242225,4.764292057668916,5.23874386472007,0.0,0,0,0,DIRECT_LOCAL,PASS_THROUGH,0,BYPASS_VISIBLE,1,10,5.0,21.0,2.0,5.0,21.0,2.0,1,
759,25.333333,0.033333,6.467436790466309,21.310810089111328,2.4974870681762695,1.7400735663287377,0.030025916174054146,0.45722638421096845,-0.009109182159075992,-0.04305954860565336,0.4593398179391441,5.0,21.0,2.0,0.9490819977775136,0.036876987093419716,-0.31286330772008974,0.3030261614765146,0.4488111138343811,4.1546300053596497e-05,-0.039983391761779785,0.06278084963560104,direct,SAFE_PROGRESSING,NONE,1,0,"6.482,21.313;6.112,21.235;5.741,21.157;5.371,21.078;5.000,21.000",0,1,PASS_THROUGH,-1,0.9508344671667113,0.03766968732242734,-0.3074000824736823,0.3119428220242225,4.751511958249624,5.226814124706703,0.0,0,0,0,DIRECT_LOCAL,PASS_THROUGH,0,BYPASS_VISIBLE,1,10,5.0,21.0,2.0,5.0,21.0,2.0,1,
760,25.366667,0.033333,6.452328205108643,21.30849838256836,2.4958879947662354,1.741123662617078,0.032543595880270004,0.4605521731444585,-0.007806306783656897,-0.043517018950351524,0.46266939984400207,5.0,21.0,2.0,0.948459256461306,0.0364318667324145,-0.3147979636517018,0.2999982430286853,0.45188629627227783,0.0017331910785287619,-0.040272925049066544,0.06682050228118896,direct,SAFE_PROGRESSING,NONE,1,0,"6.467,21.311;5.978,21.207;5.489,21.104;5.000,21.000",0,1,PASS_THROUGH,-1,0.9508344671667113,0.03766968732242734,-0.3074000824736823,0.3119428220242225,4.8038077972007915,5.214771525132074,0.0,0,0,0,DIRECT_LOCAL,PASS_THROUGH,0,BYPASS_VISIBLE,1,10,5.0,21.0,2.0,5.0,21.0,2.0,1,
761,25.4,0.033333,6.4371256828308105,21.306102752685547,2.4942870140075684,1.7422587065384758,0.03515840694308281,0.46360777162416655,-0.006341677051885446,-0.04387662765812403,0.46572260116168446,5.0,21.0,2.0,0.9478167248712626,0.035885416473286025,-0.3167896667172909,0.29694635659670154,0.45475655794143677,0.003376777982339263,-0.04056572914123535,0.07062709331512451,direct,SAFE_PROGRESSING,NONE,1,0,"6.452,21.308;5.968,21.206;5.484,21.103;5.000,21.000",0,1,PASS_THROUGH,-1,0.9508344671667113,0.03766968732242734,-0.3074000824736823,0.3119428220242225,4.783734374471489,5.202618460959354,0.0,0,0,0,DIRECT_LOCAL,PASS_THROUGH,0,BYPASS_VISIBLE,1,10,5.0,21.0,2.0,5.0,21.0,2.0,1,
762,25.433333,0.033333,6.421834468841553,21.303625106811523,2.492684841156006,1.7434807805508992,0.03782360628247261,0.46644895802192227,-0.004753821115285618,-0.044160277096257555,0.4685588109598959,5.0,21.0,2.0,0.94715416274639,0.03522758408419352,-0.31883853172378057,0.2938727019274565,0.4572716951370239,0.004959556274116039,-0.04085532948374748,0.07412675768136978,direct,SAFE_PROGRESSING,NONE,1,0,"6.437,21.306;5.958,21.204;5.479,21.102;5.000,21.000",1,1,PASS_THROUGH,-1,0.9993090540309639,0.03716738532288716,0.0,0.2938727019274565,4.770980052767422,5.190360053064712,0.0,0,0,0,DIRECT_LOCAL,PASS_THROUGH,0,BYPASS_VISIBLE,1,10,5.0,21.0,2.0,5.0,21.0,2.0,1,
763,25.466667,0.033333,6.406466484069824,21.301057815551758,2.4910826683044434,1.7447901332901956,0.04048437252640724,0.46910474614112707,-0.0030897675702098873,-0.0444168154436204,0.4712129699084288,5.0,21.0,2.0,0.9464704855469535,0.034458091409888425,-0.3209458831717616,0.2907783666143167,0.45934543013572693,0.006502791773527861,-0.0411379300057888,0.07734117656946182,direct,SAFE_PROGRESSING,NONE,1,0,"6.422,21.304;5.948,21.202;5.474,21.101;5.000,21.000",0,1,PASS_THROUGH,-1,0.94715416274639,0.03522758408419352,-0.31883853172378057,0.2938727019274565,4.75812052334854,5.1779989810048175,0.0,0,0,0,DIRECT_LOCAL,PASS_THROUGH,0,BYPASS_VISIBLE,1,10,5.0,21.0,2.0,5.0,21.0,2.0,1,
764,25.5,0.033333,6.391027450561523,21.298398971557617,2.4894790649414062,1.746185855723804,0.0430869534611702,0.47156747072429894,-0.0013910274101151697,-0.04470037523532215,0.4736833730972058,5.0,21.0,2.0,0.9457649554379124,0.03357069826709938,-0.3231124529995447,0.2876653457833619,0.4609531760215759,0.008078962564468384,-0.041410475969314575,0.08041126281023026,direct,SAFE_PROGRESSING,NONE,1,0,"6.406,21.301;5.938,21.201;5.469,21.100;5.000,21.000",0,1,PASS_THROUGH,-1,0.94715416274639,0.03522758408419352,-0.31883853172378057,0.2938727019274565,4.745159373040927,5.165537812496241,0.0,0,0,0,DIRECT_LOCAL,PASS_THROUGH,0,BYPASS_VISIBLE,1,10,5.0,21.0,2.0,5.0,21.0,2.0,1,
765,25.533333,0.033333,6.375523567199707,21.295644760131836,2.4878737926483154,1.7476654311847581,0.045592572540044785,0.4737976148736518,0.00031612726342138543,-0.045048540439617354,0.4759345026284057,5.0,21.0,2.0,0.945036744412141,0.03256496011048288,-0.32533840087500326,0.28453465971247405,0.4621559977531433,0.009758041240274906,-0.041673291474580765,0.08348839730024338,direct,SAFE_PROGRESSING,NONE,1,0,"6.391,21.298;5.927,21.199;5.464,21.099;5.000,21.000",0,1,PASS_THROUGH,-1,0.94715416274639,0.03522758408419352,-0.31883853172378057,0.2938727019274565,4.738279380717781,5.152978005990487,0.0,0,0,0,DIRECT_LOCAL,PASS_THROUGH,0,BYPASS_VISIBLE,1,10,5.0,21.0,2.0,5.0,21.0,2.0,1,
766,25.566667,0.033333,6.359964847564697,21.292797088623047,2.4862685203552246,1.7492263658137703,0.04798782989382744,0.4757399834132339,0.002026506710742726,-0.04546945170480546,0.4779122404645108,5.0,21.0,2.0,0.9442847685440992,0.0314389459900101,-0.32762458480806095,0.2813873421542069,0.46301230788230896,0.011582189239561558,-0.041929055005311966,0.08667617291212082,direct,SAFE_PROGRESSING,NONE,1,0,"6.376,21.296;5.917,21.197;5.459,21.099;5.000,21.000",0,1,PASS_THROUGH,-1,0.94715416274639,0.03522758408419352,-0.31883853172378057,0.2938727019274565,4.718942849665784,5.140327768031398,0.0,0,0,0,DIRECT_LOCAL,PASS_THROUGH,0,BYPASS_VISIBLE,1,10,5.0,21.0,2.0,5.0,21.0,2.0,1,
767,25.6,0.033333,6.344361305236816,21.289857864379883,2.4846653938293457,1.7508653601356778,0.05028441548347473,0.4773438497611012,0.003754328221270553,-0.04594377481859569,0.47956446524917123,5.0,21.0,2.0,0.9435076967795128,0.030194532738262336,-0.32997199322145065,0.27822541377220034,0.46358582377433777,0.013556938618421555,-0.042183030396699905,0.09000487625598907,direct,SAFE_PROGRESSING,NONE,1,0,"6.360,21.293;5.907,21.195;5.453,21.098;5.000,21.000",0,1,PASS_THROUGH,-1,0.94715416274639,0.03522758408419352,-0.31883853172378057,0.2938727019274565,4.70569795244117,5.12759526758949,0.0,0,0,0,DIRECT_LOCAL,PASS_THROUGH,0,BYPASS_VISIBLE,1,10,5.0,21.0,2.0,5.0,21.0,2.0,1,
768,25.633333,0.033333,6.328725337982178,21.28682518005371,2.483063220977783,1.7525799730639735,0.05251088738441467,0.47857758575819237,0.005526623835947616,-0.04643613263267768,0.48085690550832655,5.0,21.0,2.0,0.9427040643126383,0.028832706047093315,-0.3323818920916644,0.2750508971489388,0.46392467617988586,0.015646537765860558,-0.042440999299287796,0.09341509640216827,direct,SAFE_PROGRESSING,NONE,1,0,"6.344,21.290;5.896,21.193;5.448,21.097;5.000,21.000",1,1,PASS_THROUGH,-1,0.9995326034640429,0.030570813080325304,0.0,0.2750508971489388,4.6923733495826125,5.1147874342615225,0.0,0,0,0,DIRECT_LOCAL,PASS_THROUGH,0,BYPASS_VISIBLE,1,10,5.0,21.0,2.0,5.0,21.0,2.0,1,
769,25.666667,0.033333,6.313069820404053,21.2836971282959,2.481462001800537,1.7543681885621318,0.05469976365566254,0.4794349678824679,0.007372912610146975,-0.04691018625111907,0.4817808774151738,5.0,21.0,2.0,0.941873285604719,0.027351066627295667,-0.33485315142390526,0.27186612203131866,0.46405717730522156,0.01780112087726593,-0.042708273977041245,0.09681051224470139,direct,SAFE_PROGRESSING,NONE,1,0,"6.329,21.287;5.886,21.191;5.443,21.096;5.000,21.000",0,1,PASS_THROUGH,-1,0.9427040643126383,0.028832706047093315,-0.3323818920916644,0.2750508971489388,4.6841436984083,5.101911452816867,0.0,0,0,0,DIRECT_LOCAL,PASS_THROUGH,0,BYPASS_VISIBLE,1,10,5.0,21.0,2.0,5.0,21.0,2.0,1,
770,25.7,0.033333,6.2974090576171875,21.280473709106445,2.479862928390503,1.7562289019688202,0.05687513202428818,0.4799320364365726,0.00931507081999986,-0.047340592340672706,0.482351181014106,5.0,21.0,2.0,0.9410145525365198,0.025746070924196535,-0.33738516823722375,0.26867351293786074,0.4639635980129242,0.019984573125839233,-0.04298686608672142,0.10011017322540283,direct,SAFE_PROGRESSING,NONE,1,0,"6.313,21.284;5.875,21.189;5.438,21.095;5.000,21.000",0,1,PASS_THROUGH,-1,0.9427040643126383,0.028832706047093315,-0.3323818920916644,0.2750508971489388,4.670429345668693,5.08897681259374,0.0,0,0,0,DIRECT_LOCAL,PASS_THROUGH,0,BYPASS_VISIBLE,1,10,5.0,21.0,2.0,5.0,21.0,2.0,1,
771,25.733333,0.033333,6.2817535400390625,21.27715492248535,2.478266954421997,1.758161753690724,0.059046339243650436,0.48009749002114444,0.011361487449174,-0.0477199012253817,0.48259700816998546,5.0,21.0,2.0,0.940126883638446,0.024014360318798028,-0.33997757743525187,0.26547585685233566,0.4636438488960266,0.022147957235574722,-0.04327830299735069,0.10320655256509781,direct,SAFE_PROGRESSING,NONE,1,0,"6.297,21.280;5.865,21.187;5.432,21.093;5.000,21.000",0,1,PASS_THROUGH,-1,0.9427040643126383,0.028832706047093315,-0.3323818920916644,0.2750508971489388,4.656661341986087,5.075990371922937,0.0,0,0,0,DIRECT_LOCAL,PASS_THROUGH,0,BYPASS_VISIBLE,1,10,5.0,21.0,2.0,5.0,21.0,2.0,1,
772,25.766667,0.033333,6.266116142272949,21.27373504638672,2.476673126220703,1.7601663663028813,0.061205800622701645,0.4799618301860662,0.013505363897024834,-0.04805676050802328,0.48255072844217595,5.0,21.0,2.0,0.939208981559919,0.022152991160416746,-0.34263060858572786,0.2622751981000514,0.4630434811115265,0.024270059540867805,-0.04358102008700371,0.10605112463235855,direct,SAFE_PROGRESSING,NONE,1,0,"6.282,21.277;5.855,21.185;5.427,21.092;5.000,21.000",0,1,PASS_THROUGH,-1,0.9427040643126383,0.028832706047093315,-0.3323818920916644,0.2750508971489388,4.642847215749725,5.062956296230048,0.0,0,0,0,DIRECT_LOCAL,PASS_THROUGH,0,BYPASS_VISIBLE,1,10,5.0,21.0,2.0,5.0,21.0,2.0,1,
773,25.8,0.033333,6.250507354736328,21.270212173461914,2.475081205368042,1.7622421827808339,0.06333194673061371,0.4795474236817797,0.015728047079715295,-0.04837127494266621,0.48223737232233793,5.0,21.0,2.0,0.9382601151943352,0.020154634435004593,-0.34534294106916963,0.2590738088919429,0.4620804190635681,0.026410404592752457,-0.04389017075300217,0.10875005275011063,direct,SAFE_PROGRESSING,NONE,1,0,"6.266,21.274;5.844,21.182;5.422,21.091;5.000,21.000",0,1,PASS_THROUGH,-1,0.9427040643126383,0.028832706047093315,-0.3323818920916644,0.2750508971489388,4.628992345805124,5.049879902681522,0.0,0,0,0,DIRECT_LOCAL,PASS_THROUGH,0,BYPASS_VISIBLE,1,10,5.0,21.0,2.0,5.0,21.0,2.0,1,
774,25.833333,0.033333,6.234936714172363,21.266586303710938,2.473491668701172,1.7643880446413016,0.06540097296237946,0.4788613001578375,0.018007219430526283,-0.04868876031998632,0.48166689747373226,5.0,21.0,2.0,0.9372791142952324,0.018015259788108334,-0.3481139358323819,0.2558736612421576,0.4607504606246948,0.02854623645544052,-0.044202450662851334,0.11125854402780533,direct,SAFE_PROGRESSING,NONE,1,0,"6.251,21.270;5.834,21.180;5.417,21.090;5.000,21.000",1,1,PASS_THROUGH,-1,0.9998153314794788,0.01921725627086035,0.0,0.2558736612421576,4.615102845770152,5.036767233270048,0.0,0,0,0,DIRECT_LOCAL,PASS_THROUGH,0,BYPASS_VISIBLE,1,10,5.0,21.0,2.0,5.0,21.0,2.0,1,
775,25.866667,0.033333,6.219415187835693,21.262853622436523,2.4719045162200928,1.7666011602837424,0.06739268451929092,0.4778943234769339,0.02032323486022904,-0.04902827252098172,0.48083239262039323,5.0,21.0,2.0,0.936264469705742,0.015733661343191346,-0.350943435139288,0.25267662696316756,0.45897459983825684,0.030744072049856186,-0.044507548213005066,0.1136544719338417,direct,SAFE_PROGRESSING,NONE,1,0,"6.235,21.267;5.823,21.178;5.412,21.089;5.000,21.000",0,1,PASS_THROUGH,-1,0.9372791142952324,0.018015259788108334,-0.3481139358323819,0.2558736612421576,4.601185363298308,5.023622400489933,0.0,0,0,0,DIRECT_LOCAL,PASS_THROUGH,0,BYPASS_VISIBLE,1,10,5.0,21.0,2.0,5.0,21.0,2.0,1,
776,25.9,0.033333,6.203952789306641,21.259017944335938,2.4703187942504883,1.76887900392059,0.0692930817604065,0.4766243554019788,0.022665251084735754,-0.049399587200839666,0.4797132570449761,5.0,21.0,2.0,0.9352148363705884,0.013305192819297929,-0.35383072460765064,0.2494847031104201,0.45691487193107605,0.03307289257645607,-0.04480769857764244,0.11612051725387573,direct,SAFE_PROGRESSING,NONE,1,0,"6.219,21.263;5.813,21.175;5.406,21.088;5.000,21.000",0,1,PASS_THROUGH,-1,0.9372791142952324,0.018015259788108334,-0.3481139358323819,0.2558736612421576,4.587244966505931,5.010454506731429,0.0,0,0,0,DIRECT_LOCAL,PASS_THROUGH,0,BYPASS_VISIBLE,1,10,5.0,21.0,2.0,5.0,21.0,2.0,1,
777,25.933333,0.033333,6.1885600090026855,21.25507926940918,2.468735694885254,1.7712188933489919,0.0711059644818306,0.4750266964063015,0.025035075095607342,-0.049794629853172935,0.4782850849085112,5.0,21.0,2.0,0.9341290325500595,0.010730849420180794,-0.3567741574411064,0.24630002958727024,0.45456361770629883,0.035434164106845856,-0.045103371143341064,0.11848432570695877,direct,SAFE_PROGRESSING,NONE,1,0,"6.204,21.259;5.803,21.173;5.401,21.086;5.000,21.000",0,1,PASS_THROUGH,-1,0.9372791142952324,0.018015259788108334,-0.3481139358323819,0.2558736612421576,4.573291144362081,4.997270094595321,0.0,0,0,0,DIRECT_LOCAL,PASS_THROUGH,0,BYPASS_VISIBLE,1,10,5.0,21.0,2.0,5.0,21.0,2.0,1,
778,25.966667,0.033333,6.173251628875732,21.251035690307617,2.4671547412872314,1.7736177160346807,0.07284243404865265,0.47308509146256517,0.027442422549247926,-0.05019489651521156,0.47653133995120206,5.0,21.0,2.0,0.9330053240441573,0.008009027854178202,-0.35977342978336774,0.2431246864210037,0.45193397998809814,0.03770899772644043,-0.045396722853183746,0.12056929618120193,direct,SAFE_PROGRESSING,NONE,1,0,"6.189,21.255;5.792,21.170;5.396,21.085;5.000,21.000",0,1,PASS_THROUGH,-1,0.9372791142952324,0.018015259788108334,-0.3481139358323819,0.2558736612421576,4.559331113554556,4.984077083844177,0.0,0,0,0,DIRECT_LOCAL,PASS_THROUGH,0,BYPASS_VISIBLE,1,10,5.0,21.0,2.0,5.0,21.0,2.0,1,
779,26.0,0.033333,6.158034801483154,21.246889114379883,2.465576171875,1.7760725044589403,0.0745016559958458,0.47079547177040637,0.029893710597052148,-0.050581163382878463,0.47444753583715155,5.0,21.0,2.0,0.9318427610974482,0.005135660444248402,-0.3628259825068834,0.2399615221211752,0.4490065574645996,0.039911337196826935,-0.04568580910563469,0.1223977580666542,direct,SAFE_PROGRESSING,NONE,1,0,"6.173,21.251;5.782,21.167;5.391,21.084;5.000,21.000",0,1,PASS_THROUGH,-1,0.9372791142952324,0.018015259788108334,-0.3481139358323819,0.2558736612421576,4.55245724077673,4.970881123687647,0.0,0,0,0,DIRECT_LOCAL,PASS_THROUGH,0,BYPASS_VISIBLE,1,10,5.0,21.0,2.0,5.0,21.0,2.0,1,
780,26.033333,0.033333,6.1429243087768555,21.242639541625977,2.4639999866485596,1.7785810927676429,0.07607115060091019,0.46816433392419093,0.03238537105257087,-0.05094094821046887,0.47203986698315603,5.0,21.0,2.0,0.9306394904201551,0.00210982118912606,-0.3659312606556918,0.23681206356479487,0.4458625614643097,0.04202476888895035,-0.045973680913448334,0.1239277720451355,direct,SAFE_PROGRESSING,NONE,1,0,"6.158,21.247;5.772,21.165;5.386,21.082;5.000,21.000",1,1,PASS_THROUGH,-1,0.999997430215679,0.002267060219406869,0.0,0.23681206356479487,4.531425430765498,4.9576914604280935,0.0,0,0,0,DIRECT_LOCAL,PASS_THROUGH,0,BYPASS_VISIBLE,1,10,5.0,21.0,2.0,5.0,21.0,2.0,1,
781,26.066667,0.033333,6.127931118011475,21.23828887939453,2.4624264240264893,1.7811404312492412,0.07753359526395798,0.4652058673802479,0.034903129487015114,-0.051269017922136416,0.46932210654485096,5.0,21.0,2.0,0.9293944342093612,-0.0010714360573568227,-0.369086490792384,0.23367926076171303,0.4423602819442749,0.044141918420791626,-0.046259406954050064,0.1253291219472885,direct,SAFE_PROGRESSING,NONE,1,0,"6.143,21.243;5.762,21.162;5.381,21.081;5.000,21.000",0,1,PASS_THROUGH,-1,0.9306394904201551,0.00210982118912606,-0.3659312606556918,0.23681206356479487,4.517495969866718,4.944516192362073,0.0,0,0,0,DIRECT_LOCAL,PASS_THROUGH,0,BYPASS_VISIBLE,1,10,5.0,21.0,2.0,5.0,21.0,2.0,1,
782,26.1,0.033333,6.113067626953125,21.23383903503418,2.4608559608459473,1.7837469852880585,0.07887600362300873,0.4619333534318026,0.037428434497986156,-0.05157394822305775,0.4663080343046164,5.0,21.0,2.0,0.9281061069619552,-0.004408689146424699,-0.3722896959088903,0.2305654091160872,0.4384314715862274,0.04625923931598663,-0.04654250666499138,0.126556396484375,direct,SAFE_PROGRESSING,NONE,1,0,"6.128,21.238;5.752,21.159;5.376,21.079;5.000,21.000",0,1,PASS_THROUGH,-1,0.9306394904201551,0.00210982118912606,-0.3659312606556918,0.23681206356479487,4.503594188758559,4.931364326422725,0.0,0,0,0,DIRECT_LOCAL,PASS_THROUGH,0,BYPASS_VISIBLE,1,10,5.0,21.0,2.0,5.0,21.0,2.0,1,
783,26.133333,0.033333,6.098344326019287,21.229293823242188,2.4592885971069336,1.7863969787752072,0.0800919160246849,0.4583497881074649,0.03994643534318681,-0.05187529170274244,0.46300247498693775,5.0,21.0,2.0,0.9267731299779941,-0.007902654191561054,-0.37553843159857886,0.22747309612143388,0.43404024839401245,0.04842867702245712,-0.04682333022356033,0.1277036964893341,direct,SAFE_PROGRESSING,NONE,1,0,"6.113,21.234;5.742,21.156;5.371,21.078;5.000,21.000",0,1,PASS_THROUGH,-1,0.9306394904201551,0.00210982118912606,-0.3659312606556918,0.23681206356479487,4.489729783858937,4.918245010420387,0.0,0,0,0,DIRECT_LOCAL,PASS_THROUGH,0,BYPASS_VISIBLE,1,10,5.0,21.0,2.0,5.0,21.0,2.0,1,
784,26.166667,0.033333,6.083771705627441,21.224653244018555,2.45772385597229,1.789085673760854,0.0811828076839447,0.45444380651794114,0.04245092071885407,-0.05219446970456718,0.4593969053227669,5.0,21.0,2.0,0.9253941577492423,-0.011551419767863502,-0.3788300641513514,0.2244046270356992,0.4292738139629364,0.05069981887936592,-0.04711039364337921,0.12889868021011353,direct,SAFE_PROGRESSING,NONE,1,0,"6.098,21.229;5.732,21.153;5.366,21.076;5.000,21.000",0,1,PASS_THROUGH,-1,0.9306394904201551,0.00210982118912606,-0.3659312606556918,0.23681206356479487,4.48191938914508,4.905164494586916,0.0,0,0,0,DIRECT_LOCAL,PASS_THROUGH,0,BYPASS_VISIBLE,1,10,5.0,21.0,2.0,5.0,21.0,2.0,1,
785,26.2,0.033333,6.069360733032227,21.219919204711914,2.4561612606048584,1.7918091203026199,0.08216450363397598,0.45019435452623857,0.044947550739156815,-0.052541741428118224,0.4554732415379031,5.0,21.0,2.0,0.9239679080457458,-0.015356958388812458,-0.38216157411573,0.2213621638823287,0.4241105914115906,0.05310032144188881,-0.04740745201706886,0.13021019101142883,direct,SAFE_PROGRESSING,NONE,1,0,"6.084,21.225;5.723,21.150;5.361,21.075;5.000,21.000",0,1,PASS_THROUGH,-1,0.9306394904201551,0.00210982118912606,-0.3659312606556918,0.23681206356479487,4.467952070847695,4.892130746273305,0.0,0,0,0,DIRECT_LOCAL,PASS_THROUGH,0,BYPASS_VISIBLE,1,10,5.0,21.0,2.0,5.0,21.0,2.0,1,
786,26.233333,0.033333,6.055123805999756,21.21509552001953,2.4546003341674805,1.794563624945826,0.08306536823511124,0.4455785452382188,0.047453824289899554,-0.052914966782717794,0.45121181182008113,5.0,21.0,2.0,0.9224932617082808,-0.019320162480990638,-0.38552939372313144,0.21834805553998798,0.4185558557510376,0.05574847012758255,-0.04771485924720764,0.13185501098632812,direct,SAFE_PROGRESSING,NONE,1,0,"6.069,21.220;5.713,21.147;5.356,21.073;5.000,21.000",1,1,PASS_THROUGH,-1,0.9997807587310963,-0.020938826879107475,0.0,0.21834805553998798,4.454051611568156,4.879154082840414,0.0,0,0,0,DIRECT_LOCAL,PASS_THROUGH,0,BYPASS_VISIBLE,1,10,5.0,21.0,2.0,5.0,21.0,2.0,1,
787,26.266667,0.033333,6.041072845458984,21.210189819335938,2.4530417919158936,1.7973465733483405,0.08392822742462158,0.44057826699260366,0.04999821446759371,-0.05330185848890984,0.4465983866008981,5.0,21.0,2.0,0.9209694120623678,-0.023441664860021333,-0.38892908144556027,0.21536502303947902,0.4127455949783325,0.058639876544475555,-0.04803385213017464,0.13381561636924744,direct,SAFE_PROGRESSING,NONE,1,0,"6.055,21.215;5.703,21.143;5.352,21.072;5.000,21.000",0,1,PASS_THROUGH,-1,0.9224932617082808,-0.019320162480990638,-0.38552939372313144,0.21834805553998798,4.440229140013633,4.866247369707779,0.0,0,0,0,DIRECT_LOCAL,PASS_THROUGH,0,BYPASS_VISIBLE,1,10,5.0,21.0,2.0,5.0,21.0,2.0,1,
788,26.3,0.033333,6.027222156524658,21.205196380615234,2.451484203338623,1.8001568365751563,0.08480630069971085,0.4351878064971808,0.05261665349479893,-0.053680455333991885,0.44163166828668904,5.0,21.0,2.0,0.9193953973361065,-0.0277201394457742,-0.3923565944727954,0.21241585907879293,0.4067985713481903,0.06162065640091896,-0.048366427421569824,0.13579119741916656,direct,SAFE_PROGRESSING,NONE,1,0,"6.041,21.210;5.694,21.140;5.347,21.070;5.000,21.000",0,1,PASS_THROUGH,-1,0.9224932617082808,-0.019320162480990638,-0.38552939372313144,0.21834805553998798,4.49107399173741,4.853414910874466,0.0,0,0,0,DIRECT_LOCAL,PASS_THROUGH,0,BYPASS_VISIBLE,1,10,5.0,21.0,2.0,5.0,21.0,2.0,1,
789,26.333333,0.033333,6.013585090637207,21.20012092590332,2.4499266147613525,1.8029952839996668,0.08573859184980392,0.42942157521328145,0.055340328934079516,-0.054027301321768154,0.4363305977734098,5.0,21.0,2.0,0.9177705731238724,-0.032167803587358684,-0.39580602259218356,0.20950330913594292,0.4008587598800659,0.064296655356884,-0.048721544444561005,0.13712374866008759,direct,SAFE_PROGRESSING,NONE,1,0,"6.027,21.205;5.685,21.137;5.342,21.068;5.000,21.000",0,1,PASS_THROUGH,-1,0.9224932617082808,-0.019320162480990638,-0.38552939372313144,0.21834805553998798,4.477723175025301,4.840669002881013,0.0,0,0,0,DIRECT_LOCAL,PASS_THROUGH,0,BYPASS_VISIBLE,1,10,5.0,21.0,2.0,5.0,21.0,2.0,1,
790,26.366667,0.033333,6.000175476074219,21.194961547851562,2.448369026184082,1.8058640498719967,0.08671269565820694,0.42331770669539326,0.05817274491855721,-0.05432496157148078,0.4307355923335677,5.0,21.0,2.0,0.9160946208716207,-0.03678827410496671,-0.39927092117816376,0.20663040637296706,0.39482739567756653,0.06640507280826569,-0.04909621179103851,0.13739649951457977,direct,SAFE_PROGRESSING,NONE,1,0,"6.014,21.200;5.676,21.133;5.338,21.067;5.000,21.000",0,1,PASS_THROUGH,-1,0.9224932617082808,-0.019320162480990638,-0.38552939372313144,0.21834805553998798,4.2709153939967734,4.828016447739587,0.0,0,0,0,DIRECT_LOCAL,PASS_THROUGH,0,BYPASS_VISIBLE,1,10,5.0,21.0,2.0,5.0,21.0,2.0,1,
791,26.4,0.033333,5.987004280090332,21.189720153808594,2.446808338165283,1.8087654619307632,0.08764718472957611,0.41692857215589285,0.06107128727917214,-0.05457206021835421,0.42489674765331215,5.0,21.0,2.0,0.9143665808373025,-0.04159196425690101,-0.40274540885918675,0.2037999988303206,0.3883620798587799,0.0681157335639,-0.0494634285569191,0.13693401217460632,direct,SAFE_PROGRESSING,NONE,1,0,"6.000,21.195;5.667,21.130;5.333,21.065;5.000,21.000",0,1,PASS_THROUGH,-1,0.9224932617082808,-0.019320162480990638,-0.38552939372313144,0.21834805553998798,4.057576560820368,4.815465045906489,0.0,0,0,0,DIRECT_LOCAL,PASS_THROUGH,0,BYPASS_VISIBLE,1,10,5.0,21.0,2.0,5.0,21.0,2.0,1,
792,26.433333,0.033333,5.974081993103027,21.184398651123047,2.4452459812164307,1.8116996342266913,0.08843115717172623,0.41029551162480077,0.06395492585206652,-0.05479288229622811,0.41884949486722384,5.0,21.0,2.0,0.9125864789063961,-0.04658354243510285,-0.4062214815730731,0.2010145453123023,0.38137251138687134,0.06961371004581451,-0.04980340600013733,0.13600826263427734,direct,SAFE_PROGRESSING,NONE,1,0,"5.987,21.190;5.658,21.126;5.329,21.063;5.000,21.000",1,1,PASS_THROUGH,-1,0.9986997128737021,-0.050979245835779036,0.0,0.2010145453123023,4.044115392716887,4.803022275526756,0.0,0,0,0,DIRECT_LOCAL,PASS_THROUGH,0,BYPASS_VISIBLE,1,10,5.0,21.0,2.0,5.0,21.0,2.0,1,
793,26.466667,0.033333,5.961414813995361,21.17900276184082,2.443681478500366,1.8146619143081044,0.08897729218006134,0.40342668180402963,0.06673377749882597,-0.055023694278004076,0.4125943426450148,5.0,21.0,2.0,0.910753091039942,-0.05176313647667269,-0.40969425778657054,0.19827643246977844,0.37370774149894714,0.0710994303226471,-0.050102587789297104,0.13492462038993835,direct,SAFE_PROGRESSING,NONE,1,0,"5.974,21.184;5.487,21.092;5.000,21.000",0,1,PASS_THROUGH,-1,0.9125864789063961,-0.04658354243510285,-0.4062214815730731,0.2010145453123023,4.030902952796597,4.790695726483013,0.0,0,0,0,DIRECT_LOCAL,PASS_THROUGH,0,BYPASS_VISIBLE,1,10,5.0,21.0,2.0,5.0,21.0,2.0,1,
794,26.5,0.033333,5.949010848999023,21.173534393310547,2.4421143531799316,1.8176439414576626,0.08924660831689835,0.3962884190393136,0.0693419175256531,-0.05529713911440283,0.40609184451925484,5.0,21.0,2.0,0.9088658950778634,-0.05712323599490843,-0.4131582271645864,0.19558736496168422,0.3653983771800995,0.07254625856876373,-0.05036138370633125,0.13360005617141724,direct,SAFE_PROGRESSING,NONE,1,0,"5.961,21.179;5.481,21.090;5.000,21.000",0,1,PASS_THROUGH,-1,0.9125864789063961,-0.04658354243510285,-0.4062214815730731,0.2010145453123023,4.412659110826176,4.778491337809963,0.0,0,0,0,DIRECT_LOCAL,PASS_THROUGH,0,BYPASS_VISIBLE,1,10,5.0,21.0,2.0,5.0,21.0,2.0,1,
795,26.533333,0.033333,5.936878204345703,21.16800880432129,2.4405465126037598,1.8206345316541894,0.08923814445734024,0.3888138228791884,0.071754449877636,-0.0556256644816988,0.3992732203494264,5.0,21.0,2.0,0.9069247810835075,-0.0626574220541552,-0.41660711577955506,0.1929492966744898,0.3564966320991516,0.07418510317802429,-0.05058394372463226,0.132534459233284,direct,SAFE_PROGRESSING,NONE,1,0,"5.949,21.174;5.475,21.087;5.000,21.000",0,1,PASS_THROUGH,-1,0.9125864789063961,-0.04658354243510285,-0.4062214815730731,0.2010145453123023,4.400038107608561,4.766425232752705,0.0,0,0,0,DIRECT_LOCAL,PASS_THROUGH,0,BYPASS_VISIBLE,1,10,5.0,21.0,2.0,5.0,21.0,2.0,1,
796,26.566667,0.033333,5.925027370452881,21.162433624267578,2.4389760494232178,1.823622090230101,0.08899106830358505,0.3809248733219194,0.07399088956417782,-0.05599345489287495,0.3920633594773415,5.0,21.0,2.0,0.9049304668711393,-0.06834633057643474,-0.42003527140600755,0.19036467404510724,0.3472219705581665,0.07612583041191101,-0.050780732184648514,0.13196438550949097,direct,SAFE_PROGRESSING,NONE,1,0,"5.937,21.168;5.468,21.084;5.000,21.000",0,1,PASS_THROUGH,-1,0.9125864789063961,-0.04658354243510285,-0.4062214815730731,0.2010145453123023,4.387572899940195,4.754509294049766,0.0,0,0,0,DIRECT_LOCAL,PASS_THROUGH,0,BYPASS_VISIBLE,1,10,5.0,21.0,2.0,5.0,21.0,2.0,1,
797,26.6,0.033333,5.913471698760986,21.156822204589844,2.437405586242676,1.8265971919961728,0.08858782798051834,0.37255985222718696,0.07611014297909545,-0.05636144897883062,0.38440891025942026,5.0,21.0,2.0,0.902885160753701,-0.0741796347902634,-0.4234333103018073,0.18783613266671267,0.33778607845306396,0.07838089764118195,-0.050974633544683456,0.1319480836391449,direct,SAFE_PROGRESSING,NONE,1,0,"5.925,21.162;5.463,21.081;5.000,21.000",0,1,PASS_THROUGH,-1,0.9125864789063961,-0.04658354243510285,-0.4062214815730731,0.2010145453123023,4.375275579264208,4.742761635288246,0.0,0,0,0,DIRECT_LOCAL,PASS_THROUGH,0,BYPASS_VISIBLE,1,10,5.0,21.0,2.0,5.0,21.0,2.0,1,
798,26.633333,0.033333,5.902225017547607,21.151182174682617,2.435835123062134,1.829553095285837,0.08813386410474777,0.36369756945018455,0.07819340096816561,-0.05668302730288301,0.3763018676051974,5.0,21.0,2.0,0.9007908807230893,-0.08014398214919177,-0.42679354649688783,0.18536706808812625,0.3282797336578369,0.08079743385314941,-0.0511847622692585,0.13218000531196594,direct,SAFE_PROGRESSING,NONE,1,0,"5.913,21.157;5.457,21.078;5.000,21.000",1,1,PASS_THROUGH,-1,0.9960654519838879,-0.08862062606488949,0.0,0.18536706808812625,4.3631643402514655,4.731196325022604,0.0,0,0,0,DIRECT_LOCAL,PASS_THROUGH,0,CORRIDOR_CLEAR,1,10,5.0,21.0,2.0,5.0,21.0,2.0,1,
799,26.666667,0.033333,5.891302585601807,21.145519256591797,2.434264659881592,1.8324880437014648,0.08772025257349014,0.3543657821852531,0.08031926238634332,-0.05692477174190138,0.3677862438046318,5.0,21.0,2.0,0.8986502806782626,-0.08623550990368753,-0.43010592866005787,0.18296076434367517,0.31884878873825073,0.08312582969665527,-0.05142880603671074,0.1321639120578766,direct,SAFE_PROGRESSING,NONE,1,0,"5.902,21.151;5.451,21.076;5.000,21.000",0,1,PASS_THROUGH,-1,0.9007908807230893,-0.08014398214919177,-0.42679354649688783,0.18536706808812625,4.351253662832436,4.719826902310005,0.0,0,0,0,DIRECT_LOCAL,PASS_THROUGH,0,CORRIDOR_CLEAR,1,10,5.0,21.0,2.0,5.0,21.0,2.0,1,
800,26.7,0.033333,5.880721569061279,21.13983917236328,2.432691812515259,1.8354044973329426,0.08738619089126587,0.34463496688048034,0.08253584059143965,-0.05707603183128985,0.3589472089158122,5.0,21.0,2.0,0.896466123222259,-0.0924557553095878,-0.4333594619077642,0.1806207245184777,0.30940625071525574,0.08513935655355453,-0.0517081543803215,0.13147862255573273,direct,SAFE_PROGRESSING,NONE,1,0,"5.891,21.146;5.446,21.073;5.000,21.000",0,1,PASS_THROUGH,-1,0.9007908807230893,-0.08014398214919177,-0.42679354649688783,0.18536706808812625,4.340612577842079,4.708668136830167,0.0,0,0,0,DIRECT_LOCAL,PASS_THROUGH,0,CORRIDOR_CLEAR,1,10,5.0,21.0,2.0,5.0,21.0,2.0,1,
801,26.733333,0.033333,5.870492458343506,21.13414192199707,2.4311153888702393,1.8383078481286939,0.08710133284330368,0.33459657975352686,0.08484185821520855,-0.05715244224053873,0.34988485783501105,5.0,21.0,2.0,0.8942425382177078,-0.09880882400147162,-0.43653991700805284,0.17835083137871932,0.2997037172317505,0.0868028998374939,-0.052003584802150726,0.13006246089935303,local_avoidance,SAFE_PROGRESSING,NONE,1,0,"5.881,21.140;5.448,21.032;5.016,20.924",0,1,PASS_THROUGH,-1,0.9007908807230893,-0.08014398214919177,-0.42679354649688783,0.18536706808812625,4.328091882139733,4.697726126308446,0.0,0,0,0,DIRECT_LOCAL,PASS_THROUGH,0,CORRIDOR_CLEAR,1,10,5.0,21.0,2.0,5.0,21.0,2.0,1,
802,26.766667,0.033333,5.860625267028809,21.128429412841797,2.4295339584350586,1.841203350720837,0.0867839977145195,0.32433061869689855,0.08718827122067586,-0.05719043952421439,0.3406800423208498,5.0,21.0,2.0,0.8919815979547703,-0.10530262924087982,-0.43963642386068563,0.17615347572727463,0.2896195352077484,0.08833503723144531,-0.052290886640548706,0.12833556532859802,local_avoidance,SAFE_PROGRESSING,NONE,1,0,"5.870,21.134;5.443,21.029;5.015,20.925",0,1,PASS_THROUGH,-1,0.9007908807230893,-0.08014398214919177,-0.42679354649688783,0.18536706808812625,4.3168629913317575,4.687008135840847,0.0,0,0,0,DIRECT_LOCAL,PASS_THROUGH,0,CORRIDOR_CLEAR,1,10,5.0,21.0,2.0,5.0,21.0,2.0,1,
803,26.8,0.033333,5.8511271476745605,21.12270736694336,2.427946090698242,1.8440929028663617,0.08635524660348892,0.31388017826888553,0.08950246756373609,-0.05723146334387182,0.33137123955857406,5.0,21.0,2.0,0.8896861606638622,-0.11193977008514538,-0.44263757567165624,0.17403102761649106,0.2792110741138458,0.08963438868522644,-0.052561815828084946,0.12605971097946167,local_avoidance,SAFE_PROGRESSING,NONE,1,0,"5.861,21.128;5.438,21.027;5.014,20.925",0,1,PASS_THROUGH,-1,0.9007908807230893,-0.08014398214919177,-0.42679354649688783,0.18536706808812625,4.305878789320684,4.676522539975574,0.0,0,0,0,DIRECT_LOCAL,PASS_THROUGH,0,CORRIDOR_CLEAR,1,10,5.0,21.0,2.0,5.0,21.0,2.0,1,
804,26.833333,0.033333,5.842002868652344,21.116985321044922,2.426351308822632,1.8469732295150882,0.0857546478509903,0.3032464247901649,0.09171361559620761,-0.05730204366448272,0.3219523344252568,5.0,21.0,2.0,0.8873600582848715,-0.11871346076122188,-0.44553253662865416,0.17198540861489447,0.268277645111084,0.09081166237592697,-0.05279951170086861,0.12354855984449387,local_avoidance,SAFE_PROGRESSING,NONE,1,0,"5.851,21.123;5.433,21.024;5.014,20.926",1,1,PASS_THROUGH,-1,0.991169449602036,-0.13260136566263936,0.0,0.17198540861489447,4.295809431937532,4.6662791468120925,0.0,0,0,0,DIRECT_LOCAL,PASS_THROUGH,0,CORRIDOR_CLEAR,1,10,5.0,21.0,2.0,5.0,21.0,2.0,1,
805,26.866667,0.033333,5.833257675170898,21.111263275146484,2.4247493743896484,1.849837153763212,0.08494522422552109,0.2923943398257173,0.09377108367174573,-0.05740955570156551,0.31238329529752673,5.0,21.0,2.0,0.8850079277013156,-0.1256085457524997,-0.44831179009676386,0.17001816328366326,0.2568517029285431,0.0920037254691124,-0.05299592763185501,0.12112060189247131,local_avoidance,SAFE_PROGRESSING,NONE,1,0,"5.842,21.117;5.428,21.022;5.013,20.927",0,1,PASS_THROUGH,-1,0.8873600582848715,-0.11871346076122188,-0.44553253662865416,0.17198540861489447,4.285263543243326,4.656280797501946,0.0,0,0,0,DIRECT_LOCAL,PASS_THROUGH,0,CORRIDOR_CLEAR,1,10,5.0,21.0,2.0,5.0,21.0,2.0,1,
806,26.9,0.033333,5.824897766113281,21.105554580688477,2.423140525817871,1.8526756446010064,0.08393176645040512,0.28126723433166767,0.0956559827251012,-0.057543259688127305,0.3026095683801577,5.0,21.0,2.0,0.8826335804524307,-0.13261753160193407,-0.45096624371401983,0.16813064796491242,0.24511393904685974,0.09312945604324341,-0.05315665155649185,0.1186225488781929,local_avoidance,SAFE_PROGRESSING,NONE,1,0,"5.833,21.111;5.423,21.020;5.013,20.928",0,1,PASS_THROUGH,-1,0.8873600582848715,-0.11871346076122188,-0.44553253662865416,0.17198540861489447,4.274992172651492,4.646541229929857,0.0,0,0,0,DIRECT_LOCAL,PASS_THROUGH,0,CORRIDOR_CLEAR,1,10,5.0,21.0,2.0,5.0,21.0,2.0,1,
807,26.933333,0.033333,5.816929817199707,21.099870681762695,2.4215245246887207,1.8554785858839051,0.0827445313334465,0.269810798735725,0.09737676299396539,-0.05767870124998602,0.2925866259135539,5.0,21.0,2.0,0.8802439635334521,-0.13971784356819708,-0.45348593015833627,0.1663247539054848,0.23311439156532288,0.09415441751480103,-0.05328966677188873,0.11604056507349014,local_avoidance,SAFE_PROGRESSING,NONE,1,0,"5.825,21.106;5.419,21.017;5.012,20.929",0,1,PASS_THROUGH,-1,0.8873600582848715,-0.11871346076122188,-0.44553253662865416,0.17198540861489447,4.265008693013072,4.637073072653749,0.0,0,0,0,DIRECT_LOCAL,PASS_THROUGH,0,CORRIDOR_CLEAR,1,10,5.0,21.0,2.0,5.0,21.0,2.0,1,
808,26.966667,0.033333,5.809362888336182,21.094219207763672,2.4199018478393555,1.8582387460865637,0.08141596615314484,0.25799230955526736,0.09895645821786005,-0.05778830362360966,0.28229753886348086,5.0,21.0,2.0,0.8778464834644247,-0.14689076842592552,-0.45586034442621204,0.1646023668488023,0.22084541618824005,0.09523249417543411,-0.05339929461479187,0.11369193345308304,local_avoidance,SAFE_PROGRESSING,NONE,1,0,"5.817,21.100;5.414,21.015;5.012,20.929",0,1,PASS_THROUGH,-1,0.8873600582848715,-0.11871346076122188,-0.44553253662865416,0.17198540861489447,4.255325550736597,4.627887595059136,0.0,0,0,0,DIRECT_LOCAL,PASS_THROUGH,0,CORRIDOR_CLEAR,1,10,5.0,21.0,2.0,5.0,21.0,2.0,1,
809,27.0,0.033333,5.802206993103027,21.088613510131836,2.4182722568511963,1.8609506151605568,0.07998726516962051,0.24580706785975714,0.10042348369422939,-0.057852860422993806,0.2717589817213385,5.0,21.0,2.0,0.8754484811066241,-0.15412275231191483,-0.45807874230082424,0.16296570732856658,0.20848453044891357,0.09640859067440033,-0.05350060015916824,0.11157204955816269,local_avoidance,SAFE_PROGRESSING,NONE,1,0,"5.809,21.094;5.410,21.012;5.011,20.930",0,1,PASS_THROUGH,-1,0.8873600582848715,-0.11871346076122188,-0.44553253662865416,0.17198540861489447,4.245954312742099,4.6190011147913586,0.0,0,0,0,DIRECT_LOCAL,PASS_THROUGH,0,CORRIDOR_CLEAR,1,10,5.0,21.0,2.0,5.0,21.0,2.0,1,
810,27.033333,0.033333,5.795473098754883,21.083065032958984,2.416635274887085,1.8636111509447488,0.07850950956344604,0.23327842909426708,0.10180735857477075,-0.057866464899343065,0.26102124722061965,5.0,21.0,2.0,0.8730593621244,-0.16139582905486693,-0.46012904338959937,0.1614172746593481,0.19608521461486816,0.09745030105113983,-0.05361226946115494,0.10911582410335541,local_avoidance,SAFE_PROGRESSING,NONE,1,0,"5.802,21.089;5.406,21.010;5.011,20.930",1,1,PASS_THROUGH,-1,0.9833387913160907,-0.18178234648339703,0.0,0.1614172746593481,4.236911244134855,4.61042913781367,0.0,0,0,0,DIRECT_LOCAL,PASS_THROUGH,0,CORRIDOR_CLEAR,1,10,5.0,21.0,2.0,5.0,21.0,2.0,1,
811,27.066667,0.033333,5.789168357849121,21.07757568359375,2.414990186691284,1.866219215984436,0.07700687646865845,0.2204522716297207,0.10312742316151358,-0.0578372781810975,0.25015918976131124,5.0,21.0,2.0,0.8706889129299723,-0.1686950754746851,-0.46199868875507993,0.15995965123032405,0.18358467519283295,0.09813226014375687,-0.05373791605234146,0.105873242020607,local_avoidance,SAFE_PROGRESSING,NONE,1,0,"5.795,21.083;5.403,21.007;5.010,20.931",0,1,PASS_THROUGH,-1,0.8730593621244,-0.16139582905486693,-0.46012904338959937,0.1614172746593481,4.2282120196137685,4.6021774407577825,0.0,0,0,0,DIRECT_LOCAL,PASS_THROUGH,0,CORRIDOR_CLEAR,1,10,5.0,21.0,2.0,5.0,21.0,2.0,1,
812,27.1,0.033333,5.783301830291748,21.072154998779297,2.4133355617523193,1.8687754673279464,0.07544603943824768,0.2073836481688237,0.10437827973273833,-0.05778228905465781,0.23925215931349975,5.0,21.0,2.0,0.8683442797899877,-0.1760161272772769,-0.4636771880245103,0.15859441146715303,0.17095284163951874,0.0984833687543869,-0.05386640131473541,0.10198844969272614,local_avoidance,SAFE_PROGRESSING,NONE,1,0,"5.789,21.078;5.399,21.005;5.010,20.932",0,1,PASS_THROUGH,-1,0.8730593621244,-0.16139582905486693,-0.46012904338959937,0.1614172746593481,4.289843683310556,4.594258929155119,0.0,0,0,0,DIRECT_LOCAL,PASS_THROUGH,0,CORRIDOR_CLEAR,1,10,5.0,21.0,2.0,5.0,21.0,2.0,1,
813,27.133333,0.033333,5.777878761291504,21.066810607910156,2.4116709232330322,1.871279994685562,0.0737597793340683,0.19412186324844133,0.10552679884568472,-0.05771554759374564,0.2283643744100863,5.0,21.0,2.0,0.8660355762935815,-0.1833457010253623,-0.4651523777316017,0.15732362838267402,0.15814831852912903,0.098604716360569,-0.05397683009505272,0.09769711643457413,local_avoidance,SAFE_PROGRESSING,NONE,1,0,"5.783,21.072;5.404,20.969;5.024,20.865",0,1,PASS_THROUGH,-1,0.8730593621244,-0.16139582905486693,-0.46012904338959937,0.1614172746593481,4.281861841570551,4.5866826504524365,0.0,0,0,0,DIRECT_LOCAL,PASS_THROUGH,0,CORRIDOR_CLEAR,1,10,5.0,21.0,2.0,5.0,21.0,2.0,1,
814,27.166667,0.033333,5.772902965545654,21.061553955078125,2.4099948406219482,1.8737307529219547,0.07188902050256729,0.18070000815875883,0.10652490314955253,-0.05764224287811953,0.21753775788036703,5.0,21.0,2.0,0.8637720552298412,-0.1906694554221911,-0.4664150462549649,0.1561485221957261,0.1450902372598648,0.0985395610332489,-0.05405189096927643,0.0931069403886795,local_avoidance,SAFE_PROGRESSING,NONE,1,0,"5.778,21.067;5.401,20.966;5.023,20.866",0,1,PASS_THROUGH,-1,0.8730593621244,-0.16139582905486693,-0.46012904338959937,0.1614172746593481,4.274248008372866,4.579459720937117,0.0,0,0,0,DIRECT_LOCAL,PASS_THROUGH,0,CORRIDOR_CLEAR,1,10,5.0,21.0,2.0,5.0,21.0,2.0,1,
815,27.2,0.033333,5.76837682723999,21.05638885498047,2.4083077907562256,1.876122294195329,0.06980054080486298,0.1671295434756279,0.10732657374711549,-0.057560923774766556,0.2067958840994455,5.0,21.0,2.0,0.8615651932567095,-0.19796529715366948,-0.46745605022439063,0.15507003366673094,0.13174185156822205,0.09824518859386444,-0.054083310067653656,0.08815546333789825,local_avoidance,SAFE_PROGRESSING,NONE,1,0,"5.773,21.062;5.398,20.964;5.022,20.867",0,1,PASS_THROUGH,-1,0.8730593621244,-0.16139582905486693,-0.46012904338959937,0.1614172746593481,4.267012955622634,4.572594521968962,0.0,0,0,0,DIRECT_LOCAL,PASS_THROUGH,0,CORRIDOR_CLEAR,1,10,5.0,21.0,2.0,5.0,21.0,2.0,1,
816,27.233333,0.033333,5.764302730560303,21.051328659057617,2.406609535217285,1.878445937505916,0.06747996062040329,0.15340156518446993,0.10789801064245386,-0.057465553530705454,0.19615379360143573,5.0,21.0,2.0,0.8594243423560242,-0.2052159293002605,-0.46826939055136396,0.15408863054818836,0.11811252683401108,0.09779952466487885,-0.054068077355623245,0.08305401355028152,local_avoidance,SAFE_PROGRESSING,NONE,1,0,"5.768,21.056;5.395,20.962;5.021,20.867",1,1,PASS_THROUGH,-1,0.9726552767602242,-0.23225355237432127,0.0,0.15408863054818836,4.260161102419733,4.566098818533232,0.0,0,0,0,DIRECT_LOCAL,PASS_THROUGH,0,CORRIDOR_CLEAR,1,10,5.0,21.0,2.0,5.0,21.0,2.0,1,
817,27.266667,0.033333,5.760681629180908,21.046384811401367,2.4049007892608643,1.8806924864830745,0.06493189185857773,0.13949458680193538,0.1082229383872354,-0.05734645433074758,0.18563286337423815,5.0,21.0,2.0,0.857362373078959,-0.21239283222033878,-0.46884863874158683,0.153204868745427,0.10437794029712677,0.09729967266321182,-0.05401107668876648,0.0779874175786972,local_avoidance,SAFE_PROGRESSING,NONE,1,0,"5.764,21.051;5.392,20.960;5.021,20.868",0,1,PASS_THROUGH,-1,0.8594243423560242,-0.2052159293002605,-0.46826939055136396,0.15408863054818836,4.253703641668504,4.559982039385089,0.0,0,0,0,DIRECT_LOCAL,PASS_THROUGH,0,CORRIDOR_CLEAR,1,10,5.0,21.0,2.0,5.0,21.0,2.0,1,
818,27.3,0.033333,5.757516384124756,21.04157066345215,2.4031822681427,1.8828521038704393,0.062184516340494156,0.1253898972935472,0.10830476347166086,-0.05719031333221311,0.1752805752870963,5.0,21.0,2.0,0.8553915546129915,-0.21946841358973262,-0.4691896244943784,0.1524189084991834,0.0905347540974617,0.09680147469043732,-0.05391601100564003,0.07311416417360306,local_avoidance,SAFE_PROGRESSING,NONE,1,0,"5.761,21.046;5.390,20.957;5.020,20.869",0,1,PASS_THROUGH,-1,0.8594243423560242,-0.2052159293002605,-0.46826939055136396,0.15408863054818836,4.247649445314927,4.554256341038493,0.0,0,0,0,DIRECT_LOCAL,PASS_THROUGH,0,CORRIDOR_CLEAR,1,10,5.0,21.0,2.0,5.0,21.0,2.0,1,
819,27.333333,0.033333,5.754810333251953,21.036893844604492,2.401454210281372,1.8849162053286677,0.059286925941705704,0.11108305450953626,0.10816529583477537,-0.056988330815712245,0.16518730602365947,5.0,21.0,2.0,0.8535253613776599,-0.22641402793207502,-0.46928791316281365,0.1517312350542625,0.07665103673934937,0.09635921567678452,-0.053795717656612396,0.06853465735912323,local_avoidance,SAFE_PROGRESSING,NONE,1,0,"5.758,21.042;5.388,20.955;5.019,20.869",0,1,PASS_THROUGH,-1,0.8594243423560242,-0.2052159293002605,-0.46826939055136396,0.15408863054818836,4.242010117291844,4.54892982280195,0.0,0,0,0,DIRECT_LOCAL,PASS_THROUGH,0,CORRIDOR_CLEAR,1,10,5.0,21.0,2.0,5.0,21.0,2.0,1,
820,27.366667,0.033333,5.752566337585449,21.032367706298828,2.399716854095459,1.8868784426219798,0.056301672011613846,0.0965885425107694,0.10783977765201978,-0.05674147661703456,0.15549392064345552,5.0,21.0,2.0,0.8517756612841781,-0.2332092613868405,-0.4691392791563133,0.1511422899063826,0.06282012909650803,0.09592979401350021,-0.05366513133049011,0.06410402059555054,local_avoidance,SAFE_PROGRESSING,NONE,1,0,"5.755,21.037;5.386,20.953;5.018,20.869",0,1,PASS_THROUGH,-1,0.8594243423560242,-0.2052159293002605,-0.46826939055136396,0.15408863054818836,4.236793596312418,4.544014718392082,0.0,0,0,0,DIRECT_LOCAL,PASS_THROUGH,0,CORRIDOR_CLEAR,1,10,5.0,21.0,2.0,5.0,21.0,2.0,1,
821,27.4,0.033333,5.750787258148193,21.02800178527832,2.397969961166382,1.8887354018065654,0.053286127746105194,0.0819398627306043,0.10736769732187837,-0.05646148827371204,0.14638942308307415,5.0,21.0,2.0,0.8501554482754808,-0.2398296097166808,-0.46874030344174666,0.15065241596175263,0.04915092885494232,0.09538444876670837,-0.053541067987680435,0.0594615638256073,local_avoidance,SAFE_PROGRESSING,NONE,1,0,"5.753,21.032;5.385,20.951;5.017,20.870",0,1,PASS_THROUGH,-1,0.8594243423560242,-0.2052159293002605,-0.46826939055136396,0.15408863054818836,4.23201154856357,4.539520362740622,0.0,0,0,0,DIRECT_LOCAL,PASS_THROUGH,0,CORRIDOR_CLEAR,1,10,5.0,21.0,2.0,5.0,21.0,2.0,1,
822,27.433333,0.033333,5.749475479125977,21.023801803588867,2.3962130546569824,1.8904857872664886,0.050265368074178696,0.06718762464324095,0.10677932993619271,-0.05616783070783309,0.13809716656487614,5.0,21.0,2.0,0.8486762063693389,-0.24625664675161124,-0.4680879839017442,0.15026185237464035,0.0356435663998127,0.0945984274148941,-0.053431011736392975,0.0543091781437397,local_avoidance,SAFE_PROGRESSING,NONE,1,0,"5.751,21.028;5.384,20.949;5.016,20.870",1,1,PASS_THROUGH,-1,0.9603865820379722,-0.27867115573991735,0.0,0.15026185237464035,4.227672977157223,4.535452887748223,0.0,0,0,0,DIRECT_LOCAL,PASS_THROUGH,0,CORRIDOR_CLEAR,1,10,5.0,21.0,2.0,5.0,21.0,2.0,1,
823,27.466667,0.033333,5.748631000518799,21.019779205322266,2.3944449424743652,1.8921318782492678,0.04721894860267639,0.052392360895518165,0.10608428440358277,-0.05587759200025219,0.1308477747818934,5.0,21.0,2.0,0.847346992579473,-0.2524792810821203,-0.4671801438318824,0.1499706664204964,0.022267725318670273,0.09356583654880524,-0.05332252383232117,0.04869756102561951,local_avoidance,SAFE_PROGRESSING,NONE,1,0,"5.749,21.024;5.382,20.947;5.016,20.870",0,1,PASS_THROUGH,-1,0.8486762063693389,-0.24625664675161124,-0.4680879839017442,0.15026185237464035,4.223783886150711,4.531821330777346,0.0,0,0,0,DIRECT_LOCAL,PASS_THROUGH,0,CORRIDOR_CLEAR,1,10,5.0,21.0,2.0,5.0,21.0,2.0,1,
824,27.5,0.033333,5.748250484466553,21.015932083129883,2.3926656246185303,1.8936751129061178,0.04409875348210335,0.0376144725021962,0.10526900279653294,-0.05559858925530484,0.12485036891645543,5.0,21.0,2.0,0.846178357766528,-0.25847921073605157,-0.4660157555971787,0.1497784486367726,0.009073389694094658,0.09233064204454422,-0.0531991608440876,0.04272499307990074,local_avoidance,SAFE_PROGRESSING,NONE,1,0,"5.749,21.020;5.382,20.945;5.015,20.870",0,1,PASS_THROUGH,-1,0.8486762063693389,-0.24625664675161124,-0.4680879839017442,0.15026185237464035,4.220352639962319,4.5286223618695605,0.0,0,0,0,DIRECT_LOCAL,PASS_THROUGH,0,CORRIDOR_CLEAR,1,10,5.0,21.0,2.0,5.0,21.0,2.0,1,
825,27.533333,0.033333,5.748332977294922,21.01226806640625,2.3908743858337402,1.8951146882519667,0.04085589200258255,0.022906698800315164,0.10430505575399841,-0.05532779497765124,0.12027230106247275,5.0,21.0,2.0,0.8451749111939193,-0.2642510010221091,-0.46459743644058543,0.14968401635141787,-0.004072483628988266,0.09092866629362106,-0.05304364114999771,0.03652258962392807,local_avoidance,SAFE_PROGRESSING,NONE,1,0,"5.748,21.016;5.381,20.943;5.014,20.870",0,1,PASS_THROUGH,-1,0.8486762063693389,-0.24625664675161124,-0.4680879839017442,0.15026185237464035,4.2173758534594805,4.525861533139203,0.0,0,0,0,DIRECT_LOCAL,PASS_THROUGH,0,CORRIDOR_CLEAR,1,10,5.0,21.0,2.0,5.0,21.0,2.0,1,
826,27.566667,0.033333,5.748872756958008,21.0087947845459,2.389071226119995,1.8964471405725944,0.03745860978960991,0.008307095539816421,0.10316173262998043,-0.05505665817507224,0.11722877856965822,5.0,21.0,2.0,0.8443455771168475,-0.2697768787622051,-0.4629265407043977,0.14968670620471683,-0.017160912975668907,0.08935663104057312,-0.05285073444247246,0.030058935284614563,local_avoidance,SAFE_PROGRESSING,NONE,1,0,"5.748,21.012;5.381,20.941;5.013,20.870",0,1,PASS_THROUGH,-1,0.8486762063693389,-0.24625664675161124,-0.4680879839017442,0.15026185237464035,4.214858567020304,4.523541362610037,0.0,0,0,0,DIRECT_LOCAL,PASS_THROUGH,0,CORRIDOR_CLEAR,1,10,5.0,21.0,2.0,5.0,21.0,2.0,1,
827,27.6,0.033333,5.749862194061279,21.00551414489746,2.3872578144073486,1.8976669806107105,0.033891234546899796,-0.006164254807214879,0.10181612678365128,-0.05477452223391257,0.11577897044155389,5.0,21.0,2.0,0.8436978626101052,-0.275037162969075,-0.46100810796889774,0.14978487965734005,-0.030260488390922546,0.08771301060914993,-0.052617572247982025,0.0236237533390522,local_avoidance,SAFE_PROGRESSING,NONE,1,0,"5.749,21.009;5.381,20.939;5.013,20.870",0,1,PASS_THROUGH,-1,0.8486762063693389,-0.24625664675161124,-0.4680879839017442,0.15026185237464035,4.21280243893313,4.521658767496654,0.0,0,0,0,DIRECT_LOCAL,PASS_THROUGH,0,CORRIDOR_CLEAR,1,10,5.0,21.0,2.0,5.0,21.0,2.0,1,
828,27.633333,0.033333,5.751296043395996,21.00243377685547,2.385434865951538,1.8987667446992211,0.030160944908857346,-0.020503671130529432,0.100259693497724,-0.05447304443211464,0.11592980306974392,5.0,21.0,2.0,0.8432359401624329,-0.28001699334112823,-0.4588503379736932,0.1499764936083446,-0.04329181835055351,0.08594243228435516,-0.052353695034980774,0.017053399235010147,local_avoidance,SAFE_PROGRESSING,NONE,1,0,"5.750,21.006;5.381,20.938;5.012,20.870",1,1,PASS_THROUGH,-1,0.9490411479224837,-0.31515218474567835,0.0,0.1499764936083446,4.211203752378543,4.520216595946493,0.0,0,0,0,DIRECT_LOCAL,PASS_THROUGH,0,CORRIDOR_CLEAR,1,10,5.0,21.0,2.0,5.0,21.0,2.0,1,
829,27.666667,0.033333,5.753166675567627,20.999561309814453,2.383603811264038,1.89973903851727,0.026286326348781586,-0.034716476837817575,0.09849763318745905,-0.05414923953291494,0.11763994920755005,5.0,21.0,2.0,0.8429665009409942,-0.28469598145058184,-0.4564599395754098,0.15025999708402243,-0.05617712065577507,0.08404121547937393,-0.052065253257751465,0.010338930413126945,local_avoidance,SAFE_PROGRESSING,NONE,1,0,"5.751,21.002;5.382,20.936;5.012,20.870",0,1,PASS_THROUGH,-1,0.8432359401624329,-0.28001699334112823,-0.4588503379736932,0.1499764936083446,4.21006450625421,4.519216169608416,0.0,0,0,0,DIRECT_LOCAL,PASS_THROUGH,0,CORRIDOR_CLEAR,1,10,5.0,21.0,2.0,5.0,21.0,2.0,1,
830,27.7,0.033333,5.755466938018799,20.99690055847168,2.381765604019165,1.900577724764868,0.022281749173998833,-0.04880583906515642,0.09654298903372845,-0.05380408954348473,0.12081986057773735,5.0,21.0,2.0,0.8428944228875407,-0.2890550202967634,-0.4538459949215344,0.15063336066551392,-0.06885865330696106,0.08207625150680542,-0.051754631102085114,0.0036654071882367134,local_avoidance,SAFE_PROGRESSING,NONE,1,0,"5.753,21.000;5.382,20.934;5.011,20.869",0,1,PASS_THROUGH,-1,0.8432359401624329,-0.28001699334112823,-0.4588503379736932,0.1499764936083446,4.209384990897632,4.518656191630991,0.0,0,0,0,DIRECT_LOCAL,PASS_THROUGH,0,CORRIDOR_CLEAR,1,10,5.0,21.0,2.0,5.0,21.0,2.0,1,
831,27.733333,0.033333,5.7581892013549805,20.994457244873047,2.379920721054077,1.9012780890005287,0.018165485933423042,-0.06276350048916751,0.09441259816617718,-0.05344297327846162,0.12533613636531218,5.0,21.0,2.0,0.8430223931920645,-0.29308115368608606,-0.4510173853974554,0.15109465920108323,-0.08121214061975479,0.08007794618606567,-0.05142800509929657,-0.0029651811346411705,local_avoidance,SAFE_PROGRESSING,NONE,1,0,"5.755,20.997;5.383,20.933;5.011,20.869",0,1,PASS_THROUGH,-1,0.8432359401624329,-0.28001699334112823,-0.4588503379736932,0.1499764936083446,4.209163149254824,4.518536518336916,0.0,0,0,0,DIRECT_LOCAL,PASS_THROUGH,0,CORRIDOR_CLEAR,1,10,5.0,21.0,2.0,5.0,21.0,2.0,1,
832,27.766667,0.033333,5.761327266693115,20.992233276367188,2.378070592880249,1.9018365132962567,0.013961057178676128,-0.07656385599299977,0.09212543594425347,-0.053074322618009644,0.1310190967523289,5.0,21.0,2.0,0.8433528894830881,-0.2967608191209869,-0.44798316936595634,0.1516418922574762,-0.09319645166397095,0.0780736654996872,-0.05108630284667015,-0.009526458568871021,local_avoidance,SAFE_PROGRESSING,NONE,1,0,"5.758,20.994;5.384,20.931;5.011,20.868",0,1,PASS_THROUGH,-1,0.8432359401624329,-0.28001699334112823,-0.4588503379736932,0.1499764936083446,4.2093979068311045,4.518855001506374,0.0,0,0,0,DIRECT_LOCAL,PASS_THROUGH,0,CORRIDOR_CLEAR,1,10,5.0,21.0,2.0,5.0,21.0,2.0,1,
833,27.8,0.033333,5.76487398147583,20.990234375,2.3762154579162598,1.9022498860251862,0.009693094529211521,-0.09016413183618023,0.08970165551009136,-0.0527080542323307,0.13767387788531824,5.0,21.0,2.0,0.8438859001817997,-0.3000856512394008,-0.44475295321625297,0.15227337639999952,-0.1048477441072464,0.07598274946212769,-0.05073382705450058,-0.016303684562444687,local_avoidance,SAFE_PROGRESSING,NONE,1,0,"5.761,20.992;5.393,20.897;5.024,20.803",0,1,PASS_THROUGH,-1,0.8432359401624329,-0.28001699334112823,-0.4588503379736932,0.1499764936083446,4.210086526390143,4.519611793864046,0.0,0,0,0,DIRECT_LOCAL,PASS_THROUGH,0,CORRIDOR_CLEAR,1,10,5.0,21.0,2.0,5.0,21.0,2.0,1,
834,27.833333,0.033333,5.768820762634277,20.98845672607422,2.374356746673584,1.9025167178061608,0.005371950101107359,-0.1035124842738684,0.08715871309464111,-0.052353973136962426,0.14509450083337966,5.0,21.0,2.0,0.8446219513490206,-0.3030450858075368,-0.4413359664329151,0.15298726417193415,-0.11618167161941528,0.0737418681383133,-0.05037395656108856,-0.023530341684818268,local_avoidance,SAFE_PROGRESSING,NONE,1,0,"5.765,20.990;5.394,20.896;5.024,20.802",1,1,PASS_THROUGH,-1,0.94124871444422,-0.3377141654670459,0.0,0.15298726417193415,4.211228241749853,4.520798826474974,0.0,0,0,0,DIRECT_LOCAL,PASS_THROUGH,0,CORRIDOR_CLEAR,1,10,5.0,21.0,2.0,5.0,21.0,2.0,1,
835,27.866667,0.033333,5.773158073425293,20.986907958984375,2.37249493598938,1.9026356669781777,0.0009791615884751081,-0.11655900948650431,0.0845061376013699,-0.05201688468034127,0.15307856243323095,5.0,21.0,2.0,0.8455561600038705,-0.30563950907921683,-0.43774338460943574,0.15378148292047095,-0.12720045447349548,0.07138311862945557,-0.05000390484929085,-0.031130226328969002,local_avoidance,SAFE_PROGRESSING,NONE,1,0,"5.769,20.988;5.396,20.895;5.023,20.801",0,1,PASS_THROUGH,-1,0.8446219513490206,-0.3030450858075368,-0.4413359664329151,0.15298726417193415,4.217093730904568,4.522416151718205,0.0,0,0,0,DIRECT_LOCAL,PASS_THROUGH,0,CORRIDOR_CLEAR,1,10,5.0,21.0,2.0,5.0,21.0,2.0,1,
836,27.9,0.033333,5.777873516082764,20.98558807373047,2.3706321716308594,1.9026048204470505,-0.0035198566038161516,-0.12926343306461865,0.08174498994870011,-0.051694410676158944,0.1614422206379719,5.0,21.0,2.0,0.8466877967827786,-0.3078568236853465,-0.43398611831427697,0.15465378211226075,-0.13785594701766968,0.06896241754293442,-0.04961967468261719,-0.038957200944423676,direct,SAFE_PROGRESSING,NONE,1,0,"5.773,20.987;5.387,20.993;5.000,21.000",0,1,PASS_THROUGH,-1,0.8446219513490206,-0.3030450858075368,-0.4413359664329151,0.15298726417193415,4.214844373931533,4.524456123283636,0.0,0,0,0,DIRECT_LOCAL,PASS_THROUGH,0,CORRIDOR_CLEAR,1,10,5.0,21.0,2.0,5.0,21.0,2.0,1,
837,27.933333,0.033333,5.782955646514893,20.98448944091797,2.368769407272339,1.9024211303556229,-0.008154052309691906,-0.1415965184632483,0.07887294196115784,-0.05137938376665577,0.17003045636227204,5.0,21.0,2.0,0.8480114865723793,-0.30969253736595126,-0.4300779591436212,0.1556014023897934,-0.14812488853931427,0.06652294099330902,-0.04921678826212883,-0.04690142720937729,direct,SAFE_PROGRESSING,NONE,1,0,"5.778,20.986;5.389,20.993;5.000,21.000",0,1,PASS_THROUGH,-1,0.8446219513490206,-0.3030450858075368,-0.4413359664329151,0.15298726417193415,4.217309019745169,4.526905873561699,0.0,0,0,0,DIRECT_LOCAL,PASS_THROUGH,0,CORRIDOR_CLEAR,1,10,5.0,21.0,2.0,5.0,21.0,2.0,1,
838,27.966667,0.033333,5.788389205932617,20.983610153198242,2.3669066429138184,1.9020797631429145,-0.012935599312186241,-0.15353668293377368,0.07589080590864768,-0.051064528549144894,0.1787190910443443,5.0,21.0,2.0,0.849519537585294,-0.3111496851991333,-0.4260310184262981,0.15662185311795934,-0.15798026323318481,0.06405605375766754,-0.04879502207040787,-0.05502818524837494,direct,SAFE_PROGRESSING,NONE,1,0,"5.783,20.984;5.391,20.992;5.000,21.000",0,1,PASS_THROUGH,-1,0.8446219513490206,-0.3030450858075368,-0.4413359664329151,0.15298726417193415,4.220195283702594,4.529754417135167,0.0,0,0,0,DIRECT_LOCAL,PASS_THROUGH,0,CORRIDOR_CLEAR,1,10,5.0,21.0,2.0,5.0,21.0,2.0,1,
839,28.0,0.033333,5.794163703918457,20.982952117919922,2.3650460243225098,1.901575230790468,-0.017866065725684166,-0.16506552237225644,0.07280557179859412,-0.05074626051849412,0.18740987411968724,5.0,21.0,2.0,0.8512058355689178,-0.31222482977427823,-0.4218581291925562,0.15771191040745752,-0.16740888357162476,0.061532068997621536,-0.04835684224963188,-0.0634697824716568,direct,SAFE_PROGRESSING,NONE,1,0,"5.788,20.984;5.394,20.992;5.000,21.000",0,1,PASS_THROUGH,-1,0.8446219513490206,-0.3030450858075368,-0.4413359664329151,0.15298726417193415,4.223491150419952,4.532996734438141,0.0,0,0,0,DIRECT_LOCAL,PASS_THROUGH,0,CORRIDOR_CLEAR,1,10,5.0,21.0,2.0,5.0,21.0,2.0,1,
840,28.033333,0.033333,5.800262928009033,20.982511520385742,2.363190174102783,1.9009018942558047,-0.022950293496251106,-0.17616415577063077,0.06962874831677224,-0.05042491357763652,0.1960220504939472,5.0,21.0,2.0,0.8530654515936236,-0.3129106101990919,-0.41757189239961895,0.15886933233382697,-0.17640039324760437,0.05897029861807823,-0.04790440946817398,-0.07218873500823975,direct,SAFE_PROGRESSING,NONE,1,0,"5.794,20.983;5.397,20.991;5.000,21.000",1,1,PASS_THROUGH,-1,0.9388336433329669,-0.34437100654112474,0.0,0.15886933233382697,4.227190648913944,4.536619710232711,0.0,0,0,0,DIRECT_LOCAL,PASS_THROUGH,0,CORRIDOR_CLEAR,1,10,5.0,21.0,2.0,5.0,21.0,2.0,1,
841,28.066667,0.033333,5.8066725730896,20.982282638549805,2.361340284347534,1.9000541758528129,-0.028196735307574272,-0.1868120514716416,0.06637374078675722,-0.05010232152860925,0.2044858397631168,5.0,21.0,2.0,0.8550895007143275,-0.31320594447480987,-0.4131875870760937,0.16009079934397347,-0.18491840362548828,0.05639844015240669,-0.04743894189596176,-0.08112651109695435,direct,SAFE_PROGRESSING,NONE,1,0,"5.800,20.983;5.400,20.991;5.000,21.000",0,1,PASS_THROUGH,-1,0.8530654515936236,-0.3129106101990919,-0.41757189239961895,0.15886933233382697,4.231279681985266,4.540609986779793,0.0,0,0,0,DIRECT_LOCAL,PASS_THROUGH,0,CORRIDOR_CLEAR,1,10,5.0,21.0,2.0,5.0,21.0,2.0,1,
842,28.1,0.033333,5.81337833404541,20.98226547241211,2.3594980239868164,1.8990265084960296,-0.033610787242650986,-0.19698622736729013,0.0630544826294054,-0.04978129074934173,0.21273838031894998,5.0,21.0,2.0,0.857269066106139,-0.31311239086296877,-0.4087179699812375,0.16137342347136993,-0.1929202675819397,0.05380933731794357,-0.046962469816207886,-0.0903666540980339,direct,SAFE_PROGRESSING,NONE,1,0,"5.807,20.982;5.403,20.991;5.000,21.000",0,1,PASS_THROUGH,-1,0.8530654515936236,-0.3129106101990919,-0.41757189239961895,0.15886933233382697,4.23574417209288,4.544958526441964,0.0,0,0,0,DIRECT_LOCAL,PASS_THROUGH,0,CORRIDOR_CLEAR,1,10,5.0,21.0,2.0,5.0,21.0,2.0,1,
843,28.133333,0.033333,5.820363998413086,20.982452392578125,2.357665538787842,1.8978138034169054,-0.039198003709316254,-0.206661320185951,0.059684262060493626,-0.049464897406690606,0.22072129139292448,5.0,21.0,2.0,0.8595968704591327,-0.3126259956516821,-0.40417596061574457,0.1627143297639458,-0.20040243864059448,0.05121315270662308,-0.04647635668516159,-0.09990827739238739,direct,SAFE_PROGRESSING,NONE,1,0,"5.813,20.982;5.407,20.991;5.000,21.000",0,1,PASS_THROUGH,-1,0.8530654515936236,-0.3129106101990919,-0.41757189239961895,0.15886933233382697,4.2405739727304645,4.549649220737666,0.0,0,0,0,DIRECT_LOCAL,PASS_THROUGH,0,CORRIDOR_CLEAR,1,10,5.0,21.0,2.0,5.0,21.0,2.0,1,
844,28.166667,0.033333,5.827615261077881,20.98283576965332,2.355844497680664,1.8964101840381093,-0.044965386390686035,-0.21581048560213437,0.05627546522455146,-0.049154945980106404,0.22837973289321437,5.0,21.0,2.0,0.8620622681057187,-0.3117503104626196,-0.39957526179042185,0.16411032976854784,-0.20737183094024658,0.0486595556139946,-0.04598260670900345,-0.10960498452186584,direct,SAFE_PROGRESSING,NONE,1,0,"5.820,20.982;5.410,20.991;5.000,21.000",0,1,PASS_THROUGH,-1,0.8530654515936236,-0.3129106101990919,-0.41757189239961895,0.15886933233382697,4.24575224400675,4.554667177472227,0.0,0,0,0,DIRECT_LOCAL,PASS_THROUGH,0,CORRIDOR_CLEAR,1,10,5.0,21.0,2.0,5.0,21.0,2.0,1,
845,28.2,0.033333,5.835114002227783,20.98341178894043,2.354036808013916,1.894809960052535,-0.05091218277812004,-0.22440829144735455,0.05284107033446483,-0.04885069026448607,0.23566427375342544,5.0,21.0,2.0,0.8646550528020056,-0.31048926789840076,-0.39492791011003014,0.1655586459442578,-0.21383114159107208,0.046152230352163315,-0.04548249393701553,-0.1194770336151123,direct,SAFE_PROGRESSING,NONE,1,0,"5.828,20.983;5.414,20.991;5.000,21.000",0,1,PASS_THROUGH,-1,0.8530654515936236,-0.3129106101990919,-0.41757189239961895,0.15886933233382697,4.251263500064122,4.559997879141299,0.0,0,0,0,DIRECT_LOCAL,PASS_THROUGH,0,CORRIDOR_CLEAR,1,10,5.0,21.0,2.0,5.0,21.0,2.0,1,
846,28.233333,0.033333,5.842843055725098,20.98417091369629,2.352243661880493,1.893007316509912,-0.05702978000044823,-0.23243344172893654,0.049396059613277976,-0.048548549128698555,0.24253296098010899,5.0,21.0,2.0,0.8673657319647691,-0.3088425867859147,-0.3902472851931261,0.16705574703829412,-0.21984802186489105,0.04369266703724861,-0.04497748613357544,-0.1295449435710907,direct,SAFE_PROGRESSING,NONE,1,0,"5.835,20.983;5.418,20.992;5.000,21.000",1,1,PASS_THROUGH,-1,0.9420617285020529,-0.33543956190605184,0.0,0.16705574703829412,4.257092097927483,4.565623056761474,0.0,0,0,0,DIRECT_LOCAL,PASS_THROUGH,0,CORRIDOR_CLEAR,1,10,5.0,21.0,2.0,5.0,21.0,2.0,1,
847,28.266667,0.033333,5.850786209106445,20.985107421875,2.3504672050476074,1.8909973369468063,-0.06330782175064087,-0.23987251302623616,0.04595662542889943,-0.04824492993534493,0.24895462877962382,5.0,21.0,2.0,0.8701829314067598,-0.30681690481635154,-0.3855451371853263,0.16859833647545047,-0.2253524363040924,0.0412345714867115,-0.04447564855217934,-0.14009788632392883,direct,SAFE_PROGRESSING,NONE,1,0,"5.843,20.984;5.421,20.992;5.000,21.000",0,1,PASS_THROUGH,-1,0.8673657319647691,-0.3088425867859147,-0.3902472851931261,0.16705574703829412,4.263219102758885,4.57152792128074,0.0,0,0,0,DIRECT_LOCAL,PASS_THROUGH,0,CORRIDOR_CLEAR,1,10,5.0,21.0,2.0,5.0,21.0,2.0,1,
848,28.3,0.033333,5.858924865722656,20.986207962036133,2.3487088680267334,1.888774068933697,-0.06975157558917999,-0.24671907414199173,0.04253770869685703,-0.047938801450567115,0.25490760461621614,5.0,21.0,2.0,0.8730969253194648,-0.30441386324966424,-0.38083324284929704,0.17018330852218444,-0.2303389310836792,0.03877702355384827,-0.04397837817668915,-0.15115973353385925,local_avoidance,SAFE_PROGRESSING,NONE,1,0,"5.851,20.985;5.428,21.030;5.005,21.074",0,1,PASS_THROUGH,-1,0.8673657319647691,-0.3088425867859147,-0.3902472851931261,0.16705574703829412,4.269628870584705,4.577690322794124,0.0,0,0,0,DIRECT_LOCAL,PASS_THROUGH,0,CORRIDOR_CLEAR,1,10,5.0,21.0,2.0,5.0,21.0,2.0,1,
849,28.333333,0.033333,5.867242813110352,20.987464904785156,2.3469696044921875,1.8863322177913782,-0.07638435810804367,-0.25297092109695174,0.03915068838790062,-0.04762649461563477,0.26037539498051615,5.0,21.0,2.0,0.8760951372018557,-0.30164344371510854,-0.3761230429459907,0.17180711804437904,-0.23491860926151276,0.036426495760679245,-0.043478045612573624,-0.16227881610393524,local_avoidance,SAFE_PROGRESSING,NONE,1,0,"5.859,20.986;5.432,21.031;5.004,21.075",0,1,PASS_THROUGH,-1,0.8673657319647691,-0.3088425867859147,-0.3902472851931261,0.16705574703829412,4.27629875207907,4.584093970772916,0.0,0,0,0,DIRECT_LOCAL,PASS_THROUGH,0,CORRIDOR_CLEAR,1,10,5.0,21.0,2.0,5.0,21.0,2.0,1,
850,28.366667,0.033333,5.875720500946045,20.988868713378906,2.3452508449554443,1.8836657416716844,-0.08321323990821838,-0.258628928463322,0.035806588996758086,-0.047307272979680126,0.26534696631098476,5.0,21.0,2.0,0.8791680540070161,-0.2985090502288379,-0.3714241238059175,0.17346667985565428,-0.23869815468788147,0.03422383591532707,-0.042983364313840866,-0.1733759194612503,local_avoidance,SAFE_PROGRESSING,NONE,1,0,"5.867,20.987;5.436,21.032;5.004,21.076",0,1,PASS_THROUGH,-1,0.8673657319647691,-0.3088425867859147,-0.3902472851931261,0.16705574703829412,4.281348764240956,4.59071891270645,0.0,0,0,0,DIRECT_LOCAL,PASS_THROUGH,0,CORRIDOR_CLEAR,1,10,5.0,21.0,2.0,5.0,21.0,2.0,1,
851,28.4,0.033333,5.884342193603516,20.990406036376953,2.3435544967651367,1.8807686357649143,-0.0902198925614357,-0.26368624427971854,0.03252049894466505,-0.04699158292655797,0.26980775959912073,5.0,21.0,2.0,0.8823050586784214,-0.2950157188012435,-0.36674720052190335,0.1751582486004051,-0.2417447865009308,0.03211287036538124,-0.04248887673020363,-0.1846601963043213,direct,SAFE_PROGRESSING,NONE,1,0,"5.876,20.989;5.438,20.994;5.000,21.000",0,1,PASS_THROUGH,-1,0.8673657319647691,-0.3088425867859147,-0.3902472851931261,0.16705574703829412,4.288322236842557,4.597544795212154,0.0,0,0,0,DIRECT_LOCAL,PASS_THROUGH,0,CORRIDOR_CLEAR,1,10,5.0,21.0,2.0,5.0,21.0,2.0,1,
852,28.433333,0.033333,5.893090724945068,20.992069244384766,2.341881275177002,1.8776347161894882,-0.09738226979970932,-0.26812099877543527,0.029312002456371916,-0.046688006298808295,0.2737294894681551,5.0,21.0,2.0,0.8854950059666891,-0.2911719953345343,-0.36210145476227973,0.17687884661829728,-0.24428600072860718,0.030093342065811157,-0.041990622878074646,-0.19599799811840057,direct,SAFE_PROGRESSING,NONE,1,0,"5.884,20.990;5.442,20.995;5.000,21.000",1,1,PASS_THROUGH,-1,0.9499605755486594,-0.3123698207305882,0.0,0.17687884661829728,4.295497807463066,4.604554615107664,0.0,0,0,0,DIRECT_LOCAL,PASS_THROUGH,0,CORRIDOR_CLEAR,1,10,5.0,21.0,2.0,5.0,21.0,2.0,1,
853,28.466667,0.033333,5.901947498321533,20.993844985961914,2.3402328491210938,1.8742602053859498,-0.10467702895402908,-0.2719071386619901,0.026201205939147112,-0.04639314405538857,0.27707818222184216,5.0,21.0,2.0,0.8887284723350377,-0.2869826110154246,-0.35749501176352055,0.17862518745882802,-0.24642178416252136,0.028147723525762558,-0.0414915457367897,-0.2074817717075348,direct,SAFE_PROGRESSING,NONE,1,0,"5.893,20.992;5.447,20.996;5.000,21.000",0,1,PASS_THROUGH,-1,0.8854950059666891,-0.2911719953345343,-0.36210145476227973,0.17687884661829728,4.302857939541857,4.611726089784145,0.0,0,0,0,DIRECT_LOCAL,PASS_THROUGH,0,CORRIDOR_CLEAR,1,10,5.0,21.0,2.0,5.0,21.0,2.0,1,
854,28.5,0.033333,5.910893440246582,20.99571990966797,2.3386101722717285,1.8706408684113902,-0.11208323389291763,-0.27503177389503103,0.023205654165332292,-0.046081831011016566,0.2798294376694781,5.0,21.0,2.0,0.8919941286977008,-0.2824572053035688,-0.35293682372476676,0.1803936998818175,-0.24838076531887054,0.026248330250382423,-0.040966905653476715,-0.219121053814888,direct,SAFE_PROGRESSING,NONE,1,0,"5.902,20.994;5.451,20.997;5.000,21.000",0,1,PASS_THROUGH,-1,0.8854950059666891,-0.2911719953345343,-0.36210145476227973,0.17687884661829728,4.310380010054398,4.619036599355515,0.0,0,0,0,DIRECT_LOCAL,PASS_THROUGH,0,CORRIDOR_CLEAR,1,10,5.0,21.0,2.0,5.0,21.0,2.0,1,
855,28.533333,0.033333,5.919910430908203,20.997682571411133,2.337014675140381,1.8667736825822847,-0.11958732455968857,-0.2775099847016876,0.020337364934896855,-0.04572547202621028,0.2819862032327925,5.0,21.0,2.0,0.8952809441935689,-0.277606212182232,-0.3484348173212683,0.18218069915965346,-0.24990691244602203,0.024422714486718178,-0.04043728485703468,-0.23103846609592438,direct,SAFE_PROGRESSING,NONE,1,0,"5.911,20.996;5.455,20.998;5.000,21.000",0,1,PASS_THROUGH,-1,0.8854950059666891,-0.2911719953345343,-0.36210145476227973,0.17687884661829728,4.318041039718406,4.626465562019593,0.0,0,0,0,DIRECT_LOCAL,PASS_THROUGH,0,CORRIDOR_CLEAR,1,10,5.0,21.0,2.0,5.0,21.0,2.0,1,
856,28.566667,0.033333,5.928981304168701,20.999717712402344,2.3354477882385254,1.8626558472513515,-0.1271885633468628,-0.279378606983229,0.017602488545232605,-0.04532367783356884,0.2835780129263123,5.0,21.0,2.0,0.8985788321661035,-0.27243803613326134,-0.3439965099399312,0.18398266998486357,-0.25073114037513733,0.022674521431326866,-0.0399271696805954,-0.2433805614709854,direct,SAFE_PROGRESSING,NONE,1,0,"5.920,20.998;5.460,20.999;5.000,21.000",0,1,PASS_THROUGH,-1,0.8854950059666891,-0.2911719953345343,-0.36210145476227973,0.17687884661829728,4.325820050566384,4.633990140980508,0.0,0,0,0,DIRECT_LOCAL,PASS_THROUGH,0,CORRIDOR_CLEAR,1,10,5.0,21.0,2.0,5.0,21.0,2.0,1,
857,28.6,0.033333,5.938088893890381,21.001813888549805,2.3339099884033203,1.8582839387660186,-0.13490436971187592,-0.28067192264039875,0.015003357864167899,-0.04489781603119307,0.28463598295055575,5.0,21.0,2.0,0.9018772933172884,-0.2669639557849152,-0.3396286120313651,0.18579626941155397,-0.25094181299209595,0.021004918962717056,-0.03943399339914322,-0.2559107542037964,direct,SAFE_PROGRESSING,NONE,1,0,"5.929,21.000;5.464,21.000;5.000,21.000",0,1,PASS_THROUGH,-1,0.8854950059666891,-0.2911719953345343,-0.36210145476227973,0.17687884661829728,4.333694035896048,4.641590345548839,0.0,0,0,0,DIRECT_LOCAL,PASS_THROUGH,0,CORRIDOR_CLEAR,1,10,5.0,21.0,2.0,5.0,21.0,2.0,1,
858,28.633333,0.033333,5.94721794128418,21.00396156311035,2.3324015140533447,1.8536536600474636,-0.14275158941745758,-0.2814060731962456,0.01254122590532455,-0.04446869824479235,0.28517385136531287,5.0,21.0,2.0,0.905167912338301,-0.26119046349995984,-0.3353365358111132,0.18761812951121215,-0.25070124864578247,0.019428236410021782,-0.03895190358161926,-0.26834386587142944,direct,SAFE_PROGRESSING,NONE,1,0,"5.938,21.002;5.469,21.001;5.000,21.000",1,1,PASS_THROUGH,-1,0.9607997487106804,-0.2772432918530102,0.0,0.18761812951121215,4.341642664581528,4.649248855851956,0.0,0,0,0,DIRECT_LOCAL,PASS_THROUGH,0,CORRIDOR_CLEAR,1,10,5.0,21.0,2.0,5.0,21.0,2.0,1,
859,28.666667,0.033333,5.956353664398193,21.00614356994629,2.3309226036071777,1.8487609914934728,-0.15072296559810638,-0.2815844768668259,0.010219198425152088,-0.04401880971080176,0.2851874913757132,5.0,21.0,2.0,0.9084433046031172,-0.25512222898232956,-0.3311244639117682,0.18944524509978253,-0.2504607141017914,0.018111364915966988,-0.03840860724449158,-0.2792259752750397,direct,SAFE_PROGRESSING,NONE,1,0,"5.947,21.004;5.474,21.002;5.000,21.000",0,1,PASS_THROUGH,-1,0.905167912338301,-0.26119046349995984,-0.3353365358111132,0.18761812951121215,4.349648285179852,4.656942942509324,0.0,0,0,0,DIRECT_LOCAL,PASS_THROUGH,0,CORRIDOR_CLEAR,1,10,5.0,21.0,2.0,5.0,21.0,2.0,1,
860,28.7,0.033333,5.965478420257568,21.00835418701172,2.329474687576294,1.8436029635489568,-0.15872110426425934,-0.2812211332707619,0.008048280030215793,-0.043515363131619994,0.28468173007415354,5.0,21.0,2.0,0.9116940841401068,-0.24877189070143574,-0.3269960907117467,0.19127467943871057,-0.24982504546642303,0.016841400414705276,-0.03783237934112549,-0.2901473045349121,direct,SAFE_PROGRESSING,NONE,1,0,"5.956,21.006;5.478,21.003;5.000,21.000",0,1,PASS_THROUGH,-1,0.905167912338301,-0.26119046349995984,-0.3353365358111132,0.18761812951121215,4.357688218361213,4.664656527109334,0.0,0,0,0,DIRECT_LOCAL,PASS_THROUGH,0,CORRIDOR_CLEAR,1,10,5.0,21.0,2.0,5.0,21.0,2.0,1,
861,28.733333,0.033333,5.974579334259033,21.01056671142578,2.3280584812164307,1.838180627087753,-0.16664372384548187,-0.2803467596909652,0.006043400509399503,-0.04296439115964406,0.2836842739149629,5.0,21.0,2.0,0.9149126301305767,-0.242144304948216,-0.3229566763649513,0.19310291270964056,-0.2487567812204361,0.015578189864754677,-0.03728049248456955,-0.30156734585762024,direct,SAFE_PROGRESSING,NONE,1,0,"5.965,21.008;5.483,21.004;5.000,21.000",0,1,PASS_THROUGH,-1,0.905167912338301,-0.26119046349995984,-0.3353365358111132,0.18761812951121215,4.302265697228557,4.6723610045964294,0.0,0,0,0,DIRECT_LOCAL,PASS_THROUGH,0,CORRIDOR_CLEAR,1,10,5.0,21.0,2.0,5.0,21.0,2.0,1,
862,28.766667,0.033333,5.983642578125,21.012779235839844,2.326673984527588,1.8324969902501822,-0.17447257041931152,-0.27899763536354144,0.0042143664123871025,-0.04238878574348222,0.2822308462580097,5.0,21.0,2.0,0.918086645199299,-0.23526601030072997,-0.3190091163334888,0.19492732329308132,-0.24743713438510895,0.014481163583695889,-0.03676150366663933,-0.3124401569366455,direct,SAFE_PROGRESSING,NONE,1,0,"5.975,21.011;5.487,21.005;5.000,21.000",0,1,PASS_THROUGH,-1,0.905167912338301,-0.26119046349995984,-0.3353365358111132,0.18761812951121215,4.3105398494211515,4.680045661826468,0.0,0,0,0,DIRECT_LOCAL,PASS_THROUGH,0,CORRIDOR_CLEAR,1,10,5.0,21.0,2.0,5.0,21.0,2.0,1,
863,28.8,0.033333,5.992654800415039,21.014991760253906,2.3253211975097656,1.826554932798958,-0.18219850957393646,-0.2772094830711824,0.0025651776844588976,-0.04181041748082271,0.2803565384489288,5.0,21.0,2.0,0.9212107205310051,-0.22813970349546925,-0.3151556505407225,0.196745117384808,-0.24547520279884338,0.013303612358868122,-0.03628580644726753,-0.323757529258728,direct,SAFE_PROGRESSING,NONE,1,0,"5.984,21.013;5.492,21.006;5.000,21.000",0,1,PASS_THROUGH,-1,0.905167912338301,-0.26119046349995984,-0.3353365358111132,0.18761812951121215,4.318790256103976,4.687701490417967,0.0,0,0,0,DIRECT_LOCAL,PASS_THROUGH,0,CORRIDOR_CLEAR,1,10,5.0,21.0,2.0,5.0,21.0,2.0,1,
864,28.833333,0.033333,6.001605033874512,21.017181396484375,2.323998212814331,1.8203578518565526,-0.18983156979084015,-0.2750060965219076,0.001090354249825261,-0.041256354448495354,0.2780856500774299,5.0,21.0,2.0,0.9242798404855146,-0.22076682989633514,-0.31139811060697525,0.19855360038664943,-0.24330279231071472,0.012080766260623932,-0.03586043044924736,-0.3351474106311798,direct,SAFE_PROGRESSING,NONE,1,0,"5.993,21.015;5.496,21.007;5.000,21.000",1,1,PASS_THROUGH,-1,0.9726399392475137,-0.23231777499922956,0.0,0.19855360038664943,4.320585068361139,4.695303994427967,0.0,0,0,0,DIRECT_LOCAL,PASS_THROUGH,0,CORRIDOR_CLEAR,1,10,5.0,21.0,2.0,5.0,21.0,2.0,1,
865,28.866667,0.033333,6.010481834411621,21.019336700439453,2.3227038383483887,1.8139080990754628,-0.1974061280488968,-0.27240301526343863,-0.00022667788929666885,-0.0407330415113332,0.2754317243496882,5.0,21.0,2.0,0.9272849918413533,-0.21316932768078783,-0.30773589592685235,0.20035047734087535,-0.24117156863212585,0.010960963554680347,-0.03547697886824608,-0.34554600715637207,direct,SAFE_PROGRESSING,NONE,1,0,"6.002,21.017;5.668,21.011;5.334,21.006;5.000,21.000",0,1,PASS_THROUGH,-1,0.9242798404855146,-0.22076682989633514,-0.31139811060697525,0.19855360038664943,4.328600204360079,4.702836901861448,0.0,0,0,0,DIRECT_LOCAL,PASS_THROUGH,0,CORRIDOR_CLEAR,1,10,5.0,21.0,2.0,5.0,21.0,2.0,1,
866,28.9,0.033333,6.01927375793457,21.021453857421875,2.3214359283447266,1.807207188252742,-0.20490290224552155,-0.2694274331364964,-0.0014052483230324625,-0.04021617090926157,0.27241596291695824,5.0,21.0,2.0,0.9302201827874551,-0.2053573338307851,-0.3041689941081845,0.20213336643510987,-0.23901063203811646,0.009905615821480751,-0.035102859139442444,-0.35510966181755066,direct,SAFE_PROGRESSING,NONE,1,0,"6.010,21.019;5.674,21.013;5.337,21.006;5.000,21.000",0,1,PASS_THROUGH,-1,0.9242798404855146,-0.22076682989633514,-0.31139811060697525,0.19855360038664943,4.336543077870032,4.710289609831169,0.0,0,0,0,DIRECT_LOCAL,PASS_THROUGH,0,CORRIDOR_CLEAR,1,10,5.0,21.0,2.0,5.0,21.0,2.0,1,
867,28.933333,0.033333,6.027970790863037,21.023523330688477,2.3201935291290283,1.8002586013179989,-0.2122497856616974,-0.26612796119919097,-0.0024597448481759637,-0.03967808631403989,0.2690808291393138,5.0,21.0,2.0,0.9330810681613679,-0.19733572616725883,-0.3006964107149956,0.20389990305170222,-0.23691602051258087,0.008920500054955482,-0.034738920629024506,-0.3641616106033325,direct,SAFE_PROGRESSING,NONE,1,0,"6.019,21.021;5.680,21.014;5.340,21.007;5.000,21.000",0,1,PASS_THROUGH,-1,0.9242798404855146,-0.22076682989633514,-0.31139811060697525,0.19855360038664943,4.3444026263135465,4.717648203044367,0.0,0,0,0,DIRECT_LOCAL,PASS_THROUGH,0,CORRIDOR_CLEAR,1,10,5.0,21.0,2.0,5.0,21.0,2.0,1,
868,28.966667,0.033333,6.036564350128174,21.025537490844727,2.3189752101898193,1.79306856077332,-0.21937692165374756,-0.26257601887611376,-0.003396285968337383,-0.03910082143262707,0.265493078410557,5.0,21.0,2.0,0.9358615722057743,-0.18911715497183634,-0.2973177077873009,0.2056479801947257,-0.23549436032772064,0.008234822191298008,-0.03439708054065704,-0.3715410828590393,direct,SAFE_PROGRESSING,NONE,1,0,"6.028,21.024;5.685,21.016;5.343,21.008;5.000,21.000",0,1,PASS_THROUGH,-1,0.9242798404855146,-0.22076682989633514,-0.31139811060697525,0.19855360038664943,4.352164903324243,4.724901138529587,0.0,0,0,0,DIRECT_LOCAL,PASS_THROUGH,0,CORRIDOR_CLEAR,1,10,5.0,21.0,2.0,5.0,21.0,2.0,1,
869,29.0,0.033333,6.045048713684082,21.027490615844727,2.3177802562713623,1.7856459385634686,-0.22618211805820465,-0.25887229324720706,-0.004207810524072427,-0.03847675887101163,0.26174993954859366,5.0,21.0,2.0,0.9385560698624682,-0.18071506203420185,-0.29403158006971336,0.20737577634770052,-0.23386768996715546,0.007587987929582596,-0.03409786522388458,-0.37882331013679504,direct,SAFE_PROGRESSING,NONE,1,0,"6.037,21.026;5.691,21.017;5.346,21.009;5.000,21.000",0,1,PASS_THROUGH,-1,0.9242798404855146,-0.22076682989633514,-0.31139811060697525,0.19855360038664943,4.359818312376137,4.732040204734066,0.0,0,0,0,DIRECT_LOCAL,PASS_THROUGH,0,CORRIDOR_CLEAR,1,10,5.0,21.0,2.0,5.0,21.0,2.0,1,
870,29.033333,0.033333,6.053420543670654,21.029375076293945,2.3166065216064453,1.7780034383193264,-0.23259107768535614,-0.25512422793530914,-0.004880242883885093,-0.03783648921974984,0.2579608271941101,5.0,21.0,2.0,0.941158992308858,-0.17214487910970422,-0.2908365379254819,0.20908204589895102,-0.23231790959835052,0.007046912796795368,-0.03386428952217102,-0.38521304726600647,direct,SAFE_PROGRESSING,NONE,1,0,"6.045,21.027;5.697,21.018;5.348,21.009;5.000,21.000",1,1,PASS_THROUGH,-1,0.9836808015201747,-0.17992242973189052,0.0,0.20908204589895102,4.367354651302972,4.739057379213205,0.0,0,0,0,DIRECT_LOCAL,PASS_THROUGH,0,BYPASS_VISIBLE,1,10,5.0,21.0,2.0,5.0,21.0,2.0,1,
871,29.066667,0.033333,6.061680793762207,21.03118896484375,2.3154513835906982,1.7701544523582533,-0.23856647312641144,-0.25141815570841447,-0.005401429279286954,-0.037215225049735255,0.2542149433719075,5.0,21.0,2.0,0.9436653118700175,-0.16342466291746874,-0.2877293150229478,0.21076600645594173,-0.23079870641231537,0.006643299013376236,-0.03367885202169418,-0.3900599777698517,direct,SAFE_PROGRESSING,NONE,1,0,"6.053,21.029;5.702,21.020;5.351,21.010;5.000,21.000",0,1,PASS_THROUGH,-1,0.941158992308858,-0.17214487910970422,-0.2908365379254819,0.20908204589895102,4.374766168020038,4.7459517722511135,0.0,0,0,0,DIRECT_LOCAL,PASS_THROUGH,0,BYPASS_VISIBLE,1,10,5.0,21.0,2.0,5.0,21.0,2.0,1,
872,29.1,0.033333,6.069832801818848,21.032928466796875,2.314312696456909,1.7621146309323827,-0.24403950572013855,-0.2478117711574324,-0.0057636566454554875,-0.03662643423068353,0.250570128599889,5.0,21.0,2.0,0.9460714167477863,-0.15456976521134771,-0.2847052196489299,0.21242776272150254,-0.22953936457633972,0.0065041654743254185,-0.03350147604942322,-0.39226439595222473,direct,SAFE_PROGRESSING,NONE,1,0,"6.062,21.031;5.708,21.021;5.354,21.010;5.000,21.000",0,1,PASS_THROUGH,-1,0.941158992308858,-0.17214487910970422,-0.2908365379254819,0.20908204589895102,4.314642902043971,4.752722697112532,0.0,0,0,0,DIRECT_LOCAL,PASS_THROUGH,0,BYPASS_VISIBLE,1,10,5.0,21.0,2.0,5.0,21.0,2.0,1,
873,29.133333,0.033333,6.077879905700684,21.034589767456055,2.3131885528564453,1.7539026495079086,-0.24886083602905273,-0.2443420345264136,-0.005959491982137991,-0.03605608271377153,0.2470598844042768,5.0,21.0,2.0,0.9483733987347021,-0.14560036002988877,-0.2817595282001242,0.21406788715481437,-0.22824348509311676,0.006443229038268328,-0.033285610377788544,-0.3922792673110962,direct,SAFE_PROGRESSING,NONE,1,0,"6.070,21.033;5.713,21.022;5.357,21.011;5.000,21.000",0,1,PASS_THROUGH,-1,0.941158992308858,-0.17214487910970422,-0.2908365379254819,0.20908204589895102,4.321874572027324,4.759369486709795,0.0,0,0,0,DIRECT_LOCAL,PASS_THROUGH,0,BYPASS_VISIBLE,1,10,5.0,21.0,2.0,5.0,21.0,2.0,1,
874,29.166667,0.033333,6.0858283042907715,21.036169052124023,2.3120782375335693,1.7455437236769036,-0.2528413236141205,-0.24103084039425654,-0.005983602743119148,-0.035488174680943646,0.2437028519839975,5.0,21.0,2.0,0.9505669676680331,-0.13654300709767997,-0.27888787566175005,0.21568695307097077,-0.22699086368083954,0.0063779111951589584,-0.03301989659667015,-0.3904528319835663,direct,SAFE_PROGRESSING,NONE,1,0,"6.078,21.035;5.719,21.023;5.359,21.012;5.000,21.000",0,1,PASS_THROUGH,-1,0.941158992308858,-0.17214487910970422,-0.2908365379254819,0.20908204589895102,4.328979881235117,4.765893422491398,0.0,0,0,0,DIRECT_LOCAL,PASS_THROUGH,0,BYPASS_VISIBLE,1,10,5.0,21.0,2.0,5.0,21.0,2.0,1,
875,29.2,0.033333,6.093682765960693,21.03765869140625,2.3109817504882812,1.737067845856876,-0.2558248043060303,-0.23788704575736702,-0.005839850411558916,-0.03492659085720092,0.2405082475527676,5.0,21.0,2.0,0.9526479674834163,-0.1274291064713708,-0.2760863503935385,0.2172861069401836,-0.22553816437721252,0.006176210939884186,-0.03274162486195564,-0.3876942992210388,direct,SAFE_PROGRESSING,NONE,1,0,"6.086,21.036;5.724,21.024;5.362,21.012;5.000,21.000",0,1,PASS_THROUGH,-1,0.941158992308858,-0.17214487910970422,-0.2908365379254819,0.20908204589895102,4.335960863786451,4.772292032032233,0.0,0,0,0,DIRECT_LOCAL,PASS_THROUGH,0,BYPASS_VISIBLE,1,10,5.0,21.0,2.0,5.0,21.0,2.0,1,
876,29.233333,0.033333,6.1014509201049805,21.039060592651367,2.309898853302002,1.7285093858563347,-0.25774478912353516,-0.23490790294415242,-0.00554732318221434,-0.03436677636096993,0.23747330582099574,5.0,21.0,2.0,0.9546120940337292,-0.11829772939855238,-0.2733521485989926,0.21886618465152302,-0.22459463775157928,0.0060973940417170525,-0.0324062779545784,-0.38245269656181335,direct,SAFE_PROGRESSING,NONE,1,0,"6.094,21.038;5.729,21.025;5.365,21.013;5.000,21.000",1,1,PASS_THROUGH,-1,0.99240895065573,-0.12298160292658603,0.0,0.21886618465152302,4.342815976327393,4.778571838084741,0.0,0,0,0,DIRECT_LOCAL,PASS_THROUGH,0,BYPASS_VISIBLE,1,10,5.0,21.0,2.0,5.0,21.0,2.0,1,
877,29.266667,0.033333,6.109135627746582,21.04037094116211,2.308830499649048,1.7199042942114646,-0.2585510015487671,-0.23209698884577407,-0.0051332899817523175,-0.03377606940160852,0.2345979236087447,5.0,21.0,2.0,0.9564574406810268,-0.1091814852451685,-0.2706816717946733,0.22042866050478863,-0.22371113300323486,0.006034418474882841,-0.03199649602174759,-0.3755311965942383,direct,SAFE_PROGRESSING,NONE,1,0,"6.101,21.039;5.734,21.026;5.367,21.013;5.000,21.000",0,1,PASS_THROUGH,-1,0.9546120940337292,-0.11829772939855238,-0.2733521485989926,0.21886618465152302,4.349552183140532,4.784731939412009,0.0,0,0,0,DIRECT_LOCAL,PASS_THROUGH,0,BYPASS_VISIBLE,1,10,5.0,21.0,2.0,5.0,21.0,2.0,1,
878,29.3,0.033333,6.11674165725708,21.041584014892578,2.3077774047851562,1.7112904526415034,-0.25819143652915955,-0.22947340667047939,-0.004622985724225543,-0.03312881802715184,0.23189854451858408,5.0,21.0,2.0,0.958181913481742,-0.1001198795409876,-0.26807355408015443,0.22197402132926447,-0.22316105663776398,0.006125897169113159,-0.03150903806090355,-0.3664764165878296,direct,SAFE_PROGRESSING,NONE,1,0,"6.109,21.040;5.739,21.027;5.370,21.013;5.000,21.000",0,1,PASS_THROUGH,-1,0.9546120940337292,-0.11829772939855238,-0.2733521485989926,0.21886618465152302,4.356169098825415,4.790771338912714,0.0,0,0,0,DIRECT_LOCAL,PASS_THROUGH,0,BYPASS_VISIBLE,1,10,5.0,21.0,2.0,5.0,21.0,2.0,1,
879,29.333333,0.033333,6.1242756843566895,21.042705535888672,2.30674147605896,1.7027080070695595,-0.2566239833831787,-0.2270675933619062,-0.004032278816192492,-0.03241476950286706,0.22940503156980555,5.0,21.0,2.0,0.9597846046313716,-0.09115650307077591,-0.2655259020519642,0.2235031238571735,-0.22242426872253418,0.006325995083898306,-0.030953150242567062,-0.3552844822406769,direct,SAFE_PROGRESSING,NONE,1,0,"6.117,21.042;5.744,21.028;5.372,21.014;5.000,21.000",0,1,PASS_THROUGH,-1,0.9546120940337292,-0.11829772939855238,-0.2733521485989926,0.21886618465152302,4.356354857213551,4.796698774991714,0.0,0,0,0,DIRECT_LOCAL,PASS_THROUGH,0,BYPASS_VISIBLE,1,10,5.0,21.0,2.0,5.0,21.0,2.0,1,
880,29.366667,0.033333,6.131745338439941,21.043733596801758,2.3057241439819336,1.6941980053903232,-0.2537989914417267,-0.22490162593810775,-0.0033654117899255534,-0.03164974388697912,0.22714262839509383,5.0,21.0,2.0,0.9612667377577888,-0.0823262241220532,-0.26303735799749817,0.22501729508917676,-0.2211899757385254,0.006404654122889042,-0.03033238649368286,-0.34278932213783264,direct,SAFE_PROGRESSING,NONE,1,0,"6.124,21.043;5.750,21.028;5.375,21.014;5.000,21.000",0,1,PASS_THROUGH,-1,0.9546120940337292,-0.11829772939855238,-0.2733521485989926,0.21886618465152302,4.303496888270362,4.802518030217758,0.0,0,0,0,DIRECT_LOCAL,PASS_THROUGH,0,BYPASS_VISIBLE,1,10,5.0,21.0,2.0,5.0,21.0,2.0,1,
881,29.4,0.033333,6.139157295227051,21.044666290283203,2.304727077484131,1.6858031471799269,-0.24970467388629913,-0.22296222817157293,-0.002625245613124785,-0.030864114007863923,0.2251036220038501,5.0,21.0,2.0,0.9626301626614034,-0.0736723230492403,-0.26060613720902326,0.2265180026902724,-0.22006499767303467,0.006444407161325216,-0.029658282175660133,-0.3289205729961395,direct,SAFE_PROGRESSING,NONE,1,0,"6.132,21.044;5.754,21.029;5.377,21.015;5.000,21.000",0,1,PASS_THROUGH,-1,0.9546120940337292,-0.11829772939855238,-0.2733521485989926,0.21886618465152302,4.3098491709422,4.808232264366033,0.0,0,0,0,DIRECT_LOCAL,PASS_THROUGH,0,BYPASS_VISIBLE,1,10,5.0,21.0,2.0,5.0,21.0,2.0,1,
882,29.433333,0.033333,6.146517276763916,21.04550552368164,2.3037514686584473,1.6775652183424008,-0.24438217282295227,-0.22120882397640398,-0.0018204479363554686,-0.03007393725564163,0.22325120276891888,5.0,21.0,2.0,0.9638780382049711,-0.06523728062115802,-0.25823095221776304,0.22800652804309557,-0.21928855776786804,0.006690917536616325,-0.028948023915290833,-0.3129032254219055,direct,SAFE_PROGRESSING,NONE,1,0,"6.139,21.045;5.759,21.030;5.380,21.015;5.000,21.000",1,1,PASS_THROUGH,-1,0.9977174065154489,-0.06752759980990575,0.0,0.22800652804309557,4.3069498703609055,4.813846810279478,0.0,0,0,0,DIRECT_LOCAL,PASS_THROUGH,0,BYPASS_VISIBLE,1,10,5.0,21.0,2.0,5.0,21.0,2.0,1,
883,29.466667,0.033333,6.153830051422119,21.046255111694336,2.3027987480163574,1.669524705787857,-0.23785841464996338,-0.21960796937452057,-0.0009581395593777157,-0.0292527048652408,0.22154976638703203,5.0,21.0,2.0,0.9650150893936601,-0.05705916256556815,-0.25591039293053763,0.22948399670597394,-0.21895334124565125,0.007184356451034546,-0.028147941455245018,-0.29484036564826965,direct,SAFE_PROGRESSING,NONE,1,0,"6.147,21.046;5.764,21.030;5.382,21.015;5.000,21.000",0,1,PASS_THROUGH,-1,0.9638780382049711,-0.06523728062115802,-0.25823095221776304,0.22800652804309557,4.312965909710054,4.819367761245153,0.0,0,0,0,DIRECT_LOCAL,PASS_THROUGH,0,BYPASS_VISIBLE,1,10,5.0,21.0,2.0,5.0,21.0,2.0,1,
884,29.5,0.033333,6.1611008644104,21.046913146972656,2.3018710613250732,1.6617212582120198,-0.2301269918680191,-0.21815771457429176,-3.327796317541918e-05,-0.028353958237956695,0.2199925827919222,5.0,21.0,2.0,0.966047062615158,-0.04917368607961019,-0.253643492741227,0.23095136483014128,-0.21866768598556519,0.007877524010837078,-0.027242561802268028,-0.27460408210754395,direct,SAFE_PROGRESSING,NONE,1,0,"6.154,21.046;5.769,21.031;5.385,21.015;5.000,21.000",0,1,PASS_THROUGH,-1,0.9638780382049711,-0.06523728062115802,-0.25823095221776304,0.22800652804309557,4.31889113898591,4.824797347542151,0.0,0,0,0,DIRECT_LOCAL,PASS_THROUGH,0,BYPASS_VISIBLE,1,10,5.0,21.0,2.0,5.0,21.0,2.0,1,
885,29.533333,0.033333,6.168332099914551,21.047481536865234,2.3009707927703857,1.6541964127696378,-0.22115768492221832,-0.21687766286342222,0.0009698820457237065,-0.027374097553405828,0.21860055475031676,5.0,21.0,2.0,0.9669801105027396,-0.04162325496094784,-0.25142985212294355,0.23240964357732294,-0.21760216355323792,0.008251977153122425,-0.02627948299050331,-0.2552782893180847,direct,SAFE_PROGRESSING,NONE,1,0,"6.161,21.047;5.774,21.031;5.387,21.016;5.000,21.000",0,1,PASS_THROUGH,-1,0.9638780382049711,-0.06523728062115802,-0.25823095221776304,0.22800652804309557,4.270448390580694,4.830138660694808,0.0,0,0,0,DIRECT_LOCAL,PASS_THROUGH,0,BYPASS_VISIBLE,1,10,5.0,21.0,2.0,5.0,21.0,2.0,1,
886,29.566667,0.033333,6.175529479980469,21.047962188720703,2.3000993728637695,1.6469902050858662,-0.2110467106103897,-0.2157604886142687,0.002055952095794266,-0.026402203123798467,0.21737960280550353,5.0,21.0,2.0,0.9678212894963023,-0.034445535499263574,-0.24926984711730307,0.23385930745076866,-0.21520547568798065,0.00824225414544344,-0.02539544552564621,-0.23710325360298157,direct,SAFE_PROGRESSING,NONE,1,0,"6.168,21.047;5.779,21.032;5.389,21.016;5.000,21.000",0,1,PASS_THROUGH,-1,0.9638780382049711,-0.06523728062115802,-0.25823095221776304,0.22800652804309557,4.264219090811618,4.8353970711697,0.0,0,0,0,DIRECT_LOCAL,PASS_THROUGH,0,BYPASS_VISIBLE,1,10,5.0,21.0,2.0,5.0,21.0,2.0,1,
887,29.6,0.033333,6.182696342468262,21.048355102539062,2.2992563247680664,1.6401363335918278,-0.2000572681427002,-0.21472383529072564,0.003197543646699022,-0.025543043942696814,0.21626140853418527,5.0,21.0,2.0,0.9685788362912444,-0.02767219582735444,-0.247162471801023,0.23530150274488532,-0.21281394362449646,0.008107162080705166,-0.02458999678492546,-0.21903353929519653,direct,SAFE_PROGRESSING,NONE,1,0,"6.176,21.048;5.784,21.032;5.392,21.016;5.000,21.000",0,1,PASS_THROUGH,-1,0.9638780382049711,-0.06523728062115802,-0.25823095221776304,0.22800652804309557,4.269968716013481,4.840574939081397,0.0,0,0,0,DIRECT_LOCAL,PASS_THROUGH,0,BYPASS_VISIBLE,1,10,5.0,21.0,2.0,5.0,21.0,2.0,1,
888,29.633333,0.033333,6.18983268737793,21.048662185668945,2.298440456390381,1.6336585728453707,-0.18847963213920593,-0.21363647122030033,0.004340371913561249,-0.02482771385963542,0.21511809788882513,5.0,21.0,2.0,0.9692617402864623,-0.021326742678165547,-0.24510579116699324,0.23673688807867413,-0.21028804779052734,0.007592081092298031,-0.023855168372392654,-0.20194679498672485,direct,SAFE_PROGRESSING,NONE,1,0,"6.183,21.048;5.788,21.032;5.394,21.016;5.000,21.000",1,1,PASS_THROUGH,-1,0.999758020116209,-0.02199775473356569,0.0,0.23673688807867413,4.27564228186995,4.8456737455411005,0.0,0,0,0,DIRECT_LOCAL,PASS_THROUGH,0,BYPASS_VISIBLE,1,10,5.0,21.0,2.0,5.0,21.0,2.0,1,
889,29.666667,0.033333,6.196934700012207,21.048887252807617,2.297649383544922,1.6275723484889704,-0.1765897274017334,-0.21237854845857768,0.005414549216210967,-0.024247670762453294,0.21382683350316803,5.0,21.0,2.0,0.9698791141984641,-0.015422822657197535,-0.24309800571556994,0.23816547459840312,-0.20791396498680115,0.006825925782322884,-0.02322443202137947,-0.18685127794742584,direct,SAFE_PROGRESSING,NONE,1,0,"6.190,21.049;5.793,21.032;5.397,21.016;5.000,21.000",0,1,PASS_THROUGH,-1,0.9692617402864623,-0.021326742678165547,-0.24510579116699324,0.23673688807867413,4.2812411601889195,4.850693749623087,0.0,0,0,0,DIRECT_LOCAL,PASS_THROUGH,0,BYPASS_VISIBLE,1,10,5.0,21.0,2.0,5.0,21.0,2.0,1,
890,29.7,0.033333,6.2039947509765625,21.049039840698242,2.2968809604644775,1.6218823115509098,-0.16469521820545197,-0.21088485445513186,0.00634896400646549,-0.023770791559562417,0.21231528846007702,5.0,21.0,2.0,0.9704399193662143,-0.009961881509462395,-0.24113714731929412,0.2395865304711755,-0.20623135566711426,0.006272825878113508,-0.02270967699587345,-0.17192919552326202,direct,SAFE_PROGRESSING,NONE,1,0,"6.197,21.049;5.798,21.033;5.399,21.016;5.000,21.000",0,1,PASS_THROUGH,-1,0.9692617402864623,-0.021326742678165547,-0.24510579116699324,0.23673688807867413,4.286765074047366,4.85563674991615,0.0,0,0,0,DIRECT_LOCAL,PASS_THROUGH,0,BYPASS_VISIBLE,1,10,5.0,21.0,2.0,5.0,21.0,2.0,1,
891,29.733333,0.033333,6.211002826690674,21.049121856689453,2.2961318492889404,1.6165841446851374,-0.15303033590316772,-0.2091736910352471,0.007098199200522074,-0.023336751318108466,0.21059112378085296,5.0,21.0,2.0,0.9709523458318826,-0.004931875977182289,-0.2392221116931081,0.24099861131175207,-0.2049017697572708,0.005947666242718697,-0.022273346781730652,-0.15713845193386078,direct,SAFE_PROGRESSING,NONE,1,0,"6.204,21.049;5.803,21.033;5.401,21.016;5.000,21.000",0,1,PASS_THROUGH,-1,0.9692617402864623,-0.021326742678165547,-0.24510579116699324,0.23673688807867413,4.292214564673935,4.860497311874591,0.0,0,0,0,DIRECT_LOCAL,PASS_THROUGH,0,BYPASS_VISIBLE,1,10,5.0,21.0,2.0,5.0,21.0,2.0,1,
892,29.766667,0.033333,6.217953205108643,21.04914665222168,2.2953999042510986,1.6116685689127712,-0.14169973134994507,-0.20733665108254823,0.007661860463817784,-0.022894248131845124,0.20873748485937033,5.0,21.0,2.0,0.9714238127769595,-0.0003220358188982392,-0.2373513687822465,0.24239973622571634,-0.20382413268089294,0.0060021900571882725,-0.02189020626246929,-0.1418665200471878,direct,SAFE_PROGRESSING,NONE,1,0,"6.211,21.049;5.807,21.033;5.404,21.016;5.000,21.000",0,1,PASS_THROUGH,-1,0.9692617402864623,-0.021326742678165547,-0.24510579116699324,0.23673688807867413,4.297583344657922,4.865281240655983,0.0,0,0,0,DIRECT_LOCAL,PASS_THROUGH,0,BYPASS_VISIBLE,1,10,5.0,21.0,2.0,5.0,21.0,2.0,1,
893,29.8,0.033333,6.224842548370361,21.049121856689453,2.294682741165161,1.6071251352237492,-0.1306980848312378,-0.2054936482036727,0.008084659614207994,-0.022427590969561147,0.2068719362548491,5.0,21.0,2.0,0.9718609009389473,0.0038885831379810998,-0.2355233919323441,0.24378887614155112,-0.20240485668182373,0.0061339205130934715,-0.021540604531764984,-0.12721052765846252,direct,SAFE_PROGRESSING,NONE,1,0,"6.218,21.049;5.812,21.033;5.406,21.016;5.000,21.000",0,1,PASS_THROUGH,-1,0.9692617402864623,-0.021326742678165547,-0.24510579116699324,0.23673688807867413,4.294296079783773,4.869991771102047,0.0,0,0,0,DIRECT_LOCAL,PASS_THROUGH,0,BYPASS_VISIBLE,1,10,5.0,21.0,2.0,5.0,21.0,2.0,1,
894,29.833333,0.033333,6.2316718101501465,21.049057006835938,2.2939791679382324,1.6029443304537343,-0.11999495327472687,-0.20373398441140855,0.008433836209939708,-0.021974862762795686,0.20508915278680112,5.0,21.0,2.0,0.9722694653603732,0.007715261571157067,-0.23373609363284686,0.24516543191102777,-0.20049044489860535,0.006213715299963951,-0.021252017468214035,-0.11356809735298157,direct,SAFE_PROGRESSING,NONE,1,0,"6.225,21.049;5.817,21.033;5.408,21.016;5.000,21.000",1,1,PASS_THROUGH,-1,0.9999685168984463,0.007935062187655897,0.0,0.24516543191102777,4.299364225891695,4.874636446021077,0.0,0,0,0,DIRECT_LOCAL,PASS_THROUGH,0,BYPASS_VISIBLE,1,10,5.0,21.0,2.0,5.0,21.0,2.0,1,
895,29.866667,0.033333,6.2384443283081055,21.0489501953125,2.293287515640259,1.5991166089795794,-0.10960523784160614,-0.20207375665274552,0.008766600448089492,-0.021601003371491356,0.2034140107215445,5.0,21.0,2.0,0.972654570993668,0.011174624682011823,-0.23198752830344152,0.24652967674000142,-0.19818243384361267,0.006228434853255749,-0.021040689200162888,-0.10092005133628845,direct,SAFE_PROGRESSING,NONE,1,0,"6.232,21.049;5.821,21.033;5.411,21.016;5.000,21.000",0,1,PASS_THROUGH,-1,0.9722694653603732,0.007715261571157067,-0.23373609363284686,0.24516543191102777,4.304366043494516,4.879216122865451,0.0,0,0,0,DIRECT_LOCAL,PASS_THROUGH,0,BYPASS_VISIBLE,1,10,5.0,21.0,2.0,5.0,21.0,2.0,1,
896,29.9,0.033333,6.245161533355713,21.048810958862305,2.292604684829712,1.5956301736677858,-0.09957900643348694,-0.20045532134454797,0.009110388259768287,-0.021353260612542196,0.2017951851962203,5.0,21.0,2.0,0.973020842763272,0.014276350193264998,-0.23027510801954082,0.24788226850177458,-0.1956060230731964,0.006175344809889793,-0.02090410888195038,-0.08932556211948395,direct,SAFE_PROGRESSING,NONE,1,0,"6.238,21.049;5.826,21.033;5.413,21.016;5.000,21.000",0,1,PASS_THROUGH,-1,0.9722694653603732,0.007715261571157067,-0.23373609363284686,0.24516543191102777,4.25419772191645,4.883738657763448,0.0,0,0,0,DIRECT_LOCAL,PASS_THROUGH,0,BYPASS_VISIBLE,1,10,5.0,21.0,2.0,5.0,21.0,2.0,1,
897,29.933333,0.033333,6.251823902130127,21.04863929748535,2.291929006576538,1.59247128349805,-0.08998096734285355,-0.19878000263994636,0.009460628956840411,-0.02124126907721364,0.20013541531125037,5.0,21.0,2.0,0.9733723308546629,0.017041096065345516,-0.22859550864234546,0.24922357463561168,-0.19288526475429535,0.0060494220815598965,-0.020829271525144577,-0.07891900837421417,direct,SAFE_PROGRESSING,NONE,1,0,"6.245,21.049;5.830,21.033;5.415,21.016;5.000,21.000",0,1,PASS_THROUGH,-1,0.9722694653603732,0.007715261571157067,-0.23373609363284686,0.24516543191102777,4.259303948133126,4.888204321082367,0.0,0,0,0,DIRECT_LOCAL,PASS_THROUGH,0,BYPASS_VISIBLE,1,10,5.0,21.0,2.0,5.0,21.0,2.0,1,
898,29.966667,0.033333,6.258428573608398,21.048437118530273,2.291257619857788,1.5896240119298546,-0.08088412880897522,-0.19695131883998687,0.0097909714509841,-0.02123611428803234,0.19833471119503646,5.0,21.0,2.0,0.9737122438500091,0.019484170862720293,-0.22694676305771055,0.2505536958980383,-0.19032087922096252,0.005985784810036421,-0.020792201161384583,-0.06926866620779037,direct,SAFE_PROGRESSING,NONE,1,0,"6.252,21.049;5.835,21.032;5.417,21.016;5.000,21.000",0,1,PASS_THROUGH,-1,0.9722694653603732,0.007715261571157067,-0.23373609363284686,0.24516543191102777,4.264351666855119,4.892612462913146,0.0,0,0,0,DIRECT_LOCAL,PASS_THROUGH,0,BYPASS_VISIBLE,1,10,5.0,21.0,2.0,5.0,21.0,2.0,1,
899,30.0,0.033333,6.2649688720703125,21.048206329345703,2.2905895709991455,1.58707022220481,-0.07234087586402893,-0.19491254647467351,0.010071060555126741,-0.021287826492304627,0.1963300756142911,5.0,21.0,2.0,0.974043267149308,0.02162465794685361,-0.22532662490212596,0.25187208097171737,-0.18762671947479248,0.005890240892767906,-0.020779162645339966,-0.06079244613647461,direct,SAFE_PROGRESSING,NONE,1,0,"6.258,21.048;5.839,21.032;5.419,21.016;5.000,21.000",0,1,PASS_THROUGH,-1,0.9722694653603732,0.007715261571157067,-0.23373609363284686,0.24516543191102777,4.26933982125228,4.8969597878694,0.0,0,0,0,DIRECT_LOCAL,PASS_THROUGH,0,BYPASS_VISIBLE,1,10,5.0,21.0,2.0,5.0,21.0,2.0,1,
