episode_frame_index,trajectory_time_s,control_dt_s,x,y,z,yaw,yaw_rate,state_vx_flu,state_vy_flu,state_vz_flu,speed_world_mps,effective_target_world_x,effective_target_world_y,effective_target_world_z,goal_direction_flu_x,goal_direction_flu_y,goal_direction_flu_z,goal_distance_norm,target_velocity_flu_x,target_velocity_flu_y,target_velocity_flu_z,target_yaw_rate,hierarchical_mode,planner_status,planner_failure_reason,plan_valid,plan_terminal,plan_points_xy,macro_update_mask,macro_label_valid,macro_correction_type,macro_direction_token,macro_direction_flu_x,macro_direction_flu_y,macro_direction_flu_z,macro_distance_norm,min_observed_clearance_m,truth_minimum_clearance_m,truth_brake_risk,truth_brake_would_trigger,emergency_brake,local_corridor_blocked,fsm_state,effective_target_source,target_correction_active,observability_reason,scene_id,task_id,navigation_goal_world_x,navigation_goal_world_y,navigation_goal_world_z,original_navigation_goal_world_x,original_navigation_goal_world_y,original_navigation_goal_world_z,episode_valid,failure_taxonomy
0,0.033333,0.033333,-5.867942221016165e-08,8.0,2.000580310821533,2.159845280732108,0.0,1.7317376743223894e-06,-7.002161548274508e-06,0.030892416281856492,0.0308924171239593,0.0,16.0,2.0,-0.5555705085595591,-0.8314694281925661,0.0,0.9,0.009033584967255592,-0.03845132514834404,0.011144228279590607,-0.492058128118515,blocked,NO_SAFE_CANDIDATE,NO_SAFE_CANDIDATE,0,0,,1,1,PASS_THROUGH,-1,-0.5555705085595591,-0.8314694281925661,0.0,0.9,inf,3.637924000698646,0.0,0,0,0,DIRECT_LOCAL,PASS_THROUGH,0,GOAL_OUTSIDE_FOV,1,18,0.0,16.0,2.0,0.0,16.0,2.0,1,
1,0.066667,0.033333,-1.9230544694437413e-06,8.0,2.00180983543396,2.159795466489237,-0.004369919653981924,6.799078254194984e-05,-9.530258008215977e-05,0.039911174503867164,0.039911346201380093,0.0,16.0,2.0,-0.5555290934876338,-0.8314970962227847,-7.253885250080484e-05,0.9,0.035515572875738144,-0.02675284817814827,0.0007641292177140713,-0.8814022541046143,blocked,NO_SAFE_CANDIDATE,NO_SAFE_CANDIDATE,0,0,,0,1,PASS_THROUGH,-1,-0.5555705085595591,-0.8314694281925661,0.0,0.9,inf,3.637923384801946,0.0,0,0,0,DIRECT_LOCAL,PASS_THROUGH,0,GOAL_OUTSIDE_FOV,1,18,0.0,16.0,2.0,0.0,16.0,2.0,1,
2,0.1,0.033333,-1.8573826309875585e-05,7.99999475479126,2.003089189529419,2.1594205573932266,-0.02025446854531765,0.0009233700752275464,-0.00014061779339280152,0.035265057150820844,0.03527742396363863,0.0,16.0,2.0,-0.5552174997076638,-0.8317051622051039,-0.00022622942345580543,0.9,0.019345231354236603,-0.009511053562164307,-0.011783739551901817,-1.1609199047088623,blocked,NO_SAFE_CANDIDATE,NO_SAFE_CANDIDATE,0,0,,0,1,PASS_THROUGH,-1,-0.5555705085595591,-0.8314694281925661,0.0,0.9,inf,3.6379228349898907,0.0,0,0,0,DIRECT_LOCAL,PASS_THROUGH,0,GOAL_OUTSIDE_FOV,1,18,0.0,16.0,2.0,0.0,16.0,2.0,1,
3,0.133333,0.033333,-7.29501189198345e-05,7.999949932098389,2.0040860176086426,2.1582751422684865,-0.05135113000869751,0.003002790396717214,0.0006196164089070154,0.02389288966012756,0.02408881173847798,0.0,16.0,2.0,-0.5542661932747034,-0.8323393766260103,-0.00038614840920826965,0.9,-0.016934501007199287,0.010936385951936245,-0.024267077445983887,-1.319279670715332,blocked,NO_SAFE_CANDIDATE,NO_SAFE_CANDIDATE,0,0,,0,1,PASS_THROUGH,-1,-0.5555705085595591,-0.8314694281925661,0.0,0.9,inf,3.6379471788483193,0.0,0,0,0,DIRECT_LOCAL,PASS_THROUGH,0,GOAL_OUTSIDE_FOV,1,18,0.0,16.0,2.0,0.0,16.0,2.0,1,
4,0.166667,0.033333,-0.0001491422444814816,7.999823093414307,2.0046613216400146,2.155846933543318,-0.09863723069429398,0.004522063256622776,0.0033810364281115684,0.01066532223189579,0.01206770739350627,0.0,16.0,2.0,-0.5522491031488965,-0.8336789953014059,-0.0005107489379245836,0.9,-0.049465861171483994,0.030694931745529175,-0.03432555869221687,-1.399964451789856,blocked,NO_SAFE_CANDIDATE,NO_SAFE_CANDIDATE,0,0,,0,1,PASS_THROUGH,-1,-0.5555705085595591,-0.8314694281925661,0.0,0.9,inf,3.6380417303207797,0.0,0,0,0,DIRECT_LOCAL,PASS_THROUGH,0,GOAL_OUTSIDE_FOV,1,18,0.0,16.0,2.0,0.0,16.0,2.0,1,
5,0.2,0.033333,-0.00014796647883486003,7.9995832443237305,2.0048201084136963,2.151600508945427,-0.1599033921957016,0.0025036214786219833,0.009086408111707436,-0.0003365905585798715,0.009431024657206934,0.0,16.0,2.0,-0.5487119200351769,-0.8360112973684616,-0.0005826522216210328,0.9,-0.07111671566963196,0.045111700892448425,-0.03722333163022995,-1.4349538087844849,blocked,NO_SAFE_CANDIDATE,NO_SAFE_CANDIDATE,0,0,,0,1,PASS_THROUGH,-1,-0.5555705085595591,-0.8314694281925661,0.0,0.9,inf,3.6382685066957223,0.0,0,0,0,DIRECT_LOCAL,PASS_THROUGH,0,GOAL_OUTSIDE_FOV,1,18,0.0,16.0,2.0,0.0,16.0,2.0,1,
6,0.233333,0.033333,0.00010639792162692174,7.999227523803711,2.0046801567077637,2.145037443880633,-0.2312426120042801,-0.0050156594586796294,0.017775214133761423,-0.006379832311592937,0.019540146817016487,0.0,16.0,2.0,-0.5432132151258076,-0.8395945687818942,-0.0006024820562802991,0.9,-0.08528434485197067,0.05169907212257385,-0.03359394893050194,-1.4460394382476807,blocked,NO_SAFE_CANDIDATE,NO_SAFE_CANDIDATE,0,0,,1,1,PASS_THROUGH,-1,-0.5432133137148579,-0.8395947211618969,0.0,0.9,inf,3.6386179945153994,0.0,0,0,0,DIRECT_LOCAL,PASS_THROUGH,0,GOAL_OUTSIDE_FOV,1,18,0.0,16.0,2.0,0.0,16.0,2.0,1,
7,0.266667,0.033333,0.0008136868709698319,7.998775959014893,2.00439453125,2.135856003091514,-0.3091672956943512,-0.01801183747986753,0.02841407838693498,-0.007726722012851595,0.034517942769578994,0.0,16.0,2.0,-0.5354548940192992,-0.8445636235885752,-0.0005849630045776236,0.9,-0.09337522089481354,0.053023166954517365,-0.028210490942001343,-1.4455074071884155,blocked,NO_SAFE_CANDIDATE,NO_SAFE_CANDIDATE,0,0,,0,1,PASS_THROUGH,-1,-0.5432132151258076,-0.8395945687818942,-0.0006024820562802991,0.9,inf,3.6388107017186795,0.0,0,0,0,DIRECT_LOCAL,PASS_THROUGH,0,GOAL_OUTSIDE_FOV,1,18,0.0,16.0,2.0,0.0,16.0,2.0,1,
8,0.3,0.033333,0.002130627166479826,7.998265266418457,2.004066228866577,2.1240213786227584,-0.3913919925689697,-0.03489139472162123,0.03928878004285971,-0.0068455353092125495,0.052989423629115504,0.0,16.0,2.0,-0.5253473338985895,-0.8508876994701128,-0.0005492322852037448,0.9,-0.09846896678209305,0.05259187892079353,-0.024188537150621414,-1.4408855438232422,blocked,NO_SAFE_CANDIDATE,NO_SAFE_CANDIDATE,0,0,,0,1,PASS_THROUGH,-1,-0.5432132151258076,-0.8395945687818942,-0.0006024820562802991,0.9,inf,3.638858296930781,0.0,0,0,0,DIRECT_LOCAL,PASS_THROUGH,0,GOAL_OUTSIDE_FOV,1,18,0.0,16.0,2.0,0.0,16.0,2.0,1,
9,0.333333,0.033333,0.004126674961298704,7.997739315032959,2.0037283897399902,2.1095976596932844,-0.47651907801628113,-0.053398834127490566,0.04865028594020796,-0.006100108744560844,0.07249480764120086,0.0,16.0,2.0,-0.512878884374066,-0.8584608271366605,-0.00050816833259202,0.9,-0.10445968806743622,0.05110287666320801,-0.021898433566093445,-1.4382230043411255,blocked,NO_SAFE_CANDIDATE,NO_SAFE_CANDIDATE,0,0,,0,1,PASS_THROUGH,-1,-0.5432132151258076,-0.8395945687818942,-0.0006024820562802991,0.9,inf,3.6386970792906923,0.0,0,0,0,DIRECT_LOCAL,PASS_THROUGH,0,GOAL_OUTSIDE_FOV,1,18,0.0,16.0,2.0,0.0,16.0,2.0,1,
10,0.366667,0.033333,0.0067814989015460014,7.997243404388428,2.003373861312866,2.0925357461631418,-0.5635990500450134,-0.07151488601083685,0.05523828335287228,-0.006390522663255493,0.09058965530801394,0.0,16.0,2.0,-0.497941688522212,-0.8672103884024049,-0.00046591694351615136,0.9,-0.11248388886451721,0.04783426225185394,-0.020453963428735733,-1.440820336341858,blocked,NO_SAFE_CANDIDATE,NO_SAFE_CANDIDATE,0,0,,0,1,PASS_THROUGH,-1,-0.5432132151258076,-0.8395945687818942,-0.0006024820562802991,0.9,inf,3.638291891259374,0.0,0,0,0,DIRECT_LOCAL,PASS_THROUGH,0,GOAL_OUTSIDE_FOV,1,18,0.0,16.0,2.0,0.0,16.0,2.0,1,
11,0.4,0.033333,0.010015122592449188,7.996816635131836,2.002992868423462,2.072665910158687,-0.6516087055206299,-0.08805449093182954,0.05849099071475437,-0.007389626674502249,0.10596884424417223,0.0,16.0,2.0,-0.48032229982906366,-0.8770919624253469,-0.00042158720703061256,0.9,-0.12112952768802643,0.04278574511408806,-0.019060036167502403,-1.447575330734253,blocked,NO_SAFE_CANDIDATE,NO_SAFE_CANDIDATE,0,0,,0,1,PASS_THROUGH,-1,-0.5432132151258076,-0.8395945687818942,-0.0006024820562802991,0.9,inf,3.6376331851847303,0.0,0,0,0,DIRECT_LOCAL,PASS_THROUGH,0,GOAL_OUTSIDE_FOV,1,18,0.0,16.0,2.0,0.0,16.0,2.0,1,
12,0.433333,0.033333,0.013726792298257351,7.996496677398682,2.0025808811187744,2.0499062346313024,-0.7345072031021118,-0.10265466803262036,0.05842974844393339,-0.008977807668276775,0.11845934915673559,-4.423061975308831,10.309353649768179,2.002992868423462,0.5735764363510463,-0.8191520442889919,0.0,1.0,-0.0993892177939415,0.02537127584218979,-0.01859775371849537,-1.4656339883804321,macro_turn_right,SAFE_HOLD,NONE,0,0,,1,1,TURN_RIGHT,12,0.5735764363510463,-0.8191520442889919,0.0,1.0,inf,3.636719516379563,0.0,0,0,0,DIRECT_LOCAL,TURN_RIGHT,1,GOAL_OUTSIDE_FOV,1,18,0.0,16.0,2.0,0.0,16.0,2.0,1,
13,0.466667,0.033333,0.017811831086874008,7.996316432952881,2.002135992050171,2.0244847335079856,-0.806756317615509,-0.11469497215968813,0.0551942336122686,-0.010856427521784302,0.1277466323677187,-4.4193503056030226,10.309033692035024,2.0025808811187744,0.5942129404169276,-0.8043077653740943,0.0,1.0,-0.07900077104568481,0.0160648413002491,-0.016870316118001938,-1.4716148376464844,macro_turn_right,SAFE_HOLD,NONE,0,0,,0,1,TURN_RIGHT,12,0.5735764363510463,-0.8191520442889919,0.0,1.0,inf,3.63555500959751,0.0,0,0,0,DIRECT_LOCAL,TURN_RIGHT,1,GOAL_OUTSIDE_FOV,1,18,0.0,16.0,2.0,0.0,16.0,2.0,1,
14,0.5,0.033333,0.022145414724946022,7.9962992668151855,2.0016772747039795,1.996802159793183,-0.8658217191696167,-0.12298114150650793,0.04910950172631106,-0.012522787279776232,0.1330147530438064,-4.415265266814406,10.308853447589224,2.002135992050171,0.6162477402438615,-0.7875523618429028,0.0,1.0,-0.06854142248630524,0.01214243657886982,-0.014670723117887974,-1.4732649326324463,macro_turn_right,SAFE_HOLD,NONE,0,0,,0,1,TURN_RIGHT,12,0.5735764363510463,-0.8191520442889919,0.0,1.0,inf,3.6341590450841728,0.0,0,0,0,DIRECT_LOCAL,TURN_RIGHT,1,GOAL_OUTSIDE_FOV,1,18,0.0,16.0,2.0,0.0,16.0,2.0,1,
15,0.533333,0.033333,0.02658066526055336,7.99644660949707,2.001227855682373,1.9672812570933091,-0.9106866121292114,-0.12674592730379836,0.04102704414175897,-0.013676978001396427,0.13392090264913933,-4.410931683176334,10.308836281451528,2.0016772747039795,0.6392251147161369,-0.769019669914978,0.0,1.0,-0.06440050899982452,0.010594667866826057,-0.012808561325073242,-1.4732389450073242,macro_turn_right,SAFE_HOLD,NONE,0,0,,0,1,TURN_RIGHT,12,0.5735764363510463,-0.8191520442889919,0.0,1.0,inf,3.6325784599512914,0.0,0,0,0,DIRECT_LOCAL,TURN_RIGHT,1,GOAL_OUTSIDE_FOV,1,18,0.0,16.0,2.0,0.0,16.0,2.0,1,
16,0.566667,0.033333,0.030975181609392166,7.996743679046631,2.0008018016815186,1.9363871108824673,-0.942555844783783,-0.12626831126183424,0.03218087223105964,-0.014099352022315948,0.13106520016356904,-4.4064964326407265,10.308983624133413,2.001227855682373,0.6626745122979865,-0.7489075315088145,0.0,1.0,-0.06173022463917732,0.00947138387709856,-0.011424833908677101,-1.4724714756011963,macro_turn_right,SAFE_HOLD,NONE,0,0,,0,1,TURN_RIGHT,12,0.5735764363510463,-0.8191520442889919,0.0,1.0,inf,3.6308734470109765,0.0,0,0,0,DIRECT_LOCAL,TURN_RIGHT,1,GOAL_OUTSIDE_FOV,1,18,0.0,16.0,2.0,0.0,16.0,2.0,1,
17,0.6,0.033333,0.03522125631570816,7.997155666351318,2.0004045963287354,1.904587465971272,-0.9637779593467712,-0.12266506290460893,0.023783563637511097,-0.013816607387051195,0.1257110742789955,-4.402101916291888,10.309280693682974,2.0008018016815186,0.6861504666141112,-0.7274596464170626,0.0,1.0,-0.05837353318929672,0.007764960639178753,-0.010407380759716034,-1.4712835550308228,macro_turn_right,SAFE_HOLD,NONE,0,0,,0,1,TURN_RIGHT,12,0.5735764363510463,-0.8191520442889919,0.0,1.0,inf,3.6291114644373974,0.0,0,0,0,DIRECT_LOCAL,TURN_RIGHT,1,GOAL_OUTSIDE_FOV,1,18,0.0,16.0,2.0,0.0,16.0,2.0,1,
18,0.633333,0.033333,0.03925905376672745,7.997637748718262,2.000037431716919,1.8722561691500128,-0.9769057631492615,-0.11728296229142669,0.016664692875490404,-0.012973666926726808,0.11916929665820929,-3.9194218071014886,11.056697828336711,2.0004045963287354,0.5735764363510463,-0.8191520442889917,0.0,1.0,-0.052846841514110565,0.005652652587741613,-0.00926532968878746,-1.4708110094070435,macro_turn_right,SAFE_HOLD,NONE,0,0,,1,1,TURN_RIGHT,12,0.5735764363510463,-0.8191520442889917,0.0,1.0,inf,3.6273537246415573,0.0,0,0,0,DIRECT_LOCAL,TURN_RIGHT,1,GOAL_OUTSIDE_FOV,1,18,0.0,16.0,2.0,0.0,16.0,2.0,1,
19,0.666667,0.033333,0.043069325387477875,7.998145580291748,1.999701976776123,1.8396278184962622,-0.9842441082000732,-0.11115358595537198,0.011132416262522154,-0.01191328260408591,0.11234312023878075,-3.9153840096504693,11.057179910703654,2.000037431716919,0.5999939840298207,-0.800004511942291,0.0,1.0,-0.046614985913038254,0.004182165488600731,-0.008475512266159058,-1.4704821109771729,macro_turn_right,SAFE_HOLD,NONE,0,0,,0,1,TURN_RIGHT,12,0.5735764363510463,-0.8191520442889917,0.0,1.0,inf,3.6256478381714277,0.0,0,0,0,DIRECT_LOCAL,TURN_RIGHT,1,GOAL_OUTSIDE_FOV,1,18,0.0,16.0,2.0,0.0,16.0,2.0,1,
20,0.7,0.033333,0.04665443301200867,7.998639106750488,1.999395489692688,1.8068332860642744,-0.9876499772071838,-0.10477101011558043,0.0070793231487828595,-0.010944569215912478,0.10557871457924581,-3.911573738029719,11.05768774227714,1.999701976776123,0.6259024432573468,-0.7799013601247813,0.0,1.0,-0.04017949476838112,0.0028710567858070135,-0.007866866886615753,-1.4699150323867798,macro_turn_right,SAFE_HOLD,NONE,0,0,,0,1,TURN_RIGHT,12,0.5735764363510463,-0.8191520442889917,0.0,1.0,inf,3.6240304475361653,0.0,0,0,0,DIRECT_LOCAL,TURN_RIGHT,1,GOAL_OUTSIDE_FOV,1,18,0.0,16.0,2.0,0.0,16.0,2.0,1,
21,0.733333,0.033333,0.050019633024930954,7.999086856842041,1.9991140365600586,1.7739557685020872,-0.9885228276252747,-0.09817900981180816,0.0041854255034416655,-0.01016649481016018,0.09879267873176129,-3.907988630405188,11.058181268735881,1.999395489692688,0.651200796515098,-0.7589054767348185,0.0,1.0,-0.03394331783056259,0.0010919709457084537,-0.0073597668670117855,-1.469014286994934,macro_turn_right,SAFE_HOLD,NONE,0,0,,0,1,TURN_RIGHT,12,0.5735764363510463,-0.8191520442889917,0.0,1.0,inf,3.622529214855978,0.0,0,0,0,DIRECT_LOCAL,TURN_RIGHT,1,GOAL_OUTSIDE_FOV,1,18,0.0,16.0,2.0,0.0,16.0,2.0,1,
22,0.766667,0.033333,0.05316183716058731,7.999471187591553,1.9988536834716797,1.7410532839174995,-0.9878822565078735,-0.09119372482837086,0.002082942347185749,-0.00956272425224762,0.09171739089190692,-3.904623430392266,11.058629018827434,1.9991140365600586,0.6758137126589193,-0.7370724698305912,0.0,1.0,-0.028057541698217392,-0.0015759373782202601,-0.006909970194101334,-1.467764973640442,macro_turn_right,SAFE_HOLD,NONE,0,0,,0,1,TURN_RIGHT,12,0.5735764363510463,-0.8191520442889917,0.0,1.0,inf,3.6211614297241446,0.0,0,0,0,DIRECT_LOCAL,TURN_RIGHT,1,GOAL_OUTSIDE_FOV,1,18,0.0,16.0,2.0,0.0,16.0,2.0,1,
23,0.8,0.033333,0.05606713891029358,7.99978494644165,1.9986112117767334,1.7081637267457082,-0.9864324331283569,-0.08362243380462564,0.00044675650868122245,-0.00906011171532389,0.08411299929904531,-3.9014812262566094,11.059013349576945,1.9988536834716797,0.69968584085219,-0.7144506449790384,0.0,1.0,-0.02241428568959236,-0.005395711399614811,-0.006485301535576582,-1.466146469116211,macro_turn_right,SAFE_HOLD,NONE,0,0,,0,1,TURN_RIGHT,12,0.5735764363510463,-0.8191520442889917,0.0,1.0,inf,3.6199379154001297,0.0,0,0,0,DIRECT_LOCAL,TURN_RIGHT,1,GOAL_OUTSIDE_FOV,1,18,0.0,16.0,2.0,0.0,16.0,2.0,1,
24,0.833333,0.033333,0.05871444568037987,8.000029563903809,1.998386025428772,1.6753078642663946,-0.9846203923225403,-0.07539327242849787,-0.0009748803036800156,-0.008421796437043914,0.07586845572641639,-3.2234422156708007,11.774015781090625,1.9986112117767334,0.5735764363510462,-0.8191520442889919,0.0,1.0,-0.017222080379724503,-0.008610295131802559,-0.0055635650642216206,-1.4659271240234375,macro_turn_right,SAFE_HOLD,NONE,0,0,,1,1,TURN_RIGHT,12,0.5735764363510462,-0.8191520442889918,0.0,1.0,inf,3.618863641772515,0.0,0,0,0,DIRECT_LOCAL,TURN_RIGHT,1,GOAL_OUTSIDE_FOV,1,18,0.0,16.0,2.0,0.0,16.0,2.0,1,
25,0.866667,0.033333,0.061081767082214355,8.000216484069824,1.9981812238693237,1.6424953641381606,-0.9827740788459778,-0.06659015362143661,-0.002319449225171127,-0.00764127557703966,0.06706726098834616,-3.2207949089007144,11.774260398552784,1.998386025428772,0.6001412942662396,-0.7998940098015754,0.0,1.0,-0.012821665965020657,-0.01031401101499796,-0.004876827355474234,-1.4662007093429565,macro_turn_right,SAFE_HOLD,NONE,0,0,,0,1,TURN_RIGHT,12,0.5735764363510462,-0.8191520442889919,0.0,1.0,inf,3.617934353299781,0.0,0,0,0,DIRECT_LOCAL,TURN_RIGHT,1,GOAL_OUTSIDE_FOV,1,18,0.0,16.0,2.0,0.0,16.0,2.0,1,
26,0.9,0.033333,0.0631524994969368,8.00036334991455,1.997997522354126,1.6097335712557932,-0.9811374545097351,-0.05742802075178537,-0.003565620821511559,-0.006846372213422977,0.05794449095293718,-3.21842758749888,11.7744473187188,1.9981812238693237,0.6260205208888369,-0.7798065833436325,0.0,1.0,-0.008502458222210407,-0.011413181200623512,-0.004302096087485552,-1.466272234916687,macro_turn_right,SAFE_HOLD,NONE,0,0,,0,1,TURN_RIGHT,12,0.5735764363510462,-0.8191520442889919,0.0,1.0,inf,3.617138196965809,0.0,0,0,0,DIRECT_LOCAL,TURN_RIGHT,1,GOAL_OUTSIDE_FOV,1,18,0.0,16.0,2.0,0.0,16.0,2.0,1,
27,0.933333,0.033333,0.0649191215634346,8.000483512878418,1.9978317022323608,1.5770273018163392,-0.9798242449760437,-0.04817884153385822,-0.004572562422257315,-0.006088970658254501,0.048776886558360266,-3.2163568550841575,11.774594184563526,1.997997522354126,0.6511857410699452,-0.7589183952357371,0.0,1.0,-0.004211548250168562,-0.012770980596542358,-0.0038154651410877705,-1.4659167528152466,macro_turn_right,SAFE_HOLD,NONE,0,0,,0,1,TURN_RIGHT,12,0.5735764363510462,-0.8191520442889919,0.0,1.0,inf,3.616464524068039,0.0,0,0,0,DIRECT_LOCAL,TURN_RIGHT,1,GOAL_OUTSIDE_FOV,1,18,0.0,16.0,2.0,0.0,16.0,2.0,1,
28,0.966667,0.033333,0.0663832351565361,8.000587463378906,1.9976805448532104,1.5443727515766794,-0.9788258075714111,-0.03908622961612241,-0.005196324938391907,-0.005405597635153223,0.0397989399891853,-3.2145902330176597,11.774714347527393,1.9978317022323608,0.6756163206631619,-0.7372534077598908,0.0,1.0,1.726672053337097e-05,-0.014913810417056084,-0.0034106920938938856,-1.465081810951233,macro_turn_right,TURNING,NONE,0,0,,0,1,TURN_RIGHT,12,0.5735764363510462,-0.8191520442889919,0.0,1.0,inf,3.615902550291399,0.0,0,0,0,TURN_TO_TARGET,TURN_RIGHT,1,GOAL_OUTSIDE_FOV,1,18,0.0,16.0,2.0,0.0,16.0,2.0,1,
29,1.0,0.033333,0.06755310297012329,8.000677108764648,1.9975411891937256,1.5117570007859906,-0.9780548810958862,-0.03031556485805042,-0.0054009465648544985,-0.004815367944443012,0.031167153622033636,-3.213126119424558,11.774818298027881,1.9976805448532104,0.6992988068479863,-0.7148294752883257,0.0,1.0,0.004291194956749678,-0.01815103180706501,-0.003080429509282112,-1.4637411832809448,macro_turn_right,TURNING,NONE,0,0,,0,1,TURN_RIGHT,12,0.5735764363510462,-0.8191520442889919,0.0,1.0,inf,3.6154475826136943,0.0,0,0,0,TURN_TO_TARGET,TURN_RIGHT,1,GOAL_OUTSIDE_FOV,1,18,0.0,16.0,2.0,0.0,16.0,2.0,1,
30,1.033333,0.033333,0.06844069063663483,8.000765800476074,1.9974136352539062,1.4791625912167432,-0.977393388748169,-0.021943215071182846,-0.00530172650675121,-0.004157131033754366,0.022954187636341605,-2.4135122691178506,12.34168098107644,1.9975411891937256,0.573576436351046,-0.8191520442889917,0.0,1.0,0.007599084638059139,-0.020201418548822403,-0.0022974396124482155,-1.463778018951416,macro_turn_right,TURNING,NONE,0,0,,1,1,TURN_RIGHT,12,0.5735764363510463,-0.8191520442889917,0.0,1.0,inf,3.615082962053537,0.0,0,0,0,TURN_TO_TARGET,TURN_RIGHT,1,GOAL_OUTSIDE_FOV,1,18,0.0,16.0,2.0,0.0,16.0,2.0,1,
31,1.066667,0.033333,0.06905974447727203,8.0008544921875,1.9973012208938599,1.4465769456765003,-0.9768189191818237,-0.01399856070652702,-0.005077800341781432,-0.0034814917725042747,0.01529263035345237,-2.412624681451339,12.341769672787866,1.9974136352539062,0.5999598191992292,-0.8000301340239803,0.0,1.0,0.009886608459055424,-0.02066056989133358,-0.001843331614509225,-1.464272379875183,macro_turn_right,TURNING,NONE,0,0,,0,1,TURN_RIGHT,12,0.573576436351046,-0.8191520442889917,0.0,1.0,inf,3.6148032879872107,0.0,0,0,0,TURN_TO_TARGET,TURN_RIGHT,1,GOAL_OUTSIDE_FOV,1,18,0.0,16.0,2.0,0.0,16.0,2.0,1,
32,1.1,0.033333,0.06942611932754517,8.000959396362305,1.997202754020691,1.4139991927586442,-0.9763898253440857,-0.006523604339001871,-0.004835600109288433,-0.0029319879449229112,0.008633481064898887,-2.412005627610702,12.341858364499291,1.9973012208938599,0.6257000497738737,-0.7800637459291208,0.0,1.0,0.012077520601451397,-0.020645810291171074,-0.0015568918315693736,-1.464503526687622,macro_turn_right,TURNING,NONE,0,0,,0,1,TURN_RIGHT,12,0.573576436351046,-0.8191520442889917,0.0,1.0,inf,3.6145880701998263,0.0,0,0,0,TURN_TO_TARGET,TURN_RIGHT,1,GOAL_OUTSIDE_FOV,1,18,0.0,16.0,2.0,0.0,16.0,2.0,1,
33,1.133333,0.033333,0.06955815851688385,8.001092910766602,1.9971144199371338,1.3814332291904927,-0.9761252999305725,0.0004217574854508838,-0.004573845660127334,-0.0025250202890865843,0.005241533264179327,-2.4116392527604287,12.341963268674096,1.997202754020691,0.6507673260277957,-0.7592772137860008,0.0,1.0,0.014328054152429104,-0.021048029884696007,-0.001380797359161079,-1.4642480611801147,macro_turn_right,TURNING,NONE,0,0,,0,1,TURN_RIGHT,12,0.573576436351046,-0.8191520442889917,0.0,1.0,inf,3.614419699305008,0.0,0,0,0,TURN_TO_TARGET,TURN_RIGHT,1,GOAL_OUTSIDE_FOV,1,18,0.0,16.0,2.0,0.0,16.0,2.0,1,
34,1.166667,0.033333,0.06947609037160873,8.001263618469238,1.9970329999923706,1.3488797505320385,-0.9759768843650818,0.00679183770137328,-0.004251843696165671,-0.002244586716953712,0.008321382319563515,-2.41150721357109,12.342096783078393,1.9971144199371338,0.6751352872153424,-0.7376939365052805,0.0,1.0,0.01663690060377121,-0.022358054295182228,-0.0012834299122914672,-1.4634826183319092,macro_turn_right,TURNING,NONE,0,0,,0,1,TURN_RIGHT,12,0.573576436351046,-0.8191520442889917,0.0,1.0,inf,3.6142836310659665,0.0,0,0,0,TURN_TO_TARGET,TURN_RIGHT,1,GOAL_OUTSIDE_FOV,1,18,0.0,16.0,2.0,0.0,16.0,2.0,1,
35,1.2,0.033333,0.06920110434293747,8.001481056213379,1.9969557523727417,1.3163353984285284,-0.9758585095405579,0.0125784462218907,-0.0038788928077058697,-0.0020819287572289664,0.013326572932335069,-2.411589281716365,12.34226749078103,1.9970329999923706,0.698781322640829,-0.7153353501179243,0.0,1.0,0.018998168408870697,-0.02475956827402115,-0.0012961005559191108,-1.4621353149414062,macro_turn_right,TURNING,NONE,0,0,,0,1,TURN_RIGHT,12,0.573576436351046,-0.8191520442889917,0.0,1.0,inf,3.6141641454151414,0.0,0,0,0,TURN_TO_TARGET,TURN_RIGHT,1,GOAL_OUTSIDE_FOV,1,18,0.0,16.0,2.0,0.0,16.0,2.0,1,
36,1.233333,0.033333,0.06875437498092651,8.001749992370605,1.996881365776062,1.2837953490853826,-0.9756749272346497,0.017812322321873197,-0.0035564089943722877,-0.0018786999785177154,0.01826078818240978,-1.5219603745392578,12.741544889973577,1.9969557523727417,0.5735764363510462,-0.8191520442889917,0.0,1.0,0.019951969385147095,-0.02578856609761715,-0.0009151105186901987,-1.4620468616485596,macro_turn_right,TURNING,NONE,0,0,,1,1,TURN_RIGHT,12,0.5735764363510462,-0.8191520442889917,0.0,1.0,inf,3.6140500753599114,0.0,0,0,0,TURN_TO_TARGET,TURN_RIGHT,1,BYPASS_VISIBLE,1,18,0.0,16.0,2.0,0.0,16.0,2.0,1,
37,1.266667,0.033333,0.0681573674082756,8.002081871032715,1.9968125820159912,1.2512591139241023,-0.975429117679596,0.022513388028375145,-0.0034016490420178186,-0.001691624605735543,0.022831676472129157,-1.5224071039012688,12.741813826130803,1.996881365776062,0.599920288674775,-0.8000597772894066,0.0,1.0,0.019446926191449165,-0.02529853582382202,-0.0008981185383163393,-1.4622247219085693,macro_turn_right,TURNING,NONE,0,0,,0,1,TURN_RIGHT,12,0.5735764363510462,-0.8191520442889917,0.0,1.0,inf,3.6139238441047,0.0,0,0,0,TURN_TO_TARGET,TURN_RIGHT,1,BYPASS_VISIBLE,1,18,0.0,16.0,2.0,0.0,16.0,2.0,1,
38,1.3,0.033333,0.06743323802947998,8.002482414245605,1.9967471361160278,1.2187308423633927,-0.9751927852630615,0.026632521941110036,-0.0034375899355569223,-0.0016417159017741464,0.026903596053518348,-1.5230041114739197,12.742145704792913,1.9968125820159912,0.6256229048563482,-0.7801256186788795,0.0,1.0,0.018689116463065147,-0.02453543432056904,-0.0010057537583634257,-1.4619860649108887,macro_turn_right,TURNING,NONE,0,0,,0,1,TURN_RIGHT,12,0.5735764363510462,-0.8191520442889917,0.0,1.0,inf,3.6137727778707096,0.0,0,0,0,TURN_TO_TARGET,TURN_RIGHT,1,BYPASS_VISIBLE,1,18,0.0,16.0,2.0,0.0,16.0,2.0,1,
39,1.333333,0.033333,0.06660748273134232,8.002959251403809,1.996681571006775,1.1862142988814754,-0.9749899506568909,0.030073326706962215,-0.003592687375884214,-0.0017163269695059543,0.03033575712044745,-1.5237282408527153,12.742546248005803,1.9967471361160278,0.6506547090836998,-0.7593737219230108,0.0,1.0,0.018237896263599396,-0.024484721943736076,-0.0011842999374493957,-1.4611132144927979,macro_turn_right,TURNING,NONE,0,0,,0,1,TURN_RIGHT,12,0.5735764363510462,-0.8191520442889917,0.0,1.0,inf,3.6135816535397116,0.0,0,0,0,TURN_TO_TARGET,TURN_RIGHT,1,BYPASS_VISIBLE,1,18,0.0,16.0,2.0,0.0,16.0,2.0,1,
40,1.366667,0.033333,0.06570718437433243,8.003510475158691,1.9966131448745728,1.1537105004501842,-0.9747768044471741,0.032768649024897345,-0.0037933555206074864,-0.001882488101573646,0.033041151106993766,-1.524553996150853,12.743023085164007,1.996681571006775,0.6749892164489605,-0.737827593464502,0.0,1.0,0.018222903832793236,-0.025657115504145622,-0.0014118266990408301,-1.4595822095870972,macro_turn_right,TURNING,NONE,0,0,,0,1,TURN_RIGHT,12,0.5735764363510462,-0.8191520442889917,0.0,1.0,inf,3.613343783741908,0.0,0,0,0,TURN_TO_TARGET,TURN_RIGHT,1,BYPASS_VISIBLE,1,18,0.0,16.0,2.0,0.0,16.0,2.0,1,
41,1.4,0.033333,0.06475922465324402,8.004132270812988,1.9965401887893677,1.1212184401302565,-0.9744750261306763,0.03473880109192358,-0.004057702431420816,-0.0020977918110668048,0.03503783641734701,-1.5254542945078629,12.74357430891889,1.9966131448745728,0.6986022638827982,-0.7155102213790026,0.0,1.0,0.01877347193658352,-0.028280548751354218,-0.0016552323941141367,-1.457448959350586,macro_turn_right,TURNING,NONE,0,0,,0,1,TURN_RIGHT,12,0.5735764363510462,-0.8191520442889917,0.0,1.0,inf,3.6130543359072367,0.0,0,0,0,TURN_TO_TARGET,TURN_RIGHT,1,BYPASS_VISIBLE,1,18,0.0,16.0,2.0,0.0,16.0,2.0,1,
42,1.433333,0.033333,0.0637889951467514,8.004822731018066,1.9964642524719238,1.088739257354264,-0.9740084409713745,0.03610215955031206,-0.004523634340477575,-0.0020863706420364146,0.036444233210461266,-0.5775021572737424,12.96271072812162,1.9965401887893677,0.5735764363510462,-0.8191520442889918,0.0,1.0,0.018216831609606743,-0.029386913403868675,-0.0011387349804863334,-1.4574661254882812,macro_turn_right,TURNING,NONE,0,0,,1,1,TURN_RIGHT,12,0.5735764363510463,-0.8191520442889919,0.0,1.0,inf,3.6127071177665395,0.0,0,0,0,TURN_TO_TARGET,TURN_RIGHT,1,BYPASS_VISIBLE,1,18,0.0,16.0,2.0,0.0,16.0,2.0,1,
43,1.466667,0.033333,0.06281990557909012,8.00558090209961,1.996394395828247,1.056277722498125,-0.9734423756599426,0.03700631436577799,-0.005337406228691175,-0.0018679745217467525,0.03743587232859351,-0.578472386780235,12.963401188326698,1.9964642524719238,0.5998605222915175,-0.8001045892857681,0.0,1.0,0.016974788159132004,-0.028692984953522682,-0.0008513429202139378,-1.4583503007888794,macro_turn_right,TURNING,NONE,0,0,,0,1,TURN_RIGHT,12,0.5735764363510462,-0.8191520442889918,0.0,1.0,inf,3.612295637130291,0.0,0,0,0,TURN_TO_TARGET,TURN_RIGHT,1,BYPASS_VISIBLE,1,18,0.0,16.0,2.0,0.0,16.0,2.0,1,
44,1.5,0.033333,0.06187338009476662,8.006410598754883,1.996333360671997,1.023834995687793,-0.9729396104812622,0.03754706625984154,-0.006507583003930757,-0.0016361216447455902,0.038141941682488904,-0.5794414763478963,12.96415935940824,1.996394395828247,0.6254978855512846,-0.7802258616393538,0.0,1.0,0.015840895473957062,-0.027523348107933998,-0.0006691180169582367,-1.458999514579773,macro_turn_right,TURNING,NONE,0,0,,0,1,TURN_RIGHT,12,0.5735764363510462,-0.8191520442889918,0.0,1.0,inf,3.611809487219993,0.0,0,0,0,TURN_TO_TARGET,TURN_RIGHT,1,BYPASS_VISIBLE,1,18,0.0,16.0,2.0,0.0,16.0,2.0,1,
45,1.533333,0.033333,0.060968007892370224,8.00731372833252,1.9962806701660156,0.9914082004406835,-0.9725947380065918,0.03776510900864386,-0.007896027542857686,-0.0014111195715026668,0.03860753770751767,-0.5803880018322198,12.964989056063514,1.996333360671997,0.6504648504184782,-0.7595363575037515,0.0,1.0,0.015630779787898064,-0.026983898133039474,-0.00044434331357479095,-1.4594390392303467,macro_turn_right,TURNING,NONE,0,0,,0,1,TURN_RIGHT,12,0.5735764363510462,-0.8191520442889918,0.0,1.0,inf,3.611240950106001,0.0,0,0,0,TURN_TO_TARGET,TURN_RIGHT,1,BYPASS_VISIBLE,1,18,0.0,16.0,2.0,0.0,16.0,2.0,1,
46,1.566667,0.033333,0.06011827290058136,8.008284568786621,1.9962356090545654,0.9589907749582756,-0.9724189043045044,0.03769865734235287,-0.00932760490160404,-0.0012482538174925022,0.03885551590455914,-0.5812933740346162,12.96589218564115,1.9962806701660156,0.6747409979759437,-0.738054595304729,0.0,1.0,0.015422729775309563,-0.02724183350801468,-0.0004406692460179329,-1.4592148065567017,macro_turn_right,TURNING,NONE,0,0,,0,1,TURN_RIGHT,12,0.5735764363510462,-0.8191520442889918,0.0,1.0,inf,3.610590828660739,0.0,0,0,0,TURN_TO_TARGET,TURN_RIGHT,1,BYPASS_VISIBLE,1,18,0.0,16.0,2.0,0.0,16.0,2.0,1,
47,1.6,0.033333,0.059334058314561844,8.009315490722656,1.9961953163146973,0.9265767884161353,-0.9723547697067261,0.03740906720618837,-0.010702301558921741,-0.001164381904874825,0.03892728288894072,-0.5821431090264051,12.966863026095252,1.9962356090545654,0.6983056678268311,-0.7157996886566262,0.0,1.0,0.015541990287601948,-0.028631968423724174,-0.00045791734009981155,-1.4585072994232178,macro_turn_right,TURNING,NONE,0,0,,0,1,TURN_RIGHT,12,0.5735764363510462,-0.8191520442889918,0.0,1.0,inf,3.6098631830240584,0.0,0,0,0,TURN_TO_TARGET,TURN_RIGHT,1,BYPASS_VISIBLE,1,18,0.0,16.0,2.0,0.0,16.0,2.0,1,
48,1.633333,0.033333,0.05862192437052727,8.010398864746094,1.9961599111557007,0.8941642079456354,-0.9723148345947266,0.0369745502641817,-0.012041085182569439,-0.0009309966568952425,0.03889693888196785,0.3879314625443875,12.99850618119876,1.9961953163146973,0.573576436351046,-0.8191520442889917,0.0,1.0,0.015532379038631916,-0.02833716571331024,0.00011183088645339012,-1.4597179889678955,macro_turn_right,TURNING,NONE,0,0,,1,1,TURN_RIGHT,12,0.5735764363510462,-0.8191520442889919,0.0,1.0,inf,3.609063121431975,0.0,0,0,0,TURN_TO_TARGET,TURN_RIGHT,1,BYPASS_VISIBLE,1,18,0.0,16.0,2.0,0.0,16.0,2.0,1,
49,1.666667,0.033333,0.05798693373799324,8.011528015136719,1.9961339235305786,0.8617524804256939,-0.9723304510116577,0.03647100452199459,-0.013398458279067603,-0.0006499102019193005,0.03885968654492498,0.3872193286003529,12.999589555222197,1.9961599111557007,0.5998206704692038,-0.8001344657480233,0.0,1.0,0.014669875614345074,-0.02634333446621895,0.00019839731976389885,-1.461119294166565,macro_turn_right,TURNING,NONE,0,0,,0,1,TURN_RIGHT,12,0.573576436351046,-0.8191520442889917,0.0,1.0,inf,3.6081953191430167,0.0,0,0,0,TURN_TO_TARGET,TURN_RIGHT,1,BYPASS_VISIBLE,1,18,0.0,16.0,2.0,0.0,16.0,2.0,1,
50,1.7,0.033333,0.0574326291680336,8.01269817352295,1.9961153268814087,0.8293381938764929,-0.9724809527397156,0.03592986455809877,-0.014737272958257613,-0.0005036839546242511,0.03883807511882713,0.3865843379678189,13.000718705612822,1.9961339235305786,0.6254368328374361,-0.7802748029574433,0.0,1.0,0.014246492646634579,-0.02433009259402752,0.00014389166608452797,-1.461949110031128,macro_turn_right,TURNING,NONE,0,0,,0,1,TURN_RIGHT,12,0.573576436351046,-0.8191520442889917,0.0,1.0,inf,3.6072631247225178,0.0,0,0,0,TURN_TO_TARGET,TURN_RIGHT,1,BYPASS_VISIBLE,1,18,0.0,16.0,2.0,0.0,16.0,2.0,1,
51,1.733333,0.033333,0.05696007236838341,8.013903617858887,1.9961000680923462,0.796915574085116,-0.972770094871521,0.035341262718456654,-0.015934539399593533,-0.00044254090579878933,0.03876996568047846,0.38603003339785924,13.001888863999053,1.9961153268814087,0.6504022449035666,-0.7595899682225936,0.0,1.0,0.014141852036118507,-0.023050380870699883,0.00014366116374731064,-1.4624154567718506,macro_turn_right,TURNING,NONE,0,0,,0,1,TURN_RIGHT,12,0.573576436351046,-0.8191520442889917,0.0,1.0,inf,3.6062715812143193,0.0,0,0,0,TURN_TO_TARGET,TURN_RIGHT,1,BYPASS_VISIBLE,1,18,0.0,16.0,2.0,0.0,16.0,2.0,1,
52,1.766667,0.033333,0.05656714364886284,8.015130996704102,1.9960861206054688,0.7644804032911916,-0.9731471538543701,0.03469307033417613,-0.016879741312317897,-0.0004362870048021915,0.03858400111877232,0.38555747659820905,13.00309430833499,1.9961000680923462,0.6746932608603242,-0.7380982344848566,0.0,1.0,0.013837636448442936,-0.022559741511940956,6.264075636863708e-05,-1.4623957872390747,macro_turn_right,TURNING,NONE,0,0,,0,1,TURN_RIGHT,12,0.573576436351046,-0.8191520442889917,0.0,1.0,inf,3.6052339783836316,0.0,0,0,0,TURN_TO_TARGET,TURN_RIGHT,1,BYPASS_VISIBLE,1,18,0.0,16.0,2.0,0.0,16.0,2.0,1,
53,1.8,0.033333,0.056249406188726425,8.016373634338379,1.9960721731185913,0.7320314164403652,-0.9735385775566101,0.033981417280566466,-0.017553881073863187,-0.00046417273491874506,0.038250371468511984,0.3851645478786885,13.004321687180205,1.9960861206054688,0.6982844244221178,-0.7158204122609746,0.0,1.0,0.013816029764711857,-0.023191625252366066,-3.3830292522907257e-06,-1.4619317054748535,macro_turn_right,TURNING,NONE,0,0,,0,1,TURN_RIGHT,12,0.573576436351046,-0.8191520442889917,0.0,1.0,inf,3.6041580226678636,0.0,0,0,0,TURN_TO_TARGET,TURN_RIGHT,1,BYPASS_VISIBLE,1,18,0.0,16.0,2.0,0.0,16.0,2.0,1,
54,1.833333,0.033333,0.056002501398324966,8.017620086669922,1.9960598945617676,0.6995705909332066,-0.9738690257072449,0.03321786503574078,-0.018049467607527157,-0.00032948534724055225,0.03780632750006152,1.3433939887338036,12.847859826352682,1.9960721731185913,0.5735764363510462,-0.8191520442889916,0.0,1.0,0.014369776472449303,-0.02274443954229355,0.0004621152766048908,-1.4630298614501953,macro_turn_right,TURNING,NONE,0,0,,1,1,TURN_RIGHT,12,0.5735764363510463,-0.8191520442889918,0.0,1.0,inf,3.6030559180603867,0.0,0,0,0,TURN_TO_TARGET,TURN_RIGHT,1,BYPASS_VISIBLE,1,18,0.0,16.0,2.0,0.0,16.0,2.0,1,
55,1.866667,0.033333,0.055823907256126404,8.018858909606934,1.9960541725158691,0.6671009263100783,-0.9741706848144531,0.03244897185797599,-0.018487989628552654,-0.00012641744100693012,0.037346452529183796,1.343147083943402,12.849106278684225,1.9960598945617676,0.5998670269355721,-0.8000997125330551,0.0,1.0,0.015531242825090885,-0.021425530314445496,0.0005095009692013264,-1.4643783569335938,macro_turn_right,TURNING,NONE,0,0,,0,1,TURN_RIGHT,12,0.5735764363510462,-0.8191520442889916,0.0,1.0,inf,3.601939284416218,0.0,0,0,0,TURN_TO_TARGET,TURN_RIGHT,1,BYPASS_VISIBLE,1,18,0.0,16.0,2.0,0.0,16.0,2.0,1,
56,1.9,0.033333,0.05571168288588524,8.020092010498047,1.9960525035858154,0.6346217123472984,-0.974524974822998,0.031761427503570236,-0.01891408138402883,-7.907061310771549e-05,0.03696670128410257,1.3429684898012035,12.850345101621237,1.9960541725158691,0.6255326962031049,-0.7801979530740093,0.0,1.0,0.017185013741254807,-0.02020096220076084,0.00023650005459785461,-1.4650859832763672,macro_turn_right,TURNING,NONE,0,0,,0,1,TURN_RIGHT,12,0.5735764363510462,-0.8191520442889916,0.0,1.0,inf,3.6008069087296763,0.0,0,0,0,TURN_TO_TARGET,TURN_RIGHT,1,BYPASS_VISIBLE,1,18,0.0,16.0,2.0,0.0,16.0,2.0,1,
57,1.933333,0.033333,0.05566193535923958,8.021318435668945,1.9960484504699707,0.6021297476753148,-0.9749433398246765,0.03126099092196974,-0.019287640277123718,-0.0002508546216384101,0.03673316687850909,1.3428562654309624,12.85157820251235,1.9960525035858154,0.650548233218333,-0.7594649407685026,0.0,1.0,0.018091483041644096,-0.01952892355620861,-0.0002757785841822624,-1.46490478515625,macro_turn_right,TURNING,NONE,0,0,,0,1,TURN_RIGHT,12,0.5735764363510462,-0.8191520442889916,0.0,1.0,inf,3.5996609175491625,0.0,0,0,0,TURN_TO_TARGET,TURN_RIGHT,1,BYPASS_VISIBLE,1,18,0.0,16.0,2.0,0.0,16.0,2.0,1,
58,1.966667,0.033333,0.05566774681210518,8.022539138793945,1.9960349798202515,0.5696229851996167,-0.9753599762916565,0.031012149579304125,-0.019547022077526958,-0.0005846285696522476,0.036663077942160185,1.3428065179043167,12.852804627683248,1.9960484504699707,0.6748879484925465,-0.7379202239941128,0.0,1.0,0.01821325533092022,-0.019939083606004715,-0.0007913517765700817,-1.4639418125152588,macro_turn_right,TURNING,NONE,0,0,,0,1,TURN_RIGHT,12,0.5735764363510462,-0.8191520442889916,0.0,1.0,inf,3.5985026032369265,0.0,0,0,0,TURN_TO_TARGET,TURN_RIGHT,1,BYPASS_VISIBLE,1,18,0.0,16.0,2.0,0.0,16.0,2.0,1,
59,2.0,0.033333,0.05572110414505005,8.023759841918945,1.9960081577301025,0.5371038251176216,-0.9756729602813721,0.03098644163842384,-0.01968527453346359,-0.0010255103565801004,0.036724940712827975,1.3428123293571823,12.854025330808248,1.9960349798202515,0.6985234511032509,-0.7155871632853709,0.0,1.0,0.018056930974125862,-0.021793505176901817,-0.0013858008896932006,-1.4620482921600342,macro_turn_right,TURNING,NONE,0,0,,0,1,TURN_RIGHT,12,0.5735764363510462,-0.8191520442889916,0.0,1.0,inf,3.597329096530013,0.0,0,0,0,TURN_TO_TARGET,TURN_RIGHT,1,BYPASS_VISIBLE,1,18,0.0,16.0,2.0,0.0,16.0,2.0,1,
60,2.033333,0.033333,0.05581674724817276,8.024980545043945,1.9959676265716553,0.5045782373386658,-0.9757711887359619,0.031077979977579457,-0.01979531870381676,-0.0013369340293811383,0.036871165897913026,2.2546172990243765,12.514289379083268,1.9960081577301025,0.5735764363510462,-0.8191520442889917,0.0,1.0,0.017249757423996925,-0.02283528633415699,-0.001340939081273973,-1.4615259170532227,macro_turn_right,TURNING,NONE,0,0,,1,1,TURN_RIGHT,12,0.5735764363510462,-0.8191520442889918,0.0,1.0,inf,3.596142071505398,0.0,0,0,0,TURN_TO_TARGET,TURN_RIGHT,1,BYPASS_VISIBLE,1,18,0.0,16.0,2.0,0.0,16.0,2.0,1,
61,2.066667,0.033333,0.05595521628856659,8.026201248168945,1.9959194660186768,0.47205399663808884,-0.9756565093994141,0.031146196962970343,-0.020006224865906738,-0.0015038770268617325,0.03704856629821578,2.254712942127499,12.515510082208268,1.9959676265716553,0.5999106923460618,-0.8000669729521828,0.0,1.0,0.01552861649543047,-0.02245308645069599,-0.0014493543421849608,-1.4617218971252441,macro_turn_right,TURNING,NONE,0,0,,0,1,TURN_RIGHT,12,0.5735764363510462,-0.8191520442889917,0.0,1.0,inf,3.5949413465120057,0.0,0,0,0,TURN_TO_TARGET,TURN_RIGHT,1,BYPASS_VISIBLE,1,18,0.0,16.0,2.0,0.0,16.0,2.0,1,
62,2.1,0.033333,0.05614210292696953,8.027421951293945,1.9958664178848267,0.4395361373436695,-0.9754363298416138,0.031042173359984854,-0.020365783179174184,-0.0016524721556674222,0.03716331949164046,2.254851411167893,12.516730785333268,1.9959194660186768,0.6256054246375408,-0.7801396366446728,0.0,1.0,0.013562234118580818,-0.02155115082859993,-0.0015722470125183463,-1.4619309902191162,macro_turn_right,TURNING,NONE,0,0,,0,1,TURN_RIGHT,12,0.5735764363510462,-0.8191520442889917,0.0,1.0,inf,3.5937251222018296,0.0,0,0,0,TURN_TO_TARGET,TURN_RIGHT,1,BYPASS_VISIBLE,1,18,0.0,16.0,2.0,0.0,16.0,2.0,1,
63,2.133333,0.033333,0.05638430267572403,8.02863597869873,1.9958091974258423,0.40702601889665513,-0.9752047061920166,0.030638817345738215,-0.0208116943788918,-0.0018165293565421798,0.03708319741027039,2.255038297806296,12.517951488458268,1.9958664178848267,0.6506328147309272,-0.7593924811290345,0.0,1.0,0.011248177848756313,-0.02091858722269535,-0.0017314145807176828,-1.4618746042251587,macro_turn_right,TURNING,NONE,0,0,,0,1,TURN_RIGHT,12,0.5735764363510462,-0.8191520442889917,0.0,1.0,inf,3.592497505280402,0.0,0,0,0,TURN_TO_TARGET,TURN_RIGHT,1,BYPASS_VISIBLE,1,18,0.0,16.0,2.0,0.0,16.0,2.0,1,
64,2.166667,0.033333,0.05668647587299347,8.029828071594238,1.9957467317581177,0.3745223413906395,-0.9749969244003296,0.029855497264513052,-0.021240034426316366,-0.0020356502679235258,0.03669650734546474,2.2552804975550504,12.519165515863053,1.9958091974258423,0.6749678540745553,-0.7378471359068828,0.0,1.0,0.008712077513337135,-0.021015657112002373,-0.0020101661793887615,-1.4614137411117554,macro_turn_right,TURNING,NONE,0,0,,0,1,TURN_RIGHT,12,0.5735764363510462,-0.8191520442889917,0.0,1.0,inf,3.591271449715902,0.0,0,0,0,TURN_TO_TARGET,TURN_RIGHT,1,BYPASS_VISIBLE,1,18,0.0,16.0,2.0,0.0,16.0,2.0,1,
65,2.2,0.033333,0.05705004185438156,8.03098201751709,1.9956767559051514,0.3420238792433248,-0.9747969508171082,0.028662887559543878,-0.02159626997490215,-0.002342455076526944,0.03596452551981553,2.25558267075232,12.52035760875856,1.9957467317581177,0.6985861283344884,-0.7155259752787664,0.0,1.0,0.006549268960952759,-0.022226102650165558,-0.0024233099538832903,-1.460445761680603,macro_turn_right,TURNING,NONE,0,0,,0,1,TURN_RIGHT,12,0.5735764363510462,-0.8191520442889917,0.0,1.0,inf,3.5900618534045567,0.0,0,0,0,TURN_TO_TARGET,TURN_RIGHT,1,BYPASS_VISIBLE,1,18,0.0,16.0,2.0,0.0,16.0,2.0,1,
66,2.233333,0.033333,0.05747506394982338,8.032082557678223,1.9955823421478271,0.30953184329578093,-0.9745594263076782,0.027071619679029605,-0.021962817493572817,-0.003845225953998424,0.03507169381337768,0.0,16.0,2.0,0.9546323943958127,-0.29778632821534873,0.0005424925238189772,0.9,-0.001321472111158073,-0.033700134605169296,-0.006428062915802002,-1.440712809562683,local_avoidance,SAFE_PROGRESSING,NONE,1,0,"0.057,8.031;0.010,8.529;-0.037,9.027;-0.084,9.524;-0.132,10.022;-0.179,10.520;-0.226,11.018",1,1,PASS_THROUGH,-1,0.9546325348691119,-0.29778637203433944,0.0,0.9,3.2182359781679937,3.588883148644508,0.0,0,0,1,DIRECT_LOCAL,PASS_THROUGH,0,BYPASS_VISIBLE,1,18,0.0,16.0,2.0,0.0,16.0,2.0,1,
67,2.266667,0.033333,0.05796833708882332,8.03311538696289,1.9954150915145874,0.2770659930443858,-0.973201334476471,0.025025070060914797,-0.022859967014759754,-0.006445332151314518,0.03450180473555502,0.0,16.0,2.0,0.9638099986731493,-0.26658953295352333,0.0005544161671166656,0.9,0.005183696746826172,-0.06292684376239777,-0.009562352672219276,-1.367193579673767,local_avoidance,SAFE_PROGRESSING,NONE,1,0,"0.057,8.032;0.010,8.530;-0.037,9.028;-0.084,9.525;-0.131,10.023;-0.178,10.521;-0.226,11.019",0,1,PASS_THROUGH,-1,0.9546323943958127,-0.29778632821534873,0.0005424925238189772,0.9,3.2431481524293257,3.5877467112286907,0.0,0,0,1,DIRECT_LOCAL,PASS_THROUGH,0,BYPASS_VISIBLE,1,18,0.0,16.0,2.0,0.0,16.0,2.0,1,
68,2.3,0.033333,0.058564022183418274,8.034073829650879,1.995166540145874,0.24472715996491853,-0.9677419662475586,0.022773232035693453,-0.02560936284498666,-0.008082430193434574,0.03521058421141945,0.0,16.0,2.0,0.9719405317619485,-0.2352260009874536,0.0005754804525760035,0.9,0.009611220099031925,-0.08841831237077713,-0.008899619802832603,-1.1724061965942383,local_avoidance,SAFE_PROGRESSING,NONE,1,0,"0.058,8.033;0.011,8.531;-0.036,9.029;-0.084,9.526;-0.131,10.024;-0.178,10.522;-0.225,11.020",0,1,PASS_THROUGH,-1,0.9546323943958127,-0.29778632821534873,0.0005424925238189772,0.9,3.290479362656226,3.586647927786712,0.0,0,0,1,DIRECT_LOCAL,PASS_THROUGH,0,BYPASS_VISIBLE,1,18,0.0,16.0,2.0,0.0,16.0,2.0,1,
69,2.333333,0.033333,0.05934206768870354,8.034972190856934,1.9948909282684326,0.21273357046965358,-0.9544171690940857,0.021046111237871704,-0.03170433985333794,-0.00710488222735015,0.03871153982002445,0.0,16.0,2.0,0.9789829932565993,-0.20394099825288708,0.0006067503318592437,0.9,0.02285606786608696,-0.09707429260015488,-0.003715196857228875,-0.9626359939575195,local_avoidance,SAFE_PROGRESSING,NONE,1,0,"0.059,8.034;-0.231,8.442;-0.521,8.849;-0.811,9.256;-1.101,9.664;-1.390,10.071;-1.680,10.479",0,1,PASS_THROUGH,-1,0.9546323943958127,-0.29778632821534873,0.0005424925238189772,0.9,3.2894170979910005,3.5855476605513723,0.0,0,0,1,DIRECT_LOCAL,PASS_THROUGH,0,BYPASS_VISIBLE,1,18,0.0,16.0,2.0,0.0,16.0,2.0,1,
70,2.366667,0.033333,0.06041532754898071,8.035853385925293,1.9946762323379517,0.18139694227679562,-0.928588330745697,0.020895461697032124,-0.04148337322769226,-0.0031384699492792148,0.04655470510595766,0.0,16.0,2.0,0.9849091690542681,-0.17307084472288595,0.0006414200946098553,0.9,0.04831654950976372,-0.09349532425403595,0.0041075595654547215,-0.8046025037765503,local_avoidance,SAFE_PROGRESSING,NONE,1,0,"0.059,8.035;-0.230,8.442;-0.520,8.850;-0.810,9.257;-1.100,9.665;-1.390,10.072;-1.680,10.480",0,1,PASS_THROUGH,-1,0.9546323943958127,-0.29778632821534873,0.0005424925238189772,0.9,3.310822221063831,3.5843691845421177,0.0,0,0,1,DIRECT_LOCAL,PASS_THROUGH,0,BYPASS_VISIBLE,1,18,0.0,16.0,2.0,0.0,16.0,2.0,1,
71,2.4,0.033333,0.061881452798843384,8.036792755126953,1.9946067333221436,0.15109353720876706,-0.8888235092163086,0.023660691343163506,-0.05363684904867184,0.0032355765914864006,0.05871293593907424,0.0,16.0,2.0,0.9897201990413873,-0.14301566623106854,0.0006684474252277385,0.9,0.07504817098379135,-0.08635582029819489,0.013184660114347935,-0.6901683807373047,local_avoidance,SAFE_PROGRESSING,NONE,1,0,"0.060,8.036;-0.229,8.443;-0.519,8.851;-0.809,9.258;-1.099,9.665;-1.389,10.073;-1.679,10.480",0,1,PASS_THROUGH,-1,0.9546323943958127,-0.29778632821534873,0.0005424925238189772,0.9,3.334981161300269,3.5830100301311663,0.0,0,0,1,DIRECT_LOCAL,PASS_THROUGH,0,BYPASS_VISIBLE,1,18,0.0,16.0,2.0,0.0,16.0,2.0,1,
72,2.433333,0.033333,0.06377490609884262,8.037898063659668,1.9947422742843628,0.12228035208322405,-0.835981011390686,0.030531703488172923,-0.06587008505422624,0.010565831748356309,0.07336681690979434,0.0,16.0,2.0,0.9934507102077983,-0.11425947539076112,0.0006772525742952622,0.9,0.09415154159069061,-0.0789732113480568,0.02133556455373764,-0.6057947874069214,direct,SAFE_PROGRESSING,NONE,1,0,"0.062,8.037;0.058,8.537;0.054,9.037;0.050,9.537;0.046,10.037;0.042,10.537;0.039,11.037",1,1,PASS_THROUGH,-1,0.9934509380414165,-0.11425950159452689,0.0,0.9,3.3839103685649663,3.581357346068734,0.0,0,0,0,DIRECT_LOCAL,PASS_THROUGH,0,BYPASS_VISIBLE,1,18,0.0,16.0,2.0,0.0,16.0,2.0,1,
73,2.466667,0.033333,0.06605172902345657,8.039299011230469,1.9950933456420898,0.0954970819577502,-0.7720048427581787,0.0418695904915428,-0.0759381242637535,0.017145773160611808,0.08839478978934175,0.0,16.0,2.0,0.9961751966637452,-0.08737586352077671,0.000660322608221222,0.9,0.10618813335895538,-0.07308466732501984,0.026973288506269455,-0.5414034724235535,local_avoidance,SAFE_PROGRESSING,NONE,1,0,"0.064,8.038;0.060,8.538;0.056,9.038;0.052,9.538;0.048,10.038;0.044,10.538;0.040,11.038",0,1,PASS_THROUGH,-1,0.9934507102077983,-0.11425947539076112,0.0006772525742952622,0.9,3.4041399993227763,3.579302610733189,0.0,0,0,0,DIRECT_LOCAL,PASS_THROUGH,0,BYPASS_VISIBLE,1,18,0.0,16.0,2.0,0.0,16.0,2.0,1,
74,2.5,0.033333,0.06861001253128052,8.041120529174805,1.9956223964691162,0.07121787724943146,-0.6992185711860657,0.05689522521773829,-0.0824140906478795,0.021920374057844156,0.10251659274834427,0.0,16.0,2.0,0.9980209472282502,-0.06287932109035729,0.0006163382527376595,0.9,0.11510930955410004,-0.06919302046298981,0.02977672964334488,-0.4895758330821991,local_avoidance,SAFE_PROGRESSING,NONE,1,0,"0.066,8.039;0.062,8.539;0.058,9.039;0.054,9.539;0.049,10.039;0.045,10.539;0.041,11.039",0,1,PASS_THROUGH,-1,0.9934507102077983,-0.11425947539076112,0.0006772525742952622,0.9,3.402251596899717,3.576760223337358,0.0,0,0,0,DIRECT_LOCAL,PASS_THROUGH,0,BYPASS_VISIBLE,1,18,0.0,16.0,2.0,0.0,16.0,2.0,1,
75,2.533333,0.033333,0.07132759690284729,8.043445587158203,1.9962691068649292,0.049672333389068166,-0.6205254197120667,0.07399712687894355,-0.08499858445736695,0.02463599099898625,0.11535712461134227,0.0,16.0,2.0,0.9991573344649408,-0.04104044927999847,0.0005500071002566853,0.9,0.12310156226158142,-0.06589218974113464,0.030386563390493393,-0.4358835816383362,local_avoidance,SAFE_PROGRESSING,NONE,1,0,"0.069,8.041;0.064,8.541;0.060,9.041;0.056,9.541;0.051,10.041;0.047,10.541;0.043,11.041",0,1,PASS_THROUGH,-1,0.9934507102077983,-0.11425947539076112,0.0006772525742952622,0.9,3.3998902430762086,3.573690594249873,0.0,0,0,0,DIRECT_LOCAL,PASS_THROUGH,0,BYPASS_VISIBLE,1,18,0.0,16.0,2.0,0.0,16.0,2.0,1,
76,2.566667,0.033333,0.07409617304801941,8.046303749084473,1.9969698190689087,0.030782620453499176,-0.5425156950950623,0.0914031784429176,-0.08435053314450888,0.025523569146435592,0.12696852386793983,0.0,16.0,2.0,0.9997618820301759,-0.021816493356015786,0.0004688892483397998,0.9,0.13546331226825714,-0.06497623026371002,0.029826339334249496,-0.3867737054824829,local_avoidance,SAFE_PROGRESSING,NONE,1,0,"0.071,8.043;0.067,8.543;0.062,9.043;0.058,9.543;0.053,10.043;0.049,10.543;0.044,11.043",0,1,PASS_THROUGH,-1,0.9934507102077983,-0.11425947539076112,0.0006772525742952622,0.9,3.421310754235589,3.5701001190414368,0.0,0,0,0,DIRECT_LOCAL,PASS_THROUGH,0,BYPASS_VISIBLE,1,18,0.0,16.0,2.0,0.0,16.0,2.0,1,
77,2.6,0.033333,0.07684151828289032,8.04967975616455,1.9976730346679688,0.014275049119298812,-0.4699563980102539,0.10787033239028206,-0.0816739356482909,0.0250901920740721,0.1376087137959836,0.0,16.0,2.0,0.9999876297522964,-0.004959355904772551,0.0003809611449025042,0.9,0.14705586433410645,-0.062257975339889526,0.02831876464188099,-0.3233858644962311,local_avoidance,SAFE_PROGRESSING,NONE,1,0,"0.074,8.046;0.069,8.546;0.065,9.046;0.060,9.546;0.055,10.046;0.051,10.546;0.046,11.046",0,1,PASS_THROUGH,-1,0.9934507102077983,-0.11425947539076112,0.0006772525742952622,0.9,3.417837976321061,3.5660266917767207,0.0,0,0,0,DIRECT_LOCAL,PASS_THROUGH,0,BYPASS_VISIBLE,1,18,0.0,16.0,2.0,0.0,16.0,2.0,1,
78,2.633333,0.033333,0.07952840626239777,8.053545951843262,1.9983441829681396,-0.00011559885680443643,-0.4041200876235962,0.12296848048666144,-0.07820385920912314,0.024058779910217036,0.14770211805917696,0.0,16.0,2.0,0.9999521283822397,0.009780352009269017,0.00029267456912251586,0.9,0.16018950939178467,-0.0630122572183609,0.026992810890078545,-0.2782320976257324,local_avoidance,SAFE_PROGRESSING,NONE,1,0,"0.077,8.050;0.072,8.550;0.067,9.050;0.062,9.550;0.058,10.050;0.053,10.550;0.048,11.050",1,1,PASS_THROUGH,-1,0.9999521712093938,0.009780352428153713,0.0,0.9,3.4138716212043794,3.561507513399517,0.0,0,0,0,DIRECT_LOCAL,PASS_THROUGH,0,BYPASS_VISIBLE,1,18,0.0,16.0,2.0,0.0,16.0,2.0,1,
79,2.666667,0.033333,0.08215365558862686,8.057861328125,1.998970627784729,-0.012568807580820615,-0.3453519642353058,0.13693651599326806,-0.07488624727187644,0.023180732209213142,0.15778753369196957,0.0,16.0,2.0,0.9997451397101045,0.022574592168232176,0.00020836137327798896,0.9,0.1782122254371643,-0.07138045877218246,0.026213517412543297,-0.27361631393432617,local_avoidance,SAFE_PROGRESSING,NONE,1,0,"0.080,8.054;0.075,8.554;0.070,9.053;0.065,9.553;0.060,10.053;0.055,10.553;0.050,11.053",0,1,PASS_THROUGH,-1,0.9999521283822397,0.009780352009269017,0.00029267456912251586,0.9,3.409447182038906,3.556582285456503,0.0,0,0,0,DIRECT_LOCAL,PASS_THROUGH,0,BYPASS_VISIBLE,1,18,0.0,16.0,2.0,0.0,16.0,2.0,1,
80,2.7,0.033333,0.08473921567201614,8.062606811523438,1.999550700187683,-0.023300392492453404,-0.29565057158470154,0.15050337414597062,-0.07248746282578909,0.022659356258982414,0.16857978622098693,0.0,16.0,2.0,0.9994340840946829,0.03363769839244561,0.00012960201058957122,0.9,0.19774363934993744,-0.08688374608755112,0.024943694472312927,-0.2895769476890564,local_avoidance,SAFE_PROGRESSING,NONE,1,0,"0.082,8.058;0.077,8.558;0.072,9.058;0.067,9.558;0.061,10.058;0.056,10.558;0.051,11.058",0,1,PASS_THROUGH,-1,0.9999521283822397,0.009780352009269017,0.00029267456912251586,0.9,3.421562139210997,3.5512619829941703,0.0,0,0,0,DIRECT_LOCAL,PASS_THROUGH,0,BYPASS_VISIBLE,1,18,0.0,16.0,2.0,0.0,16.0,2.0,1,
81,2.733333,0.033333,0.08733256161212921,8.067789077758789,2.000072956085205,-0.032652757424081316,-0.2574341297149658,0.16458825600236074,-0.0717813075518315,0.022149176182388177,0.1809210770842019,0.0,16.0,2.0,0.9990614743546294,0.043314746409751685,5.6602236835026015e-05,0.9,0.20884817838668823,-0.10173022747039795,0.02256179228425026,-0.2931656837463379,local_avoidance,SAFE_PROGRESSING,NONE,1,0,"0.085,8.063;0.079,8.563;0.074,9.063;0.069,9.563;0.063,10.062;0.058,10.562;0.053,11.062",0,1,PASS_THROUGH,-1,0.9999521283822397,0.009780352009269017,0.00029267456912251586,0.9,3.4177026460704925,3.5455251224418896,0.0,0,0,0,DIRECT_LOCAL,PASS_THROUGH,0,BYPASS_VISIBLE,1,18,0.0,16.0,2.0,0.0,16.0,2.0,1,
82,2.766667,0.033333,0.09000654518604279,8.073436737060547,2.000516653060913,-0.04103124852760654,-0.23038338124752045,0.17970811891912336,-0.07341659257253615,0.02134964972018622,0.1952967270938922,0.0,16.0,2.0,0.9986461899999389,0.0520171809503666,-9.19688905861725e-06,0.9,0.21599791944026947,-0.11264693737030029,0.02024463191628456,-0.28926384449005127,local_avoidance,SAFE_PROGRESSING,NONE,1,0,"0.087,8.068;0.082,8.568;0.076,9.068;0.071,9.568;0.065,10.068;0.060,10.568;0.054,11.068",0,1,PASS_THROUGH,-1,0.9999521283822397,0.009780352009269017,0.00029267456912251586,0.9,3.413429487939932,3.539321431046535,0.0,0,0,0,DIRECT_LOCAL,PASS_THROUGH,0,BYPASS_VISIBLE,1,18,0.0,16.0,2.0,0.0,16.0,2.0,1,
83,2.8,0.033333,0.09284844994544983,8.079574584960938,2.0008721351623535,-0.048743746799632386,-0.21209868788719177,0.1956026645002502,-0.07756229909171031,0.020335584285913137,0.21139973649046692,0.0,16.0,2.0,0.9981946378271778,0.060062140864192606,-6.517575625057383e-05,0.9,0.21624697744846344,-0.11589943617582321,0.01917959935963154,-0.28146621584892273,local_avoidance,SAFE_PROGRESSING,NONE,1,0,"0.090,8.073;0.084,8.573;0.079,9.073;0.073,9.573;0.067,10.073;0.062,10.573;0.056,11.073",0,1,PASS_THROUGH,-1,0.9999521283822397,0.009780352009269017,0.00029267456912251586,0.9,3.408735707126184,3.5325997398361983,0.0,0,0,0,DIRECT_LOCAL,PASS_THROUGH,0,BYPASS_VISIBLE,1,18,0.0,16.0,2.0,0.0,16.0,2.0,1,
84,2.833333,0.033333,0.09593803435564041,8.086210250854492,2.001155376434326,-0.055942026132318086,-0.19996683299541473,0.21131030160146155,-0.08365784635334869,0.019172574746675868,0.22807513332627477,0.0,16.0,2.0,0.9977116487322882,0.06761252739601704,-0.00011010459575254524,0.9,0.2084064483642578,-0.10984347760677338,0.019829362630844116,-0.2686813771724701,local_avoidance,SAFE_PROGRESSING,NONE,1,0,"0.093,8.080;0.087,8.580;0.081,9.080;0.075,9.579;0.069,10.079;0.064,10.579;0.058,11.079",1,1,PASS_THROUGH,-1,0.9977116547799283,0.06761252780585113,0.0,0.9,3.4076122850326245,3.5253276004163214,0.0,0,0,0,DIRECT_LOCAL,PASS_THROUGH,0,BYPASS_VISIBLE,1,18,0.0,16.0,2.0,0.0,16.0,2.0,1,
85,2.866667,0.033333,0.0993208959698677,8.093306541442871,2.0014021396636963,-0.06265808657606713,-0.19176919758319855,0.22540028676605314,-0.0904023896345603,0.017686606989471557,0.2434968118737037,0.0,16.0,2.0,0.9972052389946162,0.07471070880525048,-0.00014598461272022134,0.9,0.19984468817710876,-0.09838319569826126,0.021664565429091454,-0.25172486901283264,local_avoidance,SAFE_PROGRESSING,NONE,1,0,"0.096,8.086;-0.159,8.516;-0.415,8.946;-0.670,9.376;-0.925,9.806;-1.180,10.236;-1.435,10.666",0,1,PASS_THROUGH,-1,0.9977116487322882,0.06761252739601704,-0.00011010459575254524,0.9,3.400376120507331,3.5175259453698273,0.0,0,0,1,DIRECT_LOCAL,PASS_THROUGH,0,BYPASS_VISIBLE,1,18,0.0,16.0,2.0,0.0,16.0,2.0,1,
86,2.9,0.033333,0.10298743098974228,8.100784301757812,2.0016555786132812,-0.06891903623375426,-0.1856989562511444,0.23646109562776352,-0.09610235188575501,0.015818410644498966,0.2557337167812915,0.0,16.0,2.0,0.99668232541425,0.0813898689262146,-0.00017732178909344004,0.9,0.19114571809768677,-0.08255518972873688,0.024077316746115685,-0.22610005736351013,direct,SAFE_PROGRESSING,NONE,1,0,"0.099,8.093;0.093,8.593;0.087,9.093;0.080,9.593;0.074,10.093;0.068,10.593;0.062,11.093",0,1,PASS_THROUGH,-1,0.9977116487322882,0.06761252739601704,-0.00011010459575254524,0.9,3.392615958496974,3.5092730093763422,0.0,0,0,0,DIRECT_LOCAL,PASS_THROUGH,0,BYPASS_VISIBLE,1,18,0.0,16.0,2.0,0.0,16.0,2.0,1,
87,2.933333,0.033333,0.10686833411455154,8.108526229858398,2.001953125,-0.07483368657354406,-0.17998738586902618,0.2436348242235872,-0.09920161266717988,0.013824372755914496,0.2634198185640592,0.0,16.0,2.0,0.9961418381010597,0.0877575892165281,-0.0002095699053689729,0.9,0.19092214107513428,-0.0691872164607048,0.026272889226675034,-0.19946405291557312,local_avoidance,SAFE_PROGRESSING,NONE,1,0,"0.103,8.101;0.096,8.601;0.090,9.101;0.083,9.601;0.077,10.101;0.070,10.601;0.064,11.101",0,1,PASS_THROUGH,-1,0.9977116487322882,0.06761252739601704,-0.00011010459575254524,0.9,3.3844106517334573,3.500702087327945,0.0,0,0,0,DIRECT_LOCAL,PASS_THROUGH,0,BYPASS_VISIBLE,1,18,0.0,16.0,2.0,0.0,16.0,2.0,1,
88,2.966667,0.033333,0.11084941029548645,8.116411209106445,2.002316474914551,-0.08053374789008319,-0.17293912172317505,0.24701867913915376,-0.09880560727129199,0.012441092471359168,0.2663372986530086,0.0,16.0,2.0,0.9955781629929826,0.09393646857014201,-0.0002474754307445806,0.9,0.19858500361442566,-0.05980785936117172,0.027784720063209534,-0.1742381900548935,local_avoidance,SAFE_PROGRESSING,NONE,1,0,"0.107,8.109;0.100,8.608;0.093,9.108;0.087,9.608;0.080,10.108;0.073,10.608;0.066,11.108",0,1,PASS_THROUGH,-1,0.9977116487322882,0.06761252739601704,-0.00011010459575254524,0.9,3.405183677114785,3.4919642153481196,0.0,0,0,0,DIRECT_LOCAL,PASS_THROUGH,0,BYPASS_VISIBLE,1,18,0.0,16.0,2.0,0.0,16.0,2.0,1,
89,3.0,0.033333,0.11480265855789185,8.124343872070312,2.0027506351470947,-0.08606055148277272,-0.16356679797172546,0.24775923971958555,-0.09498806457927764,0.01243739955780286,0.26563520509658445,0.0,16.0,2.0,0.9949920946478952,0.09995321538707899,-0.00029380602159733603,0.9,0.20964102447032928,-0.05400890111923218,0.028595339506864548,-0.15205883979797363,local_avoidance,SAFE_PROGRESSING,NONE,1,0,"0.111,8.116;0.104,8.616;0.097,9.116;0.090,9.616;0.083,10.116;0.076,10.616;0.069,11.116",0,1,PASS_THROUGH,-1,0.9977116487322882,0.06761252739601704,-0.00011010459575254524,0.9,3.3733259637719026,3.483190251311932,0.0,0,0,0,DIRECT_LOCAL,PASS_THROUGH,0,BYPASS_VISIBLE,1,18,0.0,16.0,2.0,0.0,16.0,2.0,1,
90,3.033333,0.033333,0.11862055957317352,8.132278442382812,2.003251314163208,-0.0913198458947894,-0.15192435681819916,0.24758730950220925,-0.08865640789496038,0.013972409463903015,0.263352734395539,0.0,16.0,2.0,0.9943982258897536,0.10569790155039153,-0.0003492207817978007,0.9,0.2222084105014801,-0.05232619121670723,0.028831763193011284,-0.13727961480617523,local_avoidance,SAFE_PROGRESSING,NONE,1,0,"0.115,8.124;0.108,8.624;0.100,9.124;0.093,9.624;0.086,10.124;0.078,10.624;0.071,11.124",1,1,PASS_THROUGH,-1,0.9943982865257538,0.10569790799559407,0.0,0.9,3.36685337156383,3.474457426161831,0.0,0,0,0,DIRECT_LOCAL,PASS_THROUGH,0,BYPASS_VISIBLE,1,18,0.0,16.0,2.0,0.0,16.0,2.0,1,
91,3.066667,0.033333,0.12223958969116211,8.140220642089844,2.0038063526153564,-0.09618135526523951,-0.1389707326889038,0.24814595808609538,-0.08115871189177533,0.016562369271302113,0.26160555251423345,0.0,16.0,2.0,0.993817228144241,0.11102768262582652,-0.0004132002376841277,0.9,0.23371073603630066,-0.05394897982478142,0.02863057143986225,-0.12995019555091858,local_avoidance,SAFE_PROGRESSING,NONE,1,0,"0.119,8.132;0.111,8.632;0.104,9.132;0.096,9.632;0.088,10.132;0.081,10.632;0.073,11.132",0,1,PASS_THROUGH,-1,0.9943982258897536,0.10569790155039153,-0.0003492207817978007,0.9,3.3603508463822993,3.465780165958552,0.0,0,0,0,DIRECT_LOCAL,PASS_THROUGH,0,BYPASS_VISIBLE,1,18,0.0,16.0,2.0,0.0,16.0,2.0,1,
92,3.1,0.033333,0.1256481260061264,8.148221969604492,2.004399061203003,-0.10059845217455282,-0.12609964609146118,0.2504854543486792,-0.07386891746748553,0.01943279165627672,0.26187251325719296,0.0,16.0,2.0,0.9932620818018025,0.11588875002389303,-0.0004842237594447216,0.9,0.24216780066490173,-0.056981634348630905,0.028235169127583504,-0.12667368352413177,local_avoidance,SAFE_PROGRESSING,NONE,1,0,"0.122,8.140;0.114,8.640;0.107,9.140;0.099,9.640;0.091,10.140;0.083,10.640;0.076,11.140",0,1,PASS_THROUGH,-1,0.9943982258897536,0.10569790155039153,-0.0003492207817978007,0.9,3.326181809265806,3.4571130985208183,0.0,0,0,0,DIRECT_LOCAL,PASS_THROUGH,0,BYPASS_VISIBLE,1,18,0.0,16.0,2.0,0.0,16.0,2.0,1,
93,3.133333,0.033333,0.1288788616657257,8.156351089477539,2.0050148963928223,-0.10462351372537293,-0.11448317021131516,0.25483983433276824,-0.06784757896462851,0.02190724418602886,0.26462532471768563,0.0,16.0,2.0,0.9927335076793239,0.12033232698018874,-0.0005601912519348762,0.9,0.2505284249782562,-0.06145969405770302,0.02784585952758789,-0.1275237500667572,local_avoidance,SAFE_PROGRESSING,NONE,1,0,"0.126,8.148;0.118,8.648;0.110,9.148;0.102,9.648;0.094,10.148;0.086,10.648;0.078,11.148",0,1,PASS_THROUGH,-1,0.9943982258897536,0.10569790155039153,-0.0003492207817978007,0.9,3.3193587025962388,3.4483806510357593,0.0,0,0,0,DIRECT_LOCAL,PASS_THROUGH,0,BYPASS_VISIBLE,1,18,0.0,16.0,2.0,0.0,16.0,2.0,1,
94,3.166667,0.033333,0.13199158012866974,8.164661407470703,2.005643129348755,-0.1083406411116159,-0.1048576831817627,0.2607783953126934,-0.0636734968365353,0.02364145981066233,0.2694783929802812,0.0,16.0,2.0,0.9922260953022385,0.1244466437219385,-0.00063927116175675,0.9,0.258783221244812,-0.06613793969154358,0.027545519173145294,-0.12957416474819183,local_avoidance,SAFE_PROGRESSING,NONE,1,0,"0.129,8.156;0.121,8.656;0.112,9.156;0.104,9.656;0.096,10.156;0.088,10.656;0.080,11.156",0,1,PASS_THROUGH,-1,0.9943982258897536,0.10569790155039153,-0.0003492207817978007,0.9,3.3123739850995317,3.4395132716961325,0.0,0,0,0,DIRECT_LOCAL,PASS_THROUGH,0,BYPASS_VISIBLE,1,18,0.0,16.0,2.0,0.0,16.0,2.0,1,
95,3.2,0.033333,0.13505473732948303,8.173187255859375,2.006277561187744,-0.1118148403356896,-0.09754227101802826,0.26758486701065914,-0.06144853219703844,0.02463316074911569,0.27565263606716045,0.0,16.0,2.0,0.9917345941389538,0.12830423307765865,-0.0007201127679288145,0.9,0.26408880949020386,-0.06865324079990387,0.027552787214517593,-0.12804634869098663,local_avoidance,SAFE_PROGRESSING,NONE,1,0,"0.132,8.165;0.124,8.665;0.115,9.165;0.107,9.664;0.098,10.164;0.090,10.664;0.081,11.164",0,1,PASS_THROUGH,-1,0.9943982258897536,0.10569790155039153,-0.0003492207817978007,0.9,3.3051915370329747,3.430456834686322,0.0,0,0,0,DIRECT_LOCAL,PASS_THROUGH,0,BYPASS_VISIBLE,1,18,0.0,16.0,2.0,0.0,16.0,2.0,1,
96,3.233333,0.033333,0.13812971115112305,8.181940078735352,2.0069191455841064,-0.11508642551772923,-0.09230279922485352,0.2745090017110675,-0.06085760868374627,0.025002928036392175,0.2822835223060387,0.0,16.0,2.0,0.9912555025154423,0.1319541042447001,-0.000801938798808064,0.9,0.25933682918548584,-0.06584825366735458,0.02811727672815323,-0.11935247480869293,local_avoidance,SAFE_PROGRESSING,NONE,1,0,"0.135,8.173;0.126,8.673;0.118,9.173;0.109,9.673;0.101,10.173;0.092,10.673;0.083,11.173",1,1,PASS_THROUGH,-1,0.9912558212566958,0.1319541466749479,0.0,0.9,3.297796400538344,3.421181193162895,0.0,0,0,0,DIRECT_LOCAL,PASS_THROUGH,0,BYPASS_VISIBLE,1,18,0.0,16.0,2.0,0.0,16.0,2.0,1,
97,3.266667,0.033333,0.14125722646713257,8.190901756286621,2.007575273513794,-0.11817442895037612,-0.08836968243122101,0.2807037362116757,-0.061216441391309995,0.02469244074289728,0.2883604633954718,0.0,16.0,2.0,0.9907874538885035,0.1354231819164411,-0.0008848823442637147,0.9,0.25405409932136536,-0.061656758189201355,0.028983086347579956,-0.10803765058517456,local_avoidance,SAFE_PROGRESSING,NONE,1,0,"0.138,8.182;0.129,8.682;0.120,9.182;0.112,9.682;0.103,10.182;0.094,10.682;0.085,11.181",0,1,PASS_THROUGH,-1,0.9912555025154423,0.1319541042447001,-0.000801938798808064,0.9,3.290194226569726,3.411690765772153,0.0,0,0,0,DIRECT_LOCAL,PASS_THROUGH,0,BYPASS_VISIBLE,1,18,0.0,16.0,2.0,0.0,16.0,2.0,1,
98,3.3,0.033333,0.14444749057292938,8.200027465820312,2.0082554817199707,-0.12108445987120377,-0.08483577519655228,0.28530150786534514,-0.06165949182230714,0.023786549845738542,0.2928560111651946,0.0,16.0,2.0,0.9903308313376423,0.1387223983336097,-0.0009698982758752193,0.9,0.2519664168357849,-0.057556796818971634,0.02974681928753853,-0.09424911439418793,local_avoidance,SAFE_PROGRESSING,NONE,1,0,"0.141,8.191;0.132,8.691;0.123,9.191;0.114,9.691;0.105,10.191;0.096,10.690;0.087,11.190",0,1,PASS_THROUGH,-1,0.9912555025154423,0.1319541042447001,-0.000801938798808064,0.9,3.2824139222777573,3.402024908024513,0.0,0,0,0,DIRECT_LOCAL,PASS_THROUGH,0,BYPASS_VISIBLE,1,18,0.0,16.0,2.0,0.0,16.0,2.0,1,
99,3.333333,0.033333,0.14768069982528687,8.209259986877441,2.0089645385742188,-0.12383343505083194,-0.08092699199914932,0.28782337895850796,-0.06147115648201978,0.02267552216178459,0.2951866864539108,0.0,16.0,2.0,0.9898847401885967,0.14186994508701978,-0.001058216783149139,0.9,0.25368010997772217,-0.054157234728336334,0.0301193930208683,-0.07831015437841415,local_avoidance,SAFE_PROGRESSING,NONE,1,0,"0.144,8.200;0.135,8.700;0.126,9.200;0.117,9.700;0.107,10.200;0.098,10.700;0.089,11.200",0,1,PASS_THROUGH,-1,0.9912555025154423,0.1319541042447001,-0.000801938798808064,0.9,3.274501989536519,3.392244165463643,0.0,0,0,0,DIRECT_LOCAL,PASS_THROUGH,0,BYPASS_VISIBLE,1,18,0.0,16.0,2.0,0.0,16.0,2.0,1,
100,3.366667,0.033333,0.1509188413619995,8.21853256225586,2.009700298309326,-0.12643446685155474,-0.07605607062578201,0.2884300558803028,-0.06030971485174149,0.021857525984285284,0.2954774277043285,0.0,16.0,2.0,0.9894490955699506,0.1448763739235013,-0.0011504584237732396,0.9,0.25698596239089966,-0.05134694650769234,0.030004912987351418,-0.06109398603439331,local_avoidance,SAFE_PROGRESSING,NONE,1,0,"0.148,8.209;0.138,8.709;0.129,9.209;0.119,9.709;0.110,10.209;0.100,10.709;0.091,11.209",0,1,PASS_THROUGH,-1,0.9912555025154423,0.1319541042447001,-0.000801938798808064,0.9,3.266508605356477,3.3824238503182564,0.0,0,0,0,DIRECT_LOCAL,PASS_THROUGH,0,BYPASS_VISIBLE,1,18,0.0,16.0,2.0,0.0,16.0,2.0,1,
101,3.4,0.033333,0.1541215181350708,8.227798461914062,2.0104565620422363,-0.12886742906647913,-0.06989385932683945,0.28780421431622516,-0.05823094981607026,0.021603972655750085,0.29442968758121485,0.0,16.0,2.0,0.9890288871213473,0.14771698290985202,-0.0012463544920112756,0.9,0.26081347465515137,-0.04943243786692619,0.029483627527952194,-0.04507048428058624,local_avoidance,SAFE_PROGRESSING,NONE,1,0,"0.151,8.219;0.141,8.718;0.132,9.218;0.122,9.718;0.112,10.218;0.102,10.718;0.093,11.218",0,1,PASS_THROUGH,-1,0.9912555025154423,0.1319541042447001,-0.000801938798808064,0.9,3.2584878505793005,3.372621003256159,0.0,0,0,0,DIRECT_LOCAL,PASS_THROUGH,0,BYPASS_VISIBLE,1,18,0.0,16.0,2.0,0.0,16.0,2.0,1,
102,3.433333,0.033333,0.15725857019424438,8.237039566040039,2.0112247467041016,-0.13108250746650435,-0.062458161264657974,0.2868005083881339,-0.055566934664718085,0.02187942851279582,0.292952086921687,0.0,16.0,2.0,0.9886338231187205,0.15033746856294966,-0.0013451140273607852,0.9,0.26525577902793884,-0.04906724393367767,0.028702180832624435,-0.03360769525170326,local_avoidance,SAFE_PROGRESSING,NONE,1,0,"0.154,8.228;0.144,8.728;0.134,9.228;0.124,9.728;0.114,10.227;0.105,10.727;0.095,11.227",1,1,PASS_THROUGH,-1,0.9886347175032151,0.15033760456831152,0.0,0.9,3.250473529192488,3.362862284877408,0.0,0,0,0,DIRECT_LOCAL,PASS_THROUGH,0,BYPASS_VISIBLE,1,18,0.0,16.0,2.0,0.0,16.0,2.0,1,
103,3.466667,0.033333,0.16031667590141296,8.246260643005371,2.0119969844818115,-0.13303217699634667,-0.054187607020139694,0.28613232514037257,-0.05277392303459318,0.02245439549720016,0.2918235671083501,0.0,16.0,2.0,0.9882735078771738,0.15268720888860465,-0.0014456382511331572,0.9,0.2682002782821655,-0.04923515394330025,0.02782519720494747,-0.024754313752055168,local_avoidance,SAFE_PROGRESSING,NONE,1,0,"0.157,8.237;0.147,8.737;0.137,9.237;0.127,9.737;0.117,10.237;0.107,10.737;0.096,11.236",0,1,PASS_THROUGH,-1,0.9886338231187205,0.15033746856294966,-0.0013451140273607852,0.9,3.242474483568236,3.3531473415872792,0.0,0,0,0,DIRECT_LOCAL,PASS_THROUGH,0,BYPASS_VISIBLE,1,18,0.0,16.0,2.0,0.0,16.0,2.0,1,
104,3.5,0.033333,0.16329991817474365,8.25547981262207,2.0127646923065186,-0.13469649008439405,-0.045694153755903244,0.28617087079749176,-0.050283530588813304,0.023029357511626415,0.2914662108184569,0.0,16.0,2.0,0.9879532237229256,0.1547450638215573,-0.0015469189834149528,0.9,0.27015072107315063,-0.04991431161761284,0.027042878791689873,-0.018450545147061348,local_avoidance,SAFE_PROGRESSING,NONE,1,0,"0.160,8.246;0.150,8.746;0.140,9.246;0.129,9.746;0.119,10.246;0.109,10.746;0.098,11.246",0,1,PASS_THROUGH,-1,0.9886338231187205,0.15033746856294966,-0.0013451140273607852,0.9,3.234482098664582,3.3434576866079646,0.0,0,0,0,DIRECT_LOCAL,PASS_THROUGH,0,BYPASS_VISIBLE,1,18,0.0,16.0,2.0,0.0,16.0,2.0,1,
105,3.533333,0.033333,0.16622504591941833,8.264719009399414,2.0135250091552734,-0.13608228213668644,-0.037522461265325546,0.2868965086308502,-0.048387268086780184,0.0233808113075508,0.29188627359790786,0.0,16.0,2.0,0.9876736378123077,0.15651859233948628,-0.0016478539583839572,0.9,0.2718990445137024,-0.050129301846027374,0.026415249332785606,-0.011670838110148907,local_avoidance,SAFE_PROGRESSING,NONE,1,0,"0.163,8.255;0.153,8.755;0.142,9.255;0.132,9.755;0.121,10.255;0.111,10.755;0.100,11.255",0,1,PASS_THROUGH,-1,0.9886338231187205,0.15033746856294966,-0.0013451140273607852,0.9,3.2264798047760257,3.3337672422321374,0.0,0,0,0,DIRECT_LOCAL,PASS_THROUGH,0,BYPASS_VISIBLE,1,18,0.0,16.0,2.0,0.0,16.0,2.0,1,
106,3.566667,0.033333,0.16911426186561584,8.273994445800781,2.014277935028076,-0.13720941337824563,-0.02996719442307949,0.28803129743342265,-0.04718159763410879,0.02343342046804046,0.29280924960000787,0.0,16.0,2.0,0.9874327948839076,0.1580298067282745,-0.0017480769946409409,0.9,0.27413076162338257,-0.049598827958106995,0.025946946814656258,-0.0034415083937346935,local_avoidance,SAFE_PROGRESSING,NONE,1,0,"0.166,8.265;0.155,8.765;0.145,9.264;0.134,9.764;0.123,10.264;0.113,10.764;0.102,11.264",0,1,PASS_THROUGH,-1,0.9886338231187205,0.15033746856294966,-0.0013451140273607852,0.9,3.2184510444826375,3.3240536553755295,0.0,0,0,0,DIRECT_LOCAL,PASS_THROUGH,0,BYPASS_VISIBLE,1,18,0.0,16.0,2.0,0.0,16.0,2.0,1,
107,3.6,0.033333,0.17198780179023743,8.283310890197754,2.015023708343506,-0.1380970823955531,-0.023021820932626724,0.2892475190768093,-0.046566638557297396,0.023254125113672988,0.2938934049165062,0.0,16.0,2.0,0.9872283779915084,0.15930070966274756,-0.0018475901062253953,0.9,0.27639779448509216,-0.04838646203279495,0.02559392899274826,0.006325046997517347,local_avoidance,SAFE_PROGRESSING,NONE,1,0,"0.169,8.274;0.158,8.774;0.147,9.274;0.136,9.774;0.125,10.274;0.114,10.773;0.103,11.273",0,1,PASS_THROUGH,-1,0.9886338231187205,0.15033746856294966,-0.0013451140273607852,0.9,3.2103864558381794,3.314306055723618,0.0,0,0,0,DIRECT_LOCAL,PASS_THROUGH,0,BYPASS_VISIBLE,1,18,0.0,16.0,2.0,0.0,16.0,2.0,1,
108,3.633333,0.033333,0.17485865950584412,8.292665481567383,2.0157642364501953,-0.13875912726761988,-0.016493968665599823,0.2903207691920084,-0.04630707513320024,0.022967453727409173,0.2948864156965389,0.0,16.0,2.0,0.987058674222439,0.1603477005615849,-0.0019464241196155427,0.9,0.2789596915245056,-0.04673615097999573,0.025295555591583252,0.01710856705904007,local_avoidance,SAFE_PROGRESSING,NONE,1,0,"0.172,8.283;0.161,8.783;0.150,9.283;0.139,9.783;0.127,10.283;0.116,10.783;0.105,11.283",1,1,PASS_THROUGH,-1,0.9870605439966396,0.16034800430643964,0.0,0.9,3.2022872455215032,3.304523086850662,0.0,0,0,0,DIRECT_LOCAL,PASS_THROUGH,0,BYPASS_VISIBLE,1,18,0.0,16.0,2.0,0.0,16.0,2.0,1,
109,3.666667,0.033333,0.17773056030273438,8.302050590515137,2.016500949859619,-0.13920389983229084,-0.01013632956892252,0.2911856369145349,-0.046128111525206635,0.022704726383346276,0.29568967249186756,0.0,16.0,2.0,0.9869227783761036,0.16118079356523526,-0.0020448247047398505,0.9,0.2827696204185486,-0.04531625658273697,0.024990078061819077,0.027200087904930115,local_avoidance,SAFE_PROGRESSING,NONE,1,0,"0.175,8.293;0.164,8.793;0.152,9.292;0.141,9.792;0.129,10.292;0.118,10.792;0.107,11.292",0,1,PASS_THROUGH,-1,0.987058674222439,0.1603477005615849,-0.0019464241196155427,0.9,3.1941599674503713,3.2947108260212743,0.0,0,0,0,DIRECT_LOCAL,PASS_THROUGH,0,BYPASS_VISIBLE,1,18,0.0,16.0,2.0,0.0,16.0,2.0,1,
110,3.7,0.033333,0.1805991679430008,8.311463356018066,2.0172343254089355,-0.13943506514911588,-0.0037963574286550283,0.2919443776390919,-0.04581556979521986,0.022586828887790785,0.29637940365339777,0.0,16.0,2.0,0.9868205625864465,0.1618041560444528,-0.002142975340902878,0.9,0.28792041540145874,-0.04448236897587776,0.02462870255112648,0.03564489632844925,local_avoidance,SAFE_PROGRESSING,NONE,1,0,"0.178,8.302;0.166,8.802;0.155,9.302;0.143,9.802;0.132,10.302;0.120,10.801;0.108,11.301",0,1,PASS_THROUGH,-1,0.987058674222439,0.1603477005615849,-0.0019464241196155427,0.9,3.1860131191347536,3.28487335227531,0.0,0,0,0,DIRECT_LOCAL,PASS_THROUGH,0,BYPASS_VISIBLE,1,18,0.0,16.0,2.0,0.0,16.0,2.0,1,
111,3.733333,0.033333,0.18345624208450317,8.320906639099121,2.017963409423828,-0.139454287293259,0.0025080216582864523,0.2928381886804738,-0.04528505817982186,0.022689341741796612,0.2971863850728809,0.0,16.0,2.0,0.986752245538174,0.1622189388597701,-0.00224093743356305,0.9,0.2939687967300415,-0.04435572028160095,0.024211164563894272,0.0420164056122303,local_avoidance,SAFE_PROGRESSING,NONE,1,0,"0.181,8.311;0.169,8.811;0.157,9.311;0.145,9.811;0.134,10.311;0.122,10.811;0.110,11.311",0,1,PASS_THROUGH,-1,0.987058674222439,0.1603477005615849,-0.0019464241196155427,0.9,3.1778482890467266,3.27501053845639,0.0,0,0,0,DIRECT_LOCAL,PASS_THROUGH,0,BYPASS_VISIBLE,1,18,0.0,16.0,2.0,0.0,16.0,2.0,1,
112,3.766667,0.033333,0.1862947940826416,8.330389976501465,2.018686056137085,-0.13926572432024162,0.00861717015504837,0.29416681418572493,-0.044592972724375214,0.02301559848806548,0.29841642977279176,0.0,16.0,2.0,0.9867175868578287,0.16242824505376985,-0.0023385880816959707,0.9,0.3003624379634857,-0.04502122849225998,0.02378096990287304,0.045882128179073334,local_avoidance,SAFE_PROGRESSING,NONE,1,0,"0.183,8.321;0.172,8.821;0.160,9.321;0.148,9.820;0.136,10.320;0.124,10.820;0.112,11.320",0,1,PASS_THROUGH,-1,0.987058674222439,0.1603477005615849,-0.0019464241196155427,0.9,3.169660414766906,3.2651155288596247,0.0,0,0,0,DIRECT_LOCAL,PASS_THROUGH,0,BYPASS_VISIBLE,1,18,0.0,16.0,2.0,0.0,16.0,2.0,1,
113,3.8,0.033333,0.18911324441432953,8.339933395385742,2.0194005966186523,-0.13888087675320884,0.014280838891863823,0.29618649739285946,-0.043898743300098256,0.02349630633619838,0.3003425000106091,0.0,16.0,2.0,0.9867149924508911,0.16244257840382775,-0.0024356506634314805,0.9,0.306232750415802,-0.04654650390148163,0.02340165711939335,0.04694216698408127,local_avoidance,SAFE_PROGRESSING,NONE,1,0,"0.186,8.330;0.174,8.830;0.162,9.330;0.150,9.830;0.138,10.330;0.126,10.830;0.113,11.330",0,1,PASS_THROUGH,-1,0.987058674222439,0.1603477005615849,-0.0019464241196155427,0.9,3.1614383807752904,3.2551698127404625,0.0,0,0,0,DIRECT_LOCAL,PASS_THROUGH,0,BYPASS_VISIBLE,1,18,0.0,16.0,2.0,0.0,16.0,2.0,1,
114,3.833333,0.033333,0.1919173151254654,8.349563598632812,2.0201056003570557,-0.1383219297375067,0.019205041229724884,0.29902436398090104,-0.04340820677792286,0.024025382588927988,0.3031122921928467,0.0,16.0,2.0,0.9867408942142898,0.16228369326604442,-0.0025319133310783503,0.9,0.3135213255882263,-0.049420177936553955,0.023092253133654594,0.04437107965350151,local_avoidance,SAFE_PROGRESSING,NONE,1,0,"0.189,8.340;0.177,8.840;0.164,9.340;0.152,9.839;0.140,10.339;0.127,10.839;0.115,11.339",1,1,PASS_THROUGH,-1,0.9867440570227414,0.16228421343525967,0.0,0.9,3.1531626424985473,3.2451462513044005,0.0,0,0,0,DIRECT_LOCAL,PASS_THROUGH,0,BYPASS_VISIBLE,1,18,0.0,16.0,2.0,0.0,16.0,2.0,1,
115,3.866667,0.033333,0.19472019374370575,8.359307289123535,2.0208003520965576,-0.1376226477161756,0.02305317483842373,0.30268791035356046,-0.04333204895902981,0.024542568052207583,0.3067571925608103,0.0,16.0,2.0,0.9867896045020711,0.16198572245625537,-0.0026271975508243227,0.9,0.3188507556915283,-0.052889157086610794,0.02290552854537964,0.03949254751205444,local_avoidance,SAFE_PROGRESSING,NONE,1,0,"0.192,8.350;0.179,8.849;0.167,9.349;0.154,9.849;0.142,10.349;0.129,10.849;0.117,11.349",0,1,PASS_THROUGH,-1,0.9867408942142898,0.16228369326604442,-0.0025319133310783503,0.9,3.144809505706578,3.2350153619507487,0.0,0,0,0,DIRECT_LOCAL,PASS_THROUGH,0,BYPASS_VISIBLE,1,18,0.0,16.0,2.0,0.0,16.0,2.0,1,
116,3.9,0.033333,0.19754162430763245,8.369186401367188,2.021484136581421,-0.13682655046314204,0.025563398376107216,0.3070740885010497,-0.04384640396342765,0.02494217217810247,0.3111898374340601,0.0,16.0,2.0,0.9868536714151711,0.16159339434147774,-0.002721418673593831,0.9,0.3237939476966858,-0.05606919154524803,0.02282133512198925,0.03531978279352188,local_avoidance,SAFE_PROGRESSING,NONE,1,0,"0.195,8.359;0.182,8.859;0.169,9.359;0.157,9.859;0.144,10.359;0.131,10.858;0.118,11.358",0,1,PASS_THROUGH,-1,0.9867408942142898,0.16228369326604442,-0.0025319133310783503,0.9,3.1363576223633634,3.2247501269089045,0.0,0,0,0,DIRECT_LOCAL,PASS_THROUGH,0,BYPASS_VISIBLE,1,18,0.0,16.0,2.0,0.0,16.0,2.0,1,
117,3.933333,0.033333,0.20040513575077057,8.379220962524414,2.022158145904541,-0.13597872352833917,0.02672773227095604,0.3119697933344232,-0.04503541166685197,0.02516277207323885,0.31620642839059315,0.0,16.0,2.0,0.9869252861107963,0.16115383419414098,-0.0028144910108266782,0.9,0.3282894194126129,-0.05844670906662941,0.022854981943964958,0.03283654898405075,local_avoidance,SAFE_PROGRESSING,NONE,1,0,"0.198,8.369;0.185,8.869;0.172,9.369;0.159,9.869;0.146,10.369;0.133,10.868;0.120,11.368",0,1,PASS_THROUGH,-1,0.9867408942142898,0.16228369326604442,-0.0025319133310783503,0.9,3.1595241990608933,3.214324144138219,0.0,0,0,0,DIRECT_LOCAL,PASS_THROUGH,0,BYPASS_VISIBLE,1,18,0.0,16.0,2.0,0.0,16.0,2.0,1,
118,3.966667,0.033333,0.20333386957645416,8.389420509338379,2.0228230953216553,-0.13511476970590156,0.02680255100131035,0.3171260449662007,-0.046849319131869495,0.025207485501791478,0.321557466752597,0.0,16.0,2.0,0.9869981517721444,0.16070532100136112,-0.0029065787828009165,0.9,0.33232808113098145,-0.060132384300231934,0.022995132952928543,0.031493812799453735,local_avoidance,SAFE_PROGRESSING,NONE,1,0,"0.200,8.379;0.187,8.879;0.174,9.379;0.161,9.879;0.148,10.379;0.135,10.878;0.122,11.378",0,1,PASS_THROUGH,-1,0.9867408942142898,0.16228369326604442,-0.0025319133310783503,0.9,3.119102116245285,3.2037210841607715,0.0,0,0,0,DIRECT_LOCAL,PASS_THROUGH,0,BYPASS_VISIBLE,1,18,0.0,16.0,2.0,0.0,16.0,2.0,1,
119,4.0,0.033333,0.206345796585083,8.39978313446045,2.023481845855713,-0.13425665975413034,0.026156937703490257,0.32232171968268064,-0.04911447420312846,0.0251115518366725,0.3270078173241371,0.0,16.0,2.0,0.9870682344155215,0.1602726237266344,-0.002997781113735553,0.9,0.33611640334129333,-0.06115027517080307,0.02319064736366272,0.031353194266557693,local_avoidance,SAFE_PROGRESSING,NONE,1,0,"0.203,8.389;0.190,8.889;0.177,9.389;0.163,9.889;0.150,10.389;0.137,10.889;0.123,11.388",0,1,PASS_THROUGH,-1,0.9867408942142898,0.16228369326604442,-0.0025319133310783503,0.9,3.110285579718983,3.1929370989044266,0.0,0,0,0,DIRECT_LOCAL,PASS_THROUGH,0,BYPASS_VISIBLE,1,18,0.0,16.0,2.0,0.0,16.0,2.0,1,
120,4.033333,0.033333,0.20945118367671967,8.41030502319336,2.0241353511810303,-0.13341609655279527,0.025160199031233788,0.32740296286289805,-0.05158967718410928,0.02493325347312816,0.33237909382528863,0.0,16.0,2.0,0.9871332956572995,0.15986969044615099,-0.0030884755803520236,0.9,0.34039825201034546,-0.06187208369374275,0.02339595928788185,0.031846556812524796,local_avoidance,SAFE_PROGRESSING,NONE,1,0,"0.206,8.400;0.193,8.900;0.179,9.399;0.166,9.899;0.152,10.399;0.138,10.899;0.125,11.399",1,1,PASS_THROUGH,-1,0.987138003665989,0.15987045292462795,0.0,0.9,3.1013508083349706,3.1819725687211946,0.0,0,0,0,DIRECT_LOCAL,PASS_THROUGH,0,BYPASS_VISIBLE,1,18,0.0,16.0,2.0,0.0,16.0,2.0,1,
121,4.066667,0.033333,0.21265186369419098,8.42098331451416,2.0247857570648193,-0.1325981170090919,0.024112842977046967,0.3323123531347952,-0.054039792356366266,0.02476333705312351,0.33758705849885684,0.0,16.0,2.0,0.9871923423945225,0.1595028978227066,-0.003178789671444683,0.9,0.3455238342285156,-0.06263952702283859,0.02357335016131401,0.03239191323518753,local_avoidance,SAFE_PROGRESSING,NONE,1,0,"0.209,8.410;0.196,8.910;0.182,9.410;0.168,9.910;0.154,10.410;0.140,10.909;0.127,11.409",0,1,PASS_THROUGH,-1,0.9871332956572995,0.15986969044615099,-0.0030884755803520236,0.9,3.09230547173478,3.1708296211543323,0.0,0,0,0,DIRECT_LOCAL,PASS_THROUGH,0,BYPASS_VISIBLE,1,18,0.0,16.0,2.0,0.0,16.0,2.0,1,
122,4.1,0.033333,0.21594303846359253,8.43181324005127,2.0254342555999756,-0.13180379952557764,0.023200077936053276,0.3371039221559205,-0.05630189457461436,0.024702479560150748,0.34266480730010124,0.0,16.0,2.0,0.9872451920712881,0.15917362944893934,-0.0032690090512389035,0.9,0.3516165614128113,-0.0637197345495224,0.023702001199126244,0.032502591609954834,local_avoidance,SAFE_PROGRESSING,NONE,1,0,"0.213,8.421;0.199,8.921;0.185,9.421;0.171,9.920;0.157,10.420;0.143,10.920;0.129,11.420",0,1,PASS_THROUGH,-1,0.9871332956572995,0.15986969044615099,-0.0030884755803520236,0.9,3.083153800011988,3.159514282728056,0.0,0,0,0,DIRECT_LOCAL,PASS_THROUGH,0,BYPASS_VISIBLE,1,18,0.0,16.0,2.0,0.0,16.0,2.0,1,
123,4.133333,0.033333,0.21931704878807068,8.442794799804688,2.0260796546936035,-0.13103222498328762,0.02248457446694374,0.3419262054650299,-0.05832049763790621,0.024827874470898913,0.34775168407815016,0.0,16.0,2.0,0.9872921172709309,0.15888042773704772,-0.0033592940888436187,0.9,0.35845059156417847,-0.06536494195461273,0.023789044469594955,0.0315166600048542,local_avoidance,SAFE_PROGRESSING,NONE,1,0,"0.216,8.432;0.202,8.932;0.187,9.431;0.173,9.931;0.159,10.431;0.145,10.931;0.130,11.431",0,1,PASS_THROUGH,-1,0.9871332956572995,0.15986969044615099,-0.0030884755803520236,0.9,3.106774618022536,3.1480289576761655,0.0,0,0,0,DIRECT_LOCAL,PASS_THROUGH,0,BYPASS_VISIBLE,1,18,0.0,16.0,2.0,0.0,16.0,2.0,1,
124,4.166667,0.033333,0.2227671593427658,8.453935623168945,2.0267224311828613,-0.13028228716765658,0.021909719333052635,0.3469739918403819,-0.06014613805649248,0.025152171198016125,0.3530455220686624,0.0,16.0,2.0,0.9873334729913155,0.15862129148064097,-0.0034494927048505995,0.9,0.3659743070602417,-0.06721985340118408,0.023815855383872986,0.03052511066198349,local_avoidance,SAFE_PROGRESSING,NONE,1,0,"0.219,8.443;0.205,8.943;0.190,9.442;0.176,9.942;0.161,10.442;0.147,10.942;0.132,11.442",0,1,PASS_THROUGH,-1,0.9871332956572995,0.15986969044615099,-0.0030884755803520236,0.9,3.0645419914097918,3.136368521138154,0.0,0,0,0,DIRECT_LOCAL,PASS_THROUGH,0,BYPASS_VISIBLE,1,18,0.0,16.0,2.0,0.0,16.0,2.0,1,
125,4.2,0.033333,0.2262905240058899,8.465242385864258,2.0273609161376953,-0.12955461189534567,0.021393651142716408,0.35243026880015316,-0.06189612011433529,0.025641112162827242,0.358741816191956,0.0,16.0,2.0,0.9873693098775035,0.15839607508318632,-0.0035396765761827606,0.9,0.3729060888290405,-0.06951490789651871,0.023884328082203865,0.028269600123167038,local_avoidance,SAFE_PROGRESSING,NONE,1,0,"0.223,8.454;0.208,8.954;0.193,9.454;0.179,9.953;0.164,10.453;0.149,10.953;0.134,11.453",0,1,PASS_THROUGH,-1,0.9871332956572995,0.15986969044615099,-0.0030884755803520236,0.9,3.0550719829564814,3.1245275304028794,0.0,0,0,0,DIRECT_LOCAL,PASS_THROUGH,0,BYPASS_VISIBLE,1,18,0.0,16.0,2.0,0.0,16.0,2.0,1,
126,4.233333,0.033333,0.2298891842365265,8.47673511505127,2.0279946327209473,-0.12885103774696496,0.020831145346164703,0.3583975972898348,-0.06370221698348183,0.026186297870743946,0.36495552110895996,0.0,16.0,2.0,0.9873994032306525,0.15820633446234925,-0.0036296330033152194,0.9,0.37945556640625,-0.07170245051383972,0.02399585209786892,0.026310302317142487,local_avoidance,SAFE_PROGRESSING,NONE,1,0,"0.226,8.465;0.211,8.965;0.196,9.465;0.181,9.965;0.166,10.464;0.151,10.964;0.136,11.464",1,1,PASS_THROUGH,-1,0.9874059074111715,0.15820737659641904,0.0,0.9,3.045483488639832,3.112486332726284,0.0,0,0,0,DIRECT_LOCAL,PASS_THROUGH,0,BYPASS_VISIBLE,1,18,0.0,16.0,2.0,0.0,16.0,2.0,1,
127,4.266667,0.033333,0.23356924951076508,8.488429069519043,2.028622627258301,-0.12817500302316073,0.020148908719420433,0.36485563851838093,-0.06566514136548127,0.026673834032035687,0.3716759895004958,0.0,16.0,2.0,0.9874231610344038,0.1580559007503993,-0.003719313216933783,0.9,0.3861463665962219,-0.07443823665380478,0.024190319702029228,0.02295222505927086,local_avoidance,SAFE_PROGRESSING,NONE,1,0,"0.230,8.477;0.215,8.977;0.199,9.476;0.184,9.976;0.169,10.476;0.154,10.976;0.138,11.475",0,1,PASS_THROUGH,-1,0.9873994032306525,0.15820633446234925,-0.0036296330033152194,0.9,3.0357591986953074,3.1002285193600914,0.0,0,0,0,DIRECT_LOCAL,PASS_THROUGH,0,BYPASS_VISIBLE,1,18,0.0,16.0,2.0,0.0,16.0,2.0,1,
128,4.3,0.033333,0.23733896017074585,8.500338554382324,2.029244899749756,-0.12752980791735763,0.019260389730334282,0.371695986088719,-0.06783833166702691,0.02705370082709137,0.3788031785060317,0.0,16.0,2.0,0.9874399273719223,0.15794899295003462,-0.003808603130095175,0.9,0.3934595286846161,-0.07775180041790009,0.024423321709036827,0.01837017387151718,local_avoidance,SAFE_PROGRESSING,NONE,1,0,"0.234,8.488;0.218,8.988;0.202,9.488;0.187,9.988;0.171,10.487;0.156,10.987;0.140,11.487",0,1,PASS_THROUGH,-1,0.9873994032306525,0.15820633446234925,-0.0036296330033152194,0.9,3.0598546548257777,3.0877379146950834,0.0,0,0,0,DIRECT_LOCAL,PASS_THROUGH,0,BYPASS_VISIBLE,1,18,0.0,16.0,2.0,0.0,16.0,2.0,1,
129,4.333333,0.033333,0.24120734632015228,8.512472152709961,2.0298614501953125,-0.126922693661298,0.01803315244615078,0.3787997178999727,-0.07024830997033281,0.02734400621670404,0.38622758318220357,0.0,16.0,2.0,0.9874483739279494,0.1578940093942419,-0.003897515164781391,0.9,0.4006248116493225,-0.08076851069927216,0.02467675320804119,0.014590276405215263,local_avoidance,SAFE_PROGRESSING,NONE,1,0,"0.237,8.500;0.222,9.000;0.206,9.500;0.190,10.000;0.174,10.499;0.158,10.999;0.142,11.499",0,1,PASS_THROUGH,-1,0.9873994032306525,0.15820633446234925,-0.0036296330033152194,0.9,3.0158595088151703,3.075003523786865,0.0,0,0,0,DIRECT_LOCAL,PASS_THROUGH,0,BYPASS_VISIBLE,1,18,0.0,16.0,2.0,0.0,16.0,2.0,1,
130,4.366667,0.033333,0.24518366158008575,8.524835586547852,2.030472993850708,-0.12636449118537038,0.016441471874713898,0.38608134658732834,-0.07289429094587596,0.02757101554214205,0.39386868970916156,0.0,16.0,2.0,0.9874465850406193,0.157902986110117,-0.0039860593481660074,0.9,0.4069875180721283,-0.08253918588161469,0.024980204179883003,0.013660001568496227,local_avoidance,SAFE_PROGRESSING,NONE,1,0,"0.241,8.512;0.225,9.012;0.209,9.512;0.193,10.012;0.177,10.511;0.161,11.011;0.145,11.511",0,1,PASS_THROUGH,-1,0.9873994032306525,0.15820633446234925,-0.0036296330033152194,0.9,3.0056706884729554,3.062016995592155,0.0,0,0,0,DIRECT_LOCAL,PASS_THROUGH,0,BYPASS_VISIBLE,1,18,0.0,16.0,2.0,0.0,16.0,2.0,1,
131,4.4,0.033333,0.24927568435668945,8.537431716918945,2.031079053878784,-0.1258610770903527,0.0146871916949749,0.39346920362452925,-0.07571236168782675,0.02773349588967588,0.40164601667081457,0.0,16.0,2.0,0.987433410993913,0.15798309594795149,-0.00407434014614874,0.9,0.41319823265075684,-0.08360560983419418,0.025362156331539154,0.014275815337896347,local_avoidance,SAFE_PROGRESSING,NONE,1,0,"0.245,8.525;0.229,9.025;0.212,9.524;0.196,10.024;0.180,10.524;0.163,11.023;0.147,11.523",0,1,PASS_THROUGH,-1,0.9873994032306525,0.15820633446234925,-0.0036296330033152194,0.9,2.9953204308241177,3.048773158968867,0.0,0,0,0,DIRECT_LOCAL,PASS_THROUGH,0,BYPASS_VISIBLE,1,18,0.0,16.0,2.0,0.0,16.0,2.0,1,
132,4.433333,0.033333,0.25348734855651855,8.550262451171875,2.0316824913024902,-0.12540701584227262,0.013058081269264221,0.40089105257465973,-0.07856596472192476,0.02784150693830278,0.4094647681494721,0.0,16.0,2.0,0.987409505902703,0.15813014544288276,-0.004162301670058025,0.9,0.4201689064502716,-0.08470780402421951,0.02577918767929077,0.015075955539941788,local_avoidance,SAFE_PROGRESSING,NONE,1,0,"0.249,8.537;0.233,9.037;0.216,9.537;0.199,10.037;0.183,10.536;0.166,11.036;0.149,11.536",1,1,PASS_THROUGH,-1,0.9874180593278249,0.15813151524371058,0.0,0.9,2.9848102519825357,3.0352689605742573,0.0,0,0,0,DIRECT_LOCAL,PASS_THROUGH,0,BYPASS_VISIBLE,1,18,0.0,16.0,2.0,0.0,16.0,2.0,1,
133,4.466667,0.033333,0.25781723856925964,8.563329696655273,2.032283306121826,-0.12499103585923912,0.011740289628505707,0.40830935638521976,-0.08130159062771425,0.027966037050245262,0.4172632003647153,0.0,16.0,2.0,0.9873765147818635,0.1583336752226518,-0.0042503350113006,0.9,0.42893165349960327,-0.08686581254005432,0.026160607114434242,0.014083407819271088,local_avoidance,SAFE_PROGRESSING,NONE,1,0,"0.253,8.550;0.236,9.050;0.219,9.550;0.202,10.049;0.185,10.549;0.168,11.049;0.151,11.549",0,1,PASS_THROUGH,-1,0.987409505902703,0.15813014544288276,-0.004162301670058025,0.9,2.9741414225001335,3.0215030352605097,0.0,0,0,0,DIRECT_LOCAL,PASS_THROUGH,0,BYPASS_VISIBLE,1,18,0.0,16.0,2.0,0.0,16.0,2.0,1,
134,4.5,0.033333,0.26225993037223816,8.57663345336914,2.032884120941162,-0.12460519278197134,0.010704981163144112,0.415782030624416,-0.08383652193194258,0.02824596539872203,0.42508951288065633,0.0,16.0,2.0,0.9873356666843143,0.15858581004628028,-0.004338449608551243,0.9,0.4389203190803528,-0.08992350846529007,0.026454266160726547,0.011782467365264893,local_avoidance,SAFE_PROGRESSING,NONE,1,0,"0.258,8.563;0.240,9.063;0.223,9.563;0.206,10.062;0.189,10.562;0.171,11.062;0.154,11.562",0,1,PASS_THROUGH,-1,0.987409505902703,0.15813014544288276,-0.004162301670058025,0.9,2.963313511240545,3.0074770932921915,0.0,0,0,0,DIRECT_LOCAL,PASS_THROUGH,0,BYPASS_VISIBLE,1,18,0.0,16.0,2.0,0.0,16.0,2.0,1,
135,4.533333,0.033333,0.26681017875671387,8.590179443359375,2.033482074737549,-0.12425083830766114,0.009781062602996826,0.4234766421573234,-0.08621167715281693,0.028790212898996075,0.4331209947452475,0.0,16.0,2.0,0.9872867986516048,0.15888731483885066,-0.004427007066338836,0.9,0.4493539333343506,-0.09354227036237717,0.026682190597057343,0.008900096639990807,local_avoidance,SAFE_PROGRESSING,NONE,1,0,"0.262,8.577;0.245,9.076;0.227,9.576;0.209,10.076;0.192,10.575;0.174,11.075;0.156,11.575",0,1,PASS_THROUGH,-1,0.987409505902703,0.15813014544288276,-0.004162301670058025,0.9,2.8159283331597202,2.9931873593591485,0.0,0,0,0,DIRECT_LOCAL,PASS_THROUGH,0,BYPASS_VISIBLE,1,18,0.0,16.0,2.0,0.0,16.0,2.0,1,
136,4.566667,0.033333,0.27146685123443604,8.603979110717773,2.034075975418091,-0.12393568123569215,0.008802610449492931,0.4316013828488941,-0.08856712665929976,0.029598279060061725,0.4415879841266963,0.0,16.0,2.0,0.9872287221060921,0.15924528025788118,-0.004515635543456163,0.9,0.45905762910842896,-0.09721295535564423,0.02693931758403778,0.006210586056113243,local_avoidance,SAFE_PROGRESSING,NONE,1,0,"0.267,8.590;0.249,9.090;0.231,9.590;0.213,10.089;0.195,10.589;0.177,11.089;0.159,11.588",0,1,PASS_THROUGH,-1,0.987409505902703,0.15813014544288276,-0.004162301670058025,0.9,2.8017997623330073,2.97862333143682,0.0,0,0,0,DIRECT_LOCAL,PASS_THROUGH,0,BYPASS_VISIBLE,1,18,0.0,16.0,2.0,0.0,16.0,2.0,1,
137,4.6,0.033333,0.2762351334095001,8.618050575256348,2.0346648693084717,-0.12366813639476623,0.007694025058299303,0.44029562365185837,-0.09106883599104282,0.030547576500566696,0.4506516653977885,0.0,16.0,2.0,0.9871600221376313,0.1596680685976488,-0.004604189779739795,0.9,0.4689842462539673,-0.10152652114629745,0.02728944458067417,0.0022792667150497437,local_avoidance,SAFE_PROGRESSING,NONE,1,0,"0.271,8.604;0.253,9.104;0.235,9.603;0.216,10.103;0.198,10.603;0.180,11.102;0.161,11.602",0,1,PASS_THROUGH,-1,0.987409505902703,0.15813014544288276,-0.004162301670058025,0.9,2.787404652870093,2.963766180167701,0.0,0,0,0,DIRECT_LOCAL,PASS_THROUGH,0,BYPASS_VISIBLE,1,18,0.0,16.0,2.0,0.0,16.0,2.0,1,
138,4.633333,0.033333,0.28112563490867615,8.63241195678711,2.035248041152954,-0.1234541392552134,0.0063712275587022305,0.44957646426955816,-0.09385253890859653,0.0314988375631634,0.46034712234631975,0.0,16.0,2.0,0.9870795111052476,0.16016247573551928,-0.0046925603346953245,0.9,0.4781532883644104,-0.10619039833545685,0.027757136151194572,-0.0025261803530156612,local_avoidance,SAFE_PROGRESSING,NONE,1,0,"0.276,8.618;0.258,9.118;0.239,9.617;0.220,10.117;0.201,10.617;0.183,11.116;0.164,11.616",1,1,PASS_THROUGH,-1,0.9870903790906069,0.16016423916330988,0.0,0.9,2.918339632119811,2.9485953662891657,0.0,0,0,0,DIRECT_LOCAL,PASS_THROUGH,0,BYPASS_VISIBLE,1,18,0.0,16.0,2.0,0.0,16.0,2.0,1,
139,4.666667,0.033333,0.28615233302116394,8.647077560424805,2.03582501411438,-0.12330049217585522,0.004735688678920269,0.45934608998711196,-0.09700371368914962,0.03229779711597847,0.470586547358166,0.0,16.0,2.0,0.9869857125560154,0.16073689186113368,-0.0047806699443466456,0.9,0.48594391345977783,-0.11000082641839981,0.02836005389690399,-0.005631106439977884,local_avoidance,SAFE_PROGRESSING,NONE,1,0,"0.281,8.632;0.262,9.132;0.243,9.632;0.224,10.131;0.205,10.631;0.186,11.131;0.167,11.630",0,1,PASS_THROUGH,-1,0.9870795111052476,0.16016247573551928,-0.0046925603346953245,0.9,2.8851347122699127,2.933092910049363,0.0,0,0,0,DIRECT_LOCAL,PASS_THROUGH,0,BYPASS_VISIBLE,1,18,0.0,16.0,2.0,0.0,16.0,2.0,1,
140,4.7,0.033333,0.2913302183151245,8.662059783935547,2.036397933959961,-0.1232117593428166,0.002841730136424303,0.46940080293582775,-0.10052704027590122,0.03280997677383818,0.4811645188491482,0.0,16.0,2.0,0.9868773988669547,0.1613979479202138,-0.004868471293697568,0.9,0.4944045841693878,-0.11385585367679596,0.029038019478321075,-0.008625676855444908,local_avoidance,SAFE_PROGRESSING,NONE,1,0,"0.286,8.647;0.267,9.147;0.247,9.646;0.228,10.146;0.208,10.646;0.189,11.145;0.169,11.645",0,1,PASS_THROUGH,-1,0.9870795111052476,0.16016247573551928,-0.0046925603346953245,0.9,2.869632735995963,2.9172423247256645,0.0,0,0,0,DIRECT_LOCAL,PASS_THROUGH,0,BYPASS_VISIBLE,1,18,0.0,16.0,2.0,0.0,16.0,2.0,1,
141,4.733333,0.033333,0.2966717779636383,8.677361488342285,2.0369670391082764,-0.12318512866959802,0.000789616780821234,0.47951016419545445,-0.10434442263464631,0.03306132243183217,0.49184429156253395,0.0,16.0,2.0,0.9867544719909046,0.16214514289253723,-0.004956273026143214,0.9,0.5035566091537476,-0.11790402978658676,0.029701359570026398,-0.011639604344964027,local_avoidance,SAFE_PROGRESSING,NONE,1,0,"0.291,8.662;0.271,9.162;0.252,9.661;0.232,10.161;0.212,10.660;0.192,11.160;0.172,11.660",0,1,PASS_THROUGH,-1,0.9870795111052476,0.16016247573551928,-0.0046925603346953245,0.9,2.8537817638096215,2.901036967056034,0.0,0,0,0,DIRECT_LOCAL,PASS_THROUGH,0,BYPASS_VISIBLE,1,18,0.0,16.0,2.0,0.0,16.0,2.0,1,
142,4.766667,0.033333,0.30218562483787537,8.692978858947754,2.0375328063964844,-0.12321912429154694,-0.001363532617688179,0.4895323641011733,-0.10834874337625029,0.03319771177109172,0.502477336564081,0.0,16.0,2.0,0.9866166554513325,0.16297893127433605,-0.005044120012638746,0.9,0.51341313123703,-0.12193065136671066,0.030284898355603218,-0.014130191877484322,local_avoidance,SAFE_PROGRESSING,NONE,1,0,"0.297,8.677;0.276,9.177;0.256,9.677;0.236,10.176;0.216,10.676;0.195,11.175;0.175,11.675",0,1,PASS_THROUGH,-1,0.9870795111052476,0.16016247573551928,-0.0046925603346953245,0.9,2.8375748999677493,2.88447775565853,0.0,0,0,0,DIRECT_LOCAL,PASS_THROUGH,0,BYPASS_VISIBLE,1,18,0.0,16.0,2.0,0.0,16.0,2.0,1,
143,4.8,0.033333,0.307876855134964,8.708908081054688,2.038095474243164,-0.12331617481687299,-0.0035513441544026136,0.49945692498035227,-0.11244859229504567,0.033389235609527515,0.5130465348041591,0.0,16.0,2.0,0.9864630973258707,0.1639030790186402,-0.005132085585702633,0.9,0.5220640301704407,-0.12531405687332153,0.0308791883289814,-0.015081644989550114,local_avoidance,SAFE_PROGRESSING,NONE,1,0,"0.302,8.693;0.282,9.193;0.261,9.692;0.240,10.192;0.220,10.691;0.199,11.191;0.178,11.690",0,1,PASS_THROUGH,-1,0.9870795111052476,0.16016247573551928,-0.0046925603346953245,0.9,2.821012838283895,2.867566723582552,0.0,0,0,0,DIRECT_LOCAL,PASS_THROUGH,0,BYPASS_VISIBLE,1,18,0.0,16.0,2.0,0.0,16.0,2.0,1,
144,4.833333,0.033333,0.3137480318546295,8.72514820098877,2.0386557579040527,-0.1234774060798704,-0.005617508199065924,0.5093366496497084,-0.1165718286767505,0.033656187205178704,0.5235891068907197,0.0,16.0,2.0,0.986293198881543,0.16491960234667022,-0.005220210898943578,0.9,0.529575526714325,-0.12816591560840607,0.031547244638204575,-0.014399627223610878,local_avoidance,SAFE_PROGRESSING,NONE,1,0,"0.308,8.709;0.287,9.208;0.266,9.708;0.245,10.208;0.223,10.707;0.202,11.207;0.181,11.706",1,1,PASS_THROUGH,-1,0.9863066376978303,0.16492184947180566,0.0,0.9,2.8040974562965224,2.850303992952908,0.0,0,0,0,DIRECT_LOCAL,PASS_THROUGH,0,BYPASS_VISIBLE,1,18,0.0,16.0,2.0,0.0,16.0,2.0,1,
145,4.866667,0.033333,0.31979963183403015,8.741695404052734,2.0392167568206787,-0.12369571840297049,-0.007350761443376541,0.519180244689795,-0.12065054151066387,0.033942458208220526,0.5340943457032554,0.0,16.0,2.0,0.9861077452633836,0.16602208722223655,-0.005308604895625986,0.9,0.5383418798446655,-0.13205161690711975,0.032302580773830414,-0.015304740518331528,local_avoidance,SAFE_PROGRESSING,NONE,1,0,"0.314,8.725;0.292,9.225;0.271,9.724;0.249,10.224;0.228,10.723;0.206,11.223;0.184,11.722",0,1,PASS_THROUGH,-1,0.986293198881543,0.16491960234667022,-0.005220210898943578,0.9,2.7868287917682673,2.832693064542324,0.0,0,0,0,DIRECT_LOCAL,PASS_THROUGH,0,BYPASS_VISIBLE,1,18,0.0,16.0,2.0,0.0,16.0,2.0,1,
146,4.9,0.033333,0.3260299861431122,8.758549690246582,2.039780855178833,-0.12396008674670346,-0.008729067631065845,0.5289649233990263,-0.12465128147898961,0.03431977442525129,0.5445362054790224,0.0,16.0,2.0,0.985908229793493,0.1671999617886984,-0.00539770352267294,0.9,0.5488377213478088,-0.13690589368343353,0.03307036682963371,-0.01731288433074951,local_avoidance,SAFE_PROGRESSING,NONE,1,0,"0.320,8.742;0.298,9.241;0.276,9.741;0.254,10.240;0.232,10.740;0.210,11.239;0.188,11.739",0,1,PASS_THROUGH,-1,0.986293198881543,0.16491960234667022,-0.005220210898943578,0.9,2.769210282765782,2.8147344993812173,0.0,0,0,0,DIRECT_LOCAL,PASS_THROUGH,0,BYPASS_VISIBLE,1,18,0.0,16.0,2.0,0.0,16.0,2.0,1,
147,4.933333,0.033333,0.33243805170059204,8.775708198547363,2.0403506755828857,-0.12426796806404598,-0.009913686662912369,0.538730363113632,-0.12862126194799495,0.03495354464570145,0.5549734979698936,0.0,16.0,2.0,0.9856947930393404,0.16845075977386947,-0.005487850830510603,0.9,0.5598633885383606,-0.1416075974702835,0.03384901583194733,-0.018352266401052475,local_avoidance,SAFE_PROGRESSING,NONE,1,0,"0.326,8.759;0.304,9.258;0.281,9.758;0.259,10.257;0.236,10.757;0.214,11.256;0.191,11.756",0,1,PASS_THROUGH,-1,0.986293198881543,0.16491960234667022,-0.005220210898943578,0.9,2.7512425001129563,2.7964313822557223,0.0,0,0,0,DIRECT_LOCAL,PASS_THROUGH,0,BYPASS_VISIBLE,1,18,0.0,16.0,2.0,0.0,16.0,2.0,1,
148,4.966667,0.033333,0.3390258550643921,8.793172836303711,2.0409281253814697,-0.12462190433525329,-0.010993476957082748,0.5485972014608025,-0.13266204883572785,0.03592053506939427,0.5655514065861644,0.0,16.0,2.0,0.9854666947080175,0.16977709986484618,-0.00557942494681627,0.9,0.5703974366188049,-0.1464870274066925,0.03468642756342888,-0.01968364790081978,local_avoidance,SAFE_PROGRESSING,NONE,1,0,"0.332,8.776;0.309,9.275;0.286,9.775;0.263,10.274;0.241,10.774;0.218,11.273;0.195,11.773",0,1,PASS_THROUGH,-1,0.986293198881543,0.16491960234667022,-0.005220210898943578,0.9,2.768886380652705,2.777781312347238,0.0,0,0,0,DIRECT_LOCAL,PASS_THROUGH,0,BYPASS_VISIBLE,1,18,0.0,16.0,2.0,0.0,16.0,2.0,1,
149,5.0,0.033333,0.3457992970943451,8.810948371887207,2.0415146350860596,-0.12502007349403896,-0.011990190483629704,0.5586819555495395,-0.1368684331278909,0.03704829822795259,0.5763948922788341,0.0,16.0,2.0,0.9852238312742987,0.17117775155084722,-0.005672712154569043,0.9,0.575361967086792,-0.14931079745292664,0.03574030101299286,-0.01682998239994049,local_avoidance,SAFE_PROGRESSING,NONE,1,0,"0.339,8.793;0.316,9.293;0.292,9.792;0.269,10.292;0.245,10.791;0.222,11.290;0.198,11.790",0,1,PASS_THROUGH,-1,0.986293198881543,0.16491960234667022,-0.005220210898943578,0.9,2.75031176642238,2.758777963601588,0.0,0,0,0,DIRECT_LOCAL,PASS_THROUGH,0,BYPASS_VISIBLE,1,18,0.0,16.0,2.0,0.0,16.0,2.0,1,
150,5.033333,0.033333,0.35276588797569275,8.82904052734375,2.042114496231079,-0.12545214973008528,-0.012664646841585636,0.5688990416695582,-0.1412518447466399,0.037828880288239955,0.5873918857464177,0.0,16.0,2.0,0.9849674586826674,0.17264366837494605,-0.005767937781351061,0.9,0.580338716506958,-0.15302880108356476,0.03699742630124092,-0.01665758714079857,local_avoidance,SAFE_PROGRESSING,NONE,1,0,"0.346,8.811;0.322,9.310;0.298,9.810;0.274,10.309;0.250,10.809;0.226,11.308;0.202,11.807",1,1,PASS_THROUGH,-1,0.9849838435850194,0.1726465402968792,0.0,0.9,2.731390145295543,2.7394136105932945,0.0,0,0,0,DIRECT_LOCAL,PASS_THROUGH,0,BYPASS_VISIBLE,1,18,0.0,16.0,2.0,0.0,16.0,2.0,1,
151,5.066667,0.033333,0.3599301874637604,8.847445487976074,2.042731523513794,-0.12589317809530745,-0.012940769083797932,0.578921601293898,-0.1457310413182973,0.038062659207228774,0.5981943855255848,0.0,16.0,2.0,0.9847013735624917,0.17415165266442617,-0.005865729144043492,0.9,0.5884076952934265,-0.1578443944454193,0.03821693733334541,-0.018399134278297424,local_avoidance,SAFE_PROGRESSING,NONE,1,0,"0.353,8.829;0.328,9.328;0.304,9.828;0.279,10.327;0.254,10.827;0.230,11.326;0.205,11.825",0,1,PASS_THROUGH,-1,0.9849674586826674,0.17264366837494605,-0.005767937781351061,0.9,2.712114297789984,2.719690522658939,0.0,0,0,0,DIRECT_LOCAL,PASS_THROUGH,0,BYPASS_VISIBLE,1,18,0.0,16.0,2.0,0.0,16.0,2.0,1,
152,5.1,0.033333,0.36729273200035095,8.866150856018066,2.043368339538574,-0.12633178706884649,-0.013085274957120419,0.5884633206691848,-0.1502378842158418,0.038075998685484044,0.6085312508840887,0.0,16.0,2.0,0.9844271996454889,0.17569145605762354,-0.0059666461679072046,0.9,0.5979167222976685,-0.16214928030967712,0.039318930357694626,-0.018297892063856125,local_avoidance,SAFE_PROGRESSING,NONE,1,0,"0.360,8.847;0.335,9.347;0.310,9.846;0.285,10.346;0.259,10.845;0.234,11.344;0.209,11.844",0,1,PASS_THROUGH,-1,0.9849674586826674,0.17264366837494605,-0.005767937781351061,0.9,2.69248701653878,2.6996203961388643,0.0,0,0,0,DIRECT_LOCAL,PASS_THROUGH,0,BYPASS_VISIBLE,1,18,0.0,16.0,2.0,0.0,16.0,2.0,1,
153,5.133333,0.033333,0.37485218048095703,8.885140419006348,2.044027805328369,-0.12677238561749135,-0.013240812346339226,0.5974920131940304,-0.15475336268077575,0.038335429474917346,0.618397052260673,0.0,16.0,2.0,0.9841439320308537,0.1772677720964476,-0.006071080860305625,0.9,0.6076910495758057,-0.16560378670692444,0.040365833789110184,-0.01612875796854496,local_avoidance,SAFE_PROGRESSING,NONE,1,0,"0.367,8.866;0.342,9.365;0.316,9.865;0.290,10.364;0.264,10.864;0.239,11.363;0.213,11.862",0,1,PASS_THROUGH,-1,0.9849674586826674,0.17264366837494605,-0.005767937781351061,0.9,2.6725204606580135,2.679219154184819,0.0,0,0,0,DIRECT_LOCAL,PASS_THROUGH,0,BYPASS_VISIBLE,1,18,0.0,16.0,2.0,0.0,16.0,2.0,1,
154,5.166667,0.033333,0.38260698318481445,8.904400825500488,2.0447115898132324,-0.1272158506136955,-0.013296321965754032,0.6061966016993633,-0.15926092788186486,0.03908443896541256,0.6279856339367088,0.0,16.0,2.0,0.9838512146165902,0.17888153000692764,-0.00617945951041736,0.9,0.616478681564331,-0.1685967892408371,0.04143664985895157,-0.013150673359632492,local_avoidance,SAFE_PROGRESSING,NONE,1,0,"0.375,8.885;0.349,9.384;0.322,9.884;0.296,10.383;0.270,10.882;0.243,11.382;0.217,11.881",0,1,PASS_THROUGH,-1,0.9849674586826674,0.17264366837494605,-0.005767937781351061,0.9,2.652230994543322,2.658500084368015,0.0,0,0,0,DIRECT_LOCAL,PASS_THROUGH,0,BYPASS_VISIBLE,1,18,0.0,16.0,2.0,0.0,16.0,2.0,1,
155,5.2,0.033333,0.39055535197257996,8.92392349243164,2.045421838760376,-0.12765361725985347,-0.013073655776679516,0.6148203411031893,-0.16371585482993206,0.04023466056240165,0.6375153024575245,0.0,16.0,2.0,0.9835503877686538,0.18052436084606388,-0.0062920474609354585,0.9,0.6247614026069641,-0.17223381996154785,0.04255165904760361,-0.01154426857829094,local_avoidance,SAFE_PROGRESSING,NONE,1,0,"0.383,8.904;0.356,9.404;0.329,9.903;0.302,10.402;0.275,10.901;0.248,11.401;0.221,11.900",0,1,PASS_THROUGH,-1,0.9849674586826674,0.17264366837494605,-0.005767937781351061,0.9,2.6316323064034375,2.6374720350676633,0.0,0,0,0,DIRECT_LOCAL,PASS_THROUGH,0,BYPASS_VISIBLE,1,18,0.0,16.0,2.0,0.0,16.0,2.0,1,
156,5.233333,0.033333,0.3986947238445282,8.94371223449707,2.0461606979370117,-0.1280739451184902,-0.012546601705253124,0.6235184126138561,-0.16807371865492043,0.041563235570560755,0.647110105254191,0.0,16.0,2.0,0.9832434218112193,0.18218478481955974,-0.0064091844423164535,0.9,0.6337834596633911,-0.1765865683555603,0.04364636540412903,-0.011090519838035107,local_avoidance,SAFE_PROGRESSING,NONE,1,0,"0.391,8.924;0.363,9.423;0.335,9.922;0.308,10.422;0.280,10.921;0.253,11.420;0.225,11.919",1,1,PASS_THROUGH,-1,0.9832636170956233,0.18218852679582104,0.0,0.9,2.610733568539841,2.6161323296188663,0.0,0,0,0,DIRECT_LOCAL,PASS_THROUGH,0,BYPASS_VISIBLE,1,18,0.0,16.0,2.0,0.0,16.0,2.0,1,
157,5.266667,0.033333,0.40702202916145325,8.963770866394043,2.0469281673431396,-0.12847175955602722,-0.011854361742734909,0.632344491870899,-0.17233994241776618,0.042945353009257156,0.6568142168810859,0.0,16.0,2.0,0.9829311386171761,0.1838578794309591,-0.006531225604184516,0.9,0.6438080072402954,-0.18198439478874207,0.044682808220386505,-0.012285901233553886,local_avoidance,SAFE_PROGRESSING,NONE,1,0,"0.399,8.944;0.370,9.443;0.342,9.942;0.314,10.441;0.286,10.941;0.258,11.440;0.229,11.939",0,1,PASS_THROUGH,-1,0.9832434218112193,0.18218478481955974,-0.0064091844423164535,0.9,2.589532182896677,2.594478455449061,0.0,0,0,0,DIRECT_LOCAL,PASS_THROUGH,0,BYPASS_VISIBLE,1,18,0.0,16.0,2.0,0.0,16.0,2.0,1,
158,5.3,0.033333,0.415536105632782,8.98410415649414,2.047722578048706,-0.1288512297991707,-0.011220539920032024,0.6413169803917125,-0.17659236632594116,0.04436239413481312,0.6666635997238127,0.0,16.0,2.0,0.9826126906544415,0.18554775175469304,-0.006658226762259649,0.9,0.6540164947509766,-0.1876945197582245,0.04558882117271423,-0.014318063855171204,local_avoidance,SAFE_PROGRESSING,NONE,1,0,"0.407,8.964;0.378,9.463;0.349,9.962;0.320,10.461;0.292,10.960;0.263,11.460;0.234,11.959",0,1,PASS_THROUGH,-1,0.9832434218112193,0.18218478481955974,-0.0064091844423164535,0.9,2.5680256960892525,2.5725064063274306,0.0,0,0,0,DIRECT_LOCAL,PASS_THROUGH,0,BYPASS_VISIBLE,1,18,0.0,16.0,2.0,0.0,16.0,2.0,1,
159,5.333333,0.033333,0.42423975467681885,9.004715919494629,2.0485403537750244,-0.1292238355956955,-0.010841073468327522,0.6504594398638442,-0.1809589771934408,0.04578743454821854,0.6767127333643055,0.0,16.0,2.0,0.9822857795621277,0.1872659687406019,-0.006790008959273692,0.9,0.6645122170448303,-0.19426244497299194,0.04633729159832001,-0.0186493918299675,local_avoidance,SAFE_PROGRESSING,NONE,1,0,"0.416,8.984;0.386,9.483;0.356,9.982;0.327,10.481;0.297,10.981;0.268,11.480;0.238,11.979",0,1,PASS_THROUGH,-1,0.9832434218112193,0.18218478481955974,-0.0064091844423164535,0.9,2.5462102710253713,2.5502118626025867,0.0,0,0,0,DIRECT_LOCAL,PASS_THROUGH,0,BYPASS_VISIBLE,1,18,0.0,16.0,2.0,0.0,16.0,2.0,1,
160,5.366667,0.033333,0.43314069509506226,9.025611877441406,2.049375295639038,-0.1296036360776648,-0.010924308560788631,0.6598011554438548,-0.18557528687504365,0.04719611225949961,0.6870249084539889,0.0,16.0,2.0,0.9819474303560916,0.18902717500391925,-0.006926119195224301,0.9,0.6743290424346924,-0.20132459700107574,0.047009654343128204,-0.024131186306476593,local_avoidance,SAFE_PROGRESSING,NONE,1,0,"0.424,9.005;0.394,9.504;0.364,10.003;0.333,10.502;0.303,11.001;0.273,11.500;0.243,11.999",0,1,PASS_THROUGH,-1,0.9832434218112193,0.18218478481955974,-0.0064091844423164535,0.9,2.52408203491882,2.5275871880890697,0.0,0,0,0,DIRECT_LOCAL,PASS_THROUGH,0,BYPASS_VISIBLE,1,18,0.0,16.0,2.0,0.0,16.0,2.0,1,
161,5.4,0.033333,0.4422514736652374,9.046795845031738,2.0502235889434814,-0.1300092848024559,-0.011640972457826138,0.669351859954688,-0.19055815177875954,0.048525287707496104,0.697638176407536,0.0,16.0,2.0,0.9815935429039949,0.19085123011095206,-0.007065726736833213,0.9,0.6839883923530579,-0.20812459290027618,0.04771514981985092,-0.0288016889244318,local_avoidance,SAFE_PROGRESSING,NONE,1,0,"0.433,9.026;0.402,9.525;0.371,10.024;0.340,10.523;0.309,11.022;0.278,11.521;0.247,12.020",0,1,PASS_THROUGH,-1,0.9832434218112193,0.18218478481955974,-0.0064091844423164535,0.9,2.501634100113562,2.5046251014604346,0.0,0,0,0,DIRECT_LOCAL,PASS_THROUGH,0,BYPASS_VISIBLE,1,18,0.0,16.0,2.0,0.0,16.0,2.0,1,
162,5.433333,0.033333,0.4515877366065979,9.06827449798584,2.0510823726654053,-0.1304593507665743,-0.013002028688788414,0.679078970347195,-0.1959684904351716,0.04972058511401978,0.7085365437260995,0.0,16.0,2.0,0.9812197375383275,0.19275857078975372,-0.00720833214463363,0.9,0.6931613683700562,-0.21417929232120514,0.04855736345052719,-0.031992457807064056,local_avoidance,SAFE_PROGRESSING,NONE,1,0,"0.442,9.047;0.411,9.546;0.379,10.045;0.347,10.544;0.315,11.043;0.284,11.542;0.252,12.041",1,1,PASS_THROUGH,-1,0.9812452306462429,0.19276357885762962,0.0,0.9,2.478860319122237,2.481314693522097,0.0,0,0,0,DIRECT_LOCAL,PASS_THROUGH,0,BYPASS_VISIBLE,1,18,0.0,16.0,2.0,0.0,16.0,2.0,1,
163,5.466667,0.033333,0.4611653983592987,9.090048789978027,2.0519509315490723,-0.1309650323563684,-0.014840868301689625,0.6889129104258006,-0.201774670518796,0.05071630744491926,0.7196430779595975,0.0,16.0,2.0,0.9808227923070096,0.19476286885871466,-0.0073535709015416905,0.9,0.7018998265266418,-0.21969640254974365,0.04953480511903763,-0.034217916429042816,local_avoidance,SAFE_PROGRESSING,NONE,1,0,"0.452,9.068;0.419,9.567;0.387,10.066;0.354,10.565;0.322,11.064;0.289,11.563;0.257,12.062",0,1,PASS_THROUGH,-1,0.9812197375383275,0.19275857078975372,-0.00720833214463363,0.9,2.455751128254698,2.457650479362577,0.0,0,0,0,DIRECT_LOCAL,PASS_THROUGH,0,BYPASS_VISIBLE,1,18,0.0,16.0,2.0,0.0,16.0,2.0,1,
164,5.5,0.033333,0.4709970951080322,9.112116813659668,2.052830457687378,-0.13152845938151572,-0.01691731996834278,0.6987583930957418,-0.20785387606414799,0.051462448043144086,0.73083165590663,0.0,16.0,2.0,0.9804011234809142,0.1968689066279809,-0.007501378570937546,0.9,0.7102298736572266,-0.22516006231307983,0.050598129630088806,-0.03614228963851929,local_avoidance,SAFE_PROGRESSING,NONE,1,0,"0.461,9.090;0.428,9.589;0.395,10.088;0.361,10.587;0.328,11.086;0.295,11.584;0.261,12.083",0,1,PASS_THROUGH,-1,0.9812197375383275,0.19275857078975372,-0.00720833214463363,0.9,2.4323025925598856,2.433630777673002,0.0,0,0,0,DIRECT_LOCAL,PASS_THROUGH,0,BYPASS_VISIBLE,1,18,0.0,16.0,2.0,0.0,16.0,2.0,1,
165,5.533333,0.033333,0.48109009861946106,9.134475708007812,2.053722858428955,-0.1321476911912032,-0.01902991160750389,0.70851437620218,-0.21404327243561552,0.051985024171929406,0.7419633323138466,0.0,16.0,2.0,0.979953973804354,0.1990770119291832,-0.007651963565213101,0.9,0.7194154262542725,-0.23105096817016602,0.0516476184129715,-0.03811562806367874,local_avoidance,SAFE_PROGRESSING,NONE,1,0,"0.471,9.112;0.437,9.611;0.403,10.110;0.369,10.609;0.335,11.107;0.300,11.606;0.266,12.105",0,1,PASS_THROUGH,-1,0.9812197375383275,0.19275857078975372,-0.00720833214463363,0.9,2.408514512484026,2.4092565319115815,0.0,0,0,0,DIRECT_LOCAL,PASS_THROUGH,0,BYPASS_VISIBLE,1,18,0.0,16.0,2.0,0.0,16.0,2.0,1,
166,5.566667,0.033333,0.49144652485847473,9.157116889953613,2.0546295642852783,-0.13282279663273794,-0.021080896258354187,0.7181211566887866,-0.22021332638404673,0.05247664640455362,0.7529579690919249,0.0,16.0,2.0,0.979480295328015,0.2013887361413806,-0.007805640237796588,0.9,0.729755163192749,-0.23749962449073792,0.0526101216673851,-0.04020855575799942,local_avoidance,SAFE_PROGRESSING,NONE,1,0,"0.481,9.134;0.446,9.633;0.411,10.132;0.376,10.631;0.341,11.130;0.306,11.628;0.271,12.127",0,1,PASS_THROUGH,-1,0.9812197375383275,0.19275857078975372,-0.00720833214463363,0.9,2.384389066971819,2.384535775389325,0.0,0,0,0,DIRECT_LOCAL,PASS_THROUGH,0,BYPASS_VISIBLE,1,18,0.0,16.0,2.0,0.0,16.0,2.0,1,
167,5.6,0.033333,0.5020659565925598,9.180039405822754,2.0555505752563477,-0.13355834825219187,-0.023054493591189384,0.7276175997646558,-0.22632060705313606,0.053191880646000805,0.7638571625839723,0.0,16.0,2.0,0.9789782331853507,0.20380926164772462,-0.007962651310863957,0.9,0.7399623394012451,-0.24399012327194214,0.053499311208724976,-0.041717857122421265,local_avoidance,SAFE_PROGRESSING,NONE,1,0,"0.491,9.157;0.456,9.656;0.420,10.155;0.384,10.653;0.348,11.152;0.312,11.651;0.277,12.149",0,1,PASS_THROUGH,-1,0.9812197375383275,0.19275857078975372,-0.00720833214463363,0.9,2.359935367955799,2.359470104431285,0.0,0,0,0,DIRECT_LOCAL,PASS_THROUGH,0,BYPASS_VISIBLE,1,18,0.0,16.0,2.0,0.0,16.0,2.0,1,
168,5.633333,0.033333,0.5129486322402954,9.203241348266602,2.056485414505005,-0.13435940970321483,-0.02490612491965294,0.7371189788230439,-0.23240436080643911,0.05420230272755426,0.7747864644429109,0.0,16.0,2.0,0.9784458012916115,0.20634396070034355,-0.00812304236792651,0.9,0.7494118213653564,-0.2508847713470459,0.054350510239601135,-0.043751418590545654,local_avoidance,SAFE_PROGRESSING,NONE,1,0,"0.502,9.180;0.465,9.679;0.429,10.177;0.392,10.676;0.355,11.175;0.319,11.673;0.282,12.172",1,1,PASS_THROUGH,-1,0.9784780836837077,0.20635076871836278,0.0,0.9,2.3351558438447633,2.334061874788938,0.0,0,0,0,DIRECT_LOCAL,PASS_THROUGH,0,BYPASS_VISIBLE,1,18,0.0,16.0,2.0,0.0,16.0,2.0,1,
169,5.666667,0.033333,0.5240978598594666,9.22672176361084,2.057433605194092,-0.13522598416544396,-0.02660399116575718,0.7467261140068001,-0.23854755338676897,0.055373577933452295,0.7858568939060484,0.0,16.0,2.0,0.9778819540267738,0.20899333271641135,-0.008286788815097234,0.9,0.7586034536361694,-0.2586808204650879,0.055161524564027786,-0.04709897190332413,local_avoidance,SAFE_PROGRESSING,NONE,1,0,"0.513,9.203;0.475,9.702;0.438,10.200;0.400,10.699;0.362,11.198;0.325,11.696;0.287,12.195",0,1,PASS_THROUGH,-1,0.9784458012916115,0.20634396070034355,-0.00812304236792651,0.9,2.3100538112242006,2.308311664098698,0.0,0,0,0,DIRECT_LOCAL,PASS_THROUGH,0,BYPASS_VISIBLE,1,18,0.0,16.0,2.0,0.0,16.0,2.0,1,
170,5.7,0.033333,0.5355202555656433,9.250482559204102,2.0583930015563965,-0.1361566629477845,-0.028231540694832802,0.7564667437298658,-0.24485647992495374,0.05654351245379518,0.7971159256539277,0.0,16.0,2.0,0.9772857955720521,0.2117569500809005,-0.008453866898425904,0.9,0.7682327032089233,-0.26712101697921753,0.05590996891260147,-0.05098109319806099,local_avoidance,SAFE_PROGRESSING,NONE,1,0,"0.524,9.227;0.486,9.725;0.447,10.224;0.408,10.722;0.370,11.221;0.331,11.719;0.293,12.218",0,1,PASS_THROUGH,-1,0.9784458012916115,0.20634396070034355,-0.00812304236792651,0.9,2.2846310812483694,2.282216401621869,0.0,0,0,0,DIRECT_LOCAL,PASS_THROUGH,0,BYPASS_VISIBLE,1,18,0.0,16.0,2.0,0.0,16.0,2.0,1,
171,5.733333,0.033333,0.5472263097763062,9.274527549743652,2.0593607425689697,-0.13715343941911864,-0.02993328496813774,0.7663143846443745,-0.25144766638588606,0.05763097631316755,0.808569721467854,0.0,16.0,2.0,0.9766555472091355,0.21463822717054348,-0.00862400966548913,0.9,0.7771568298339844,-0.2757318615913391,0.05663881078362465,-0.054793670773506165,local_avoidance,SAFE_PROGRESSING,NONE,1,0,"0.536,9.250;0.496,9.749;0.456,10.247;0.417,10.746;0.377,11.244;0.338,11.743;0.298,12.241",0,1,PASS_THROUGH,-1,0.9784458012916115,0.20634396070034355,-0.00812304236792651,0.9,2.2588860927011316,2.2557701314783856,0.0,0,0,0,DIRECT_LOCAL,PASS_THROUGH,0,BYPASS_VISIBLE,1,18,0.0,16.0,2.0,0.0,16.0,2.0,1,
172,5.766667,0.033333,0.5592299103736877,9.298855781555176,2.0603349208831787,-0.13821968983579408,-0.031774915754795074,0.7762127224480098,-0.2584180174004362,0.058548962320604664,0.8201914674002301,0.0,16.0,2.0,0.9759889084202801,0.21764251926565442,-0.008796843086558846,0.9,0.785525381565094,-0.2839536666870117,0.0574163943529129,-0.05748067796230316,local_avoidance,SAFE_PROGRESSING,NONE,1,0,"0.547,9.275;0.507,9.773;0.466,10.271;0.426,10.770;0.385,11.268;0.344,11.766;0.304,12.265",0,1,PASS_THROUGH,-1,0.9784458012916115,0.20634396070034355,-0.00812304236792651,0.9,2.2328147628958193,2.228970560548154,0.0,0,0,0,DIRECT_LOCAL,PASS_THROUGH,0,BYPASS_VISIBLE,1,18,0.0,16.0,2.0,0.0,16.0,2.0,1,
173,5.8,0.033333,0.571546733379364,9.323463439941406,2.061314344406128,-0.1393547269118955,-0.03370531648397446,0.7860735502776744,-0.26580484559150985,0.059226100238973275,0.8319083923940128,0.0,16.0,2.0,0.9752842523037402,0.22077166531712406,-0.008972123574616428,0.9,0.793473482131958,-0.29178565740585327,0.05828993767499924,-0.059186145663261414,local_avoidance,SAFE_PROGRESSING,NONE,1,0,"0.559,9.299;0.518,9.797;0.476,10.295;0.434,10.794;0.393,11.292;0.351,11.790;0.310,12.288",0,1,PASS_THROUGH,-1,0.9784458012916115,0.20634396070034355,-0.00812304236792651,0.9,2.206417170305837,2.201817762150974,0.0,0,0,0,DIRECT_LOCAL,PASS_THROUGH,0,BYPASS_VISIBLE,1,18,0.0,16.0,2.0,0.0,16.0,2.0,1,
174,5.833333,0.033333,0.5841915011405945,9.348342895507812,2.0622994899749756,-0.14055176441059947,-0.035611171275377274,0.795793928481743,-0.2735642300762635,0.05964807652998043,0.8436132156500104,0.0,16.0,2.0,0.9745411807773345,0.22402180661299304,-0.00914970660563846,0.9,0.8020540475845337,-0.2994583249092102,0.05917593091726303,-0.060535743832588196,local_avoidance,SAFE_PROGRESSING,NONE,1,0,"0.572,9.323;0.529,9.822;0.486,10.320;0.444,10.818;0.401,11.316;0.358,11.814;0.316,12.313",1,1,PASS_THROUGH,-1,0.9745819762346445,0.2240311844332724,0.0,0.9,2.1796961415770317,2.1743159348955063,0.0,0,0,0,DIRECT_LOCAL,PASS_THROUGH,0,BYPASS_VISIBLE,1,18,0.0,16.0,2.0,0.0,16.0,2.0,1,
175,5.866667,0.033333,0.5971754789352417,9.373485565185547,2.063291072845459,-0.1418017229460393,-0.0374176949262619,0.8053015243617285,-0.28159028087699417,0.05992843156026127,0.8552163751548382,0.0,16.0,2.0,0.9737598492283146,0.2273867034823222,-0.009329689721144476,0.9,0.8104846477508545,-0.30700957775115967,0.06004742905497551,-0.061890244483947754,local_avoidance,SAFE_PROGRESSING,NONE,1,0,"0.584,9.348;0.540,9.846;0.497,10.345;0.453,10.843;0.409,11.341;0.365,11.839;0.322,12.337",0,1,PASS_THROUGH,-1,0.9745411807773345,0.22402180661299304,-0.00914970660563846,0.9,2.1526588541782794,2.14647142492172,0.0,0,0,0,DIRECT_LOCAL,PASS_THROUGH,0,BYPASS_VISIBLE,1,18,0.0,16.0,2.0,0.0,16.0,2.0,1,
176,5.9,0.033333,0.6105058789253235,9.398880958557129,2.0642905235290527,-0.14309794041275053,-0.039082515984773636,0.8145863144858766,-0.2897586340876973,0.06017793415308077,0.8666788987479641,0.0,16.0,2.0,0.9729400073001602,0.23086199370592161,-0.00951220567961858,0.9,0.8182272911071777,-0.31445369124412537,0.06092296540737152,-0.06304207444190979,local_avoidance,SAFE_PROGRESSING,NONE,1,0,"0.597,9.373;0.552,9.871;0.507,10.369;0.463,10.867;0.418,11.365;0.373,11.863;0.328,12.361",0,1,PASS_THROUGH,-1,0.9745411807773345,0.22402180661299304,-0.00914970660563846,0.9,2.1253146225606976,2.1182938095371804,0.0,0,0,0,DIRECT_LOCAL,PASS_THROUGH,0,BYPASS_VISIBLE,1,18,0.0,16.0,2.0,0.0,16.0,2.0,1,
177,5.933333,0.033333,0.6241858601570129,9.424520492553711,2.065300703048706,-0.14443631136911256,-0.04055840149521828,0.8236614144881627,-0.2979648147196593,0.06038215549467814,0.8779790209508115,0.0,16.0,2.0,0.9720809645111466,0.23444521119578493,-0.009697493616543275,0.9,0.8224838376045227,-0.320173978805542,0.06206768751144409,-0.061331287026405334,local_avoidance,SAFE_PROGRESSING,NONE,1,0,"0.611,9.399;0.564,9.897;0.518,10.395;0.472,10.893;0.426,11.390;0.380,11.888;0.334,12.386",0,1,PASS_THROUGH,-1,0.9745411807773345,0.22402180661299304,-0.00914970660563846,0.9,2.097675953198856,2.0897922360018986,0.0,0,0,0,DIRECT_LOCAL,PASS_THROUGH,0,BYPASS_VISIBLE,1,18,0.0,16.0,2.0,0.0,16.0,2.0,1,
178,5.966667,0.033333,0.6382147669792175,9.450394630432129,2.0663270950317383,-0.14580916432377028,-0.04161923751235008,0.8324525058298634,-0.30611029129642964,0.06026172372615006,0.8889950282461936,0.0,16.0,2.0,0.9711830061871612,0.23812987046037717,-0.009886014757847492,0.9,0.8278508186340332,-0.3256042003631592,0.06338769197463989,-0.05795430392026901,local_avoidance,SAFE_PROGRESSING,NONE,1,0,"0.624,9.425;0.577,9.922;0.530,10.420;0.482,10.918;0.435,11.416;0.388,11.913;0.341,12.411",0,1,PASS_THROUGH,-1,0.9745411807773345,0.22402180661299304,-0.00914970660563846,0.9,2.092617438698169,2.0609780686390198,0.0,0,0,0,DIRECT_LOCAL,PASS_THROUGH,0,BYPASS_VISIBLE,1,18,0.0,16.0,2.0,0.0,16.0,2.0,1,
179,6.0,0.033333,0.6525872945785522,9.47649097442627,2.0673770904541016,-0.14719736702260777,-0.042088624089956284,0.8407909481878469,-0.31407697979679927,0.05988970877993031,0.8995335152236644,0.0,16.0,2.0,0.9702493850893927,0.2418978128832378,-0.01007863363563536,0.9,0.8362343311309814,-0.3319268822669983,0.06460681557655334,-0.054915159940719604,local_avoidance,SAFE_PROGRESSING,NONE,1,0,"0.638,9.450;0.590,9.948;0.541,10.446;0.493,10.943;0.444,11.441;0.396,11.939;0.347,12.436",0,1,PASS_THROUGH,-1,0.9745411807773345,0.22402180661299304,-0.00914970660563846,0.9,2.0640605026846486,2.031866933258117,0.0,0,0,0,DIRECT_LOCAL,PASS_THROUGH,0,BYPASS_VISIBLE,1,18,0.0,16.0,2.0,0.0,16.0,2.0,1,
180,6.033333,0.033333,0.6672936677932739,9.502792358398438,2.068455696105957,-0.14858400583524792,-0.04202067852020264,0.8486184131601584,-0.32178651092165034,0.059821568128469706,0.9095484537829439,0.0,16.0,2.0,0.969283239887861,0.245732362822186,-0.010276513723875386,0.9,0.846150815486908,-0.3383252024650574,0.06565554440021515,-0.051514968276023865,local_avoidance,SAFE_PROGRESSING,NONE,1,0,"0.653,9.476;0.603,9.974;0.553,10.472;0.503,10.969;0.454,11.467;0.404,11.964;0.354,12.462",1,1,PASS_THROUGH,-1,0.9693344253608409,0.2457453393461781,0.0,0.9,2.0352290469467222,2.002480465734387,0.0,0,0,0,DIRECT_LOCAL,PASS_THROUGH,0,BYPASS_VISIBLE,1,18,0.0,16.0,2.0,0.0,16.0,2.0,1,
181,6.066667,0.033333,0.6823238134384155,9.52928638458252,2.0695650577545166,-0.1499597201320845,-0.04149990901350975,0.8561006095629369,-0.329246795342477,0.0604794210144666,0.9192222072510912,0.0,16.0,2.0,0.9682862607055103,0.249623470905189,-0.01048046288037852,0.9,0.8537003397941589,-0.3442990779876709,0.0666043758392334,-0.04795267805457115,local_avoidance,SAFE_PROGRESSING,NONE,1,0,"0.667,9.503;0.616,10.000;0.565,10.498;0.514,10.995;0.463,11.492;0.412,11.990;0.361,12.487",0,1,PASS_THROUGH,-1,0.969283239887861,0.245732362822186,-0.010276513723875386,0.9,2.0061463063954217,1.9728359602133394,0.0,0,0,0,DIRECT_LOCAL,PASS_THROUGH,0,BYPASS_VISIBLE,1,18,0.0,16.0,2.0,0.0,16.0,2.0,1,
182,6.1,0.033333,0.697669267654419,9.555967330932617,2.0707054138183594,-0.15131330859451173,-0.04049331694841385,0.8634839670639277,-0.3365168704012746,0.06166059672017129,0.9287896396003856,0.0,16.0,2.0,0.9672607542262177,0.25355933956709475,-0.010690867692907634,0.9,0.8615119457244873,-0.35186949372291565,0.0673760250210762,-0.04659907892346382,local_avoidance,SAFE_PROGRESSING,NONE,1,0,"0.682,9.529;0.587,10.020;0.491,10.511;0.396,11.002;0.300,11.492;0.204,11.983;0.109,12.474",0,1,PASS_THROUGH,-1,0.969283239887861,0.245732362822186,-0.010276513723875386,0.9,1.9768312542872444,1.9429439917280353,0.0,0,0,1,DIRECT_LOCAL,PASS_THROUGH,0,BYPASS_VISIBLE,1,18,0.0,16.0,2.0,0.0,16.0,2.0,1,
183,6.133333,0.033333,0.7133252620697021,9.582837104797363,2.0718743801116943,-0.15263148565073353,-0.039143502712249756,0.8709242357107281,-0.3436890316209834,0.06314358519797396,0.9384126422616752,0.0,16.0,2.0,0.9662096615390778,0.2575265210804,-0.010907836117539225,0.9,0.8713995814323425,-0.3614497184753418,0.06793887168169022,-0.04733172059059143,local_avoidance,SAFE_PROGRESSING,NONE,1,0,"0.698,9.556;0.601,10.046;0.504,10.537;0.407,11.028;0.310,11.518;0.213,12.009;0.116,12.499",0,1,PASS_THROUGH,-1,0.969283239887861,0.245732362822186,-0.010276513723875386,0.9,1.947296290480421,1.9128069280499913,0.0,0,0,1,DIRECT_LOCAL,PASS_THROUGH,0,BYPASS_VISIBLE,1,18,0.0,16.0,2.0,0.0,16.0,2.0,1,
184,6.166667,0.033333,0.7292920351028442,9.609898567199707,2.0730674266815186,-0.15391368301351752,-0.03783087432384491,0.8785228422264896,-0.3509307731590532,0.0649794066114204,0.9482495004729992,0.0,16.0,2.0,0.9651326351402252,0.2615245601582511,-0.011131083564424687,0.9,0.8805202841758728,-0.37093430757522583,0.06852179765701294,-0.047407008707523346,local_avoidance,SAFE_PROGRESSING,NONE,1,0,"0.713,9.583;0.615,10.073;0.517,10.563;0.418,11.054;0.320,11.544;0.222,12.034;0.123,12.524",0,1,PASS_THROUGH,-1,0.969283239887861,0.245732362822186,-0.010276513723875386,0.9,1.9175458544629358,1.88242503074121,0.0,0,0,1,DIRECT_LOCAL,PASS_THROUGH,0,BYPASS_VISIBLE,1,18,0.0,16.0,2.0,0.0,16.0,2.0,1,
185,6.2,0.033333,0.745577335357666,9.63715934753418,2.0742812156677246,-0.15517078845722868,-0.036744408309459686,0.8863538438353483,-0.35845686085357187,0.06682486451456926,0.958425803123061,0.0,16.0,2.0,0.9640260776812344,0.2655648173453601,-0.011359988506153839,0.9,0.8814566731452942,-0.3792114853858948,0.06944778561592102,-0.04669572412967682,local_avoidance,SAFE_PROGRESSING,NONE,1,0,"0.729,9.610;0.630,10.100;0.530,10.590;0.430,11.080;0.330,11.570;0.230,12.060;0.131,12.550",0,1,PASS_THROUGH,-1,0.969283239887861,0.245732362822186,-0.010276513723875386,0.9,1.8875827067234965,1.8517921961175001,0.0,0,0,1,DIRECT_LOCAL,PASS_THROUGH,0,BYPASS_VISIBLE,1,18,0.0,16.0,2.0,0.0,16.0,2.0,1,
186,6.233333,0.033333,0.7621943354606628,9.664618492126465,2.07551646232605,-0.156405090962935,-0.03564088046550751,0.8942472604948141,-0.36640858881559757,0.06769757390608669,0.9687705499100846,0.0,16.0,2.0,0.9628881666309446,0.26965154386058354,-0.011594112976080668,0.9,0.8864322900772095,-0.3879343867301941,0.07046949118375778,-0.04375530034303665,local_avoidance,SAFE_PROGRESSING,NONE,1,0,"0.746,9.637;0.644,10.127;0.543,10.616;0.442,11.106;0.341,11.596;0.239,12.085;0.138,12.575",1,1,PASS_THROUGH,-1,0.9629528905337323,0.26966966943416126,0.0,0.9,1.8574038125591084,1.820909509468731,0.0,0,0,1,DIRECT_LOCAL,PASS_THROUGH,0,BYPASS_VISIBLE,1,18,0.0,16.0,2.0,0.0,16.0,2.0,1,
187,6.266667,0.033333,0.7791556119918823,9.692269325256348,2.076775074005127,-0.1576029730766885,-0.0344492644071579,0.9017924310991114,-0.37479570271077145,0.0675114271633982,0.9789071459314951,0.0,16.0,2.0,0.961721143766897,0.2737743720946384,-0.011833630714126457,0.9,0.887997031211853,-0.3943200707435608,0.0717131644487381,-0.0367516353726387,local_avoidance,SAFE_PROGRESSING,NONE,1,0,"0.762,9.665;0.659,10.154;0.557,10.643;0.454,11.133;0.351,11.622;0.248,12.111;0.146,12.601",0,1,PASS_THROUGH,-1,0.9628881666309446,0.26965154386058354,-0.011594112976080668,0.9,1.8270140563513952,1.7897842206513053,0.0,0,0,1,DIRECT_LOCAL,PASS_THROUGH,0,BYPASS_VISIBLE,1,18,0.0,16.0,2.0,0.0,16.0,2.0,1,
188,6.3,0.033333,0.7964686751365662,9.720088005065918,2.07806134223938,-0.15874901609077363,-0.03291457146406174,0.9086033775066867,-0.38350269024564926,0.06619907796021235,0.9884415657817063,0.0,16.0,2.0,0.960527961100238,0.2779210971872247,-0.012078894107865642,0.9,0.8874435424804688,-0.400128036737442,0.072919100522995,-0.028859838843345642,local_avoidance,SAFE_PROGRESSING,NONE,1,0,"0.779,9.692;0.675,10.181;0.571,10.670;0.466,11.159;0.362,11.648;0.258,12.137;0.153,12.626",0,1,PASS_THROUGH,-1,0.9628881666309446,0.26965154386058354,-0.011594112976080668,0.9,1.7964249733990825,1.758442020643229,0.0,0,0,1,DIRECT_LOCAL,PASS_THROUGH,0,BYPASS_VISIBLE,1,18,0.0,16.0,2.0,0.0,16.0,2.0,1,
189,6.333333,0.033333,0.8141318559646606,9.748042106628418,2.0793776512145996,-0.15981677710175618,-0.030681930482387543,0.9143299215649816,-0.39228981742509555,0.06406344228327504,0.9969927938363561,0.0,16.0,2.0,0.9593151910802304,0.2820679357375624,-0.012330603855920398,0.9,0.8980990648269653,-0.40948158502578735,0.07330179959535599,-0.023009585216641426,local_avoidance,SAFE_PROGRESSING,NONE,1,0,"0.796,9.720;0.691,10.209;0.585,10.697;0.479,11.186;0.373,11.675;0.267,12.163;0.161,12.652",0,1,PASS_THROUGH,-1,0.9628881666309446,0.26965154386058354,-0.011594112976080668,0.9,1.7656669866870462,1.7269198172077154,0.0,0,0,1,DIRECT_LOCAL,PASS_THROUGH,0,BYPASS_VISIBLE,1,18,0.0,16.0,2.0,0.0,16.0,2.0,1,
190,6.366667,0.033333,0.8321352005004883,9.776097297668457,2.080717086791992,-0.16078967084014562,-0.028075844049453735,0.9189851642939377,-0.4009724210141652,0.06281717494488462,1.0046186401189126,0.0,16.0,2.0,0.958087464922216,0.28619909653039555,-0.012589150253565823,0.9,0.9083855152130127,-0.41925641894340515,0.07290446013212204,-0.019535094499588013,local_avoidance,SAFE_PROGRESSING,NONE,1,0,"0.814,9.748;0.707,10.236;0.599,10.725;0.492,11.213;0.384,11.701;0.276,12.190;0.169,12.678",0,1,PASS_THROUGH,-1,0.9628881666309446,0.26965154386058354,-0.011594112976080668,0.9,1.7347818540057365,1.6952589526997075,0.0,0,0,1,DIRECT_LOCAL,PASS_THROUGH,0,BYPASS_VISIBLE,1,18,0.0,16.0,2.0,0.0,16.0,2.0,1,
191,6.4,0.033333,0.8504688739776611,9.804231643676758,2.0820674896240234,-0.1616746655512351,-0.025425301864743233,0.9231299809917994,-0.4095831408904644,0.06277820512985025,1.0118638318207365,0.0,16.0,2.0,0.9568432749104762,0.29032005836408686,-0.012853441954130332,0.9,0.9025817513465881,-0.42462974786758423,0.07209484279155731,-0.015478521585464478,local_avoidance,SAFE_PROGRESSING,NONE,1,0,"0.832,9.776;0.723,10.264;0.614,10.752;0.505,11.240;0.395,11.728;0.286,12.216;0.177,12.704",0,1,PASS_THROUGH,-1,0.9628881666309446,0.26965154386058354,-0.011594112976080668,0.9,1.7038158021434449,1.6634891502054638,0.0,0,0,1,DIRECT_LOCAL,PASS_THROUGH,0,BYPASS_VISIBLE,1,18,0.0,16.0,2.0,0.0,16.0,2.0,1,
192,6.433333,0.033333,0.8691280484199524,9.832439422607422,2.0834169387817383,-0.16246999729016853,-0.022372698411345482,0.9271068676153718,-0.4181994222300529,0.06172341476311605,1.0189345811499166,0.0,16.0,2.0,0.9555835441225174,0.2944281153407763,-0.01312155094214882,0.9,0.8975547552108765,-0.42749956250190735,0.0708734542131424,-0.004667883738875389,local_avoidance,SAFE_PROGRESSING,NONE,1,0,"0.850,9.804;0.740,10.292;0.629,10.779;0.518,11.267;0.407,11.754;0.296,12.242;0.185,12.729",1,1,PASS_THROUGH,-1,0.955665818592598,0.29445346520925764,0.0,0.9,1.6728037476437934,1.6316235985579768,0.0,0,0,1,DIRECT_LOCAL,PASS_THROUGH,0,BYPASS_VISIBLE,1,18,0.0,16.0,2.0,0.0,16.0,2.0,1,
193,6.466667,0.033333,0.8881047964096069,9.860710144042969,2.0847535133361816,-0.163149794325037,-0.01862713322043419,0.9305610333454086,-0.4267052076966419,0.05847137153562053,1.0253975191824707,0.0,16.0,2.0,0.9543161137679951,0.29849861048241944,-0.013391584776121113,0.9,0.8966077566146851,-0.4347688555717468,0.06930740177631378,-0.0024061293806880713,local_avoidance,SAFE_PROGRESSING,NONE,1,0,"0.869,9.832;0.756,10.320;0.644,10.807;0.531,11.294;0.419,11.781;0.306,12.268;0.193,12.755",0,1,PASS_THROUGH,-1,0.9555835441225174,0.2944281153407763,-0.01312155094214882,0.9,1.6417646831135695,1.599681292201101,0.0,0,0,1,DIRECT_LOCAL,PASS_THROUGH,0,BYPASS_VISIBLE,1,18,0.0,16.0,2.0,0.0,16.0,2.0,1,
194,6.5,0.033333,0.9073823094367981,9.889016151428223,2.0860674381256104,-0.16369252748897792,-0.014560846611857414,0.9329506895215222,-0.43491498910190807,0.05386762123392559,1.0307520348956865,0.0,16.0,2.0,0.9530481196445583,0.302510565245831,-0.013661608859117417,0.9,0.8979657888412476,-0.44044601917266846,0.0674988254904747,0.0029342658817768097,local_avoidance,SAFE_PROGRESSING,NONE,1,0,"0.888,9.861;0.774,10.347;0.659,10.834;0.545,11.321;0.430,11.808;0.316,12.294;0.201,12.781",0,1,PASS_THROUGH,-1,0.9555835441225174,0.2944281153407763,-0.01312155094214882,0.9,1.6107238571249818,1.567700393962859,0.0,0,0,1,DIRECT_LOCAL,PASS_THROUGH,0,BYPASS_VISIBLE,1,18,0.0,16.0,2.0,0.0,16.0,2.0,1,
195,6.533333,0.033333,0.9269393682479858,9.91732406616211,2.0873544216156006,-0.1641023351249259,-0.01055727805942297,0.9340480741119356,-0.44276385150926134,0.04945593289213884,1.034858213599217,0.0,16.0,2.0,0.9517797491185489,0.306465765139169,-0.013929966457107503,0.9,0.9048557281494141,-0.44738736748695374,0.06532585620880127,0.005601915530860424,local_avoidance,SAFE_PROGRESSING,NONE,1,0,"0.907,9.889;1.239,10.263;1.571,10.637;1.902,11.012;2.234,11.386;2.566,11.760;2.897,12.134",0,1,PASS_THROUGH,-1,0.9555835441225174,0.2944281153407763,-0.01312155094214882,0.9,1.5797259000460118,1.5357259671365013,0.0,0,0,1,DIRECT_LOCAL,PASS_THROUGH,0,BYPASS_VISIBLE,1,18,0.0,16.0,2.0,0.0,16.0,2.0,1,
196,6.566667,0.033333,0.9467549920082092,9.945598602294922,2.088609218597412,-0.16438906157725308,-0.006923486944288015,0.9341729810239244,-0.4502743485648547,0.04709586439110552,1.0380964155093568,0.0,16.0,2.0,0.9505096696819672,0.3103704975080241,-0.014195848607933633,0.9,0.9202528595924377,-0.46239182353019714,0.06244463846087456,-0.009611321613192558,local_avoidance,SAFE_PROGRESSING,NONE,1,0,"0.927,9.917;1.257,10.293;1.587,10.668;1.918,11.044;2.248,11.419;2.578,11.794;2.908,12.170",0,1,PASS_THROUGH,-1,0.9555835441225174,0.2944281153407763,-0.01312155094214882,0.9,1.5488226378780308,1.503805157366541,0.0,0,0,1,DIRECT_LOCAL,PASS_THROUGH,0,BYPASS_VISIBLE,1,18,0.0,16.0,2.0,0.0,16.0,2.0,1,
197,6.6,0.033333,0.9668193459510803,9.973832130432129,2.0898215770721436,-0.16458103325815107,-0.004992271773517132,0.9342672124099227,-0.45770388162600234,0.04837585333034171,1.0414836967639751,0.0,16.0,2.0,0.9492306829491693,0.3142484193011834,-0.014458268034633548,0.9,0.9300398230552673,-0.47864553332328796,0.05921698734164238,-0.03206605464220047,local_avoidance,SAFE_PROGRESSING,NONE,1,0,"0.947,9.946;1.276,10.322;1.604,10.699;1.933,11.076;2.262,11.452;2.591,11.829;2.919,12.206",0,1,PASS_THROUGH,-1,0.9555835441225174,0.2944281153407763,-0.01312155094214882,0.9,1.5180685421582845,1.4719560117703887,0.0,0,0,1,DIRECT_LOCAL,PASS_THROUGH,0,BYPASS_VISIBLE,1,18,0.0,16.0,2.0,0.0,16.0,2.0,1,
198,6.633333,0.033333,0.9871456623077393,10.002042770385742,2.0909759998321533,-0.1647547110125266,-0.005845312494784594,0.9354252472785551,-0.4655853652480931,0.052182215174878824,1.0461898055132746,0.0,16.0,2.0,0.9479191469875139,0.31817093844692024,-0.014715457936136597,0.9,0.9325212836265564,-0.5015795230865479,0.055406954139471054,-0.07681705802679062,local_avoidance,SAFE_PROGRESSING,NONE,1,0,"0.967,9.974;1.294,10.352;1.621,10.730;1.949,11.108;2.276,11.486;2.603,11.864;2.930,12.242",1,1,PASS_THROUGH,-1,0.9480217970937976,0.31820539315832863,0.0,0.9,1.4874900776685338,1.4401670999011809,0.0,0,0,1,DIRECT_LOCAL,PASS_THROUGH,0,BYPASS_VISIBLE,1,18,0.0,16.0,2.0,0.0,16.0,2.0,1,
199,6.666667,0.033333,1.0077749490737915,10.030269622802734,2.092045783996582,-0.16503070134784217,-0.010554322972893715,0.9381584781627805,-0.4745594615652154,0.05558525565598347,1.052823695286211,0.0,16.0,2.0,0.9465346104578513,0.32225500086400705,-0.014964812846899486,0.9,0.9251255393028259,-0.5136451721191406,0.05146710202097893,-0.12306888401508331,local_avoidance,SAFE_PROGRESSING,NONE,1,0,"0.987,10.002;1.345,10.352;1.702,10.701;2.060,11.051;2.417,11.400;2.775,11.750;3.133,12.099",0,1,PASS_THROUGH,-1,0.9479191469875139,0.31817093844692024,-0.014715457936136597,0.9,1.4570867078171374,1.4084019143158941,0.0,0,0,1,DIRECT_LOCAL,PASS_THROUGH,0,BYPASS_VISIBLE,1,18,0.0,16.0,2.0,0.0,16.0,2.0,1,
200,6.7,0.033333,1.0287679433822632,10.058542251586914,2.093008518218994,-0.16557098753562177,-0.019798969849944115,0.9420072620379174,-0.48499414742830915,0.0550013499617889,1.0609534171062862,0.0,16.0,2.0,0.9450193647864356,0.3266608380305278,-0.015201877378641891,0.9,0.9120911955833435,-0.5031580924987793,0.0493854284286499,-0.13405534625053406,local_avoidance,SAFE_PROGRESSING,NONE,1,0,"1.008,10.030;1.364,10.381;1.720,10.732;2.076,11.083;2.432,11.434;2.788,11.785;3.145,12.136",0,1,PASS_THROUGH,-1,0.9479191469875139,0.31817093844692024,-0.014715457936136597,0.9,1.42683646892265,1.3766313335404363,0.0,0,0,1,DIRECT_LOCAL,PASS_THROUGH,0,BYPASS_VISIBLE,1,18,0.0,16.0,2.0,0.0,16.0,2.0,1,
201,6.733333,0.033333,1.050171136856079,10.08685302734375,2.093878746032715,-0.16648415935074493,-0.03241586312651634,0.9455806677216816,-0.4960816785949766,0.047197931082754774,1.0688533462103598,0.0,16.0,2.0,0.9433291017959956,0.33150013988758903,-0.015422806465391846,0.9,0.8679643869400024,-0.4708046019077301,0.051368918269872665,-0.11340683698654175,local_avoidance,SAFE_PROGRESSING,NONE,1,0,"1.029,10.059;1.383,10.411;1.738,10.763;2.093,11.116;2.447,11.468;2.802,11.821;3.157,12.173",0,1,PASS_THROUGH,-1,0.9479191469875139,0.31817093844692024,-0.014715457936136597,0.9,1.396728992027653,1.3448680090104683,0.0,0,0,1,DIRECT_LOCAL,PASS_THROUGH,0,BYPASS_VISIBLE,1,18,0.0,16.0,2.0,0.0,16.0,2.0,1,
202,6.766667,0.033333,1.0719627141952515,10.11513900756836,2.09472918510437,-0.16779363897239863,-0.046515777707099915,0.9463964598844993,-0.5052801272442525,0.02916160844105775,1.0732309470364476,0.0,16.0,2.0,0.9414463616431981,0.3368003249424295,-0.015629755834894336,0.9,0.8258292078971863,-0.4355877935886383,0.05580491945147514,-0.08469206839799881,local_avoidance,SAFE_PROGRESSING,NONE,1,0,"1.050,10.087;1.403,10.441;1.756,10.795;2.110,11.149;2.463,11.503;2.816,11.857;3.169,12.211",0,1,PASS_THROUGH,-1,0.9479191469875139,0.31817093844692024,-0.014715457936136597,0.9,1.3667975237680634,1.3131935139103246,0.0,0,0,1,DIRECT_LOCAL,PASS_THROUGH,0,BYPASS_VISIBLE,1,18,0.0,16.0,2.0,0.0,16.0,2.0,1,
203,6.8,0.033333,1.094007968902588,10.143266677856445,2.095654249191284,-0.16960173840160547,-0.05911660194396973,0.9413329570786743,-0.5091727388474702,0.0034068440620097923,1.0702225098802483,0.0,16.0,2.0,0.9393295837472446,0.3426502604554982,-0.01583452263275861,0.9,0.8047599792480469,-0.4013550877571106,0.060716141015291214,-0.04866264760494232,local_avoidance,SAFE_PROGRESSING,NONE,1,0,"1.072,10.115;1.424,10.471;1.775,10.826;2.127,11.182;2.478,11.537;2.830,11.893;3.181,12.248",0,1,PASS_THROUGH,-1,0.9479191469875139,0.31817093844692024,-0.014715457936136597,0.9,1.337140114980984,1.2817783484388805,0.0,0,0,1,DIRECT_LOCAL,PASS_THROUGH,0,BYPASS_VISIBLE,1,18,0.0,16.0,2.0,0.0,16.0,2.0,1,
204,6.833333,0.033333,1.1160666942596436,10.171050071716309,2.096726655960083,-0.17212269265056981,-0.06635868549346924,0.9289526066581867,-0.5053157667740453,-0.021336591127721856,1.0577108393547041,0.0,16.0,2.0,0.9369022692691906,0.3492226395984719,-0.016052595743894286,0.9,0.8120790123939514,-0.36402183771133423,0.06466328352689743,0.016372838988900185,local_avoidance,SAFE_PROGRESSING,NONE,1,0,"1.094,10.143;1.444,10.500;1.794,10.858;2.144,11.215;2.494,11.572;2.844,11.929;3.194,12.286",1,1,PASS_THROUGH,-1,0.9370230058232635,0.34926764315913383,0.0,0.9,1.3160112039668317,1.2508581691414302,0.0,0,0,1,DIRECT_LOCAL,PASS_THROUGH,0,BYPASS_VISIBLE,1,18,0.0,16.0,2.0,0.0,16.0,2.0,1,
205,6.866667,0.033333,1.1378436088562012,10.198328018188477,2.0979888439178467,-0.1753213321806106,-0.06342142075300217,0.9111960694692965,-0.49329720902786556,-0.03508855217462026,1.036750509980433,0.0,16.0,2.0,0.9341775956568342,0.3564360553426342,-0.01629595730845706,0.9,0.8366237878799438,-0.33281251788139343,0.06644751131534576,0.08506083488464355,local_avoidance,SAFE_PROGRESSING,NONE,1,0,"1.116,10.171;1.464,10.530;1.813,10.888;2.161,11.247;2.509,11.606;2.858,11.965;3.206,12.323",0,1,PASS_THROUGH,-1,0.9369022692691906,0.3492226395984719,-0.016052595743894286,0.9,1.2253303171319998,1.2206449141615185,0.0,0,0,1,DIRECT_LOCAL,PASS_THROUGH,0,BYPASS_VISIBLE,1,18,0.0,16.0,2.0,0.0,16.0,2.0,1,
206,6.9,0.033333,1.1590561866760254,10.225037574768066,2.0994513034820557,-0.1785838244343186,-0.047345053404569626,0.8924775130029835,-0.47460293411411275,-0.03226079557046259,1.0113381310009795,0.0,16.0,2.0,0.9313837572161812,0.36366148317489777,-0.01657173644804426,0.9,0.8754687905311584,-0.32733216881752014,0.06553931534290314,0.09680304676294327,local_avoidance,SAFE_PROGRESSING,NONE,1,0,"1.138,10.198;1.515,10.527;1.891,10.856;2.268,11.184;2.645,11.513;3.022,11.842;3.399,12.170",0,1,PASS_THROUGH,-1,0.9369022692691906,0.3492226395984719,-0.016052595743894286,0.9,1.193226703615707,1.1912413383361624,0.0,0,0,1,DIRECT_LOCAL,PASS_THROUGH,0,BYPASS_VISIBLE,1,18,0.0,16.0,2.0,0.0,16.0,2.0,1,
207,6.933333,0.033333,1.1795028448104858,10.251266479492188,2.101080894470215,-0.18093868480414496,-0.02283404767513275,0.8775775391805527,-0.45216663323558176,-0.012321435297278763,0.9872936843987105,0.0,16.0,2.0,0.9288987116044986,0.36994889061695346,-0.01688199960869255,0.9,0.9358288049697876,-0.36743855476379395,0.061453018337488174,0.029043063521385193,local_avoidance,SAFE_PROGRESSING,NONE,1,0,"1.159,10.225;1.534,10.555;1.910,10.886;2.285,11.216;2.660,11.546;3.036,11.877;3.411,12.207",0,1,PASS_THROUGH,-1,0.9369022692691906,0.3492226395984719,-0.016052595743894286,0.9,1.1619762306928716,1.1625799049105026,0.0,0,0,1,DIRECT_LOCAL,PASS_THROUGH,0,BYPASS_VISIBLE,1,18,0.0,16.0,2.0,0.0,16.0,2.0,1,
208,6.966667,0.033333,1.199134349822998,10.277246475219727,2.102801561355591,-0.1817743102289102,-0.003722564084455371,0.8704124715675792,-0.4299444769352427,0.022949682646149903,0.9710802293534042,0.0,16.0,2.0,0.9269828538851609,0.3747081510349517,-0.01722179290580302,0.9,0.9946959018707275,-0.42093828320503235,0.05666835606098175,-0.02003907598555088,local_avoidance,SAFE_PROGRESSING,NONE,1,0,"1.180,10.251;1.553,10.583;1.927,10.915;2.301,11.247;2.675,11.579;3.049,11.911;3.423,12.243",0,1,PASS_THROUGH,-1,0.9369022692691906,0.3492226395984719,-0.016052595743894286,0.9,1.1315405693359455,1.1344240302082667,0.0,0,0,1,DIRECT_LOCAL,PASS_THROUGH,0,BYPASS_VISIBLE,1,18,0.0,16.0,2.0,0.0,16.0,2.0,1,
209,7.0,0.033333,1.2181025743484497,10.303301811218262,2.104545831680298,-0.18164619554620234,0.001670659752562642,0.8733255693334185,-0.41204018458942043,0.0666548066273654,0.9679450020608374,0.0,16.0,2.0,0.9254504382826784,0.378460646913655,-0.017579107488622556,0.9,1.024623155593872,-0.4595354199409485,0.05557304248213768,-0.036081746220588684,local_avoidance,SAFE_PROGRESSING,NONE,1,0,"1.199,10.277;1.572,10.611;1.944,10.944;2.317,11.278;2.689,11.611;3.062,11.945;3.434,12.278",0,1,PASS_THROUGH,-1,0.9369022692691906,0.3492226395984719,-0.016052595743894286,0.9,1.101695828878023,1.1064206448803566,0.0,0,0,1,DIRECT_LOCAL,PASS_THROUGH,0,BYPASS_VISIBLE,1,18,0.0,16.0,2.0,0.0,16.0,2.0,1,
210,7.033333,0.033333,1.2367342710494995,10.329774856567383,2.106274127960205,-0.18206127010445464,-0.002144181402400136,0.8867993086476532,-0.40181292780017996,0.10711538154241501,0.9794592118757603,0.0,16.0,2.0,0.9237246640021171,0.3826366139169593,-0.01794343346018033,0.9,1.0152591466903687,-0.4890720844268799,0.06011178344488144,-0.054694630205631256,local_avoidance,SAFE_PROGRESSING,NONE,1,0,"1.218,10.303;1.589,10.638;1.960,10.973;2.332,11.308;2.703,11.643;3.074,11.978;3.445,12.313",1,1,PASS_THROUGH,-1,0.9238734042592291,0.3826982269392726,0.0,0.9,1.07207906164741,1.0781858442986119,0.0,0,0,1,DIRECT_LOCAL,PASS_THROUGH,0,CORRIDOR_CLEAR,1,18,0.0,16.0,2.0,0.0,16.0,2.0,1,
211,7.066667,0.033333,1.2554322481155396,10.356921195983887,2.107978105545044,-0.18389681789184262,-0.00821162760257721,0.9089237441728738,-0.40124242394660536,0.13341567609496569,1.0024657590779147,0.0,16.0,2.0,0.9214337549928552,0.3881038765362968,-0.01830890977818764,0.9,1.0121313333511353,-0.5139530897140503,0.06721457093954086,-0.07287348806858063,local_avoidance,SAFE_PROGRESSING,NONE,1,0,"1.237,10.330;1.607,10.666;1.976,11.003;2.346,11.339;2.716,11.676;3.086,12.012;3.455,12.349",0,1,PASS_THROUGH,-1,0.9237246640021171,0.3826366139169593,-0.01794343346018033,0.9,1.0422771293839734,1.0494265036951322,0.0,0,0,1,DIRECT_LOCAL,PASS_THROUGH,0,CORRIDOR_CLEAR,1,18,0.0,16.0,2.0,0.0,16.0,2.0,1,
212,7.1,0.033333,1.2745614051818848,10.384838104248047,2.1096553802490234,-0.18657128655094504,-0.014330902136862278,0.935143723063469,-0.41026115578110467,0.14177564102651996,1.0309744570629937,0.0,16.0,2.0,0.9187532604120326,0.39439029115340074,-0.018674708195730517,0.9,1.0079787969589233,-0.5297532677650452,0.07589659094810486,-0.0831848531961441,local_avoidance,SAFE_PROGRESSING,NONE,1,0,"1.255,10.357;1.624,10.695;1.992,11.033;2.361,11.371;2.729,11.709;3.097,12.047;3.466,12.385",0,1,PASS_THROUGH,-1,0.9237246640021171,0.3826366139169593,-0.01794343346018033,0.9,0.9975713361371995,1.0200255524401416,0.0,0,0,1,DIRECT_LOCAL,PASS_THROUGH,0,CORRIDOR_CLEAR,1,18,0.0,16.0,2.0,0.0,16.0,2.0,1,
213,7.133333,0.033333,1.2943711280822754,10.413455963134766,2.111299753189087,-0.18900352350780397,-0.020977694541215897,0.9601780041154279,-0.4266011344089572,0.13398410082547646,1.0591893441401812,0.0,16.0,2.0,0.9160726881691149,0.4005599670440858,-0.01904055651109981,0.9,0.9867382049560547,-0.5402283668518066,0.08325843513011932,-0.09778116643428802,local_avoidance,SAFE_PROGRESSING,NONE,1,0,"1.275,10.385;1.641,10.724;2.008,11.064;2.375,11.404;2.742,11.743;3.109,12.083;3.476,12.423",0,1,PASS_THROUGH,-1,0.9237246640021171,0.3826366139169593,-0.01794343346018033,0.9,0.9681056071522561,0.9900564265129855,0.0,0,0,1,DIRECT_LOCAL,PASS_THROUGH,0,CORRIDOR_CLEAR,1,18,0.0,16.0,2.0,0.0,16.0,2.0,1,
214,7.166667,0.033333,1.3149698972702026,10.442588806152344,2.11289644241333,-0.19068816589758766,-0.02772061713039875,0.9798116342463975,-0.44659835185968433,0.11381328855893291,1.0827900956053216,0.0,16.0,2.0,0.9135822491174186,0.4061907419651266,-0.019405031290328143,0.9,0.9658763408660889,-0.5469078421592712,0.08721017092466354,-0.10492703318595886,local_avoidance,SAFE_PROGRESSING,NONE,1,0,"1.294,10.413;1.660,10.755;2.025,11.096;2.391,11.437;2.756,11.779;3.121,12.120;3.487,12.461",0,1,PASS_THROUGH,-1,0.9237246640021171,0.3826366139169593,-0.01794343346018033,0.9,0.9381947049406486,0.9597306642790034,0.0,0,0,1,DIRECT_LOCAL,PASS_THROUGH,0,CORRIDOR_CLEAR,1,18,0.0,16.0,2.0,0.0,16.0,2.0,1,
215,7.2,0.033333,1.3363406658172607,10.472004890441895,2.1144256591796875,-0.19184398400994607,-0.03423304483294487,0.9916115418238479,-0.46664269481484066,0.08765198739167912,1.099423360401277,0.0,16.0,2.0,0.9111958678034441,0.4114990170623168,-0.019764854026165953,0.9,0.9521046280860901,-0.5476261973381042,0.08771687000989914,-0.09356227517127991,local_avoidance,SAFE_PROGRESSING,NONE,1,0,"1.315,10.443;1.679,10.786;2.043,11.129;2.406,11.472;2.770,11.815;3.134,12.158;3.498,12.501",0,1,PASS_THROUGH,-1,0.9237246640021171,0.3826366139169593,-0.01794343346018033,0.9,0.917402966729044,0.9293206222575031,0.0,0,0,1,DIRECT_LOCAL,PASS_THROUGH,0,CORRIDOR_CLEAR,1,18,0.0,16.0,2.0,0.0,16.0,2.0,1,
216,7.233333,0.033333,1.3583848476409912,10.501463890075684,2.115875005722046,-0.1929622232993263,-0.04014381021261215,0.9955144226482635,-0.48429846630730106,0.0626443977259048,1.1088364580652779,0.0,16.0,2.0,0.9087183321515955,0.41692487520814336,-0.020115696465614334,0.9,0.9402673840522766,-0.5410181283950806,0.0857769250869751,-0.0652506873011589,local_avoidance,SAFE_PROGRESSING,NONE,1,0,"1.336,10.472;1.727,10.784;2.118,11.096;2.509,11.408;2.900,11.719;3.290,12.031;3.681,12.343",1,1,PASS_THROUGH,-1,0.9089022404244508,0.41700925331629524,0.0,0.9,0.8853213296057064,0.8991138361221828,0.0,0,0,1,DIRECT_LOCAL,PASS_THROUGH,0,CORRIDOR_CLEAR,1,18,0.0,16.0,2.0,0.0,16.0,2.0,1,
217,7.266667,0.033333,1.3809669017791748,10.530782699584961,2.117248773574829,-0.19433319660230092,-0.04383859410881996,0.9933305969338747,-0.49845050018835463,0.04277391594924136,1.1121997050119468,0.0,16.0,2.0,0.9060352272913246,0.4227076797119832,-0.020454447430065623,0.9,0.9229570031166077,-0.5340369939804077,0.08197161555290222,-0.038094911724328995,local_avoidance,SAFE_PROGRESSING,NONE,1,0,"1.358,10.501;1.748,10.815;2.137,11.129;2.526,11.443;2.915,11.757;3.305,12.071;3.694,12.384",0,1,PASS_THROUGH,-1,0.9087183321515955,0.41692487520814336,-0.020115696465614334,0.9,0.8534675541502785,0.8693405781733311,0.0,0,0,1,DIRECT_LOCAL,PASS_THROUGH,0,CORRIDOR_CLEAR,1,18,0.0,16.0,2.0,0.0,16.0,2.0,1,
218,7.3,0.033333,1.4039455652236938,10.559837341308594,2.118556022644043,-0.1959311324428408,-0.043721362948417664,0.9872397745805305,-0.5089523172672602,0.02790364689463985,1.1110596056357873,0.0,16.0,2.0,0.9031634077595264,0.4287936623758174,-0.02078109695210737,0.9,0.8956045508384705,-0.5290839076042175,0.07721869647502899,-0.020250234752893448,local_avoidance,SAFE_PROGRESSING,NONE,1,0,"1.381,10.531;1.769,10.847;2.156,11.162;2.544,11.478;2.931,11.794;3.319,12.110;3.707,12.426",0,1,PASS_THROUGH,-1,0.9087183321515955,0.41692487520814336,-0.020115696465614334,0.9,0.8221207660370056,0.8401680634474694,0.0,0,0,1,DIRECT_LOCAL,PASS_THROUGH,0,CORRIDOR_CLEAR,1,18,0.0,16.0,2.0,0.0,16.0,2.0,1,
219,7.333333,0.033333,1.4271918535232544,10.588553428649902,2.119799852371216,-0.19756078326085724,-0.039733387529850006,0.9785218796426151,-0.5163508595896403,0.01592798670416519,1.1065156934715048,0.0,16.0,2.0,0.900194212088211,0.4349773677367039,-0.02109668409331868,0.9,0.8885692954063416,-0.5390177965164185,0.06955736130475998,-0.01904342882335186,local_avoidance,SAFE_PROGRESSING,NONE,1,0,"1.404,10.560;1.790,10.878;2.176,11.196;2.562,11.513;2.948,11.831;3.334,12.149;3.720,12.467",0,1,PASS_THROUGH,-1,0.9087183321515955,0.41692487520814336,-0.020115696465614334,0.9,0.7915036564368095,0.8117084758100649,0.0,0,0,1,DIRECT_LOCAL,PASS_THROUGH,0,CORRIDOR_CLEAR,1,18,0.0,16.0,2.0,0.0,16.0,2.0,1,
220,7.366667,0.033333,1.4506080150604248,10.616884231567383,2.1209607124328613,-0.19901902588742493,-0.033748775720596313,0.9679299784772822,-0.5218941487919965,0.008428035901266211,1.0996967661894381,0.0,16.0,2.0,0.8972263487553855,0.44105199297398034,-0.02140136894592005,0.9,0.892587423324585,-0.544459342956543,0.06182849407196045,-0.011369481682777405,local_avoidance,SAFE_PROGRESSING,NONE,1,0,"1.427,10.589;1.811,10.908;2.196,11.228;2.580,11.548;2.964,11.868;3.349,12.188;3.733,12.508",0,1,PASS_THROUGH,-1,0.9087183321515955,0.41692487520814336,-0.020115696465614334,0.9,0.8617484591437025,0.7840413288898945,0.0,0,0,1,DIRECT_LOCAL,PASS_THROUGH,0,CORRIDOR_CLEAR,1,18,0.0,16.0,2.0,0.0,16.0,2.0,1,
221,7.4,0.033333,1.474146842956543,10.64479923248291,2.122034788131714,-0.20015738995497487,-0.027518214657902718,0.9566011328614671,-0.527080892684818,0.006878817840908356,1.0922212747241993,0.0,16.0,2.0,0.8943369893542538,0.4468678053714117,-0.021691334567229492,0.9,0.8941035270690918,-0.5389889478683472,0.055844295769929886,0.0024923146702349186,local_avoidance,SAFE_PROGRESSING,NONE,1,0,"1.451,10.617;1.860,10.904;2.269,11.192;2.678,11.479;3.087,11.766;3.496,12.054;3.906,12.341",0,1,PASS_THROUGH,-1,0.9087183321515955,0.41692487520814336,-0.020115696465614334,0.9,0.7398226115730566,0.7572276428806376,0.0,0,0,1,DIRECT_LOCAL,PASS_THROUGH,0,CORRIDOR_CLEAR,1,18,0.0,16.0,2.0,0.0,16.0,2.0,1,
222,7.433333,0.033333,1.4978049993515015,10.672300338745117,2.1230435371398926,-0.20096710694483608,-0.021090641617774963,0.9457493043085139,-0.5326128187195509,0.009091041652313055,1.08544958809829,0.0,16.0,2.0,0.8915396845511472,0.45240966518085907,-0.021965557616050582,0.9,0.8881598114967346,-0.5210498571395874,0.052143290638923645,0.017914101481437683,blocked,EMERGENCY_BRAKE,BLOCKED_BY_OBSERVED_OBSTACLE,0,0,,1,1,PASS_THROUGH,-1,0.891754839995272,0.4525188452926647,0.0,0.9,0.709268513286861,0.731297190109886,0.0,0,1,1,DIRECT_LOCAL,PASS_THROUGH,0,CORRIDOR_CLEAR,1,18,0.0,16.0,2.0,0.0,16.0,2.0,1,
223,7.466667,0.033333,1.5215864181518555,10.699419021606445,2.124027967453003,-0.201555351063715,-0.01404921617358923,0.9359770468403987,-0.5378931481389273,0.010787081193276152,1.0795825267887351,0.0,16.0,2.0,0.8887909128187695,0.45777357374791405,-0.02222765099693512,0.9,0.8762589693069458,-0.4994471073150635,0.05061686038970947,0.03012746013700962,blocked,EMERGENCY_BRAKE,BLOCKED_BY_OBSERVED_OBSTACLE,0,0,,0,1,PASS_THROUGH,-1,0.8915396845511472,0.45240966518085907,-0.021965557616050582,0.9,0.6797066639056011,0.7062519429413813,0.0,0,1,1,DIRECT_LOCAL,PASS_THROUGH,0,CORRIDOR_CLEAR,1,18,0.0,16.0,2.0,0.0,16.0,2.0,1,
224,7.5,0.033333,1.5454572439193726,10.726198196411133,2.125035047531128,-0.2020182107395274,-0.006637152750045061,0.9270161588334264,-0.541371137331138,0.008990777635037604,1.0735560074611723,0.0,16.0,2.0,0.8860485389688509,0.4630468810902052,-0.022484939488422517,0.9,0.8681639432907104,-0.4818152189254761,0.05020579323172569,0.03887803480029106,blocked,EMERGENCY_BRAKE,BLOCKED_BY_OBSERVED_OBSTACLE,0,0,,0,1,PASS_THROUGH,-1,0.8915396845511472,0.45240966518085907,-0.021965557616050582,0.9,0.7511185903435413,0.6820798901140565,0.0,0,1,1,DIRECT_LOCAL,PASS_THROUGH,0,CORRIDOR_CLEAR,1,18,0.0,16.0,2.0,0.0,16.0,2.0,1,
225,7.533333,0.033333,1.5693269968032837,10.752674102783203,2.126103401184082,-0.2023654822468219,0.0007699319394305348,0.9181385378277475,-0.5415066917831838,0.004504284370893827,1.0659400360565014,0.0,16.0,2.0,0.8833114707064628,0.46823441102371366,-0.022746033756720387,0.9,0.8698180317878723,-0.4702034592628479,0.050331972539424896,0.04748968034982681,blocked,EMERGENCY_BRAKE,BLOCKED_BY_OBSERVED_OBSTACLE,0,0,,0,1,PASS_THROUGH,-1,0.8915396845511472,0.45240966518085907,-0.021965557616050582,0.9,0.6537065277028238,0.6587666684950418,0.0,0,1,1,DIRECT_LOCAL,PASS_THROUGH,0,CORRIDOR_CLEAR,1,18,0.0,16.0,2.0,0.0,16.0,2.0,1,
226,7.566667,0.033333,1.5930660963058472,10.7788724899292,2.127260684967041,-0.2025506954182061,0.008138292469084263,0.9089869039179215,-0.5377004222259076,0.0012209325381701067,1.0561157257765224,0.0,16.0,2.0,0.88060994175781,0.4732824666491763,-0.023018193668870236,0.9,0.879383385181427,-0.4639075696468353,0.050736553966999054,0.0568988174200058,blocked,EMERGENCY_BRAKE,BLOCKED_BY_OBSERVED_OBSTACLE,0,0,,0,1,PASS_THROUGH,-1,0.8915396845511472,0.45240966518085907,-0.021965557616050582,0.9,0.609128196401992,0.6362956415819366,0.0,0,1,1,DIRECT_LOCAL,PASS_THROUGH,0,CORRIDOR_CLEAR,1,18,0.0,16.0,2.0,0.0,16.0,2.0,1,
227,7.6,0.033333,1.6165460348129272,10.80482006072998,2.128528356552124,-0.2024878508634931,0.01556297019124031,0.9000503805978246,-0.5305737104176433,0.002969991835967606,1.0448004453732491,0.0,16.0,2.0,0.8779978395643232,0.47809683875273123,-0.023306790749173554,0.9,0.8928472399711609,-0.4622572064399719,0.05117185041308403,0.06549817323684692,blocked,EMERGENCY_BRAKE,BLOCKED_BY_OBSERVED_OBSTACLE,0,0,,0,1,PASS_THROUGH,-1,0.8915396845511472,0.45240966518085907,-0.021965557616050582,0.9,0.5887737601760695,0.6146387415304558,0.0,0,1,1,DIRECT_LOCAL,PASS_THROUGH,0,CORRIDOR_CLEAR,1,18,0.0,16.0,2.0,0.0,16.0,2.0,1,
228,7.633333,0.033333,1.6396771669387817,10.830567359924316,2.129918098449707,-0.20207450592794127,0.022952241823077202,0.8924116462980229,-0.5215654251346113,0.010991359769378976,1.0337068487408678,0.0,16.0,2.0,0.8755388525852207,0.48257019703395315,-0.023616150159728715,0.9,0.9043672680854797,-0.4652427136898041,0.051350049674510956,0.07013105601072311,blocked,EMERGENCY_BRAKE,BLOCKED_BY_OBSERVED_OBSTACLE,0,0,,1,1,PASS_THROUGH,-1,0.8757831086403317,0.4827048234897565,0.0,0.9,0.5700515309113485,0.5937411126480415,0.0,0,1,1,DIRECT_LOCAL,PASS_THROUGH,0,CORRIDOR_CLEAR,1,18,0.0,16.0,2.0,0.0,16.0,2.0,1,
229,7.666667,0.033333,1.6624336242675781,10.856184959411621,2.1314258575439453,-0.20127242282245217,0.029809368774294853,0.8871113732595343,-0.5123292440010185,0.023511822127676968,1.024695393082664,0.0,16.0,2.0,0.8732634007888989,0.48665951349235326,-0.023948920017260275,0.9,0.91082763671875,-0.4724743664264679,0.05117805674672127,0.06964235007762909,blocked,EMERGENCY_BRAKE,BLOCKED_BY_OBSERVED_OBSTACLE,0,0,,0,1,PASS_THROUGH,-1,0.8755388525852207,0.48257019703395315,-0.023616150159728715,0.9,0.527116933750152,0.5735349394979304,0.0,0,1,1,DIRECT_LOCAL,PASS_THROUGH,0,CORRIDOR_CLEAR,1,18,0.0,16.0,2.0,0.0,16.0,2.0,1,
230,7.7,0.033333,1.6848504543304443,10.881766319274902,2.1330313682556152,-0.20016057835639384,0.03543834760785103,0.8846287359741033,-0.5043200081416022,0.03726739931777309,1.0189678749474862,0.0,16.0,2.0,0.8711387363700775,0.49043508668574376,-0.024304891340867253,0.9,0.9144994020462036,-0.48162969946861267,0.05098649114370346,0.0669507384300232,blocked,EMERGENCY_BRAKE,BLOCKED_BY_OBSERVED_OBSTACLE,0,0,,0,1,PASS_THROUGH,-1,0.8755388525852207,0.48257019703395315,-0.023616150159728715,0.9,0.5064529733126724,0.5539438227401975,0.0,0,1,1,DIRECT_LOCAL,PASS_THROUGH,0,CORRIDOR_CLEAR,1,18,0.0,16.0,2.0,0.0,16.0,2.0,1,
231,7.733333,0.033333,1.7070084810256958,10.907393455505371,2.1347084045410156,-0.19888297697358534,0.0394890271127224,0.8847423951522114,-0.4985751734684168,0.049379562679739496,1.0167520103688883,0.0,16.0,2.0,0.869092378345267,0.4940336955266323,-0.024680874912900476,0.9,0.9173729419708252,-0.48981809616088867,0.05119568109512329,0.06511475890874863,blocked,EMERGENCY_BRAKE,BLOCKED_BY_OBSERVED_OBSTACLE,0,0,,0,1,PASS_THROUGH,-1,0.8755388525852207,0.48257019703395315,-0.023616150159728715,0.9,0.48726525096553014,0.5349199392442617,0.0,0,1,1,DIRECT_LOCAL,PASS_THROUGH,0,CORRIDOR_CLEAR,1,18,0.0,16.0,2.0,0.0,16.0,2.0,1,
232,7.766667,0.033333,1.7290092706680298,10.933122634887695,2.1364336013793945,-0.197549781391361,0.04209521412849426,0.8867270085997343,-0.49556786075667836,0.0581349126168392,1.0174733217436962,0.0,16.0,2.0,0.8670623842804405,0.4975682819017293,-0.025072427311266587,0.9,0.9187581539154053,-0.4954691231250763,0.0518459677696228,0.06457142531871796,blocked,EMERGENCY_BRAKE,BLOCKED_BY_OBSERVED_OBSTACLE,0,0,,0,1,PASS_THROUGH,-1,0.8755388525852207,0.48257019703395315,-0.023616150159728715,0.9,0.4696298716473146,0.5164561847087789,0.0,0,1,1,DIRECT_LOCAL,PASS_THROUGH,0,CORRIDOR_CLEAR,1,18,0.0,16.0,2.0,0.0,16.0,2.0,1,
233,7.8,0.033333,1.7509489059448242,10.958978652954102,2.13818621635437,-0.19619359484216936,0.04360494017601013,0.8896640296963843,-0.4951423841352135,0.06277790630989499,1.0201025104485169,0.0,16.0,2.0,0.8650225172854563,0.5010858674962797,-0.025475438850652395,0.9,0.9158576726913452,-0.4985530376434326,0.05258863791823387,0.06415174156427383,blocked,EMERGENCY_BRAKE,BLOCKED_BY_OBSERVED_OBSTACLE,0,0,,0,1,PASS_THROUGH,-1,0.8755388525852207,0.48257019703395315,-0.023616150159728715,0.9,0.45368607707100583,0.4985857179069487,0.0,0,1,1,DIRECT_LOCAL,PASS_THROUGH,0,CORRIDOR_CLEAR,1,18,0.0,16.0,2.0,0.0,16.0,2.0,1,
234,7.833333,0.033333,1.7728997468948364,10.98496150970459,2.1399455070495605,-0.19480020629103997,0.04433488845825195,0.8926722228855889,-0.49657788200661745,0.0635116750954922,1.0234681349622528,2.9796734909076603,15.287978063246035,2.0,0.9961897816962324,-0.08163224245792597,-0.0306935797081954,0.9,0.9260791540145874,-0.5039196014404297,0.05239827558398247,-0.0037078249733895063,macro_normal,EMERGENCY_BRAKE,BLOCKED_BY_OBSERVED_OBSTACLE,0,0,,1,1,NORMAL_CORRECTION,7,0.996659366640062,-0.08167072234669173,0.0,0.9,0.4396341167903278,0.481368280474057,0.0,0,1,1,DIRECT_LOCAL,NORMAL_CORRECTION,1,CORRIDOR_CLEAR,1,18,0.0,16.0,2.0,0.0,16.0,2.0,1,
235,7.866667,0.033333,1.7949018478393555,11.011051177978516,2.1416850090026855,-0.1934007647703724,0.04124924913048744,0.8954122013782111,-0.49883600715496956,0.06190253234784242,1.0268555380005324,2.9796734909076603,15.287978063246035,2.0,0.9963114483998509,-0.07989906634615948,-0.03129915309402649,0.8938065636207966,0.9161492586135864,-0.4857823848724365,0.05225401744246483,-0.09184454381465912,macro_normal,EMERGENCY_BRAKE,BLOCKED_BY_OBSERVED_OBSTACLE,0,0,,0,1,NORMAL_CORRECTION,7,0.9961897816962324,-0.08163224245792597,-0.0306935797081954,0.9,0.4656019714993514,0.4648789799806451,0.0,0,1,1,DIRECT_LOCAL,NORMAL_CORRECTION,1,CORRIDOR_CLEAR,1,18,0.0,16.0,2.0,0.0,16.0,2.0,1,
236,7.9,0.033333,1.8169591426849365,11.037230491638184,2.143394708633423,-0.19219340601726215,0.03016025945544243,0.8979349084954097,-0.5004213596847561,0.05643382435011874,1.029511249891996,2.9796734909076603,15.287978063246035,2.0,0.9964483644182978,-0.07792598753029017,-0.03190920737856626,0.8875987252839629,0.8967229723930359,-0.44868242740631104,0.053851693868637085,-0.17365308105945587,macro_normal,EMERGENCY_BRAKE,BLOCKED_BY_OBSERVED_OBSTACLE,0,0,,0,1,NORMAL_CORRECTION,7,0.9961897816962324,-0.08163224245792597,-0.0306935797081954,0.9,0.44123944099937207,0.4491806578944405,0.0,0,1,1,DIRECT_LOCAL,NORMAL_CORRECTION,1,CORRIDOR_CLEAR,1,18,0.0,16.0,2.0,0.0,16.0,2.0,1,
237,7.933333,0.033333,1.839015007019043,11.063484191894531,2.145101547241211,-0.1914853980849867,0.008252091705799103,0.8997207376187407,-0.49882897656470676,0.045641890452895684,1.0297625627910143,2.9796734909076603,15.287978063246035,2.0,0.9966226215523675,-0.07540360654322437,-0.0325214749106051,0.8813798176289958,0.8786163330078125,-0.40366294980049133,0.05681130662560463,-0.23020002245903015,macro_normal,EMERGENCY_BRAKE,BLOCKED_BY_OBSERVED_OBSTACLE,0,0,,0,1,NORMAL_CORRECTION,7,0.9961897816962324,-0.08163224245792597,-0.0306935797081954,0.9,0.4181652709424327,0.4343094484821114,0.0,0,1,1,DIRECT_LOCAL,NORMAL_CORRECTION,1,CORRIDOR_CLEAR,1,18,0.0,16.0,2.0,0.0,16.0,2.0,1,
238,7.966667,0.033333,1.8609260320663452,11.089776039123535,2.1468520164489746,-0.19166505263511086,-0.023036088794469833,0.8997874762975849,-0.4910916464433711,0.030774779614306573,1.0255416104521295,2.9796734909076603,15.287978063246035,2.0,0.9968571166883677,-0.07195485200416005,-0.03314193990720908,0.8751559917169851,0.8705637454986572,-0.36291804909706116,0.059433452785015106,-0.2626381516456604,macro_normal,EMERGENCY_BRAKE,BLOCKED_BY_OBSERVED_OBSTACLE,0,0,,0,1,NORMAL_CORRECTION,7,0.9961897816962324,-0.08163224245792597,-0.0306935797081954,0.9,0.39663351017031406,0.42027470123985033,0.0,0,1,1,DIRECT_LOCAL,NORMAL_CORRECTION,1,CORRIDOR_CLEAR,1,18,0.0,16.0,2.0,0.0,16.0,2.0,1,
239,8.0,0.033333,1.8824721574783325,11.11606216430664,2.1486756801605225,-0.19308195861226293,-0.0582694485783577,0.8975824969365146,-0.47518481465279255,0.016324326694971115,1.0157368904029436,2.9796734909076603,15.287978063246035,2.0,0.9971635027867183,-0.067259193786458,-0.033780905276775464,0.8689417957955563,0.8746433258056641,-0.33042263984680176,0.06069863215088844,-0.27642396092414856,macro_normal,EMERGENCY_BRAKE,BLOCKED_BY_OBSERVED_OBSTACLE,0,0,,0,1,NORMAL_CORRECTION,7,0.9961897816962324,-0.08163224245792597,-0.0306935797081954,0.9,0.3769162859037979,0.40703797352039184,0.0,0,1,1,DIRECT_LOCAL,NORMAL_CORRECTION,1,CORRIDOR_CLEAR,1,18,0.0,16.0,2.0,0.0,16.0,2.0,1,
240,8.033333,0.033333,1.9034031629562378,11.14231014251709,2.15057373046875,-0.19584198551170115,-0.09142901748418808,0.8937044604544941,-0.4511477407345418,0.007923030007439963,1.0011516973019816,2.5803191818464626,15.561622818552689,2.0,0.9986497364775229,0.040103814164552914,-0.033021022437670855,0.9,0.888322114944458,-0.3044859766960144,0.06070864945650101,-0.258347749710083,macro_normal,EMERGENCY_BRAKE,BLOCKED_BY_OBSERVED_OBSTACLE,0,0,,1,1,NORMAL_CORRECTION,6,0.999194639941049,0.04012569641860125,0.0,0.9,0.4351511073840158,0.39450823832857185,0.05491761616510531,1,1,1,DIRECT_LOCAL,NORMAL_CORRECTION,1,CORRIDOR_CLEAR,1,18,0.0,16.0,2.0,0.0,16.0,2.0,1,
241,8.066667,0.033333,1.9235048294067383,11.168522834777832,2.152531147003174,-0.19968827812161988,-0.11750684678554535,0.8897703093718937,-0.42097939864153033,0.009087702629903521,0.9843766778319312,2.5803191818464626,15.561622818552689,2.0,0.9982966873766289,0.04765224785495714,-0.03365987592399941,0.8941708969810886,0.9120314121246338,-0.28771770000457764,0.059620123356580734,-0.23532822728157043,macro_normal,EMERGENCY_BRAKE,BLOCKED_BY_OBSERVED_OBSTACLE,0,0,,0,1,NORMAL_CORRECTION,6,0.9986497364775229,0.040103814164552914,-0.033021022437670855,0.9,0.41117261303273434,0.3825536029642712,0.17446396861264815,1,1,1,DIRECT_LOCAL,NORMAL_CORRECTION,1,CORRIDOR_CLEAR,1,18,0.0,16.0,2.0,0.0,16.0,2.0,1,
242,8.1,0.033333,1.9426488876342773,11.1947660446167,2.154522657394409,-0.2041422665616927,-0.13387176394462585,0.8877836867467044,-0.3876695024047148,0.020022768275234228,0.9689419119832177,2.5803191818464626,15.561622818552689,2.0,0.9978592763423053,0.05566947417080281,-0.03431871593106003,0.8883857846907155,0.9348496794700623,-0.2802281379699707,0.05798174440860748,-0.21885953843593597,macro_normal,EMERGENCY_BRAKE,BLOCKED_BY_OBSERVED_OBSTACLE,0,0,,0,1,NORMAL_CORRECTION,6,0.9986497364775229,0.040103814164552914,-0.033021022437670855,0.9,0.3884942567555607,0.3710146951271923,0.2898530458295463,1,1,1,DIRECT_LOCAL,NORMAL_CORRECTION,1,CORRIDOR_CLEAR,1,18,0.0,16.0,2.0,0.0,16.0,2.0,1,
243,8.133333,0.033333,1.9608176946640015,11.22115421295166,2.1565184593200684,-0.2088192620231446,-0.14163964986801147,0.8894059243086755,-0.3542589673325968,0.03743147614680986,0.9580936434072905,2.5803191818464626,15.561622818552689,2.0,0.9973530732820616,0.06373671567136169,-0.03499254620993867,0.8826338196147094,0.9551905393600464,-0.28193479776382446,0.05621466413140297,-0.21287238597869873,macro_normal,EMERGENCY_BRAKE,BLOCKED_BY_OBSERVED_OBSTACLE,0,0,,0,1,NORMAL_CORRECTION,6,0.9986497364775229,0.040103814164552914,-0.033021022437670855,0.9,0.3671171195097478,0.3597485330289353,0.4025146656855005,1,1,1,DIRECT_LOCAL,NORMAL_CORRECTION,1,CORRIDOR_CLEAR,1,18,0.0,16.0,2.0,0.0,16.0,2.0,1,
244,8.166667,0.033333,1.978102207183838,11.24782657623291,2.158487558364868,-0.21362633978328935,-0.14391520619392395,0.895473210935446,-0.323345689514647,0.05666693139309449,0.9537483145695461,2.5803191818464626,15.561622818552689,2.0,0.996784459401437,0.07174943188111227,-0.03567576937533898,0.8768910949218134,0.9755367636680603,-0.28976231813430786,0.054645925760269165,-0.21515917778015137,macro_normal,EMERGENCY_BRAKE,BLOCKED_BY_OBSERVED_OBSTACLE,0,0,,0,1,NORMAL_CORRECTION,6,0.9986497364775229,0.040103814164552914,-0.033021022437670855,0.9,0.4289822042776995,0.34866591662836255,0.5133408285829661,1,1,1,DIRECT_LOCAL,NORMAL_CORRECTION,1,CORRIDOR_CLEAR,1,18,0.0,16.0,2.0,0.0,16.0,2.0,1,
245,8.2,0.033333,1.9946744441986084,11.274914741516113,2.1604011058807373,-0.2186590634192851,-0.14351031184196472,0.9059698000765165,-0.29689346549373913,0.07372481566610722,0.9562229640353587,2.5803191818464626,15.561622818552689,2.0,0.9961462336861033,0.07981497284389519,-0.036362772486699564,0.8711257843692619,0.9885588884353638,-0.29770562052726746,0.05380772426724434,-0.2185223400592804,macro_normal,EMERGENCY_BRAKE,BLOCKED_BY_OBSERVED_OBSTACLE,0,0,,0,1,NORMAL_CORRECTION,6,0.9986497364775229,0.040103814164552914,-0.033021022437670855,0.9,0.4031540609161054,0.33775600592775135,0.6224399344980871,1,1,1,DIRECT_LOCAL,NORMAL_CORRECTION,1,CORRIDOR_CLEAR,1,18,0.0,16.0,2.0,0.0,16.0,2.0,1,
246,8.233333,0.033333,2.0107507705688477,11.302517890930176,2.1622345447540283,-0.22398029780036896,-0.142315074801445,0.9201189925834783,-0.2760807268477549,0.08465454988112986,0.9643681460237041,1.8245291053201815,15.771696987039899,2.0,0.9653127847972407,0.2586547811298587,-0.03562206767806992,0.8999999999999998,0.9746575355529785,-0.3047295808792114,0.05357453599572182,-0.1909235417842865,macro_normal,EMERGENCY_BRAKE,BLOCKED_BY_OBSERVED_OBSTACLE,0,0,,1,1,NORMAL_CORRECTION,4,0.9659258262890684,0.2588190451025207,0.0,0.8999999999999998,0.37773635924594134,0.3270910398784639,0.7290895939244652,1,1,1,DIRECT_LOCAL,NORMAL_CORRECTION,1,CORRIDOR_CLEAR,1,18,0.0,16.0,2.0,0.0,16.0,2.0,1,
247,8.266667,0.033333,2.026547431945801,11.330669403076172,2.163970947265625,-0.2294710204385238,-0.1398889273405075,0.9360208472708441,-0.2612307843393975,0.08627031163070076,0.9756121749348272,1.8245291053201815,15.771696987039899,2.0,0.9628398350228728,0.2676298187231211,-0.03624544417380014,0.8946114307723126,0.9658858776092529,-0.3213399350643158,0.05432974919676781,-0.16664007306098938,macro_normal,EMERGENCY_BRAKE,BLOCKED_BY_OBSERVED_OBSTACLE,0,0,,0,1,NORMAL_CORRECTION,4,0.9653127847972407,0.2586547811298587,-0.03562206767806992,0.8999999999999998,0.3527527069326642,0.3168233921842778,0.8317660698395613,1,1,1,DIRECT_LOCAL,NORMAL_CORRECTION,1,CORRIDOR_CLEAR,1,18,0.0,16.0,2.0,0.0,16.0,2.0,1,
248,8.3,0.033333,2.0422470569610596,11.359319686889648,2.1656153202056885,-0.23483032595530523,-0.13466428220272064,0.950814466777243,-0.25208031459930275,0.07972536194107062,0.986888427623919,1.8245291053201815,15.771696987039899,2.0,0.9603227915070461,0.27644452689726523,-0.03685864431394225,0.8891240049806172,0.9479933381080627,-0.3406982123851776,0.055829621851444244,-0.14269345998764038,macro_normal,EMERGENCY_BRAKE,BLOCKED_BY_OBSERVED_OBSTACLE,0,0,,0,1,NORMAL_CORRECTION,4,0.9653127847972407,0.2586547811298587,-0.03562206767806992,0.8999999999999998,0.41998591936496027,0.3071673196176772,0.9283267945399601,1,1,1,DIRECT_LOCAL,NORMAL_CORRECTION,1,CORRIDOR_CLEAR,1,18,0.0,16.0,2.0,0.0,16.0,2.0,1,
249,8.333333,0.033333,2.0579934120178223,11.388339042663574,2.1671929359436035,-0.2397965628312643,-0.12598736584186554,0.961901831034966,-0.24830646855489755,0.06831924705114006,0.9957804750005188,1.8245291053201815,15.771696987039899,2.0,0.9578282639671801,0.28488873283372873,-0.03746233641953179,0.8835490828550029,0.9396514296531677,-0.3539457321166992,0.0581359900534153,-0.11595270037651062,macro_normal,EMERGENCY_BRAKE,BLOCKED_BY_OBSERVED_OBSTACLE,0,0,,0,1,NORMAL_CORRECTION,4,0.9653127847972407,0.2586547811298587,-0.03562206767806992,0.8999999999999998,0.39075723304600185,0.29837879371040854,1.0,1,1,1,DIRECT_LOCAL,NORMAL_CORRECTION,1,CORRIDOR_CLEAR,1,18,0.0,16.0,2.0,0.0,16.0,2.0,1,
250,8.366667,0.033333,2.073899507522583,11.4175443649292,2.168739080429077,-0.24419678135058415,-0.1147865429520607,0.9678752067916585,-0.24946604829642335,0.05670926118530423,1.0011152108917396,1.8245291053201815,15.771696987039899,2.0,0.9554064852841924,0.2928306718467469,-0.038061075952855246,0.8779141746441699,0.9394484758377075,-0.3526564836502075,0.059590768069028854,-0.07595876604318619,macro_normal,EMERGENCY_BRAKE,BLOCKED_BY_OBSERVED_OBSTACLE,0,0,,0,1,NORMAL_CORRECTION,4,0.9653127847972407,0.2586547811298587,-0.03562206767806992,0.8999999999999998,0.3617492815434284,0.2907272944425302,1.0,1,1,1,DIRECT_LOCAL,NORMAL_CORRECTION,1,CORRIDOR_CLEAR,1,18,0.0,16.0,2.0,0.0,16.0,2.0,1,
251,8.4,0.033333,2.0900490283966064,11.446755409240723,2.170278787612915,-0.24795789277676986,-0.10192098468542099,0.9691615542958012,-0.254518853024322,0.04820045176881088,1.0031835566936824,1.8245291053201815,15.771696987039899,2.0,0.9530836305908403,0.30022807867897283,-0.03866127096352397,0.8722575457771189,0.9297827482223511,-0.3357148766517639,0.060414914041757584,-0.023282701149582863,macro_normal,EMERGENCY_BRAKE,BLOCKED_BY_OBSERVED_OBSTACLE,0,0,,0,1,NORMAL_CORRECTION,4,0.9653127847972407,0.2586547811298587,-0.03562206767806992,0.8999999999999998,0.43311553050463664,0.2844474200287437,1.0,1,1,1,DIRECT_LOCAL,NORMAL_CORRECTION,1,CORRIDOR_CLEAR,1,18,0.0,16.0,2.0,0.0,16.0,2.0,1,
252,8.433333,0.033333,2.1064810752868652,11.475834846496582,2.171826124191284,-0.25110965776777566,-0.086520254611969,0.9671664297055665,-0.2615321156507607,0.04123163549471694,1.0027512144254649,1.2613047965069046,15.86978412247666,2.0,0.9056596367597943,0.42231602430296633,-0.03781266931933812,0.8999999999999998,0.900387167930603,-0.30957159399986267,0.059532154351472855,0.05496535822749138,macro_normal,EMERGENCY_BRAKE,BLOCKED_BY_OBSERVED_OBSTACLE,0,0,,1,1,NORMAL_CORRECTION,2,0.90630778703665,0.42261826174069944,0.0,0.8999999999999998,0.4052284845024228,0.27969575302245675,1.0,1,1,1,DIRECT_LOCAL,NORMAL_CORRECTION,1,BYPASS_VISIBLE,1,18,0.0,16.0,2.0,0.0,16.0,2.0,1,
253,8.466667,0.033333,2.123164653778076,11.504707336425781,2.173369884490967,-0.25369345221005274,-0.06671740114688873,0.9626592426930152,-0.2679916032885396,0.032559439290525315,0.9997961962632009,1.2613047965069046,15.86978412247666,2.0,0.9024946207217797,0.4289883178540625,-0.038372942459409115,0.8948991715740535,0.901288628578186,-0.2852683663368225,0.0568360798060894,0.13848507404327393,macro_normal,EMERGENCY_BRAKE,BLOCKED_BY_OBSERVED_OBSTACLE,0,0,,0,1,NORMAL_CORRECTION,2,0.9056596367597943,0.42231602430296633,-0.03781266931933812,0.8999999999999998,0.3784041146205969,0.2765169359826478,1.0,1,1,1,DIRECT_LOCAL,NORMAL_CORRECTION,1,BYPASS_VISIBLE,1,18,0.0,16.0,2.0,0.0,16.0,2.0,1,
254,8.5,0.033333,2.139993667602539,11.533329963684082,2.1748838424682617,-0.2556480320106331,-0.04046458750963211,0.9560762653054987,-0.27169026705975396,0.02475712195463714,0.9942385736748436,1.2613047965069046,15.86978412247666,2.0,0.8995098696107551,0.4351620465488932,-0.038935686923716635,0.8898696030699271,0.9288411140441895,-0.26779037714004517,0.0522303506731987,0.21073207259178162,macro_normal,EMERGENCY_BRAKE,BLOCKED_BY_OBSERVED_OBSTACLE,0,0,,0,1,NORMAL_CORRECTION,2,0.9056596367597943,0.42231602430296633,-0.03781266931933812,0.8999999999999998,0.45126336301043646,0.27485515994760956,1.0,1,1,1,DIRECT_LOCAL,NORMAL_CORRECTION,1,BYPASS_VISIBLE,1,18,0.0,16.0,2.0,0.0,16.0,2.0,1,
255,8.533333,0.033333,2.1568186283111572,11.561716079711914,2.1763339042663574,-0.2567544345324382,-0.006976376753300428,0.9491360186441067,-0.2717057240131982,0.02354498179196356,0.9875411629480091,1.2613047965069046,15.86978412247666,2.0,0.8968229449029851,0.44062316889764297,-0.039494664527463974,0.8849164661932052,0.9707489609718323,-0.2630699872970581,0.04647953435778618,0.25590091943740845,macro_normal,EMERGENCY_BRAKE,BLOCKED_BY_OBSERVED_OBSTACLE,0,0,,0,1,NORMAL_CORRECTION,2,0.9056596367597943,0.42231602430296633,-0.03781266931933812,0.8999999999999998,0.4262778194699619,0.2745668819146281,1.0,1,1,1,DIRECT_LOCAL,NORMAL_CORRECTION,1,BYPASS_VISIBLE,1,18,0.0,16.0,2.0,0.0,16.0,2.0,1,
256,8.566667,0.033333,2.17350697517395,11.589953422546387,2.177692413330078,-0.25665414098291794,0.030914297327399254,0.9447695026073115,-0.26875098926362084,0.03225097146643303,0.9827800529353301,1.2613047965069046,15.86978412247666,2.0,0.8946209642076308,0.44502802650219353,-0.04004230297787089,0.880031710429655,1.0101943016052246,-0.269188791513443,0.04062440246343613,0.2751927375793457,macro_normal,EMERGENCY_BRAKE,BLOCKED_BY_OBSERVED_OBSTACLE,0,0,,0,1,NORMAL_CORRECTION,2,0.9056596367597943,0.42231602430296633,-0.03781266931933812,0.8999999999999998,0.4998313777327105,0.2754720077330721,1.0,1,1,1,DIRECT_LOCAL,NORMAL_CORRECTION,1,BYPASS_VISIBLE,1,18,0.0,16.0,2.0,0.0,16.0,2.0,1,
257,8.6,0.033333,2.1899986267089844,11.618219375610352,2.1789357662200928,-0.25509855035147605,0.06832826137542725,0.9457563373967914,-0.26470537936848393,0.04902726388420707,0.983324798933078,1.2613047965069046,15.86978412247666,2.0,0.8930425528804773,0.4481392959931284,-0.04057302221308223,0.8751928618271643,1.04323148727417,-0.29477936029434204,0.035730309784412384,0.2526615262031555,macro_normal,EMERGENCY_BRAKE,BLOCKED_BY_OBSERVED_OBSTACLE,0,0,,0,1,NORMAL_CORRECTION,2,0.9056596367597943,0.42231602430296633,-0.03781266931933812,0.8999999999999998,0.47633688324903267,0.27741340049114327,1.0,1,1,1,DIRECT_LOCAL,NORMAL_CORRECTION,1,BYPASS_VISIBLE,1,18,0.0,16.0,2.0,0.0,16.0,2.0,1,
258,8.633333,0.033333,2.2063355445861816,11.646742820739746,2.1800389289855957,-0.25228613362494917,0.0992565006017685,0.953618568966292,-0.262028323093493,0.0685207796294399,0.9913336040009605,0.9840153097217206,15.953609120390905,2.0,0.8653415625460791,0.49960518407695004,-0.03973210507570648,0.8999999999999998,1.046223759651184,-0.316715270280838,0.0339713953435421,0.24058766663074493,macro_normal,EMERGENCY_BRAKE,BLOCKED_BY_OBSERVED_OBSTACLE,0,0,,1,1,NORMAL_CORRECTION,2,0.8660254037844386,0.4999999999999999,0.0,0.8999999999999998,0.4539098182224269,0.28032246657801796,1.0,1,1,1,DIRECT_LOCAL,NORMAL_CORRECTION,1,BYPASS_VISIBLE,1,18,0.0,16.0,2.0,0.0,16.0,2.0,1,
259,8.666667,0.033333,2.222655773162842,11.675729751586914,2.1809983253479004,-0.24885272109341994,0.12223276495933533,0.9678602394998812,-0.2632015565020371,0.0837172176612537,1.0064974292479858,0.9840153097217206,15.953609120390905,2.0,0.8644304739984513,0.5011440473981635,-0.040182077848214745,0.8953918489606654,1.0615413188934326,-0.34098461270332336,0.03521335497498512,0.2316264808177948,macro_normal,EMERGENCY_BRAKE,BLOCKED_BY_OBSERVED_OBSTACLE,0,0,,0,1,NORMAL_CORRECTION,2,0.8653415625460791,0.49960518407695004,-0.03973210507570648,0.8999999999999998,0.4325010463871676,0.28425885074679214,1.0,1,1,1,DIRECT_LOCAL,NORMAL_CORRECTION,1,BYPASS_VISIBLE,1,18,0.0,16.0,2.0,0.0,16.0,2.0,1,
260,8.7,0.033333,2.2391490936279297,11.705306053161621,2.1818294525146484,-0.24526525313106423,0.1381046622991562,0.9861564105367692,-0.26988707000675655,0.09234532530974632,1.026582269331669,0.9840153097217206,15.953609120390905,2.0,0.8635549457023576,0.5026170415308452,-0.040607453943567066,0.8907184087401016,1.0801515579223633,-0.36356765031814575,0.03890477493405342,0.22553519904613495,macro_normal,EMERGENCY_BRAKE,BLOCKED_BY_OBSERVED_OBSTACLE,0,0,,0,1,NORMAL_CORRECTION,2,0.8653415625460791,0.49960518407695004,-0.03973210507570648,0.8999999999999998,0.5047200060788843,0.2893906473759196,1.0,1,1,1,DIRECT_LOCAL,NORMAL_CORRECTION,1,BYPASS_VISIBLE,1,18,0.0,16.0,2.0,0.0,16.0,2.0,1,
261,8.733333,0.033333,2.256011724472046,11.73550033569336,2.182556390762329,-0.2415654283242212,0.14748238027095795,1.005917373456364,-0.2825272675052456,0.09551756514986516,1.049197323842131,0.9840153097217206,15.953609120390905,2.0,0.8626681197617555,0.504104879663885,-0.041012015870688555,0.8859670370060606,1.0948035717010498,-0.3814309239387512,0.04406809061765671,0.2220856249332428,macro_normal,EMERGENCY_BRAKE,BLOCKED_BY_OBSERVED_OBSTACLE,0,0,,0,1,NORMAL_CORRECTION,2,0.8653415625460791,0.49960518407695004,-0.03973210507570648,0.8999999999999998,0.4832495069578057,0.2959442755283007,1.0,1,1,1,DIRECT_LOCAL,NORMAL_CORRECTION,1,BYPASS_VISIBLE,1,18,0.0,16.0,2.0,0.0,16.0,2.0,1,
262,8.766667,0.033333,2.2734081745147705,11.766281127929688,2.183204174041748,-0.23757744603518294,0.15177009999752045,1.025266512429623,-0.3002761624614794,0.09495714699923252,1.0725455957759693,0.9840153097217206,15.953609120390905,2.0,0.8618342586239001,0.505497475080575,-0.04140064431088118,0.8811450867747099,1.1047139167785645,-0.39527270197868347,0.049627117812633514,0.21892708539962769,macro_normal,EMERGENCY_BRAKE,BLOCKED_BY_OBSERVED_OBSTACLE,0,0,,0,1,NORMAL_CORRECTION,2,0.8653415625460791,0.49960518407695004,-0.03973210507570648,0.8999999999999998,0.4628723391284728,0.3041384575777336,0.9586154146365097,1,1,1,DIRECT_LOCAL,NORMAL_CORRECTION,1,BYPASS_VISIBLE,1,18,0.0,16.0,2.0,0.0,16.0,2.0,1,
263,8.8,0.033333,2.2914445400238037,11.797589302062988,2.183793783187866,-0.2331712418655331,0.15254057943820953,1.0431984495079096,-0.3213431014829953,0.09193685308543481,1.0954345160171237,0.9840153097217206,15.953609120390905,2.0,0.8611001976680991,0.5067159429304647,-0.041778017617531985,0.8762704987896948,1.112994909286499,-0.4072645604610443,0.05474989116191864,0.21456360816955566,macro_normal,EMERGENCY_BRAKE,BLOCKED_BY_OBSERVED_OBSTACLE,0,0,,0,1,NORMAL_CORRECTION,2,0.8653415625460791,0.49960518407695004,-0.03973210507570648,0.8999999999999998,0.44401732536347605,0.31413536118979635,0.8586463795155727,1,1,1,DIRECT_LOCAL,NORMAL_CORRECTION,1,BYPASS_VISIBLE,1,18,0.0,16.0,2.0,0.0,16.0,2.0,1,
264,8.833333,0.033333,2.31016206741333,11.829361915588379,2.184340476989746,-0.2283784692130823,0.15100200474262238,1.0593892575642785,-0.3436492431785475,0.08767856140563375,1.1171785584721645,0.9840153097217206,15.953609120390905,2.0,0.8604382719086606,0.5078085670537884,-0.04214782867023782,0.8713638028420208,1.1229901313781738,-0.4190712869167328,0.05905832350254059,0.20960868895053864,macro_normal,SAFE_PROGRESSING,NONE,1,0,"2.291,11.798;2.688,12.102;3.085,12.406;3.482,12.710;3.879,13.014;4.276,13.318;4.673,13.622",1,1,NORMAL_CORRECTION,2,0.8612035499125188,0.5082602144749044,0.0,0.8713638028420208,0.5128068891065719,0.3260196244193613,0.7398037484083496,1,0,1,DIRECT_LOCAL,NORMAL_CORRECTION,1,BYPASS_VISIBLE,1,18,0.0,16.0,2.0,0.0,16.0,2.0,1,
265,8.866667,0.033333,2.3295464515686035,11.861556053161621,2.1848526000976562,-0.2233595135657245,0.14794841408729553,1.0740205985550204,-0.36549969502740354,0.08371852112790558,1.1375935407541014,0.9840153097217206,15.953609120390905,2.0,0.8597623831184422,0.5089217237284707,-0.042512629790914906,0.8664428481846317,1.1355297565460205,-0.4316808581352234,0.06253363192081451,0.20475371181964874,macro_normal,EMERGENCY_BRAKE,BLOCKED_BY_OBSERVED_OBSTACLE,0,0,,0,1,NORMAL_CORRECTION,2,0.8604382719086606,0.5078085670537884,-0.04214782867023782,0.8713638028420208,0.49459144693196605,0.33979962334530134,0.6020037605269489,1,1,1,DIRECT_LOCAL,NORMAL_CORRECTION,1,BYPASS_VISIBLE,1,18,0.0,16.0,2.0,0.0,16.0,2.0,1,
266,8.9,0.033333,2.3495538234710693,11.894145965576172,2.185337543487549,-0.21830627473138664,0.14396919310092926,1.0876340914179563,-0.3859822988239952,0.08145657597673944,1.1569638825779627,0.9840153097217206,15.953609120390905,2.0,0.8589752426653223,0.5102189474064781,-0.04287374715925941,0.8615184817216719,1.1488749980926514,-0.445650190114975,0.06528998911380768,0.19951212406158447,macro_normal,EMERGENCY_BRAKE,BLOCKED_BY_OBSERVED_OBSTACLE,0,0,,0,1,NORMAL_CORRECTION,2,0.8604382719086606,0.5078085670537884,-0.04214782867023782,0.8713638028420208,0.47857592753916756,0.35543578553052324,0.44564214023834614,1,1,1,DIRECT_LOCAL,NORMAL_CORRECTION,1,BYPASS_VISIBLE,1,18,0.0,16.0,2.0,0.0,16.0,2.0,1,
267,8.933333,0.033333,2.3701350688934326,11.927129745483398,2.185800790786743,-0.21336810602879175,0.13957932591438293,1.100904671401291,-0.4049941900851803,0.08137012138568321,1.175853939131156,0.9840153097217206,15.953609120390905,2.0,0.8580031150937842,0.5118218447455187,-0.04323255406122077,0.8565964402875175,1.16065514087677,-0.46092653274536133,0.06747584044933319,0.19347405433654785,macro_normal,EMERGENCY_BRAKE,BLOCKED_BY_OBSERVED_OBSTACLE,0,0,,0,1,NORMAL_CORRECTION,2,0.8604382719086606,0.5078085670537884,-0.04214782867023782,0.8713638028420208,0.4651500693022104,0.3728679899607036,0.2713200976797631,1,1,1,DIRECT_LOCAL,NORMAL_CORRECTION,1,BYPASS_VISIBLE,1,18,0.0,16.0,2.0,0.0,16.0,2.0,1,
268,8.966667,0.033333,2.3912546634674072,11.960518836975098,2.1862430572509766,-0.20863189172859017,0.1351909041404724,1.114349301674066,-0.4229965062313359,0.08273622866362094,1.1947994367084687,0.9840153097217206,15.953609120390905,2.0,0.8568030075011416,0.5137981084420155,-0.04359025233243782,0.8516775010136591,1.1697055101394653,-0.4766983389854431,0.06928426772356033,0.18786147236824036,macro_normal,EMERGENCY_BRAKE,BLOCKED_BY_OBSERVED_OBSTACLE,0,0,,0,1,NORMAL_CORRECTION,2,0.8604382719086606,0.5078085670537884,-0.04214782867023782,0.8713638028420208,0.45467753802779554,0.3920406090879959,0.07959390832410213,1,1,1,DIRECT_LOCAL,NORMAL_CORRECTION,1,BYPASS_VISIBLE,1,18,0.0,16.0,2.0,0.0,16.0,2.0,1,
269,9.0,0.033333,2.412898540496826,11.994327545166016,2.186661720275879,-0.20412986196561358,0.13109681010246277,1.1281057192894,-0.4406660862237925,0.08409224799857021,1.2140348510708836,0.9840153097217206,15.953609120390905,2.0,0.8553570676611411,0.5161714296262502,-0.0439470367570684,0.8467607126039873,1.1764390468597412,-0.49178147315979004,0.07089841365814209,0.1853700876235962,macro_normal,SAFE_PROGRESSING,NONE,1,0,"2.391,11.961;2.225,12.432;2.059,12.904;1.893,13.375;1.726,13.847;1.560,14.318;1.394,14.790",0,1,NORMAL_CORRECTION,2,0.8604382719086606,0.5078085670537884,-0.04214782867023782,0.8713638028420208,0.8036668614721809,0.41291442387027166,0.0,0,0,0,DIRECT_LOCAL,NORMAL_CORRECTION,1,BYPASS_VISIBLE,1,18,0.0,16.0,2.0,0.0,16.0,2.0,1,
270,9.033333,0.033333,2.4350717067718506,12.028563499450684,2.1870524883270264,-0.1998432121329337,0.1275559961795807,1.1418920416218548,-0.4585901260951963,0.08338833068326845,1.2333596199671357,0.6149395558804578,16.11953584168115,2.0,0.8184482268505359,0.5730836180751155,-0.04144474223769281,0.9,1.1677669286727905,-0.4991750121116638,0.07275804877281189,0.19767329096794128,macro_normal,SAFE_PROGRESSING,NONE,1,0,"2.413,11.994;2.213,12.453;2.013,12.911;1.814,13.369;1.614,13.828;1.414,14.286;1.214,14.744",1,1,NORMAL_CORRECTION,1,0.8191520442889918,0.573576436351046,0.0,0.9,0.8370039674053172,0.4354657462516379,0.0,0,0,0,DIRECT_LOCAL,NORMAL_CORRECTION,1,BYPASS_VISIBLE,1,18,0.0,16.0,2.0,0.0,16.0,2.0,1,
271,9.066667,0.033333,2.457780599594116,12.063207626342773,2.1874160766601562,-0.19568405453234852,0.12566033005714417,1.1548271937858752,-0.4769423671973616,0.07797184942948346,1.2518703920289176,0.6149395558804578,16.11953584168115,2.0,0.8164646046978435,0.5758849085791853,-0.04173872717678311,0.8955207591475063,1.1672744750976562,-0.5075205564498901,0.07421164959669113,0.22315484285354614,macro_normal,SAFE_PROGRESSING,NONE,1,0,"2.435,12.029;2.232,12.485;2.029,12.942;1.825,13.399;1.622,13.856;1.419,14.313;1.216,14.770",0,1,NORMAL_CORRECTION,1,0.8184482268505359,0.5730836180751155,-0.04144474223769281,0.9,0.8715778266397174,0.4596674010771379,0.0,0,0,0,DIRECT_LOCAL,NORMAL_CORRECTION,1,BYPASS_VISIBLE,1,18,0.0,16.0,2.0,0.0,16.0,2.0,1,
272,9.1,0.033333,2.48101544380188,12.09820556640625,2.1877553462982178,-0.19149059673401642,0.12650984525680542,1.1656437881458617,-0.49536044357656456,0.06885739735653766,1.2684040172887032,0.6149395558804578,16.11953584168115,2.0,0.8143620982595698,0.5788332883060006,-0.042028529204972624,0.8910636723140689,1.174918532371521,-0.5150350332260132,0.07490815967321396,0.26430338621139526,macro_normal,SAFE_PROGRESSING,NONE,1,0,"2.458,12.063;2.251,12.518;2.044,12.974;1.837,13.429;1.631,13.884;1.424,14.339;1.217,14.795",0,1,NORMAL_CORRECTION,1,0.8184482268505359,0.5730836180751155,-0.04144474223769281,0.9,0.9073312733221853,0.48546705293682113,0.0,0,0,0,DIRECT_LOCAL,NORMAL_CORRECTION,1,BYPASS_VISIBLE,1,18,0.0,16.0,2.0,0.0,16.0,2.0,1,
273,9.133333,0.033333,2.50474214553833,12.133489608764648,2.1880736351013184,-0.18713520963767608,0.1311543881893158,1.173737672758326,-0.5133167073478039,0.05940880092733447,1.282452171475469,0.6149395558804578,16.11953584168115,2.0,0.812215631412856,0.5818206645894612,-0.04231409156881093,0.8866416728831149,1.1855241060256958,-0.520227313041687,0.07444686442613602,0.3169171214103699,macro_normal,SAFE_PROGRESSING,NONE,1,0,"2.481,12.098;2.271,12.552;2.060,13.005;1.850,13.459;1.639,13.912;1.429,14.366;1.218,14.819",0,1,NORMAL_CORRECTION,1,0.8184482268505359,0.5730836180751155,-0.04144474223769281,0.9,0.944179483781967,0.5127779130521831,0.0,0,0,0,DIRECT_LOCAL,NORMAL_CORRECTION,1,BYPASS_VISIBLE,1,18,0.0,16.0,2.0,0.0,16.0,2.0,1,
274,9.166667,0.033333,2.5289065837860107,12.168996810913086,2.188370704650879,-0.18249869683370512,0.14088420569896698,1.1795258415885128,-0.5303772176614255,0.05210256541638458,1.294332214430412,0.6149395558804578,16.11953584168115,2.0,0.8101007130189728,0.5847413647073658,-0.042595435979918245,0.8822679502016475,1.1950106620788574,-0.5249679088592529,0.07237144559621811,0.3647981584072113,macro_normal,SAFE_PROGRESSING,NONE,1,0,"2.505,12.133;2.291,12.585;2.076,13.037;1.862,13.489;1.648,13.941;1.434,14.392;1.220,14.844",0,1,NORMAL_CORRECTION,1,0.8184482268505359,0.5730836180751155,-0.04144474223769281,0.9,0.9820113732248011,0.5414858724549308,0.0,0,0,0,DIRECT_LOCAL,NORMAL_CORRECTION,1,BYPASS_VISIBLE,1,18,0.0,16.0,2.0,0.0,16.0,2.0,1,
275,9.2,0.033333,2.553445339202881,12.204697608947754,2.1886367797851562,-0.177427513685854,0.15612146258354187,1.1839740728129826,-0.5462881360822932,0.04727421553919742,1.3047835775225234,0.6149395558804578,16.11953584168115,2.0,0.8081171023594406,0.587459572496992,-0.04287189704028725,0.8779528100651305,1.2022051811218262,-0.5311117768287659,0.06870247423648834,0.3937373757362366,macro_normal,SAFE_PROGRESSING,NONE,1,0,"2.529,12.169;2.311,12.619;2.093,13.069;1.875,13.519;1.657,13.969;1.439,14.419;1.221,14.869",0,1,NORMAL_CORRECTION,1,0.8184482268505359,0.5730836180751155,-0.04144474223769281,0.9,1.020702930710179,0.5714679942865605,0.0,0,0,0,DIRECT_LOCAL,NORMAL_CORRECTION,1,BYPASS_VISIBLE,1,18,0.0,16.0,2.0,0.0,16.0,2.0,1,
276,9.233333,0.033333,2.5782902240753174,12.240594863891602,2.1888575553894043,-0.17176920802782328,0.17543303966522217,1.1879258457222661,-0.5610317693528779,0.04349616310380346,1.314464292920479,0.0,16.0,2.0,0.7214614999945809,0.691227604302745,-0.04120319253962353,0.9,1.194700837135315,-0.5211349129676819,0.06610702723264694,0.46700942516326904,local_avoidance,SAFE_PROGRESSING,NONE,1,0,"2.553,12.205;2.274,12.620;1.995,13.034;1.716,13.449;1.437,13.864;1.158,14.279;0.879,14.694",1,1,PASS_THROUGH,-1,0.7220746945755608,0.6918151020710741,0.0,0.9,1.0601428763613718,0.6026029023258178,0.0,0,0,0,DIRECT_LOCAL,PASS_THROUGH,0,BYPASS_VISIBLE,1,18,0.0,16.0,2.0,0.0,16.0,2.0,1,
277,9.266667,0.033333,2.603369951248169,12.276702880859375,2.189035177230835,-0.16539296118642685,0.19873552024364471,1.1914057919233862,-0.5744774848796808,0.03672370203520485,1.3231858418050904,0.0,16.0,2.0,0.7196967089769587,0.6930535533964166,-0.04139346823273842,0.9,1.188583493232727,-0.5196523070335388,0.06273993104696274,0.513047456741333,local_avoidance,SAFE_PROGRESSING,NONE,1,0,"2.578,12.241;2.295,12.653;2.013,13.065;1.730,13.478;1.447,13.890;1.164,14.302;0.882,14.715",0,1,PASS_THROUGH,-1,0.7214614999945809,0.691227604302745,-0.04120319253962353,0.9,1.1002386256485186,0.6347727417799999,0.0,0,0,0,DIRECT_LOCAL,PASS_THROUGH,0,BYPASS_VISIBLE,1,18,0.0,16.0,2.0,0.0,16.0,2.0,1,
278,9.3,0.033333,2.628596782684326,12.313029289245605,2.189171314239502,-0.15813966908035684,0.22580744326114655,1.193586582480754,-0.5862416983098937,0.0263149831634054,1.3300453890955168,0.0,16.0,2.0,0.7184465082729402,0.6943387746261789,-0.04157259675599216,0.9,1.1938755512237549,-0.5203386545181274,0.05920064076781273,0.5579884648323059,local_avoidance,SAFE_PROGRESSING,NONE,1,0,"2.603,12.277;2.317,12.686;2.030,13.096;1.744,13.506;1.457,13.916;1.171,14.326;0.884,14.735",0,1,PASS_THROUGH,-1,0.7214614999945809,0.691227604302745,-0.04120319253962353,0.9,1.1409078686819436,0.667847542233642,0.0,0,0,0,DIRECT_LOCAL,PASS_THROUGH,0,BYPASS_VISIBLE,1,18,0.0,16.0,2.0,0.0,16.0,2.0,1,
279,9.333333,0.033333,2.653869390487671,12.349555015563965,2.1892752647399902,-0.14993957139920874,0.2555026710033417,1.1937930672870538,-0.5962518876941437,0.0160591706685995,1.3345096845073943,0.0,16.0,2.0,0.7177724885150326,0.695025414202608,-0.041741206779762466,0.9,1.2061654329299927,-0.5165994763374329,0.056646719574928284,0.618004322052002,local_avoidance,SAFE_PROGRESSING,NONE,1,0,"2.629,12.313;2.338,12.720;2.048,13.127;1.758,13.534;1.468,13.942;1.177,14.349;0.887,14.756",0,1,PASS_THROUGH,-1,0.7214614999945809,0.691227604302745,-0.04120319253962353,0.9,1.1820573173402573,0.7016824333560959,0.0,0,0,0,DIRECT_LOCAL,PASS_THROUGH,0,BYPASS_VISIBLE,1,18,0.0,16.0,2.0,0.0,16.0,2.0,1,
280,9.366667,0.033333,2.679086685180664,12.38625431060791,2.18937611579895,-0.14074590074331172,0.28775495290756226,1.192267930517507,-0.6047124663644471,0.009668487222976977,1.3368894736522734,0.0,16.0,2.0,0.7177230306504676,0.6950668408509598,-0.04190152769738092,0.9,1.2184829711914062,-0.5101845264434814,0.054938726127147675,0.677657961845398,local_avoidance,SAFE_PROGRESSING,NONE,1,0,"2.654,12.350;2.360,12.754;2.066,13.158;1.772,13.563;1.478,13.967;1.184,14.372;0.890,14.776",0,1,PASS_THROUGH,-1,0.7214614999945809,0.691227604302745,-0.04120319253962353,0.9,1.2235730354003336,0.7361344021727946,0.0,0,0,0,DIRECT_LOCAL,PASS_THROUGH,0,BYPASS_VISIBLE,1,18,0.0,16.0,2.0,0.0,16.0,2.0,1,
281,9.4,0.033333,2.7041518688201904,12.423123359680176,2.1895079612731934,-0.13045929291067654,0.32265451550483704,1.1899418556407948,-0.6117775129972377,0.007844683309293853,1.3380190149139015,0.0,16.0,2.0,0.7183818271913395,0.6943763320424098,-0.04206019330152067,0.8997035817270536,1.2270410060882568,-0.5059757232666016,0.05330171063542366,0.7158061861991882,local_avoidance,SAFE_PROGRESSING,NONE,1,0,"2.679,12.386;2.381,12.788;2.084,13.190;1.786,13.591;1.488,13.993;1.190,14.395;0.892,14.796",0,1,PASS_THROUGH,-1,0.7214614999945809,0.691227604302745,-0.04120319253962353,0.9,1.2653417781393512,0.7710745692537059,0.0,0,0,0,DIRECT_LOCAL,PASS_THROUGH,0,BYPASS_VISIBLE,1,18,0.0,16.0,2.0,0.0,16.0,2.0,1,
282,9.433333,0.033333,2.7289745807647705,12.460192680358887,2.1896910667419434,-0.11898249153033268,0.358574777841568,1.1877519218095973,-0.617496323324293,0.008886460139060933,1.3387065795965953,0.0,16.0,2.0,0.7198260837543373,0.6928689921314864,-0.04222521627643433,0.8968050809336299,1.2321327924728394,-0.5056924819946289,0.051441337913274765,0.728438675403595,local_avoidance,SAFE_PROGRESSING,NONE,1,0,"2.704,12.423;2.403,12.822;2.101,13.221;1.800,13.620;1.498,14.019;1.196,14.417;0.895,14.816",1,1,PASS_THROUGH,-1,0.7204686569046992,0.6934875012701661,0.0,0.8968050809336299,1.307270397362482,0.8063963663828183,0.0,0,0,0,DIRECT_LOCAL,PASS_THROUGH,0,BYPASS_VISIBLE,1,18,0.0,16.0,2.0,0.0,16.0,2.0,1,
283,9.466667,0.033333,2.7534687519073486,12.497505187988281,2.189924955368042,-0.10631182148565953,0.3924187421798706,1.186186955466783,-0.6219627423185069,0.010672922552630571,1.339399513747757,0.0,16.0,2.0,0.7220609959768708,0.6905287818161241,-0.04240188170859056,0.8939247870519098,1.2352455854415894,-0.5074647068977356,0.04974862560629845,0.7253813147544861,local_avoidance,SAFE_PROGRESSING,NONE,1,0,"2.729,12.460;2.424,12.856;2.118,13.252;1.813,13.648;1.508,14.044;1.203,14.440;0.897,14.836",0,1,PASS_THROUGH,-1,0.7198260837543373,0.6928689921314864,-0.04222521627643433,0.8968050809336299,1.349295492189768,0.8420086943097435,0.0,0,0,0,DIRECT_LOCAL,PASS_THROUGH,0,BYPASS_VISIBLE,1,18,0.0,16.0,2.0,0.0,16.0,2.0,1,
284,9.5,0.033333,2.777559757232666,12.535107612609863,2.190204381942749,-0.0925750918358339,0.42126959562301636,1.18521956736444,-0.6253878755071576,0.011859273004410463,1.3401477754528042,0.0,16.0,2.0,0.7249964516443071,0.6874344711628336,-0.04259099623440088,0.8910456795450885,1.2379534244537354,-0.5086384415626526,0.048795729875564575,0.7189815044403076,local_avoidance,SAFE_PROGRESSING,NONE,1,0,"2.753,12.498;2.444,12.891;2.135,13.284;1.826,13.677;1.517,14.070;1.208,14.463;0.899,14.856",0,1,PASS_THROUGH,-1,0.7198260837543373,0.6928689921314864,-0.04222521627643433,0.8968050809336299,1.3913692285310224,0.8778399919544569,0.0,0,0,0,DIRECT_LOCAL,PASS_THROUGH,0,BYPASS_VISIBLE,1,18,0.0,16.0,2.0,0.0,16.0,2.0,1,
285,9.533333,0.033333,2.8011868000030518,12.573029518127441,2.190530776977539,-0.07799093462852895,0.44364890456199646,1.1845021936892555,-0.6280003833767589,0.012078615795543432,1.3407370440677588,0.0,16.0,2.0,0.7284770292392799,0.6837324311902381,-0.04279229380857464,0.8881512812847259,1.241143822669983,-0.5080096125602722,0.04885956645011902,0.7159163951873779,local_avoidance,SAFE_PROGRESSING,NONE,1,0,"2.778,12.535;2.465,12.925;2.152,13.315;1.839,13.705;1.527,14.096;1.214,14.486;0.901,14.876",0,1,PASS_THROUGH,-1,0.7198260837543373,0.6928689921314864,-0.04222521627643433,0.8968050809336299,1.433459623439223,0.9138319844514319,0.0,0,0,0,DIRECT_LOCAL,PASS_THROUGH,0,BYPASS_VISIBLE,1,18,0.0,16.0,2.0,0.0,16.0,2.0,1,
286,9.566667,0.033333,2.8242990970611572,12.611282348632812,2.1909167766571045,-0.06278706591648159,0.45971620082855225,1.1836537189914698,-0.6298906938877493,0.011673014759162003,1.340870863283372,0.0,16.0,2.0,0.732342017716974,0.6795775029307844,-0.043006820349692575,0.8852293301091457,1.2450040578842163,-0.5059720277786255,0.049814797937870026,0.7163861989974976,local_avoidance,SAFE_PROGRESSING,NONE,1,0,"2.801,12.573;2.485,12.960;2.168,13.347;1.852,13.734;1.535,14.122;1.219,14.509;0.903,14.896",0,1,PASS_THROUGH,-1,0.7198260837543373,0.6928689921314864,-0.04222521627643433,0.8968050809336299,1.4755387286804238,0.9499335558788561,0.0,0,0,0,DIRECT_LOCAL,PASS_THROUGH,0,BYPASS_VISIBLE,1,18,0.0,16.0,2.0,0.0,16.0,2.0,1,
287,9.6,0.033333,2.8468501567840576,12.649860382080078,2.191380500793457,-0.04714610674725608,0.4706493616104126,1.1824867470136797,-0.6309480710257394,0.011320796937364664,1.3403352325584048,0.0,16.0,2.0,0.7364639763551964,0.6750935398398896,-0.04323799252439743,0.8822714482595029,1.249377965927124,-0.5036717057228088,0.05130965635180473,0.7171132564544678,local_avoidance,SAFE_PROGRESSING,NONE,1,0,"2.824,12.611;2.504,12.995;2.184,13.379;1.864,13.764;1.544,14.148;1.224,14.532;0.904,14.916",0,1,PASS_THROUGH,-1,0.7198260837543373,0.6928689921314864,-0.04222521627643433,0.8968050809336299,1.517577715687623,0.9860939103291827,0.0,0,0,0,DIRECT_LOCAL,PASS_THROUGH,0,BYPASS_VISIBLE,1,18,0.0,16.0,2.0,0.0,16.0,2.0,1,
288,9.633333,0.033333,2.8687937259674072,12.688751220703125,2.1919398307800293,-0.031200576270792476,0.47782617807388306,1.18108074493076,-0.6309451086167437,0.011716331688699268,1.3390969825079262,0.0,16.0,2.0,0.7407526069989416,0.6703686761024408,-0.043490381981908875,0.8792722280326624,1.2540500164031982,-0.5021975636482239,0.05298289656639099,0.7143975496292114,local_avoidance,SAFE_PROGRESSING,NONE,1,0,"2.847,12.650;2.523,13.031;2.199,13.412;1.876,13.793;1.552,14.174;1.228,14.555;0.904,14.936",1,1,PASS_THROUGH,-1,0.7414541369940088,0.6710035489730807,0.0,0.8792722280326624,1.559541946036509,1.0222617709424284,0.0,0,0,0,DIRECT_LOCAL,PASS_THROUGH,0,BYPASS_VISIBLE,1,18,0.0,16.0,2.0,0.0,16.0,2.0,1,
289,9.666667,0.033333,2.8900790214538574,12.727947235107422,2.1926043033599854,-0.015051160771327418,0.48225581645965576,1.1797187291185112,-0.6296996026766813,0.013353127991622978,1.337324259658564,0.0,16.0,2.0,0.7451414000917509,0.6654687135683872,-0.04376854042507329,0.8762270463879782,1.2588332891464233,-0.5021119713783264,0.05459633469581604,0.7060227394104004,local_avoidance,SAFE_PROGRESSING,NONE,1,0,"2.869,12.689;2.541,13.067;2.214,13.445;1.887,13.822;1.559,14.200;1.232,14.578;0.904,14.956",0,1,PASS_THROUGH,-1,0.7407526069989416,0.6703686761024408,-0.043490381981908875,0.8792722280326624,1.6013938444273308,1.0583855605007617,0.0,0,0,0,DIRECT_LOCAL,PASS_THROUGH,0,BYPASS_VISIBLE,1,18,0.0,16.0,2.0,0.0,16.0,2.0,1,
290,9.7,0.033333,2.910656690597534,12.76744556427002,2.1933753490448,0.001214118332822918,0.48439332842826843,1.1787582415075835,-0.6272034104561308,0.016404190016592428,1.3353367393507725,0.0,16.0,2.0,0.749573899871961,0.6604516176021097,-0.044075270135256875,0.8731296821546923,1.263570785522461,-0.5033430457115173,0.05606835335493088,0.6919442415237427,local_avoidance,SAFE_PROGRESSING,NONE,1,0,"2.890,12.728;2.559,13.103;2.228,13.477;1.897,13.852;1.566,14.227;1.235,14.602;0.904,14.976",0,1,PASS_THROUGH,-1,0.7407526069989416,0.6703686761024408,-0.043490381981908875,0.8792722280326624,1.6430965343295234,1.0944191721545242,0.0,0,0,0,DIRECT_LOCAL,PASS_THROUGH,0,BYPASS_VISIBLE,1,18,0.0,16.0,2.0,0.0,16.0,2.0,1,
291,9.733333,0.033333,2.9304821491241455,12.807251930236816,2.194246768951416,0.017506148004543205,0.4842672049999237,1.17850822840035,-0.6236543517812729,0.020690473202767345,1.3335120886532696,0.0,16.0,2.0,0.7539937847240681,0.655378502226888,-0.044411613529755756,0.8699731156875542,1.268134355545044,-0.5054028034210205,0.057432398200035095,0.6737997531890869,local_avoidance,SAFE_PROGRESSING,NONE,1,0,"2.911,12.767;2.576,13.139;2.242,13.511;1.907,13.882;1.572,14.254;1.238,14.625;0.903,14.997",0,1,PASS_THROUGH,-1,0.7407526069989416,0.6703686761024408,-0.043490381981908875,0.8792722280326624,1.6846186157866911,1.1303269308598098,0.0,0,0,0,DIRECT_LOCAL,PASS_THROUGH,0,BYPASS_VISIBLE,1,18,0.0,16.0,2.0,0.0,16.0,2.0,1,
292,9.766667,0.033333,2.9495253562927246,12.84737777709961,2.1952078342437744,0.03373008630691795,0.48175081610679626,1.1791532118591495,-0.6193866920359905,0.02574722142728316,1.3321805773693973,0.0,16.0,2.0,0.7583411884302974,0.6503181280161551,-0.04477693941849834,0.8667494646854259,1.2724560499191284,-0.5077144503593445,0.058765582740306854,0.6538804769515991,local_avoidance,SAFE_PROGRESSING,NONE,1,0,"2.930,12.807;2.592,13.176;2.254,13.544;1.916,13.912;1.578,14.281;1.240,14.649;0.902,15.017",0,1,PASS_THROUGH,-1,0.7407526069989416,0.6703686761024408,-0.043490381981908875,0.8792722280326624,1.7259393280942485,1.1660911434341013,0.0,0,0,0,DIRECT_LOCAL,PASS_THROUGH,0,BYPASS_VISIBLE,1,18,0.0,16.0,2.0,0.0,16.0,2.0,1,
293,9.8,0.033333,2.967768669128418,12.88783073425293,2.1962475776672363,0.04979179222022534,0.4768133759498596,1.180734076060506,-0.614760558797358,0.030980249157027906,1.3315492025686202,0.0,16.0,2.0,0.7625562280236595,0.645343096450121,-0.0451695358233685,0.8634518332307628,1.276551365852356,-0.5098361968994141,0.060129690915346146,0.6342669129371643,local_avoidance,SAFE_PROGRESSING,NONE,1,0,"2.950,12.847;2.608,13.212;2.266,13.578;1.925,13.943;1.583,14.308;1.242,14.673;0.900,15.038",0,1,PASS_THROUGH,-1,0.7407526069989416,0.6703686761024408,-0.043490381981908875,0.8792722280326624,1.7670539586384262,1.201705306809298,0.0,0,0,0,DIRECT_LOCAL,PASS_THROUGH,0,BYPASS_VISIBLE,1,18,0.0,16.0,2.0,0.0,16.0,2.0,1,
294,9.833333,0.033333,2.9852094650268555,12.928627014160156,2.197354793548584,0.06561045286459899,0.4696550667285919,1.183175612420522,-0.6100595610124746,0.03585473017805273,1.3316766722765518,0.0,16.0,2.0,0.7665882956572782,0.6405186672611982,-0.045587518590154426,0.860075541150216,1.2805135250091553,-0.5115392804145813,0.06154236942529678,0.6163620948791504,local_avoidance,SAFE_PROGRESSING,NONE,1,0,"2.968,12.888;2.623,13.250;2.278,13.612;1.933,13.973;1.588,14.335;1.242,14.697;0.897,15.059",1,1,PASS_THROUGH,-1,0.7673861096722093,0.641185276407804,0.0,0.860075541150216,1.807965484183154,1.2371818580202496,0.0,0,0,0,DIRECT_LOCAL,PASS_THROUGH,0,BYPASS_VISIBLE,1,18,0.0,16.0,2.0,0.0,16.0,2.0,1,
295,9.866667,0.033333,3.0018534660339355,12.969773292541504,2.198519706726074,0.08112805586049025,0.4607155919075012,1.1863365710303353,-0.6054386289442095,0.04003919715046957,1.3324989795456927,0.0,16.0,2.0,0.7704001915169347,0.6358969143856174,-0.04602889511514705,0.8566167770533724,1.2844674587249756,-0.5127856731414795,0.06297562271356583,0.600783109664917,local_avoidance,SAFE_PROGRESSING,NONE,1,0,"2.985,12.929;2.637,13.287;2.288,13.646;1.940,14.004;1.591,14.363;1.243,14.721;0.894,15.080",0,1,PASS_THROUGH,-1,0.7665882956572782,0.6405186672611982,-0.045587518590154426,0.860075541150216,1.8486945006780908,1.2725369864362417,0.0,0,0,0,DIRECT_LOCAL,PASS_THROUGH,0,BYPASS_VISIBLE,1,18,0.0,16.0,2.0,0.0,16.0,2.0,1,
296,9.9,0.033333,3.0177106857299805,13.011268615722656,2.1997342109680176,0.09631088452080681,0.4505922496318817,1.1900665667791075,-0.6009265897430447,0.04345398045310313,1.3338888439607088,0.0,16.0,2.0,0.7739710616163453,0.6315119187413516,-0.04649185163105483,0.8530743960554604,1.28852117061615,-0.5136513710021973,0.06437347084283829,0.5875368714332581,local_avoidance,SAFE_PROGRESSING,NONE,1,0,"3.002,12.970;2.650,13.325;2.298,13.680;1.946,14.035;1.594,14.391;1.242,14.746;0.891,15.101",0,1,PASS_THROUGH,-1,0.7665882956572782,0.6405186672611982,-0.045587518590154426,0.860075541150216,1.8892615852056605,1.307787219757639,0.0,0,0,0,DIRECT_LOCAL,PASS_THROUGH,0,BYPASS_VISIBLE,1,18,0.0,16.0,2.0,0.0,16.0,2.0,1,
297,9.933333,0.033333,3.032790184020996,13.053107261657715,2.2009921073913574,0.1111446792095404,0.43992236256599426,1.1942467046615148,-0.5964733258056302,0.04622297912467008,1.3357178533626317,0.0,16.0,2.0,0.7772930174726328,0.627382601234948,-0.046974851313862705,0.8494490701656756,1.292720079421997,-0.5142557621002197,0.06567341089248657,0.5762577056884766,local_avoidance,SAFE_PROGRESSING,NONE,1,0,"3.018,13.011;2.662,13.363;2.307,13.715;1.952,14.067;1.597,14.419;1.241,14.770;0.886,15.122",0,1,PASS_THROUGH,-1,0.7665882956572782,0.6405186672611982,-0.045587518590154426,0.860075541150216,1.929685146341612,1.3429458792234872,0.0,0,0,0,DIRECT_LOCAL,PASS_THROUGH,0,BYPASS_VISIBLE,1,18,0.0,16.0,2.0,0.0,16.0,2.0,1,
298,9.966667,0.033333,3.0470995903015137,13.09528923034668,2.2022855281829834,0.12562867251069526,0.42927420139312744,1.1988076210820415,-0.5920111151213103,0.048565339751708035,1.3378996468408084,0.0,16.0,2.0,0.7803672227180971,0.6235166039574012,-0.04747675533009038,0.8457421146327905,1.297041416168213,-0.5147009491920471,0.0668257623910904,0.5664718747138977,local_avoidance,SAFE_PROGRESSING,NONE,1,0,"3.033,13.053;2.674,13.402;2.316,13.750;1.957,14.098;1.598,14.447;1.240,14.795;0.881,15.144",0,1,PASS_THROUGH,-1,0.7665882956572782,0.6405186672611982,-0.045587518590154426,0.860075541150216,1.9699793604861522,1.3780281996182047,0.0,0,0,0,DIRECT_LOCAL,PASS_THROUGH,0,BYPASS_VISIBLE,1,18,0.0,16.0,2.0,0.0,16.0,2.0,1,
299,10.0,0.033333,3.0606448650360107,13.137802124023438,2.2036075592041016,0.13977103645038877,0.4190755784511566,1.2037232311124009,-0.587505339421586,0.05068105555691772,1.3404031894772985,0.0,16.0,2.0,0.7831997413647214,0.6199149477087749,-0.047996069979328815,0.8419539314845116,1.3014112710952759,-0.5150351524353027,0.0678059384226799,0.5578215718269348,direct,SAFE_PROGRESSING,NONE,1,0,"3.047,13.095;2.685,13.440;2.323,13.785;1.961,14.130;1.599,14.475;1.238,14.820;0.876,15.165",0,1,PASS_THROUGH,-1,0.7665882956572782,0.6405186672611982,-0.045587518590154426,0.860075541150216,2.0101612434271914,1.4130412418037333,0.0,0,0,0,DIRECT_LOCAL,PASS_THROUGH,0,BYPASS_VISIBLE,1,18,0.0,16.0,2.0,0.0,16.0,2.0,1,
300,10.033333,0.033333,3.073430061340332,13.18064022064209,2.204951047897339,0.15358655565112275,0.409591943025589,1.2089872513274964,-0.5829771087047954,0.052674121969328386,1.3432375241450998,0.0,16.0,2.0,0.7858018540530077,0.6165712832480186,-0.048531421169662164,0.8380864793353021,1.305747151374817,-0.5152454972267151,0.06861668080091476,0.5501669645309448,direct,SAFE_PROGRESSING,NONE,1,0,"3.061,13.138;2.695,13.479;2.330,13.821;1.965,14.162;1.600,14.504;1.235,14.845;0.869,15.187",1,1,PASS_THROUGH,-1,0.7867288910596485,0.6172986732304354,0.0,0.8380864793353021,2.0502375705027736,1.447994018740121,0.0,0,0,0,DIRECT_LOCAL,PASS_THROUGH,0,BYPASS_VISIBLE,1,18,0.0,16.0,2.0,0.0,16.0,2.0,1,
301,10.066667,0.033333,3.085460662841797,13.223799705505371,2.206308603286743,0.16709535905574355,0.40094947814941406,1.214588699527373,-0.5784970183996053,0.054534981043366515,1.3464243660429756,0.0,16.0,2.0,0.7881871888762161,0.613475320623618,-0.04908142497072961,0.8341405614741804,1.3099923133850098,-0.5152751803398132,0.06928233057260513,0.5435777902603149,direct,SAFE_PROGRESSING,NONE,1,0,"3.073,13.181;2.705,13.519;2.337,13.857;1.968,14.195;1.600,14.533;1.231,14.871;0.863,15.209",0,1,PASS_THROUGH,-1,0.7858018540530077,0.6165712832480186,-0.048531421169662164,0.8380864793353021,2.0902183198351807,1.4828978287909713,0.0,0,0,0,DIRECT_LOCAL,PASS_THROUGH,0,BYPASS_VISIBLE,1,18,0.0,16.0,2.0,0.0,16.0,2.0,1,
302,10.1,0.033333,3.0967438220977783,13.267276763916016,2.2076737880706787,0.1803221277256062,0.3931843638420105,1.2204917431854239,-0.5741593045879347,0.05617528024393738,1.349968393829715,0.0,16.0,2.0,0.7903713398933574,0.6106132628588341,-0.04964462001130721,0.8301169936122548,1.314138412475586,-0.5150481462478638,0.06983800232410431,0.5382552742958069,direct,SAFE_PROGRESSING,NONE,1,0,"3.085,13.224;2.714,13.558;2.342,13.893;1.970,14.227;1.599,14.562;1.227,14.896;0.855,15.230",0,1,PASS_THROUGH,-1,0.7858018540530077,0.6165712832480186,-0.048531421169662164,0.8380864793353021,2.130115684092064,1.517765330292388,0.0,0,0,0,DIRECT_LOCAL,PASS_THROUGH,0,BYPASS_VISIBLE,1,18,0.0,16.0,2.0,0.0,16.0,2.0,1,
303,10.133333,0.033333,3.107288122177124,13.311065673828125,2.209040641784668,0.19329576399442355,0.3862956464290619,1.2266334173703402,-0.5700517654941586,0.057488714170788435,1.3538439748396627,0.0,16.0,2.0,0.79237181544512,0.6079678318154906,-0.05021973283258261,0.8260169147114139,1.3182157278060913,-0.5145071744918823,0.07031754404306412,0.5343762636184692,direct,SAFE_PROGRESSING,NONE,1,0,"3.097,13.267;2.722,13.598;2.347,13.929;1.972,14.260;1.597,14.591;1.222,14.921;0.847,15.252",0,1,PASS_THROUGH,-1,0.7858018540530077,0.6165712832480186,-0.048531421169662164,0.8380864793353021,2.1699428144263955,1.5526090990278485,0.0,0,0,0,DIRECT_LOCAL,PASS_THROUGH,0,BYPASS_VISIBLE,1,18,0.0,16.0,2.0,0.0,16.0,2.0,1,
304,10.166667,0.033333,3.117105007171631,13.355161666870117,2.210405111312866,0.20604863153445416,0.38028261065483093,1.2329292916567274,-0.5662314368308592,0.058407240995642595,1.3579926671677656,0.0,16.0,2.0,0.7942078168976201,0.6055185708239169,-0.05080555054398332,0.8218420112086855,1.3222758769989014,-0.5136340260505676,0.07074547559022903,0.5319856405258179,direct,SAFE_PROGRESSING,NONE,1,0,"3.107,13.311;2.729,13.638;2.351,13.965;1.973,14.293;1.595,14.620;1.217,14.947;0.839,15.274",0,1,PASS_THROUGH,-1,0.7858018540530077,0.6165712832480186,-0.048531421169662164,0.8380864793353021,2.209712163112791,1.5874443419223447,0.0,0,0,0,DIRECT_LOCAL,PASS_THROUGH,0,BYPASS_VISIBLE,1,18,0.0,16.0,2.0,0.0,16.0,2.0,1,
305,10.2,0.033333,3.126203775405884,13.399557113647461,2.211764097213745,0.21861532047145393,0.37515756487846375,1.2392915476750395,-0.5627158873908368,0.05893161865916898,1.3623383007677063,0.0,16.0,2.0,0.7958990455290205,0.6032434152160882,-0.05140127745907031,0.8175943599151771,1.3263691663742065,-0.512452244758606,0.07113548368215561,0.530968964099884,direct,SAFE_PROGRESSING,NONE,1,0,"3.117,13.355;2.736,13.679;2.355,14.002;1.973,14.326;1.592,14.649;1.211,14.973;0.830,15.296",0,1,PASS_THROUGH,-1,0.7858018540530077,0.6165712832480186,-0.048531421169662164,0.8380864793353021,2.2494384659801976,1.6222825177251292,0.0,0,0,0,DIRECT_LOCAL,PASS_THROUGH,0,BYPASS_VISIBLE,1,18,0.0,16.0,2.0,0.0,16.0,2.0,1,
306,10.233333,0.033333,3.1345951557159424,13.44424057006836,2.21311616897583,0.23103079716823138,0.37093812227249146,1.245643123695181,-0.5594874538572542,0.059129657938381784,1.36680258965246,0.0,16.0,2.0,0.7974655383446498,0.6011190041931858,-0.05200632606203716,0.8132761708188314,1.3305304050445557,-0.5110164880752563,0.07149319350719452,0.5310724377632141,direct,SAFE_PROGRESSING,NONE,1,0,"3.126,13.400;2.742,13.719;2.357,14.039;1.973,14.359;1.589,14.679;1.204,14.998;0.820,15.318",1,1,PASS_THROUGH,-1,0.7985461666410708,0.6019335675494857,0.0,0.8132761708188314,2.2891325170109784,1.6571333984646532,0.0,0,0,0,DIRECT_LOCAL,PASS_THROUGH,0,BYPASS_VISIBLE,1,18,0.0,16.0,2.0,0.0,16.0,2.0,1,
307,10.266667,0.033333,3.142286777496338,13.489202499389648,2.2144615650177,0.24332873747471465,0.36762937903404236,1.2519296815533474,-0.5565080774771721,0.05911021315932642,1.3713216928027299,0.0,16.0,2.0,0.7989264868467095,0.5991223216107179,-0.052620455742592484,0.8088904265454587,1.3347686529159546,-0.509401798248291,0.07182062417268753,0.5319448709487915,direct,SAFE_PROGRESSING,NONE,1,0,"3.135,13.444;2.747,13.760;2.360,14.076;1.972,14.392;1.585,14.708;1.197,15.024;0.809,15.340",0,1,PASS_THROUGH,-1,0.7974655383446498,0.6011190041931858,-0.05200632606203716,0.8132761708188314,2.328802696592065,1.6920050827227562,0.0,0,0,0,DIRECT_LOCAL,PASS_THROUGH,0,BYPASS_VISIBLE,1,18,0.0,16.0,2.0,0.0,16.0,2.0,1,
308,10.3,0.033333,3.1492843627929688,13.534430503845215,2.2158005237579346,0.2555401287284151,0.3652046024799347,1.2581227308893894,-0.5537360765474825,0.05898830044567241,1.375854668211815,0.0,16.0,2.0,0.8002992357786374,0.5972321350375115,-0.05324387373834511,0.8044394391400637,1.3390741348266602,-0.5076718926429749,0.07212281972169876,0.5332667231559753,direct,SAFE_PROGRESSING,NONE,1,0,"3.142,13.489;2.752,13.801;2.361,14.113;1.970,14.426;1.580,14.738;1.189,15.050;0.799,15.362",0,1,PASS_THROUGH,-1,0.7974655383446498,0.6011190041931858,-0.05200632606203716,0.8132761708188314,2.368456387618639,1.7269019646393962,0.0,0,0,0,DIRECT_LOCAL,PASS_THROUGH,0,BYPASS_VISIBLE,1,18,0.0,16.0,2.0,0.0,16.0,2.0,1,
309,10.333333,0.033333,3.1555917263031006,13.579912185668945,2.2171339988708496,0.26769225909356026,0.3635959327220917,1.2642127214586385,-0.5511386542233572,0.058854960400773884,1.3803809356988261,0.0,16.0,2.0,0.8015991820300347,0.5954292935993557,-0.053876782499991074,0.7999256199947912,1.3434231281280518,-0.5058779120445251,0.07240965217351913,0.5347728133201599,direct,SAFE_PROGRESSING,NONE,1,0,"3.149,13.534;2.756,13.843;2.362,14.151;1.968,14.459;1.574,14.767;1.181,15.076;0.787,15.384",0,1,PASS_THROUGH,-1,0.7974655383446498,0.6011190041931858,-0.05200632606203716,0.8132761708188314,2.408097158409072,1.7618265863287093,0.0,0,0,0,DIRECT_LOCAL,PASS_THROUGH,0,BYPASS_VISIBLE,1,18,0.0,16.0,2.0,0.0,16.0,2.0,1,
310,10.366667,0.033333,3.1612110137939453,13.62563705444336,2.218463182449341,0.27980836390298497,0.3626974821090698,1.2702024849651492,-0.5486984493033441,0.058761990479766185,1.3848961378401916,0.0,16.0,2.0,0.8028392835269245,0.5936974816807933,-0.05451958429645741,0.795351096615482,1.3477928638458252,-0.5040424466133118,0.07269608974456787,0.5363233685493469,direct,SAFE_PROGRESSING,NONE,1,0,"3.156,13.580;2.759,13.884;2.362,14.188;1.965,14.493;1.569,14.797;1.172,15.101;0.775,15.406",0,1,PASS_THROUGH,-1,0.7974655383446498,0.6011190041931858,-0.05200632606203716,0.8132761708188314,2.4477270049386295,1.7967811889883438,0.0,0,0,0,DIRECT_LOCAL,PASS_THROUGH,0,BYPASS_VISIBLE,1,18,0.0,16.0,2.0,0.0,16.0,2.0,1,
311,10.4,0.033333,3.1661434173583984,13.671592712402344,2.2197892665863037,0.29190786075934044,0.36237940192222595,1.2760965728161224,-0.5464104181164181,0.058722830265897134,1.3894010144568232,0.0,16.0,2.0,0.8040299964147277,0.5920234192829725,-0.055172782110662004,0.7907175088731638,1.3521637916564941,-0.5021745562553406,0.07299867272377014,0.537855863571167,direct,SAFE_PROGRESSING,NONE,1,0,"3.161,13.626;2.761,13.926;2.362,14.226;1.962,14.526;1.562,14.827;1.162,15.127;0.762,15.427",0,1,PASS_THROUGH,-1,0.7974655383446498,0.6011190041931858,-0.05200632606203716,0.8132761708188314,2.4873480856329206,1.8317657713758178,0.0,0,0,0,DIRECT_LOCAL,PASS_THROUGH,0,BYPASS_VISIBLE,1,18,0.0,16.0,2.0,0.0,16.0,2.0,1,
312,10.433333,0.033333,3.1703896522521973,13.717766761779785,2.2211148738861084,0.3040062045695875,0.362506240606308,1.2818954849667588,-0.5442753496239168,0.058725403948415515,1.3938939571055264,0.0,16.0,2.0,0.8051796152443411,0.5903965020229086,-0.05583688381427181,0.7860265806248486,1.3565291166305542,-0.5002745985984802,0.07333201915025711,0.5393640995025635,direct,SAFE_PROGRESSING,NONE,1,0,"3.166,13.672;2.763,13.968;2.361,14.264;1.958,14.560;1.555,14.856;1.152,15.153;0.749,15.449",1,1,PASS_THROUGH,-1,0.8064377353249688,0.5913190163050193,0.0,0.7860265806248486,2.5269602206678017,1.8667797162853974,0.0,0,0,0,DIRECT_LOCAL,PASS_THROUGH,0,BYPASS_VISIBLE,1,18,0.0,16.0,2.0,0.0,16.0,2.0,1,
313,10.466667,0.033333,3.1739501953125,13.764147758483887,2.222442150115967,0.31611540849531694,0.36295345425605774,1.28759521519617,-0.542293179695832,0.058749939634027554,1.39836865180384,0.0,16.0,2.0,0.8062943345143743,0.588808756715347,-0.056512778602273495,0.7812799524048966,1.3608880043029785,-0.49834099411964417,0.07370636612176895,0.5408608913421631,direct,SAFE_PROGRESSING,NONE,1,0,"3.170,13.718;2.765,14.010;2.359,14.302;1.953,14.594;1.547,14.886;1.141,15.178;0.736,15.470",0,1,PASS_THROUGH,-1,0.8051796152443411,0.5903965020229086,-0.05583688381427181,0.7860265806248486,2.5665626966424986,1.9018226574265769,0.0,0,0,0,DIRECT_LOCAL,PASS_THROUGH,0,BYPASS_VISIBLE,1,18,0.0,16.0,2.0,0.0,16.0,2.0,1,
314,10.5,0.033333,3.1768252849578857,13.810725212097168,2.22377347946167,0.3282447740008048,0.3636181056499481,1.2931870806980985,-0.5404560633855406,0.05878327983190761,1.4028118391724753,0.0,16.0,2.0,0.807378588825964,0.5872544844572768,-0.057201265634710965,0.7764791069492311,1.3652420043945312,-0.4963793158531189,0.07412600517272949,0.5423426628112793,direct,SAFE_PROGRESSING,NONE,1,0,"3.174,13.764;2.765,14.052;2.356,14.340;1.948,14.628;1.539,14.916;1.130,15.204;0.721,15.492",0,1,PASS_THROUGH,-1,0.8051796152443411,0.5903965020229086,-0.05583688381427181,0.7860265806248486,2.606155203071269,1.9368945360400787,0.0,0,0,0,DIRECT_LOCAL,PASS_THROUGH,0,BYPASS_VISIBLE,1,18,0.0,16.0,2.0,0.0,16.0,2.0,1,
315,10.533333,0.033333,3.1790149211883545,13.857488632202148,2.225111484527588,0.3404006864343768,0.3644213378429413,1.2986623568139997,-0.5387477075892642,0.05882558249272572,1.4072076814010035,0.0,16.0,2.0,0.8084349407578162,0.5857304514725393,-0.05790323634894275,0.7716253751165716,1.3695929050445557,-0.49440211057662964,0.07458987087011337,0.5437804460525513,direct,SAFE_PROGRESSING,NONE,1,0,"3.177,13.811;2.765,14.094;2.353,14.378;1.942,14.662;1.530,14.946;1.118,15.229;0.707,15.513",0,1,PASS_THROUGH,-1,0.8051796152443411,0.5903965020229086,-0.05583688381427181,0.7860265806248486,2.645737873066619,1.971994966669067,0.0,0,0,0,DIRECT_LOCAL,PASS_THROUGH,0,BYPASS_VISIBLE,1,18,0.0,16.0,2.0,0.0,16.0,2.0,1,
316,10.566667,0.033333,3.180518388748169,13.904423713684082,2.226458787918091,0.35258742989471653,0.36530551314353943,1.3040152657111632,-0.5371447201094386,0.058889124560640105,1.4115410700864217,0.0,16.0,2.0,0.8094646927968172,0.5842350943186965,-0.05861966975152627,0.7667200487865495,1.3739365339279175,-0.49243423342704773,0.07509217411279678,0.5450875163078308,direct,SAFE_PROGRESSING,NONE,1,0,"3.179,13.857;2.764,14.137;2.350,14.416;1.935,14.696;1.521,14.975;1.106,15.255;0.691,15.534",0,1,PASS_THROUGH,-1,0.8051796152443411,0.5903965020229086,-0.05583688381427181,0.7860265806248486,2.6853105389355507,2.007120137989933,0.0,0,0,0,DIRECT_LOCAL,PASS_THROUGH,0,BYPASS_VISIBLE,1,18,0.0,16.0,2.0,0.0,16.0,2.0,1,
317,10.6,0.033333,3.1813342571258545,13.951519966125488,2.2278177738189697,0.364807125136342,0.36622536182403564,1.309245349011031,-0.5356210213657797,0.058992293489428874,1.4158013113170507,0.0,16.0,2.0,0.8104683967586658,0.582767854038666,-0.05935154719639503,0.7617647193966091,1.378257393836975,-0.4904930293560028,0.07562729716300964,0.5462055206298828,direct,SAFE_PROGRESSING,NONE,1,0,"3.181,13.904;2.763,14.180;2.345,14.455;1.928,14.730;1.510,15.005;1.093,15.280;0.675,15.555",0,1,PASS_THROUGH,-1,0.8051796152443411,0.5903965020229086,-0.05583688381427181,0.7860265806248486,2.7248693214753286,2.042268327365059,0.0,0,0,0,DIRECT_LOCAL,PASS_THROUGH,0,BYPASS_VISIBLE,1,18,0.0,16.0,2.0,0.0,16.0,2.0,1,
318,10.633333,0.033333,3.1814608573913574,13.998763084411621,2.2291910648345947,0.3770599816493112,0.3671415448188782,1.3143570840689323,-0.5341527564278443,0.05915100101454243,1.4199832930575884,0.0,16.0,2.0,0.8114450527123978,0.5813303136860416,-0.06009985705692314,0.7567604139949455,1.382545828819275,-0.4885866045951843,0.07619035243988037,0.5471125841140747,direct,SAFE_PROGRESSING,NONE,1,0,"3.181,13.952;2.761,14.222;2.341,14.493;1.920,14.764;1.500,15.034;1.079,15.305;0.659,15.576",1,1,PASS_THROUGH,-1,0.8129145014930013,0.5823830468535165,0.0,0.7567604139949455,2.7644129144397835,2.077434715174995,0.0,0,0,0,DIRECT_LOCAL,PASS_THROUGH,0,BYPASS_VISIBLE,1,18,0.0,16.0,2.0,0.0,16.0,2.0,1,
319,10.666667,0.033333,3.1808958053588867,14.046141624450684,2.230581045150757,0.3893447652681736,0.3680190145969391,1.3193574229486282,-0.5327206458233943,0.05937263720532893,1.4240858141365131,0.0,16.0,2.0,0.8123933164942574,0.5799245399013973,-0.06086564988246031,0.7517085174301815,1.3867789506912231,-0.4867240786552429,0.07677733898162842,0.5477927923202515,direct,SAFE_PROGRESSING,NONE,1,0,"3.181,13.999;2.758,14.265;2.335,14.531;1.912,14.797;1.489,15.064;1.065,15.330;0.642,15.596",0,1,PASS_THROUGH,-1,0.8114450527123978,0.5813303136860416,-0.06009985705692314,0.7567604139949455,3.026195266280677,2.1126159729778484,0.0,0,0,0,DIRECT_LOCAL,PASS_THROUGH,0,BYPASS_VISIBLE,1,18,0.0,16.0,2.0,0.0,16.0,2.0,1,
320,10.7,0.033333,3.1796369552612305,14.093640327453613,2.2319893836975098,0.40165888963092167,0.36882659792900085,1.324253848770111,-0.5313111752462967,0.05965371464549675,1.4281100750975253,0.0,16.0,2.0,0.8133107466208818,0.5785541543443712,-0.0616499790904555,0.7466099564365312,1.3909553289413452,-0.4849036931991577,0.0773845985531807,0.5482685565948486,direct,SAFE_PROGRESSING,NONE,1,0,"3.181,14.046;2.755,14.308;2.329,14.570;1.903,14.831;1.477,15.093;1.051,15.355;0.625,15.616",0,1,PASS_THROUGH,-1,0.8114450527123978,0.5813303136860416,-0.06009985705692314,0.7567604139949455,3.0659048357936096,2.1478059453446736,0.0,0,0,0,DIRECT_LOCAL,PASS_THROUGH,0,BYPASS_VISIBLE,1,18,0.0,16.0,2.0,0.0,16.0,2.0,1,
321,10.733333,0.033333,3.1776816844940186,14.141246795654297,2.2334177494049072,0.4139988374512009,0.36953970789909363,1.3290516986372563,-0.5299157668466801,0.05998395711450878,1.4320569865457158,0.0,16.0,2.0,0.8141948547186959,0.5772228976311955,-0.062453702851375935,0.7414660711960885,1.3950629234313965,-0.4831201434135437,0.07800954580307007,0.5485720634460449,direct,SAFE_PROGRESSING,NONE,1,0,"3.180,14.094;2.751,14.351;2.322,14.608;1.893,14.865;1.464,15.122;1.035,15.379;0.607,15.636",0,1,PASS_THROUGH,-1,0.8114450527123978,0.5813303136860416,-0.06009985705692314,0.7567604139949455,3.1055677076650787,2.183000181689769,0.0,0,0,0,DIRECT_LOCAL,PASS_THROUGH,0,BYPASS_VISIBLE,1,18,0.0,16.0,2.0,0.0,16.0,2.0,1,
322,10.766667,0.033333,3.175027370452881,14.18895149230957,2.234867811203003,0.42636077896427077,0.3701416850090027,1.33375438165462,-0.5285288678924932,0.06035018971891747,1.4359267600326024,0.0,16.0,2.0,0.8150426365883927,0.5759352638910793,-0.0632777397648976,0.7362777835201647,1.3990980386734009,-0.48136258125305176,0.07864992320537567,0.548758864402771,direct,SAFE_PROGRESSING,NONE,1,0,"3.178,14.141;2.746,14.394;2.315,14.646;1.883,14.899;1.451,15.151;1.020,15.404;0.588,15.656",0,1,PASS_THROUGH,-1,0.8114450527123978,0.5813303136860416,-0.06009985705692314,0.7567604139949455,3.1451799600590102,2.218196373842881,0.0,0,0,0,DIRECT_LOCAL,PASS_THROUGH,0,BYPASS_VISIBLE,1,18,0.0,16.0,2.0,0.0,16.0,2.0,1,
323,10.8,0.033333,3.171673059463501,14.236739158630371,2.2363412380218506,0.4387405971159542,0.37062594294548035,1.3383623709264874,-0.5271456751594755,0.06074026286915442,1.4397172563683196,0.0,16.0,2.0,0.8158505238194527,0.5746965768259111,-0.0641230642444973,0.7310457030947564,1.403064250946045,-0.4796220362186432,0.07930241525173187,0.5488730072975159,direct,SAFE_PROGRESSING,NONE,1,0,"3.175,14.189;2.741,14.437;2.306,14.684;1.872,14.932;1.438,15.180;1.003,15.428;0.569,15.675",0,1,PASS_THROUGH,-1,0.8114450527123978,0.5813303136860416,-0.06009985705692314,0.7567604139949455,3.184740057201815,2.253388773612748,0.0,0,0,0,DIRECT_LOCAL,PASS_THROUGH,0,BYPASS_VISIBLE,1,18,0.0,16.0,2.0,0.0,16.0,2.0,1,
324,10.833333,0.033333,3.167616605758667,14.284595489501953,2.2378387451171875,0.45113444283205395,0.3709959089756012,1.3428750799592633,-0.5257611279092936,0.061146518701572235,1.44342548846325,0.0,16.0,2.0,0.8166157395827984,0.5735110764074379,-0.06499060781082938,0.7257712805239429,1.406959056854248,-0.47789013385772705,0.07996364682912827,0.5489572286605835,direct,SAFE_PROGRESSING,NONE,1,0,"3.172,14.237;2.735,14.480;2.298,14.723;1.861,14.966;1.424,15.209;0.987,15.451;0.550,15.694",1,1,PASS_THROUGH,-1,0.8183458243862605,0.5747261188684325,0.0,0.7257712805239429,3.2242423373613853,2.288571448935695,0.0,0,0,0,DIRECT_LOCAL,PASS_THROUGH,0,BYPASS_VISIBLE,1,18,0.0,16.0,2.0,0.0,16.0,2.0,1,
325,10.866667,0.033333,3.1628565788269043,14.332510948181152,2.239361524581909,0.4635389635156737,0.37126341462135315,1.3472916252759433,-0.5243686936889529,0.06156535986012313,1.4470478720465532,0.0,16.0,2.0,0.8173357695016282,0.572382669963126,-0.06588109758545667,0.7204556223866978,1.4107797145843506,-0.4761652946472168,0.08062907308340073,0.5490347146987915,direct,SAFE_PROGRESSING,NONE,1,0,"3.168,14.285;2.728,14.523;2.288,14.761;1.849,14.999;1.409,15.237;0.969,15.475;0.530,15.713",0,1,PASS_THROUGH,-1,0.8166157395827984,0.5735110764074379,-0.06499060781082938,0.7257712805239429,3.2636812148754664,2.3237425743211793,0.0,0,0,0,DIRECT_LOCAL,PASS_THROUGH,0,BYPASS_VISIBLE,1,18,0.0,16.0,2.0,0.0,16.0,2.0,1,
326,10.9,0.033333,3.1573915481567383,14.38046932220459,2.240910291671753,0.47595110397546625,0.37144559621810913,1.351611947549382,-0.5229614806475855,0.061995977683383094,1.4505816310184916,0.0,16.0,2.0,0.818007524441281,0.5713160752303424,-0.06679545000106625,0.7150994749309875,1.4145269393920898,-0.4744473397731781,0.08129410445690155,0.5491186380386353,direct,SAFE_PROGRESSING,NONE,1,0,"3.163,14.333;2.721,14.566;2.278,14.799;1.836,15.032;1.394,15.265;0.951,15.498;0.509,15.732",0,1,PASS_THROUGH,-1,0.8166157395827984,0.5735110764074379,-0.06499060781082938,0.7257712805239429,3.303055511227358,2.358894936879293,0.0,0,0,0,DIRECT_LOCAL,PASS_THROUGH,0,BYPASS_VISIBLE,1,18,0.0,16.0,2.0,0.0,16.0,2.0,1,
327,10.933333,0.033333,3.1512210369110107,14.428458213806152,2.2424862384796143,0.4883684632938094,0.371561735868454,1.3558368994707077,-0.5215327697759587,0.06243915653761358,1.4540250259832717,0.0,16.0,2.0,0.8186292102393332,0.5703141803475669,-0.0677344213632083,0.7097041920319216,1.4181983470916748,-0.47273534536361694,0.08195482939481735,0.5492235422134399,direct,SAFE_PROGRESSING,NONE,1,0,"3.157,14.380;2.713,14.609;2.268,14.837;1.823,15.065;1.378,15.293;0.933,15.521;0.488,15.750",0,1,PASS_THROUGH,-1,0.8166157395827984,0.5735110764074379,-0.06499060781082938,0.7257712805239429,3.342358155175465,2.394024785522365,0.0,0,0,0,DIRECT_LOCAL,PASS_THROUGH,0,BYPASS_VISIBLE,1,18,0.0,16.0,2.0,0.0,16.0,2.0,1,
328,10.966667,0.033333,3.144343376159668,14.476465225219727,2.2440898418426514,0.5007889851808115,0.37163111567497253,1.3599678532569284,-0.5200776041567312,0.06289531614133764,1.4573774723901085,0.0,16.0,2.0,0.8191985932153547,0.5693804698683769,-0.06869894763713624,0.7042709026851487,1.4217939376831055,-0.47102707624435425,0.0826081708073616,0.5493645071983337,direct,SAFE_PROGRESSING,NONE,1,0,"3.151,14.428;2.704,14.652;2.256,14.875;1.809,15.098;1.361,15.321;0.914,15.544;0.467,15.767",0,1,PASS_THROUGH,-1,0.8166157395827984,0.5735110764074379,-0.06499060781082938,0.7257712805239429,3.3815857434694303,2.4291275684055798,0.0,0,0,0,DIRECT_LOCAL,PASS_THROUGH,0,BYPASS_VISIBLE,1,18,0.0,16.0,2.0,0.0,16.0,2.0,1,
329,11.0,0.033333,3.1367578506469727,14.524479866027832,2.245720863342285,0.5132112903802174,0.37167176604270935,1.3640066402547708,-0.5185934478285843,0.06336362966383471,1.4606396641040602,0.0,16.0,2.0,0.81971388554379,0.568517788208604,-0.06968981516045947,0.698800500204857,1.4253106117248535,-0.46931952238082886,0.08325199782848358,0.5495580434799194,direct,SAFE_PROGRESSING,NONE,1,0,"3.144,14.476;2.694,14.694;2.244,14.913;1.794,15.131;1.344,15.349;0.895,15.567;0.445,15.785",0,1,PASS_THROUGH,-1,0.8166157395827984,0.5735110764074379,-0.06499060781082938,0.7257712805239429,3.420734213669412,2.4642007809156032,0.0,0,0,0,DIRECT_LOCAL,PASS_THROUGH,0,BYPASS_VISIBLE,1,18,0.0,16.0,2.0,0.0,16.0,2.0,1,
330,11.033333,0.033333,3.1284642219543457,14.572479248046875,2.247380018234253,0.5256346761091131,0.3716999888420105,1.3679546825032682,-0.5170796358486885,0.06384129882856752,1.4638125134825661,0.0,16.0,2.0,0.8201732997424809,0.5677289748088087,-0.07070763432663968,0.6932938620629108,1.4287453889846802,-0.46761035919189453,0.0838848352432251,0.5498200058937073,direct,SAFE_PROGRESSING,NONE,1,0,"3.137,14.524;2.684,14.737;2.232,14.950;1.779,15.163;1.327,15.376;0.875,15.589;0.422,15.801",1,1,PASS_THROUGH,-1,0.8222312764422196,0.5691535188683262,0.0,0.6932938620629108,3.459801572807364,2.4992318480888223,0.0,0,0,0,DIRECT_LOCAL,PASS_THROUGH,0,BYPASS_VISIBLE,1,18,0.0,16.0,2.0,0.0,16.0,2.0,1,
331,11.066667,0.033333,3.119462251663208,14.620457649230957,2.2490673065185547,0.5380588483747036,0.37173041701316833,1.3718130460324252,-0.5155372098121255,0.0643241020757575,1.4668971463853504,0.0,16.0,2.0,0.8205770362348119,0.5670139383100521,-0.07175319760272997,0.6877529755749582,1.4320974349975586,-0.46589165925979614,0.084506556391716,0.5501894354820251,direct,SAFE_PROGRESSING,NONE,1,0,"3.128,14.572;2.674,14.780;2.219,14.988;1.764,15.195;1.309,15.403;0.854,15.610;0.399,15.818",0,1,PASS_THROUGH,-1,0.8201732997424809,0.5677289748088087,-0.07070763432663968,0.6932938620629108,3.4987749219510116,2.534222188407794,0.0,0,0,0,DIRECT_LOCAL,PASS_THROUGH,0,BYPASS_VISIBLE,1,18,0.0,16.0,2.0,0.0,16.0,2.0,1,
332,11.1,0.033333,3.1097519397735596,14.668399810791016,2.2507832050323486,0.5504840136086121,0.37177738547325134,1.3755818772249724,-0.5139684042917432,0.0648072482528419,1.4698942142161404,0.0,16.0,2.0,0.8209230005665238,0.5663758610268725,-0.07282726952813738,0.6821783296797713,1.4353692531585693,-0.46415939927101135,0.08511637151241302,0.5506910681724548,direct,SAFE_PROGRESSING,NONE,1,0,"3.119,14.620;2.662,14.823;2.205,15.025;1.748,15.227;1.290,15.429;0.833,15.632;0.376,15.834",0,1,PASS_THROUGH,-1,0.8201732997424809,0.5677289748088087,-0.07070763432663968,0.6932938620629108,3.5376564933530252,2.5691653863105626,0.0,0,0,0,DIRECT_LOCAL,PASS_THROUGH,0,BYPASS_VISIBLE,1,18,0.0,16.0,2.0,0.0,16.0,2.0,1,
333,11.133333,0.033333,3.0993335247039795,14.716294288635254,2.2525277137756348,0.5629110345603804,0.37185603380203247,1.379260583389149,-0.5123754657260753,0.065286250934187,1.4728036764382515,0.0,16.0,2.0,0.8212108112096785,0.5658153904501703,-0.07393069377506953,0.6765712435753332,1.4385559558868408,-0.4624195098876953,0.08571255952119827,0.5513104796409607,direct,SAFE_PROGRESSING,NONE,1,0,"3.110,14.668;2.650,14.865;2.190,15.062;1.731,15.259;1.271,15.456;0.812,15.652;0.352,15.849",0,1,PASS_THROUGH,-1,0.8201732997424809,0.5677289748088087,-0.07070763432663968,0.6932938620629108,3.5764400534228193,2.6040582221076054,0.0,0,0,0,DIRECT_LOCAL,PASS_THROUGH,0,BYPASS_VISIBLE,1,18,0.0,16.0,2.0,0.0,16.0,2.0,1,
334,11.166667,0.033333,3.088207721710205,14.76412582397461,2.2542998790740967,0.5753412789512063,0.3719799518585205,1.3828482685459937,-0.5107605568802942,0.0657579321727147,1.475625218654436,0.0,16.0,2.0,0.8214397301304431,0.5653336455121336,-0.07506423259573161,0.670932743298297,1.4416627883911133,-0.4606677293777466,0.08629432320594788,0.5520650148391724,direct,SAFE_PROGRESSING,NONE,1,0,"3.099,14.716;2.637,14.908;2.175,15.099;1.714,15.290;1.252,15.482;0.790,15.673;0.328,15.864",0,1,PASS_THROUGH,-1,0.8201732997424809,0.5677289748088087,-0.07070763432663968,0.6932938620629108,3.6151227850161503,2.6388943919808923,0.0,0,0,0,DIRECT_LOCAL,PASS_THROUGH,0,BYPASS_VISIBLE,1,18,0.0,16.0,2.0,0.0,16.0,2.0,1,
335,11.2,0.033333,3.0763754844665527,14.811882019042969,2.2561004161834717,0.587776488535101,0.3721611201763153,1.3863438831590267,-0.5091258013768498,0.06622135296615833,1.4783584516580333,0.0,16.0,2.0,0.8216097509902024,0.5649306646429134,-0.07622834921427707,0.6652642155233355,1.444692611694336,-0.45890313386917114,0.0868610292673111,0.5529547929763794,direct,SAFE_PROGRESSING,NONE,1,0,"3.088,14.764;2.624,14.950;2.160,15.136;1.696,15.321;1.231,15.507;0.767,15.693;0.303,15.879",0,1,PASS_THROUGH,-1,0.8201732997424809,0.5677289748088087,-0.07070763432663968,0.6932938620629108,3.6536985333035172,2.673669997714741,0.0,0,0,0,DIRECT_LOCAL,PASS_THROUGH,0,BYPASS_VISIBLE,1,18,0.0,16.0,2.0,0.0,16.0,2.0,1,
336,11.233333,0.033333,3.0638372898101807,14.859548568725586,2.2579286098480225,0.6002188441012546,0.37240976095199585,1.3897464875883883,-0.5074730969319936,0.0666773881220977,1.4810030783090204,0.0,16.0,2.0,0.8217205696146255,0.564606785791305,-0.0774240460750197,0.6595668414376281,1.4476399421691895,-0.45712119340896606,0.08741331100463867,0.5540018677711487,direct,SAFE_PROGRESSING,NONE,1,0,"3.076,14.812;2.610,14.992;2.144,15.172;1.677,15.352;1.211,15.532;0.744,15.713;0.278,15.893",1,1,PASS_THROUGH,-1,0.824194593011826,0.5663066950425981,0.0,0.6595668414376281,3.692163705680576,2.7083791414926184,0.0,0,0,0,DIRECT_LOCAL,PASS_THROUGH,0,BYPASS_VISIBLE,1,18,0.0,16.0,2.0,0.0,16.0,2.0,1,
337,11.266667,0.033333,3.0505945682525635,14.907114028930664,2.2597854137420654,0.6126707377945574,0.372734934091568,1.3930554519764786,-0.5058051365875605,0.06712635678985693,1.4835593268405654,0.0,16.0,2.0,0.8217722980042025,0.5643617327304695,-0.07865192217838028,0.6538418281366604,1.4505070447921753,-0.4553207457065582,0.08795123547315598,0.5552188158035278,direct,SAFE_PROGRESSING,NONE,1,0,"3.064,14.860;2.595,15.034;2.127,15.208;1.658,15.383;1.189,15.557;0.721,15.732;0.252,15.906",0,1,PASS_THROUGH,-1,0.8217205696146255,0.564606785791305,-0.0774240460750197,0.6595668414376281,3.7305126701994347,2.7430187564460873,0.0,0,0,0,DIRECT_LOCAL,PASS_THROUGH,0,BYPASS_VISIBLE,1,18,0.0,16.0,2.0,0.0,16.0,2.0,1,
338,11.3,0.033333,3.036648988723755,14.954564094543457,2.261669635772705,0.6251351781696611,0.37314507365226746,1.396270714243588,-0.5041233443919579,0.0675672462293578,1.4860274514887841,0.0,16.0,2.0,0.8217647805861348,0.5641954802297653,-0.0799131120438086,0.6480903321486043,1.4532899856567383,-0.45351192355155945,0.08847304433584213,0.5565770864486694,direct,SAFE_PROGRESSING,NONE,1,0,"3.051,14.907;2.580,15.076;2.109,15.244;1.638,15.413;1.168,15.582;0.697,15.750;0.226,15.919",0,1,PASS_THROUGH,-1,0.8217205696146255,0.564606785791305,-0.0774240460750197,0.6595668414376281,3.7687426905134154,2.777583292985665,0.0,0,0,0,DIRECT_LOCAL,PASS_THROUGH,0,BYPASS_VISIBLE,1,18,0.0,16.0,2.0,0.0,16.0,2.0,1,
339,11.333333,0.033333,3.0220019817352295,15.001887321472168,2.263580799102783,0.637614752310516,0.37364649772644043,1.3993921925078774,-0.5024300437318167,0.06799803852351242,1.4884079382143205,0.0,16.0,2.0,0.8216980502875674,0.5641077546745671,-0.08120809854705902,0.6423137337200489,1.4559824466705322,-0.4516938328742981,0.08897869288921356,0.5580883622169495,direct,SAFE_PROGRESSING,NONE,1,0,"3.037,14.955;2.564,15.117;2.091,15.280;1.618,15.443;1.146,15.606;0.673,15.768;0.200,15.931",0,1,PASS_THROUGH,-1,0.8217205696146255,0.564606785791305,-0.0774240460750197,0.6595668414376281,3.806848395777872,2.812069448233485,0.0,0,0,0,DIRECT_LOCAL,PASS_THROUGH,0,BYPASS_VISIBLE,1,18,0.0,16.0,2.0,0.0,16.0,2.0,1,
340,11.366667,0.033333,3.006655693054199,15.049067497253418,2.265519142150879,0.6501126265219801,0.3742430508136749,1.402419256483642,-0.5007277796128307,0.0684158136121957,1.4907007760728996,0.0,16.0,2.0,0.8215719275106046,0.5640984904751728,-0.0825376336596915,0.6365131545113474,1.458591341972351,-0.4498714208602905,0.0894671231508255,0.5597397685050964,direct,SAFE_PROGRESSING,NONE,1,0,"3.022,15.002;2.547,15.159;2.072,15.316;1.598,15.472;1.123,15.629;0.648,15.786;0.173,15.943",0,1,PASS_THROUGH,-1,0.8217205696146255,0.564606785791305,-0.0774240460750197,0.6595668414376281,3.8448268333784767,2.8464699503739603,0.0,0,0,0,DIRECT_LOCAL,PASS_THROUGH,0,BYPASS_VISIBLE,1,18,0.0,16.0,2.0,0.0,16.0,2.0,1,
341,11.4,0.033333,2.9906110763549805,15.096094131469727,2.267483711242676,0.6626319880301064,0.3749369978904724,1.4053506843901804,-0.4990195542880866,0.06881866408197132,1.4929055798019701,0.0,16.0,2.0,0.8213869222207921,0.5641665242346975,-0.08390266347139926,0.6306901325169153,1.4611091613769531,-0.44804736971855164,0.08993841707706451,0.5615284442901611,direct,SAFE_PROGRESSING,NONE,1,0,"3.007,15.049;2.530,15.200;2.053,15.351;1.576,15.501;1.100,15.652;0.623,15.803;0.146,15.954",0,1,PASS_THROUGH,-1,0.8217205696146255,0.564606785791305,-0.0774240460750197,0.6595668414376281,3.88267081503096,2.880781875835432,0.0,0,0,0,DIRECT_LOCAL,PASS_THROUGH,0,BYPASS_VISIBLE,1,18,0.0,16.0,2.0,0.0,16.0,2.0,1,
342,11.433333,0.033333,2.9738712310791016,15.142949104309082,2.269474506378174,0.6751762286018597,0.3757287263870239,1.4081852616026393,-0.4973089093345217,0.06920528712007125,1.4950221583855394,0.0,16.0,2.0,0.8211427125674975,0.5643118781565355,-0.08530386725545056,0.624845594660971,1.4635401964187622,-0.44622355699539185,0.09039219468832016,0.5634443759918213,direct,SAFE_PROGRESSING,NONE,1,0,"2.991,15.096;2.512,15.241;2.033,15.385;1.555,15.530;1.076,15.675;0.598,15.819;0.119,15.964",1,1,PASS_THROUGH,-1,0.8241467422465909,0.5663763300530233,0.0,0.624845594660971,3.9203778757735366,2.914996404592145,0.0,0,0,0,DIRECT_LOCAL,PASS_THROUGH,0,BYPASS_VISIBLE,1,18,0.0,16.0,2.0,0.0,16.0,2.0,1,
343,11.466667,0.033333,2.9564380645751953,15.189626693725586,2.271491050720215,0.687748533014815,0.3766171932220459,1.410921583164021,-0.49559926606285176,0.06957542715101286,1.4970501282266238,0.0,16.0,2.0,0.820839971995124,0.5645330301996376,-0.08674213617763307,0.6189813030082423,1.4658832550048828,-0.44439879059791565,0.09082899242639542,0.5654928088188171,direct,SAFE_PROGRESSING,NONE,1,0,"2.974,15.143;2.493,15.281;2.013,15.420;1.533,15.558;1.052,15.697;0.572,15.835;0.091,15.974",0,1,PASS_THROUGH,-1,0.8211427125674975,0.5643118781565355,-0.08530386725545056,0.624845594660971,3.957939156898696,2.949115086072216,0.0,0,0,0,DIRECT_LOCAL,PASS_THROUGH,0,BYPASS_VISIBLE,1,18,0.0,16.0,2.0,0.0,16.0,2.0,1,
344,11.5,0.033333,2.938314199447632,15.236111640930176,2.2735328674316406,0.7003520466321445,0.37760064005851746,1.413557863865662,-0.49389436674295306,0.0699291465932731,1.4989888477037245,0.0,16.0,2.0,0.8204771881050986,0.5648315709350271,-0.08821836698908103,0.6130980647560798,1.468135118484497,-0.44257503747940063,0.09124886244535446,0.5676685571670532,direct,SAFE_PROGRESSING,NONE,1,0,"2.956,15.190;2.474,15.322;1.992,15.454;1.510,15.586;1.028,15.718;0.545,15.851;0.063,15.983",0,1,PASS_THROUGH,-1,0.8211427125674975,0.5643118781565355,-0.08530386725545056,0.624845594660971,3.995356784807956,2.983131190563081,0.0,0,0,0,DIRECT_LOCAL,PASS_THROUGH,0,BYPASS_VISIBLE,1,18,0.0,16.0,2.0,0.0,16.0,2.0,1,
345,11.533333,0.033333,2.9195027351379395,15.282388687133789,2.275599241256714,0.712990096278854,0.37867701053619385,1.4160930343401292,-0.492196927573844,0.07026604960742192,1.500837970983943,0.0,16.0,2.0,0.8200544905056999,0.5652066447461702,-0.08973339030825353,0.6071973570363418,1.4702930450439453,-0.44074928760528564,0.091652050614357,0.5699853301048279,direct,SAFE_PROGRESSING,NONE,1,0,"2.938,15.236;2.454,15.362;1.970,15.488;1.487,15.614;1.003,15.739;0.519,15.865;0.035,15.991",0,1,PASS_THROUGH,-1,0.8211427125674975,0.5643118781565355,-0.08530386725545056,0.624845594660971,4.032624167211085,3.0170380224039057,0.0,0,0,0,DIRECT_LOCAL,PASS_THROUGH,0,BYPASS_VISIBLE,1,18,0.0,16.0,2.0,0.0,16.0,2.0,1,
346,11.566667,0.033333,2.9000067710876465,15.328445434570312,2.2776896953582764,0.7256656182619424,0.37984445691108704,1.4185260189573228,-0.49050990078175627,0.07058460518459371,1.5025971568297685,0.0,16.0,2.0,0.8195717159548201,0.5656577660465419,-0.09128797356775635,0.6012807070522544,1.4723591804504395,-0.4389287829399109,0.09203717857599258,0.5724213123321533,direct,SAFE_PROGRESSING,NONE,1,0,"2.920,15.282;2.434,15.402;1.948,15.521;1.463,15.640;0.977,15.760;0.492,15.879;0.006,15.998",0,1,PASS_THROUGH,-1,0.8211427125674975,0.5643118781565355,-0.08530386725545056,0.624845594660971,4.069734732242549,3.0508313196066377,0.0,0,0,0,DIRECT_LOCAL,PASS_THROUGH,0,BYPASS_VISIBLE,1,18,0.0,16.0,2.0,0.0,16.0,2.0,1,
347,11.6,0.033333,2.8798294067382812,15.374268531799316,2.279804229736328,0.7383818582922373,0.38110148906707764,1.4208556471093265,-0.48883456244332857,0.07088346126367773,1.5042654235348039,0.0,16.0,2.0,0.819028282215793,0.5661849694117534,-0.09288300890291512,0.5953494707045149,1.4743292331695557,-0.4371156096458435,0.09240373969078064,0.5749697089195251,direct,SAFE_PROGRESSING,NONE,1,0,"2.900,15.328;2.417,15.440;1.933,15.552;1.450,15.664;0.967,15.776;0.483,15.888;0.000,16.000",0,1,PASS_THROUGH,-1,0.8211427125674975,0.5643118781565355,-0.08530386725545056,0.624845594660971,4.106684462059604,3.084505828159115,0.0,0,0,0,DIRECT_LOCAL,PASS_THROUGH,0,BYPASS_VISIBLE,1,18,0.0,16.0,2.0,0.0,16.0,2.0,1,
348,11.633333,0.033333,2.858973979949951,15.419848442077637,2.281942129135132,0.7511415701513955,0.3824456036090851,1.4230809043302275,-0.4871725037821327,0.07116160826855356,1.5058420512132262,0.0,16.0,2.0,0.8184234060663771,0.5667884786331313,-0.0945195688281026,0.5894050316110694,1.4762029647827148,-0.435308575630188,0.09275147318840027,0.577635645866394,direct,SAFE_PROGRESSING,NONE,1,0,"2.880,15.374;2.400,15.479;1.920,15.583;1.440,15.687;0.960,15.791;0.480,15.896;0.000,16.000",1,1,PASS_THROUGH,-1,0.822103962376336,0.5693374000055926,0.0,0.5894050316110694,4.143468325050433,3.1180597683404496,0.0,0,0,0,DIRECT_LOCAL,PASS_THROUGH,0,BYPASS_VISIBLE,1,18,0.0,16.0,2.0,0.0,16.0,2.0,1,
349,11.666667,0.033333,2.837444543838501,15.465167999267578,2.2841031551361084,0.7639477092149614,0.3838740885257721,1.4252002202522271,-0.48552526191742523,0.07141803401380856,1.5073257721373237,0.0,16.0,2.0,0.8177556135446443,0.5674694689056808,-0.09619853624732001,0.5834486454930068,1.4779789447784424,-0.43351128697395325,0.09307961165904999,0.5804107785224915,direct,SAFE_PROGRESSING,NONE,1,0,"2.859,15.420;2.382,15.517;1.906,15.613;1.429,15.710;0.953,15.807;0.476,15.903;0.000,16.000",0,1,PASS_THROUGH,-1,0.8184234060663771,0.5667884786331313,-0.0945195688281026,0.5894050316110694,4.18008487153697,3.1514845167958705,0.0,0,0,0,DIRECT_LOCAL,PASS_THROUGH,0,BYPASS_VISIBLE,1,18,0.0,16.0,2.0,0.0,16.0,2.0,1,
350,11.7,0.033333,2.815244674682617,15.510214805603027,2.2862865924835205,0.7768031618337051,0.38538438081741333,1.4272125191429816,-0.483893883143764,0.07165189729752872,1.5087156323604334,0.0,16.0,2.0,0.8170247050571526,0.5682271792404128,-0.09792090736281253,0.5774820103991578,1.4796545505523682,-0.43172645568847656,0.09338733553886414,0.5832861065864563,direct,SAFE_PROGRESSING,NONE,1,0,"2.837,15.465;2.365,15.554;1.892,15.643;1.419,15.733;0.946,15.822;0.473,15.911;0.000,16.000",0,1,PASS_THROUGH,-1,0.8184234060663771,0.5667884786331313,-0.0945195688281026,0.5894050316110694,4.216525526520848,3.184775484846123,0.0,0,0,0,DIRECT_LOCAL,PASS_THROUGH,0,BYPASS_VISIBLE,1,18,0.0,16.0,2.0,0.0,16.0,2.0,1,
351,11.733333,0.033333,2.7923789024353027,15.554977416992188,2.28849196434021,0.7897103789962506,0.3869735300540924,1.429116472985358,-0.48227990288529615,0.07186226401464112,1.510010590384872,0.0,16.0,2.0,0.816229279113461,0.5690625166181664,-0.09968759249835732,0.5715065044242039,1.4812264442443848,-0.4299539029598236,0.09367424249649048,0.5862627625465393,direct,SAFE_PROGRESSING,NONE,1,0,"2.815,15.510;2.346,15.592;1.877,15.673;1.408,15.755;0.938,15.837;0.469,15.918;0.000,16.000",0,1,PASS_THROUGH,-1,0.8184234060663771,0.5667884786331313,-0.0945195688281026,0.5894050316110694,4.252785952108423,3.217929208782083,0.0,0,0,0,DIRECT_LOCAL,PASS_THROUGH,0,BYPASS_VISIBLE,1,18,0.0,16.0,2.0,0.0,16.0,2.0,1,
352,11.766667,0.033333,2.768850803375244,15.599440574645996,2.2907180786132812,0.8026721435827462,0.3886381685733795,1.4309105839562666,-0.4806844718945794,0.07204770155362179,1.511209294604091,0.0,16.0,2.0,0.8153677920071009,0.569976489551723,-0.10149958185017162,0.5655236523489616,1.482692003250122,-0.428191602230072,0.09394008666276932,0.5893517136573792,direct,SAFE_PROGRESSING,NONE,1,0,"2.792,15.555;2.327,15.629;1.862,15.703;1.396,15.777;0.931,15.852;0.465,15.926;0.000,16.000",0,1,PASS_THROUGH,-1,0.8184234060663771,0.5667884786331313,-0.0945195688281026,0.5894050316110694,inf,3.2509381937794,0.0,0,0,0,DIRECT_LOCAL,PASS_THROUGH,0,BYPASS_VISIBLE,1,18,0.0,16.0,2.0,0.0,16.0,2.0,1,
353,11.8,0.033333,2.7446651458740234,15.64359188079834,2.2929651737213135,0.8156908943763688,0.39037591218948364,1.4325934862824488,-0.4791087112424911,0.0722064570527261,1.5123104927783344,0.0,16.0,2.0,0.8144392086292457,0.5709693260346415,-0.10335765174826446,0.5595349005948302,1.4840513467788696,-0.42644205689430237,0.09418372809886932,0.5925463438034058,direct,SAFE_PROGRESSING,NONE,1,0,"2.769,15.599;2.307,15.666;1.846,15.733;1.384,15.800;0.923,15.866;0.461,15.933;-0.000,16.000",0,1,PASS_THROUGH,-1,0.8184234060663771,0.5667884786331313,-0.0945195688281026,0.5894050316110694,inf,3.2837979026138826,0.0,0,0,0,DIRECT_LOCAL,PASS_THROUGH,0,BYPASS_VISIBLE,1,18,0.0,16.0,2.0,0.0,16.0,2.0,1,
354,11.833333,0.033333,2.7198264598846436,15.687418937683105,2.295232057571411,0.8287689229464895,0.3921852707862854,1.4341631294568313,-0.47755318081857545,0.07233692222514339,1.5133121134519334,0.0,16.0,2.0,0.8134416660408909,0.5720422537793131,-0.10526307918593142,0.5535418145148039,1.4852982759475708,-0.42470306158065796,0.09440482407808304,0.5958603620529175,direct,SAFE_PROGRESSING,NONE,1,0,"2.745,15.644;2.287,15.703;1.830,15.762;1.372,15.822;0.915,15.881;0.457,15.941;0.000,16.000",1,1,PASS_THROUGH,-1,0.8179860613964413,0.5752380406067886,0.0,0.5535418145148039,inf,3.3165035817927744,0.0,0,0,0,DIRECT_LOCAL,PASS_THROUGH,0,BYPASS_VISIBLE,1,18,0.0,16.0,2.0,0.0,16.0,2.0,1,
355,11.866667,0.033333,2.694340229034424,15.730908393859863,2.297518253326416,0.8419086037377838,0.3940654695034027,1.4356176591788503,-0.47601892073444835,0.07243733175301267,1.5142124168275883,0.0,16.0,2.0,0.8123732828470168,0.5731965062063961,-0.10721667122766691,0.5475459028212262,1.4864336252212524,-0.4229733347892761,0.09460237622261047,0.599300742149353,direct,SAFE_PROGRESSING,NONE,1,0,"2.720,15.687;2.267,15.740;1.813,15.792;1.360,15.844;0.907,15.896;0.453,15.948;0.000,16.000",0,1,PASS_THROUGH,-1,0.8134416660408909,0.5720422537793131,-0.10526307918593142,0.5535418145148039,inf,3.349049768219042,0.0,0,0,0,DIRECT_LOCAL,PASS_THROUGH,0,BYPASS_VISIBLE,1,18,0.0,16.0,2.0,0.0,16.0,2.0,1,
356,11.9,0.033333,2.6682119369506836,15.77404499053955,2.299823045730591,0.8551126010598508,0.3960174322128296,1.4369548747884913,-0.47450599020126866,0.07250610796112616,1.5150090371370613,0.0,16.0,2.0,0.8112323856254874,0.5744328720036977,-0.10921946746786419,0.5415488735945575,1.4874539375305176,-0.42125794291496277,0.09477490186691284,0.60285484790802,direct,SAFE_PROGRESSING,NONE,1,0,"2.694,15.731;2.245,15.776;1.796,15.821;1.347,15.865;0.898,15.910;0.449,15.955;0.000,16.000",0,1,PASS_THROUGH,-1,0.8134416660408909,0.5720422537793131,-0.10526307918593142,0.5535418145148039,inf,3.3814290283315214,0.0,0,0,0,DIRECT_LOCAL,PASS_THROUGH,0,BYPASS_VISIBLE,1,18,0.0,16.0,2.0,0.0,16.0,2.0,1,
357,11.933333,0.033333,2.641447067260742,15.816819190979004,2.302145481109619,0.8683832690350357,0.3980422914028168,1.4381724889647547,-0.47301422979138935,0.07254203895831599,1.51569948110318,0.0,16.0,2.0,0.8100174349759378,0.575751856338387,-0.11127243575074575,0.5355524477317377,1.4883534908294678,-0.41955772042274475,0.09492139518260956,0.6065231561660767,direct,SAFE_PROGRESSING,NONE,1,0,"2.668,15.774;2.224,15.812;1.779,15.849;1.334,15.887;0.889,15.925;0.445,15.962;0.000,16.000",0,1,PASS_THROUGH,-1,0.8134416660408909,0.5720422537793131,-0.10526307918593142,0.5535418145148039,inf,3.4136391912372885,0.0,0,0,0,DIRECT_LOCAL,PASS_THROUGH,0,BYPASS_VISIBLE,1,18,0.0,16.0,2.0,0.0,16.0,2.0,1,
358,11.966667,0.033333,2.6140494346618652,15.85921573638916,2.304485321044922,0.8817230171407813,0.4001404047012329,1.4392682633102603,-0.4715435785466764,0.07254411039785627,1.5162813486270135,0.0,16.0,2.0,0.808725598780914,0.5771556776800411,-0.11337649491029803,0.5295582241051106,1.4891349077224731,-0.4178708791732788,0.0950412005186081,0.6103129386901855,direct,SAFE_PROGRESSING,NONE,1,0,"2.641,15.817;2.201,15.847;1.761,15.878;1.321,15.908;0.880,15.939;0.440,15.969;0.000,16.000",0,1,PASS_THROUGH,-1,0.8134416660408909,0.5720422537793131,-0.10526307918593142,0.5535418145148039,inf,3.44567202449686,0.0,0,0,0,DIRECT_LOCAL,PASS_THROUGH,0,BYPASS_VISIBLE,1,18,0.0,16.0,2.0,0.0,16.0,2.0,1,
359,12.0,0.033333,2.586026430130005,15.901223182678223,2.3068418502807617,0.8951342490010543,0.40231257677078247,1.4402395284380578,-0.47009404953180245,0.07251200695625298,1.5167518933014428,0.0,16.0,2.0,0.8073551287267894,0.578644835715149,-0.11553289669500075,0.5235675565096243,1.4897937774658203,-0.4161933362483978,0.09513386338949203,0.6142395734786987,direct,SAFE_PROGRESSING,NONE,1,0,"2.614,15.859;2.178,15.883;1.743,15.906;1.307,15.930;0.871,15.953;0.436,15.977;0.000,16.000",0,1,PASS_THROUGH,-1,0.8134416660408909,0.5720422537793131,-0.10526307918593142,0.5535418145148039,inf,3.4775238827054005,0.0,0,0,0,DIRECT_LOCAL,PASS_THROUGH,0,BYPASS_VISIBLE,1,18,0.0,16.0,2.0,0.0,16.0,2.0,1,
360,12.033333,0.033333,2.5573842525482178,15.942825317382812,2.3092141151428223,0.9086195637676786,0.40456053614616394,1.4410838983870273,-0.4686657429443973,0.07244526798143144,1.5171086637590852,0.0,16.0,2.0,0.8059034117759618,0.5802209679778821,-0.11774259724786994,0.5175824400796903,1.4903301000595093,-0.41452717781066895,0.09519830346107483,0.6182979345321655,direct,SAFE_PROGRESSING,NONE,1,0,"2.586,15.901;2.155,15.918;1.724,15.934;1.293,15.951;0.862,15.967;0.431,15.984;0.000,16.000",1,1,PASS_THROUGH,-1,0.8115484221166315,0.5842851688687689,0.0,0.5175824400796903,inf,3.5091860254120246,0.0,0,0,0,DIRECT_LOCAL,PASS_THROUGH,0,BYPASS_VISIBLE,1,18,0.0,16.0,2.0,0.0,16.0,2.0,1,
361,12.066667,0.033333,2.5281293392181396,15.9840087890625,2.3116016387939453,0.9221814372744784,0.4068864583969116,1.4417989112566205,-0.467258440667525,0.07234366007017282,1.5173490554345666,0.0,16.0,2.0,0.804368729060709,0.5818843393623911,-0.12000651363177565,0.5116046582866103,1.4907395839691162,-0.41287022829055786,0.09523387998342514,0.6224970817565918,direct,SAFE_PROGRESSING,NONE,1,0,"2.557,15.943;2.131,15.952;1.705,15.962;1.279,15.971;0.852,15.981;0.426,15.990;0.000,16.000",0,1,PASS_THROUGH,-1,0.8059034117759618,0.5802209679778821,-0.11774259724786994,0.5175824400796903,inf,3.5406523444177247,0.0,0,0,0,DIRECT_LOCAL,PASS_THROUGH,0,BYPASS_VISIBLE,1,18,0.0,16.0,2.0,0.0,16.0,2.0,1,
362,12.1,0.033333,2.4982683658599854,16.024763107299805,2.3140029907226562,0.9358225843490394,0.4092928469181061,1.4423822543976001,-0.465872355899993,0.07220640950894205,1.5174707197725714,0.0,16.0,2.0,0.8027487349185697,0.5836359127898977,-0.12232575316971903,0.5056359826848874,1.491020917892456,-0.41122663021087646,0.09523914009332657,0.6268256902694702,direct,SAFE_PROGRESSING,NONE,1,0,"2.528,15.984;2.107,15.987;1.685,15.989;1.264,15.992;0.843,15.995;0.421,15.997;0.000,16.000",0,1,PASS_THROUGH,-1,0.8059034117759618,0.5802209679778821,-0.11774259724786994,0.5175824400796903,inf,3.5719193991890994,0.0,0,0,0,DIRECT_LOCAL,PASS_THROUGH,0,BYPASS_VISIBLE,1,18,0.0,16.0,2.0,0.0,16.0,2.0,1,
363,12.133333,0.033333,2.467808246612549,16.065073013305664,2.316418170928955,0.9495458443327981,0.41178181767463684,1.4428313656901253,-0.4645063973039128,0.07203290394299591,1.5174706857814264,0.0,16.0,2.0,0.801040396676011,0.5854775235744668,-0.12470105164852673,0.49967821802995827,1.49117112159729,-0.40959078073501587,0.09521384537220001,0.6313002705574036,direct,SAFE_PROGRESSING,NONE,1,0,"2.498,16.025;1.999,16.020;1.499,16.015;0.999,16.010;0.500,16.005;0.000,16.000",0,1,PASS_THROUGH,-1,0.8059034117759618,0.5802209679778821,-0.11774259724786994,0.5175824400796903,inf,3.602979069069909,0.0,0,0,0,DIRECT_LOCAL,PASS_THROUGH,0,BYPASS_VISIBLE,1,18,0.0,16.0,2.0,0.0,16.0,2.0,1,
364,12.166667,0.033333,2.4367568492889404,16.104923248291016,2.3188459873199463,0.963353693216132,0.4143553078174591,1.443143809546911,-0.46316051775482675,0.0718222521248146,1.517346419292829,0.0,16.0,2.0,0.7992413799936272,0.5874097728993745,-0.12713369029564056,0.4937332088936122,1.4911880493164062,-0.40796372294425964,0.09515716880559921,0.6359217166900635,direct,SAFE_PROGRESSING,NONE,1,0,"2.468,16.065;1.974,16.052;1.481,16.039;0.987,16.026;0.494,16.013;-0.000,16.000",0,1,PASS_THROUGH,-1,0.8059034117759618,0.5802209679778821,-0.11774259724786994,0.5175824400796903,inf,3.6338232885782555,0.0,0,0,0,DIRECT_LOCAL,PASS_THROUGH,0,BYPASS_VISIBLE,1,18,0.0,16.0,2.0,0.0,16.0,2.0,1,
365,12.2,0.033333,2.405121088027954,16.144304275512695,2.3212857246398926,0.9772493875312678,0.4170157313346863,1.4433174087125844,-0.4618344203825706,0.07157367146194005,1.5170955687066838,0.0,16.0,2.0,0.7973497630247437,0.5894326578415054,-0.12962444705488113,0.487802945074689,1.4910717010498047,-0.406341016292572,0.09506849944591522,0.6407029628753662,direct,SAFE_PROGRESSING,NONE,1,0,"2.437,16.105;1.949,16.084;1.462,16.063;0.975,16.042;0.487,16.021;0.000,16.000",0,1,PASS_THROUGH,-1,0.8059034117759618,0.5802209679778821,-0.11774259724786994,0.5175824400796903,inf,3.664449123817906,0.0,0,0,0,DIRECT_LOCAL,PASS_THROUGH,0,BYPASS_VISIBLE,1,18,0.0,16.0,2.0,0.0,16.0,2.0,1,
366,12.233333,0.033333,2.3729090690612793,16.183202743530273,2.3237361907958984,0.9912358922814354,0.4197658598423004,1.4433495814179433,-0.460527006845719,0.07128655645234362,1.5167151714624807,0.0,16.0,2.0,0.7953619215995521,0.5915482757667352,-0.1321743209056537,0.481889247525114,1.4908177852630615,-0.40472447872161865,0.09494691342115402,0.6456401944160461,direct,SAFE_PROGRESSING,NONE,1,0,"2.405,16.144;1.924,16.115;1.443,16.087;0.962,16.058;0.481,16.029;0.000,16.000",1,1,PASS_THROUGH,-1,0.8024018041123239,0.5967841693252997,0.0,0.481889247525114,inf,3.6948500847108607,0.0,0,0,0,DIRECT_LOCAL,PASS_THROUGH,0,BYPASS_VISIBLE,1,18,0.0,16.0,2.0,0.0,16.0,2.0,1,
367,12.266667,0.033333,2.3401286602020264,16.221603393554688,2.3261971473693848,1.00531604105716,0.42260873317718506,1.4432377974323003,-0.45923713229635515,0.07096030587073981,1.5162023112455296,0.0,16.0,2.0,0.793274954130228,0.5937576161333669,-0.13478405110882385,0.475994146824109,1.4904263019561768,-0.4031095504760742,0.09479176998138428,0.6507483720779419,direct,SAFE_PROGRESSING,NONE,1,0,"2.373,16.183;1.898,16.147;1.424,16.110;0.949,16.073;0.475,16.037;0.000,16.000",0,1,PASS_THROUGH,-1,0.7953619215995521,0.5915482757667352,-0.1321743209056537,0.481889247525114,inf,3.7250175849591307,0.0,0,0,0,DIRECT_LOCAL,PASS_THROUGH,0,BYPASS_VISIBLE,1,18,0.0,16.0,2.0,0.0,16.0,2.0,1,
368,12.3,0.033333,2.306788682937622,16.259492874145508,2.328666925430298,1.0194929714616194,0.42554765939712524,1.442979578115068,-0.4579641750006241,0.07059436015416609,1.5155542920419307,0.0,16.0,2.0,0.7910864431644343,0.5960607554260258,-0.1374547754077668,0.4701195682093603,1.4898937940597534,-0.4014972150325775,0.09460204839706421,0.6560251712799072,direct,SAFE_PROGRESSING,NONE,1,0,"2.340,16.222;1.872,16.177;1.404,16.133;0.936,16.089;0.468,16.044;0.000,16.000",0,1,PASS_THROUGH,-1,0.7953619215995521,0.5915482757667352,-0.1321743209056537,0.481889247525114,inf,3.754944920478341,0.0,0,0,0,DIRECT_LOCAL,PASS_THROUGH,0,BYPASS_VISIBLE,1,18,0.0,16.0,2.0,0.0,16.0,2.0,1,
369,12.333333,0.033333,2.272897720336914,16.296855926513672,2.3311448097229004,1.0337702401688726,0.4285861849784851,1.4425728951143952,-0.4567064476068406,0.07018810929486749,1.514768532710782,0.0,16.0,2.0,0.7887937248858803,0.5984580794837873,-0.14018697044031886,0.46426762021322937,1.4892182350158691,-0.3998890817165375,0.09437678754329681,0.6614658236503601,direct,SAFE_PROGRESSING,NONE,1,0,"2.307,16.259;1.845,16.208;1.384,16.156;0.923,16.104;0.461,16.052;0.000,16.000",0,1,PASS_THROUGH,-1,0.7953619215995521,0.5915482757667352,-0.1321743209056537,0.481889247525114,inf,3.784623277248006,0.0,0,0,0,DIRECT_LOCAL,PASS_THROUGH,0,BYPASS_VISIBLE,1,18,0.0,16.0,2.0,0.0,16.0,2.0,1,
370,12.366667,0.033333,2.238464593887329,16.333681106567383,2.333630084991455,1.048151036102215,0.4317271113395691,1.4420153054736111,-0.45546329915166023,0.06974106322098114,1.513842387434524,0.0,16.0,2.0,0.7863942411388486,0.6009495705599138,-0.14298150631291318,0.458440290036512,1.4883980751037598,-0.3982757031917572,0.09411574900150299,0.6670975089073181,direct,SAFE_PROGRESSING,NONE,1,0,"2.273,16.297;1.818,16.237;1.364,16.178;0.909,16.119;0.455,16.059;0.000,16.000",0,1,PASS_THROUGH,-1,0.7953619215995521,0.5915482757667352,-0.1321743209056537,0.481889247525114,inf,3.8140474406854463,0.0,0,0,0,DIRECT_LOCAL,PASS_THROUGH,0,BYPASS_VISIBLE,1,18,0.0,16.0,2.0,0.0,16.0,2.0,1,
371,12.4,0.033333,2.203498125076294,16.36995506286621,2.3361215591430664,1.0626390480497576,0.43497371673583984,1.4413045098952488,-0.45423288946103385,0.06925252180766817,1.5127729902034954,0.0,16.0,2.0,0.7838846431466739,0.6035360775895623,-0.14583918981747518,0.4526396720998812,1.4874331951141357,-0.39666399359703064,0.0938175767660141,0.6728991270065308,direct,SAFE_PROGRESSING,NONE,1,0,"2.238,16.334;1.791,16.267;1.343,16.200;0.895,16.133;0.448,16.067;0.000,16.000",0,1,PASS_THROUGH,-1,0.7953619215995521,0.5915482757667352,-0.1321743209056537,0.481889247525114,inf,3.843210155785021,0.0,0,0,0,DIRECT_LOCAL,PASS_THROUGH,0,BYPASS_VISIBLE,1,18,0.0,16.0,2.0,0.0,16.0,2.0,1,
372,12.433333,0.033333,2.16800856590271,16.40566062927246,2.338618278503418,1.077237793109617,0.4383291006088257,1.4404387112084505,-0.4530140609418941,0.06872223897079366,1.511558191499119,0.0,16.0,2.0,0.781261860514765,0.6062179380627006,-0.148760602566727,0.44686779860513937,1.4863215684890747,-0.39505425095558167,0.0934813991189003,0.6788662672042847,direct,SAFE_PROGRESSING,NONE,1,0,"2.203,16.370;1.763,16.296;1.322,16.222;0.881,16.148;0.441,16.074;0.000,16.000",1,1,PASS_THROUGH,-1,0.7900525866991102,0.6130390772618372,0.0,0.44686779860513937,inf,3.87210048384664,0.0,0,0,0,DIRECT_LOCAL,PASS_THROUGH,0,BYPASS_VISIBLE,1,18,0.0,16.0,2.0,0.0,16.0,2.0,1,
373,12.466667,0.033333,2.132004737854004,16.44078826904297,2.341118812561035,1.0919509097600797,0.4417952001094818,1.4394160165169751,-0.45180510100671434,0.06815067898779317,1.5101956273767256,0.0,16.0,2.0,0.778523872851116,0.608993947118629,-0.15174634023188802,0.44112681568770007,1.485063076019287,-0.39344462752342224,0.09310668706893921,0.6850010752677917,direct,SAFE_PROGRESSING,NONE,1,0,"2.168,16.406;1.734,16.325;1.301,16.243;0.867,16.162;0.434,16.081;0.000,16.000",0,1,PASS_THROUGH,-1,0.781261860514765,0.6062179380627006,-0.148760602566727,0.44686779860513937,inf,3.9007145417933757,0.0,0,0,0,DIRECT_LOCAL,PASS_THROUGH,0,BYPASS_VISIBLE,1,18,0.0,16.0,2.0,0.0,16.0,2.0,1,
374,12.5,0.033333,2.0954983234405518,16.475322723388672,2.3436224460601807,1.1067819661080012,0.44537273049354553,1.4382345115186044,-0.45060499790625846,0.06753836061014235,1.5086831358556254,0.0,16.0,2.0,0.7756664260193202,0.6118656404585264,-0.15479674923166717,0.4354188098995181,1.483654499053955,-0.3918267488479614,0.09269355237483978,0.6913276314735413,direct,SAFE_PROGRESSING,NONE,1,0,"2.132,16.441;1.706,16.353;1.279,16.264;0.853,16.176;0.426,16.088;0.000,16.000",0,1,PASS_THROUGH,-1,0.781261860514765,0.6062179380627006,-0.148760602566727,0.44686779860513937,inf,3.9290430994182004,0.0,0,0,0,DIRECT_LOCAL,PASS_THROUGH,0,BYPASS_VISIBLE,1,18,0.0,16.0,2.0,0.0,16.0,2.0,1,
375,12.533333,0.033333,2.0584983825683594,16.509248733520508,2.346127510070801,1.1217348425804559,0.4490630328655243,1.436892514570405,-0.4494127557208137,0.0668848279546585,1.5070187469449612,0.0,16.0,2.0,0.772687026434538,0.6148320611117135,-0.15791230417188507,0.42974620021178955,1.482094645500183,-0.39019274711608887,0.0922417938709259,0.6978713274002075,direct,SAFE_PROGRESSING,NONE,1,0,"2.095,16.475;1.676,16.380;1.257,16.285;0.838,16.190;0.419,16.095;0.000,16.000",0,1,PASS_THROUGH,-1,0.781261860514765,0.6062179380627006,-0.148760602566727,0.44686779860513937,inf,3.9570762842640073,0.0,0,0,0,DIRECT_LOCAL,PASS_THROUGH,0,BYPASS_VISIBLE,1,18,0.0,16.0,2.0,0.0,16.0,2.0,1,
376,12.566667,0.033333,2.0210161209106445,16.54255485534668,2.348632574081421,1.1368135693513086,0.45286932587623596,1.4353888451784085,-0.448226680456981,0.06618861720312658,1.5052007264758251,0.0,16.0,2.0,0.7695830959877121,0.6178922607940434,-0.16109317931183104,0.42411082813947554,1.4803850650787354,-0.38854506611824036,0.09174974262714386,0.7046231031417847,direct,SAFE_PROGRESSING,NONE,1,0,"2.058,16.509;1.647,16.407;1.235,16.306;0.823,16.204;0.412,16.102;-0.000,16.000",0,1,PASS_THROUGH,-1,0.781261860514765,0.6062179380627006,-0.148760602566727,0.44686779860513937,inf,3.984808135163848,0.0,0,0,0,DIRECT_LOCAL,PASS_THROUGH,0,BYPASS_VISIBLE,1,18,0.0,16.0,2.0,0.0,16.0,2.0,1,
377,12.6,0.033333,1.9830633401870728,16.575223922729492,2.351137638092041,1.152021924238034,0.45679622888565063,1.4337218975474524,-0.4470446523925713,0.06544830321795668,1.5032268229159471,0.0,16.0,2.0,0.7663508978222291,0.621046596215068,-0.16433936453796372,0.4185150860860796,1.4785237312316895,-0.38688716292381287,0.09121571481227875,0.71156907081604,direct,SAFE_PROGRESSING,NONE,1,0,"2.021,16.543;1.617,16.434;1.213,16.326;0.808,16.217;0.404,16.109;0.000,16.000",0,1,PASS_THROUGH,-1,0.781261860514765,0.6062179380627006,-0.148760602566727,0.44686779860513937,inf,4.012226880996462,0.0,0,0,0,DIRECT_LOCAL,PASS_THROUGH,0,BYPASS_VISIBLE,1,18,0.0,16.0,2.0,0.0,16.0,2.0,1,
378,12.633333,0.033333,1.944650411605835,16.60724639892578,2.3536407947540283,1.1673641994576305,0.460847407579422,1.4318912621516668,-0.44586358091574746,0.06466333401056683,1.5010956885484246,0.0,16.0,2.0,0.7629885453115574,0.6242927671815826,-0.16765148543366942,0.41296114938208,1.4765095710754395,-0.3852130174636841,0.09063911437988281,0.7187241911888123,direct,SAFE_PROGRESSING,NONE,1,0,"1.983,16.575;1.586,16.460;1.190,16.345;0.793,16.230;0.397,16.115;0.000,16.000",1,1,PASS_THROUGH,-1,0.7739426772899887,0.6332556610636849,0.0,0.41296114938208,inf,4.039327909436558,0.0,0,0,0,DIRECT_LOCAL,PASS_THROUGH,0,BYPASS_VISIBLE,1,18,0.0,16.0,2.0,0.0,16.0,2.0,1,
379,12.666667,0.033333,1.9057894945144653,16.63860321044922,2.3561408519744873,1.1828446199390878,0.46502599120140076,1.429895883012504,-0.4446806917939264,0.06383329124688117,1.498805472028256,0.0,16.0,2.0,0.7594918770296303,0.6276313531086497,-0.17102915927120238,0.40745126885884514,1.474340558052063,-0.3835132122039795,0.09001994132995605,0.7261143922805786,direct,SAFE_PROGRESSING,NONE,1,0,"1.945,16.607;1.556,16.486;1.167,16.364;0.778,16.243;0.389,16.121;-0.000,16.000",0,1,PASS_THROUGH,-1,0.7629885453115574,0.6242927671815826,-0.16765148543366942,0.41296114938208,inf,4.066097165378256,0.0,0,0,0,DIRECT_LOCAL,PASS_THROUGH,0,BYPASS_VISIBLE,1,18,0.0,16.0,2.0,0.0,16.0,2.0,1,
380,12.7,0.033333,1.8664926290512085,16.66929054260254,2.358635902404785,1.1984671583802338,0.4693358540534973,1.4277348395433824,-0.4434938596978045,0.06295718985831811,1.496354631559805,0.0,16.0,2.0,0.7558594092014346,0.6310594000143259,-0.17447231062611912,0.4019874454655394,1.4720172882080078,-0.38178950548171997,0.08935697376728058,0.7337342500686646,direct,SAFE_PROGRESSING,NONE,1,0,"1.906,16.639;1.525,16.511;1.143,16.383;0.762,16.255;0.381,16.128;-0.000,16.000",0,1,PASS_THROUGH,-1,0.7629885453115574,0.6242927671815826,-0.16765148543366942,0.41296114938208,inf,4.092535513365522,0.0,0,0,0,DIRECT_LOCAL,PASS_THROUGH,0,BYPASS_VISIBLE,1,18,0.0,16.0,2.0,0.0,16.0,2.0,1,
381,12.733333,0.033333,1.8267717361450195,16.69928550720215,2.3611252307891846,1.2142367997253354,0.473781555891037,1.425407753338367,-0.4422999419573085,0.062033944846255996,1.4937418492650454,0.0,16.0,2.0,0.7520858581940728,0.6345785785858586,-0.1779800255771309,0.39657254391698343,1.4695408344268799,-0.3800466060638428,0.08864854276180267,0.7415666580200195,direct,SAFE_PROGRESSING,NONE,1,0,"1.866,16.669;1.400,16.502;0.933,16.335;0.467,16.167;-0.000,16.000",0,1,PASS_THROUGH,-1,0.7629885453115574,0.6242927671815826,-0.16765148543366942,0.41296114938208,inf,4.118624629377971,0.0,0,0,0,DIRECT_LOCAL,PASS_THROUGH,0,BYPASS_VISIBLE,1,18,0.0,16.0,2.0,0.0,16.0,2.0,1,
382,12.766667,0.033333,1.7866398096084595,16.728574752807617,2.3636066913604736,1.2301578871855159,0.4783667027950287,1.4229140595774594,-0.4410961681541413,0.06106341251137554,1.4909657913081065,0.0,16.0,2.0,0.7481710519520505,0.6381840015979654,-0.1815523536762067,0.3912081387988371,1.4669119119644165,-0.378275990486145,0.08789409697055817,0.7496289610862732,direct,SAFE_PROGRESSING,NONE,1,0,"1.827,16.699;1.370,16.524;0.913,16.350;0.457,16.175;-0.000,16.000",0,1,PASS_THROUGH,-1,0.7629885453115574,0.6242927671815826,-0.16765148543366942,0.41296114938208,inf,4.144355544777782,0.0,0,0,0,DIRECT_LOCAL,PASS_THROUGH,0,BYPASS_VISIBLE,1,18,0.0,16.0,2.0,0.0,16.0,2.0,1,
383,12.8,0.033333,1.7461097240447998,16.757144927978516,2.3660788536071777,1.2462351152848428,0.4830942749977112,1.4202534769477706,-0.4398802838476458,0.060045803686689415,1.4880255715008723,0.0,16.0,2.0,0.7441125104985905,0.6418737419054066,-0.18518820473193362,0.38589651357359694,1.4641283750534058,-0.3764713406562805,0.08709340542554855,0.7579371929168701,direct,SAFE_PROGRESSING,NONE,1,0,"1.787,16.729;1.340,16.546;0.893,16.364;0.447,16.182;-0.000,16.000",0,1,PASS_THROUGH,-1,0.7629885453115574,0.6242927671815826,-0.16765148543366942,0.41296114938208,inf,4.169719049049964,0.0,0,0,0,DIRECT_LOCAL,PASS_THROUGH,0,BYPASS_VISIBLE,1,18,0.0,16.0,2.0,0.0,16.0,2.0,1,
384,12.833333,0.033333,1.7051949501037598,16.784984588623047,2.368540048599243,1.2624736295435006,0.48796743154525757,1.4174266701889502,-0.4386498700796672,0.058980606204321134,1.484921137903314,0.0,16.0,2.0,0.7399080322678189,0.6456453517793477,-0.18888669490275528,0.38063986183096477,1.4611926078796387,-0.37463369965553284,0.08624550700187683,0.7664853930473328,direct,SAFE_PROGRESSING,NONE,1,0,"1.746,16.757;1.310,16.568;0.873,16.379;0.437,16.189;-0.000,16.000",1,1,PASS_THROUGH,-1,0.7534713543311864,0.6574807359933276,0.0,0.38063986183096477,inf,4.194707652290066,0.0,0,0,0,DIRECT_LOCAL,PASS_THROUGH,0,BYPASS_VISIBLE,1,18,0.0,16.0,2.0,0.0,16.0,2.0,1,
385,12.866667,0.033333,1.6639091968536377,16.81207847595215,2.370988607406616,1.2788785002912237,0.4929896593093872,1.4144340063064138,-0.43740138105773346,0.057867162777844906,1.4816518264677376,0.0,16.0,2.0,0.7355549545441706,0.6494968975556336,-0.192646538798728,0.37544057437815953,1.458103895187378,-0.37276411056518555,0.0853494182229042,0.7752658724784851,direct,SAFE_PROGRESSING,NONE,1,0,"1.705,16.785;1.279,16.589;0.853,16.392;0.426,16.196;0.000,16.000",0,1,PASS_THROUGH,-1,0.7399080322678189,0.6456453517793477,-0.18888669490275528,0.38063986183096477,inf,4.219309838857208,0.0,0,0,0,DIRECT_LOCAL,PASS_THROUGH,0,BYPASS_VISIBLE,1,18,0.0,16.0,2.0,0.0,16.0,2.0,1,
386,12.9,0.033333,1.6222665309906006,16.838411331176758,2.373422622680664,1.2954543895065291,0.4981635808944702,1.4112760882059832,-0.4361324354664108,0.056705017560963154,1.4782175609241128,0.0,16.0,2.0,0.7310516551947857,0.6534251508910637,-0.1964664083754647,0.3703007030227667,1.4548661708831787,-0.3708583414554596,0.08440449088811874,0.7842859625816345,direct,SAFE_PROGRESSING,NONE,1,0,"1.664,16.812;1.248,16.609;0.832,16.406;0.416,16.203;-0.000,16.000",0,1,PASS_THROUGH,-1,0.7399080322678189,0.6456453517793477,-0.18888669490275528,0.38063986183096477,inf,4.2435138711949865,0.0,0,0,0,DIRECT_LOCAL,PASS_THROUGH,0,BYPASS_VISIBLE,1,18,0.0,16.0,2.0,0.0,16.0,2.0,1,
387,12.933333,0.033333,1.5802810192108154,16.86397361755371,2.375840425491333,1.3122066222982072,0.5034914612770081,1.4079541975049632,-0.4348402016969087,0.05549452644580923,1.4746188204919595,0.0,16.0,2.0,0.7263971656216968,0.6574261708495306,-0.20034467214999474,0.3652222478337189,1.4514873027801514,-0.36891743540763855,0.08340976387262344,0.7935349345207214,direct,SAFE_PROGRESSING,NONE,1,0,"1.622,16.838;1.217,16.629;0.811,16.419;0.406,16.210;-0.000,16.000",0,1,PASS_THROUGH,-1,0.7399080322678189,0.6456453517793477,-0.18888669490275528,0.38063986183096477,inf,4.267313488788885,0.0,0,0,0,DIRECT_LOCAL,PASS_THROUGH,0,BYPASS_VISIBLE,1,18,0.0,16.0,2.0,0.0,16.0,2.0,1,
388,12.966667,0.033333,1.5379679203033447,16.888750076293945,2.3782401084899902,1.3291403572764124,0.5089749693870544,1.4044700420982152,-0.43352200904333005,0.054238148383428164,1.4708566239495915,0.0,16.0,2.0,0.7215887616377687,0.6614979962080642,-0.2042793677559905,0.3602076352054087,1.4479811191558838,-0.36694055795669556,0.0823645144701004,0.8029943704605103,direct,SAFE_PROGRESSING,NONE,1,0,"1.580,16.864;1.185,16.648;0.790,16.432;0.395,16.216;-0.000,16.000",0,1,PASS_THROUGH,-1,0.7399080322678189,0.6456453517793477,-0.18888669490275528,0.38063986183096477,inf,4.290696520486309,0.0,0,0,0,DIRECT_LOCAL,PASS_THROUGH,0,BYPASS_VISIBLE,1,18,0.0,16.0,2.0,0.0,16.0,2.0,1,
389,13.0,0.033333,1.4953422546386719,16.912723541259766,2.380620002746582,1.3462610534805535,0.5146154165267944,1.4008262775504035,-0.4321752024244749,0.052939529853262425,1.466932943009816,0.0,16.0,2.0,0.7166261286762439,0.665635994900598,-0.208268370116997,0.35525889275257777,1.4443261623382568,-0.36491769552230835,0.08126933872699738,0.8126905560493469,direct,SAFE_PROGRESSING,NONE,1,0,"1.538,16.889;1.153,16.667;0.769,16.444;0.384,16.222;-0.000,16.000",0,1,PASS_THROUGH,-1,0.7399080322678189,0.6456453517793477,-0.18888669490275528,0.38063986183096477,inf,4.313648617714486,0.0,0,0,0,DIRECT_LOCAL,PASS_THROUGH,0,BYPASS_VISIBLE,1,18,0.0,16.0,2.0,0.0,16.0,2.0,1,
390,13.033333,0.033333,1.4524190425872803,16.935884475708008,2.382977247238159,1.3635737786976942,0.5204116106033325,1.397027129625102,-0.43079709889472406,0.05159795281162931,1.4628510826666579,0.0,16.0,2.0,0.7115094806936322,0.6698349586884391,-0.21230964886677858,0.350377666027824,1.4405336380004883,-0.36283984780311584,0.08012406527996063,0.8226476311683655,direct,SAFE_PROGRESSING,NONE,1,0,"1.495,16.913;1.122,16.685;0.748,16.456;0.374,16.228;-0.000,16.000",1,1,PASS_THROUGH,-1,0.7281085781038662,0.6854618140287365,0.0,0.350377666027824,inf,4.336162812707973,0.0,0,0,0,DIRECT_LOCAL,PASS_THROUGH,0,BYPASS_VISIBLE,1,18,0.0,16.0,2.0,0.0,16.0,2.0,1,
391,13.066667,0.033333,1.4092146158218384,16.958215713500977,2.385309934616089,1.3810837074429636,0.5263639688491821,1.3930765400681693,-0.4293853500448573,0.05021083546274692,1.4586141207733154,0.0,16.0,2.0,0.7062370365033501,0.6740922243759612,-0.21639991059802843,0.3455662499227264,1.4366199970245361,-0.36072415113449097,0.07892683893442154,0.8328064680099487,direct,SAFE_PROGRESSING,NONE,1,0,"1.452,16.936;1.089,16.702;0.726,16.468;0.363,16.234;0.000,16.000",0,1,PASS_THROUGH,-1,0.7115094806936322,0.6698349586884391,-0.21230964886677858,0.350377666027824,inf,4.358224275963396,0.0,0,0,0,DIRECT_LOCAL,PASS_THROUGH,0,BYPASS_VISIBLE,1,18,0.0,16.0,2.0,0.0,16.0,2.0,1,
392,13.1,0.033333,1.3657445907592773,16.979700088500977,2.3876161575317383,1.398796479059668,0.5324732661247253,1.3889783239877538,-0.4279369336987779,0.0487773920504823,1.454224892410589,0.0,16.0,2.0,0.7008102390287894,0.6784015523766389,-0.22053648814964308,0.34082624236088843,1.4325602054595947,-0.35855501890182495,0.07767876237630844,0.8432044386863708,direct,SAFE_PROGRESSING,NONE,1,0,"1.409,16.958;1.057,16.719;0.705,16.479;0.352,16.240;-0.000,16.000",0,1,PASS_THROUGH,-1,0.7115094806936322,0.6698349586884391,-0.21230964886677858,0.350377666027824,inf,4.379817908767236,0.0,0,0,0,DIRECT_LOCAL,PASS_THROUGH,0,BYPASS_VISIBLE,1,18,0.0,16.0,2.0,0.0,16.0,2.0,1,
393,13.133333,0.033333,1.3220256567001343,17.000337600708008,2.3898935317993164,1.4167174575786705,0.5387381911277771,1.384737361210157,-0.42644829151057906,0.047293440560866984,1.4496869918653623,0.0,16.0,2.0,0.695230508862722,0.6827568852671875,-0.22471665529446064,0.33615892376059553,1.4283584356307983,-0.356320321559906,0.07637988775968552,0.853879988193512,direct,SAFE_PROGRESSING,NONE,1,0,"1.366,16.980;1.024,16.735;0.683,16.490;0.341,16.245;-0.000,16.000",0,1,PASS_THROUGH,-1,0.7115094806936322,0.6698349586884391,-0.21230964886677858,0.350377666027824,inf,4.400945522525452,0.0,0,0,0,DIRECT_LOCAL,PASS_THROUGH,0,BYPASS_VISIBLE,1,18,0.0,16.0,2.0,0.0,16.0,2.0,1,
394,13.166667,0.033333,1.2780746221542358,17.02010726928711,2.3921399116516113,1.4348516806124865,0.5451585650444031,1.3803568135601956,-0.4249163151206163,0.04575346470805484,1.4450024868942373,0.0,16.0,2.0,0.6894942248750868,0.6871579854070644,-0.22893583589121158,0.331567619188827,1.4240338802337646,-0.3540300726890564,0.07502883672714233,0.8647981882095337,direct,SAFE_PROGRESSING,NONE,1,0,"1.322,17.000;0.992,16.750;0.661,16.500;0.331,16.250;-0.000,16.000",0,1,PASS_THROUGH,-1,0.7115094806936322,0.6698349586884391,-0.21230964886677858,0.350377666027824,inf,4.421587676513487,0.0,0,0,0,DIRECT_LOCAL,PASS_THROUGH,0,BYPASS_VISIBLE,1,18,0.0,16.0,2.0,0.0,16.0,2.0,1,
395,13.2,0.033333,1.2339088916778564,17.03899574279785,2.394352436065674,1.4532045404961278,0.5517376661300659,1.3758403874232992,-0.4233368208397139,0.04415553019474864,1.4401737903428704,0.0,16.0,2.0,0.6836050755520218,0.6915967907097653,-0.2331908655146421,0.32705311988403934,1.419571042060852,-0.3516775369644165,0.07362586259841919,0.8759724497795105,blocked,NO_SAFE_CANDIDATE,NO_SAFE_CANDIDATE,0,0,,0,1,PASS_THROUGH,-1,0.7115094806936322,0.6698349586884391,-0.21230964886677858,0.350377666027824,inf,4.441732276926111,0.0,0,0,0,DIRECT_LOCAL,PASS_THROUGH,0,BYPASS_VISIBLE,1,18,0.0,16.0,2.0,0.0,16.0,2.0,1,
396,13.233333,0.033333,1.1895461082458496,17.056989669799805,2.396528959274292,1.4717811554190041,0.5584776997566223,1.3711912243266091,-0.42170685665649515,0.04249994362768529,1.4352032231812206,0.0,16.0,2.0,0.677564776075148,0.6960678584039667,-0.23747738991143977,0.3226170055352777,1.4150136709213257,-0.34926605224609375,0.07217015326023102,0.88737952709198,blocked,NO_SAFE_CANDIDATE,NO_SAFE_CANDIDATE,0,0,,1,1,PASS_THROUGH,-1,0.6975186457187132,0.7165666325435006,0.0,0.3226170055352777,inf,4.4613669458967715,0.0,0,0,0,DIRECT_LOCAL,PASS_THROUGH,0,BYPASS_VISIBLE,1,18,0.0,16.0,2.0,0.0,16.0,2.0,1,
397,13.266667,0.033333,1.1450046300888062,17.07407569885254,2.398667097091675,1.4905874333884992,0.565382182598114,1.3664130995571242,-0.42002324534106655,0.04079402442256341,1.4300938562544554,0.0,16.0,2.0,0.6713760354960345,0.7005649256292074,-0.24179124041158045,0.31826071738160505,1.4103593826293945,-0.3468043804168701,0.0706615000963211,0.8989718556404114,blocked,NO_SAFE_CANDIDATE,NO_SAFE_CANDIDATE,0,0,,0,1,PASS_THROUGH,-1,0.677564776075148,0.6960678584039667,-0.23747738991143977,0.3226170055352777,inf,4.480478996744504,0.0,0,0,0,DIRECT_LOCAL,PASS_THROUGH,0,BYPASS_VISIBLE,1,18,0.0,16.0,2.0,0.0,16.0,2.0,1,
398,13.3,0.033333,1.1003029346466064,17.09024429321289,2.4007647037506104,1.5096289138572347,0.5724518299102783,1.3615125866447246,-0.41828279815472486,0.03904631411804778,1.4248514440005176,0.0,16.0,2.0,0.6650420201378191,0.7050816874526051,-0.2461278640666178,0.31398561812862535,1.4055898189544678,-0.3442703187465668,0.06910236179828644,0.9107904434204102,blocked,NO_SAFE_CANDIDATE,NO_SAFE_CANDIDATE,0,0,,0,1,PASS_THROUGH,-1,0.677564776075148,0.6960678584039667,-0.23747738991143977,0.3226170055352777,inf,4.499059255938083,0.0,0,0,0,DIRECT_LOCAL,PASS_THROUGH,0,BYPASS_VISIBLE,1,18,0.0,16.0,2.0,0.0,16.0,2.0,1,
399,13.333333,0.033333,1.0554598569869995,17.10548210144043,2.402817726135254,1.528910865937844,0.5796822905540466,1.356497921959477,-0.41648379282330406,0.03725747961974665,1.4194835264110957,0.0,16.0,2.0,0.6585650448415503,0.7096130739597533,-0.25048226879010194,0.30979342580985864,1.4006990194320679,-0.34166279435157776,0.06749357283115387,0.9228428602218628,blocked,NO_SAFE_CANDIDATE,NO_SAFE_CANDIDATE,0,0,,0,1,PASS_THROUGH,-1,0.677564776075148,0.6960678584039667,-0.23747738991143977,0.3226170055352777,inf,4.5170944292905135,0.0,0,0,0,DIRECT_LOCAL,PASS_THROUGH,0,BYPASS_VISIBLE,1,18,0.0,16.0,2.0,0.0,16.0,2.0,1,
400,13.366667,0.033333,1.0104948282241821,17.11977195739746,2.404824733734131,1.5484388907217332,0.5870682001113892,1.3513761769135666,-0.41462413623521877,0.03541917180783103,1.4139962035344655,0.0,16.0,2.0,0.6519496899628505,0.7141525355650984,-0.25484849951154054,0.30568520973813346,1.395668387413025,-0.3389909565448761,0.06583481281995773,0.9351179599761963,blocked,NO_SAFE_CANDIDATE,NO_SAFE_CANDIDATE,0,0,,0,1,PASS_THROUGH,-1,0.677564776075148,0.6960678584039667,-0.23747738991143977,0.3226170055352777,inf,4.534567087359317,0.0,0,0,0,DIRECT_LOCAL,PASS_THROUGH,0,BYPASS_VISIBLE,1,18,0.0,16.0,2.0,0.0,16.0,2.0,1,
401,13.4,0.033333,0.9654278755187988,17.133108139038086,2.406782627105713,1.5682183041260926,0.5946041345596313,1.3461541696715573,-0.4127002524639616,0.03351916474935292,1.4083948598718437,0.0,16.0,2.0,0.645201935502105,0.7186920133657679,-0.25922239939595604,0.30166133556964575,1.390535593032837,-0.3362680673599243,0.06412452459335327,0.9475736618041992,blocked,NO_SAFE_CANDIDATE,NO_SAFE_CANDIDATE,0,0,,0,1,PASS_THROUGH,-1,0.677564776075148,0.6960678584039667,-0.23747738991143977,0.3226170055352777,inf,4.551470867474177,0.0,0,0,0,DIRECT_LOCAL,PASS_THROUGH,0,BYPASS_VISIBLE,1,18,0.0,16.0,2.0,0.0,16.0,2.0,1,
402,13.433333,0.033333,0.9202792048454285,17.145475387573242,2.40868878364563,1.5882535858113644,0.6022865176200867,1.340834865347249,-0.4107110040763599,0.031556569427336506,1.4026822455831571,0.0,16.0,2.0,0.638324655437268,0.7232275439907364,-0.2635973328279713,0.29772369993556747,1.3853716850280762,-0.3335220217704773,0.062361717224121094,0.9600915312767029,blocked,NO_SAFE_CANDIDATE,NO_SAFE_CANDIDATE,0,0,,1,1,PASS_THROUGH,-1,0.6617281238381982,0.7497438830171128,0.0,0.29772369993556747,inf,4.567789566674106,0.0,0,0,0,DIRECT_LOCAL,PASS_THROUGH,0,BYPASS_VISIBLE,1,18,0.0,16.0,2.0,0.0,16.0,2.0,1,
403,13.466667,0.033333,0.8750696778297424,17.156864166259766,2.4105401039123535,1.6085504036044158,0.6101129055023193,1.3354235945341513,-0.40865537018206655,0.029547744333244506,1.3968637935075623,0.0,16.0,2.0,0.6313250291060012,0.727751263812092,-0.2679679190578784,0.2938726035823689,1.3801103830337524,-0.3307262063026428,0.06055160611867905,0.9726966619491577,blocked,NO_SAFE_CANDIDATE,NO_SAFE_CANDIDATE,0,0,,0,1,PASS_THROUGH,-1,0.638324655437268,0.7232275439907364,-0.2635973328279713,0.29772369993556747,3.7702819197783453,4.583512310430814,0.0,0,0,0,DIRECT_LOCAL,PASS_THROUGH,0,BYPASS_VISIBLE,1,18,0.0,16.0,2.0,0.0,16.0,2.0,1,
404,13.5,0.033333,0.8298206329345703,17.167261123657227,2.4123339653015137,1.6291130796181177,0.6180693507194519,1.3299286390772265,-0.4065345449281679,0.027501843584729894,1.390948191938979,0.0,16.0,2.0,0.624208454384662,0.732257785453901,-0.2723276356098661,0.2901090581304177,1.374729871749878,-0.32783472537994385,0.058699432760477066,0.9854941964149475,blocked,NO_SAFE_CANDIDATE,NO_SAFE_CANDIDATE,0,0,,0,1,PASS_THROUGH,-1,0.638324655437268,0.7232275439907364,-0.2635973328279713,0.29772369993556747,3.7250760021058658,4.598624051678144,0.0,0,0,0,DIRECT_LOCAL,PASS_THROUGH,0,BYPASS_VISIBLE,1,18,0.0,16.0,2.0,0.0,16.0,2.0,1,
405,13.533333,0.033333,0.7845538854598999,17.176658630371094,2.4140682220458984,1.6499457327904572,0.6261386871337891,1.3243585883208693,-0.4043488171430716,0.025412827764687156,1.384943842976763,0.0,16.0,2.0,0.6169819743833095,0.7367405211493142,-0.2766706485746366,0.28643329510693843,1.369260549545288,-0.3248748779296875,0.05680521950125694,0.9984199404716492,blocked,NO_SAFE_CANDIDATE,NO_SAFE_CANDIDATE,0,0,,0,1,PASS_THROUGH,-1,0.638324655437268,0.7232275439907364,-0.2635973328279713,0.29772369993556747,3.6798611165315585,4.613115047195682,0.0,0,0,0,DIRECT_LOCAL,PASS_THROUGH,0,BYPASS_VISIBLE,1,18,0.0,16.0,2.0,0.0,16.0,2.0,1,
406,13.566667,0.033333,0.7392917275428772,17.18503761291504,2.4157402515411377,1.6710519095547918,0.634311318397522,1.3187205956981438,-0.402096966732945,0.023272539179813447,1.3788573498568217,0.0,16.0,2.0,0.6096513339046408,0.7411946885100557,-0.28099054217673175,0.2828462714349973,1.3637080192565918,-0.32189053297042847,0.054868459701538086,1.0113565921783447,blocked,NO_SAFE_CANDIDATE,NO_SAFE_CANDIDATE,0,0,,0,1,PASS_THROUGH,-1,0.638324655437268,0.7232275439907364,-0.2635973328279713,0.29772369993556747,inf,4.626963790637636,0.0,0,0,0,DIRECT_LOCAL,PASS_THROUGH,0,BYPASS_VISIBLE,1,18,0.0,16.0,2.0,0.0,16.0,2.0,1,
407,13.6,0.033333,0.6940566897392273,17.192399978637695,2.417346477508545,1.6924353895463222,0.6425765156745911,1.3130208263851961,-0.3997762615153605,0.021079824131447898,1.3726941060476199,0.0,16.0,2.0,0.6022262561211482,0.7456121918765518,-0.28528230888603895,0.2793468383523755,1.3580918312072754,-0.3188801407814026,0.05289174243807793,1.0242717266082764,blocked,NO_SAFE_CANDIDATE,NO_SAFE_CANDIDATE,0,0,,0,1,PASS_THROUGH,-1,0.638324655437268,0.7232275439907364,-0.2635973328279713,0.29772369993556747,inf,4.640169223933391,0.0,0,0,0,DIRECT_LOCAL,PASS_THROUGH,0,BYPASS_VISIBLE,1,18,0.0,16.0,2.0,0.0,16.0,2.0,1,
408,13.633333,0.033333,0.6488716006278992,17.198734283447266,2.4188790321350098,1.714098852358393,0.6509188413619995,1.3073580375319005,-0.39741963994563984,0.020739757453354445,1.3665860917091937,-0.7636265362089041,15.823035303764911,2.0,0.8018793476764233,0.5614819639777157,-0.20427314042174236,0.39999999999999986,1.3900845050811768,-0.34858202934265137,0.05018971860408783,0.9496904611587524,macro_normal,SAFE_PROGRESSING,NONE,1,0,"0.694,17.192;0.330,16.850;-0.035,16.508;-0.399,16.165;-0.764,15.823",1,1,NORMAL_CORRECTION,1,0.8191520442889921,0.5735764363510456,0.0,0.39999999999999986,inf,4.652716632584824,0.0,0,0,0,DIRECT_LOCAL,NORMAL_CORRECTION,1,BYPASS_VISIBLE,1,18,0.0,16.0,2.0,0.0,16.0,2.0,1,
409,13.666667,0.033333,0.6037391424179077,17.204036712646484,2.4203248023986816,1.7360030526143773,0.6569433212280273,1.3028025915783263,-0.3957440805612647,0.029238532714794867,1.3618967882030553,-0.7636265362089041,15.823035303764911,2.0,0.8034360775016767,0.5579492816687837,-0.20780536194720384,0.394344959103905,1.4097071886062622,-0.35725080966949463,0.04865618422627449,0.8899286985397339,macro_normal,SAFE_PROGRESSING,NONE,1,0,"0.649,17.199;0.296,16.855;-0.057,16.511;-0.411,16.167;-0.764,15.823",0,1,NORMAL_CORRECTION,1,0.8018793476764233,0.5614819639777157,-0.20427314042174236,0.39999999999999986,inf,4.664601548065133,0.0,0,0,0,DIRECT_LOCAL,NORMAL_CORRECTION,1,BYPASS_VISIBLE,1,18,0.0,16.0,2.0,0.0,16.0,2.0,1,
410,13.7,0.033333,0.5586021542549133,17.208358764648438,2.4216935634613037,1.7579549887177712,0.6573558449745178,1.3010942345499044,-0.3957743397732661,0.044750438853993664,1.3606932560204714,-0.7636265362089041,15.823035303764911,2.0,0.8049131717881376,0.5544613226197044,-0.21139401032377472,0.3886825846584564,1.4164817333221436,-0.3545414209365845,0.048359401524066925,0.8447282910346985,macro_normal,SAFE_PROGRESSING,NONE,1,0,"0.604,17.204;0.262,16.859;-0.080,16.514;-0.422,16.168;-0.764,15.823",0,1,NORMAL_CORRECTION,1,0.8018793476764233,0.5614819639777157,-0.20427314042174236,0.39999999999999986,inf,4.675883940735872,0.0,0,0,0,DIRECT_LOCAL,NORMAL_CORRECTION,1,BYPASS_VISIBLE,1,18,0.0,16.0,2.0,0.0,16.0,2.0,1,
411,13.733333,0.033333,0.5133509635925293,17.211740493774414,2.4229896068573,1.7796878604369852,0.6503037810325623,1.3031895706332957,-0.3976131972359171,0.05958911656477082,1.3637999026384084,-0.7636265362089041,15.823035303764911,2.0,0.8061327716219465,0.5512751487276717,-0.2150480525659371,0.38300965006954973,1.4158822298049927,-0.35515275597572327,0.04829713702201843,0.7931785583496094,macro_normal,SAFE_PROGRESSING,NONE,1,0,"0.559,17.208;0.228,16.862;-0.103,16.516;-0.433,16.169;-0.764,15.823",0,1,NORMAL_CORRECTION,1,0.8018793476764233,0.5614819639777157,-0.20427314042174236,0.39999999999999986,inf,4.686623259530631,0.0,0,0,0,DIRECT_LOCAL,NORMAL_CORRECTION,1,BYPASS_VISIBLE,1,18,0.0,16.0,2.0,0.0,16.0,2.0,1,
412,13.766667,0.033333,0.46787354350090027,17.21422004699707,2.4241974353790283,1.8010000794673133,0.6352209448814392,1.3087767084926543,-0.4004724422489509,0.06745433154316156,1.3703374535265542,-0.7636265362089041,15.823035303764911,2.0,0.8069450900737105,0.548612430811233,-0.21877847783847765,0.37731544573518055,1.4131401777267456,-0.36249035596847534,0.048052504658699036,0.7312813997268677,macro_normal,SAFE_PROGRESSING,NONE,1,0,"0.513,17.212;0.194,16.865;-0.125,16.517;-0.444,16.170;-0.764,15.823",0,1,NORMAL_CORRECTION,1,0.8018793476764233,0.5614819639777157,-0.20427314042174236,0.39999999999999986,inf,4.696881198347921,0.0,0,0,0,DIRECT_LOCAL,NORMAL_CORRECTION,1,BYPASS_VISIBLE,1,18,0.0,16.0,2.0,0.0,16.0,2.0,1,
413,13.8,0.033333,0.42210301756858826,17.215816497802734,2.4252936840057373,1.8217314042992443,0.6125796437263489,1.3164835634670873,-0.4033634721890072,0.06676562194967735,1.3785095980259618,-0.7636265362089041,15.823035303764911,2.0,0.8072229105256649,0.5466683864859017,-0.22258672004271846,0.37159049697898267,1.411674976348877,-0.37071794271469116,0.04813961684703827,0.6742210388183594,macro_normal,SAFE_PROGRESSING,NONE,1,0,"0.468,17.214;0.160,16.866;-0.148,16.519;-0.456,16.171;-0.764,15.823",0,1,NORMAL_CORRECTION,1,0.8018793476764233,0.5614819639777157,-0.20427314042174236,0.39999999999999986,4.5286907316879565,4.706696170594247,0.0,0,0,0,DIRECT_LOCAL,NORMAL_CORRECTION,1,BYPASS_VISIBLE,1,18,0.0,16.0,2.0,0.0,16.0,2.0,1,
414,13.833333,0.033333,0.37603244185447693,17.216543197631836,2.4262678623199463,1.8416606763152885,0.5839347839355469,1.3245730220570966,-0.40568162269888,0.06008459947120101,1.3866078857595898,-0.7636265362089041,15.823035303764911,2.0,0.8068172007946145,0.5456723445712481,-0.22646787161109574,0.36583023544626797,1.4133479595184326,-0.37697210907936096,0.04884250834584236,0.6292316913604736,macro_normal,SAFE_PROGRESSING,NONE,1,0,"0.422,17.216;0.096,16.895;-0.229,16.574;-0.555,16.253;-0.881,15.932",1,1,NORMAL_CORRECTION,1,0.8283385666732506,0.5602278277287775,0.0,0.36583023544626797,4.450645640924611,4.7160918439106645,0.0,0,0,0,DIRECT_LOCAL,NORMAL_CORRECTION,1,BYPASS_VISIBLE,1,18,0.0,16.0,2.0,0.0,16.0,2.0,1,
415,13.866667,0.033333,0.32970041036605835,17.2164249420166,2.427135944366455,1.86057884854755,0.5517593026161194,1.3317835721727207,-0.40728244397961133,0.05173114544382259,1.3936292848860732,-0.7636265362089041,15.823035303764911,2.0,0.8055957075532092,0.5458230178691328,-0.23041872566281735,0.3600381555640959,1.4158838987350464,-0.3766126036643982,0.050387755036354065,0.6077345013618469,macro_normal,SAFE_PROGRESSING,NONE,1,0,"0.376,17.217;0.062,16.894;-0.252,16.572;-0.567,16.250;-0.881,15.928",0,1,NORMAL_CORRECTION,1,0.8068172007946145,0.5456723445712481,-0.22646787161109574,0.36583023544626797,4.342115376249206,4.725094401723174,0.0,0,0,0,DIRECT_LOCAL,NORMAL_CORRECTION,1,BYPASS_VISIBLE,1,18,0.0,16.0,2.0,0.0,16.0,2.0,1,
416,13.9,0.033333,0.28316444158554077,17.21548080444336,2.4279322624206543,1.8784022062782342,0.5191825032234192,1.3377354894416424,-0.40816795602631445,0.04490389662496519,1.3993404446275668,-0.7636265362089041,15.823035303764911,2.0,0.8034961209261244,0.547201762548436,-0.23444448110492155,0.354225831700293,1.418750524520874,-0.37520259618759155,0.051980555057525635,0.5960165858268738,macro_normal,SAFE_PROGRESSING,NONE,1,0,"0.330,17.216;0.027,16.893;-0.276,16.570;-0.578,16.247;-0.881,15.924",0,1,NORMAL_CORRECTION,1,0.8068172007946145,0.5456723445712481,-0.22646787161109574,0.36583023544626797,4.265415071759301,4.733719310767683,0.0,0,0,0,DIRECT_LOCAL,NORMAL_CORRECTION,1,BYPASS_VISIBLE,1,18,0.0,16.0,2.0,0.0,16.0,2.0,1,
417,13.933333,0.033333,0.2364785522222519,17.213741302490234,2.4286904335021973,1.8951910192625816,0.4890199899673462,1.3427452374164548,-0.40825442961041514,0.04087247173650023,1.4040324108961832,-0.7636265362089041,15.823035303764911,2.0,0.8005335198089867,0.54975976417108,-0.23855876710109258,0.3484064192032922,1.419970989227295,-0.3747434914112091,0.053062260150909424,0.5876131057739258,macro_normal,SAFE_PROGRESSING,NONE,1,0,"0.283,17.215;-0.008,16.892;-0.299,16.568;-0.590,16.244;-0.881,15.920",0,1,NORMAL_CORRECTION,1,0.8068172007946145,0.5456723445712481,-0.22646787161109574,0.36583023544626797,4.241006963279792,4.741992187258551,0.0,0,0,0,DIRECT_LOCAL,NORMAL_CORRECTION,1,BYPASS_VISIBLE,1,18,0.0,16.0,2.0,0.0,16.0,2.0,1,
418,13.966667,0.033333,0.18968182802200317,17.21121597290039,2.429428815841675,1.911063693862071,0.46283096075057983,1.34737336979537,-0.40749020395031915,0.039176246870038886,1.4081896329216559,-0.7636265362089041,15.823035303764911,2.0,0.7967480666937106,0.5534015355429303,-0.24277408980070697,0.3425944169303691,1.4198178052902222,-0.37797343730926514,0.05325694382190704,0.5743304491043091,macro_normal,SAFE_PROGRESSING,NONE,1,0,"0.236,17.214;-0.043,16.889;-0.322,16.565;-0.602,16.240;-0.881,15.915",0,1,NORMAL_CORRECTION,1,0.8068172007946145,0.5456723445712481,-0.22646787161109574,0.36583023544626797,4.216206005457548,4.749919811888056,0.0,0,0,0,DIRECT_LOCAL,NORMAL_CORRECTION,1,BYPASS_VISIBLE,1,18,0.0,16.0,2.0,0.0,16.0,2.0,1,
419,14.0,0.033333,0.1427973508834839,17.20791244506836,2.4301490783691406,1.9261409422716091,0.44079625606536865,1.3520261534941767,-0.406050697236149,0.0386440714695256,1.4122128921370045,-0.7636265362089041,15.823035303764911,2.0,0.792179632849762,0.5580267877663145,-0.24709822628506437,0.33679919284190907,1.4176660776138306,-0.38168326020240784,0.05295142903923988,0.5631482601165771,macro_normal,SAFE_PROGRESSING,NONE,1,0,"0.190,17.211;-0.078,16.886;-0.346,16.561;-0.613,16.236;-0.881,15.911",0,1,NORMAL_CORRECTION,1,0.8068172007946145,0.5456723445712481,-0.22646787161109574,0.36583023544626797,4.191038577701728,4.757509732743701,0.0,0,0,0,DIRECT_LOCAL,NORMAL_CORRECTION,1,BYPASS_VISIBLE,1,18,0.0,16.0,2.0,0.0,16.0,2.0,1,
420,14.033333,0.033333,0.09583781659603119,17.20384407043457,2.430846929550171,1.940523402152269,0.42242592573165894,1.3567690006135333,-0.40436989530125234,0.03793961378146044,1.4162544077762582,-0.7636265362089041,15.823035303764911,2.0,0.786852491590574,0.5635558524632697,-0.25153122595833527,0.331028032625425,1.4154083728790283,-0.38354331254959106,0.05236006900668144,0.5592730045318604,macro_normal,SAFE_PROGRESSING,NONE,1,0,"0.143,17.208;-0.113,16.883;-0.369,16.558;-0.625,16.232;-0.881,15.907",1,1,NORMAL_CORRECTION,1,0.8129908097780989,0.5822765178301037,0.0,0.331028032625425,4.165520944308672,4.764776986046861,0.0,0,0,0,DIRECT_LOCAL,NORMAL_CORRECTION,1,BYPASS_VISIBLE,1,18,0.0,16.0,2.0,0.0,16.0,2.0,1,
421,14.066667,0.033333,0.04881376773118973,17.199031829833984,2.4315178394317627,1.9543140891851465,0.40746480226516724,1.3613599258363211,-0.40292737944326723,0.03608895785559796,1.4201949632558188,-0.7636265362089041,15.823035303764911,2.0,0.7807871897264755,0.5699121439656665,-0.2560693509959559,0.3252882920643897,1.4118282794952393,-0.38473767042160034,0.05150361359119415,0.559174120426178,macro_normal,SAFE_PROGRESSING,NONE,1,0,"0.096,17.204;-0.148,16.879;-0.392,16.554;-0.637,16.228;-0.881,15.903",0,1,NORMAL_CORRECTION,1,0.786852491590574,0.5635558524632697,-0.25153122595833527,0.331028032625425,4.183116368249009,4.771744242040913,0.0,0,0,0,DIRECT_LOCAL,NORMAL_CORRECTION,1,BYPASS_VISIBLE,1,18,0.0,16.0,2.0,0.0,16.0,2.0,1,
422,14.1,0.033333,0.0017406728584319353,17.193506240844727,2.432158946990967,1.9676372207926527,0.39576980471611023,1.3653979387298818,-0.40203851747307306,0.03260877481996037,1.4237309552071324,-0.7636265362089041,15.823035303764911,2.0,0.7740135407072436,0.5770051546630736,-0.2607069049604916,0.31958884130835546,1.406574010848999,-0.38455888628959656,0.050558581948280334,0.5644344091415405,macro_normal,SAFE_PROGRESSING,NONE,1,0,"0.049,17.199;-0.211,16.896;-0.471,16.592;-0.730,16.289;-0.990,15.985",0,1,NORMAL_CORRECTION,1,0.786852491590574,0.5635558524632697,-0.25153122595833527,0.331028032625425,4.158241290748725,4.77844180219806,0.0,0,0,0,DIRECT_LOCAL,NORMAL_CORRECTION,1,BYPASS_VISIBLE,1,18,0.0,16.0,2.0,0.0,16.0,2.0,1,
423,14.133333,0.033333,-0.04535621404647827,17.187320709228516,2.4327733516693115,1.980622644634824,0.3871823847293854,1.3684391948628252,-0.40178149997269375,0.027480900346756498,1.4264674562151756,-0.7636265362089041,15.823035303764911,2.0,0.7665649995886452,0.584740766339798,-0.2654361271304378,0.31394123998582607,1.400932788848877,-0.3827682435512543,0.04949985444545746,0.5751007199287415,macro_normal,SAFE_PROGRESSING,NONE,1,0,"0.002,17.194;-0.246,16.889;-0.494,16.585;-0.742,16.281;-0.990,15.977",0,1,NORMAL_CORRECTION,1,0.786852491590574,0.5635558524632697,-0.25153122595833527,0.331028032625425,4.133090170827382,4.7612830486007285,0.0,0,0,0,DIRECT_LOCAL,NORMAL_CORRECTION,1,BYPASS_VISIBLE,1,18,0.0,16.0,2.0,0.0,16.0,2.0,1,
424,14.166667,0.033333,-0.09243985265493393,17.18050193786621,2.433367967605591,1.9933947358522501,0.3817160725593567,1.3701142663609605,-0.4020088443863202,0.021180001279415585,1.428031094306021,-0.7636265362089041,15.823035303764911,2.0,0.7584729673270654,0.5930306213882917,-0.2702469980034802,0.30836257381597443,1.3943686485290527,-0.3791329562664032,0.048365890979766846,0.591442883014679,macro_normal,SAFE_PROGRESSING,NONE,1,0,"-0.045,17.187;-0.281,16.883;-0.517,16.578;-0.754,16.273;-0.990,15.968",0,1,NORMAL_CORRECTION,1,0.786852491590574,0.5635558524632697,-0.25153122595833527,0.331028032625425,4.107721572918287,4.742968638047637,0.0,0,0,0,DIRECT_LOCAL,NORMAL_CORRECTION,1,BYPASS_VISIBLE,1,18,0.0,16.0,2.0,0.0,16.0,2.0,1,
425,14.2,0.033333,-0.1394624561071396,17.173086166381836,2.433953285217285,2.0060684132967816,0.37946227192878723,1.3702109179331845,-0.4024163678347889,0.01434494930996327,1.428153587782262,-0.7636265362089041,15.823035303764911,2.0,0.7497744592297777,0.6017809339396563,-0.27513263680161504,0.30286678437085107,1.3877668380737305,-0.3741428256034851,0.04706040024757385,0.6116539239883423,macro_normal,SAFE_PROGRESSING,NONE,1,0,"-0.092,17.181;-0.317,16.875;-0.541,16.570;-0.765,16.265;-0.989,15.960",0,1,NORMAL_CORRECTION,1,0.786852491590574,0.5635558524632697,-0.25153122595833527,0.331028032625425,4.082174708472206,4.724450711986596,0.0,0,0,0,DIRECT_LOCAL,NORMAL_CORRECTION,1,BYPASS_VISIBLE,1,18,0.0,16.0,2.0,0.0,16.0,2.0,1,
426,14.233333,0.033333,-0.18636849522590637,17.165096282958984,2.434539556503296,2.0187478814086988,0.38049840927124023,1.368691206071888,-0.4026508893843293,0.007655743111315203,1.426710190158848,-0.7636265362089041,15.823035303764911,2.0,0.7405068922139082,0.6109027836986709,-0.2800845076988628,0.29747054513292476,1.380261778831482,-0.36777305603027344,0.045674946159124374,0.6358600854873657,macro_normal,SAFE_PROGRESSING,NONE,1,0,"-0.139,17.173;-0.423,16.766;-0.706,16.359;-0.989,15.952",1,1,NORMAL_CORRECTION,1,0.7713811545737247,0.636373407967765,0.0,0.29747054513292476,4.056501174977302,4.705763002775091,0.0,0,0,0,DIRECT_LOCAL,NORMAL_CORRECTION,1,GOAL_OUTSIDE_FOV,1,18,0.0,16.0,2.0,0.0,16.0,2.0,1,
427,14.266667,0.033333,-0.23309855163097382,17.156536102294922,2.435137987136841,2.031529781485487,0.3847862184047699,1.3656481701363412,-0.40241167024741137,0.0015675683762373105,1.4237038084582974,-0.7636265362089041,15.823035303764911,2.0,0.7307139843598196,0.6203051875180217,-0.28509392732787087,0.2921886046891551,1.3733510971069336,-0.3613218367099762,0.0441066212952137,0.6603267192840576,macro_normal,SAFE_PROGRESSING,NONE,1,0,"-0.186,17.165;-0.488,16.783;-0.790,16.400;-1.091,16.018",0,1,NORMAL_CORRECTION,1,0.7405068922139082,0.6109027836986709,-0.2800845076988628,0.29747054513292476,4.030742347803659,4.686920045213152,0.0,0,0,0,DIRECT_LOCAL,NORMAL_CORRECTION,1,GOAL_OUTSIDE_FOV,1,18,0.0,16.0,2.0,0.0,16.0,2.0,1,
428,14.3,0.033333,-0.2795928418636322,17.147409439086914,2.435756206512451,2.044507721084292,0.39214056730270386,1.3612595016468905,-0.40152655558788575,-0.0035261507760234595,1.4192474905404995,-0.7636265362089041,15.823035303764911,2.0,0.7204484080543044,0.6298923796249801,-0.2901545819427955,0.2870320067240235,1.3667330741882324,-0.3548126816749573,0.04234161972999573,0.6839807033538818,macro_normal,SAFE_PROGRESSING,NONE,1,0,"-0.233,17.157;-0.519,16.773;-0.805,16.389;-1.091,16.006",0,1,NORMAL_CORRECTION,1,0.7405068922139082,0.6109027836986709,-0.2800845076988628,0.29747054513292476,4.0049219570023675,4.667934712352107,0.0,0,0,0,DIRECT_LOCAL,NORMAL_CORRECTION,1,GOAL_OUTSIDE_FOV,1,18,0.0,16.0,2.0,0.0,16.0,2.0,1,
429,14.333333,0.033333,-0.3257950246334076,17.137697219848633,2.4363999366760254,2.0577705347500905,0.4021303057670593,1.355760585493256,-0.3999780768425997,-0.007417190457650425,1.4135502261490407,-0.7636265362089041,15.823035303764911,2.0,0.7097678793103591,0.639572220227246,-0.2952574006064309,0.2820110258533475,1.3596266508102417,-0.3480697274208069,0.04051622003316879,0.7071259021759033,macro_normal,SAFE_PROGRESSING,NONE,1,0,"-0.280,17.147;-0.550,16.763;-0.820,16.378;-1.090,15.993",0,1,NORMAL_CORRECTION,1,0.7405068922139082,0.6109027836986709,-0.2800845076988628,0.29747054513292476,3.979061920974298,4.648795009518158,0.0,0,0,0,DIRECT_LOCAL,NORMAL_CORRECTION,1,GOAL_OUTSIDE_FOV,1,18,0.0,16.0,2.0,0.0,16.0,2.0,1,
430,14.366667,0.033333,-0.3716548979282379,17.127389907836914,2.4370720386505127,2.0713953114136854,0.41410863399505615,1.3493774862128207,-0.3978525499850232,-0.010235244975809424,1.4068443453585515,-0.7636265362089041,15.823035303764911,2.0,0.6987315190201483,0.6492583675377137,-0.30039613264830645,0.27713046646873074,1.3521569967269897,-0.3404814600944519,0.03876035660505295,0.7315716743469238,macro_normal,SAFE_PROGRESSING,NONE,1,0,"-0.326,17.138;-0.580,16.752;-0.835,16.367;-1.089,15.981",0,1,NORMAL_CORRECTION,1,0.7405068922139082,0.6109027836986709,-0.2800845076988628,0.29747054513292476,4.012501594521139,4.6294952830978655,0.0,0,0,0,DIRECT_LOCAL,NORMAL_CORRECTION,1,GOAL_OUTSIDE_FOV,1,18,0.0,16.0,2.0,0.0,16.0,2.0,1,
431,14.4,0.033333,-0.4171279966831207,17.116470336914062,2.4377753734588623,2.0854409533228164,0.4275125563144684,1.3422725421115598,-0.3952545049489761,-0.012338766221429629,1.3993119545480046,-0.7636265362089041,15.823035303764911,2.0,0.6873898111650368,0.6588834562685564,-0.30556151354857536,0.27239549910967775,1.3445812463760376,-0.33250105381011963,0.03705104812979698,0.756192147731781,macro_normal,SAFE_PROGRESSING,NONE,1,0,"-0.372,17.127;-0.643,16.764;-0.915,16.400;-1.186,16.036",0,1,NORMAL_CORRECTION,1,0.7405068922139082,0.6109027836986709,-0.2800845076988628,0.29747054513292476,3.987836595927549,4.610019777642465,0.0,0,0,0,DIRECT_LOCAL,NORMAL_CORRECTION,1,GOAL_OUTSIDE_FOV,1,18,0.0,16.0,2.0,0.0,16.0,2.0,1,
432,14.433333,0.033333,-0.46217402815818787,17.104928970336914,2.4385104179382324,2.0999508616028364,0.44195207953453064,1.334544895388695,-0.3922428494991239,-0.014068529941126187,1.3910652228870939,-0.7636265362089041,15.823035303764911,2.0,0.6757868301353727,0.6683928319620712,-0.3107461703662769,0.2678085452610538,1.3370106220245361,-0.3247934877872467,0.0353316105902195,0.779320240020752,macro_normal,SAFE_PROGRESSING,NONE,1,0,"-0.417,17.116;-0.673,16.751;-0.929,16.385;-1.185,16.020",1,1,NORMAL_CORRECTION,1,0.7109856432960653,0.7032065237374295,0.0,0.2678085452610538,3.963113949335307,4.590358113429761,0.0,0,0,0,DIRECT_LOCAL,NORMAL_CORRECTION,1,GOAL_OUTSIDE_FOV,1,18,0.0,16.0,2.0,0.0,16.0,2.0,1,
433,14.466667,0.033333,-0.5067546963691711,17.09274673461914,2.4392752647399902,2.1149546806641046,0.457067608833313,1.3262616109898728,-0.3888327498023685,-0.015570702372527372,1.3821733664329874,-0.7636265362089041,15.823035303764911,2.0,0.6639598460819237,0.6777456288636785,-0.3159401610226931,0.26337235899064887,1.3294827938079834,-0.3174901306629181,0.03363873064517975,0.8010457754135132,macro_normal,NO_SAFE_CANDIDATE,NO_SAFE_CANDIDATE,0,0,,0,1,NORMAL_CORRECTION,1,0.6757868301353727,0.6683928319620712,-0.3107461703662769,0.2678085452610538,3.9383273240879015,4.570488997709255,0.0,0,0,0,DIRECT_LOCAL,NORMAL_CORRECTION,1,GOAL_OUTSIDE_FOV,1,18,0.0,16.0,2.0,0.0,16.0,2.0,1,
434,14.5,0.033333,-0.5508325695991516,17.079914093017578,2.440066337585449,2.1304697505463603,0.47249534726142883,1.317492056631652,-0.3850286558119747,-0.016805511186954218,1.3727034677198617,-0.7636265362089041,15.823035303764911,2.0,0.6519418591364242,0.6869094209298556,-0.32113433286329457,0.25908687807332464,1.32240891456604,-0.3104788661003113,0.031969599425792694,0.8216866254806519,macro_normal,NO_SAFE_CANDIDATE,NO_SAFE_CANDIDATE,0,0,,0,1,NORMAL_CORRECTION,1,0.6757868301353727,0.6683928319620712,-0.3107461703662769,0.2678085452610538,3.9134592043071272,4.550399258047107,0.0,0,0,0,DIRECT_LOCAL,NORMAL_CORRECTION,1,GOAL_OUTSIDE_FOV,1,18,0.0,16.0,2.0,0.0,16.0,2.0,1,
435,14.533333,0.033333,-0.5943721532821655,17.066417694091797,2.4408793449401855,2.1465026755240846,0.48795512318611145,1.3083367595190065,-0.3808487774930081,-0.017628844060154854,1.3627551664805793,-0.7636265362089041,15.823035303764911,2.0,0.6397609094562757,0.6958615352183054,-0.32631687442622714,0.25495298100620534,1.3155890703201294,-0.304052472114563,0.030300825834274292,0.8406915664672852,macro_normal,NO_SAFE_CANDIDATE,NO_SAFE_CANDIDATE,0,0,,0,1,NORMAL_CORRECTION,1,0.6757868301353727,0.6683928319620712,-0.3107461703662769,0.2678085452610538,3.88849947683488,4.530070611445193,0.0,0,0,0,DIRECT_LOCAL,NORMAL_CORRECTION,1,GOAL_OUTSIDE_FOV,1,18,0.0,16.0,2.0,0.0,16.0,2.0,1,
436,14.566667,0.033333,-0.637340784072876,17.052244186401367,2.441709280014038,2.163052384800939,0.5032035708427429,1.298932812873942,-0.37633560070439914,-0.01795364389529947,1.352470801920423,-0.7636265362089041,15.823035303764911,2.0,0.6274417700969421,0.7045849278680629,-0.33147685373004926,0.2509698639052037,1.3087488412857056,-0.2978518605232239,0.02860744297504425,0.8587233424186707,macro_normal,NO_SAFE_CANDIDATE,NO_SAFE_CANDIDATE,0,0,,0,1,NORMAL_CORRECTION,1,0.6757868301353727,0.6683928319620712,-0.3107461703662769,0.2678085452610538,3.891945040345287,4.509483378842228,0.0,0,0,0,DIRECT_LOCAL,NORMAL_CORRECTION,1,GOAL_OUTSIDE_FOV,1,18,0.0,16.0,2.0,0.0,16.0,2.0,1,
437,14.6,0.033333,-0.6797099709510803,17.037384033203125,2.4425487518310547,2.180110141351124,0.5180156826972961,1.2894262776547674,-0.37154803252010254,-0.017870118760561018,1.3420087209555323,-0.7636265362089041,15.823035303764911,2.0,0.6150043788662275,0.7130691712824959,-0.3366035812968429,0.2471357981632712,1.3016066551208496,-0.2916749119758606,0.02687022276222706,0.8762774467468262,macro_normal,NO_SAFE_CANDIDATE,NO_SAFE_CANDIDATE,0,0,,0,1,NORMAL_CORRECTION,1,0.6757868301353727,0.6683928319620712,-0.3107461703662769,0.2678085452610538,3.895786748490694,4.488620208260494,0.0,0,0,0,DIRECT_LOCAL,NORMAL_CORRECTION,1,GOAL_OUTSIDE_FOV,1,18,0.0,16.0,2.0,0.0,16.0,2.0,1,
438,14.633333,0.033333,-0.7214542031288147,17.021827697753906,2.443413734436035,2.1976596444515355,0.532235324382782,1.2800031250524588,-0.36646463523904144,-0.01495476978489461,1.3315134149396557,-0.5997229857186334,12.038023865922373,2.4425487518310547,0.5735764363510462,0.8191520442889918,0.0,1.0,1.3227235078811646,-0.22417184710502625,0.03381559997797012,1.0480625629425049,macro_turn_left,SAFE_HOLD,NONE,0,0,,1,1,TURN_LEFT,0,0.5735764363510462,0.8191520442889919,0.0,1.0,3.8860883352831728,4.467462661370072,0.0,0,0,0,DIRECT_LOCAL,TURN_LEFT,1,GOAL_OUTSIDE_FOV,1,18,0.0,16.0,2.0,0.0,16.0,2.0,1,
439,14.666667,0.033333,-0.7625419497489929,17.00552749633789,2.4443798065185547,2.215763299233717,0.5542277097702026,1.2715508548872083,-0.35997806663036813,-0.006395015497682146,1.3215395117977153,-0.6414672178963677,12.022467530473154,2.443413734436035,0.5883112820699578,0.808634549960118,0.0,1.0,1.3552570343017578,-0.1991570144891739,0.038245707750320435,1.148619532585144,macro_turn_left,SAFE_HOLD,NONE,0,0,,0,1,TURN_LEFT,0,0.5735764363510462,0.8191520442889918,0.0,1.0,3.861757672233777,4.4459546452999845,0.0,0,0,0,DIRECT_LOCAL,TURN_LEFT,1,GOAL_OUTSIDE_FOV,1,18,0.0,16.0,2.0,0.0,16.0,2.0,1,
440,14.7,0.033333,-0.8029417395591736,16.988359451293945,2.4454407691955566,2.23485089633764,0.5913603901863098,1.265943056422394,-0.3508412978944418,0.008802261124166037,1.3136890492857234,-0.682554964516546,12.006167329057138,2.4443798065185547,0.6036380669897038,0.79725848009346,0.0,1.0,1.3954570293426514,-0.21848829090595245,0.03727712109684944,1.1798906326293945,macro_turn_left,SAFE_HOLD,NONE,0,0,,0,1,TURN_LEFT,0,0.5735764363510462,0.8191520442889918,0.0,1.0,3.858959518666303,4.423963433552663,0.0,0,0,0,DIRECT_LOCAL,TURN_LEFT,1,GOAL_OUTSIDE_FOV,1,18,0.0,16.0,2.0,0.0,16.0,2.0,1,
441,14.733333,0.033333,-0.8426663875579834,16.97013282775879,2.446476459503174,2.255541085126298,0.638852059841156,1.2653650632821505,-0.33997510522521834,0.03156695106318265,1.3106213365985482,-0.7229547543267266,11.988999284013193,2.4454407691955566,0.6200031193132961,0.7845993449154687,0.0,1.0,1.4298702478408813,-0.2604592442512512,0.032662179321050644,1.1693241596221924,macro_turn_left,SAFE_HOLD,NONE,0,0,,0,1,TURN_LEFT,0,0.5735764363510462,0.8191520442889918,0.0,1.0,3.8564557220001854,4.401283943261295,0.0,0,0,0,DIRECT_LOCAL,TURN_LEFT,1,GOAL_OUTSIDE_FOV,1,18,0.0,16.0,2.0,0.0,16.0,2.0,1,
442,14.766667,0.033333,-0.8818261027336121,16.9506778717041,2.447338342666626,2.277923080034784,0.6851361393928528,1.2714047403642805,-0.3305048921085741,0.05861693043428447,1.3149674680622336,-0.7626794023255364,11.970772660478037,2.446476459503174,0.6374072617494315,0.7705270810744368,0.0,1.0,1.4484810829162598,-0.30888211727142334,0.026791110634803772,1.131278157234192,macro_turn_left,SAFE_HOLD,NONE,0,0,,0,1,TURN_LEFT,0,0.5735764363510462,0.8191520442889918,0.0,1.0,3.8291830121366206,4.377721926462836,0.0,0,0,0,DIRECT_LOCAL,TURN_LEFT,1,GOAL_OUTSIDE_FOV,1,18,0.0,16.0,2.0,0.0,16.0,2.0,1,
443,14.8,0.033333,-0.9206414818763733,16.92992401123047,2.4478979110717773,2.3011649143578032,0.7219095826148987,1.2842925819940385,-0.32649244316562365,0.08167285075062428,1.327657789552303,-0.8018391175011651,11.95131770442335,2.447338342666626,0.6551419617551892,0.7555057974281615,0.0,1.0,1.449893593788147,-0.3515945374965668,0.021746980026364326,1.08134126663208,macro_turn_left,SAFE_HOLD,NONE,0,0,,0,1,TURN_LEFT,0,0.5735764363510462,0.8191520442889918,0.0,1.0,3.877530582845562,4.353174269638047,0.0,0,0,0,DIRECT_LOCAL,TURN_LEFT,1,GOAL_OUTSIDE_FOV,1,18,0.0,16.0,2.0,0.0,16.0,2.0,1,
444,14.833333,0.033333,-0.9593942165374756,16.907920837402344,2.4480714797973633,2.324216868719216,0.7454031109809875,1.3024101418467686,-0.33157645734394176,0.09201812411771895,1.3471015031601088,-0.8406544966439263,11.930563843949717,2.4478979110717773,0.6723822434257802,0.7402041061259487,0.0,1.0,1.4406511783599854,-0.3832825720310211,0.01859763078391552,1.0342979431152344,macro_turn_left,SAFE_HOLD,NONE,0,0,,1,1,TURN_LEFT,0,0.6723822434257803,0.7402041061259488,0.0,1.0,3.849647955155916,4.327658714098284,0.0,0,0,0,DIRECT_LOCAL,TURN_LEFT,1,GOAL_OUTSIDE_FOV,1,18,0.0,16.0,2.0,0.0,16.0,2.0,1,
445,14.866667,0.033333,-0.998345136642456,16.88483428955078,2.4478366374969482,2.346828731023093,0.7548353672027588,1.3222154996122975,-0.34747177314534416,0.0855068346524441,1.369781690387212,-0.8794072313050286,11.908560670121592,2.4480714797973633,0.6889463245337532,0.7248123632440553,0.0,1.0,1.4286988973617554,-0.40280863642692566,0.017524005845189095,1.00018310546875,macro_turn_left,SAFE_HOLD,NONE,0,0,,0,1,TURN_LEFT,0,0.6723822434257802,0.7402041061259487,0.0,1.0,3.820851393123608,4.301319482101718,0.0,0,0,0,DIRECT_LOCAL,TURN_LEFT,1,GOAL_OUTSIDE_FOV,1,18,0.0,16.0,2.0,0.0,16.0,2.0,1,
446,14.9,0.033333,-1.0376607179641724,16.860904693603516,2.4472360610961914,2.36959241000256,0.7515226006507874,1.3392589012074219,-0.37274207170370643,0.06428533361840316,1.391647822043965,-0.9183581514100091,11.885474122270029,2.4478366374969482,0.7052658024256298,0.7089429793212798,0.0,1.0,1.4193308353424072,-0.40918105840682983,0.018505096435546875,0.9885286688804626,macro_turn_left,SAFE_HOLD,NONE,0,0,,0,1,TURN_LEFT,0,0.6723822434257802,0.7402041061259487,0.0,1.0,3.791258528686988,4.274390648645523,0.0,0,0,0,DIRECT_LOCAL,TURN_LEFT,1,GOAL_OUTSIDE_FOV,1,18,0.0,16.0,2.0,0.0,16.0,2.0,1,
447,14.933333,0.033333,-1.0773745775222778,16.836353302001953,2.4463632106781006,2.3930631571264382,0.7388126850128174,1.3501415930240706,-0.4029452379786224,0.03512414461491132,1.4094257311253233,-0.9576737327317254,11.861544526322763,2.4472360610961914,0.7217094480767962,0.6921961228992014,0.0,1.0,1.4165371656417847,-0.4059375524520874,0.020891306921839714,0.9951916337013245,macro_turn_left,SAFE_HOLD,NONE,0,0,,0,1,TURN_LEFT,0,0.6723822434257802,0.7402041061259487,0.0,1.0,3.7610866835706873,4.247102270946439,0.0,0,0,0,DIRECT_LOCAL,TURN_LEFT,1,GOAL_OUTSIDE_FOV,1,18,0.0,16.0,2.0,0.0,16.0,2.0,1,
448,14.966667,0.033333,-1.1173913478851318,16.81134796142578,2.4453353881835938,2.4171410644376445,0.7218173146247864,1.3540554664916267,-0.43241920648911647,0.0064189067876361874,1.4214407405308473,-0.9973875922898309,11.836993134721201,2.4463632106781006,0.7381652779714671,0.6746199095767236,0.0,1.0,1.4210028648376465,-0.4034411609172821,0.023325331509113312,0.9979750514030457,macro_turn_left,SAFE_HOLD,NONE,0,0,,0,1,TURN_LEFT,0,0.6723822434257802,0.7402041061259487,0.0,1.0,3.678275374115017,4.219640739325516,0.0,0,0,0,DIRECT_LOCAL,TURN_LEFT,1,GOAL_OUTSIDE_FOV,1,18,0.0,16.0,2.0,0.0,16.0,2.0,1,
449,15.0,0.033333,-1.1575260162353516,16.785959243774414,2.4442574977874756,2.4412729582091,0.7053828239440918,1.3528102242628715,-0.456766105341283,-0.014418307477455525,1.4279140959628214,-1.0374043626526848,11.811987794145029,2.4453353881835938,0.7542286297045221,0.6566118900340131,0.0,1.0,1.4304652214050293,-0.4079523980617523,0.02492738515138626,0.9819998741149902,macro_turn_left,SAFE_HOLD,NONE,0,0,,0,1,TURN_LEFT,0,0.6723822434257802,0.7402041061259487,0.0,1.0,3.6419407009054745,4.192097611262991,0.0,0,0,0,DIRECT_LOCAL,TURN_LEFT,1,GOAL_OUTSIDE_FOV,1,18,0.0,16.0,2.0,0.0,16.0,2.0,1,
450,15.033333,0.033333,-1.1975698471069336,16.760156631469727,2.443209409713745,2.465020191533098,0.6915857791900635,1.3490384985498391,-0.4749482850123148,-0.0267034547002847,1.4304523125566517,-6.146736300900528,17.114259008305595,2.4442574977874756,0.5735764363510462,-0.8191520442889918,0.0,1.0,1.2513304948806763,-0.5711978077888489,0.010291263461112976,0.3248053193092346,macro_turn_right,SAFE_HOLD,NONE,0,0,,1,1,TURN_RIGHT,12,0.5735764363510462,-0.8191520442889917,0.0,1.0,3.6054563275792755,4.1644589538504295,0.0,0,0,0,DIRECT_LOCAL,TURN_RIGHT,1,GOAL_OUTSIDE_FOV,1,18,0.0,16.0,2.0,0.0,16.0,2.0,1,
451,15.066667,0.033333,-1.2373586893081665,16.733911514282227,2.442157506942749,2.488329196011162,0.6898648738861084,1.3413823788687516,-0.49086067993082255,-0.05285909654464525,1.429351243581946,-6.18678013177211,17.088456396000907,2.443209409713745,0.5543287388302076,-0.8322978128692347,0.0,1.0,1.137040615081787,-0.5619065761566162,-0.0005249027162790298,-0.04829367622733116,macro_turn_right,SAFE_HOLD,NONE,0,0,,0,1,TURN_RIGHT,12,0.5735764363510462,-0.8191520442889918,0.0,1.0,3.7510586910716603,4.136704595074239,0.0,0,0,0,DIRECT_LOCAL,TURN_RIGHT,1,GOAL_OUTSIDE_FOV,1,18,0.0,16.0,2.0,0.0,16.0,2.0,1,
452,15.1,0.033333,-1.2767785787582397,16.707380294799805,2.441009998321533,2.511157983210728,0.6722356081008911,1.323587733088497,-0.5071726366357714,-0.09597135768143993,1.4206755688860297,-6.226568973973343,17.062211278813407,2.442157506942749,0.5351856005653565,-0.8447344984949406,0.0,1.0,1.0448931455612183,-0.4932546317577362,0.00010528368875384331,-0.3041626214981079,macro_turn_right,SAFE_HOLD,NONE,0,0,,0,1,TURN_RIGHT,12,0.5735764363510462,-0.8191520442889918,0.0,1.0,3.8063445980634856,4.1089927541378035,0.0,0,0,0,DIRECT_LOCAL,TURN_RIGHT,1,GOAL_OUTSIDE_FOV,1,18,0.0,16.0,2.0,0.0,16.0,2.0,1,
453,15.133333,0.033333,-1.315650224685669,16.680917739868164,2.440068006515503,2.532891512487511,0.6191636323928833,1.2899228023658647,-0.5206153765670275,-0.14681129327278708,1.3987475691538707,-6.265988863423416,17.035680059330986,2.441009998321533,0.5167015923903171,-0.8561655590020604,0.0,1.0,0.9582588076591492,-0.39770251512527466,0.007430095225572586,-0.49941712617874146,macro_turn_right,SAFE_HOLD,NONE,0,0,,0,1,TURN_RIGHT,12,0.5735764363510462,-0.8191520442889918,0.0,1.0,3.775870880872859,4.0816776663935395,0.0,0,0,0,DIRECT_LOCAL,TURN_RIGHT,1,GOAL_OUTSIDE_FOV,1,18,0.0,16.0,2.0,0.0,16.0,2.0,1,
454,15.166667,0.033333,-1.3536534309387207,16.654953002929688,2.439539909362793,2.552109973695352,0.5374335646629333,1.239357033908842,-0.5228811803573714,-0.2002311648466232,1.3599643766095777,-6.304860509350846,17.009217504399345,2.440068006515503,0.5001530019424042,-0.8659370500492524,0.0,1.0,0.8924644589424133,-0.3005113899707794,0.017613647505640984,-0.643190324306488,macro_turn_right,SAFE_HOLD,NONE,0,0,,0,1,TURN_RIGHT,12,0.5735764363510462,-0.8191520442889918,0.0,1.0,3.756115933910796,4.055183719677223,0.0,0,0,0,DIRECT_LOCAL,TURN_RIGHT,1,GOAL_OUTSIDE_FOV,1,18,0.0,16.0,2.0,0.0,16.0,2.0,1,
455,15.2,0.033333,-1.3903071880340576,16.629833221435547,2.4394736289978027,2.56628292922662,0.44031426310539246,1.1762843497667683,-0.505898580166023,-0.2424777011711296,1.3032166667463483,-6.342863715603897,16.98325276746087,2.439539909362793,0.48783029282311785,-0.8729384889006276,0.0,1.0,0.8669146299362183,-0.21812744438648224,0.02681991271674633,-0.7542852759361267,macro_turn_right,SAFE_HOLD,NONE,0,0,,0,1,TURN_RIGHT,12,0.5735764363510462,-0.8191520442889918,0.0,1.0,3.7260927734993863,4.029843367643452,0.0,0,0,0,DIRECT_LOCAL,TURN_RIGHT,1,GOAL_OUTSIDE_FOV,1,18,0.0,16.0,2.0,0.0,16.0,2.0,1,
456,15.233333,0.033333,-1.4250288009643555,16.605710983276367,2.43983793258667,2.5737384660395195,0.34609806537628174,1.1095338109578305,-0.4672885746536668,-0.2593509223759326,1.2315383837289477,-6.379517472699234,16.958132985966728,2.4394736289978027,0.48130857010914213,-0.8765512308698752,0.0,1.0,0.8785624504089355,-0.14908839762210846,0.033655669540166855,-0.8435012698173523,macro_turn_right,SAFE_HOLD,NONE,0,0,,1,1,TURN_RIGHT,12,0.4813085701091422,-0.8765512308698751,0.0,1.0,3.6973708843664403,4.005778989742156,0.0,0,0,0,DIRECT_LOCAL,TURN_RIGHT,1,GOAL_OUTSIDE_FOV,1,18,0.0,16.0,2.0,0.0,16.0,2.0,1,
457,15.266667,0.033333,-1.4572726488113403,16.582496643066406,2.440539598464966,2.5756524636858904,0.266672283411026,1.0485761858078753,-0.41118607447583216,-0.24278352577133214,1.1521848140260287,-6.414239085629532,16.934010747807548,2.43983793258667,0.47962997253118,-0.8774708482050783,0.0,1.0,0.9147595763206482,-0.08914119750261307,0.03885655477643013,-0.9170235395431519,macro_turn_right,SAFE_HOLD,NONE,0,0,,0,1,TURN_RIGHT,12,0.48130857010914213,-0.8765512308698752,0.0,1.0,3.670126574581607,3.9828545296590803,0.0,0,0,0,DIRECT_LOCAL,TURN_RIGHT,1,GOAL_OUTSIDE_FOV,1,18,0.0,16.0,2.0,0.0,16.0,2.0,1,
458,15.3,0.033333,-1.486667513847351,16.559879302978516,2.4414784908294678,2.5754568727305336,0.20339663326740265,0.9995357581888114,-0.3444256099866985,-0.1958799575339567,1.0752068128859191,-6.446482933476517,16.910796407597587,2.440539598464966,0.4798015887172641,-0.8773770201369473,0.0,1.0,0.9614548087120056,-0.03784940391778946,0.04358072578907013,-0.9859364032745361,macro_turn_right,SAFE_HOLD,NONE,0,0,,0,1,TURN_RIGHT,12,0.48130857010914213,-0.8765512308698752,0.0,1.0,3.6442723778585253,3.9607028532550017,0.0,0,0,0,DIRECT_LOCAL,TURN_RIGHT,1,GOAL_OUTSIDE_FOV,1,18,0.0,16.0,2.0,0.0,16.0,2.0,1,
459,15.333333,0.033333,-1.5131001472473145,16.537403106689453,2.442563056945801,2.576191221778716,0.15027156472206116,0.9643931819520793,-0.27264813925414383,-0.13086984347010436,1.0107018022959553,-6.475877798512528,16.888179067509697,2.4414784908294678,0.4791571584245968,-0.8777291253743753,0.0,1.0,1.008374810218811,0.0017071699257940054,0.04816393554210663,-1.065744161605835,macro_turn_right,SAFE_HOLD,NONE,0,0,,0,1,TURN_RIGHT,12,0.48130857010914213,-0.8765512308698752,0.0,1.0,3.619471312268683,3.938812465381497,0.0,0,0,0,DIRECT_LOCAL,TURN_RIGHT,1,GOAL_OUTSIDE_FOV,1,18,0.0,16.0,2.0,0.0,16.0,2.0,1,
460,15.366667,0.033333,-1.5367119312286377,16.51456069946289,2.4437077045440674,2.578530348953983,0.09871315956115723,0.9428382652882513,-0.1993958796016938,-0.06278977489331813,0.9657356093284777,-6.502310431912491,16.865702871220634,2.442563056945801,0.47710272938977183,-0.8788475326294262,0.0,1.0,1.045532464981079,0.028729436919093132,0.05225013941526413,-1.1594548225402832,macro_turn_right,SAFE_HOLD,NONE,0,0,,0,1,TURN_RIGHT,12,0.48130857010914213,-0.8765512308698752,0.0,1.0,3.5952166263132708,3.916630210818141,0.0,0,0,0,DIRECT_LOCAL,TURN_RIGHT,1,GOAL_OUTSIDE_FOV,1,18,0.0,16.0,2.0,0.0,16.0,2.0,1,
461,15.4,0.033333,-1.557828664779663,16.490890502929688,2.44482159614563,2.5810405270105092,0.040913790464401245,0.9337411815331956,-0.12701704280453993,-0.004672159790007242,0.9423522442966439,-6.525922215893814,16.84286046399407,2.4437077045440674,0.4748951648051657,-0.8800423753687514,0.0,1.0,1.0653481483459473,0.04607156664133072,0.055226169526576996,-1.250256061553955,macro_turn_right,SAFE_HOLD,NONE,0,0,,0,1,TURN_RIGHT,12,0.48130857010914213,-0.8765512308698752,0.0,1.0,3.5783016074934006,3.8936630266109398,0.0,0,0,0,DIRECT_LOCAL,TURN_RIGHT,1,GOAL_OUTSIDE_FOV,1,18,0.0,16.0,2.0,0.0,16.0,2.0,1,
462,15.433333,0.033333,-1.5768601894378662,16.46608543395996,2.445814609527588,2.581722546563165,-0.028068888932466507,0.9350835281289399,-0.05744368532057107,0.03498708437761986,0.9374993747382031,-6.54703894944484,16.81919026746087,2.44482159614563,0.4742948482956319,-0.8803660584553584,0.0,1.0,1.0666570663452148,0.059007927775382996,0.05653682351112366,-1.319758653640747,macro_turn_right,SAFE_HOLD,NONE,0,0,,1,1,TURN_RIGHT,12,0.47429484829563195,-0.8803660584553584,0.0,1.0,3.6420570024863532,3.869585957338479,0.0,0,0,0,DIRECT_LOCAL,TURN_RIGHT,1,GOAL_OUTSIDE_FOV,1,18,0.0,16.0,2.0,0.0,16.0,2.0,1,
463,15.466667,0.033333,-1.5942074060440063,16.439992904663086,2.4466264247894287,2.579260595247786,-0.10910246521234512,0.9433065326116982,0.007756994837578386,0.05357705945621334,0.944858659661216,-6.566070474103043,16.794385198491142,2.445814609527588,0.4764608270834786,-0.8791957007714081,0.0,1.0,1.0521966218948364,0.07248327881097794,0.05629721283912659,-1.3642785549163818,macro_turn_right,SAFE_HOLD,NONE,0,0,,0,1,TURN_RIGHT,12,0.4742948482956319,-0.8803660584553584,0.0,1.0,3.5266786265577585,3.8442382373159165,0.0,0,0,0,DIRECT_LOCAL,TURN_RIGHT,1,GOAL_OUTSIDE_FOV,1,18,0.0,16.0,2.0,0.0,16.0,2.0,1,
464,15.5,0.033333,-1.6102001667022705,16.41263771057129,2.4472239017486572,2.5733112396400397,-0.19980071485042572,0.9534185283531192,0.0677107131668698,0.05179797162373908,0.9572223674512248,-6.583417690709183,16.768292669194267,2.4466264247894287,0.48168301199927804,-0.8763455231535695,0.0,1.0,1.0288589000701904,0.0899830088019371,0.055011190474033356,-1.3906141519546509,macro_turn_right,SAFE_HOLD,NONE,0,0,,0,1,TURN_RIGHT,12,0.4742948482956319,-0.8803660584553584,0.0,1.0,3.4934684493967043,3.8176414153751197,0.0,0,0,0,DIRECT_LOCAL,TURN_RIGHT,1,GOAL_OUTSIDE_FOV,1,18,0.0,16.0,2.0,0.0,16.0,2.0,1,
465,15.533333,0.033333,-1.6250711679458618,16.384187698364258,2.4475884437561035,2.564099483034553,-0.2973303496837616,0.9601561552034559,0.12256876630834439,0.035212165858260154,0.9685880659361138,-6.599410451367447,16.74093747510247,2.4472239017486572,0.48973514267845114,-0.87187125771281,0.0,1.0,1.0020081996917725,0.11140213161706924,0.05318451300263405,-1.4059600830078125,macro_turn_right,SAFE_HOLD,NONE,0,0,,0,1,TURN_RIGHT,12,0.4742948482956319,-0.8803660584553584,0.0,1.0,3.4654586865320502,3.7899611393643338,0.0,0,0,0,DIRECT_LOCAL,TURN_RIGHT,1,GOAL_OUTSIDE_FOV,1,18,0.0,16.0,2.0,0.0,16.0,2.0,1,
466,15.566667,0.033333,-1.638948678970337,16.354896545410156,2.447742223739624,2.5518967731942044,-0.39863088726997375,0.9596328934877218,0.17342357468775024,0.012265996593947266,0.9752545725058347,-6.6142814526110385,16.71248746289544,2.4475884437561035,0.500337608786947,-0.8658303974990482,0.0,1.0,0.9745843410491943,0.13232676684856415,0.05089564248919487,-1.4162509441375732,macro_turn_right,SAFE_HOLD,NONE,0,0,,0,1,TURN_RIGHT,12,0.4742948482956319,-0.8803660584553584,0.0,1.0,3.436459276737439,3.7614470525740633,0.0,0,0,0,DIRECT_LOCAL,TURN_RIGHT,1,GOAL_OUTSIDE_FOV,1,18,0.0,16.0,2.0,0.0,16.0,2.0,1,
467,15.6,0.033333,-1.6518832445144653,16.325042724609375,2.447737693786621,2.5367473618544327,-0.500803530216217,0.9503471199666835,0.2215383942514504,-0.009735240525277293,0.9758758545350769,-6.628158963635514,16.683196309941337,2.447742223739624,0.5133965140969957,-0.8581515130284705,0.0,1.0,0.9475560188293457,0.14886945486068726,0.04807071387767792,-1.424857258796692,macro_turn_right,SAFE_HOLD,NONE,0,0,,0,1,TURN_RIGHT,12,0.4742948482956319,-0.8803660584553584,0.0,1.0,3.4067070435903997,3.732371145061745,0.0,0,0,0,DIRECT_LOCAL,TURN_RIGHT,1,GOAL_OUTSIDE_FOV,1,18,0.0,16.0,2.0,0.0,16.0,2.0,1,
468,15.633333,0.033333,-1.6638877391815186,16.294883728027344,2.447634220123291,2.5185560227026955,-0.6017445921897888,0.932905353153603,0.2673989226856589,-0.026957467443989993,0.970845655522593,-6.641093529179642,16.653342489140556,2.447737693786621,0.5289216328392602,-0.8486706701157115,0.0,1.0,0.9194663763046265,0.15766900777816772,0.04467076063156128,-1.4331899881362915,macro_turn_right,SAFE_HOLD,NONE,0,0,,1,1,TURN_RIGHT,12,0.5289216328392603,-0.8486706701157115,0.0,1.0,3.3764686124182575,3.702983032288692,0.0,0,0,0,DIRECT_LOCAL,TURN_RIGHT,1,GOAL_OUTSIDE_FOV,1,18,0.0,16.0,2.0,0.0,16.0,2.0,1,
469,15.666667,0.033333,-1.6749874353408813,16.2646484375,2.447476863861084,2.497352560582688,-0.6967403888702393,0.9089824960417773,0.31014751101614213,-0.039553662446381296,0.9612518654924784,-6.653098023846695,16.623183492558525,2.447634220123291,0.5467961472690052,-0.8372657722203699,0.0,1.0,0.8879148960113525,0.15788275003433228,0.04085801914334297,-1.4412477016448975,macro_turn_right,SAFE_HOLD,NONE,0,0,,0,1,TURN_RIGHT,12,0.5289216328392602,-0.8486706701157115,0.0,1.0,3.3449125583969557,3.673504929804872,0.0,0,0,0,DIRECT_LOCAL,TURN_RIGHT,1,GOAL_OUTSIDE_FOV,1,18,0.0,16.0,2.0,0.0,16.0,2.0,1,
470,15.7,0.033333,-1.6852515935897827,16.234519958496094,2.4473001956939697,2.473524847696959,-0.7782595753669739,0.8802954254475747,0.34781205207196264,-0.04992049802363553,0.9478319026881104,-6.664197720006058,16.59294820203118,2.447476863861084,0.5665891708190124,-0.8240004317417703,0.0,1.0,0.8509511351585388,0.15229246020317078,0.03706759214401245,-1.4480865001678467,macro_turn_right,SAFE_HOLD,NONE,0,0,,0,1,TURN_RIGHT,12,0.5289216328392602,-0.8486706701157115,0.0,1.0,3.3147426198946577,3.644116839879325,0.0,0,0,0,DIRECT_LOCAL,TURN_RIGHT,1,GOAL_OUTSIDE_FOV,1,18,0.0,16.0,2.0,0.0,16.0,2.0,1,
471,15.733333,0.033333,-1.69480299949646,16.204694747924805,2.447136402130127,2.4476849243367496,-0.8428215384483337,0.8480133453496824,0.37806127930310773,-0.06041490460433357,0.9304337297722025,-6.674461878254959,16.562819723027275,2.4473001956939697,0.5876897637062221,-0.8090863622845988,0.0,1.0,0.8097816705703735,0.14540676772594452,0.03372390195727348,-1.4529176950454712,macro_turn_right,SAFE_HOLD,NONE,0,0,,0,1,TURN_RIGHT,12,0.5289216328392602,-0.8486706701157115,0.0,1.0,3.188778669565303,3.6150168127468416,0.0,0,0,0,DIRECT_LOCAL,TURN_RIGHT,1,GOAL_OUTSIDE_FOV,1,18,0.0,16.0,2.0,0.0,16.0,2.0,1,
472,15.766667,0.033333,-1.7038037776947021,16.175390243530273,2.4470179080963135,2.420409155515847,-0.8900904655456543,0.8126665136551396,0.3990706626684441,-0.07181841295582275,0.9082082033644727,-6.684013284161637,16.532994512455986,2.447136402130127,0.6095368825047948,-0.7927577113256837,0.0,1.0,0.7644515633583069,0.13857832551002502,0.030894486233592033,-1.4562443494796753,macro_turn_right,SAFE_HOLD,NONE,0,0,,0,1,TURN_RIGHT,12,0.5289216328392602,-0.8486706701157115,0.0,1.0,3.155177595865078,3.5864281220521828,0.0,0,0,0,DIRECT_LOCAL,TURN_RIGHT,1,GOAL_OUTSIDE_FOV,1,18,0.0,16.0,2.0,0.0,16.0,2.0,1,
473,15.8,0.033333,-1.7124221324920654,16.14683723449707,2.446974992752075,2.392122746100768,-0.9214151501655579,0.7743431588527097,0.4101178576072936,-0.08329875233876674,0.8801946755869318,-6.693014062359879,16.503690008061454,2.4470179080963135,0.6317143261010597,-0.7752012707669436,0.0,1.0,0.7151734828948975,0.13392260670661926,0.028617270290851593,-1.4581637382507324,macro_turn_right,SAFE_HOLD,NONE,0,0,,0,1,TURN_RIGHT,12,0.5289216328392602,-0.8486706701157115,0.0,1.0,3.1257316368027337,3.5585895010546786,0.0,0,0,0,DIRECT_LOCAL,TURN_RIGHT,1,GOAL_OUTSIDE_FOV,1,18,0.0,16.0,2.0,0.0,16.0,2.0,1,
474,15.833333,0.033333,-1.7207982540130615,16.119298934936523,2.4470267295837402,2.363111120711369,-0.939055860042572,0.7329617875934379,0.41172764840677356,-0.09319550084237334,0.8458357050349675,-6.701632417157242,16.47513699902825,2.446974992752075,0.6539351900030188,-0.7565505715256023,0.0,1.0,0.6623589992523193,0.13206569850444794,0.026849541813135147,-1.4587587118148804,macro_turn_right,SAFE_HOLD,NONE,0,0,,1,1,TURN_RIGHT,12,0.6539351900030188,-0.7565505715256023,0.0,1.0,3.0970652161512358,3.5317714403324643,0.0,0,0,0,DIRECT_LOCAL,TURN_RIGHT,1,GOAL_OUTSIDE_FOV,1,18,0.0,16.0,2.0,0.0,16.0,2.0,1,
475,15.866667,0.033333,-1.7290191650390625,16.09302520751953,2.4471795558929443,2.3335447295408644,-0.9457460045814514,0.6884874928271117,0.4053843410014346,-0.09999945710514727,0.8052026969216226,-6.710008538678238,16.447598699467704,2.4470267295837402,0.6760145963761025,-0.7368882313393634,0.0,1.0,0.6055159568786621,0.13331106305122375,0.02562134526669979,-1.4579391479492188,macro_turn_right,SAFE_HOLD,NONE,0,0,,0,1,TURN_RIGHT,12,0.6539351900030188,-0.7565505715256023,0.0,1.0,3.069437846572424,3.5062280696952652,0.0,0,0,0,DIRECT_LOCAL,TURN_RIGHT,1,GOAL_OUTSIDE_FOV,1,18,0.0,16.0,2.0,0.0,16.0,2.0,1,
476,15.9,0.033333,-1.7371057271957397,16.06822967529297,2.4474291801452637,2.303516179416228,-0.9442510008811951,0.6409934298124115,0.393014648557694,-0.10296246503536093,0.7589033932258864,-6.718229449704239,16.421324972050712,2.4471795558929443,0.6978341932926607,-0.7162593375807268,0.0,1.0,0.5443392992019653,0.1374872624874115,0.02504793182015419,-1.455202579498291,macro_turn_right,SAFE_HOLD,NONE,0,0,,0,1,TURN_RIGHT,12,0.6539351900030188,-0.7565505715256023,0.0,1.0,3.0430975352484086,3.4821725786941564,0.0,0,0,0,DIRECT_LOCAL,TURN_RIGHT,1,GOAL_OUTSIDE_FOV,1,18,0.0,16.0,2.0,0.0,16.0,2.0,1,
477,15.933333,0.033333,-1.7450131177902222,16.045089721679688,2.4477641582489014,2.273091477886396,-0.9370749592781067,0.5906132391172114,0.37651315272920705,-0.10205569097978927,0.7078146059950822,-6.726316011860916,16.39652943982415,2.4474291801452637,0.7192998534639271,-0.6946997342786111,0.0,1.0,0.48170244693756104,0.1443137526512146,0.025351615622639656,-1.4488846063613892,macro_turn_right,SAFE_HOLD,NONE,0,0,,0,1,TURN_RIGHT,12,0.6539351900030188,-0.7565505715256023,0.0,1.0,3.0182572181791008,3.4597764603344827,0.0,0,0,0,DIRECT_LOCAL,TURN_RIGHT,1,GOAL_OUTSIDE_FOV,1,18,0.0,16.0,2.0,0.0,16.0,2.0,1,
478,15.966667,0.033333,-1.752642273902893,16.02372932434082,2.448176383972168,2.2423498668053488,-0.9265723824501038,0.5375672552997403,0.3574451332587518,-0.0975563400077008,0.6528880583504043,-6.734223402455399,16.37338948621087,2.4477641582489014,0.7403128197137415,-0.6722625446709711,0.0,1.0,0.4202544689178467,0.1516958326101303,0.026682518422603607,-1.436327576637268,macro_turn_right,SAFE_HOLD,NONE,0,0,,0,1,TURN_RIGHT,12,0.6539351900030188,-0.7565505715256023,0.0,1.0,2.9950938733043873,3.4391526647186335,0.0,0,0,0,DIRECT_LOCAL,TURN_RIGHT,1,GOAL_OUTSIDE_FOV,1,18,0.0,16.0,2.0,0.0,16.0,2.0,1,
479,16.0,0.033333,-1.7598572969436646,16.00421905517578,2.448657274246216,2.2113989506584426,-0.9146436452865601,0.4822699090448775,0.33687282436751154,-0.0899617062094936,0.59511400046682,-6.74185255856807,16.352029088872,2.448176383972168,0.7607620730204627,-0.649030868490558,0.0,1.0,0.364432156085968,0.15547683835029602,0.028780128806829453,-1.4144428968429565,macro_turn_right,SAFE_HOLD,NONE,0,0,,0,1,TURN_RIGHT,12,0.6539351900030188,-0.7565505715256023,0.0,1.0,2.973730498222037,3.420356640398514,0.0,0,0,0,DIRECT_LOCAL,TURN_RIGHT,1,GOAL_OUTSIDE_FOV,1,18,0.0,16.0,2.0,0.0,16.0,2.0,1,
480,16.033333,0.033333,-1.766508936882019,15.986591339111328,2.4491848945617676,2.1804078988013376,-0.9024352431297302,0.4254427389958604,0.31514152986278393,-0.08111995877513442,0.5356268810657615,-6.456172813744944,17.72020873074249,2.448657274246216,0.5735764363510463,-0.8191520442889917,0.0,1.0,0.3125568628311157,0.13425521552562714,0.028769448399543762,-1.424781084060669,macro_turn_right,SAFE_HOLD,NONE,0,0,,1,1,TURN_RIGHT,12,0.5735764363510462,-0.8191520442889919,0.0,1.0,2.9542355004749905,3.403403465289483,0.0,0,0,0,DIRECT_LOCAL,TURN_RIGHT,1,GOAL_OUTSIDE_FOV,1,18,0.0,16.0,2.0,0.0,16.0,2.0,1,
481,16.066667,0.033333,-1.7724701166152954,15.970840454101562,2.449697732925415,2.149725192975839,-0.8915667533874512,0.36799628643710924,0.2914273064681556,-0.0737114764136551,0.47516788984722874,-6.462824453683298,17.702581014678035,2.4491848945617676,0.5984363247222335,-0.8011703721761966,0.0,1.0,0.25574183464050293,0.10915645211935043,0.026059532538056374,-1.4413154125213623,macro_turn_right,SAFE_HOLD,NONE,0,0,,0,1,TURN_RIGHT,12,0.5735764363510463,-0.8191520442889917,0.0,1.0,2.936637743736982,3.3882712921391036,0.0,0,0,0,DIRECT_LOCAL,TURN_RIGHT,1,GOAL_OUTSIDE_FOV,1,18,0.0,16.0,2.0,0.0,16.0,2.0,1,
482,16.1,0.033333,-1.7776623964309692,15.95697021484375,2.4501101970672607,2.119899856441622,-0.8833796977996826,0.3106914647469357,0.2642425031640281,-0.06871002512013943,0.4136113565861048,-6.468785633416575,17.68683012966827,2.449697732925415,0.6220618081942237,-0.7829681390619498,0.0,1.0,0.20158272981643677,0.08628271520137787,0.022500287741422653,-1.4521187543869019,macro_turn_right,SAFE_HOLD,NONE,0,0,,0,1,TURN_RIGHT,12,0.5735764363510463,-0.8191520442889917,0.0,1.0,2.9209268844763856,3.3749518445936646,0.0,0,0,0,DIRECT_LOCAL,TURN_RIGHT,1,GOAL_OUTSIDE_FOV,1,18,0.0,16.0,2.0,0.0,16.0,2.0,1,
483,16.133333,0.033333,-1.7820533514022827,15.945013999938965,2.4503438472747803,2.091042082767813,-0.8785670399665833,0.25411338111554715,0.23246545203318614,-0.06509665209406501,0.35050159909025325,-6.473977913232249,17.672959890410457,2.4501101970672607,0.6443943900638299,-0.764693317647189,0.0,1.0,0.15281397104263306,0.0674087256193161,0.019120939075946808,-1.457698106765747,macro_turn_right,SAFE_HOLD,NONE,0,0,,0,1,TURN_RIGHT,12,0.5735764363510463,-0.8191520442889917,0.0,1.0,2.9071018279663026,3.3634707294279527,0.0,0,0,0,DIRECT_LOCAL,TURN_RIGHT,1,GOAL_OUTSIDE_FOV,1,18,0.0,16.0,2.0,0.0,16.0,2.0,1,
484,16.166667,0.033333,-1.7856372594833374,15.935029029846191,2.4503393173217773,2.062706980066794,-0.877234160900116,0.1988841940664104,0.19601969380713777,-0.06140314421365677,0.2859178013503404,-6.478368868203562,17.661003675505672,2.4503438472747803,0.6658004867084661,-0.7461298224161593,0.0,1.0,0.1089419275522232,0.051704201847314835,0.01613679900765419,-1.460085391998291,macro_turn_right,SAFE_HOLD,NONE,0,0,,0,1,TURN_RIGHT,12,0.5735764363510463,-0.8191520442889917,0.0,1.0,2.895191440505916,3.3538803170599483,0.0,0,0,0,DIRECT_LOCAL,TURN_RIGHT,1,GOAL_OUTSIDE_FOV,1,18,0.0,16.0,2.0,0.0,16.0,2.0,1,
485,16.2,0.033333,-1.788417100906372,15.927057266235352,2.450057029724121,2.034209936031072,-0.8786001205444336,0.1457640887670302,0.1559263610440146,-0.056943135922291055,0.2209133775287853,-6.481952776284617,17.6510187054129,2.4503393173217773,0.6867897795772178,-0.726856105889107,0.0,1.0,0.07058817148208618,0.038114745169878006,0.013526590541005135,-1.4606653451919556,macro_turn_right,SAFE_HOLD,NONE,0,0,,0,1,TURN_RIGHT,12,0.5735764363510463,-0.8191520442889917,0.0,1.0,2.885249125694129,3.346219281358853,0.0,0,0,0,DIRECT_LOCAL,TURN_RIGHT,1,GOAL_OUTSIDE_FOV,1,18,0.0,16.0,2.0,0.0,16.0,2.0,1,
486,16.233333,0.033333,-1.7903944253921509,15.921107292175293,2.449476480484009,2.004992642075869,-0.8817994594573975,0.09563214585422702,0.11387063430119246,-0.051986816491751145,0.15752668905867048,-6.113194251526412,18.43630069752591,2.450057029724121,0.5735764363510462,-0.8191520442889917,0.0,1.0,0.04139014333486557,0.023749984800815582,0.011349808424711227,-1.4646004438400269,macro_turn_right,SAFE_HOLD,NONE,0,0,,1,1,TURN_RIGHT,12,0.5735764363510463,-0.8191520442889919,0.0,1.0,2.8773137449433075,3.3404936498017004,0.0,0,0,0,DIRECT_LOCAL,TURN_RIGHT,1,GOAL_OUTSIDE_FOV,1,18,0.0,16.0,2.0,0.0,16.0,2.0,1,
487,16.266667,0.033333,-1.7915743589401245,15.917119026184082,2.448598623275757,1.974830236140421,-0.8869448304176331,0.04948260268624626,0.07162161279105518,-0.04744452884705201,0.09914215402600195,-6.115171576012191,18.43035072346585,2.449476480484009,0.5980193948825482,-0.8014816300728986,0.0,1.0,0.017461232841014862,0.014222594909369946,0.009065894410014153,-1.4681837558746338,macro_turn_right,SAFE_HOLD,NONE,0,0,,0,1,TURN_RIGHT,12,0.5735764363510462,-0.8191520442889917,0.0,1.0,2.871391438446681,3.336642216899156,0.0,0,0,0,DIRECT_LOCAL,TURN_RIGHT,1,GOAL_OUTSIDE_FOV,1,18,0.0,16.0,2.0,0.0,16.0,2.0,1,
488,16.3,0.033333,-1.791974425315857,15.914973258972168,2.4474384784698486,1.943810550952572,-0.8939833641052246,0.008286807218783814,0.0307638424027975,-0.044155033685864736,0.054449537859060836,-6.116351509560165,18.42636245747464,2.448598623275757,0.6225894255460026,-0.7825486612334716,0.0,1.0,-0.0009171664132736623,0.009680132381618023,0.006782761309295893,-1.4704561233520508,macro_turn_right,SAFE_HOLD,NONE,0,0,,0,1,TURN_RIGHT,12,0.5735764363510462,-0.8191520442889917,0.0,1.0,2.867420432658601,3.3345469330748685,0.0,0,0,0,DIRECT_LOCAL,TURN_RIGHT,1,GOAL_OUTSIDE_FOV,1,18,0.0,16.0,2.0,0.0,16.0,2.0,1,
489,16.333333,0.033333,-1.791630744934082,15.914506912231445,2.4460289478302,1.9121337952752162,-0.9023592472076416,-0.027201180662874164,-0.007341050206539749,-0.04249728229502556,0.05098837367530317,-6.116751575935897,18.424216690262725,2.4474384784698486,0.6470615507089781,-0.7624377676860535,0.0,1.0,-0.014250943437218666,0.008330910466611385,0.004551077261567116,-1.4716169834136963,macro_turn_right,TURNING,NONE,0,0,,0,1,TURN_RIGHT,12,0.5735764363510462,-0.8191520442889917,0.0,1.0,inf,3.3340486786878207,0.0,0,0,0,TURN_TO_TARGET,TURN_RIGHT,1,GOAL_OUTSIDE_FOV,1,18,0.0,16.0,2.0,0.0,16.0,2.0,1,
490,16.366667,0.033333,-1.790598750114441,15.915509223937988,2.444417715072632,1.8800218075808177,-0.9115427136421204,-0.05656137668923048,-0.04160972266822136,-0.042392939084957976,0.08202267758228986,-6.116407895554122,18.423750343522002,2.4460289478302,0.6712071456253618,-0.7412698345821542,0.0,1.0,-0.023391906172037125,0.008309499360620975,0.002503165975213051,-1.4719560146331787,macro_turn_right,TURNING,NONE,0,0,,0,1,TURN_RIGHT,12,0.5735764363510462,-0.8191520442889917,0.0,1.0,inf,3.334943438771951,0.0,0,0,0,TURN_TO_TARGET,TURN_RIGHT,1,GOAL_OUTSIDE_FOV,1,18,0.0,16.0,2.0,0.0,16.0,2.0,1,
491,16.4,0.033333,-1.7889494895935059,15.917759895324707,2.4426615238189697,1.8476864698560165,-0.9210588335990906,-0.07974588372163262,-0.071323431283948,-0.04338680177799247,0.11545064915011531,-6.115375900734481,18.424752655228545,2.444417715072632,0.6948213115403463,-0.7191824142937262,0.0,1.0,-0.029032768681645393,0.008203450590372086,0.0007967650890350342,-1.471694827079773,macro_turn_right,SAFE_HOLD,NONE,0,0,,0,1,TURN_RIGHT,12,0.5735764363510462,-0.8191520442889917,0.0,1.0,2.865796812578404,3.3370197234544947,0.0,0,0,0,DIRECT_LOCAL,TURN_RIGHT,1,GOAL_OUTSIDE_FOV,1,18,0.0,16.0,2.0,0.0,16.0,2.0,1,
492,16.433333,0.033333,-1.7867640256881714,15.92102336883545,2.4408226013183594,1.8152954427330952,-0.9304946660995483,-0.09702753025925097,-0.0961856262648064,-0.0447418818561396,0.1437631813789318,-5.562999299450759,19.197477571088346,2.4426615238189697,0.573576436351046,-0.8191520442889919,0.0,1.0,-0.029569771140813828,0.007125483360141516,-0.00013968907296657562,-1.4723494052886963,macro_turn_right,SAFE_HOLD,NONE,0,0,,1,1,TURN_RIGHT,12,0.5735764363510463,-0.8191520442889919,0.0,1.0,2.8680243862234445,3.3400521152035814,0.0,0,0,0,DIRECT_LOCAL,TURN_RIGHT,1,GOAL_OUTSIDE_FOV,1,18,0.0,16.0,2.0,0.0,16.0,2.0,1,
493,16.466667,0.033333,-1.7841309309005737,15.925070762634277,2.4389615058898926,1.78294518349889,-0.9395796060562134,-0.10883779611457384,-0.11629249744807943,-0.04598911232853274,0.16578482825203128,-5.560813835545424,19.200741044599088,2.4408226013183594,0.5997714864421008,-0.8001713341847688,0.0,1.0,-0.02749520353972912,0.00675553223118186,-0.0010038212640210986,-1.4729816913604736,macro_turn_right,SAFE_HOLD,NONE,0,0,,0,1,TURN_RIGHT,12,0.573576436351046,-0.8191520442889919,0.0,1.0,2.871258744520258,3.3438226460834883,0.0,0,0,0,DIRECT_LOCAL,TURN_RIGHT,1,GOAL_OUTSIDE_FOV,1,18,0.0,16.0,2.0,0.0,16.0,2.0,1,
494,16.5,0.033333,-1.7811447381973267,15.929698944091797,2.437126636505127,1.750659676798218,-0.9479556679725647,-0.11565597238895992,-0.1319617775722797,-0.046909735138106395,0.18163352647570044,-5.558180740757827,19.204788438397916,2.4389615058898926,0.6252883756942142,-0.780393777026503,0.0,1.0,-0.02395489439368248,0.006685455329716206,-0.0016901849303394556,-1.4731312990188599,macro_turn_right,SAFE_HOLD,NONE,0,0,,0,1,TURN_RIGHT,12,0.573576436351046,-0.8191520442889919,0.0,1.0,2.8752733453705894,3.3481394482276956,0.0,0,0,0,DIRECT_LOCAL,TURN_RIGHT,1,GOAL_OUTSIDE_FOV,1,18,0.0,16.0,2.0,0.0,16.0,2.0,1,
495,16.533333,0.033333,-1.7779041528701782,15.934725761413574,2.4353532791137695,1.7184149095430732,-0.9552645683288574,-0.11800733450624236,-0.1435602297084484,-0.04731662148789804,0.19176582912562828,-5.55519454805458,19.209416619855435,2.437126636505127,0.6501225952691407,-0.759829330258129,0.0,1.0,-0.01979834958910942,0.006085575558245182,-0.002150183543562889,-1.4727736711502075,macro_turn_right,SAFE_HOLD,NONE,0,0,,0,1,TURN_RIGHT,12,0.573576436351046,-0.8191520442889919,0.0,1.0,2.8798673586331693,3.3528316895977444,0.0,0,0,0,DIRECT_LOCAL,TURN_RIGHT,1,GOAL_OUTSIDE_FOV,1,18,0.0,16.0,2.0,0.0,16.0,2.0,1,
496,16.566667,0.033333,-1.7745082378387451,15.939990043640137,2.4336678981781006,1.686177353997412,-0.9613378643989563,-0.11648523873841822,-0.1514404701837151,-0.0470841022504005,0.196773828387154,-5.551953962727431,19.214443437177213,2.4353532791137695,0.6742755989991814,-0.7384798010740004,0.0,1.0,-0.015401608310639858,0.004362371284514666,-0.0023798171896487474,-1.4719886779785156,macro_turn_right,SAFE_HOLD,NONE,0,0,,0,1,TURN_RIGHT,12,0.573576436351046,-0.8191520442889919,0.0,1.0,2.8848607176622103,3.357749103239427,0.0,0,0,0,DIRECT_LOCAL,TURN_RIGHT,1,GOAL_OUTSIDE_FOV,1,18,0.0,16.0,2.0,0.0,16.0,2.0,1,
497,16.6,0.033333,-1.771050214767456,15.945359230041504,2.4320878982543945,1.6539232055329898,-0.966168224811554,-0.11174906317017894,-0.15596316193281734,-0.0461484097639203,0.1973373677822666,-5.548558047695998,19.219707719403775,2.4336678981781006,0.697739802219527,-0.7163512884044079,0.0,1.0,-0.010740467347204685,0.0012239160714671016,-0.0023977940436452627,-1.4708235263824463,macro_turn_right,SAFE_HOLD,NONE,0,0,,0,1,TURN_RIGHT,12,0.573576436351046,-0.8191520442889919,0.0,1.0,2.890093961458879,3.3627689455673115,0.0,0,0,0,DIRECT_LOCAL,TURN_RIGHT,1,GOAL_OUTSIDE_FOV,1,18,0.0,16.0,2.0,0.0,16.0,2.0,1,
498,16.633333,0.033333,-1.7676149606704712,15.95072078704834,2.4306247234344482,1.6216369868257734,-0.9698299765586853,-0.10447878229787502,-0.15753778456725784,-0.04441280424007067,0.1941815302681317,-4.843368242549156,19.890085067937918,2.4320878982543945,0.5735764363510463,-0.8191520442889917,0.0,1.0,-0.00514007406309247,-0.0024745790287852287,-0.0018976600840687752,-1.470473289489746,macro_turn_right,SAFE_HOLD,NONE,0,0,,1,1,TURN_RIGHT,12,0.5735764363510463,-0.8191520442889917,0.0,1.0,2.895435750025941,3.3677872292405757,0.0,0,0,0,DIRECT_LOCAL,TURN_RIGHT,1,GOAL_OUTSIDE_FOV,1,18,0.0,16.0,2.0,0.0,16.0,2.0,1,
499,16.666667,0.033333,-1.7642762660980225,15.955986976623535,2.4292867183685303,1.5893080410489662,-0.9724489450454712,-0.0952953914183474,-0.15661178474033605,-0.042044681627182376,0.1880856666475692,-4.839932988452171,19.895446624944753,2.4306247234344482,0.5997544318882332,-0.8001841172070481,0.0,1.0,0.0006749667227268219,-0.005503530148416758,-0.0015276739140972495,-1.4703500270843506,macro_turn_right,SAFE_HOLD,NONE,0,0,,0,1,TURN_RIGHT,12,0.5735764363510463,-0.8191520442889917,0.0,1.0,2.900774270992791,3.3727232671377116,0.0,0,0,0,DIRECT_LOCAL,TURN_RIGHT,1,GOAL_OUTSIDE_FOV,1,18,0.0,16.0,2.0,0.0,16.0,2.0,1,
500,16.7,0.033333,-1.7610962390899658,15.961091995239258,2.428071975708008,1.5569315715418013,-0.9741901159286499,-0.08471547249895468,-0.15360038909826093,-0.03932085021587253,0.17976629292934032,-4.836594293879722,19.90071281451995,2.4292867183685303,0.6253427280961315,-0.7803502242053165,0.0,1.0,0.0067520164884626865,-0.008214859291911125,-0.0011658713920041919,-1.4700229167938232,macro_turn_right,SAFE_HOLD,NONE,0,0,,0,1,TURN_RIGHT,12,0.5735764363510463,-0.8191520442889917,0.0,1.0,2.9060220439768334,3.377516849572537,0.0,0,0,0,DIRECT_LOCAL,TURN_RIGHT,1,GOAL_OUTSIDE_FOV,1,18,0.0,16.0,2.0,0.0,16.0,2.0,1,
501,16.733333,0.033333,-1.7581270933151245,15.965987205505371,2.426974296569824,1.5245111010640913,-0.9752336740493774,-0.07315148644428027,-0.14884721323422073,-0.03640440173677399,0.1697996269796072,-4.8334142668716655,19.90581783313567,2.428071975708008,0.6503090017794698,-0.7596697981390269,0.0,1.0,0.012950333766639233,-0.011155088432133198,-0.0007864739745855331,-1.4693784713745117,macro_turn_right,SAFE_HOLD,NONE,0,0,,0,1,TURN_RIGHT,12,0.5735764363510463,-0.8191520442889917,0.0,1.0,2.911113142986377,3.382123746093112,0.0,0,0,0,DIRECT_LOCAL,TURN_RIGHT,1,GOAL_OUTSIDE_FOV,1,18,0.0,16.0,2.0,0.0,16.0,2.0,1,
502,16.766667,0.033333,-1.7554123401641846,15.970641136169434,2.4259860515594482,1.4920552394117224,-0.9757496118545532,-0.06093035815375216,-0.14264794953782553,-0.03339566400153671,0.1586701497642013,-4.830445121096824,19.910713043401785,2.426974296569824,0.6746179290778105,-0.7381670879731543,0.0,1.0,0.019244655966758728,-0.014719117432832718,-0.00039382604882121086,-1.4684014320373535,macro_turn_right,SAFE_HOLD,NONE,0,0,,0,1,TURN_RIGHT,12,0.5735764363510463,-0.8191520442889917,0.0,1.0,2.9159985309181433,3.3865158928294607,0.0,0,0,0,DIRECT_LOCAL,TURN_RIGHT,1,GOAL_OUTSIDE_FOV,1,18,0.0,16.0,2.0,0.0,16.0,2.0,1,
503,16.8,0.033333,-1.7529882192611694,15.975031852722168,2.425098180770874,1.4595729684501664,-0.9758766293525696,-0.048315161980176664,-0.13530039758856935,-0.03035146536880566,0.14683924514525898,-4.827730367945884,19.915366974065847,2.4259860515594482,0.6982351935607758,-0.7158684337733758,0.0,1.0,0.025784725323319435,-0.019173793494701385,8.419156074523926e-06,-1.467079520225525,macro_turn_right,SAFE_HOLD,NONE,0,0,,0,1,TURN_RIGHT,12,0.5735764363510463,-0.8191520442889917,0.0,1.0,2.9206461510616326,3.3906739923342526,0.0,0,0,0,DIRECT_LOCAL,TURN_RIGHT,1,GOAL_OUTSIDE_FOV,1,18,0.0,16.0,2.0,0.0,16.0,2.0,1,
504,16.833333,0.033333,-1.7508838176727295,15.979151725769043,2.4243030548095703,1.4270686978864724,-0.9757086038589478,-0.035521235571959894,-0.12713596344675332,-0.02719038469065601,0.1347762159942129,-4.004650303097185,20.439336710168092,2.425098180770874,0.5735764363510458,-0.8191520442889919,0.0,1.0,0.031235381960868835,-0.022711362689733505,0.0008107977919280529,-1.4668152332305908,macro_turn_right,SAFE_HOLD,NONE,0,0,,1,1,TURN_RIGHT,12,0.573576436351046,-0.8191520442889919,0.0,1.0,2.9250333791076004,3.394592333417184,0.0,0,0,0,DIRECT_LOCAL,TURN_RIGHT,1,GOAL_OUTSIDE_FOV,1,18,0.0,16.0,2.0,0.0,16.0,2.0,1,
505,16.866667,0.033333,-1.7491214275360107,15.983004570007324,2.4235968589782715,1.394545095805675,-0.9753916263580322,-0.0227580362403671,-0.11846984776123844,-0.024047498711875625,0.12300941116998541,-4.0025459015087455,20.443456583214967,2.4243030548095703,0.5999101814073451,-0.8000673560668541,0.0,1.0,0.035782378166913986,-0.024785643443465233,0.0013246083399280906,-1.466914176940918,macro_turn_right,SAFE_HOLD,NONE,0,0,,0,1,TURN_RIGHT,12,0.5735764363510458,-0.8191520442889919,0.0,1.0,2.9291518591069052,3.3982760254719797,0.0,0,0,0,DIRECT_LOCAL,TURN_RIGHT,1,GOAL_OUTSIDE_FOV,1,18,0.0,16.0,2.0,0.0,16.0,2.0,1,
506,16.9,0.033333,-1.747714638710022,15.986602783203125,2.4229705333709717,1.3620087288853808,-0.9750902652740479,-0.010259168478608742,-0.10952294219468794,-0.02113039427792155,0.11201347672130282,-4.000783511372027,20.44730942745325,2.4235968589782715,0.6256193648575838,-0.7801284575729777,0.0,1.0,0.04022935405373573,-0.026256173849105835,0.0017119522672146559,-1.466835856437683,macro_turn_right,SAFE_HOLD,NONE,0,0,,0,1,TURN_RIGHT,12,0.5735764363510458,-0.8191520442889919,0.0,1.0,2.933004701594155,3.4017380250356397,0.0,0,0,0,DIRECT_LOCAL,TURN_RIGHT,1,GOAL_OUTSIDE_FOV,1,18,0.0,16.0,2.0,0.0,16.0,2.0,1,
507,16.933333,0.033333,-1.7466667890548706,15.989965438842773,2.4224138259887695,1.3294674323403792,-0.9748812317848206,0.0017457236785392947,-0.1004177933121029,-0.018500612402259704,0.1021227370573893,-3.999376722546038,20.45090764064905,2.4229705333709717,0.6506700599503863,-0.7593605685602595,0.0,1.0,0.04472401365637779,-0.027887068688869476,0.0020186365582048893,-1.4664061069488525,macro_turn_right,SAFE_HOLD,NONE,0,0,,0,1,TURN_RIGHT,12,0.5735764363510458,-0.8191520442889919,0.0,1.0,2.9366036724748135,3.4049971368021503,0.0,0,0,0,DIRECT_LOCAL,TURN_RIGHT,1,GOAL_OUTSIDE_FOV,1,18,0.0,16.0,2.0,0.0,16.0,2.0,1,
508,16.966667,0.033333,-1.7459739446640015,15.993108749389648,2.4219186305999756,1.2969269591619716,-0.9747584462165833,0.013080460826330242,-0.0912451883188479,-0.016156292619675668,0.09358316428708618,-3.9983288728908866,20.454270296288698,2.4224138259887695,0.6750311904343244,-0.7377891920737378,0.0,1.0,0.04925181716680527,-0.030132945626974106,0.002255634870380163,-1.4655835628509521,macro_turn_right,SAFE_HOLD,NONE,0,0,,0,1,TURN_RIGHT,12,0.5735764363510458,-0.8191520442889919,0.0,1.0,2.9399673283703653,3.4080687936758935,0.0,0,0,0,DIRECT_LOCAL,TURN_RIGHT,1,GOAL_OUTSIDE_FOV,1,18,0.0,16.0,2.0,0.0,16.0,2.0,1,
509,17.0,0.033333,-1.7456250190734863,15.996052742004395,2.4214768409729004,1.2643863683162595,-0.9746741652488708,0.023649847095963853,-0.08213812417033893,-0.014064668719958665,0.08662448623851499,-3.9976360285000174,20.457413606835573,2.4219186305999756,0.698677689528337,-0.7154365703228658,0.0,1.0,0.05389730632305145,-0.033271219581365585,0.002430730266496539,-1.4643363952636719,macro_turn_right,SAFE_HOLD,NONE,0,0,,0,1,TURN_RIGHT,12,0.5735764363510458,-0.8191520442889919,0.0,1.0,2.9431115031298876,3.41097172399537,0.0,0,0,0,DIRECT_LOCAL,TURN_RIGHT,1,GOAL_OUTSIDE_FOV,1,18,0.0,16.0,2.0,0.0,16.0,2.0,1,
510,17.033333,0.033333,-1.7456060647964478,15.998822212219238,2.4210832118988037,1.2318422454261693,-0.9745624661445618,0.03343409657336151,-0.07330172869500848,-0.01205536107924477,0.08146357452324605,-3.0884893479592597,20.81234959687185,2.4214768409729004,0.5735764363510462,-0.8191520442889917,0.0,1.0,0.056048616766929626,-0.034926239401102066,0.003002086654305458,-1.4643161296844482,macro_turn_right,SAFE_HOLD,NONE,0,0,,1,1,TURN_RIGHT,12,0.573576436351046,-0.8191520442889917,0.0,1.0,2.9460559904947012,3.41372926802021,0.0,0,0,0,DIRECT_LOCAL,TURN_RIGHT,1,GOAL_OUTSIDE_FOV,1,18,0.0,16.0,2.0,0.0,16.0,2.0,1,
511,17.066667,0.033333,-1.745897650718689,16.001436233520508,2.4207370281219482,1.1992929994236554,-0.9744724035263062,0.042401081755876986,-0.06493474758117981,-0.010207933925077226,0.07822132121435207,-3.088470393682221,20.815119067086695,2.4210832118988037,0.5999306980747366,-0.80005197175406,0.0,1.0,0.05668015033006668,-0.034931305795907974,0.0032344278879463673,-1.464714527130127,macro_turn_right,SAFE_HOLD,NONE,0,0,,0,1,TURN_RIGHT,12,0.5735764363510462,-0.8191520442889917,0.0,1.0,2.948825485840783,3.4163586886262407,0.0,0,0,0,DIRECT_LOCAL,TURN_RIGHT,1,GOAL_OUTSIDE_FOV,1,18,0.0,16.0,2.0,0.0,16.0,2.0,1,
512,17.1,0.033333,-1.746475338935852,16.00392723083496,2.42043399810791,1.1667434827540653,-0.9745022654533386,0.05043867845505274,-0.05712776239607468,-0.008680687962426794,0.07670069011538024,-3.0887619796044623,20.817733088387964,2.4207370281219482,0.6256496284335445,-0.7801041869141375,0.0,1.0,0.0571480467915535,-0.0344158411026001,0.0033136552665382624,-1.4648926258087158,macro_turn_right,SAFE_HOLD,NONE,0,0,,0,1,TURN_RIGHT,12,0.5735764363510462,-0.8191520442889917,0.0,1.0,2.951439084549661,3.418890198837539,0.0,0,0,0,DIRECT_LOCAL,TURN_RIGHT,1,GOAL_OUTSIDE_FOV,1,18,0.0,16.0,2.0,0.0,16.0,2.0,1,
513,17.133333,0.033333,-1.7473089694976807,16.00632095336914,2.4201672077178955,1.1341991683477806,-0.9746608138084412,0.05740493093924763,-0.049864092709790406,-0.007472553006903026,0.07640414181411462,-3.0893396678216254,20.820224085702417,2.42043399810791,0.6507018094105615,-0.7593333623842833,0.0,1.0,0.05782407149672508,-0.03424371778964996,0.0032982139382511377,-1.4646422863006592,macro_turn_right,SAFE_HOLD,NONE,0,0,,0,1,TURN_RIGHT,12,0.5735764363510462,-0.8191520442889917,0.0,1.0,2.953929333667939,3.4213469263044396,0.0,0,0,0,DIRECT_LOCAL,TURN_RIGHT,1,GOAL_OUTSIDE_FOV,1,18,0.0,16.0,2.0,0.0,16.0,2.0,1,
514,17.166667,0.033333,-1.7483632564544678,16.00863265991211,2.419930934906006,1.1016616639423542,-0.9748811721801758,0.06321723357355326,-0.043103645435074604,-0.006525435264248857,0.07679143295885107,-3.090173298383454,20.822617808236597,2.4201672077178955,0.6750598476930998,-0.7377629714431111,0.0,1.0,0.05871981382369995,-0.03487824648618698,0.0032060411758720875,-1.4639135599136353,macro_turn_right,SAFE_HOLD,NONE,0,0,,0,1,TURN_RIGHT,12,0.5735764363510462,-0.8191520442889917,0.0,1.0,2.956322178142055,3.423741139854997,0.0,0,0,0,DIRECT_LOCAL,TURN_RIGHT,1,GOAL_OUTSIDE_FOV,1,18,0.0,16.0,2.0,0.0,16.0,2.0,1,
515,17.2,0.033333,-1.7496023178100586,16.010873794555664,2.419720411300659,1.0691281915575157,-0.9750730991363525,0.06790189604392657,-0.036869055746591155,-0.005767219537442835,0.07748067874766276,-3.091227585340241,20.824929514779566,2.419930934906006,0.6987003859000203,-0.715414404903314,0.0,1.0,0.05984245240688324,-0.03656478971242905,0.003049076534807682,-1.4626853466033936,macro_turn_right,SAFE_HOLD,NONE,0,0,,0,1,TURN_RIGHT,12,0.5735764363510462,-0.8191520442889917,0.0,1.0,2.958633112643072,3.4260812679914348,0.0,0,0,0,DIRECT_LOCAL,TURN_RIGHT,1,GOAL_OUTSIDE_FOV,1,18,0.0,16.0,2.0,0.0,16.0,2.0,1,
516,17.233333,0.033333,-1.750990867614746,16.013057708740234,2.4195339679718018,1.0365970113689444,-0.9751505851745605,0.07158322338570125,-0.03127554515727821,-0.004994190464285469,0.07827681351182937,-2.132556528251766,20.996186831136715,2.419720411300659,0.5735764363510462,-0.8191520442889918,0.0,1.0,0.05823551118373871,-0.03669673949480057,0.003331550629809499,-1.462810754776001,macro_turn_right,SAFE_HOLD,NONE,0,0,,1,1,TURN_RIGHT,12,0.5735764363510462,-0.8191520442889918,0.0,1.0,2.960873821262496,3.428377683736763,0.0,0,0,0,DIRECT_LOCAL,TURN_RIGHT,1,GOAL_OUTSIDE_FOV,1,18,0.0,16.0,2.0,0.0,16.0,2.0,1,
517,17.266667,0.033333,-1.7524937391281128,16.015201568603516,2.4193732738494873,1.0040694638336136,-0.9751445651054382,0.0743678780198881,-0.02643988719849546,-0.0042753469586036446,0.07904383282626522,-2.1339450780564535,20.998370745321285,2.4195339679718018,0.5999133380320534,-0.8000649891422816,0.0,1.0,0.05527394264936447,-0.035253025591373444,0.0032802862115204334,-1.4633928537368774,macro_turn_right,SAFE_HOLD,NONE,0,0,,0,1,TURN_RIGHT,12,0.5735764363510462,-0.8191520442889918,0.0,1.0,2.963057874416825,3.430644548039513,0.0,0,0,0,DIRECT_LOCAL,TURN_RIGHT,1,GOAL_OUTSIDE_FOV,1,18,0.0,16.0,2.0,0.0,16.0,2.0,1,
518,17.3,0.033333,-1.7540762424468994,16.017314910888672,2.419235944747925,0.9715482122584331,-0.975152850151062,0.07625570407912313,-0.022366472740086935,-0.0037619217015726135,0.07955717165865446,-2.13544794956982,21.000514605184566,2.4193732738494873,0.6256106508690464,-0.7801354456241609,0.0,1.0,0.05249272659420967,-0.03346093371510506,0.003091856837272644,-1.463723063468933,macro_turn_right,SAFE_HOLD,NONE,0,0,,0,1,TURN_RIGHT,12,0.5735764363510462,-0.8191520442889918,0.0,1.0,2.965202617222571,3.432888428746048,0.0,0,0,0,DIRECT_LOCAL,TURN_RIGHT,1,GOAL_OUTSIDE_FOV,1,18,0.0,16.0,2.0,0.0,16.0,2.0,1,
519,17.333333,0.033333,-1.7557026147842407,16.019405364990234,2.4191160202026367,0.9390336581058287,-0.9752124547958374,0.07719511655435217,-0.018950166212402357,-0.003442135665306105,0.07956156809198815,-2.137030452888607,21.002627947469723,2.419235944747925,0.6506412703900188,-0.7593852364019612,0.0,1.0,0.05028289556503296,-0.032210271805524826,0.0028277060482650995,-1.4635714292526245,macro_turn_right,SAFE_HOLD,NONE,0,0,,0,1,TURN_RIGHT,12,0.5735764363510462,-0.8191520442889918,0.0,1.0,2.9673177106832913,3.435113856916137,0.0,0,0,0,DIRECT_LOCAL,TURN_RIGHT,1,GOAL_OUTSIDE_FOV,1,18,0.0,16.0,2.0,0.0,16.0,2.0,1,
520,17.366667,0.033333,-1.7573381662368774,16.0214786529541,2.4190096855163574,0.9065235683387028,-0.975290060043335,0.07718336149461089,-0.016068865462535834,-0.003258564733955808,0.0789056270045821,-2.138656825225948,21.004718401571285,2.4191160202026367,0.6749808010349996,-0.7378352920768633,0.0,1.0,0.048609890043735504,-0.03194821625947952,0.0025053848512470722,-1.4628866910934448,macro_turn_right,SAFE_HOLD,NONE,0,0,,0,1,TURN_RIGHT,12,0.5735764363510462,-0.8191520442889918,0.0,1.0,2.9694108407979116,3.4373235096057226,0.0,0,0,0,DIRECT_LOCAL,TURN_RIGHT,1,GOAL_OUTSIDE_FOV,1,18,0.0,16.0,2.0,0.0,16.0,2.0,1,
521,17.4,0.033333,-1.758952260017395,16.023529052734375,2.4189133644104004,0.8740156726202467,-0.9753217697143555,0.0763201479566765,-0.013675910674642053,-0.0031512423496556892,0.07759977993046144,-2.140292376678585,21.006791689535152,2.4190096855163574,0.6986054334385232,-0.7155071267081644,0.0,1.0,0.04744081199169159,-0.03290059044957161,0.0021403301507234573,-1.4616477489471436,macro_turn_right,SAFE_HOLD,NONE,0,0,,0,1,TURN_RIGHT,12,0.5735764363510462,-0.8191520442889918,0.0,1.0,2.9714877138641578,3.4395089755029846,0.0,0,0,0,DIRECT_LOCAL,TURN_RIGHT,1,GOAL_OUTSIDE_FOV,1,18,0.0,16.0,2.0,0.0,16.0,2.0,1,
522,17.433333,0.033333,-1.7605174779891968,16.025548934936523,2.418825626373291,0.841511767712542,-0.9752399921417236,0.07479508322929916,-0.01183129409195134,-0.002918423830798881,0.07578127204543486,-1.1682385274541351,20.988512163094487,2.4189133644104004,0.573576436351046,-0.8191520442889917,0.0,1.0,0.044201888144016266,-0.03246491774916649,0.00227928115054965,-1.4618644714355469,macro_turn_right,SAFE_HOLD,NONE,0,0,,1,1,TURN_RIGHT,12,0.5735764363510462,-0.8191520442889918,0.0,1.0,2.973542528771836,3.4416601885245455,0.0,0,0,0,DIRECT_LOCAL,TURN_RIGHT,1,GOAL_OUTSIDE_FOV,1,18,0.0,16.0,2.0,0.0,16.0,2.0,1,
523,17.466667,0.033333,-1.7620097398757935,16.027542114257812,2.4187498092651367,0.8090158071509032,-0.9750702381134033,0.07277805117061782,-0.010608656314061963,-0.00263291597698265,0.0735942971127845,-1.169803745425937,20.990532045296636,2.418825626373291,0.5998880661010159,-0.8000839381899769,0.0,1.0,0.04005720838904381,-0.030583281069993973,0.002107272855937481,-1.4625825881958008,macro_turn_right,SAFE_HOLD,NONE,0,0,,0,1,TURN_RIGHT,12,0.573576436351046,-0.8191520442889917,0.0,1.0,2.975567522598862,3.443778744427695,0.0,0,0,0,DIRECT_LOCAL,TURN_RIGHT,1,GOAL_OUTSIDE_FOV,1,18,0.0,16.0,2.0,0.0,16.0,2.0,1,
524,17.5,0.033333,-1.763407588005066,16.029508590698242,2.4186835289001465,0.7765277096947941,-0.9749093055725098,0.07033198165953689,-0.009975650386259255,-0.0024576809400599768,0.07107841754280579,-1.1712960073125336,20.992525224617925,2.4187498092651367,0.6255601427367334,-0.7801759467063807,0.0,1.0,0.036489177495241165,-0.028500229120254517,0.0018178180325776339,-1.4630186557769775,macro_turn_right,SAFE_HOLD,NONE,0,0,,0,1,TURN_RIGHT,12,0.573576436351046,-0.8191520442889917,0.0,1.0,2.9775663344467684,3.445862646893811,0.0,0,0,0,DIRECT_LOCAL,TURN_RIGHT,1,GOAL_OUTSIDE_FOV,1,18,0.0,16.0,2.0,0.0,16.0,2.0,1,
525,17.533333,0.033333,-1.7646918296813965,16.031442642211914,2.418623208999634,0.7440425363974393,-0.9748135805130005,0.06745939257811197,-0.009793373790770691,-0.002395046765686591,0.06820862164142748,-1.172693855441806,20.994491701058354,2.4186835289001465,0.6505697926903856,-0.7594464726620228,0.0,1.0,0.03372356668114662,-0.02707904390990734,0.0014769191620871425,-1.4629484415054321,macro_turn_right,SAFE_HOLD,NONE,0,0,,0,1,TURN_RIGHT,12,0.573576436351046,-0.8191520442889917,0.0,1.0,2.9795387571670777,3.4479043847503292,0.0,0,0,0,DIRECT_LOCAL,TURN_RIGHT,1,GOAL_OUTSIDE_FOV,1,18,0.0,16.0,2.0,0.0,16.0,2.0,1,
526,17.566667,0.033333,-1.7658474445343018,16.03333854675293,2.4185659885406494,0.711555326514115,-0.9747706055641174,0.064190506991976,-0.009908794219539059,-0.002410867506316494,0.0649955204064488,-1.1739780971181366,20.996425752572026,2.418623208999634,0.6748944683343954,-0.7379142610165721,0.0,1.0,0.031617067754268646,-0.026730438694357872,0.001096324878744781,-1.4623197317123413,macro_turn_right,SAFE_HOLD,NONE,0,0,,0,1,TURN_RIGHT,12,0.573576436351046,-0.8191520442889917,0.0,1.0,2.9814788408873443,3.449896811697221,0.0,0,0,0,DIRECT_LOCAL,TURN_RIGHT,1,GOAL_OUTSIDE_FOV,1,18,0.0,16.0,2.0,0.0,16.0,2.0,1,
527,17.6,0.033333,-1.7668646574020386,16.035184860229492,2.4185073375701904,0.6790654777164862,-0.9747279286384583,0.06062725025968847,-0.010247768177714365,-0.0024673064778180393,0.06153671934650525,-1.1751337119710419,20.998321657113042,2.4185659885406494,0.6985087987232075,-0.7156014659754837,0.0,1.0,0.03023022599518299,-0.02770397625863552,0.0007014651782810688,-1.4611270427703857,macro_turn_right,SAFE_HOLD,NONE,0,0,,0,1,TURN_RIGHT,12,0.573576436351046,-0.8191520442889917,0.0,1.0,2.9833806371363587,3.4518275547061505,0.0,0,0,0,DIRECT_LOCAL,TURN_RIGHT,1,GOAL_OUTSIDE_FOV,1,18,0.0,16.0,2.0,0.0,16.0,2.0,1,
528,17.633333,0.033333,-1.7677370309829712,16.03697395324707,2.418447256088257,0.6465769877704934,-0.9746201634407043,0.05693456666404904,-0.010849058841121183,-0.002370695690542808,0.05800747500984948,-0.2256089708221447,20.791709947789226,2.4185073375701904,0.573576436351046,-0.8191520442889917,0.0,1.0,0.027409791946411133,-0.02737428992986679,0.0008443975821137428,-1.4614830017089844,macro_turn_right,SAFE_HOLD,NONE,0,0,,1,1,TURN_RIGHT,12,0.573576436351046,-0.8191520442889918,0.0,1.0,2.98523249788231,3.4536883480543303,0.0,0,0,0,DIRECT_LOCAL,TURN_RIGHT,1,GOAL_OUTSIDE_FOV,1,18,0.0,16.0,2.0,0.0,16.0,2.0,1,
529,17.666667,0.033333,-1.768460750579834,16.03870391845703,2.418390989303589,0.6140957078949518,-0.974463939666748,0.053253958841838936,-0.01177383214374095,-0.002197290560196117,0.05458420413895571,-0.22648134440307732,20.793499040806804,2.418447256088257,0.5998763202552234,-0.8000927448721508,0.0,1.0,0.02400907501578331,-0.025666169822216034,0.000675783958286047,-1.462333083152771,macro_turn_right,SAFE_HOLD,NONE,0,0,,0,1,TURN_RIGHT,12,0.573576436351046,-0.8191520442889917,0.0,1.0,2.98702661515503,3.455476872783031,0.0,0,0,0,DIRECT_LOCAL,TURN_RIGHT,1,GOAL_OUTSIDE_FOV,1,18,0.0,16.0,2.0,0.0,16.0,2.0,1,
530,17.7,0.033333,-1.7690324783325195,16.040372848510742,2.418336868286133,0.5816199588094978,-0.9743441939353943,0.04963119358861167,-0.01298496698724364,-0.0021162668951568964,0.05134533406514746,-0.22720506399994012,20.795229006016765,2.418390989303589,0.6255390550882879,-0.7801928547219923,0.0,1.0,0.02125372178852558,-0.023787954822182655,0.00039034755900502205,-1.4628798961639404,macro_turn_right,SAFE_HOLD,NONE,0,0,,0,1,TURN_RIGHT,12,0.573576436351046,-0.8191520442889917,0.0,1.0,2.9887609324789395,3.4571908662333164,0.0,0,0,0,DIRECT_LOCAL,TURN_RIGHT,1,GOAL_OUTSIDE_FOV,1,18,0.0,16.0,2.0,0.0,16.0,2.0,1,
531,17.733333,0.033333,-1.769451379776001,16.04197883605957,2.4182820320129395,0.5491428086491816,-0.9743116497993469,0.04605313410399965,-0.01434432919592976,-0.0021371036774309616,0.04828268999351908,-0.22777679175262566,20.796897936070476,2.418336868286133,0.650543172025794,-0.7594692760939168,0.0,1.0,0.01940263621509075,-0.022652950137853622,6.0405582189559937e-05,-1.4628535509109497,macro_turn_right,SAFE_HOLD,NONE,0,0,,0,1,TURN_RIGHT,12,0.573576436351046,-0.8191520442889917,0.0,1.0,2.9904334147982166,3.458828307919894,0.0,0,0,0,DIRECT_LOCAL,TURN_RIGHT,1,GOAL_OUTSIDE_FOV,1,18,0.0,16.0,2.0,0.0,16.0,2.0,1,
532,17.766667,0.033333,-1.7697210311889648,16.043514251708984,2.4182233810424805,0.516659446476744,-0.9743501543998718,0.04252368070872983,-0.015705050047056236,-0.002226354260226493,0.045385776089988505,-0.2281956931961071,20.798503923619304,2.4182820320129395,0.6748657630293625,-0.7379405137887445,0.0,1.0,0.01830170676112175,-0.022684216499328613,-0.0002797902561724186,-1.462259292602539,macro_turn_right,TURNING,NONE,0,0,,0,1,TURN_RIGHT,12,0.573576436351046,-0.8191520442889917,0.0,1.0,inf,3.46038189640791,0.0,0,0,0,TURN_TO_TARGET,TURN_RIGHT,1,GOAL_OUTSIDE_FOV,1,18,0.0,16.0,2.0,0.0,16.0,2.0,1,
533,17.8,0.033333,-1.7698487043380737,16.04497528076172,2.418159246444702,0.4841702736647785,-0.9744019508361816,0.039104211276392825,-0.017006284246922847,-0.0023475542511926786,0.042706721419446335,-0.22846534460907097,20.800039339268718,2.4182233810424805,0.6984804776110495,-0.7156291095226912,0.0,1.0,0.017830781638622284,-0.024054743349552155,-0.0006195181049406528,-1.461094856262207,macro_turn_right,TURNING,NONE,0,0,,0,1,TURN_RIGHT,12,0.573576436351046,-0.8191520442889917,0.0,1.0,inf,3.461848481427378,0.0,0,0,0,TURN_TO_TARGET,TURN_RIGHT,1,GOAL_OUTSIDE_FOV,1,18,0.0,16.0,2.0,0.0,16.0,2.0,1,
534,17.833333,0.033333,-1.7698429822921753,16.046358108520508,2.418090343475342,0.45168086337003444,-0.9743950366973877,0.035905171240064294,-0.01830619625949621,-0.0023091778546826796,0.0403686814948679,0.6633982657142421,20.41296213773957,2.418159246444702,0.5735764363510463,-0.8191520442889917,0.0,1.0,0.01641186513006687,-0.024187561124563217,-0.0004125037230551243,-1.4614861011505127,macro_turn_right,TURNING,NONE,0,0,,1,1,TURN_RIGHT,12,0.5735764363510462,-0.8191520442889919,0.0,1.0,inf,3.4632250459383163,0.0,0,0,0,TURN_TO_TARGET,TURN_RIGHT,1,GOAL_OUTSIDE_FOV,1,18,0.0,16.0,2.0,0.0,16.0,2.0,1,
535,17.866667,0.033333,-1.7697117328643799,16.04766273498535,2.4180235862731934,0.4191969570271422,-0.97434002161026,0.0330163638878765,-0.019689878942057242,-0.0021853319322425496,0.0385038607516652,0.6634039877601405,20.41434496549836,2.418090343475342,0.5998784216706265,-0.8000911693138213,0.0,1.0,0.014451172202825546,-0.022949662059545517,-0.0005187070928514004,-1.4623581171035767,macro_turn_right,TURNING,NONE,0,0,,0,1,TURN_RIGHT,12,0.5735764363510463,-0.8191520442889917,0.0,1.0,inf,3.4645123178072272,0.0,0,0,0,TURN_TO_TARGET,TURN_RIGHT,1,GOAL_OUTSIDE_FOV,1,18,0.0,16.0,2.0,0.0,16.0,2.0,1,
536,17.9,0.033333,-1.769460916519165,16.04889488220215,2.417956829071045,0.38671695253409644,-0.9743141531944275,0.030445852564793457,-0.021145927198582076,-0.002145045686789396,0.03713086851237508,0.663535237187936,20.415649591963202,2.4180235862731934,0.6255444242631328,-0.7801885498219683,0.0,1.0,0.013069428503513336,-0.021554986014962196,-0.000741246622055769,-1.4629037380218506,macro_turn_right,TURNING,NONE,0,0,,0,1,TURN_RIGHT,12,0.5735764363510463,-0.8191520442889917,0.0,1.0,inf,3.465716558733273,0.0,0,0,0,TURN_TO_TARGET,TURN_RIGHT,1,GOAL_OUTSIDE_FOV,1,18,0.0,16.0,2.0,0.0,16.0,2.0,1,
537,17.933333,0.033333,-1.7690976858139038,16.050060272216797,2.417888641357422,0.3542349371419227,-0.9743614792823792,0.028146685887798006,-0.022561019476745874,-0.0022004349519265864,0.036139693416991435,0.6637860535331508,20.41688173918,2.417956829071045,0.6505520935476061,-0.7594616340413957,0.0,1.0,0.012397869490087032,-0.020868198946118355,-0.0010074976598843932,-1.462886929512024,macro_turn_right,TURNING,NONE,0,0,,0,1,TURN_RIGHT,12,0.5735764363510463,-0.8191520442889917,0.0,1.0,inf,3.466844146295992,0.0,0,0,0,TURN_TO_TARGET,TURN_RIGHT,1,GOAL_OUTSIDE_FOV,1,18,0.0,16.0,2.0,0.0,16.0,2.0,1,
538,17.966667,0.033333,-1.7686325311660767,16.0511531829834,2.417816400527954,0.32174703754661227,-0.9744638800621033,0.026080249231851736,-0.023810583733190675,-0.002322322071336774,0.03539090953216384,0.664149284238412,20.418047129194647,2.417888641357422,0.6748777799540735,-0.7379295238193556,0.0,1.0,0.012333869934082031,-0.02132401615381241,-0.0012862704461440444,-1.462287187576294,macro_turn_right,TURNING,NONE,0,0,,0,1,TURN_RIGHT,12,0.5735764363510463,-0.8191520442889917,0.0,1.0,inf,3.4678903691017076,0.0,0,0,0,TURN_TO_TARGET,TURN_RIGHT,1,GOAL_OUTSIDE_FOV,1,18,0.0,16.0,2.0,0.0,16.0,2.0,1,
539,18.0,0.033333,-1.7680776119232178,16.05217933654785,2.417738676071167,0.2892541622105187,-0.9745631814002991,0.024252662447042196,-0.024853751614597772,-0.002473203210632975,0.034814039398084466,0.6646144388862392,20.41914003996125,2.417816400527954,0.6984947807890473,-0.7156151488128664,0.0,1.0,0.012831798754632473,-0.02312074601650238,-0.001558726537041366,-1.4611213207244873,macro_turn_right,TURNING,NONE,0,0,,0,1,TURN_RIGHT,12,0.5735764363510463,-0.8191520442889917,0.0,1.0,inf,3.468862064993662,0.0,0,0,0,TURN_TO_TARGET,TURN_RIGHT,1,GOAL_OUTSIDE_FOV,1,18,0.0,16.0,2.0,0.0,16.0,2.0,1,
540,18.033333,0.033333,-1.7674448490142822,16.05314064025879,2.417656183242798,0.2567605292570926,-0.9745873212814331,0.022714187662378562,-0.025768975471078304,-0.0024593820259339234,0.03443868432359565,1.4651195017568428,19.86615841673313,2.417738676071167,0.5735764363510462,-0.8191520442889917,0.0,1.0,0.012507818639278412,-0.02363825961947441,-0.0012895347317680717,-1.461490511894226,macro_turn_right,TURNING,NONE,0,0,,1,1,TURN_RIGHT,12,0.5735764363510462,-0.8191520442889918,0.0,1.0,inf,3.469762249417594,0.0,0,0,0,TURN_TO_TARGET,TURN_RIGHT,1,GOAL_OUTSIDE_FOV,1,18,0.0,16.0,2.0,0.0,16.0,2.0,1,
541,18.066667,0.033333,-1.7667423486709595,16.054039001464844,2.417576789855957,0.22427107069839602,-0.9745498895645142,0.02150474763342787,-0.026663043194291525,-0.0023537423628900845,0.03433529010025896,1.4657522646657783,19.867119720444066,2.417656183242798,0.5998828639402154,-0.8000878386470356,0.0,1.0,0.011525966227054596,-0.022738996893167496,-0.0013373930705711246,-1.4623321294784546,macro_turn_right,TURNING,NONE,0,0,,0,1,TURN_RIGHT,12,0.5735764363510462,-0.8191520442889917,0.0,1.0,inf,3.4705935900930664,0.0,0,0,0,TURN_TO_TARGET,TURN_RIGHT,1,GOAL_OUTSIDE_FOV,1,18,0.0,16.0,2.0,0.0,16.0,2.0,1,
542,18.1,0.033333,-1.7659757137298584,16.054889678955078,2.417497396469116,0.19178484963315454,-0.9745311737060547,0.020598042339909736,-0.027546499886563908,-0.0023265536646637384,0.03447465527299352,1.466454765009101,19.86801808165012,2.417576789855957,0.625553606093455,-0.7801811878682249,0.0,1.0,0.0109509052708745,-0.021642357110977173,-0.0015078693395480514,-1.4628427028656006,macro_turn_right,TURNING,NONE,0,0,,0,1,TURN_RIGHT,12,0.5735764363510462,-0.8191520442889917,0.0,1.0,inf,3.4713718242794402,0.0,0,0,0,TURN_TO_TARGET,TURN_RIGHT,1,GOAL_OUTSIDE_FOV,1,18,0.0,16.0,2.0,0.0,16.0,2.0,1,
543,18.133333,0.033333,-1.7651501893997192,16.05569076538086,2.4174180030822754,0.1592978077135553,-0.974575400352478,0.01992068982616895,-0.028327275629980286,-0.0023922462135993667,0.034712984166069424,1.4672213999502022,19.868868759140355,2.417497396469116,0.6505648488535479,-0.759450707706669,0.0,1.0,0.01093622762709856,-0.021228304132819176,-0.0017266462091356516,-1.462794542312622,macro_turn_right,TURNING,NONE,0,0,,0,1,TURN_RIGHT,12,0.5735764363510462,-0.8191520442889917,0.0,1.0,inf,3.4720955594404006,0.0,0,0,0,TURN_TO_TARGET,TURN_RIGHT,1,GOAL_OUTSIDE_FOV,1,18,0.0,16.0,2.0,0.0,16.0,2.0,1,
544,18.166667,0.033333,-1.7642744779586792,16.056447982788086,2.4173355102539062,0.12680714138949262,-0.9746637940406799,0.019409106253662278,-0.028901325797720603,-0.0025234719025199466,0.0349051278306605,1.4680469242803413,19.869669845566136,2.4174180030822754,0.6748922152348886,-0.7379163216892175,0.0,1.0,0.011411844752728939,-0.021931929513812065,-0.001965213567018509,-1.4621658325195312,macro_turn_right,TURNING,NONE,0,0,,0,1,TURN_RIGHT,12,0.5735764363510462,-0.8191520442889917,0.0,1.0,inf,3.472771308624829,0.0,0,0,0,TURN_TO_TARGET,TURN_RIGHT,1,GOAL_OUTSIDE_FOV,1,18,0.0,16.0,2.0,0.0,16.0,2.0,1,
545,18.2,0.033333,-1.7633578777313232,16.05716323852539,2.417248487472534,0.09431304935236756,-0.9747381210327148,0.01904480799754818,-0.02924787868063162,-0.0026835499087171713,0.03500492192668049,1.4689226357213814,19.870427062973363,2.4173355102539062,0.6985096502231013,-0.7156006348133018,0.0,1.0,0.012400682084262371,-0.023964831605553627,-0.002205098979175091,-1.4609642028808594,macro_turn_right,TURNING,NONE,0,0,,0,1,TURN_RIGHT,12,0.5735764363510462,-0.8191520442889917,0.0,1.0,inf,3.473401832786847,0.0,0,0,0,TURN_TO_TARGET,TURN_RIGHT,1,GOAL_OUTSIDE_FOV,1,18,0.0,16.0,2.0,0.0,16.0,2.0,1,
546,18.233333,0.033333,-1.7624093294143677,16.057838439941406,2.417158365249634,0.06181874462575233,-0.9747270345687866,0.01885758234099653,-0.02946493331195171,-0.0026769476683218972,0.03508499331116025,2.1474027669065308,19.1726007969354,2.417248487472534,0.5735764363510459,-0.8191520442889918,0.0,1.0,0.01254747249186039,-0.024644669145345688,-0.0019048009999096394,-1.4612799882888794,macro_turn_right,TURNING,NONE,0,0,,1,1,TURN_RIGHT,12,0.5735764363510462,-0.8191520442889918,0.0,1.0,inf,3.473989853535803,0.0,0,0,0,TURN_TO_TARGET,TURN_RIGHT,1,GOAL_OUTSIDE_FOV,1,18,0.0,16.0,2.0,0.0,16.0,2.0,1,
547,18.266667,0.033333,-1.7614322900772095,16.058481216430664,2.417070150375366,0.029328107098992615,-0.9746479988098145,0.01887539654186349,-0.029676149405881126,-0.002575110825786033,0.03526450955192559,2.1483513152234863,19.173275998351414,2.417158365249634,0.5998838072178077,-0.8000871314037415,0.0,1.0,0.011949894949793816,-0.02387470379471779,-0.0019218395464122295,-1.4620591402053833,macro_turn_right,TURNING,NONE,0,0,,0,1,TURN_RIGHT,12,0.5735764363510459,-0.8191520442889918,0.0,1.0,inf,3.4745432976507904,0.0,0,0,0,TURN_TO_TARGET,TURN_RIGHT,1,GOAL_OUTSIDE_FOV,1,18,0.0,16.0,2.0,0.0,16.0,2.0,1,
548,18.3,0.033333,-1.7604273557662964,16.05909538269043,2.4169843196868896,-0.0031589731518148314,-0.9745866060256958,0.01906812921327678,-0.02990486437945089,-0.0025466644741569473,0.03555812094573479,2.1493283545606445,19.173918774840672,2.417070150375366,0.6255551962212746,-0.7801799128922522,0.0,1.0,0.011702355928719044,-0.022895215079188347,-0.0020555146038532257,-1.4625123739242554,macro_turn_right,TURNING,NONE,0,0,,0,1,TURN_RIGHT,12,0.5735764363510459,-0.8191520442889918,0.0,1.0,inf,3.4750660368346735,0.0,0,0,0,TURN_TO_TARGET,TURN_RIGHT,1,GOAL_OUTSIDE_FOV,1,18,0.0,16.0,2.0,0.0,16.0,2.0,1,
549,18.333333,0.033333,-1.759395718574524,16.059682846069336,2.416898250579834,-0.035645281392344415,-0.9745878577232361,0.01936364162086165,-0.03006885932442944,-0.0026029436605609626,0.03585892125529639,2.1503332888715576,19.174532941100438,2.4169843196868896,0.6505658395371214,-0.7594498590607284,0.0,1.0,0.011913985013961792,-0.02256932482123375,-0.002227199263870716,-1.4624159336090088,macro_turn_right,TURNING,NONE,0,0,,0,1,TURN_RIGHT,12,0.5735764363510459,-0.8191520442889918,0.0,1.0,inf,3.4755600956432136,0.0,0,0,0,TURN_TO_TARGET,TURN_RIGHT,1,GOAL_OUTSIDE_FOV,1,18,0.0,16.0,2.0,0.0,16.0,2.0,1,
550,18.366667,0.033333,-1.758341908454895,16.060245513916016,2.416808843612671,-0.06813308680923527,-0.9746319055557251,0.019701203749390737,-0.030071902014287173,-0.002713487503338635,0.03605301283336348,2.15136492606333,19.175120404479344,2.416898250579834,0.6748910667170426,-0.7379173721125775,0.0,1.0,0.012552166357636452,-0.023335088044404984,-0.002406560117378831,-1.4617563486099243,macro_turn_right,TURNING,NONE,0,0,,0,1,TURN_RIGHT,12,0.5735764363510459,-0.8191520442889918,0.0,1.0,inf,3.4760277914447815,0.0,0,0,0,TURN_TO_TARGET,TURN_RIGHT,1,GOAL_OUTSIDE_FOV,1,18,0.0,16.0,2.0,0.0,16.0,2.0,1,
551,18.4,0.033333,-1.757271647453308,16.060787200927734,2.4167158603668213,-0.10062258643503406,-0.9746600985527039,0.020064797111634076,-0.029899130900407977,-0.002841514085124981,0.036119638896682425,2.152418736182959,19.175683072326024,2.416808843612671,0.6985052500932705,-0.7156049298266031,0.0,1.0,0.013669705018401146,-0.025397729128599167,-0.002580484375357628,-1.4605447053909302,macro_turn_right,TURNING,NONE,0,0,,0,1,TURN_RIGHT,12,0.5735764363510459,-0.8191520442889918,0.0,1.0,inf,3.476473441749928,0.0,0,0,0,TURN_TO_TARGET,TURN_RIGHT,1,GOAL_OUTSIDE_FOV,1,18,0.0,16.0,2.0,0.0,16.0,2.0,1,
552,18.433333,0.033333,-1.7561894655227661,16.061307907104492,2.4166207313537598,-0.13311143222771557,-0.9746025800704956,0.02048724036500169,-0.029652131935227918,-0.002789824724927456,0.03614912264596935,2.6828780021394323,18.35971544887752,2.4167158603668213,0.5735764363510459,-0.8191520442889918,0.0,1.0,0.013889452442526817,-0.02600288763642311,-0.002197268884629011,-1.460900902748108,macro_turn_right,TURNING,NONE,0,0,,1,1,TURN_RIGHT,12,0.5735764363510462,-0.8191520442889919,0.0,1.0,inf,3.4768974541505044,0.0,0,0,0,TURN_TO_TARGET,TURN_RIGHT,1,GOAL_OUTSIDE_FOV,1,18,0.0,16.0,2.0,0.0,16.0,2.0,1,
553,18.466667,0.033333,-1.7550959587097168,16.061811447143555,2.416530132293701,-0.16559630136222628,-0.9744836091995239,0.021000728872416,-0.029453639319306647,-0.0026350609941409304,0.036269698492920735,2.6839601840699743,18.360236155054277,2.4166207313537598,0.59987919199142,-0.8000905917555341,0.0,1.0,0.013275915756821632,-0.025093451142311096,-0.002137484960258007,-1.4617445468902588,macro_turn_right,TURNING,NONE,0,0,,0,1,TURN_RIGHT,12,0.5735764363510459,-0.8191520442889918,0.0,1.0,inf,3.4773036889638713,0.0,0,0,0,TURN_TO_TARGET,TURN_RIGHT,1,GOAL_OUTSIDE_FOV,1,18,0.0,16.0,2.0,0.0,16.0,2.0,1,
554,18.5,0.033333,-1.7539880275726318,16.062294006347656,2.416443109512329,-0.1980771155646078,-0.9743967652320862,0.021579118973239223,-0.02932114652585746,-0.0025565853796345296,0.036495535864751696,2.6850536908830236,18.36073969509334,2.416530132293701,0.6255458071470985,-0.7801874410426541,0.0,1.0,0.012948807328939438,-0.02396565116941929,-0.002209872007369995,-1.4622570276260376,macro_turn_right,TURNING,NONE,0,0,,0,1,TURN_RIGHT,12,0.5735764363510459,-0.8191520442889918,0.0,1.0,inf,3.477688084892327,0.0,0,0,0,TURN_TO_TARGET,TURN_RIGHT,1,GOAL_OUTSIDE_FOV,1,18,0.0,16.0,2.0,0.0,16.0,2.0,1,
555,18.533333,0.033333,-1.7528645992279053,16.062761306762695,2.4163572788238525,-0.23055656124053345,-0.974388599395752,0.022153386156287175,-0.02916529918500404,-0.002573678256588606,0.036715269500696986,2.6861616220201086,18.36122225429744,2.416443109512329,0.650551488092969,-0.7594621526712331,0.0,1.0,0.013121209107339382,-0.023533405736088753,-0.0023401312064379454,-1.4622069597244263,macro_turn_right,TURNING,NONE,0,0,,0,1,TURN_RIGHT,12,0.5735764363510459,-0.8191520442889918,0.0,1.0,inf,3.4780562601705722,0.0,0,0,0,TURN_TO_TARGET,TURN_RIGHT,1,GOAL_OUTSIDE_FOV,1,18,0.0,16.0,2.0,0.0,16.0,2.0,1,
556,18.566667,0.033333,-1.7517284154891968,16.063217163085938,2.4162700176239014,-0.26303714461264005,-0.9744357466697693,0.022668548582582736,-0.028886522275751732,-0.0026600638096575266,0.036815352823242976,2.687285050364835,18.36168955471248,2.4163572788238525,0.6748717927860531,-0.737934999374429,0.0,1.0,0.013761605136096478,-0.024233637377619743,-0.002499652560800314,-1.4615744352340698,macro_turn_right,TURNING,NONE,0,0,,0,1,TURN_RIGHT,12,0.5735764363510459,-0.8191520442889918,0.0,1.0,inf,3.4784122636951103,0.0,0,0,0,TURN_TO_TARGET,TURN_RIGHT,1,GOAL_OUTSIDE_FOV,1,18,0.0,16.0,2.0,0.0,16.0,2.0,1,
557,18.6,0.033333,-1.750584363937378,16.063650131225586,2.4161794185638428,-0.29551973807627424,-0.9744746088981628,0.023120685635682255,-0.02847272796153524,-0.0027788967807203238,0.03678293910433929,2.6884212341035436,18.362145411035723,2.4162700176239014,0.6984816167076785,-0.7156279977204829,0.0,1.0,0.014912979677319527,-0.02626759745180607,-0.0026699239388108253,-1.4603698253631592,macro_turn_right,TURNING,NONE,0,0,,0,1,TURN_RIGHT,12,0.5735764363510459,-0.8191520442889918,0.0,1.0,inf,3.478745123839819,0.0,0,0,0,TURN_TO_TARGET,TURN_RIGHT,1,GOAL_OUTSIDE_FOV,1,18,0.0,16.0,2.0,0.0,16.0,2.0,1,
558,18.633333,0.033333,-1.749435305595398,16.064062118530273,2.4160749912261963,-0.3280021742112903,-0.97443026304245,0.023558365182317145,-0.02805615491226966,-0.0036717799909224496,0.03681883168741811,-0.5402499699370249,16.94970354648891,2.0,0.7893337500679948,-0.5526974419609487,-0.2673532656494405,0.3,0.01434995885938406,-0.03433876857161522,-0.005311519838869572,-1.4487645626068115,macro_normal,SAFE_PROGRESSING,NONE,1,0,"-1.751,16.064;-1.347,16.359;-0.944,16.654;-0.540,16.950",1,1,NORMAL_CORRECTION,11,0.8191520442889919,-0.573576436351046,0.0,0.3,3.0136501878813338,3.4790569910298292,0.0,0,0,0,DIRECT_LOCAL,NORMAL_CORRECTION,1,BYPASS_VISIBLE,1,18,0.0,16.0,2.0,0.0,16.0,2.0,1,
559,18.666667,0.033333,-1.7482764720916748,16.064456939697266,2.4159204959869385,-0.36047377365400285,-0.9737450480461121,0.024044192658602286,-0.02805157836669975,-0.005674883433135623,0.03737938671844094,-0.5402499699370249,16.94970354648891,2.0,0.806952594670147,-0.5265732630616011,-0.2674847819667044,0.29976590299017414,0.02269013784825802,-0.054242465645074844,-0.008695223368704319,-1.4188858270645142,macro_normal,SAFE_PROGRESSING,NONE,1,0,"-1.749,16.064;-1.346,16.359;-0.943,16.654;-0.540,16.950",0,1,NORMAL_CORRECTION,11,0.7893337500679948,-0.5526974419609487,-0.2673532656494405,0.3,3.014062171428945,3.4793512616181856,0.0,0,0,0,DIRECT_LOCAL,NORMAL_CORRECTION,1,BYPASS_VISIBLE,1,18,0.0,16.0,2.0,0.0,16.0,2.0,1,
560,18.7,0.033333,-1.74708092212677,16.06482696533203,2.415684700012207,-0.3928943464510635,-0.9713106155395508,0.024854948429196146,-0.02937873534020769,-0.008137388747279676,0.03933313675811176,-0.5402499699370249,16.94970354648891,2.0,0.823695558095608,-0.49992324963824897,-0.2675861955421053,0.29953227437083413,0.026788171380758286,-0.07819323241710663,-0.011613413691520691,-1.3569608926773071,macro_normal,SAFE_PROGRESSING,NONE,1,0,"-1.748,16.064;-1.346,16.360;-0.943,16.655;-0.540,16.950",0,1,NORMAL_CORRECTION,11,0.7893337500679948,-0.5526974419609487,-0.2673532656494405,0.3,3.0144574324142397,3.4796180488612873,0.0,0,0,0,DIRECT_LOCAL,NORMAL_CORRECTION,1,BYPASS_VISIBLE,1,18,0.0,16.0,2.0,0.0,16.0,2.0,1,
561,18.733333,0.033333,-1.7457853555679321,16.065156936645508,2.415362596511841,-0.4251720952995172,-0.9644677042961121,0.026410523204566744,-0.033261892264117736,-0.010003529057497972,0.043634158712331554,-0.5402499699370249,16.94970354648891,2.0,0.8395157053942797,-0.47284388327336624,-0.2676416306319116,0.29929567394421797,0.024986032396554947,-0.09681382030248642,-0.012300304137170315,-1.265142560005188,macro_normal,SAFE_PROGRESSING,NONE,1,0,"-1.747,16.065;-1.345,16.360;-0.943,16.655;-0.540,16.950",0,1,NORMAL_CORRECTION,11,0.7893337500679948,-0.5526974419609487,-0.2673532656494405,0.3,3.014828378516557,3.479836814344702,0.0,0,0,0,DIRECT_LOCAL,NORMAL_CORRECTION,1,BYPASS_VISIBLE,1,18,0.0,16.0,2.0,0.0,16.0,2.0,1,
562,18.766667,0.033333,-1.744289755821228,16.06542205810547,2.414982795715332,-0.4571234156892215,-0.9499194622039795,0.02886752410115652,-0.04050101332922379,-0.010476450430782408,0.05082737492782267,-0.5402499699370249,16.94970354648891,2.0,0.8543383592734763,-0.44549611302351283,-0.26765496661718446,0.29904770662847185,0.026918409392237663,-0.10691545903682709,-0.010886458680033684,-1.1801583766937256,macro_normal,SAFE_PROGRESSING,NONE,1,0,"-1.746,16.065;-1.344,16.360;-0.942,16.655;-0.540,16.950",0,1,NORMAL_CORRECTION,11,0.7893337500679948,-0.5526974419609487,-0.2673532656494405,0.3,3.0151598822996446,3.479974503167139,0.0,0,0,0,DIRECT_LOCAL,NORMAL_CORRECTION,1,BYPASS_VISIBLE,1,18,0.0,16.0,2.0,0.0,16.0,2.0,1,
563,18.8,0.033333,-1.7424848079681396,16.065582275390625,2.4145870208740234,-0.4884647024385534,-0.9259190559387207,0.03218256488744125,-0.050872108779117534,-0.009564841899596473,0.06095223650476666,-0.5402499699370249,16.94970354648891,2.0,0.8680670202894176,-0.4181158765137685,-0.2676541837763331,0.2987752035688176,0.03543247655034065,-0.1103166788816452,-0.008630299009382725,-1.1216450929641724,macro_normal,SAFE_PROGRESSING,NONE,1,0,"-1.744,16.065;-1.343,16.360;-0.942,16.655;-0.540,16.950",0,1,NORMAL_CORRECTION,11,0.7893337500679948,-0.5526974419609487,-0.2673532656494405,0.3,3.015427464787969,3.479982240360782,0.0,0,0,0,DIRECT_LOCAL,NORMAL_CORRECTION,1,BYPASS_VISIBLE,1,18,0.0,16.0,2.0,0.0,16.0,2.0,1,
564,18.833333,0.033333,-1.7402840852737427,16.065603256225586,2.4142093658447266,-0.518886196520751,-0.8944007158279419,0.03650023917836145,-0.06315374726687395,-0.00783143864677191,0.07336207934078705,0.06612740928256322,16.91935147582567,2.0,0.8020999445877545,-0.5616364275979358,-0.20297832910769012,0.4000000000000001,0.05709688737988472,-0.11672243475914001,-0.006155210547149181,-1.1781904697418213,macro_normal,SAFE_PROGRESSING,NONE,1,0,"-1.742,16.066;-1.381,16.236;-1.019,16.407;-0.657,16.578;-0.296,16.749;0.066,16.919",1,1,NORMAL_CORRECTION,11,0.8191520442889919,-0.5735764363510456,0.0,0.4000000000000001,3.015591639755186,3.479819002814055,0.0,0,0,0,DIRECT_LOCAL,NORMAL_CORRECTION,1,BYPASS_VISIBLE,1,18,0.0,16.0,2.0,0.0,16.0,2.0,1,
565,18.866667,0.033333,-1.737638235092163,16.065481185913086,2.4138569831848145,-0.5482327723923887,-0.864192545413971,0.04246361501931556,-0.0757589802323273,-0.006729768762181603,0.08710838922826686,0.06612740928256322,16.91935147582567,2.0,0.8184790343131108,-0.5374801091322134,-0.20299557304803903,0.39960022573244186,0.06668374687433243,-0.11191904544830322,-0.006360874976962805,-1.2447640895843506,macro_normal,SAFE_PROGRESSING,NONE,1,0,"-1.740,16.066;-1.289,16.279;-0.837,16.492;-0.385,16.706;0.066,16.919",0,1,NORMAL_CORRECTION,11,0.8020999445877545,-0.5616364275979358,-0.20297832910769012,0.4000000000000001,3.0156189079453193,3.479477521792395,0.0,0,0,0,DIRECT_LOCAL,NORMAL_CORRECTION,1,BYPASS_VISIBLE,1,18,0.0,16.0,2.0,0.0,16.0,2.0,1,
566,18.9,0.033333,-1.7345309257507324,16.06525421142578,2.4134938716888428,-0.5766701787803948,-0.8431419134140015,0.05066356104855016,-0.08707393001901834,-0.007434223455449442,0.10101452066640035,0.06612740928256322,16.91935147582567,2.0,0.8337390219975787,-0.5134653867563571,-0.20305797152947647,0.3991323074782082,0.06779029220342636,-0.1030321717262268,-0.008476899936795235,-1.2891106605529785,macro_normal,SAFE_PROGRESSING,NONE,1,0,"-1.738,16.065;-1.287,16.279;-0.836,16.492;-0.385,16.706;0.066,16.919",0,1,NORMAL_CORRECTION,11,0.8020999445877545,-0.5616364275979358,-0.20297832910769012,0.4000000000000001,3.0155065239238703,3.4789953105879756,0.0,0,0,0,DIRECT_LOCAL,NORMAL_CORRECTION,1,BYPASS_VISIBLE,1,18,0.0,16.0,2.0,0.0,16.0,2.0,1,
567,18.933333,0.033333,-1.730980634689331,16.065000534057617,2.4130702018737793,-0.6044968326895829,-0.8331673741340637,0.06083405501532642,-0.09562126624517742,-0.01005704355542036,0.11377764689522495,0.06612740928256322,16.91935147582567,2.0,0.8480627078623066,-0.4894068006026968,-0.20315173407353504,0.3985901442123353,0.06548689305782318,-0.09704417735338211,-0.011939904652535915,-1.3122828006744385,macro_normal,SAFE_PROGRESSING,NONE,1,0,"-1.735,16.065;-1.284,16.279;-0.834,16.492;-0.384,16.706;0.066,16.919",0,1,NORMAL_CORRECTION,11,0.8020999445877545,-0.5616364275979358,-0.20297832910769012,0.4000000000000001,3.0152938914439225,3.478452834400328,0.0,0,0,0,DIRECT_LOCAL,NORMAL_CORRECTION,1,BYPASS_VISIBLE,1,18,0.0,16.0,2.0,0.0,16.0,2.0,1,
568,18.966667,0.033333,-1.727044701576233,16.064788818359375,2.4125466346740723,-0.6320395331342253,-0.8325484395027161,0.07184784619198534,-0.10056270021698173,-0.014097559924835211,0.12439337150022117,0.06612740928256322,16.91935147582567,2.0,0.861609602994597,-0.4650981072186594,-0.20325511725197262,0.39797049405243345,0.06415092200040817,-0.09693056344985962,-0.015997963026165962,-1.3198658227920532,macro_normal,SAFE_PROGRESSING,NONE,1,0,"-1.731,16.065;-1.282,16.279;-0.832,16.492;-0.383,16.706;0.066,16.919",0,1,NORMAL_CORRECTION,11,0.8020999445877545,-0.5616364275979358,-0.20297832910769012,0.4000000000000001,3.01506052287919,3.477924272799642,0.0,0,0,0,DIRECT_LOCAL,NORMAL_CORRECTION,1,BYPASS_VISIBLE,1,18,0.0,16.0,2.0,0.0,16.0,2.0,1,
569,19.0,0.033333,-1.7228069305419922,16.064680099487305,2.4119012355804443,-0.659624781750054,-0.83783358335495,0.08230997224779678,-0.10211394690997347,-0.018758417904551145,0.13249176550732403,0.06612740928256322,16.91935147582567,2.0,0.8745102946833352,-0.4403198607782326,-0.20334739904189536,0.39727791555522685,0.06533323973417282,-0.10228949785232544,-0.02012404054403305,-1.3144586086273193,macro_normal,SAFE_PROGRESSING,NONE,1,0,"-1.727,16.065;-1.279,16.278;-0.830,16.492;-0.382,16.706;0.066,16.919",0,1,NORMAL_CORRECTION,11,0.8020999445877545,-0.5616364275979358,-0.20297832910769012,0.4000000000000001,3.014876210564944,3.4774782188963402,0.0,0,0,0,DIRECT_LOCAL,NORMAL_CORRECTION,1,BYPASS_VISIBLE,1,18,0.0,16.0,2.0,0.0,16.0,2.0,1,
570,19.033333,0.033333,-1.7183533906936646,16.06468963623047,2.4111342430114746,-0.6874997310562154,-0.8453589677810669,0.09127306035350334,-0.10148843425053918,-0.02258074064783039,0.13834942602383593,0.6849918915848576,16.737364893551028,2.0,0.8082550476027367,-0.565946277127484,-0.1625687221769274,0.5,0.07965151220560074,-0.11068858206272125,-0.02180197462439537,-1.3371200561523438,macro_normal,SAFE_PROGRESSING,NONE,1,0,"-1.723,16.065;-1.241,16.199;-0.760,16.334;-0.278,16.468;0.203,16.603;0.685,16.737",1,1,NORMAL_CORRECTION,11,0.8191520442889918,-0.573576436351046,0.0,0.5,3.0148027406898996,3.477137564547649,0.0,0,0,0,DIRECT_LOCAL,NORMAL_CORRECTION,1,BYPASS_VISIBLE,1,18,0.0,16.0,2.0,0.0,16.0,2.0,1,
571,19.066667,0.033333,-1.7137428522109985,16.064804077148438,2.4102752208709717,-0.715760522416775,-0.85414719581604,0.09884201473277832,-0.10033431263513248,-0.025126043950128667,0.143066544841843,0.6849918915848576,16.737364893551028,2.0,0.8241860144579707,-0.5424908491172902,-0.16254566187963146,0.4991416852021763,0.08639775961637497,-0.11244556307792664,-0.024065513163805008,-1.3579049110412598,macro_normal,SAFE_PROGRESSING,NONE,1,0,"-1.718,16.065;-1.238,16.199;-0.757,16.334;-0.276,16.468;0.204,16.603;0.685,16.737",0,1,NORMAL_CORRECTION,11,0.8082550476027367,-0.565946277127484,-0.1625687221769274,0.5,3.014855736295848,3.4768942545663424,0.0,0,0,0,DIRECT_LOCAL,NORMAL_CORRECTION,1,BYPASS_VISIBLE,1,18,0.0,16.0,2.0,0.0,16.0,2.0,1,
572,19.1,0.033333,-1.7089890241622925,16.06498146057129,2.409339666366577,-0.744418123206989,-0.8642393946647644,0.10577861149208609,-0.09986026385713802,-0.026882385410917163,0.14793190863431732,0.6849918915848576,16.737364893551028,2.0,0.8396342717673368,-0.5182745991842128,-0.16249839849726974,0.4982475859591691,0.08893369138240814,-0.11261780560016632,-0.025912873446941376,-1.370037317276001,macro_normal,SAFE_PROGRESSING,NONE,1,0,"-1.714,16.065;-1.234,16.199;-0.754,16.334;-0.275,16.468;0.205,16.603;0.685,16.737",0,1,NORMAL_CORRECTION,11,0.8082550476027367,-0.565946277127484,-0.1625687221769274,0.5,3.0150220901938067,3.4767080459411184,0.0,0,0,0,DIRECT_LOCAL,NORMAL_CORRECTION,1,BYPASS_VISIBLE,1,18,0.0,16.0,2.0,0.0,16.0,2.0,1,
573,19.133333,0.033333,-1.7040715217590332,16.065185546875,2.4083399772644043,-0.7734529179825375,-0.8749524354934692,0.11268354419608506,-0.10041376854690172,-0.028142758559375636,0.15353345207384975,0.6849918915848576,16.737364893551028,2.0,0.8545566489450489,-0.4933041985083354,-0.16243122076084077,0.49732259574273047,0.08921392261981964,-0.11445416510105133,-0.027303166687488556,-1.3742809295654297,macro_normal,SAFE_PROGRESSING,NONE,1,0,"-1.709,16.065;-1.230,16.199;-0.751,16.334;-0.273,16.468;0.206,16.603;0.685,16.737",0,1,NORMAL_CORRECTION,11,0.8082550476027367,-0.565946277127484,-0.1625687221769274,0.5,3.0152603714650814,3.476541796776558,0.0,0,0,0,DIRECT_LOCAL,NORMAL_CORRECTION,1,BYPASS_VISIBLE,1,18,0.0,16.0,2.0,0.0,16.0,2.0,1,
574,19.166667,0.033333,-1.698961615562439,16.065380096435547,2.407288074493408,-0.8028411270428163,-0.8852459192276001,0.1196856685901042,-0.10174132528583918,-0.029201529068776266,0.1597769878196913,0.6849918915848576,16.737364893551028,2.0,0.8689083355055893,-0.467590598270633,-0.1623494283877139,0.49636474762320393,0.0888548195362091,-0.11896383762359619,-0.028401382267475128,-1.371175765991211,macro_normal,SAFE_PROGRESSING,NONE,1,0,"-1.704,16.065;-1.226,16.200;-0.748,16.334;-0.271,16.468;0.207,16.603;0.685,16.737",0,1,NORMAL_CORRECTION,11,0.8082550476027367,-0.565946277127484,-0.1625687221769274,0.5,3.01553532680309,3.476357856723818,0.0,0,0,0,DIRECT_LOCAL,NORMAL_CORRECTION,1,BYPASS_VISIBLE,1,18,0.0,16.0,2.0,0.0,16.0,2.0,1,
575,19.2,0.033333,-1.693642258644104,16.06553840637207,2.406193256378174,-0.8325370486835858,-0.8939968347549438,0.12652459817543363,-0.10346287205393445,-0.03032172269058392,0.16623010167845179,0.6849918915848576,16.737364893551028,2.0,0.8826353357265986,-0.4411654856273622,-0.16225867748126246,0.4953704832463973,0.08876438438892365,-0.1258888840675354,-0.02954806759953499,-1.3600974082946777,macro_normal,SAFE_PROGRESSING,NONE,1,0,"-1.699,16.065;-1.222,16.200;-0.745,16.334;-0.269,16.469;0.208,16.603;0.685,16.737",0,1,NORMAL_CORRECTION,11,0.8082550476027367,-0.565946277127484,-0.1625687221769274,0.5,3.015812003866561,3.4761290840389196,0.0,0,0,0,DIRECT_LOCAL,NORMAL_CORRECTION,1,BYPASS_VISIBLE,1,18,0.0,16.0,2.0,0.0,16.0,2.0,1,
576,19.233333,0.033333,-1.6881122589111328,16.06563377380371,2.4050686359405518,-0.8624720982950158,-0.9002007246017456,0.13280867516058206,-0.10537457690314474,-0.030728595993530734,0.17229681444286604,0.0,16.0,2.0,0.7135249770183527,-0.6607323465177055,-0.23305551578146766,0.3389819690175212,0.0890650674700737,-0.12557834386825562,-0.027930179610848427,-1.3673286437988281,direct,SAFE_PROGRESSING,NONE,1,0,"-1.694,16.066;-1.270,16.049;-0.847,16.033;-0.423,16.016;0.000,16.000",1,1,PASS_THROUGH,-1,0.7337293655926408,-0.6794418430351643,0.0,0.3389819690175212,3.0160649985230323,3.475829566656128,0.0,0,0,0,DIRECT_LOCAL,PASS_THROUGH,0,BYPASS_VISIBLE,1,18,0.0,16.0,2.0,0.0,16.0,2.0,1,
577,19.266667,0.033333,-1.6823861598968506,16.065631866455078,2.4039504528045654,-0.8925684375971135,-0.9043762683868408,0.13823449096811427,-0.10726487140875075,-0.030606370631396755,0.17762679148927937,0.0,16.0,2.0,0.7329479903039652,-0.6390789628598339,-0.2331637251790632,0.3378775394103469,0.08563098311424255,-0.11782731860876083,-0.027172712609171867,-1.3813116550445557,direct,SAFE_PROGRESSING,NONE,1,0,"-1.688,16.066;-1.266,16.049;-0.844,16.033;-0.422,16.016;0.000,16.000",0,1,PASS_THROUGH,-1,0.7135249770183527,-0.6607323465177055,-0.23305551578146766,0.3389819690175212,3.016268746349153,3.4754268999500275,0.0,0,0,0,DIRECT_LOCAL,PASS_THROUGH,0,BYPASS_VISIBLE,1,18,0.0,16.0,2.0,0.0,16.0,2.0,1,
578,19.3,0.033333,-1.6764940023422241,16.06551170349121,2.402850389480591,-0.9227809762424607,-0.9080145359039307,0.14256095340179334,-0.10863682853885454,-0.030776768885011414,0.18185927376081257,0.0,16.0,2.0,0.7518122747080802,-0.6167238723791064,-0.23330231211023555,0.33673317228374444,0.08139601349830627,-0.10902741551399231,-0.02689274027943611,-1.392653226852417,direct,SAFE_PROGRESSING,NONE,1,0,"-1.682,16.066;-1.262,16.049;-0.841,16.033;-0.421,16.016;-0.000,16.000",0,1,PASS_THROUGH,-1,0.7135249770183527,-0.6607323465177055,-0.23305551578146766,0.3389819690175212,3.0163897601856475,3.474902985907177,0.0,0,0,0,DIRECT_LOCAL,PASS_THROUGH,0,BYPASS_VISIBLE,1,18,0.0,16.0,2.0,0.0,16.0,2.0,1,
579,19.333333,0.033333,-1.6704859733581543,16.065258026123047,2.401765823364258,-0.9531115870376305,-0.9119871854782104,0.145565317353739,-0.10885701369863052,-0.03145418760580566,0.18446809199864295,0.0,16.0,2.0,0.7700977732397895,-0.5936659172306774,-0.2334741920850699,0.33555470035055507,0.07704946398735046,-0.10287907719612122,-0.02707936242222786,-1.3985363245010376,direct,SAFE_PROGRESSING,NONE,1,0,"-1.676,16.066;-1.257,16.049;-0.838,16.033;-0.419,16.016;0.000,16.000",0,1,PASS_THROUGH,-1,0.7135249770183527,-0.6607323465177055,-0.23305551578146766,0.3389819690175212,3.016407460139317,3.474246615110745,0.0,0,0,0,DIRECT_LOCAL,PASS_THROUGH,0,BYPASS_VISIBLE,1,18,0.0,16.0,2.0,0.0,16.0,2.0,1,
580,19.366667,0.033333,-1.6644278764724731,16.06487464904785,2.4006896018981934,-0.9835885121619788,-0.9162763357162476,0.14709731987307362,-0.107563012196204,-0.03252591589408977,0.18510904438009362,0.0,16.0,2.0,0.7877984467325102,-0.5698869286351568,-0.23367176957568497,0.3343520298822674,0.07331912219524384,-0.10056998580694199,-0.02770126238465309,-1.3982163667678833,direct,SAFE_PROGRESSING,NONE,1,0,"-1.670,16.065;-1.253,16.049;-0.835,16.033;-0.418,16.016;0.000,16.000",0,1,PASS_THROUGH,-1,0.7135249770183527,-0.6607323465177055,-0.23305551578146766,0.3389819690175212,3.0163062584114777,3.4734663389216363,0.0,0,0,0,DIRECT_LOCAL,PASS_THROUGH,0,BYPASS_VISIBLE,1,18,0.0,16.0,2.0,0.0,16.0,2.0,1,
581,19.4,0.033333,-1.658389925956726,16.064374923706055,2.3996102809906006,-1.0142248390533046,-0.9203251004219055,0.1471432540417307,-0.10493944851867218,-0.033761842984607264,0.18385670264396028,0.0,16.0,2.0,0.8048913090949548,-0.5453887438490768,-0.23388265995181437,0.33313834219841754,0.07090232521295547,-0.10191445052623749,-0.028833113610744476,-1.3908871412277222,direct,SAFE_PROGRESSING,NONE,1,0,"-1.664,16.065;-1.248,16.049;-0.832,16.032;-0.416,16.016;0.000,16.000",0,1,PASS_THROUGH,-1,0.7135249770183527,-0.6607323465177055,-0.23305551578146766,0.3389819690175212,3.016088814639982,3.4725801249682635,0.0,0,0,0,DIRECT_LOCAL,PASS_THROUGH,0,BYPASS_VISIBLE,1,18,0.0,16.0,2.0,0.0,16.0,2.0,1,
582,19.433333,0.033333,-1.6524322032928467,16.06376838684082,2.3985159397125244,-1.0449891969761402,-0.9233645796775818,0.14587198426537062,-0.10169859936873442,-0.035003154243576515,0.18123592832018293,0.0,16.0,2.0,0.8213267453805294,-0.5202150127543533,-0.2340912596138843,0.3319277799351489,0.06984737515449524,-0.10587283223867416,-0.03050864487886429,-1.3753474950790405,direct,SAFE_PROGRESSING,NONE,1,0,"-1.658,16.064;-1.244,16.048;-0.829,16.032;-0.415,16.016;0.000,16.000",1,1,PASS_THROUGH,-1,0.8447998230442504,-0.5350824786744592,0.0,0.3319277799351489,3.0157666664273104,3.471601100199542,0.0,0,0,0,DIRECT_LOCAL,PASS_THROUGH,0,BYPASS_VISIBLE,1,18,0.0,16.0,2.0,0.0,16.0,2.0,1,
583,19.466667,0.033333,-1.6465950012207031,16.063045501708984,2.3973917961120605,-1.0758054688154055,-0.9245470762252808,0.14362657753914257,-0.09881658896076563,-0.03618023889009626,0.17805145805522815,0.0,16.0,2.0,0.8370377622901198,-0.49444852623071267,-0.23428281927752367,0.3307324352790051,0.06915262341499329,-0.11090964078903198,-0.0325058177113533,-1.350701093673706,direct,SAFE_PROGRESSING,NONE,1,0,"-1.652,16.064;-1.239,16.048;-0.826,16.032;-0.413,16.016;0.000,16.000",0,1,PASS_THROUGH,-1,0.8213267453805294,-0.5202150127543533,-0.2340912596138843,0.3319277799351489,3.0153473041219323,3.470521814655297,0.0,0,0,0,DIRECT_LOCAL,PASS_THROUGH,0,BYPASS_VISIBLE,1,18,0.0,16.0,2.0,0.0,16.0,2.0,1,
584,19.5,0.033333,-1.6408926248550415,16.062183380126953,2.396225690841675,-1.1065748873987635,-0.9229745268821716,0.14083007151811067,-0.09717804810110582,-0.03723905629712457,0.1751097638352511,0.0,16.0,2.0,0.8519604274805381,-0.46818764056128853,-0.2344435182145853,0.3295603030300066,0.06732301414012909,-0.11553485691547394,-0.03439217060804367,-1.317550539970398,direct,SAFE_PROGRESSING,NONE,1,0,"-1.647,16.063;-1.235,16.047;-0.823,16.032;-0.412,16.016;0.000,16.000",0,1,PASS_THROUGH,-1,0.8213267453805294,-0.5202150127543533,-0.2340912596138843,0.3319277799351489,3.014819362605542,3.4693197306784813,0.0,0,0,0,DIRECT_LOCAL,PASS_THROUGH,0,BYPASS_VISIBLE,1,18,0.0,16.0,2.0,0.0,16.0,2.0,1,
585,19.533333,0.033333,-1.6353205442428589,16.06113624572754,2.3950119018554688,-1.137193280631068,-0.9177778959274292,0.13782719987562608,-0.09728697167391685,-0.03812843757479038,0.17295915597311395,0.0,16.0,2.0,0.8660411004010433,-0.4415341064330878,-0.23456437340842004,0.32841409099292196,0.06342194229364395,-0.11874477565288544,-0.03581331670284271,-1.2782196998596191,direct,SAFE_PROGRESSING,NONE,1,0,"-1.641,16.062;-1.231,16.047;-0.820,16.031;-0.410,16.016;0.000,16.000",0,1,PASS_THROUGH,-1,0.8213267453805294,-0.5202150127543533,-0.2340912596138843,0.3319277799351489,3.0141587773081984,3.467948299192693,0.0,0,0,0,DIRECT_LOCAL,PASS_THROUGH,0,BYPASS_VISIBLE,1,18,0.0,16.0,2.0,0.0,16.0,2.0,1,
586,19.566667,0.033333,-1.6298654079437256,16.059858322143555,2.3937535285949707,-1.1675532253240561,-0.908316433429718,0.13474606064268455,-0.09914842057975227,-0.03884896350166362,0.17174443841747847,0.0,16.0,2.0,0.8792395838185684,-0.414584881541197,-0.23464255846717655,0.32729258610389683,0.057459767907857895,-0.12007199227809906,-0.036660682410001755,-1.235155463218689,direct,SAFE_PROGRESSING,NONE,1,0,"-1.635,16.061;-1.226,16.046;-0.818,16.031;-0.409,16.015;0.000,16.000",0,1,PASS_THROUGH,-1,0.8213267453805294,-0.5202150127543533,-0.2340912596138843,0.3319277799351489,3.0133192442731467,3.466360498240093,0.0,0,0,0,DIRECT_LOCAL,PASS_THROUGH,0,BYPASS_VISIBLE,1,18,0.0,16.0,2.0,0.0,16.0,2.0,1,
587,19.6,0.033333,-1.6245200634002686,16.058307647705078,2.392460584640503,-1.1975365708080516,-0.8943676948547363,0.1314607520993775,-0.10233455337013395,-0.039461378787912615,0.17120598871488668,0.0,16.0,2.0,0.891519732581196,-0.38744963603986393,-0.23468137112035523,0.3261928427627687,0.049903951585292816,-0.11925169825553894,-0.03698775917291641,-1.1891393661499023,direct,SAFE_PROGRESSING,NONE,1,0,"-1.630,16.060;-1.222,16.045;-0.815,16.030;-0.407,16.015;0.000,16.000",0,1,PASS_THROUGH,-1,0.8213267453805294,-0.5202150127543533,-0.2340912596138843,0.3319277799351489,3.012254876265509,3.464513528368528,0.0,0,0,0,DIRECT_LOCAL,PASS_THROUGH,0,BYPASS_VISIBLE,1,18,0.0,16.0,2.0,0.0,16.0,2.0,1,
588,19.633333,0.033333,-1.619293212890625,16.056455612182617,2.3911447525024414,-1.2270159014026447,-0.8761178851127625,0.1276645058730696,-0.10616496491050881,-0.040005104722354516,0.17079120070457712,0.0,16.0,2.0,0.9028514396863578,-0.3602515849978342,-0.2346871819312235,0.3251132244723928,0.04140593484044075,-0.11596526205539703,-0.03680901974439621,-1.139381766319275,direct,SAFE_PROGRESSING,NONE,1,0,"-1.625,16.058;-1.218,16.044;-0.812,16.029;-0.406,16.015;0.000,16.000",1,1,PASS_THROUGH,-1,0.9287917123426357,-0.37060215202240077,0.0,0.3251132244723928,3.0109234659369752,3.462378816263661,0.0,0,0,0,DIRECT_LOCAL,PASS_THROUGH,0,BYPASS_VISIBLE,1,18,0.0,16.0,2.0,0.0,16.0,2.0,1,
589,19.666667,0.033333,-1.614213466644287,16.054292678833008,2.3898212909698486,-1.2558656293540376,-0.8539648056030273,0.12300449423454973,-0.10990022208676625,-0.04039134155856689,0.16982233330607238,0.0,16.0,2.0,0.9132149202334575,-0.3331227770604886,-0.2346651334700314,0.3240554116481042,0.03288422152400017,-0.10977707803249359,-0.03599453344941139,-1.0847899913787842,direct,SAFE_PROGRESSING,NONE,1,0,"-1.619,16.056;-1.214,16.042;-0.810,16.028;-0.405,16.014;-0.000,16.000",0,1,PASS_THROUGH,-1,0.9028514396863578,-0.3602515849978342,-0.2346871819312235,0.3251132244723928,3.0092955342107572,3.459947848794451,0.0,0,0,0,DIRECT_LOCAL,PASS_THROUGH,0,BYPASS_VISIBLE,1,18,0.0,16.0,2.0,0.0,16.0,2.0,1,
590,19.7,0.033333,-1.6093266010284424,16.051830291748047,2.3885090351104736,-1.2839710017596897,-0.828299880027771,0.11722323156236981,-0.11287417316954153,-0.040368476668946995,0.1676647813203594,0.0,16.0,2.0,0.9226029389994033,-0.3061983840802737,-0.2346196209533479,0.3230252504601231,0.02560451440513134,-0.10034297406673431,-0.03430540859699249,-1.0248823165893555,direct,SAFE_PROGRESSING,NONE,1,0,"-1.614,16.054;-1.211,16.041;-0.807,16.027;-0.404,16.014;0.000,16.000",0,1,PASS_THROUGH,-1,0.9028514396863578,-0.3602515849978342,-0.2346871819312235,0.3251132244723928,3.0073597195431025,3.4572338284877273,0.0,0,0,0,DIRECT_LOCAL,PASS_THROUGH,0,BYPASS_VISIBLE,1,18,0.0,16.0,2.0,0.0,16.0,2.0,1,
591,19.733333,0.033333,-1.604689121246338,16.049102783203125,2.387232780456543,-1.3112257378122492,-0.7993796467781067,0.11027023987438922,-0.11454408156119865,-0.03960719249457487,0.16385543054765128,0.0,16.0,2.0,0.9310194201798405,-0.27961929437349853,-0.2345546619917421,0.3220322026084005,0.02078816667199135,-0.08771152794361115,-0.031574808061122894,-0.9594647884368896,direct,SAFE_PROGRESSING,NONE,1,0,"-1.609,16.052;-1.207,16.039;-0.805,16.026;-0.402,16.013;0.000,16.000",0,1,PASS_THROUGH,-1,0.9028514396863578,-0.3602515849978342,-0.2346871819312235,0.3251132244723928,3.005124640615489,3.4542731759589027,0.0,0,0,0,DIRECT_LOCAL,PASS_THROUGH,0,BYPASS_VISIBLE,1,18,0.0,16.0,2.0,0.0,16.0,2.0,1,
592,19.766667,0.033333,-1.600355863571167,16.046171188354492,2.3860232830047607,-1.3375250532313983,-0.7672742009162903,0.10235478281731067,-0.11448722744672285,-0.03786494701868682,0.158169469325608,0.0,16.0,2.0,0.9384768429320399,-0.25353923902812464,-0.23447615988272819,0.3210880414568339,0.019146164879202843,-0.07266514748334885,-0.027890276163816452,-0.888653576374054,direct,SAFE_PROGRESSING,NONE,1,0,"-1.605,16.049;-1.204,16.037;-0.802,16.025;-0.401,16.012;0.000,16.000",0,1,PASS_THROUGH,-1,0.9028514396863578,-0.3602515849978342,-0.2346871819312235,0.3251132244723928,3.0026209810265576,3.451128701675294,0.0,0,0,0,DIRECT_LOCAL,PASS_THROUGH,0,BYPASS_VISIBLE,1,18,0.0,16.0,2.0,0.0,16.0,2.0,1,
593,19.8,0.033333,-1.596370816230774,16.04310417175293,2.384911060333252,-1.3627553589290797,-0.7318898439407349,0.09392165119780398,-0.11239415814393727,-0.0351268533009975,0.15062409890663622,0.0,16.0,2.0,0.9449937790161483,-0.22813673098522896,-0.234393663728678,0.3202043515444899,0.020690608769655228,-0.05674116685986519,-0.023651791736483574,-0.8139772415161133,direct,SAFE_PROGRESSING,NONE,1,0,"-1.600,16.046;-1.200,16.035;-0.800,16.023;-0.400,16.012;0.000,16.000",0,1,PASS_THROUGH,-1,0.9028514396863578,-0.3602515849978342,-0.2346871819312235,0.3251132244723928,3.0065535060562056,3.4478701610986833,0.0,0,0,0,DIRECT_LOCAL,PASS_THROUGH,0,BYPASS_VISIBLE,1,18,0.0,16.0,2.0,0.0,16.0,2.0,1,
594,19.833333,0.033333,-1.592756748199463,16.039993286132812,2.3839211463928223,-1.38678623953441,-0.6931339502334595,0.085557555323671,-0.10809493547477249,-0.031630332588710265,0.14143934490774018,0.0,16.0,2.0,0.9505983590064421,-0.20361170658785482,-0.2343182297531301,0.31939052913546534,0.02497120574116707,-0.041778020560741425,-0.01943235844373703,-0.738649845123291,direct,SAFE_PROGRESSING,NONE,1,0,"-1.596,16.043;-1.197,16.032;-0.798,16.022;-0.399,16.011;-0.000,16.000",1,1,PASS_THROUGH,-1,0.9778209435589231,-0.20944259914720675,0.0,0.31939052913546534,3.0139220598048113,3.44458909111601,0.0,0,0,0,DIRECT_LOCAL,PASS_THROUGH,0,BYPASS_VISIBLE,1,18,0.0,16.0,2.0,0.0,16.0,2.0,1,
595,19.866667,0.033333,-1.589510440826416,16.03693199157715,2.383063793182373,-1.4094742720533429,-0.651184618473053,0.07786701200328289,-0.1016150026325946,-0.027757950257642112,0.13099383237712886,0.0,16.0,2.0,0.9553288336457137,-0.18019072386159507,-0.234260800475356,0.31865175485916464,0.03150508552789688,-0.029396846890449524,-0.01572825387120247,-0.6663968563079834,direct,SAFE_PROGRESSING,NONE,1,0,"-1.593,16.040;-1.195,16.030;-0.796,16.020;-0.398,16.010;0.000,16.000",0,1,PASS_THROUGH,-1,0.9505983590064421,-0.20361170658785482,-0.2343182297531301,0.31939052913546534,3.0247530878464146,3.4413777492089586,0.0,0,0,0,DIRECT_LOCAL,PASS_THROUGH,0,BYPASS_VISIBLE,1,18,0.0,16.0,2.0,0.0,16.0,2.0,1,
596,19.9,0.033333,-1.5866022109985352,16.034019470214844,2.3823366165161133,-1.4306815091476994,-0.6066784262657166,0.07136682842604368,-0.09322619191589022,-0.023888883469486207,0.11981246100531212,0.0,16.0,2.0,0.9592408588717546,-0.15809624056395724,-0.2342275675289358,0.3179878874107026,0.03975268453359604,-0.02062639407813549,-0.012810815125703812,-0.6002340316772461,direct,SAFE_PROGRESSING,NONE,1,0,"-1.590,16.037;-1.192,16.028;-0.795,16.018;-0.397,16.009;-0.000,16.000",0,1,PASS_THROUGH,-1,0.9505983590064421,-0.20361170658785482,-0.2343182297531301,0.31939052913546534,3.0390642093002285,3.4383330064795286,0.0,0,0,0,DIRECT_LOCAL,PASS_THROUGH,0,BYPASS_VISIBLE,1,18,0.0,16.0,2.0,0.0,16.0,2.0,1,
597,19.933333,0.033333,-1.5839804410934448,16.031330108642578,2.3817241191864014,-1.4503081738144894,-0.5607009530067444,0.06642378426830359,-0.08345385828702297,-0.02031773433223868,0.10857935304609288,0.0,16.0,2.0,0.9624083369088028,-0.13751590233256278,-0.23422119813136755,0.3173933773914723,0.04862377047538757,-0.01571788638830185,-0.01074672769755125,-0.5419183969497681,direct,SAFE_PROGRESSING,NONE,1,0,"-1.587,16.034;-1.190,16.026;-0.793,16.017;-0.397,16.009;0.000,16.000",0,1,PASS_THROUGH,-1,0.9505983590064421,-0.20361170658785482,-0.2343182297531301,0.31939052913546534,3.154563792209039,3.4355261425931958,0.0,0,0,0,DIRECT_LOCAL,PASS_THROUGH,0,BYPASS_VISIBLE,1,18,0.0,16.0,2.0,0.0,16.0,2.0,1,
598,19.966667,0.033333,-1.581578254699707,16.028921127319336,2.381204605102539,-1.4683181206223717,-0.5146235823631287,0.06321957554138388,-0.07301732238047226,-0.017250721854121322,0.09811132199565359,0.0,16.0,2.0,0.9649226252520245,-0.11855785254062365,-0.23423996857431717,0.316858051087495,0.05642818287014961,-0.014204034581780434,-0.009471549652516842,-0.49189236760139465,direct,SAFE_PROGRESSING,NONE,1,0,"-1.584,16.031;-1.188,16.023;-0.792,16.016;-0.396,16.008;0.000,16.000",0,1,PASS_THROUGH,-1,0.9505983590064421,-0.20361170658785482,-0.2343182297531301,0.31939052913546534,3.272254150395898,3.433010799978088,0.0,0,0,0,DIRECT_LOCAL,PASS_THROUGH,0,BYPASS_VISIBLE,1,18,0.0,16.0,2.0,0.0,16.0,2.0,1,
599,20.0,0.033333,-1.5793241262435913,16.026817321777344,2.3807528018951416,-1.4847488943341565,-0.4698648452758789,0.06171522384792615,-0.06270956944732205,-0.014815271969890798,0.0892230420822445,0.0,16.0,2.0,0.9668827050234657,-0.10124407505352517,-0.23428075463653045,0.31636853240133683,0.06147567182779312,-0.015022357925772667,-0.008828950114548206,-0.4492188096046448,direct,SAFE_PROGRESSING,NONE,1,0,"-1.582,16.029;-1.186,16.022;-0.791,16.014;-0.395,16.007;0.000,16.000",0,1,PASS_THROUGH,-1,0.9505983590064421,-0.20361170658785482,-0.2343182297531301,0.31939052913546534,3.514960691304447,3.430808217370194,0.0,0,0,0,DIRECT_LOCAL,PASS_THROUGH,0,BYPASS_VISIBLE,1,18,0.0,16.0,2.0,0.0,16.0,2.0,1,
600,20.033333,0.033333,-1.577149748802185,16.02501106262207,2.38034725189209,-1.4996972075545176,-0.4276300370693207,0.06161701359145878,-0.053245897826904656,-0.013049296253227097,0.08247463932644795,0.0,16.0,2.0,0.9683865237689696,-0.08551454227496123,-0.23433907835048493,0.3159103584552044,0.0627487301826477,-0.016768086701631546,-0.008592327125370502,-0.4118729531764984,direct,SAFE_PROGRESSING,NONE,1,0,"-1.579,16.027;-1.184,16.020;-0.790,16.013;-0.395,16.007;0.000,16.000",1,1,PASS_THROUGH,-1,0.9961236628139859,-0.08796390385861894,0.0,0.3159103584552044,inf,3.428907555123439,0.0,0,0,0,DIRECT_LOCAL,PASS_THROUGH,0,BYPASS_VISIBLE,1,18,0.0,16.0,2.0,0.0,16.0,2.0,1,
601,20.066667,0.033333,-1.5750031471252441,16.023475646972656,2.379969358444214,-1.5132891142802594,-0.388702392578125,0.06237953942053516,-0.04512170772376146,-0.011889571264677799,0.07790081739676746,0.0,16.0,2.0,0.9695222751831648,-0.07125618840289111,-0.23441227258390604,0.31546961079636693,0.06005458906292915,-0.018071522936224937,-0.008504314348101616,-0.37734097242355347,direct,SAFE_PROGRESSING,NONE,1,0,"-1.577,16.025;-1.183,16.019;-0.789,16.013;-0.394,16.006;0.000,16.000",0,1,PASS_THROUGH,-1,0.9683865237689696,-0.08551454227496123,-0.23433907835048493,0.3159103584552044,inf,3.427279774647619,0.0,0,0,0,DIRECT_LOCAL,PASS_THROUGH,0,BYPASS_VISIBLE,1,18,0.0,16.0,2.0,0.0,16.0,2.0,1,
602,20.1,0.033333,-1.5728551149368286,16.022165298461914,2.379608154296875,-1.5256519190541133,-0.3533613383769989,0.06327496465967235,-0.03852074418448934,-0.011185789043057231,0.07491789346828591,0.0,16.0,2.0,0.9703647215965407,-0.05833903134871804,-0.23449704582821762,0.31503561826912263,0.0538349375128746,-0.01794467121362686,-0.008337147533893585,-0.34322553873062134,direct,SAFE_PROGRESSING,NONE,1,0,"-1.575,16.023;-1.181,16.018;-0.788,16.012;-0.394,16.006;0.000,16.000",0,1,PASS_THROUGH,-1,0.9683865237689696,-0.08551454227496123,-0.23433907835048493,0.3159103584552044,inf,3.4258778643807664,0.0,0,0,0,DIRECT_LOCAL,PASS_THROUGH,0,BYPASS_VISIBLE,1,18,0.0,16.0,2.0,0.0,16.0,2.0,1,
603,20.133333,0.033333,-1.5707049369812012,16.021026611328125,2.379260778427124,-1.5368966004921252,-0.3214198648929596,0.06352599997883185,-0.033302789233140145,-0.01075225992134964,0.07252750883239929,0.0,16.0,2.0,0.9709748528899715,-0.04663404630457457,-0.23459134847764695,0.3146022576548903,0.046018827706575394,-0.01602667197585106,-0.007989563047885895,-0.3078448176383972,direct,SAFE_PROGRESSING,NONE,1,0,"-1.573,16.022;-1.180,16.017;-0.786,16.011;-0.393,16.006;-0.000,16.000",0,1,PASS_THROUGH,-1,0.9683865237689696,-0.08551454227496123,-0.23433907835048493,0.3159103584552044,4.0457704323773465,3.424648454774491,0.0,0,0,0,DIRECT_LOCAL,PASS_THROUGH,0,BYPASS_VISIBLE,1,18,0.0,16.0,2.0,0.0,16.0,2.0,1,
604,20.166667,0.033333,-1.5685795545578003,16.02002716064453,2.3789281845092773,-1.547118410098881,-0.2923218905925751,0.06248997254283046,-0.02907743348435109,-0.01040746080781921,0.06970515796486558,0.0,16.0,2.0,0.9714017402977644,-0.036020386408626356,-0.2346938233304149,0.3141691339034478,0.038529377430677414,-0.0126245291903615,-0.007449086755514145,-0.27062323689460754,direct,SAFE_PROGRESSING,NONE,1,0,"-1.571,16.021;-1.178,16.016;-0.785,16.011;-0.393,16.005;0.000,16.000",0,1,PASS_THROUGH,-1,0.9683865237689696,-0.08551454227496123,-0.23433907835048493,0.3159103584552044,4.043386840243736,3.423560293885831,0.0,0,0,0,DIRECT_LOCAL,PASS_THROUGH,0,BYPASS_VISIBLE,1,18,0.0,16.0,2.0,0.0,16.0,2.0,1,
605,20.2,0.033333,-1.5665240287780762,16.01913833618164,2.3786144256591797,-1.5563997572207091,-0.2652912139892578,0.05983987190371061,-0.02534158442483265,-0.010011510824680478,0.06575132332969512,0.0,16.0,2.0,0.9716847802210755,-0.026400931590944685,-0.23480136008518032,0.31374147995700086,0.033063821494579315,-0.008468725718557835,-0.0068115415051579475,-0.23230046033859253,direct,SAFE_PROGRESSING,NONE,1,0,"-1.569,16.020;-1.176,16.015;-0.784,16.010;-0.392,16.005;0.000,16.000",0,1,PASS_THROUGH,-1,0.9683865237689696,-0.08551454227496123,-0.23433907835048493,0.3159103584552044,3.8888489585908825,3.4225866326936214,0.0,0,0,0,DIRECT_LOCAL,PASS_THROUGH,0,BYPASS_VISIBLE,1,18,0.0,16.0,2.0,0.0,16.0,2.0,1,
606,20.233333,0.033333,-1.5645893812179565,16.018354415893555,2.3783226013183594,-1.5648073328572742,-0.23952727019786835,0.055666488148104966,-0.02163561206511553,-0.009502328264347087,0.0604743900723165,0.0,16.0,2.0,0.9718560354224589,-0.01769503896434993,-0.23491005088967679,0.31332818632551374,0.03067680448293686,-0.004331004340201616,-0.006227422505617142,-0.19443006813526154,direct,SAFE_PROGRESSING,NONE,1,0,"-1.567,16.019;-1.175,16.014;-0.783,16.010;-0.392,16.005;0.000,16.000",1,1,PASS_THROUGH,-1,0.9998342852313623,-0.01820445208983168,0.0,0.31332818632551374,3.8867189505903386,3.421723744383861,0.0,0,0,0,DIRECT_LOCAL,PASS_THROUGH,0,BYPASS_VISIBLE,1,18,0.0,16.0,2.0,0.0,16.0,2.0,1,
607,20.266667,0.033333,-1.562817096710205,16.01768684387207,2.378051996231079,-1.5723823140139939,-0.2144101858139038,0.05046112990373617,-0.01766554887836389,-0.00889692629136015,0.054199193220651316,0.0,16.0,2.0,0.9719418497591235,-0.009860313078861834,-0.23501449936716726,0.31293940732370423,0.030837729573249817,-0.0007428508251905441,-0.005801226012408733,-0.15878993272781372,direct,SAFE_PROGRESSING,NONE,1,0,"-1.565,16.018;-1.173,16.014;-0.782,16.009;-0.391,16.005;0.000,16.000",0,1,PASS_THROUGH,-1,0.9718560354224589,-0.01769503896434993,-0.23491005088967679,0.31332818632551374,3.8847491124586653,3.42098457873241,0.0,0,0,0,DIRECT_LOCAL,PASS_THROUGH,0,BYPASS_VISIBLE,1,18,0.0,16.0,2.0,0.0,16.0,2.0,1,
608,20.3,0.033333,-1.5612282752990723,16.017148971557617,2.3777995109558105,-1.57913798371217,-0.18965491652488708,0.044967969779309155,-0.013354818542759278,-0.008283972713518805,0.04763500486303335,0.0,16.0,2.0,0.9719648656140841,-0.00289174326175725,-0.23510835338775932,0.31258343540346917,0.03342621028423309,0.0019495557062327862,-0.005617646966129541,-0.12742741405963898,direct,SAFE_PROGRESSING,NONE,1,0,"-1.563,16.018;-1.172,16.013;-0.781,16.009;-0.391,16.004;0.000,16.000",0,1,PASS_THROUGH,-1,0.9718560354224589,-0.01769503896434993,-0.23491005088967679,0.31332818632551374,3.8829781311618246,3.4203831181172695,0.0,0,0,0,DIRECT_LOCAL,PASS_THROUGH,0,BYPASS_VISIBLE,1,18,0.0,16.0,2.0,0.0,16.0,2.0,1,
609,20.333333,0.033333,-1.5598175525665283,16.016752243041992,2.377558708190918,-1.5850740040797733,-0.16535982489585876,0.03997623070778763,-0.008822413004671889,-0.007773188439338174,0.04166961064541792,0.0,16.0,2.0,0.9719449345999543,0.003201439837935518,-0.23518672345278024,0.31226449140552626,0.0371151901781559,0.0038177119567990303,-0.0056738704442977905,-0.10110695660114288,direct,SAFE_PROGRESSING,NONE,1,0,"-1.561,16.017;-1.171,16.013;-0.781,16.009;-0.390,16.004;0.000,16.000",0,1,PASS_THROUGH,-1,0.9718560354224589,-0.01769503896434993,-0.23491005088967679,0.31332818632551374,3.881430652874032,3.4199303765228612,0.0,0,0,0,DIRECT_LOCAL,PASS_THROUGH,0,BYPASS_VISIBLE,1,18,0.0,16.0,2.0,0.0,16.0,2.0,1,
610,20.366667,0.033333,-1.558555245399475,16.016504287719727,2.3773233890533447,-1.5902014046324253,-0.14192348718643188,0.0361193780341683,-0.004306994335348049,-0.007444581070561617,0.03712925338726923,0.0,16.0,2.0,0.9718992451911179,0.008422317770326891,-0.23524651274845898,0.3119815016914671,0.040676895529031754,0.004976548254489899,-0.005924674216657877,-0.07990214973688126,direct,SAFE_PROGRESSING,NONE,1,0,"-1.560,16.017;-1.170,16.013;-0.780,16.008;-0.390,16.004;0.000,16.000",0,1,PASS_THROUGH,-1,0.9718560354224589,-0.01769503896434993,-0.23491005088967679,0.31332818632551374,3.8801102131750524,3.419632627382089,0.0,0,0,0,DIRECT_LOCAL,PASS_THROUGH,0,BYPASS_VISIBLE,1,18,0.0,16.0,2.0,0.0,16.0,2.0,1,
611,20.4,0.033333,-1.5573959350585938,16.016399383544922,2.377086877822876,-1.594556920154206,-0.11987888813018799,0.0337274390402397,-7.244264765304897e-05,-0.007340790224252931,0.03451713477777047,0.0,16.0,2.0,0.9718413301266454,0.012801358456930994,-0.23528823659360817,0.31172852577044363,0.043878331780433655,0.005529728252440691,-0.00635623000562191,-0.06313158571720123,direct,SAFE_PROGRESSING,NONE,1,0,"-1.559,16.017;-1.169,16.012;-0.779,16.008;-0.390,16.004;0.000,16.000",0,1,PASS_THROUGH,-1,0.9718560354224589,-0.01769503896434993,-0.23491005088967679,0.31332818632551374,4.171938623614706,3.4194822413481307,0.0,0,0,0,DIRECT_LOCAL,PASS_THROUGH,0,BYPASS_VISIBLE,1,18,0.0,16.0,2.0,0.0,16.0,2.0,1,
612,20.433333,0.033333,-1.5562891960144043,16.01642608642578,2.376843214035034,-1.5982033713607182,-0.09971693903207779,0.032797197612150074,0.003666554340485189,-0.007485201880735914,0.03383974052999707,0.0,16.0,2.0,0.9717808813707215,0.016402722169360243,-0.2353144052279378,0.3114964550885088,0.04707034304738045,0.005512144882231951,-0.006990982685238123,-0.04995783045887947,direct,SAFE_PROGRESSING,NONE,1,0,"-1.557,16.016;-1.168,16.012;-0.779,16.008;-0.389,16.004;0.000,16.000",1,1,PASS_THROUGH,-1,0.999857579543161,0.016876629701792774,0.0,0.3114964550885088,4.170980023543523,3.4194657381936158,0.0,0,0,0,DIRECT_LOCAL,PASS_THROUGH,0,BYPASS_VISIBLE,1,18,0.0,16.0,2.0,0.0,16.0,2.0,1,
613,20.466667,0.033333,-1.5551893711090088,16.016565322875977,2.376585006713867,-1.6012173839797974,-0.08177533745765686,0.033084597421703006,0.006779865947813468,-0.007896227448267793,0.034682958016023606,0.0,16.0,2.0,0.9717240485702452,0.019307587514550004,-0.23532868608527086,0.31127517587796355,0.04920627549290657,0.005240288563072681,-0.007854634895920753,-0.03890752047300339,direct,SAFE_PROGRESSING,NONE,1,0,"-1.556,16.016;-1.167,16.012;-0.778,16.008;-0.389,16.004;0.000,16.000",0,1,PASS_THROUGH,-1,0.9717808813707215,0.016402722169360243,-0.2353144052279378,0.3114964550885088,3.871057623704286,3.419562256494481,0.0,0,0,0,DIRECT_LOCAL,PASS_THROUGH,0,BYPASS_VISIBLE,1,18,0.0,16.0,2.0,0.0,16.0,2.0,1,
614,20.5,0.033333,-1.554062008857727,16.016794204711914,2.376305103302002,-1.6036788046272583,-0.06618029624223709,0.034222854792639305,0.009227345512656667,-0.008587020792035724,0.03647032521723482,0.0,16.0,2.0,0.9716745777221985,0.021605087282805947,-0.23533324289587598,0.31105551851284813,0.05057911574840546,0.004953684285283089,-0.008959864266216755,-0.02918436750769615,direct,SAFE_PROGRESSING,NONE,1,0,"-1.555,16.017;-1.166,16.012;-0.778,16.008;-0.389,16.004;0.000,16.000",0,1,PASS_THROUGH,-1,0.9717808813707215,0.016402722169360243,-0.2353144052279378,0.3114964550885088,3.7985023568145655,3.419747602223366,0.0,0,0,0,DIRECT_LOCAL,PASS_THROUGH,0,BYPASS_VISIBLE,1,18,0.0,16.0,2.0,0.0,16.0,2.0,1,
615,20.533333,0.033333,-1.5528854131698608,16.01708984375,2.3759961128234863,-1.6056633925801704,-0.05284710228443146,0.035825294558212144,0.011047848091030568,-0.009549917328271876,0.0386873053933972,0.0,16.0,2.0,0.9716345011594981,0.023382850963641292,-0.23532878794857534,0.31083055015148175,0.051635656505823135,0.004916119389235973,-0.010279182344675064,-0.0199496541172266,direct,SAFE_PROGRESSING,NONE,1,0,"-1.554,16.017;-1.166,16.013;-0.777,16.008;-0.389,16.004;0.000,16.000",0,1,PASS_THROUGH,-1,0.9717808813707215,0.016402722169360243,-0.2353144052279378,0.3114964550885088,3.7978602762651406,3.419998104765663,0.0,0,0,0,DIRECT_LOCAL,PASS_THROUGH,0,BYPASS_VISIBLE,1,18,0.0,16.0,2.0,0.0,16.0,2.0,1,
616,20.566667,0.033333,-1.5516502857208252,16.01743507385254,2.375650644302368,-1.6072397965588336,-0.04152597859501839,0.037579016834035424,0.012339896837188355,-0.010742192601807187,0.040985976407296794,0.0,16.0,2.0,0.971604923607776,0.024721694455337936,-0.23531406724712525,0.31059588981151237,0.0526823066174984,0.0053266678005456924,-0.01174441073089838,-0.01052407268434763,direct,SAFE_PROGRESSING,NONE,1,0,"-1.553,16.017;-1.165,16.013;-0.776,16.009;-0.388,16.004;0.000,16.000",0,1,PASS_THROUGH,-1,0.9717808813707215,0.016402722169360243,-0.2353144052279378,0.3114964550885088,3.7972302789481707,3.4202963052217634,0.0,0,0,0,DIRECT_LOCAL,PASS_THROUGH,0,BYPASS_VISIBLE,1,18,0.0,16.0,2.0,0.0,16.0,2.0,1,
617,20.6,0.033333,-1.5503554344177246,16.017810821533203,2.3752622604370117,-1.6084662481001184,-0.03185422345995903,0.0393020680404423,0.013240668398184363,-0.01209091257859679,0.04319905113390228,0.0,16.0,2.0,0.9715866225434284,0.025688829526975918,-0.2352860364156522,0.31034964739646553,0.05406605452299118,0.0061786603182554245,-0.013273483142256737,-0.0009018451673910022,direct,SAFE_PROGRESSING,NONE,1,0,"-1.552,16.017;-1.164,16.013;-0.776,16.009;-0.388,16.004;0.000,16.000",0,1,PASS_THROUGH,-1,0.9717808813707215,0.016402722169360243,-0.2353144052279378,0.3114964550885088,3.796593754874771,3.420623154970912,0.0,0,0,0,DIRECT_LOCAL,PASS_THROUGH,0,BYPASS_VISIBLE,1,18,0.0,16.0,2.0,0.0,16.0,2.0,1,
618,20.633333,0.033333,-1.5490033626556396,16.018211364746094,2.3748278617858887,-1.6093896524925262,-0.023431528359651566,0.040954784072971616,0.013901844473648837,-0.01351321911520032,0.04531183850925345,0.0,16.0,2.0,0.9715800349671136,0.0263417238095794,-0.23524104497311202,0.3100915476688947,0.056004494428634644,0.007292742375284433,-0.01479760929942131,0.00841590203344822,direct,SAFE_PROGRESSING,NONE,1,0,"-1.550,16.018;-1.163,16.013;-0.775,16.009;-0.388,16.004;0.000,16.000",1,1,PASS_THROUGH,-1,0.9996326653673467,0.02710229382495663,0.0,0.3100915476688947,3.7959365183942415,3.420973087930004,0.0,0,0,0,DIRECT_LOCAL,PASS_THROUGH,0,BYPASS_VISIBLE,1,18,0.0,16.0,2.0,0.0,16.0,2.0,1,
619,20.666667,0.033333,-1.5475956201553345,16.018627166748047,2.3743457794189453,-1.6100456782276396,-0.015908317640423775,0.04261337042670294,0.014461066811140283,-0.01493899939914956,0.04741513993955364,0.0,16.0,2.0,0.9715852841469352,0.0267185905512271,-0.23517685376770142,0.30982208257801086,0.05850089713931084,0.008455702103674412,-0.016275595873594284,0.01691589131951332,direct,SAFE_PROGRESSING,NONE,1,0,"-1.549,16.018;-1.162,16.014;-0.775,16.009;-0.387,16.005;0.000,16.000",0,1,PASS_THROUGH,-1,0.9715800349671136,0.0263417238095794,-0.23524104497311202,0.3100915476688947,3.795256386410101,3.4213366897605666,0.0,0,0,0,DIRECT_LOCAL,PASS_THROUGH,0,BYPASS_VISIBLE,1,18,0.0,16.0,2.0,0.0,16.0,2.0,1,
620,20.7,0.033333,-1.5461301803588867,16.019060134887695,2.3738157749176025,-1.6104604435947896,-0.009043676778674126,0.04441937316809593,0.015015376404145166,-0.01632249078812855,0.049648423406320384,0.0,16.0,2.0,0.9716021270960262,0.026850742074402557,-0.23509220376807666,0.30954154324516986,0.061755962669849396,0.00943843461573124,-0.01768854632973671,0.02401239238679409,direct,SAFE_PROGRESSING,NONE,1,0,"-1.548,16.019;-1.161,16.014;-0.774,16.009;-0.387,16.005;0.000,16.000",0,1,PASS_THROUGH,-1,0.9715800349671136,0.0263417238095794,-0.23524104497311202,0.3100915476688947,3.7945478103440657,3.421715852401214,0.0,0,0,0,DIRECT_LOCAL,PASS_THROUGH,0,BYPASS_VISIBLE,1,18,0.0,16.0,2.0,0.0,16.0,2.0,1,
621,20.733333,0.033333,-1.544600009918213,16.01951026916504,2.3732385635375977,-1.61065438865083,-0.002726953709498048,0.046530014760137045,0.015604790734062336,-0.017639325967037427,0.052150719918365944,0.0,16.0,2.0,0.9716301280913118,0.026756755394932434,-0.2349871703433973,0.30924953182558196,0.06556878983974457,0.010133739560842514,-0.01902618817985058,0.02953697368502617,direct,SAFE_PROGRESSING,NONE,1,0,"-1.546,16.019;-1.160,16.014;-0.773,16.010;-0.387,16.005;0.000,16.000",0,1,PASS_THROUGH,-1,0.9715800349671136,0.0263417238095794,-0.23524104497311202,0.3100915476688947,3.7938107429191508,3.422110387196198,0.0,0,0,0,DIRECT_LOCAL,PASS_THROUGH,0,BYPASS_VISIBLE,1,18,0.0,16.0,2.0,0.0,16.0,2.0,1,
622,20.766667,0.033333,-1.5429929494857788,16.019973754882812,2.3726160526275635,-1.610646855065376,0.0030437603127211332,0.049078726784903534,0.01621227109793075,-0.018881735771959018,0.05502798472361209,0.0,16.0,2.0,0.9716683780560007,0.02645527340594872,-0.23486311246135985,0.30894464496037055,0.06992939859628677,0.010531086474657059,-0.020288562402129173,0.033504124730825424,direct,SAFE_PROGRESSING,NONE,1,0,"-1.545,16.020;-1.158,16.015;-0.772,16.010;-0.386,16.005;-0.000,16.000",0,1,PASS_THROUGH,-1,0.9715800349671136,0.0263417238095794,-0.23524104497311202,0.3100915476688947,3.7930402437396875,3.422516124709665,0.0,0,0,0,DIRECT_LOCAL,PASS_THROUGH,0,BYPASS_VISIBLE,1,18,0.0,16.0,2.0,0.0,16.0,2.0,1,
623,20.8,0.033333,-1.5412930250167847,16.020456314086914,2.371951103210449,-1.6104572708004594,0.008208961226046085,0.0521506907495119,0.016780790971939984,-0.02004869236536323,0.05833729130544325,0.0,16.0,2.0,0.9717154339047342,0.025967358261373457,-0.23472284042303956,0.3086244444658875,0.07445545494556427,0.010687718167901039,-0.021466722711920738,0.03620578348636627,direct,SAFE_PROGRESSING,NONE,1,0,"-1.543,16.020;-1.157,16.015;-0.771,16.010;-0.386,16.005;-0.000,16.000",0,1,PASS_THROUGH,-1,0.9715800349671136,0.0263417238095794,-0.23524104497311202,0.3100915476688947,3.7922250563149777,3.4229383157587354,0.0,0,0,0,DIRECT_LOCAL,PASS_THROUGH,0,BYPASS_VISIBLE,1,18,0.0,16.0,2.0,0.0,16.0,2.0,1,
624,20.833333,0.033333,-1.5394827127456665,16.020954132080078,2.371244430541992,-1.6101086590887042,0.01269897073507309,0.05577020735596217,0.017239615189589958,-0.0211417842401264,0.06208458263746496,0.0,16.0,2.0,0.9717695804265003,0.025311509606371352,-0.23457026674143944,0.308285753790305,0.07900148630142212,0.01065412163734436,-0.022555643692612648,0.03784674033522606,direct,SAFE_PROGRESSING,NONE,1,0,"-1.541,16.020;-1.156,16.015;-0.771,16.010;-0.385,16.005;0.000,16.000",1,1,PASS_THROUGH,-1,0.9996609540295096,0.026037991259128593,0.0,0.308285753790305,3.791357945637771,3.423372659777707,0.0,0,0,0,DIRECT_LOCAL,PASS_THROUGH,0,BYPASS_VISIBLE,1,18,0.0,16.0,2.0,0.0,16.0,2.0,1,
625,20.866667,0.033333,-1.5375444889068604,16.02146339416504,2.370497941970825,-1.6096251424083197,0.01646658591926098,0.059900062533653035,0.01752893933314198,-0.022165462507015513,0.06623132894507272,0.0,16.0,2.0,0.9718291318704694,0.024513274440618772,-0.23440827166311504,0.3079250622144281,0.08354990184307098,0.01048300787806511,-0.023557955399155617,0.0386330783367157,direct,SAFE_PROGRESSING,NONE,1,0,"-1.539,16.021;-1.155,16.016;-0.770,16.010;-0.385,16.005;-0.000,16.000",0,1,PASS_THROUGH,-1,0.9717695804265003,0.025311509606371352,-0.23457026674143944,0.308285753790305,3.790423886299978,3.423814895970992,0.0,0,0,0,DIRECT_LOCAL,PASS_THROUGH,0,BYPASS_VISIBLE,1,18,0.0,16.0,2.0,0.0,16.0,2.0,1,
626,20.9,0.033333,-1.5354630947113037,16.02197265625,2.3697140216827393,-1.609030640982407,0.019498247653245926,0.06445882008762328,0.01761500976435717,-0.023126030909047433,0.07071097058938736,0.0,16.0,2.0,0.9718922499793674,0.02359799416579387,-0.2342404514625817,0.3075388582053944,0.08818627893924713,0.0102444589138031,-0.02448158524930477,0.038824886083602905,direct,SAFE_PROGRESSING,NONE,1,0,"-1.538,16.021;-1.153,16.016;-0.769,16.011;-0.384,16.005;0.000,16.000",0,1,PASS_THROUGH,-1,0.9717695804265003,0.025311509606371352,-0.23457026674143944,0.308285753790305,3.7894078754097484,3.424253259631089,0.0,0,0,0,DIRECT_LOCAL,PASS_THROUGH,0,BYPASS_VISIBLE,1,18,0.0,16.0,2.0,0.0,16.0,2.0,1,
627,20.933333,0.033333,-1.5332252979278564,16.02248191833496,2.3688948154449463,-1.6083487759885455,0.021818460896611214,0.06934981090907641,0.017494357883503033,-0.024027790499114188,0.07545053708987139,0.0,16.0,2.0,0.9719570435078654,0.02259556720230525,-0.23407038667515276,0.3071240604604657,0.09290790557861328,0.009994890540838242,-0.025332778692245483,0.03865630924701691,direct,SAFE_PROGRESSING,NONE,1,0,"-1.535,16.022;-1.152,16.016;-0.768,16.011;-0.384,16.005;0.000,16.000",0,1,PASS_THROUGH,-1,0.9717695804265003,0.025311509606371352,-0.23457026674143944,0.308285753790305,3.7882911594548916,3.4246875361125455,0.0,0,0,0,DIRECT_LOCAL,PASS_THROUGH,0,BYPASS_VISIBLE,1,18,0.0,16.0,2.0,0.0,16.0,2.0,1,
628,20.966667,0.033333,-1.5308221578598022,16.02297019958496,2.3680429458618164,-1.6076004503833394,0.023488231003284454,0.07448755219755221,0.017189630678593346,-0.024872856064559537,0.08038991108377841,0.0,16.0,2.0,0.9720220427403952,0.021526050026087352,-0.23390121332961003,0.3066780233963943,0.09778620302677155,0.009760155342519283,-0.026121295988559723,0.0382520854473114,direct,SAFE_PROGRESSING,NONE,1,0,"-1.533,16.022;-1.150,16.017;-0.767,16.011;-0.383,16.006;0.000,16.000",0,1,PASS_THROUGH,-1,0.9717695804265003,0.025311509606371352,-0.23457026674143944,0.308285753790305,3.787064510048296,3.4250967272521238,0.0,0,0,0,DIRECT_LOCAL,PASS_THROUGH,0,BYPASS_VISIBLE,1,18,0.0,16.0,2.0,0.0,16.0,2.0,1,
629,21.0,0.033333,-1.5282464027404785,16.023447036743164,2.367159605026245,-1.6068051127437106,0.024593902751803398,0.07981359602853937,0.016739692496661362,-0.02566222083858622,0.08549255519785345,0.0,16.0,2.0,0.9720856667082654,0.020421441921000177,-0.23373579377197398,0.30619889673632167,0.10284639149904251,0.009518229402601719,-0.026856279000639915,0.037594832479953766,direct,SAFE_PROGRESSING,NONE,1,0,"-1.531,16.023;-1.148,16.017;-0.765,16.011;-0.383,16.006;0.000,16.000",0,1,PASS_THROUGH,-1,0.9717695804265003,0.025311509606371352,-0.23457026674143944,0.308285753790305,3.785706952464935,3.425490429412697,0.0,0,0,0,DIRECT_LOCAL,PASS_THROUGH,0,BYPASS_VISIBLE,1,18,0.0,16.0,2.0,0.0,16.0,2.0,1,
630,21.033333,0.033333,-1.5254923105239868,16.02390480041504,2.3662469387054443,-1.6059794249489447,0.025228265672922134,0.085298557706512,0.01618755221408864,-0.02639763359052635,0.09074533515655056,0.0,16.0,2.0,0.9721471877854451,0.019291736845028433,-0.233575842437425,0.30568525191911033,0.10758214443922043,0.009305117651820183,-0.027543041855096817,0.036914292722940445,direct,SAFE_PROGRESSING,NONE,1,0,"-1.528,16.023;-1.146,16.018;-0.764,16.012;-0.382,16.006;0.000,16.000",1,1,PASS_THROUGH,-1,0.9998031568221526,0.019840554640886895,0.0,0.30568525191911033,3.78422024359882,3.4258611703340995,0.0,0,0,0,DIRECT_LOCAL,PASS_THROUGH,0,BYPASS_VISIBLE,1,18,0.0,16.0,2.0,0.0,16.0,2.0,1,
631,21.066667,0.033333,-1.5225549936294556,16.024337768554688,2.3653059005737305,-1.6051371236372076,0.025488076731562614,0.09092173876420243,0.015570985605412563,-0.027090732888818605,0.09614117734396199,0.0,16.0,2.0,0.9722056767534755,0.0181549972983635,-0.23342347388686763,0.3051359191541169,0.11247265338897705,0.008995447307825089,-0.028200840577483177,0.03585204854607582,direct,SAFE_PROGRESSING,NONE,1,0,"-1.525,16.024;-1.144,16.018;-0.763,16.012;-0.381,16.006;0.000,16.000",0,1,PASS_THROUGH,-1,0.9721471877854451,0.019291736845028433,-0.233575842437425,0.30568525191911033,3.7825951389694836,3.4262034476513032,0.0,0,0,0,DIRECT_LOCAL,PASS_THROUGH,0,BYPASS_VISIBLE,1,18,0.0,16.0,2.0,0.0,16.0,2.0,1,
632,21.1,0.033333,-1.5194302797317505,16.024744033813477,2.3643381595611572,-1.6042895438816922,0.02544982358813286,0.09666178763169087,0.014914648555712891,-0.027752103714972304,0.10166674574461952,0.0,16.0,2.0,0.9722605487678982,0.0170257866003012,-0.23327997749525445,0.3045498997277269,0.11777323484420776,0.008518345654010773,-0.02883395552635193,0.03420992195606232,direct,SAFE_PROGRESSING,NONE,1,0,"-1.523,16.024;-1.142,16.018;-0.761,16.012;-0.381,16.006;0.000,16.000",0,1,PASS_THROUGH,-1,0.9721471877854451,0.019291736845028433,-0.233575842437425,0.30568525191911033,3.7808243405759807,3.4265156313410707,0.0,0,0,0,DIRECT_LOCAL,PASS_THROUGH,0,BYPASS_VISIBLE,1,18,0.0,16.0,2.0,0.0,16.0,2.0,1,
633,21.133333,0.033333,-1.516114354133606,16.02512550354004,2.363344192504883,-1.6034469304065448,0.02514815144240856,0.10250978956442923,0.014224679708699903,-0.028381409100226462,0.1073131066173796,0.0,16.0,2.0,0.9723112632743371,0.01591520990932719,-0.23314697811338808,0.3039263491160362,0.12338652461767197,0.00794089026749134,-0.029436741024255753,0.03216132894158363,direct,SAFE_PROGRESSING,NONE,1,0,"-1.519,16.025;-1.140,16.019;-0.760,16.012;-0.380,16.006;0.000,16.000",0,1,PASS_THROUGH,-1,0.9721471877854451,0.019291736845028433,-0.233575842437425,0.30568525191911033,3.7789037649521475,3.4267999531246045,0.0,0,0,0,DIRECT_LOCAL,PASS_THROUGH,0,BYPASS_VISIBLE,1,18,0.0,16.0,2.0,0.0,16.0,2.0,1,
634,21.166667,0.033333,-1.5126032829284668,16.02547836303711,2.362325429916382,-1.602618849868763,0.024594450369477272,0.1084757812805589,0.013492375820589967,-0.02897166080853117,0.11308579247507738,0.0,16.0,2.0,0.9723575604710233,0.014831293638961681,-0.23302533622727642,0.303264506709117,0.12917520105838776,0.00735515495762229,-0.030002536252141,0.029936987906694412,direct,SAFE_PROGRESSING,NONE,1,0,"-1.516,16.025;-1.137,16.019;-0.758,16.013;-0.379,16.006;0.000,16.000",0,1,PASS_THROUGH,-1,0.9721471877854451,0.019291736845028433,-0.233575842437425,0.30568525191911033,3.7768322982371876,3.4270529609884934,0.0,0,0,0,DIRECT_LOCAL,PASS_THROUGH,0,BYPASS_VISIBLE,1,18,0.0,16.0,2.0,0.0,16.0,2.0,1,
635,21.2,0.033333,-1.5088930130004883,16.025802612304688,2.3612823486328125,-1.6018140026119976,0.023803632706403732,0.11457928837960357,0.012705661975960231,-0.029516575382265126,0.11900031678159795,0.0,16.0,2.0,0.972399024663284,0.013784893479852893,-0.23291653772466042,0.3025635694203138,0.13492758572101593,0.006777473725378513,-0.03052244707942009,0.02757946029305458,direct,SAFE_PROGRESSING,NONE,1,0,"-1.513,16.025;-1.134,16.019;-0.756,16.013;-0.378,16.006;0.000,16.000",0,1,PASS_THROUGH,-1,0.9721471877854451,0.019291736845028433,-0.233575842437425,0.30568525191911033,3.7746047095478983,3.4272750541178056,0.0,0,0,0,DIRECT_LOCAL,PASS_THROUGH,0,BYPASS_VISIBLE,1,18,0.0,16.0,2.0,0.0,16.0,2.0,1,
636,21.233333,0.033333,-1.5049790143966675,16.026098251342773,2.3602163791656494,-1.6010399531405037,0.02280016802251339,0.12083069330601463,0.011859395880226822,-0.030017758241769915,0.12506705211732408,0.0,16.0,2.0,0.9724354616881707,0.012783336086368308,-0.23282151784106514,0.3018227227684117,0.14062044024467468,0.006183791905641556,-0.030998047441244125,0.02505086548626423,direct,SAFE_PROGRESSING,NONE,1,0,"-1.509,16.026;-1.132,16.019;-0.754,16.013;-0.377,16.006;0.000,16.000",1,1,PASS_THROUGH,-1,0.9999136066012262,0.01314455528835393,0.0,0.3018227227684117,3.7722184022931917,3.4274666631679316,0.0,0,0,0,DIRECT_LOCAL,PASS_THROUGH,0,BYPASS_VISIBLE,1,18,0.0,16.0,2.0,0.0,16.0,2.0,1,
637,21.266667,0.033333,-1.5008563995361328,16.0263614654541,2.35912823677063,-1.6003026294459988,0.021609777584671974,0.12721867321210498,0.010958755565601726,-0.030485117479487005,0.13127843511077164,0.0,16.0,2.0,0.9724665604863241,0.011832358910460538,-0.23274188281981545,0.3010410571664613,0.14630629122257233,0.005589993670582771,-0.03143703565001488,0.022433161735534668,direct,SAFE_PROGRESSING,NONE,1,0,"-1.505,16.026;-1.129,16.020;-0.752,16.013;-0.376,16.007;0.000,16.000",0,1,PASS_THROUGH,-1,0.9724354616881707,0.012783336086368308,-0.23282151784106514,0.3018227227684117,3.76967046540232,3.4276244442377064,0.0,0,0,0,DIRECT_LOCAL,PASS_THROUGH,0,BYPASS_VISIBLE,1,18,0.0,16.0,2.0,0.0,16.0,2.0,1,
638,21.3,0.033333,-1.4965206384658813,16.026592254638672,2.3580193519592285,-1.5996072003304564,0.020258314907550812,0.13371114454884114,0.010017493479781373,-0.030929842108860787,0.13760696016211396,0.0,16.0,2.0,0.9724920887542025,0.010939438614191242,-0.23267889030441632,0.3002175783587265,0.1518036276102066,0.005052650813013315,-0.03184204548597336,0.019976593554019928,direct,SAFE_PROGRESSING,NONE,1,0,"-1.501,16.026;-1.126,16.020;-0.750,16.013;-0.375,16.007;0.000,16.000",0,1,PASS_THROUGH,-1,0.9724354616881707,0.012783336086368308,-0.23282151784106514,0.3018227227684117,3.7669550494702335,3.4277489269772023,0.0,0,0,0,DIRECT_LOCAL,PASS_THROUGH,0,BYPASS_VISIBLE,1,18,0.0,16.0,2.0,0.0,16.0,2.0,1,
639,21.333333,0.033333,-1.4919689893722534,16.026784896850586,2.356890916824341,-1.598958211510394,0.01878385804593563,0.1402602700070361,0.009055312666363724,-0.031363045657070106,0.14400896730002521,0.0,16.0,2.0,0.9725117666503492,0.010109008696160611,-0.2326342014188753,0.2993513767705836,0.15719997882843018,0.004562013316899538,-0.032221049070358276,0.017721127718687057,direct,SAFE_PROGRESSING,NONE,1,0,"-1.497,16.027;-0.998,16.018;-0.499,16.009;0.000,16.000",0,1,PASS_THROUGH,-1,0.9724354616881707,0.012783336086368308,-0.23282151784106514,0.3018227227684117,3.7640692856823956,3.4278350140627825,0.0,0,0,0,DIRECT_LOCAL,PASS_THROUGH,0,BYPASS_VISIBLE,1,18,0.0,16.0,2.0,0.0,16.0,2.0,1,
640,21.366667,0.033333,-1.4872004985809326,16.026945114135742,2.355743646621704,-1.5983585404222675,0.017235983163118362,0.1468120355061393,0.008094377788866253,-0.03179210777886768,0.15043281170764555,0.0,16.0,2.0,0.9725253833207276,0.009347642726096655,-0.23260911498119966,0.29844188016749656,0.1627480685710907,0.004069121554493904,-0.032583087682724,0.015556858852505684,direct,SAFE_PROGRESSING,NONE,1,0,"-1.492,16.027;-0.995,16.018;-0.497,16.009;0.000,16.000",0,1,PASS_THROUGH,-1,0.9724354616881707,0.012783336086368308,-0.23282151784106514,0.3018227227684117,3.7610075145912756,3.427889134424443,0.0,0,0,0,DIRECT_LOCAL,PASS_THROUGH,0,BYPASS_VISIBLE,1,18,0.0,16.0,2.0,0.0,16.0,2.0,1,
641,21.4,0.033333,-1.4822150468826294,16.027067184448242,2.3545782566070557,-1.5978099284246063,0.015659749507904053,0.15332651172636672,0.007153786439991872,-0.032213431979320264,0.1568371800897063,0.0,16.0,2.0,0.9725329427437325,0.008653411502228297,-0.23260437172931403,0.2974889148963479,0.1686740219593048,0.0035444670356810093,-0.03293316066265106,0.013375598005950451,direct,SAFE_PROGRESSING,NONE,1,0,"-1.487,16.027;-0.991,16.018;-0.496,16.009;-0.000,16.000",0,1,PASS_THROUGH,-1,0.9724354616881707,0.012783336086368308,-0.23282151784106514,0.3018227227684117,3.7577734915519767,3.4279063323262373,0.0,0,0,0,DIRECT_LOCAL,PASS_THROUGH,0,BYPASS_VISIBLE,1,18,0.0,16.0,2.0,0.0,16.0,2.0,1,
642,21.433333,0.033333,-1.4770143032073975,16.027156829833984,2.353395462036133,-1.597312741626465,0.014083575457334518,0.15979713119418143,0.006245128952959317,-0.032610968701328,0.16321029395589148,0.0,16.0,2.0,0.9725343932499113,0.008030532259563548,-0.2326206450374836,0.29649243347372156,0.17475953698158264,0.0030343779362738132,-0.033265311270952225,0.011294668540358543,direct,SAFE_PROGRESSING,NONE,1,0,"-1.482,16.027;-0.988,16.018;-0.494,16.009;-0.000,16.000",1,1,PASS_THROUGH,-1,0.9999659100377299,0.008257043200484822,0.0,0.29649243347372156,3.7543634298087016,3.4278931633022522,0.0,0,0,0,DIRECT_LOCAL,PASS_THROUGH,0,BYPASS_VISIBLE,1,18,0.0,16.0,2.0,0.0,16.0,2.0,1,
643,21.466667,0.033333,-1.4715995788574219,16.0272159576416,2.3521957397460938,-1.5968675740053,0.012526835314929485,0.16624927583901378,0.005372343131571089,-0.03297007235808002,0.16957213644646002,0.0,16.0,2.0,0.9725297977466564,0.007476000800522891,-0.2326583372821145,0.2954527877875493,0.18093416094779968,0.00254181120544672,-0.03357700631022453,0.009286878630518913,direct,SAFE_PROGRESSING,NONE,1,0,"-1.477,16.027;-0.985,16.018;-0.492,16.009;0.000,16.000",0,1,PASS_THROUGH,-1,0.9725343932499113,0.008030532259563548,-0.2326206450374836,0.29649243347372156,3.7507829637001113,3.427852389198954,0.0,0,0,0,DIRECT_LOCAL,PASS_THROUGH,0,BYPASS_VISIBLE,1,18,0.0,16.0,2.0,0.0,16.0,2.0,1,
644,21.5,0.033333,-1.4659708738327026,16.027240753173828,2.350980520248413,-1.5964736178721506,0.011004522442817688,0.1727211412585229,0.0045350278895699685,-0.03328682233653915,0.17595786898252125,0.0,16.0,2.0,0.972519202787099,0.006987930051857251,-0.23271778841320997,0.29437024502104087,0.1871083825826645,0.0020368113182485104,-0.03386802598834038,0.007250736467540264,direct,SAFE_PROGRESSING,NONE,1,0,"-1.472,16.027;-0.981,16.018;-0.491,16.009;0.000,16.000",0,1,PASS_THROUGH,-1,0.9725343932499113,0.008030532259563548,-0.2326206450374836,0.29649243347372156,3.747034779090827,3.4277810566387985,0.0,0,0,0,DIRECT_LOCAL,PASS_THROUGH,0,BYPASS_VISIBLE,1,18,0.0,16.0,2.0,0.0,16.0,2.0,1,
645,21.533333,0.033333,-1.4601266384124756,16.027233123779297,2.349749803543091,-1.5961296943063281,0.009521533735096455,0.17924291756383642,0.0037307805527075446,-0.03356970997221228,0.18239755384310166,0.0,16.0,2.0,0.972502413026853,0.006567845896007899,-0.23280017194416866,0.2932447893183642,0.19318930804729462,0.0015100369928404689,-0.03414038196206093,0.00518963485956192,direct,SAFE_PROGRESSING,NONE,1,0,"-1.466,16.027;-0.977,16.018;-0.489,16.009;0.000,16.000",0,1,PASS_THROUGH,-1,0.9725343932499113,0.008030532259563548,-0.2326206450374836,0.29649243347372156,3.7431165708799123,3.4276819444826994,0.0,0,0,0,DIRECT_LOCAL,PASS_THROUGH,0,BYPASS_VISIBLE,1,18,0.0,16.0,2.0,0.0,16.0,2.0,1,
646,21.566667,0.033333,-1.454065203666687,16.02719497680664,2.3485045433044434,-1.5958350188852792,0.008073793724179268,0.18582229145003246,0.0029560431109411146,-0.03383549893249971,0.18890077601382615,0.0,16.0,2.0,0.9724793961724165,0.006213885234527046,-0.23290601462912985,0.2920761163280897,0.19921040534973145,0.0009786522714421153,-0.03439873829483986,0.0031617553904652596,direct,SAFE_PROGRESSING,NONE,1,0,"-1.460,16.027;-0.973,16.018;-0.487,16.009;0.000,16.000",0,1,PASS_THROUGH,-1,0.9725343932499113,0.008030532259563548,-0.2326206450374836,0.29649243347372156,3.7390290541277498,3.4275578738814114,0.0,0,0,0,DIRECT_LOCAL,PASS_THROUGH,0,BYPASS_VISIBLE,1,18,0.0,16.0,2.0,0.0,16.0,2.0,1,
647,21.6,0.033333,-1.4477847814559937,16.027128219604492,2.347245454788208,-1.5955883282196137,0.006655739154666662,0.19244269378340523,0.0022075191044427407,-0.034100121695543925,0.1954530169397773,0.0,16.0,2.0,0.972449948768935,0.0059237132088355675,-0.23303649233782064,0.2908638982945637,0.20510970056056976,0.00048036687076091766,-0.03464337810873985,0.001308492966927588,direct,SAFE_PROGRESSING,NONE,1,0,"-1.454,16.027;-0.969,16.018;-0.485,16.009;0.000,16.000",0,1,PASS_THROUGH,-1,0.9725343932499113,0.008030532259563548,-0.2326206450374836,0.29649243347372156,3.734772888514953,3.42741171007803,0.0,0,0,0,DIRECT_LOCAL,PASS_THROUGH,0,BYPASS_VISIBLE,1,18,0.0,16.0,2.0,0.0,16.0,2.0,1,
648,21.633333,0.033333,-1.4412842988967896,16.027034759521484,2.3459725379943848,-1.5953885014284388,0.005270303692668676,0.19907036603461287,0.001484251553148928,-0.03437416929637688,0.20202177395182863,0.0,16.0,2.0,0.9724138706674857,0.005695127352500804,-0.23319268783115196,0.2896077839916938,0.21095618605613708,3.900844603776932e-05,-0.03487706929445267,-0.00030023418366909027,direct,SAFE_PROGRESSING,NONE,1,0,"-1.448,16.027;-0.965,16.018;-0.483,16.009;0.000,16.000",1,1,PASS_THROUGH,-1,0.9999828500277352,0.005856590339785542,0.0,0.2896077839916938,3.730348680078992,3.4272463728619402,0.0,0,0,0,DIRECT_LOCAL,PASS_THROUGH,0,BYPASS_VISIBLE,1,18,0.0,16.0,2.0,0.0,16.0,2.0,1,
649,21.666667,0.033333,-1.4345641136169434,16.02691078186035,2.3446860313415527,-1.5952338761682126,0.003932173829525709,0.2056665945703448,0.0007894729119897106,-0.03465937802940414,0.20856807971265998,0.0,16.0,2.0,0.9723710737903336,0.005525402005959142,-0.23337515889337088,0.2883075655246525,0.2168521136045456,-0.00035150907933712006,-0.03510161489248276,-0.0016714318189769983,direct,SAFE_PROGRESSING,NONE,1,0,"-1.441,16.027;-0.961,16.018;-0.480,16.009;0.000,16.000",0,1,PASS_THROUGH,-1,0.9724138706674857,0.005695127352500804,-0.23319268783115196,0.2896077839916938,3.7257575634218703,3.4270591159074475,0.0,0,0,0,DIRECT_LOCAL,PASS_THROUGH,0,BYPASS_VISIBLE,1,18,0.0,16.0,2.0,0.0,16.0,2.0,1,
650,21.7,0.033333,-1.4276256561279297,16.02676010131836,2.3433868885040283,-1.5951226454865999,0.0026621855795383453,0.21220215255671324,0.00013011652355920486,-0.03494771465987323,0.21506071989082573,0.0,16.0,2.0,0.9723214379335066,0.005415558198638381,-0.2335844452533502,0.2869632998317312,0.2227260172367096,-0.0006877817213535309,-0.03531593084335327,-0.0027942326851189137,direct,SAFE_PROGRESSING,NONE,1,0,"-1.435,16.027;-0.956,16.018;-0.478,16.009;0.000,16.000",0,1,PASS_THROUGH,-1,0.9724138706674857,0.005695127352500804,-0.23319268783115196,0.2896077839916938,3.720997580143896,3.4268548633450826,0.0,0,0,0,DIRECT_LOCAL,PASS_THROUGH,0,BYPASS_VISIBLE,1,18,0.0,16.0,2.0,0.0,16.0,2.0,1,
651,21.733333,0.033333,-1.4204710721969604,16.02658462524414,2.3420753479003906,-1.5950519875445712,0.0014825662365183234,0.21866311525309165,-0.00048509466729205146,-0.03522893131808083,0.22148334224233918,0.0,16.0,2.0,0.972264789916926,0.005360514779732709,-0.23382139159857018,0.28557528724014414,0.22857579588890076,-0.0009751784964464605,-0.03552057221531868,-0.0036826375871896744,direct,SAFE_PROGRESSING,NONE,1,0,"-1.428,16.027;-0.952,16.018;-0.476,16.009;0.000,16.000",0,1,PASS_THROUGH,-1,0.9724138706674857,0.005695127352500804,-0.23319268783115196,0.2896077839916938,3.7160730163895876,3.426636662159797,0.0,0,0,0,DIRECT_LOCAL,PASS_THROUGH,0,BYPASS_VISIBLE,1,18,0.0,16.0,2.0,0.0,16.0,2.0,1,
652,21.766667,0.033333,-1.4131028652191162,16.026382446289062,2.340752124786377,-1.5950181412577384,0.0004133641195949167,0.2250484658098696,-0.0010478729045521398,-0.03549563316235506,0.22783294312850505,0.0,16.0,2.0,0.9722010677410863,0.005355560533653044,-0.2340863128302511,0.28414396416237697,0.23440389335155487,-0.001240726443938911,-0.03571651503443718,-0.004424475133419037,direct,SAFE_PROGRESSING,NONE,1,0,"-1.420,16.027;-0.947,16.018;-0.473,16.009;0.000,16.000",0,1,PASS_THROUGH,-1,0.9724138706674857,0.005695127352500804,-0.23319268783115196,0.2896077839916938,3.710987306512204,3.4264037662486913,0.0,0,0,0,DIRECT_LOCAL,PASS_THROUGH,0,BYPASS_VISIBLE,1,18,0.0,16.0,2.0,0.0,16.0,2.0,1,
653,21.8,0.033333,-1.4055235385894775,16.026155471801758,2.3394181728363037,-1.5950173229317717,-0.0005335213500075042,0.2313642787559146,-0.001552809059434894,-0.03574498093510162,0.234114383074322,0.0,16.0,2.0,0.9721301129164449,0.00539858103726645,-0.2343798175693557,0.2826698244356954,0.24017459154129028,-0.0014830379514023662,-0.0359044186770916,-0.005019981414079666,direct,SAFE_PROGRESSING,NONE,1,0,"-1.413,16.026;-0.942,16.018;-0.471,16.009;0.000,16.000",0,1,PASS_THROUGH,-1,0.9724138706674857,0.005695127352500804,-0.23319268783115196,0.2896077839916938,3.7057413963333525,3.4261592607096136,0.0,0,0,0,DIRECT_LOCAL,PASS_THROUGH,0,BYPASS_VISIBLE,1,18,0.0,16.0,2.0,0.0,16.0,2.0,1,
654,21.833333,0.033333,-1.3977349996566772,16.025907516479492,2.3380730152130127,-1.5950461910697173,-0.00135458551812917,0.23761713481450825,-0.0019989692336132496,-0.03597947693614886,0.24033397886285662,0.0,16.0,2.0,0.972051725547861,0.005485299411369847,-0.2347026935290553,0.2811533763791044,0.24588869512081146,-0.001704920781776309,-0.03608637675642967,-0.0054948944598436356,direct,SAFE_PROGRESSING,NONE,1,0,"-1.406,16.026;-0.937,16.017;-0.469,16.009;0.000,16.000",1,1,PASS_THROUGH,-1,0.9999840785888446,0.005642922010730526,0.0,0.2811533763791044,3.700338993327418,3.4259081536310076,0.0,0,0,0,DIRECT_LOCAL,PASS_THROUGH,0,BYPASS_VISIBLE,1,18,0.0,16.0,2.0,0.0,16.0,2.0,1,
655,21.866667,0.033333,-1.3897393941879272,16.0256404876709,2.3367178440093994,-1.5951003993865998,-0.0020526405423879623,0.24380937462650998,-0.0023890785481320976,-0.03620443000169655,0.24649438047109057,0.0,16.0,2.0,0.9719659067517563,0.005609120388450926,-0.2350549167337364,0.2795950163129083,0.2515355944633484,-0.001903511118143797,-0.036263059824705124,-0.005849052220582962,direct,SAFE_PROGRESSING,NONE,1,0,"-1.398,16.026;-0.932,16.017;-0.466,16.009;0.000,16.000",0,1,PASS_THROUGH,-1,0.972051725547861,0.005485299411369847,-0.2347026935290553,0.2811533763791044,3.694784792816362,3.425653563833681,0.0,0,0,0,DIRECT_LOCAL,PASS_THROUGH,0,BYPASS_VISIBLE,1,18,0.0,16.0,2.0,0.0,16.0,2.0,1,
656,21.9,0.033333,-1.38153874874115,16.025360107421875,2.335353136062622,-1.5951760625528923,-0.00263433950021863,0.2499377201107426,-0.00272798758972793,-0.03642505863576937,0.2525927369246092,0.0,16.0,2.0,0.9718723784354376,0.005765190911588492,-0.23543755564480012,0.27799518113563254,0.2570796310901642,-0.0020724530331790447,-0.03643393889069557,-0.006067987531423569,direct,SAFE_PROGRESSING,NONE,1,0,"-1.390,16.026;-0.926,16.017;-0.463,16.009;0.000,16.000",0,1,PASS_THROUGH,-1,0.972051725547861,0.005485299411369847,-0.2347026935290553,0.2811533763791044,3.6890822991163827,3.425402441026424,0.0,0,0,0,DIRECT_LOCAL,PASS_THROUGH,0,BYPASS_VISIBLE,1,18,0.0,16.0,2.0,0.0,16.0,2.0,1,
657,21.933333,0.033333,-1.3731352090835571,16.025054931640625,2.3339791297912598,-1.5952694903692584,-0.003106792224571109,0.255993255155684,-0.003020731300322699,-0.036645809738747766,0.25862054611766716,0.0,16.0,2.0,0.9717709746856679,0.005946149908941562,-0.23585125833823234,0.27635429790916666,0.26251134276390076,-0.0021974598057568073,-0.036598216742277145,-0.006115402095019817,direct,SAFE_PROGRESSING,NONE,1,0,"-1.382,16.025;-0.921,16.017;-0.461,16.008;-0.000,16.000",0,1,PASS_THROUGH,-1,0.972051725547861,0.005485299411369847,-0.2347026935290553,0.2811533763791044,3.6832377252578046,3.425144583703236,0.0,0,0,0,DIRECT_LOCAL,PASS_THROUGH,0,BYPASS_VISIBLE,1,18,0.0,16.0,2.0,0.0,16.0,2.0,1,
658,21.966667,0.033333,-1.3645312786102295,16.024742126464844,2.3325963020324707,-1.5953770314444022,-0.0034744427539408207,0.261962017913126,-0.003270497197450593,-0.036869634505160204,0.26456410363006466,0.0,16.0,2.0,0.9716614735000587,0.006156738021685187,-0.23629658375149437,0.274672754529783,0.267657071352005,-0.0022395136766135693,-0.03675128147006035,-0.005866584368050098,direct,SAFE_PROGRESSING,NONE,1,0,"-1.373,16.025;-0.915,16.017;-0.458,16.008;0.000,16.000",0,1,PASS_THROUGH,-1,0.972051725547861,0.005485299411369847,-0.2347026935290553,0.2811533763791044,3.6772449157775644,3.424898410486627,0.0,0,0,0,DIRECT_LOCAL,PASS_THROUGH,0,BYPASS_VISIBLE,1,18,0.0,16.0,2.0,0.0,16.0,2.0,1,
659,22.0,0.033333,-1.3557301759719849,16.024412155151367,2.331205129623413,-1.5954952298010898,-0.0037326158490031958,0.2678222259866059,-0.003476847138774898,-0.03710268969880126,0.270402371996498,0.0,16.0,2.0,0.9715437603454454,0.0063817386161363655,-0.2367741437447654,0.27295111526628135,0.2725159525871277,-0.0022100326605141163,-0.036893606185913086,-0.005330971442162991,direct,SAFE_PROGRESSING,NONE,1,0,"-1.365,16.025;-0.910,16.016;-0.455,16.008;0.000,16.000",0,1,PASS_THROUGH,-1,0.972051725547861,0.005485299411369847,-0.2347026935290553,0.2811533763791044,3.6711187660160034,3.424655638914905,0.0,0,0,0,DIRECT_LOCAL,PASS_THROUGH,0,BYPASS_VISIBLE,1,18,0.0,16.0,2.0,0.0,16.0,2.0,1,
660,22.033333,0.033333,-1.346736192703247,16.024070739746094,2.329806089401245,-1.5956200857939382,-0.0038689542561769485,0.27354281249165796,-0.0036357656706888417,-0.03735174610670848,0.2761051285200594,0.0,16.0,2.0,0.971417604011466,0.006624255121583669,-0.2372845504045861,0.27118998973857156,0.2771630585193634,-0.0021382509730756283,-0.037028390914201736,-0.004577700514346361,direct,SAFE_PROGRESSING,NONE,1,0,"-1.356,16.024;-0.904,16.016;-0.452,16.008;0.000,16.000",1,1,PASS_THROUGH,-1,0.9999767503178624,0.006819004599467302,0.0,0.27118998973857156,3.664855261862052,3.4244232321723342,0.0,0,0,0,DIRECT_LOCAL,PASS_THROUGH,0,BYPASS_VISIBLE,1,18,0.0,16.0,2.0,0.0,16.0,2.0,1,
661,22.066667,0.033333,-1.3375535011291504,16.023714065551758,2.328400135040283,-1.5957467272900097,-0.0038720618467777967,0.2790904671437409,-0.0037418924415649735,-0.03761633031243775,0.28163891584035444,0.0,16.0,2.0,0.9712828927978077,0.006875743380041842,-0.23782822858377056,0.26939025767453145,0.28185659646987915,-0.0020557777024805546,-0.037161000072956085,-0.003721859073266387,direct,SAFE_PROGRESSING,NONE,1,0,"-1.347,16.024;-0.898,16.016;-0.449,16.008;0.000,16.000",0,1,PASS_THROUGH,-1,0.971417604011466,0.006624255121583669,-0.2372845504045861,0.27118998973857156,3.658462236667275,3.424198609231443,0.0,0,0,0,DIRECT_LOCAL,PASS_THROUGH,0,BYPASS_VISIBLE,1,18,0.0,16.0,2.0,0.0,16.0,2.0,1,
662,22.1,0.033333,-1.3281886577606201,16.023357391357422,2.3269877433776855,-1.59587123339998,-0.003739833366125822,0.28444434658534845,-0.0037925028435851493,-0.03788053983628803,0.2869806695240517,0.0,16.0,2.0,0.971139362071318,0.0071354103751099865,-0.23840600947646487,0.26755274061671214,0.28651928901672363,-0.0019179838709533215,-0.03728758916258812,-0.00268632173538208,direct,SAFE_PROGRESSING,NONE,1,0,"-1.338,16.024;-0.892,16.016;-0.446,16.008;0.000,16.000",0,1,PASS_THROUGH,-1,0.971417604011466,0.006624255121583669,-0.2372845504045861,0.27118998973857156,3.65194048764615,3.4239982066925205,0.0,0,0,0,DIRECT_LOCAL,PASS_THROUGH,0,BYPASS_VISIBLE,1,18,0.0,16.0,2.0,0.0,16.0,2.0,1,
663,22.133333,0.033333,-1.318648099899292,16.022994995117188,2.3255696296691895,-1.5959889332829293,-0.003475541714578867,0.28960443993820956,-0.0037875881867061503,-0.03812394431254385,0.2921275621815614,0.0,16.0,2.0,0.970987036947508,0.007387917065411691,-0.23901797581214088,0.26567880444890457,0.29108819365501404,-0.001696315361186862,-0.03740348294377327,-0.0014233640395104885,direct,SAFE_PROGRESSING,NONE,1,0,"-1.328,16.023;-0.885,16.016;-0.443,16.008;0.000,16.000",0,1,PASS_THROUGH,-1,0.971417604011466,0.006624255121583669,-0.2372845504045861,0.27118998973857156,3.645306402125717,3.423817448939245,0.0,0,0,0,DIRECT_LOCAL,PASS_THROUGH,0,BYPASS_VISIBLE,1,18,0.0,16.0,2.0,0.0,16.0,2.0,1,
664,22.166667,0.033333,-1.3089381456375122,16.022613525390625,2.3241467475891113,-1.5960958537077037,-0.0030802262481302023,0.29458528693128416,-0.0037278646676237497,-0.038335276334222027,0.29709254730300505,0.0,16.0,2.0,0.9708257641844757,0.007633744423077009,-0.23966447701257704,0.26376971631849266,0.29545360803604126,-0.0014032282633706927,-0.037508346140384674,6.339512765407562e-06,direct,SAFE_PROGRESSING,NONE,1,0,"-1.319,16.023;-0.879,16.015;-0.440,16.008;-0.000,16.000",0,1,PASS_THROUGH,-1,0.971417604011466,0.006624255121583669,-0.2372845504045861,0.27118998973857156,3.6385609360099926,3.42364409906934,0.0,0,0,0,DIRECT_LOCAL,PASS_THROUGH,0,BYPASS_VISIBLE,1,18,0.0,16.0,2.0,0.0,16.0,2.0,1,
665,22.2,0.033333,-1.2990642786026,16.022232055664062,2.3227198123931885,-1.596187338418742,-0.002555003622546792,0.29940271797411816,-0.003612887797864168,-0.03851905285031267,0.30189196398879925,0.0,16.0,2.0,0.9706552857567731,0.007878490125805729,-0.24034609550765543,0.26182669387482715,0.29956623911857605,-0.0010730790672823787,-0.03760461136698723,0.0015400233678519726,direct,SAFE_PROGRESSING,NONE,1,0,"-1.309,16.023;-0.873,16.015;-0.436,16.008;0.000,16.000",0,1,PASS_THROUGH,-1,0.971417604011466,0.006624255121583669,-0.2372845504045861,0.27118998973857156,3.6316993075104866,3.423498319803994,0.0,0,0,0,DIRECT_LOCAL,PASS_THROUGH,0,BYPASS_VISIBLE,1,18,0.0,16.0,2.0,0.0,16.0,2.0,1,
666,22.233333,0.033333,-1.289031744003296,16.0218505859375,2.321289539337158,-1.5962591437233355,-0.0019058893667533994,0.30406207011127234,-0.003441928409601373,-0.03868992197520299,0.30653303152185146,0.0,16.0,2.0,0.9704755513497636,0.008104229694651573,-0.24106332299507643,0.2598509006519195,0.30353817343711853,-0.0007249787449836731,-0.03769734874367714,0.0031294040381908417,direct,SAFE_PROGRESSING,NONE,1,0,"-1.299,16.022;-0.866,16.015;-0.433,16.007;0.000,16.000",1,1,PASS_THROUGH,-1,0.9999651340441423,0.008350490768845843,0.0,0.2598509006519195,3.6247399906815176,3.423381176255211,0.0,0,0,0,DIRECT_LOCAL,PASS_THROUGH,0,BYPASS_VISIBLE,1,18,0.0,16.0,2.0,0.0,16.0,2.0,1,
667,22.266667,0.033333,-1.2788457870483398,16.021469116210938,2.3198561668395996,-1.5963074850603733,-0.0011446746066212654,0.3085576282109381,-0.0032157248578751265,-0.038859661309073645,0.3110116140766722,0.0,16.0,2.0,0.9702863658777452,0.008307425713361412,-0.24181677954553776,0.25784338542254603,0.30739009380340576,-0.0003410596400499344,-0.03778855875134468,0.004800824914127588,direct,SAFE_PROGRESSING,NONE,1,0,"-1.289,16.022;-0.859,16.015;-0.430,16.007;0.000,16.000",0,1,PASS_THROUGH,-1,0.9704755513497636,0.008104229694651573,-0.24106332299507643,0.2598509006519195,3.6176873001726277,3.423293699937194,0.0,0,0,0,DIRECT_LOCAL,PASS_THROUGH,0,BYPASS_VISIBLE,1,18,0.0,16.0,2.0,0.0,16.0,2.0,1,
668,22.3,0.033333,-1.2685120105743408,16.021102905273438,2.318420648574829,-1.596329300606992,-0.0002851621247828007,0.31287918905934436,-0.0029371455994506015,-0.039032755837816395,0.31531820403998223,0.0,16.0,2.0,0.9700876005143871,0.008485248145869515,-0.2426067762700413,0.2558051969763059,0.3110891878604889,0.00011088326573371887,-0.037880491465330124,0.006610741838812828,direct,SAFE_PROGRESSING,NONE,1,0,"-1.279,16.021;-0.853,16.014;-0.426,16.007;0.000,16.000",0,1,PASS_THROUGH,-1,0.9704755513497636,0.008104229694651573,-0.24106332299507643,0.2598509006519195,3.6105455399608672,3.4232521256020836,0.0,0,0,0,DIRECT_LOCAL,PASS_THROUGH,0,BYPASS_VISIBLE,1,18,0.0,16.0,2.0,0.0,16.0,2.0,1,
669,22.333333,0.033333,-1.2580363750457764,16.0207462310791,2.316983699798584,-1.5963207459702624,0.0006627349066548049,0.3170175553434724,-0.002608599527979252,-0.03921002330074092,0.3194438309228927,0.0,16.0,2.0,0.9698791247330036,0.008622453865380596,-0.24343404999400262,0.2537375063787249,0.3146422505378723,0.0006276648491621017,-0.03797753155231476,0.008546040393412113,direct,SAFE_PROGRESSING,NONE,1,0,"-1.269,16.021;-0.846,16.014;-0.423,16.007;0.000,16.000",0,1,PASS_THROUGH,-1,0.9704755513497636,0.008104229694651573,-0.24106332299507643,0.2598509006519195,3.6033305532316255,3.423251660727544,0.0,0,0,0,DIRECT_LOCAL,PASS_THROUGH,0,BYPASS_VISIBLE,1,18,0.0,16.0,2.0,0.0,16.0,2.0,1,
670,22.366667,0.033333,-1.2474250793457031,16.020389556884766,2.315544605255127,-1.5962793600275786,0.001693572849035263,0.32096767898641554,-0.002230984810520709,-0.039390091316331234,0.3233833754865275,0.0,16.0,2.0,0.9696606869540471,0.008720941634526462,-0.24429919638183956,0.251641485215956,0.3181662857532501,0.001176707330159843,-0.03808609023690224,0.010502565652132034,direct,SAFE_PROGRESSING,NONE,1,0,"-1.258,16.021;-0.839,16.014;-0.419,16.007;0.000,16.000",0,1,PASS_THROUGH,-1,0.9704755513497636,0.008104229694651573,-0.24106332299507643,0.2598509006519195,3.596042910529131,3.423283645919182,0.0,0,0,0,DIRECT_LOCAL,PASS_THROUGH,0,BYPASS_VISIBLE,1,18,0.0,16.0,2.0,0.0,16.0,2.0,1,
671,22.4,0.033333,-1.2366838455200195,16.020050048828125,2.3141045570373535,-1.596202408619845,0.0027999505400657654,0.32473273753300136,-0.0018042020675427455,-0.039566361028540456,0.32713927140564847,0.0,16.0,2.0,0.9694322630755864,0.00878545032574116,-0.24520176012973705,0.24951834101809758,0.3215835988521576,0.001750048017129302,-0.03820420801639557,0.012455886229872704,direct,SAFE_PROGRESSING,NONE,1,0,"-1.247,16.020;-0.832,16.014;-0.416,16.007;0.000,16.000",0,1,PASS_THROUGH,-1,0.9704755513497636,0.008104229694651573,-0.24106332299507643,0.2598509006519195,3.588680453397176,3.423366073500787,0.0,0,0,0,DIRECT_LOCAL,PASS_THROUGH,0,BYPASS_VISIBLE,1,18,0.0,16.0,2.0,0.0,16.0,2.0,1,
672,22.433333,0.033333,-1.2258191108703613,16.01972007751465,2.3126633167266846,-1.5960876013708145,0.00396950077265501,0.32832343832431987,-0.001328765813319978,-0.039733723109733644,0.3307216571739006,0.0,16.0,2.0,0.9691936484918295,0.008800464553999684,-0.24614268940338155,0.2473692736156367,0.32481813430786133,0.0023558030370622873,-0.038328561931848526,0.014431046321988106,direct,SAFE_PROGRESSING,NONE,1,0,"-1.237,16.020;-0.824,16.013;-0.412,16.007;0.000,16.000",1,1,PASS_THROUGH,-1,0.9999587776043742,0.009079817837706696,0.0,0.2473692736156367,3.581260538094554,3.4234920757610996,0.0,0,0,0,DIRECT_LOCAL,PASS_THROUGH,0,BYPASS_VISIBLE,1,18,0.0,16.0,2.0,0.0,16.0,2.0,1,
673,22.466667,0.033333,-1.2148364782333374,16.0194091796875,2.311220169067383,-1.5959329992110112,0.0051889074966311455,0.3317508296268443,-0.0008063278161206875,-0.03989466196826415,0.33414195662354157,0.0,16.0,2.0,0.9689447249421815,0.008769959035738862,-0.2471218481341373,0.24519554433408347,0.3278196454048157,0.002996459137648344,-0.03845736384391785,0.01644071377813816,direct,SAFE_PROGRESSING,NONE,1,0,"-1.226,16.020;-0.817,16.013;-0.409,16.007;0.000,16.000",0,1,PASS_THROUGH,-1,0.9691936484918295,0.008800464553999684,-0.24614268940338155,0.2473692736156367,3.573782553522479,3.4236719154957425,0.0,0,0,0,DIRECT_LOCAL,PASS_THROUGH,0,BYPASS_VISIBLE,1,18,0.0,16.0,2.0,0.0,16.0,2.0,1,
674,22.5,0.033333,-1.2037410736083984,16.01911163330078,2.309777021408081,-1.5957371882417226,0.006447383668273687,0.33501862384852105,-0.00023933005609147077,-0.04005873177426397,0.33740515348108563,0.0,16.0,2.0,0.9686855445143905,0.008684921822900414,-0.24813884819146886,0.24299830329469546,0.33059120178222656,0.003676798427477479,-0.03859088197350502,0.018482781946659088,direct,SAFE_PROGRESSING,NONE,1,0,"-1.215,16.019;-0.810,16.013;-0.405,16.006;0.000,16.000",0,1,PASS_THROUGH,-1,0.9691936484918295,0.008800464553999684,-0.24614268940338155,0.2473692736156367,3.566258114240042,3.423900581167738,0.0,0,0,0,DIRECT_LOCAL,PASS_THROUGH,0,BYPASS_VISIBLE,1,18,0.0,16.0,2.0,0.0,16.0,2.0,1,
675,22.533333,0.033333,-1.1925380229949951,16.01883316040039,2.3083314895629883,-1.5954990138410514,0.007737077306956053,0.3381197787617464,0.00036989758985151973,-0.04023795899001118,0.3405058222083745,0.0,16.0,2.0,0.9684154941912034,0.008548577554092062,-0.2491954101347149,0.24077855608997437,0.33299702405929565,0.004407307133078575,-0.03872904181480408,0.020610103383660316,direct,SAFE_PROGRESSING,NONE,1,0,"-1.204,16.019;-0.802,16.013;-0.401,16.006;0.000,16.000",0,1,PASS_THROUGH,-1,0.9691936484918295,0.008800464553999684,-0.24614268940338155,0.2473692736156367,3.5586871108054408,3.424184444460345,0.0,0,0,0,DIRECT_LOCAL,PASS_THROUGH,0,BYPASS_VISIBLE,1,18,0.0,16.0,2.0,0.0,16.0,2.0,1,
676,22.566667,0.033333,-1.181233525276184,16.018579483032227,2.306885004043579,-1.5952176626769012,0.009054750204086304,0.34103525975544235,0.0010197297637337132,-0.04044755811158315,0.34342698380069525,0.0,16.0,2.0,0.9681348544705068,0.008355352098682899,-0.2502900150838575,0.2385373450191377,0.33518117666244507,0.005159640684723854,-0.03888224437832832,0.02277885377407074,direct,SAFE_PROGRESSING,NONE,1,0,"-1.193,16.019;-0.795,16.013;-0.398,16.006;0.000,16.000",0,1,PASS_THROUGH,-1,0.9691936484918295,0.008800464553999684,-0.24614268940338155,0.2473692736156367,3.551077981012249,3.4245297653155258,0.0,0,0,0,DIRECT_LOCAL,PASS_THROUGH,0,BYPASS_VISIBLE,1,18,0.0,16.0,2.0,0.0,16.0,2.0,1,
677,22.6,0.033333,-1.1698338985443115,16.018348693847656,2.30543851852417,-1.5948918154004936,0.01040012389421463,0.34373988064241284,0.0017090996779503987,-0.040692001759362294,0.3461442843280145,0.0,16.0,2.0,0.9678432078422036,0.0080990073675943,-0.25142380776961554,0.23627592669809983,0.33727261424064636,0.005906175822019577,-0.03905264288187027,0.024926703423261642,direct,SAFE_PROGRESSING,NONE,1,0,"-1.181,16.019;-0.787,16.012;-0.394,16.006;0.000,16.000",0,1,PASS_THROUGH,-1,0.9691936484918295,0.008800464553999684,-0.24614268940338155,0.2473692736156367,3.543439883310025,3.424935112471563,0.0,0,0,0,DIRECT_LOCAL,PASS_THROUGH,0,BYPASS_VISIBLE,1,18,0.0,16.0,2.0,0.0,16.0,2.0,1,
678,22.633333,0.033333,-1.1583460569381714,16.018142700195312,2.3039889335632324,-1.5945208260623958,0.011770692653954029,0.3462153677783548,0.0024356220577958733,-0.04095852614894318,0.348638227974219,0.0,16.0,2.0,0.9675401402671037,0.00778007499570112,-0.25259759976091345,0.23399555762871205,0.33918315172195435,0.006668477319180965,-0.03923293948173523,0.02711259201169014,direct,SAFE_PROGRESSING,NONE,1,0,"-1.170,16.018;-0.780,16.012;-0.390,16.006;0.000,16.000",1,1,PASS_THROUGH,-1,0.9999676720230579,0.008040827618240536,0.0,0.23399555762871205,3.5357763035568,3.425402760883711,0.0,0,0,0,DIRECT_LOCAL,PASS_THROUGH,0,BYPASS_VISIBLE,1,18,0.0,16.0,2.0,0.0,16.0,2.0,1,
679,22.666667,0.033333,-1.1467782258987427,16.017967224121094,2.302539348602295,-1.594104095736676,0.013163181021809578,0.3484562946960913,0.003195428015099858,-0.0412287960704897,0.3509014301751291,0.0,16.0,2.0,0.9672261001733622,0.007395998673881795,-0.2538089248766574,0.2316976258138686,0.34095141291618347,0.0075066606514155865,-0.03941674530506134,0.029406078159809113,direct,SAFE_PROGRESSING,NONE,1,0,"-1.158,16.018;-0.772,16.012;-0.386,16.006;0.000,16.000",0,1,PASS_THROUGH,-1,0.9675401402671037,0.00778007499570112,-0.25259759976091345,0.23399555762871205,3.5280939595180185,3.4259386335350857,0.0,0,0,0,DIRECT_LOCAL,PASS_THROUGH,0,BYPASS_VISIBLE,1,18,0.0,16.0,2.0,0.0,16.0,2.0,1,
680,22.7,0.033333,-1.1351380348205566,16.017820358276367,2.3010878562927246,-1.5936407338971543,0.01457937341183424,0.3504688655711879,0.003986151868289892,-0.04148666745888907,0.3529383214080285,0.0,16.0,2.0,0.9669003654729199,0.006940648373702391,-0.2550598177849386,0.22938379372031367,0.3425665497779846,0.008416474796831608,-0.039599183946847916,0.03171614930033684,direct,SAFE_PROGRESSING,NONE,1,0,"-1.147,16.018;-0.765,16.012;-0.382,16.006;0.000,16.000",0,1,PASS_THROUGH,-1,0.9675401402671037,0.00778007499570112,-0.25259759976091345,0.23399555762871205,3.5204032905260987,3.4265409835215572,0.0,0,0,0,DIRECT_LOCAL,PASS_THROUGH,0,BYPASS_VISIBLE,1,18,0.0,16.0,2.0,0.0,16.0,2.0,1,
681,22.733333,0.033333,-1.1234328746795654,16.0177059173584,2.299635171890259,-1.593129985409989,0.016021516174077988,0.3522669869426804,0.004808910469315553,-0.04172335543435932,0.35476188366040445,0.0,16.0,2.0,0.9665631302967874,0.006414304862058103,-0.25634853587257317,0.22705558114834995,0.34415751695632935,0.009362490847706795,-0.03978414833545685,0.033892922103405,direct,SAFE_PROGRESSING,NONE,1,0,"-1.135,16.018;-0.757,16.012;-0.378,16.006;0.000,16.000",0,1,PASS_THROUGH,-1,0.9675401402671037,0.00778007499570112,-0.25259759976091345,0.23399555762871205,3.5127085421676236,3.4272137034412142,0.0,0,0,0,DIRECT_LOCAL,PASS_THROUGH,0,BYPASS_VISIBLE,1,18,0.0,16.0,2.0,0.0,16.0,2.0,1,
682,22.766667,0.033333,-1.1116695404052734,16.017621994018555,2.298182487487793,-1.5925707693071156,0.017482321709394455,0.3538703561824025,0.00566770480919116,-0.04193422798594879,0.356391401887366,0.0,16.0,2.0,0.9662140620747455,0.005812040547144931,-0.25767538965469394,0.22471447869866285,0.34555143117904663,0.010392834432423115,-0.03996942564845085,0.03604491055011749,direct,SAFE_PROGRESSING,NONE,1,0,"-1.123,16.018;-0.749,16.012;-0.374,16.006;0.000,16.000",0,1,PASS_THROUGH,-1,0.9675401402671037,0.00778007499570112,-0.25259759976091345,0.23399555762871205,3.505018102261784,3.427954932810412,0.0,0,0,0,DIRECT_LOCAL,PASS_THROUGH,0,BYPASS_VISIBLE,1,18,0.0,16.0,2.0,0.0,16.0,2.0,1,
683,22.8,0.033333,-1.0998542308807373,16.017576217651367,2.296729803085327,-1.5919626244717002,0.018949884921312332,0.3552975804117777,0.006568611646432104,-0.04212661659719841,0.3578465720547741,0.0,16.0,2.0,0.9658526221033455,0.005134325338476254,-0.2590412150207204,0.22236184040775178,0.34664738178253174,0.011512788012623787,-0.04015672579407692,0.03823859244585037,direct,SAFE_PROGRESSING,NONE,1,0,"-1.112,16.018;-0.741,16.012;-0.371,16.006;0.000,16.000",0,1,PASS_THROUGH,-1,0.9675401402671037,0.00778007499570112,-0.25259759976091345,0.23399555762871205,3.4973355876965146,3.4287722878512326,0.0,0,0,0,DIRECT_LOCAL,PASS_THROUGH,0,BYPASS_VISIBLE,1,18,0.0,16.0,2.0,0.0,16.0,2.0,1,
684,22.833333,0.033333,-1.0879931449890137,16.01756477355957,2.2952756881713867,-1.5913055672138696,0.020417440682649612,0.3565556729793167,0.007519163394224065,-0.0423196667435164,0.3591370768177029,0.0,16.0,2.0,0.9654785140195793,0.004373747206301093,-0.2604459815430454,0.21999893205315213,0.3474346101284027,0.012647662311792374,-0.04034964740276337,0.04037158191204071,direct,SAFE_PROGRESSING,NONE,1,0,"-1.100,16.018;-0.733,16.012;-0.367,16.006;-0.000,16.000",1,1,PASS_THROUGH,-1,0.9999897391001343,0.00453008768627064,0.0,0.21999893205315213,3.4896714655094856,3.4296618949138407,0.0,0,0,0,DIRECT_LOCAL,PASS_THROUGH,0,BYPASS_VISIBLE,1,18,0.0,16.0,2.0,0.0,16.0,2.0,1,
685,22.866667,0.033333,-1.0760912895202637,16.017597198486328,2.2938196659088135,-1.590599764423822,0.021879659965634346,0.3576364837163878,0.008524955602101918,-0.04253194912965969,0.3602575412809673,0.0,16.0,2.0,0.9650916717494126,0.0035328737136953187,-0.26188849520978774,0.21762698406339998,0.3481892943382263,0.013753074221313,-0.0405554436147213,0.04233308881521225,direct,SAFE_PROGRESSING,NONE,1,0,"-1.088,16.018;-0.725,16.012;-0.363,16.006;-0.000,16.000",0,1,PASS_THROUGH,-1,0.9654785140195793,0.004373747206301093,-0.2604459815430454,0.21999893205315213,3.482027446496327,3.4306332135298345,0.0,0,0,0,DIRECT_LOCAL,PASS_THROUGH,0,BYPASS_VISIBLE,1,18,0.0,16.0,2.0,0.0,16.0,2.0,1,
686,22.9,0.033333,-1.0641553401947021,16.017669677734375,2.2923636436462402,-1.5898454131176072,0.023325510323047638,0.35852838027079703,0.009585981531770685,-0.04276162416285787,0.3611966874191597,0.0,16.0,2.0,0.9646917928177614,0.0026024143498936843,-0.263368510474591,0.21524703247905194,0.34888699650764465,0.01490771770477295,-0.040768254548311234,0.044274162501096725,direct,SAFE_PROGRESSING,NONE,1,0,"-1.076,16.018;-0.717,16.012;-0.359,16.006;0.000,16.000",0,1,PASS_THROUGH,-1,0.9654785140195793,0.004373747206301093,-0.2604459815430454,0.21999893205315213,3.4744146618747296,3.4316821892239937,0.0,0,0,0,DIRECT_LOCAL,PASS_THROUGH,0,BYPASS_VISIBLE,1,18,0.0,16.0,2.0,0.0,16.0,2.0,1,
687,22.933333,0.033333,-1.0521913766860962,16.017786026000977,2.290907621383667,-1.589043467298282,0.02474525198340416,0.3592280963213518,0.010697773911672114,-0.04299538827669684,0.3619500945798905,0.0,16.0,2.0,0.964278040164903,0.001585516023444894,-0.2648874240024863,0.21286040548454652,0.34928080439567566,0.016150813549757004,-0.040981393307447433,0.046331994235515594,direct,SAFE_PROGRESSING,NONE,1,0,"-1.064,16.018;-0.709,16.012;-0.355,16.006;0.000,16.000",0,1,PASS_THROUGH,-1,0.9654785140195793,0.004373747206301093,-0.2604459815430454,0.21999893205315213,3.4668350667454795,3.4328123424206374,0.0,0,0,0,DIRECT_LOCAL,PASS_THROUGH,0,BYPASS_VISIBLE,1,18,0.0,16.0,2.0,0.0,16.0,2.0,1,
688,22.966667,0.033333,-1.0402058362960815,16.01795196533203,2.289449453353882,-1.5881948868862443,0.026140447705984116,0.3597366997438799,0.011856120195459886,-0.04323090433847798,0.36251892615231845,0.0,16.0,2.0,0.9638499652232284,0.0004784321267295201,-0.26644514565268707,0.2104683383213247,0.3493342101573944,0.01741659641265869,-0.04119688272476196,0.04839533194899559,direct,SAFE_PROGRESSING,NONE,1,0,"-1.052,16.018;-0.701,16.012;-0.351,16.006;0.000,16.000",0,1,PASS_THROUGH,-1,0.9654785140195793,0.004373747206301093,-0.2604459815430454,0.21999893205315213,3.4592960468969234,3.4340289830330835,0.0,0,0,0,DIRECT_LOCAL,PASS_THROUGH,0,BYPASS_VISIBLE,1,18,0.0,16.0,2.0,0.0,16.0,2.0,1,
689,23.0,0.033333,-1.0282052755355835,16.01816749572754,2.2879903316497803,-1.5873001581003385,0.027517937123775482,0.36004997294782015,0.013058683788996139,-0.043476961152033,0.3629004800121411,0.0,16.0,2.0,0.9634076190995549,-0.0007250077450939932,-0.26803961241707613,0.2080721466149386,0.34912359714508057,0.018644116818904877,-0.041418418288230896,0.05033354461193085,direct,SAFE_PROGRESSING,NONE,1,0,"-1.040,16.018;-0.693,16.012;-0.347,16.006;0.000,16.000",0,1,PASS_THROUGH,-1,0.9654785140195793,0.004373747206301093,-0.2604459815430454,0.21999893205315213,3.451806671102027,3.435331627123215,0.0,0,0,0,DIRECT_LOCAL,PASS_THROUGH,0,BYPASS_VISIBLE,1,18,0.0,16.0,2.0,0.0,16.0,2.0,1,
690,23.033333,0.033333,-1.016196370124817,16.018436431884766,2.2865312099456787,-1.5863601698771284,0.02887789160013199,0.3601564492850301,0.014301802058505056,-0.043740795112729415,0.363084654950901,0.0,16.0,2.0,0.9629502384343833,-0.002025522080368526,-0.26967153271983707,0.20567315299184924,0.34869545698165894,0.019848749041557312,-0.041646141558885574,0.052171602845191956,direct,SAFE_PROGRESSING,NONE,1,0,"-1.028,16.018;-0.685,16.012;-0.343,16.006;0.000,16.000",1,1,PASS_THROUGH,-1,0.9999977877467756,-0.0021034499173020298,0.0,0.20567315299184924,3.4443716419149673,3.4367234960304294,0.0,0,0,0,DIRECT_LOCAL,PASS_THROUGH,0,BYPASS_VISIBLE,1,18,0.0,16.0,2.0,0.0,16.0,2.0,1,
691,23.066667,0.033333,-1.0041861534118652,16.01875877380371,2.285069465637207,-1.5853753842163771,0.03021400049328804,0.3600423045660921,0.015578948661615808,-0.04402134956962013,0.36305790713961106,0.0,16.0,2.0,0.9624770758770749,-0.0034279153139343353,-0.27134134924061204,0.20327271973144803,0.3480587899684906,0.02107466571033001,-0.04187704622745514,0.05398675799369812,direct,SAFE_PROGRESSING,NONE,1,0,"-1.016,16.018;-0.677,16.012;-0.339,16.006;0.000,16.000",0,1,PASS_THROUGH,-1,0.9629502384343833,-0.002025522080368526,-0.26967153271983707,0.20567315299184924,3.4369986477960426,3.4382038932148036,0.0,0,0,0,DIRECT_LOCAL,PASS_THROUGH,0,BYPASS_VISIBLE,1,18,0.0,16.0,2.0,0.0,16.0,2.0,1,
692,23.1,0.033333,-0.9921823740005493,16.019134521484375,2.283607244491577,-1.584346385493946,0.03152145445346832,0.3596966672549863,0.01688284720498587,-0.04431099590347815,0.36280874758204107,0.0,16.0,2.0,0.9619882610590732,-0.004933448882102084,-0.2730462354010183,0.2008722700920898,0.3471981883049011,0.02234155498445034,-0.04210769385099411,0.055801257491111755,direct,SAFE_PROGRESSING,NONE,1,0,"-1.004,16.019;-0.669,16.013;-0.335,16.006;-0.000,16.000",0,1,PASS_THROUGH,-1,0.9629502384343833,-0.002025522080368526,-0.26967153271983707,0.20567315299184924,3.4296926066785764,3.4397719635968635,0.0,0,0,0,DIRECT_LOCAL,PASS_THROUGH,0,BYPASS_VISIBLE,1,18,0.0,16.0,2.0,0.0,16.0,2.0,1,
693,23.133333,0.033333,-0.9801928400993347,16.019569396972656,2.2821435928344727,-1.5832743880635276,0.03280017152428627,0.35911364945077967,0.018208292600710302,-0.04460118456051906,0.3623305408125183,0.0,16.0,2.0,0.9614827817453636,-0.006542832706008216,-0.27478728454457035,0.19847337284278735,0.34610265493392944,0.02364289201796055,-0.04233669862151146,0.05758535861968994,direct,SAFE_PROGRESSING,NONE,1,0,"-0.992,16.019;-0.496,16.010;0.000,16.000",0,1,PASS_THROUGH,-1,0.9629502384343833,-0.002025522080368526,-0.26967153271983707,0.20567315299184924,3.42245882623272,3.4414324426597784,0.0,0,0,0,DIRECT_LOCAL,PASS_THROUGH,0,BYPASS_VISIBLE,1,18,0.0,16.0,2.0,0.0,16.0,2.0,1,
694,23.166667,0.033333,-0.9682257175445557,16.020061492919922,2.2806780338287354,-1.5821602698794988,0.03405202180147171,0.3582913986827796,0.019553686386999704,-0.04488638918911837,0.3616211566761832,0.0,16.0,2.0,0.9609603446820727,-0.008262779703108106,-0.27656272782153773,0.1960776341228008,0.3447756767272949,0.02496514469385147,-0.04256467521190643,0.05930016562342644,direct,SAFE_PROGRESSING,NONE,1,0,"-0.980,16.020;-0.490,16.010;0.000,16.000",0,1,PASS_THROUGH,-1,0.9629502384343833,-0.002025522080368526,-0.26967153271983707,0.20567315299184924,3.4153070581227998,3.4431823404154636,0.0,0,0,0,DIRECT_LOCAL,PASS_THROUGH,0,BYPASS_VISIBLE,1,18,0.0,16.0,2.0,0.0,16.0,2.0,1,
695,23.2,0.033333,-0.9562891125679016,16.020614624023438,2.279212474822998,-1.581004930519562,0.03527693450450897,0.3572303953479618,0.020920126512328777,-0.045164515376783114,0.360681355912629,0.0,16.0,2.0,0.9604205862423778,-0.01009274307705543,-0.27837103667412655,0.19368670616362352,0.34323182702064514,0.0263017900288105,-0.04279293864965439,0.06092637777328491,direct,SAFE_PROGRESSING,NONE,1,0,"-0.968,16.020;-0.484,16.010;0.000,16.000",0,1,PASS_THROUGH,-1,0.9629502384343833,-0.002025522080368526,-0.26967153271983707,0.20567315299184924,3.40824127174719,3.4450242652593457,0.0,0,0,0,DIRECT_LOCAL,PASS_THROUGH,0,BYPASS_VISIBLE,1,18,0.0,16.0,2.0,0.0,16.0,2.0,1,
696,23.233333,0.033333,-0.944391131401062,16.02122688293457,2.2777466773986816,-1.5798092924023173,0.03647167235612869,0.3559322335091807,0.02230954402147712,-0.04543542025873558,0.3595133488750704,0.0,16.0,2.0,0.9598624440651308,-0.012037873575045554,-0.28021273717142997,0.19130225608074072,0.3414859175682068,0.02765337936580181,-0.04302282631397247,0.06246078759431839,direct,SAFE_PROGRESSING,NONE,1,0,"-0.956,16.021;-0.478,16.010;0.000,16.000",1,1,PASS_THROUGH,-1,0.9999213678167276,-0.012540262498224835,0.0,0.19130225608074072,3.4012698063767184,3.4469550386904086,0.0,0,0,0,DIRECT_LOCAL,PASS_THROUGH,0,CORRIDOR_CLEAR,1,18,0.0,16.0,2.0,0.0,16.0,2.0,1,
697,23.266667,0.033333,-0.9325395226478577,16.021900177001953,2.276278018951416,-1.5785744446244698,0.03763109818100929,0.3543995516502535,0.023723318003577527,-0.04569932898207932,0.3581204639453209,0.0,16.0,2.0,0.9592854420561436,-0.014097608887171074,-0.2820863309038806,0.1889259314787778,0.33954572677612305,0.0290202759206295,-0.04325520247220993,0.06389957666397095,direct,SAFE_PROGRESSING,NONE,1,0,"-0.944,16.021;-0.472,16.011;0.000,16.000",0,1,PASS_THROUGH,-1,0.9598624440651308,-0.012037873575045554,-0.28021273717142997,0.19130225608074072,3.394396451713287,3.4489752199358583,0.0,0,0,0,DIRECT_LOCAL,PASS_THROUGH,0,CORRIDOR_CLEAR,1,18,0.0,16.0,2.0,0.0,16.0,2.0,1,
698,23.3,0.033333,-0.920742392539978,16.02263832092285,2.2748093605041504,-1.5773019724501292,0.03874931484460831,0.35263597130376517,0.025161252853342732,-0.04595643688691252,0.35650695784772624,0.0,16.0,2.0,0.9586897021886674,-0.01627482954949599,-0.2839880012263531,0.18655932879950132,0.33741119503974915,0.03039698302745819,-0.04349052160978317,0.06522826850414276,direct,SAFE_PROGRESSING,NONE,1,0,"-0.933,16.022;-0.466,16.011;0.000,16.000",0,1,PASS_THROUGH,-1,0.9598624440651308,-0.012037873575045554,-0.28021273717142997,0.19130225608074072,3.3876276978519093,3.451087127582585,0.0,0,0,0,DIRECT_LOCAL,PASS_THROUGH,0,CORRIDOR_CLEAR,1,18,0.0,16.0,2.0,0.0,16.0,2.0,1,
699,23.333333,0.033333,-0.9090074300765991,16.023439407348633,2.2733407020568848,-1.5759928634570741,0.03981988504528999,0.3506459558461694,0.02662208424525628,-0.04620724810980472,0.35467792643286433,0.0,16.0,2.0,0.9580737973786062,-0.018575105554802986,-0.2859188070592164,0.1842041310062778,0.33507710695266724,0.03177647665143013,-0.043729014694690704,0.06642996519804001,direct,SAFE_PROGRESSING,NONE,1,0,"-0.921,16.023;-0.460,16.011;0.000,16.000",0,1,PASS_THROUGH,-1,0.9598624440651308,-0.012037873575045554,-0.28021273717142997,0.19130225608074072,3.38097170214829,3.453287353288181,0.0,0,0,0,DIRECT_LOCAL,PASS_THROUGH,0,CORRIDOR_CLEAR,1,18,0.0,16.0,2.0,0.0,16.0,2.0,1,
700,23.366667,0.033333,-0.8973425626754761,16.02430534362793,2.2718698978424072,-1.5746491123544903,0.04083558917045593,0.3484342063235589,0.02810319619520549,-0.04645304770597095,0.35263872648064026,0.0,16.0,2.0,0.9574371267814799,-0.020997297535419426,-0.287877164354232,0.1818619161618307,0.33254098892211914,0.03315320611000061,-0.04397096112370491,0.06749237328767776,direct,SAFE_PROGRESSING,NONE,1,0,"-0.909,16.023;-0.455,16.012;0.000,16.000",0,1,PASS_THROUGH,-1,0.9598624440651308,-0.012037873575045554,-0.28021273717142997,0.19130225608074072,3.3744317835563433,3.4555761610466607,0.0,0,0,0,DIRECT_LOCAL,PASS_THROUGH,0,CORRIDOR_CLEAR,1,18,0.0,16.0,2.0,0.0,16.0,2.0,1,
701,23.4,0.033333,-0.8857551217079163,16.025238037109375,2.2703981399536133,-1.5732724654799206,0.041788555681705475,0.3460047505424085,0.029601070280060947,-0.04669565573860937,0.3503940567767925,0.0,16.0,2.0,0.9567796681049171,-0.023544548872243616,-0.2898591397893935,0.17953433371005809,0.3297962248325348,0.03452465310692787,-0.04421626031398773,0.06840874254703522,direct,SAFE_PROGRESSING,NONE,1,0,"-0.897,16.024;-0.449,16.012;0.000,16.000",0,1,PASS_THROUGH,-1,0.9598624440651308,-0.012037873575045554,-0.28021273717142997,0.19130225608074072,3.3680143467478696,3.457953800900372,0.0,0,0,0,DIRECT_LOCAL,PASS_THROUGH,0,CORRIDOR_CLEAR,1,18,0.0,16.0,2.0,0.0,16.0,2.0,1,
702,23.433333,0.033333,-0.8742523789405823,16.026235580444336,2.268925428390503,-1.571864927605865,0.042670831084251404,0.34336053442382497,0.03111182344774288,-0.04693697806451528,0.3479475277507903,0.0,16.0,2.0,0.9561003703991183,-0.026219913106813514,-0.2918640057960897,0.17722292110773252,0.32683998346328735,0.03589407727122307,-0.04446444660425186,0.06918282061815262,direct,SAFE_PROGRESSING,NONE,1,0,"-0.886,16.025;-0.443,16.013;-0.000,16.000",1,1,PASS_THROUGH,-1,0.9996241793419035,-0.027413501692163597,0.0,0.17722292110773252,3.361725371108834,3.460416667078094,0.0,0,0,0,DIRECT_LOCAL,PASS_THROUGH,0,CORRIDOR_CLEAR,1,18,0.0,16.0,2.0,0.0,16.0,2.0,1,
703,23.466667,0.033333,-0.862841784954071,16.027299880981445,2.2674503326416016,-1.5704291025550536,0.043475378304719925,0.34050298270966833,0.03263177096875682,-0.04717865681633327,0.34530122989895573,0.0,16.0,2.0,0.9553986246659291,-0.02902187657470774,-0.29388977298731134,0.17492918884674663,0.3236755430698395,0.03725920617580414,-0.04471522569656372,0.06980981677770615,direct,SAFE_PROGRESSING,NONE,1,0,"-0.874,16.026;-0.437,16.013;0.000,16.000",0,1,PASS_THROUGH,-1,0.9561003703991183,-0.026219913106813514,-0.2918640057960897,0.17722292110773252,3.355567697973449,3.462964838556259,0.0,0,0,0,DIRECT_LOCAL,PASS_THROUGH,0,CORRIDOR_CLEAR,1,18,0.0,16.0,2.0,0.0,16.0,2.0,1,
704,23.5,0.033333,-0.8515307307243347,16.02843475341797,2.2659740447998047,-1.5689680241767017,0.04419621825218201,0.33743247423143063,0.03415747110710105,-0.047421573206901935,0.3424561477091556,0.0,16.0,2.0,0.9546742062270808,-0.031952696347949026,-0.29593273756174576,0.17265471083805717,0.320306658744812,0.03861762955784798,-0.04496856778860092,0.07028640806674957,direct,SAFE_PROGRESSING,NONE,1,0,"-0.863,16.027;-0.431,16.014;-0.000,16.000",0,1,PASS_THROUGH,-1,0.9561003703991183,-0.026219913106813514,-0.2918640057960897,0.17722292110773252,3.349547238651867,3.4656002142224307,0.0,0,0,0,DIRECT_LOCAL,PASS_THROUGH,0,CORRIDOR_CLEAR,1,18,0.0,16.0,2.0,0.0,16.0,2.0,1,
705,23.533333,0.033333,-0.8403264284133911,16.029634475708008,2.264495849609375,-1.5674840518527489,0.04482845962047577,0.3341490695387538,0.03568636596597514,-0.04766553338900607,0.339412905563019,0.0,16.0,2.0,0.9539259800056756,-0.03501753821312926,-0.2979916050624641,0.1704010704860577,0.3167349100112915,0.039970219135284424,-0.045224130153656006,0.07061349600553513,direct,SAFE_PROGRESSING,NONE,1,0,"-0.852,16.028;-0.426,16.014;0.000,16.000",0,1,PASS_THROUGH,-1,0.9561003703991183,-0.026219913106813514,-0.2918640057960897,0.17722292110773252,3.3436713346785534,3.468315193608659,0.0,0,0,0,DIRECT_LOCAL,PASS_THROUGH,0,CORRIDOR_CLEAR,1,18,0.0,16.0,2.0,0.0,16.0,2.0,1,
706,23.566667,0.033333,-0.8292361497879028,16.030902862548828,2.263014793395996,-1.5659804673357134,0.04536838456988335,0.3306531162015057,0.03721633261630177,-0.04790975866507646,0.3361724016669417,0.0,16.0,2.0,0.953153771361514,-0.03821016036133326,-0.30006311300205496,0.1681697604732188,0.3129650354385376,0.04131292924284935,-0.04548187926411629,0.07078412920236588,direct,SAFE_PROGRESSING,NONE,1,0,"-0.840,16.030;-0.420,16.015;0.000,16.000",0,1,PASS_THROUGH,-1,0.9561003703991183,-0.026219913106813514,-0.2918640057960897,0.17722292110773252,3.33793951638488,3.4711115509174246,0.0,0,0,0,DIRECT_LOCAL,PASS_THROUGH,0,CORRIDOR_CLEAR,1,18,0.0,16.0,2.0,0.0,16.0,2.0,1,
707,23.6,0.033333,-0.8182671666145325,16.032236099243164,2.261531352996826,-1.5644603786326265,0.045812975615262985,0.32694592278032486,0.03874545195773443,-0.04815325588215773,0.33273650614583883,0.0,16.0,2.0,0.9523571847395018,-0.04153514632519901,-0.3021433836687385,0.16596235465053838,0.30899688601493835,0.04264321178197861,-0.045741528272628784,0.07079331576824188,direct,SAFE_PROGRESSING,NONE,1,0,"-0.829,16.031;-0.415,16.015;0.000,16.000",0,1,PASS_THROUGH,-1,0.9561003703991183,-0.026219913106813514,-0.2918640057960897,0.17722292110773252,3.332358908498563,3.4739834375557312,0.0,0,0,0,DIRECT_LOCAL,PASS_THROUGH,0,CORRIDOR_CLEAR,1,18,0.0,16.0,2.0,0.0,16.0,2.0,1,
708,23.633333,0.033333,-0.8074266910552979,16.03363609313965,2.260045289993286,-1.5629268029240717,0.04615943133831024,0.32302936919475933,0.040271941078597336,-0.048395258405278724,0.32910773864604864,0.0,16.0,2.0,0.9515357177991147,-0.04498852487616779,-0.3042298643821643,0.1637803800281084,0.304833322763443,0.043957509100437164,-0.04600286856293678,0.07063298672437668,direct,SAFE_PROGRESSING,NONE,1,0,"-0.818,16.032;-0.409,16.016;0.000,16.000",1,1,PASS_THROUGH,-1,0.9988841753463232,-0.04722715577605429,0.0,0.1637803800281084,3.326930436792446,3.4769306173091246,0.0,0,0,0,DIRECT_LOCAL,PASS_THROUGH,0,CORRIDOR_CLEAR,1,18,0.0,16.0,2.0,0.0,16.0,2.0,1,
709,23.666667,0.033333,-0.7967220544815063,16.035104751586914,2.2585561275482178,-1.5613834279501753,0.046404872089624405,0.3189059573112653,0.041793484634650234,-0.04863533167033246,0.3252892565905067,0.0,16.0,2.0,0.9506889214263226,-0.0485722164522594,-0.3063189750344736,0.1616254000075739,0.300477534532547,0.04525325447320938,-0.04626559093594551,0.07029831409454346,direct,SAFE_PROGRESSING,NONE,1,0,"-0.807,16.034;-0.404,16.017;0.000,16.000",0,1,PASS_THROUGH,-1,0.9515357177991147,-0.04498852487616779,-0.3042298643821643,0.1637803800281084,3.321659514648893,3.4799527737252434,0.0,0,0,0,DIRECT_LOCAL,PASS_THROUGH,0,CORRIDOR_CLEAR,1,18,0.0,16.0,2.0,0.0,16.0,2.0,1,
710,23.7,0.033333,-0.7861599922180176,16.036636352539062,2.257063388824463,-1.559833432769013,0.04654626175761223,0.31457849101910396,0.04330730680718941,-0.04887327573696561,0.3212845264185781,0.0,16.0,2.0,0.9498164439865673,-0.05228872954186128,-0.3084065685026992,0.15949901262154714,0.29592788219451904,0.04652721807360649,-0.04652935266494751,0.0697827935218811,direct,SAFE_PROGRESSING,NONE,1,0,"-0.797,16.035;-0.398,16.018;0.000,16.000",0,1,PASS_THROUGH,-1,0.9515357177991147,-0.04498852487616779,-0.3042298643821643,0.1637803800281084,3.316551565165136,3.4830420764172456,0.0,0,0,0,DIRECT_LOCAL,PASS_THROUGH,0,CORRIDOR_CLEAR,1,18,0.0,16.0,2.0,0.0,16.0,2.0,1,
711,23.733333,0.033333,-0.7757474780082703,16.03823471069336,2.2555673122406006,-1.558279915046457,0.04658040031790733,0.31004964895214077,0.044810546020435715,-0.04910924477866351,0.31709696903743184,0.0,16.0,2.0,0.9489183903267893,-0.05613157837977237,-0.3104885415087176,0.15740263729577086,0.29118406772613525,0.04777711257338524,-0.04679359123110771,0.06908335536718369,direct,SAFE_PROGRESSING,NONE,1,0,"-0.786,16.037;-0.393,16.018;0.000,16.000",0,1,PASS_THROUGH,-1,0.9515357177991147,-0.04498852487616779,-0.3042298643821643,0.1637803800281084,3.3116054122207954,3.486200042810155,0.0,0,0,0,DIRECT_LOCAL,PASS_THROUGH,0,CORRIDOR_CLEAR,1,18,0.0,16.0,2.0,0.0,16.0,2.0,1,
712,23.766667,0.033333,-0.7654913067817688,16.03989601135254,2.2540676593780518,-1.5567270675653166,0.04650397598743439,0.30532174208923596,0.04629986242005247,-0.049343420652755224,0.3127296222205957,0.0,16.0,2.0,0.9479942139123166,-0.06010447233577577,-0.3125610705030404,0.1553378309025843,0.2862461507320404,0.04900388419628143,-0.0470576249063015,0.06820295751094818,direct,SAFE_PROGRESSING,NONE,1,0,"-0.776,16.038;-0.388,16.019;0.000,16.000",0,1,PASS_THROUGH,-1,0.9515357177991147,-0.04498852487616779,-0.3042298643821643,0.1637803800281084,3.306827665426763,3.489420626972928,0.0,0,0,0,DIRECT_LOCAL,PASS_THROUGH,0,CORRIDOR_CLEAR,1,18,0.0,16.0,2.0,0.0,16.0,2.0,1,
713,23.8,0.033333,-0.7553984522819519,16.041622161865234,2.252563238143921,-1.5551785059962597,0.04631426930427551,0.300396657427231,0.047771939688549606,-0.04957586755389358,0.30818513374071244,0.0,16.0,2.0,0.9470440701019932,-0.0642024409135386,-0.31461973216153266,0.15330605108478948,0.28111767768859863,0.050205495208501816,-0.04732081666588783,0.06713968515396118,direct,SAFE_PROGRESSING,NONE,1,0,"-0.765,16.040;-0.383,16.020;0.000,16.000",0,1,PASS_THROUGH,-1,0.9515357177991147,-0.04498852487616779,-0.3042298643821643,0.1637803800281084,3.3022185721491577,3.492703367531137,0.0,0,0,0,DIRECT_LOCAL,PASS_THROUGH,0,CORRIDOR_CLEAR,1,18,0.0,16.0,2.0,0.0,16.0,2.0,1,
714,23.833333,0.033333,-0.7454755306243896,16.043407440185547,2.2510547637939453,-1.5536380161618295,0.04600907862186432,0.295275585458599,0.049223678063345426,-0.049806306799179016,0.30346550058775423,0.0,16.0,2.0,0.9460682125423181,-0.06842721577962854,-0.3166585753735895,0.1513088531538461,0.2758009731769562,0.05138193070888519,-0.04758261516690254,0.065895676612854,direct,SAFE_PROGRESSING,NONE,1,0,"-0.755,16.042;-0.378,16.021;-0.000,16.000",1,1,PASS_THROUGH,-1,0.9973945487125937,-0.07213954670221949,0.0,0.1513088531538461,3.2977830620285697,3.496040284025447,0.0,0,0,0,DIRECT_LOCAL,PASS_THROUGH,0,CORRIDOR_CLEAR,1,18,0.0,16.0,2.0,0.0,16.0,2.0,1,
715,23.866667,0.033333,-0.7357290983200073,16.045255661010742,2.2495415210723877,-1.5521093894854148,0.04558681696653366,0.28995981827390244,0.05065230114986367,-0.05003420851400005,0.2985728953653252,0.0,16.0,2.0,0.9450668900728724,-0.072770869592835,-0.3186737733587313,0.14934764445724308,0.27029988169670105,0.052530836313962936,-0.047842442989349365,0.06447046995162964,direct,SAFE_PROGRESSING,NONE,1,0,"-0.745,16.043;-0.373,16.022;0.000,16.000",0,1,PASS_THROUGH,-1,0.9460682125423181,-0.06842721577962854,-0.3166585753735895,0.1513088531538461,3.2935195651525535,3.499432789271975,0.0,0,0,0,DIRECT_LOCAL,PASS_THROUGH,0,CORRIDOR_CLEAR,1,18,0.0,16.0,2.0,0.0,16.0,2.0,1,
716,23.9,0.033333,-0.7261658310890198,16.047161102294922,2.248023509979248,-1.5505963364441822,0.04504641890525818,0.28445068746310587,0.05205550847342936,-0.05025877211534161,0.29350964845333904,0.0,16.0,2.0,0.9440402121508549,-0.07723733052326984,-0.32065943400406627,0.1474239303462352,0.26461678743362427,0.05365155264735222,-0.048099640756845474,0.06286570429801941,direct,SAFE_PROGRESSING,NONE,1,0,"-0.736,16.045;-0.368,16.023;0.000,16.000",0,1,PASS_THROUGH,-1,0.9460682125423181,-0.06842721577962854,-0.3166585753735895,0.1513088531538461,3.289434193058319,3.5028728319460494,0.0,0,0,0,DIRECT_LOCAL,PASS_THROUGH,0,CORRIDOR_CLEAR,1,18,0.0,16.0,2.0,0.0,16.0,2.0,1,
717,23.933333,0.033333,-0.716792106628418,16.049121856689453,2.246500253677368,-1.5491031514245046,0.04438729211688042,0.27875008346454794,0.05343107899139993,-0.05047894197065921,0.2882787068379399,0.0,16.0,2.0,0.9429890915776414,-0.08181769319451421,-0.32261035049406445,0.14553913340553856,0.25875788927078247,0.054741021245718,-0.048353537917137146,0.06107889115810394,direct,SAFE_PROGRESSING,NONE,1,0,"-0.726,16.047;-0.363,16.024;0.000,16.000",0,1,PASS_THROUGH,-1,0.9460682125423181,-0.06842721577962854,-0.3166585753735895,0.1513088531538461,3.2855252605144742,3.5063561506383585,0.0,0,0,0,DIRECT_LOCAL,PASS_THROUGH,0,CORRIDOR_CLEAR,1,18,0.0,16.0,2.0,0.0,16.0,2.0,1,
718,23.966667,0.033333,-0.7076144814491272,16.051137924194336,2.244971752166748,-1.5476336216495294,0.04360906407237053,0.2728604227554148,0.05477681512745898,-0.05069368566659382,0.28288365019603895,0.0,16.0,2.0,0.9419144277643289,-0.08650805002661119,-0.32452052022944555,0.1436946597378517,0.2527253031730652,0.055797480046749115,-0.04860343411564827,0.05911107361316681,direct,SAFE_PROGRESSING,NONE,1,0,"-0.717,16.049;-0.358,16.025;0.000,16.000",0,1,PASS_THROUGH,-1,0.9460682125423181,-0.06842721577962854,-0.3166585753735895,0.1513088531538461,3.281793955541524,3.5098803129950817,0.0,0,0,0,DIRECT_LOCAL,PASS_THROUGH,0,CORRIDOR_CLEAR,1,18,0.0,16.0,2.0,0.0,16.0,2.0,1,
719,24.0,0.033333,-0.6986392140388489,16.053205490112305,2.2434377670288086,-1.5461914469816116,0.04271147772669792,0.26678447499184693,0.056090690924175964,-0.05090209115297197,0.2773285859567533,0.0,16.0,2.0,0.9408169331725393,-0.09130676214755813,-0.3263840888308545,0.14189197886384175,0.24652302265167236,0.056818366050720215,-0.048848673701286316,0.056961268186569214,direct,SAFE_PROGRESSING,NONE,1,0,"-0.708,16.051;-0.354,16.026;0.000,16.000",0,1,PASS_THROUGH,-1,0.9460682125423181,-0.06842721577962854,-0.3166585753735895,0.1513088531538461,3.2782430732345627,3.5134391568565317,0.0,0,0,0,DIRECT_LOCAL,PASS_THROUGH,0,CORRIDOR_CLEAR,1,18,0.0,16.0,2.0,0.0,16.0,2.0,1,
720,24.033333,0.033333,-0.6898723840713501,16.05532455444336,2.2418980598449707,-1.544781249608578,0.041694410145282745,0.2605255766939209,0.05737017930425544,-0.05110348982162041,0.27161826200948075,0.0,16.0,2.0,0.9396981021092612,-0.09620602555131058,-0.3281948773821326,0.14013244814401996,0.240155890583992,0.0577998161315918,-0.04908861592411995,0.054626353085041046,direct,SAFE_PROGRESSING,NONE,1,0,"-0.699,16.053;-0.349,16.027;0.000,16.000",1,1,PASS_THROUGH,-1,0.9948000392330943,-0.10184734626799946,0.0,0.14013244814401996,3.274872038027665,3.5170302977723806,0.0,0,0,0,DIRECT_LOCAL,PASS_THROUGH,0,CORRIDOR_CLEAR,1,18,0.0,16.0,2.0,0.0,16.0,2.0,1,
721,24.066667,0.033333,-0.6813202500343323,16.057491302490234,2.2403526306152344,-1.5434066481699082,0.04055773839354515,0.25408725906302154,0.05861261982856507,-0.05129726653103667,0.2657577543080976,0.0,16.0,2.0,0.9385591000613202,-0.10120368607620996,-0.32994640415781606,0.13841744292229136,0.23362405598163605,0.05874008685350418,-0.04932228848338127,0.05210788920521736,direct,SAFE_PROGRESSING,NONE,1,0,"-0.690,16.055;-0.345,16.028;-0.000,16.000",0,1,PASS_THROUGH,-1,0.9396981021092612,-0.09620602555131058,-0.3281948773821326,0.14013244814401996,3.2716832570624175,3.520647552605611,0.0,0,0,0,DIRECT_LOCAL,PASS_THROUGH,0,CORRIDOR_CLEAR,1,18,0.0,16.0,2.0,0.0,16.0,2.0,1,
722,24.1,0.033333,-0.6729887127876282,16.059701919555664,2.2388012409210205,-1.5420716707390147,0.03930114209651947,0.24747318039872246,0.059815042997043336,-0.05148293787700381,0.25975239609644457,0.0,16.0,2.0,0.9374017886870101,-0.10629168454669374,-0.3316322728001907,0.1367483137693286,0.22693337500095367,0.059638191014528275,-0.04954889416694641,0.04940943047404289,direct,SAFE_PROGRESSING,NONE,1,0,"-0.681,16.057;-0.341,16.029;0.000,16.000",0,1,PASS_THROUGH,-1,0.9396981021092612,-0.09620602555131058,-0.3281948773821326,0.14013244814401996,3.2686760333881466,3.524284797074292,0.0,0,0,0,DIRECT_LOCAL,PASS_THROUGH,0,CORRIDOR_CLEAR,1,18,0.0,16.0,2.0,0.0,16.0,2.0,1,
723,24.133333,0.033333,-0.6648834347724915,16.06195640563965,2.23724365234375,-1.540780186972425,0.037924591451883316,0.2406868720860156,0.06097443700903873,-0.05165977151215619,0.2536075400216,0.0,16.0,2.0,0.9362283840410511,-0.11146162927355177,-0.3332457323291139,0.13512633003795813,0.22008410096168518,0.060495395213365555,-0.049767233431339264,0.04654012620449066,direct,SAFE_PROGRESSING,NONE,1,0,"-0.673,16.060;-0.336,16.030;0.000,16.000",0,1,PASS_THROUGH,-1,0.9396981021092612,-0.09620602555131058,-0.3281948773821326,0.14013244814401996,3.265849405559714,3.5279397047181855,0.0,0,0,0,DIRECT_LOCAL,PASS_THROUGH,0,CORRIDOR_CLEAR,1,18,0.0,16.0,2.0,0.0,16.0,2.0,1,
724,24.166667,0.033333,-0.6570100784301758,16.064254760742188,2.235680103302002,-1.5395362475635934,0.03642875701189041,0.233731927375261,0.062087896241205934,-0.051827111892278364,0.24732887065869963,0.0,16.0,2.0,0.9350408172176619,-0.11670976706322117,-0.33477977897264893,0.1335527727955733,0.21308882534503937,0.06130716949701309,-0.04997668415307999,0.04349759966135025,direct,SAFE_PROGRESSING,NONE,1,0,"-0.665,16.062;-0.332,16.031;0.000,16.000",0,1,PASS_THROUGH,-1,0.9396981021092612,-0.09620602555131058,-0.3281948773821326,0.14013244814401996,3.2632053916205632,3.5316099505846226,0.0,0,0,0,DIRECT_LOCAL,PASS_THROUGH,0,CORRIDOR_CLEAR,1,18,0.0,16.0,2.0,0.0,16.0,2.0,1,
725,24.2,0.033333,-0.6493740081787109,16.066587448120117,2.234110116958618,-1.5383439038648368,0.034814778715372086,0.22661205637958778,0.06315265129562457,-0.05198408509316749,0.24092244927616413,0.0,16.0,2.0,0.9338410289739503,-0.12203196928305053,-0.3362277964085871,0.13202892371550431,0.20594951510429382,0.062069203704595566,-0.050176363438367844,0.040280915796756744,direct,SAFE_PROGRESSING,NONE,1,0,"-0.657,16.064;-0.329,16.032;0.000,16.000",0,1,PASS_THROUGH,-1,0.9396981021092612,-0.09620602555131058,-0.3281948773821326,0.14013244814401996,3.260745977496538,3.5352838902312107,0.0,0,0,0,DIRECT_LOCAL,PASS_THROUGH,0,CORRIDOR_CLEAR,1,18,0.0,16.0,2.0,0.0,16.0,2.0,1,
726,24.233333,0.033333,-0.6419808268547058,16.068958282470703,2.2325336933135986,-1.5372068704543196,0.0330837182700634,0.21933137227928684,0.06416603529440655,-0.052129756516041015,0.23439505640209202,0.0,16.0,2.0,0.9326331002184309,-0.1274105437017858,-0.3375826620704526,0.13055581040233083,0.19866958260536194,0.06278139352798462,-0.05036528781056404,0.03689925745129585,direct,SAFE_PROGRESSING,NONE,1,0,"-0.649,16.067;-0.325,16.033;0.000,16.000",1,1,PASS_THROUGH,-1,0.9907969570692625,-0.13535652870212694,0.0,0.13055581040233083,3.258465004352952,3.538962982601174,0.0,0,0,0,DIRECT_LOCAL,PASS_THROUGH,0,CORRIDOR_CLEAR,1,18,0.0,16.0,2.0,0.0,16.0,2.0,1,
727,24.266667,0.033333,-0.634835422039032,16.071361541748047,2.2309510707855225,-1.536129112034298,0.031236890703439713,0.21189437726404123,0.0651253681562046,-0.05226322763227917,0.2277542220380129,0.0,16.0,2.0,0.9314190615725058,-0.1328457830022173,-0.33883702524653425,0.12913475547200468,0.19125565886497498,0.06344200670719147,-0.050542525947093964,0.033356472849845886,direct,SAFE_PROGRESSING,NONE,1,0,"-0.642,16.069;-0.321,16.034;0.000,16.000",0,1,PASS_THROUGH,-1,0.9326331002184309,-0.1274105437017858,-0.3375826620704526,0.13055581040233083,3.2563675200491278,3.542639452690907,0.0,0,0,0,DIRECT_LOCAL,PASS_THROUGH,0,CORRIDOR_CLEAR,1,18,0.0,16.0,2.0,0.0,16.0,2.0,1,
728,24.3,0.033333,-0.6279429197311401,16.073793411254883,2.2293620109558105,-1.5351146710321437,0.029276026412844658,0.2043059612242167,0.06602787803484012,-0.052383599149814254,0.2210082530798868,0.0,16.0,2.0,0.9302026786843065,-0.13832394386515848,-0.3399845042382506,0.12776673788058207,0.18371446430683136,0.0640517920255661,-0.05070705711841583,0.029662124812602997,direct,SAFE_PROGRESSING,NONE,1,0,"-0.635,16.071;-0.317,16.036;0.000,16.000",0,1,PASS_THROUGH,-1,0.9326331002184309,-0.1274105437017858,-0.3375826620704526,0.13055581040233083,3.254450203132712,3.5463073804021055,0.0,0,0,0,DIRECT_LOCAL,PASS_THROUGH,0,CORRIDOR_CLEAR,1,18,0.0,16.0,2.0,0.0,16.0,2.0,1,
729,24.333333,0.033333,-0.6213081479072571,16.076250076293945,2.227766513824463,-1.5341671851759155,0.027203558012843132,0.1965714565513095,0.0668708596283276,-0.05249006105665398,0.2141664210558371,0.0,16.0,2.0,0.9289879846735897,-0.14383372761022392,-0.3410178633647369,0.12645280194366615,0.1760585606098175,0.06460419297218323,-0.05085836350917816,0.025811009109020233,direct,SAFE_PROGRESSING,NONE,1,0,"-0.628,16.074;-0.314,16.037;0.000,16.000",0,1,PASS_THROUGH,-1,0.9326331002184309,-0.1274105437017858,-0.3375826620704526,0.13055581040233083,3.2527114186502306,3.549960925719906,0.0,0,0,0,DIRECT_LOCAL,PASS_THROUGH,0,CORRIDOR_CLEAR,1,18,0.0,16.0,2.0,0.0,16.0,2.0,1,
730,24.366667,0.033333,-0.6149355173110962,16.078731536865234,2.2261648178100586,-1.533290287365329,0.02502201683819294,0.18869670196725058,0.06765170373805522,-0.052581766344862724,0.20723909019276435,0.0,16.0,2.0,0.9277792265290622,-0.14936323723928147,-0.3419303001819771,0.1251939117993808,0.16829219460487366,0.06509491801261902,-0.050995439291000366,0.021805325523018837,direct,SAFE_PROGRESSING,NONE,1,0,"-0.621,16.076;-0.311,16.038;0.000,16.000",0,1,PASS_THROUGH,-1,0.9326331002184309,-0.1274105437017858,-0.3375826620704526,0.13055581040233083,3.2511493403618625,3.5535981018628457,0.0,0,0,0,DIRECT_LOCAL,PASS_THROUGH,0,CORRIDOR_CLEAR,1,18,0.0,16.0,2.0,0.0,16.0,2.0,1,
731,24.4,0.033333,-0.6088296175003052,16.08123016357422,2.2245566844940186,-1.5324877769072716,0.022733477875590324,0.18068823368382303,0.0683674639941371,-0.05265787545540126,0.2002378579895571,0.0,16.0,2.0,0.9265799957376648,-0.1549055111709109,-0.34271532517188075,0.12399102311826082,0.16042116284370422,0.06552295386791229,-0.05111737549304962,0.01765306107699871,direct,SAFE_PROGRESSING,NONE,1,0,"-0.615,16.079;-0.307,16.039;0.000,16.000",0,1,PASS_THROUGH,-1,0.9326331002184309,-0.1274105437017858,-0.3375826620704526,0.13055581040233083,3.2497650962106603,3.5572094272736314,0.0,0,0,0,DIRECT_LOCAL,PASS_THROUGH,0,CORRIDOR_CLEAR,1,18,0.0,16.0,2.0,0.0,16.0,2.0,1,
732,24.433333,0.033333,-0.6029943823814392,16.08374786376953,2.222942590713501,-1.5317629365513714,0.020340073853731155,0.1725531071992114,0.06901506116910092,-0.05271774227854296,0.19317560359223462,0.0,16.0,2.0,0.9253960856641712,-0.16044220703401912,-0.34336625174801777,0.12284491729328686,0.15245293080806732,0.06588784605264664,-0.051223233342170715,0.013362668454647064,direct,SAFE_PROGRESSING,NONE,1,0,"-0.609,16.081;-0.304,16.041;0.000,16.000",1,1,PASS_THROUGH,-1,0.9853008134774071,-0.170828296721474,0.0,0.12284491729328686,3.2485534980686275,3.560794944401581,0.0,0,0,0,DIRECT_LOCAL,PASS_THROUGH,0,CORRIDOR_CLEAR,1,18,0.0,16.0,2.0,0.0,16.0,2.0,1,
733,24.466667,0.033333,-0.5974339842796326,16.086278915405273,2.221322774887085,-1.5311193136116328,0.017844371497631073,0.16429875984279146,0.06959126725726475,-0.0527607357540765,0.18606644566300176,0.0,16.0,2.0,0.9242310184901517,-0.16596838923050847,-0.343877184815869,0.12175646674727932,0.14439792931079865,0.06618726253509521,-0.05131217837333679,0.008939500898122787,direct,SAFE_PROGRESSING,NONE,1,0,"-0.603,16.084;-0.301,16.042;0.000,16.000",0,1,PASS_THROUGH,-1,0.9253960856641712,-0.16044220703401912,-0.34336625174801777,0.12284491729328686,3.2475170033928,3.5643471978300467,0.0,0,0,0,DIRECT_LOCAL,PASS_THROUGH,0,CORRIDOR_CLEAR,1,18,0.0,16.0,2.0,0.0,16.0,2.0,1,
734,24.5,0.033333,-0.5921517610549927,16.088821411132812,2.2196967601776123,-1.5305602128265818,0.015249333344399929,0.15593284081217348,0.07009298465087531,-0.05278623015470779,0.17892586016271733,0.0,16.0,2.0,0.9230905038006211,-0.1714673869011505,-0.34424243931044674,0.12072637107372135,0.1362622082233429,0.0664205402135849,-0.05138321965932846,0.00439267186447978,direct,SAFE_PROGRESSING,NONE,1,0,"-0.597,16.086;-0.299,16.043;0.000,16.000",0,1,PASS_THROUGH,-1,0.9253960856641712,-0.16044220703401912,-0.34336625174801777,0.12284491729328686,3.246651787966619,3.567862678796492,0.0,0,0,0,DIRECT_LOCAL,PASS_THROUGH,0,CORRIDOR_CLEAR,1,18,0.0,16.0,2.0,0.0,16.0,2.0,1,
735,24.533333,0.033333,-0.5871509909629822,16.09136390686035,2.2180652618408203,-1.530088850339294,0.012558367103338242,0.14746339513633422,0.07051729462391212,-0.05279364911714683,0.1717711009841722,0.0,16.0,2.0,0.9219797978302104,-0.17692800334989991,-0.3444557069110369,0.11975524225622078,0.12806078791618347,0.06658225506544113,-0.05143577232956886,-0.0002796761691570282,direct,SAFE_PROGRESSING,NONE,1,0,"-0.592,16.089;-0.296,16.044;0.000,16.000",0,1,PASS_THROUGH,-1,0.9253960856641712,-0.16044220703401912,-0.34336625174801777,0.12284491729328686,3.24595678970416,3.5713285809022604,0.0,0,0,0,DIRECT_LOCAL,PASS_THROUGH,0,CORRIDOR_CLEAR,1,18,0.0,16.0,2.0,0.0,16.0,2.0,1,
736,24.566667,0.033333,-0.5824346542358398,16.09390640258789,2.216428756713867,-1.5297086252048617,0.009774887934327126,0.13889893764346617,0.07086139649237298,-0.0527823798773933,0.16462148103104363,0.0,16.0,2.0,0.9209064312552376,-0.1823236526643519,-0.3445133242007789,0.11884336744902493,0.11980034410953522,0.06667155772447586,-0.0514690987765789,-0.005066168028861284,direct,SAFE_PROGRESSING,NONE,1,0,"-0.587,16.091;-0.294,16.046;0.000,16.000",0,1,PASS_THROUGH,-1,0.9253960856641712,-0.16044220703401912,-0.34336625174801777,0.12284491729328686,3.245422874640578,3.574743432564999,0.0,0,0,0,DIRECT_LOCAL,PASS_THROUGH,0,CORRIDOR_CLEAR,1,18,0.0,16.0,2.0,0.0,16.0,2.0,1,
737,24.6,0.033333,-0.5780056118965149,16.09644889831543,2.214787006378174,-1.5294225894788591,0.006902338471263647,0.13024866867617169,0.07112258691602087,-0.05275195182624351,0.1574989094661306,0.0,16.0,2.0,0.9198752308760064,-0.18764506483454696,-0.3444109308138357,0.1179912774575852,0.11149194091558456,0.06668794900178909,-0.05148252844810486,-0.00995535310357809,direct,SAFE_PROGRESSING,NONE,1,0,"-0.582,16.094;-0.291,16.047;0.000,16.000",0,1,PASS_THROUGH,-1,0.9253960856641712,-0.16044220703401912,-0.34336625174801777,0.12284491729328686,3.2450504121446353,3.578105832860546,0.0,0,0,0,DIRECT_LOCAL,PASS_THROUGH,0,CORRIDOR_CLEAR,1,18,0.0,16.0,2.0,0.0,16.0,2.0,1,
738,24.633333,0.033333,-0.5738662481307983,16.09899139404297,2.2131407260894775,-1.5292335442966363,0.0039447275921702385,0.12152237828533867,0.0712982330621542,-0.052701884491598086,0.15042810605360937,0.0,16.0,2.0,0.9188913958597968,-0.19288297612642524,-0.3441435167709062,0.11719946712679623,0.10314621776342392,0.06663015484809875,-0.051475320011377335,-0.014940219931304455,direct,SAFE_PROGRESSING,NONE,1,0,"-0.578,16.096;-0.289,16.048;0.000,16.000",1,1,PASS_THROUGH,-1,0.9786715333808043,-0.2054313261166979,0.0,0.11719946712679623,3.244839741158857,3.5814145243464925,0.0,0,0,0,DIRECT_LOCAL,PASS_THROUGH,0,CORRIDOR_CLEAR,1,18,0.0,16.0,2.0,0.0,16.0,2.0,1,
739,24.666667,0.033333,-0.5700185298919678,16.101533889770508,2.2114899158477783,-1.5291442158032582,0.0009065604535862803,0.11273039763061411,0.07138592027355388,-0.05263185913238061,0.14343711081512103,0.0,16.0,2.0,0.9179595717726725,-0.19802789690916592,-0.3437079816307219,0.11646832476485429,0.09477696567773819,0.06649483740329742,-0.05144711583852768,-0.020020481199026108,direct,SAFE_PROGRESSING,NONE,1,0,"-0.574,16.099;-0.287,16.049;0.000,16.000",0,1,PASS_THROUGH,-1,0.9188913958597968,-0.19288297612642524,-0.3441435167709062,0.11719946712679623,3.24479098340199,3.584668384670246,0.0,0,0,0,DIRECT_LOCAL,PASS_THROUGH,0,CORRIDOR_CLEAR,1,18,0.0,16.0,2.0,0.0,16.0,2.0,1,
740,24.7,0.033333,-0.5664641857147217,16.104063034057617,2.2098350524902344,-1.529157494755029,-0.0022078428883105516,0.1038837447669248,0.07138331023184673,-0.05254170062225232,0.13655782551993878,0.0,16.0,2.0,0.9170847180885894,-0.2030700883098195,-0.34310080017717054,0.11579814423247548,0.08639436960220337,0.0662798061966896,-0.051397599279880524,-0.0251946859061718,direct,SAFE_PROGRESSING,NONE,1,0,"-0.570,16.102;-0.285,16.051;0.000,16.000",0,1,PASS_THROUGH,-1,0.9188913958597968,-0.19288297612642524,-0.3441435167709062,0.11719946712679623,3.2449040802044276,3.5878533094193297,0.0,0,0,0,DIRECT_LOCAL,PASS_THROUGH,0,CORRIDOR_CLEAR,1,18,0.0,16.0,2.0,0.0,16.0,2.0,1,
741,24.733333,0.033333,-0.5632045865058899,16.10658073425293,2.208176851272583,-1.529275761313766,-0.0053945970721542835,0.09499404395571315,0.07128816464167204,-0.05243126887546939,0.1298264563212363,0.0,16.0,2.0,0.9162756701348769,-0.20797905641730757,-0.3423209143634797,0.11518867804688435,0.0780104547739029,0.06598582863807678,-0.05132610350847244,-0.030449045822024345,direct,SAFE_PROGRESSING,NONE,1,0,"-0.566,16.104;-0.283,16.052;0.000,16.000",0,1,PASS_THROUGH,-1,0.9188913958597968,-0.19288297612642524,-0.3441435167709062,0.11719946712679623,3.2451675606051444,3.5909702803744756,0.0,0,0,0,DIRECT_LOCAL,PASS_THROUGH,0,CORRIDOR_CLEAR,1,18,0.0,16.0,2.0,0.0,16.0,2.0,1,
742,24.766667,0.033333,-0.560240626335144,16.10907745361328,2.2065155506134033,-1.5295013274162832,-0.008649859577417374,0.08607343816576211,0.07109838772684576,-0.0523003523614269,0.12328399876772972,0.0,16.0,2.0,0.9155364085525841,-0.21274802401859838,-0.34136690362543587,0.11464010802073836,0.069639652967453,0.06561309099197388,-0.05123209208250046,-0.03577597811818123,direct,SAFE_PROGRESSING,NONE,1,0,"-0.563,16.107;-0.282,16.053;0.000,16.000",0,1,PASS_THROUGH,-1,0.9188913958597968,-0.19288297612642524,-0.3441435167709062,0.11719946712679623,3.245582736532722,3.594009218570102,0.0,0,0,0,DIRECT_LOCAL,PASS_THROUGH,0,CORRIDOR_CLEAR,1,18,0.0,16.0,2.0,0.0,16.0,2.0,1,
743,24.8,0.033333,-0.5575727224349976,16.111555099487305,2.2048516273498535,-1.5298364032901817,-0.011969588696956635,0.07713459685007257,0.07081221193972552,-0.05214899379413276,0.11697706161791006,0.0,16.0,2.0,0.9148747145731558,-0.2173523056465879,-0.34023849262656747,0.1141520828164168,0.061293236911296844,0.06516037881374359,-0.05111539363861084,-0.04117008298635483,direct,SAFE_PROGRESSING,NONE,1,0,"-0.560,16.109;-0.280,16.055;0.000,16.000",0,1,PASS_THROUGH,-1,0.9188913958597968,-0.19288297612642524,-0.3441435167709062,0.11719946712679623,3.246141000481089,3.5969714144970824,0.0,0,0,0,DIRECT_LOCAL,PASS_THROUGH,0,CORRIDOR_CLEAR,1,18,0.0,16.0,2.0,0.0,16.0,2.0,1,
744,24.833333,0.033333,-0.55520099401474,16.114009857177734,2.203185796737671,-1.5302833053930123,-0.015349543653428555,0.06819067841043316,0.07042815545002615,-0.05197734965846007,0.11095827404788695,0.0,16.0,2.0,0.91429434465775,-0.22178514981535433,-0.338935390079343,0.11372455865382766,0.05298348143696785,0.06462720781564713,-0.05097595602273941,-0.04662574082612991,direct,SAFE_PROGRESSING,NONE,1,0,"-0.558,16.112;-0.279,16.056;0.000,16.000",1,1,PASS_THROUGH,-1,0.9718165015478984,-0.23573859955298723,0.0,0.11372455865382766,3.246843262294686,3.599852671876627,0.0,0,0,0,DIRECT_LOCAL,PASS_THROUGH,0,CORRIDOR_CLEAR,1,18,0.0,16.0,2.0,0.0,16.0,2.0,1,
745,24.866667,0.033333,-0.553125262260437,16.116437911987305,2.2015182971954346,-1.5308437602952305,-0.018785523250699043,0.05925522538378536,0.06994520745140942,-0.05178561602212077,0.10528657942726809,0.0,16.0,2.0,0.9138004920155813,-0.2260313420442036,-0.33745887631795646,0.1133572037920207,0.04472416266798973,0.06401441991329193,-0.05081366002559662,-0.052133962512016296,direct,SAFE_PROGRESSING,NONE,1,0,"-0.555,16.114;-0.278,16.057;0.000,16.000",0,1,PASS_THROUGH,-1,0.91429434465775,-0.22178514981535433,-0.338935390079343,0.11372455865382766,3.2476854713109966,3.6026489152280914,0.0,0,0,0,DIRECT_LOCAL,PASS_THROUGH,0,CORRIDOR_CLEAR,1,18,0.0,16.0,2.0,0.0,16.0,2.0,1,
746,24.9,0.033333,-0.5513445138931274,16.11883544921875,2.1998493671417236,-1.531519735586319,-0.022273313254117966,0.05034213940545386,0.06936268171601968,-0.051574103292994236,0.10002700008114031,0.0,16.0,2.0,0.9133984449849465,-0.23007560125841237,-0.33581021188263716,0.11304960735865306,0.03652839735150337,0.06332335621118546,-0.050628550350666046,-0.05768824368715286,direct,SAFE_PROGRESSING,NONE,1,0,"-0.553,16.116;-0.277,16.058;0.000,16.000",0,1,PASS_THROUGH,-1,0.91429434465775,-0.22178514981535433,-0.338935390079343,0.11372455865382766,3.2486634759282706,3.605356297846868,0.0,0,0,0,DIRECT_LOCAL,PASS_THROUGH,0,CORRIDOR_CLEAR,1,18,0.0,16.0,2.0,0.0,16.0,2.0,1,
747,24.933333,0.033333,-0.549857497215271,16.121198654174805,2.1981804370880127,-1.5323127005332735,-0.0258085448294878,0.04146557844052723,0.06868038280133049,-0.05134319936483891,0.0952497417222871,0.0,16.0,2.0,0.9130929846834626,-0.2339034262831453,-0.33399159943754764,0.1128011767653283,0.028410281985998154,0.0625561848282814,-0.05042073130607605,-0.06327959895133972,direct,SAFE_PROGRESSING,NONE,1,0,"-0.551,16.119;-0.276,16.059;0.000,16.000",0,1,PASS_THROUGH,-1,0.91429434465775,-0.22178514981535433,-0.338935390079343,0.11372455865382766,3.249772745870799,3.6079710814373835,0.0,0,0,0,DIRECT_LOCAL,PASS_THROUGH,0,CORRIDOR_CLEAR,1,18,0.0,16.0,2.0,0.0,16.0,2.0,1,
748,24.966667,0.033333,-0.5486627221107483,16.123525619506836,2.1965115070343018,-1.5332247236658518,-0.02938668243587017,0.032640089326348674,0.06789856415320417,-0.05109340400936534,0.09102816255732636,0.0,16.0,2.0,0.9128881378324809,-0.23749984287802445,-0.3320076391254562,0.1126112571668793,0.02038620039820671,0.061712782829999924,-0.05019068717956543,-0.06890597939491272,direct,SAFE_PROGRESSING,NONE,1,0,"-0.550,16.121;-0.275,16.061;-0.000,16.000",0,1,PASS_THROUGH,-1,0.91429434465775,-0.22178514981535433,-0.338935390079343,0.11372455865382766,3.304395404787729,3.610491502835876,0.0,0,0,0,DIRECT_LOCAL,PASS_THROUGH,0,CORRIDOR_CLEAR,1,18,0.0,16.0,2.0,0.0,16.0,2.0,1,
749,25.0,0.033333,-0.5477577447891235,16.125812530517578,2.194845199584961,-1.5342573525651257,-0.033003415912389755,0.02388062203774591,0.0670180054794225,-0.050825358253564976,0.08743520005668659,0.0,16.0,2.0,0.912787490274927,-0.24085387018450238,-0.3298611993168444,0.11247921786863986,0.012464736588299274,0.06079643592238426,-0.049938593059778214,-0.07455693185329437,direct,SAFE_PROGRESSING,NONE,1,0,"-0.549,16.124;-0.274,16.062;0.000,16.000",0,1,PASS_THROUGH,-1,0.91429434465775,-0.22178514981535433,-0.338935390079343,0.11372455865382766,3.305696893239248,3.612914181245897,0.0,0,0,0,DIRECT_LOCAL,PASS_THROUGH,0,CORRIDOR_CLEAR,1,18,0.0,16.0,2.0,0.0,16.0,2.0,1,
750,25.033333,0.033333,-0.5471398234367371,16.12805938720703,2.1931800842285156,-1.5354113852357312,-0.03665446490049362,0.015202381010777106,0.06603997757479928,-0.05053970469725638,0.08453787776708561,0.0,16.0,2.0,0.9127932542113055,-0.24395239992784262,-0.32756022596734924,0.11240415291468606,0.004659513011574745,0.05980968847870827,-0.04966500774025917,-0.08022557199001312,direct,SAFE_PROGRESSING,NONE,1,0,"-0.548,16.126;-0.274,16.063;0.000,16.000",1,1,PASS_THROUGH,-1,0.9660922738182375,-0.25819705356317973,0.0,0.11240415291468606,3.307123843088987,3.6152395880988313,0.0,0,0,0,DIRECT_LOCAL,PASS_THROUGH,0,CORRIDOR_CLEAR,1,18,0.0,16.0,2.0,0.0,16.0,2.0,1,
751,25.066667,0.033333,-0.5468062162399292,16.130260467529297,2.1915175914764404,-1.536687865581245,-0.04033546894788742,0.006620597452655093,0.06496628001757644,-0.050237173503192935,0.08239067575607187,0.0,16.0,2.0,0.9129078432705032,-0.2467891549822201,-0.3251067250586491,0.11238526469999957,-0.0030184336937963963,0.05875511094927788,-0.04937039315700531,-0.08590631186962128,direct,SAFE_PROGRESSING,NONE,1,0,"-0.547,16.128;-0.274,16.064;0.000,16.000",0,1,PASS_THROUGH,-1,0.9127932542113055,-0.24395239992784262,-0.32756022596734924,0.11240415291468606,3.308674281918866,3.61746264503696,0.0,0,0,0,DIRECT_LOCAL,PASS_THROUGH,0,CORRIDOR_CLEAR,1,18,0.0,16.0,2.0,0.0,16.0,2.0,1,
752,25.1,0.033333,-0.5467531085014343,16.132413864135742,2.1898586750030518,-1.5380879120300641,-0.04404202476143837,-0.0018496252605062127,0.06379926656275298,-0.04991863015406002,0.08102861941318847,0.0,16.0,2.0,0.913134057476795,-0.24934867584415116,-0.32250803235072084,0.11242149750284938,-0.010556235909461975,0.057635847479104996,-0.04905553162097931,-0.09159436821937561,direct,SAFE_PROGRESSING,NONE,1,0,"-0.547,16.130;-0.273,16.065;0.000,16.000",0,1,PASS_THROUGH,-1,0.9127932542113055,-0.24395239992784262,-0.32756022596734924,0.11240415291468606,3.5434172516113045,3.6195822781826714,0.0,0,0,0,DIRECT_LOCAL,PASS_THROUGH,0,CORRIDOR_CLEAR,1,18,0.0,16.0,2.0,0.0,16.0,2.0,1,
753,25.133333,0.033333,-0.5469764471054077,16.134519577026367,2.188203811645508,-1.5396122302167852,-0.0477699339389801,-0.010193461188642049,0.06254180212965772,-0.049584826272895656,0.08046141100641259,0.0,16.0,2.0,0.9134726814472217,-0.2516228004582291,-0.31977120967839007,0.1125117581537752,-0.017945121973752975,0.05645803362131119,-0.04872101545333862,-0.09727500379085541,direct,SAFE_PROGRESSING,NONE,1,0,"-0.547,16.132;-0.273,16.066;0.000,16.000",0,1,PASS_THROUGH,-1,0.9127932542113055,-0.24395239992784262,-0.32756022596734924,0.11240415291468606,3.545074206705059,3.6215993787434644,0.0,0,0,0,DIRECT_LOCAL,PASS_THROUGH,0,CORRIDOR_CLEAR,1,18,0.0,16.0,2.0,0.0,16.0,2.0,1,
754,25.166667,0.033333,-0.5474714636802673,16.13657569885254,2.186553716659546,-1.541261594115167,-0.05151471123099327,-0.01839646046680025,0.061197363797912234,-0.04923661847572869,0.0806708850357118,0.0,16.0,2.0,0.9139234934867914,-0.25360694136313444,-0.31690277270061007,0.11265500437910561,-0.02517147734761238,0.055222898721694946,-0.048367660492658615,-0.10294869542121887,direct,SAFE_PROGRESSING,NONE,1,0,"-0.547,16.135;-0.273,16.067;0.000,16.000",0,1,PASS_THROUGH,-1,0.9127932542113055,-0.24395239992784262,-0.32756022596734924,0.11240415291468606,3.546865487156088,3.6235131605781503,0.0,0,0,0,DIRECT_LOCAL,PASS_THROUGH,0,CORRIDOR_CLEAR,1,18,0.0,16.0,2.0,0.0,16.0,2.0,1,
755,25.2,0.033333,-0.5482333898544312,16.138580322265625,2.1849093437194824,-1.5430366103591757,-0.05527179688215256,-0.02644459292530339,0.05977002414610127,-0.048874835446208305,0.08161202007856731,0.0,16.0,2.0,0.9144862275028048,-0.2552943243117684,-0.3139104134651893,0.11284997564222576,-0.032231587916612625,0.0539357028901577,-0.047996170818805695,-0.10860642790794373,direct,SAFE_PROGRESSING,NONE,1,0,"-0.547,16.137;-0.274,16.068;0.000,16.000",0,1,PASS_THROUGH,-1,0.9127932542113055,-0.24395239992784262,-0.32756022596734924,0.11240415291468606,3.5487864065233072,3.625322880207277,0.0,0,0,0,DIRECT_LOCAL,PASS_THROUGH,0,CORRIDOR_CLEAR,1,18,0.0,16.0,2.0,0.0,16.0,2.0,1,
756,25.233333,0.033333,-0.5492565631866455,16.140531539916992,2.183271646499634,-1.5449377143854168,-0.05903669819235802,-0.034324392578103574,0.05826435129808864,-0.04850024575770799,0.08321762070980476,0.0,16.0,2.0,0.9151600265874671,-0.2566788068231998,-0.3108023742899095,0.11309542085699582,-0.03911451995372772,0.05260239914059639,-0.047607533633708954,-0.11423753947019577,direct,SAFE_PROGRESSING,NONE,1,0,"-0.548,16.139;-0.274,16.069;0.000,16.000",1,1,PASS_THROUGH,-1,0.9628453697447619,-0.2700533168858937,0.0,0.11309542085699582,3.550832332003013,3.62702801366733,0.0,0,0,0,DIRECT_LOCAL,PASS_THROUGH,0,CORRIDOR_CLEAR,1,18,0.0,16.0,2.0,0.0,16.0,2.0,1,
757,25.266667,0.033333,-0.5505353808403015,16.142427444458008,2.181640863418579,-1.5469647367425992,-0.06280472874641418,-0.04202319228737634,0.05668546282285671,-0.048113550343394804,0.08540552740958669,0.0,16.0,2.0,0.9159432196065703,-0.25775563552715597,-0.30758746855283636,0.11338992652172356,-0.04581595957279205,0.05122974514961243,-0.0472024604678154,-0.11982905864715576,direct,SAFE_PROGRESSING,NONE,1,0,"-0.549,16.141;-0.275,16.070;0.000,16.000",0,1,PASS_THROUGH,-1,0.9151600265874671,-0.2566788068231998,-0.3108023742899095,0.11309542085699582,3.552998129184848,3.628628060234552,0.0,0,0,0,DIRECT_LOCAL,PASS_THROUGH,0,CORRIDOR_CLEAR,1,18,0.0,16.0,2.0,0.0,16.0,2.0,1,
758,25.3,0.033333,-0.5520634651184082,16.144268035888672,2.180018424987793,-1.5491181857500993,-0.06657066941261292,-0.04952914241183238,0.05503908841135678,-0.047715454109240524,0.08808633130092182,0.0,16.0,2.0,0.9168342488294143,-0.25852004279696256,-0.30427347509380503,0.11373210320605431,-0.05232248082756996,0.04982197284698486,-0.04678211361169815,-0.1253771334886551,direct,SAFE_PROGRESSING,NONE,1,0,"-0.551,16.142;-0.275,16.071;0.000,16.000",0,1,PASS_THROUGH,-1,0.9151600265874671,-0.2566788068231998,-0.3108023742899095,0.11309542085699582,3.5552787506596784,3.6301245750539723,0.0,0,0,0,DIRECT_LOCAL,PASS_THROUGH,0,CORRIDOR_CLEAR,1,18,0.0,16.0,2.0,0.0,16.0,2.0,1,
759,25.333333,0.033333,-0.5538341403007507,16.14604949951172,2.1784045696258545,-1.551397549223645,-0.07032915949821472,-0.05683120183917584,0.05333154167184835,-0.04730668494348302,0.09116995820950673,0.0,16.0,2.0,0.9178293633341703,-0.25897183758776343,-0.3008701499617548,0.11412052150208903,-0.058633364737033844,0.04838397726416588,-0.0463472455739975,-0.13087335228919983,direct,SAFE_PROGRESSING,NONE,1,0,"-0.552,16.144;-0.276,16.072;0.000,16.000",0,1,PASS_THROUGH,-1,0.9151600265874671,-0.2566788068231998,-0.3108023742899095,0.11309542085699582,3.5576702152951754,3.6315154631079802,0.0,0,0,0,DIRECT_LOCAL,PASS_THROUGH,0,CORRIDOR_CLEAR,1,18,0.0,16.0,2.0,0.0,16.0,2.0,1,
760,25.366667,0.033333,-0.5558407306671143,16.147775650024414,2.176800489425659,-1.553802481678732,-0.07407471537590027,-0.06391919087449065,0.05156959201036899,-0.046887910835303616,0.09457040744685868,0.0,16.0,2.0,0.918926497920872,-0.25910548027335156,-0.2973860143167423,0.11455351784564194,-0.06474529206752777,0.04692353308200836,-0.04589881747961044,-0.13630041480064392,direct,SAFE_PROGRESSING,NONE,1,0,"-0.554,16.146;-0.277,16.073;0.000,16.000",0,1,PASS_THROUGH,-1,0.9151600265874671,-0.2566788068231998,-0.3108023742899095,0.11309542085699582,3.560165406504995,3.6328061277285166,0.0,0,0,0,DIRECT_LOCAL,PASS_THROUGH,0,CORRIDOR_CLEAR,1,18,0.0,16.0,2.0,0.0,16.0,2.0,1,
761,25.4,0.033333,-0.5580759644508362,16.149442672729492,2.1752066612243652,-1.5563328796689724,-0.07780137658119202,-0.07078389940076625,0.04976045735548396,-0.04645969483239786,0.0982087917374217,0.0,16.0,2.0,0.9201197993625652,-0.2589275160209094,-0.29383004657154205,0.11502983275806142,-0.07064982503652573,0.04544573277235031,-0.045437928289175034,-0.14165236055850983,direct,SAFE_PROGRESSING,NONE,1,0,"-0.556,16.148;-0.278,16.074;0.000,16.000",0,1,PASS_THROUGH,-1,0.9151600265874671,-0.2566788068231998,-0.3108023742899095,0.11309542085699582,3.562763241774501,3.6339946357906334,0.0,0,0,0,DIRECT_LOCAL,PASS_THROUGH,0,CORRIDOR_CLEAR,1,18,0.0,16.0,2.0,0.0,16.0,2.0,1,
762,25.433333,0.033333,-0.5605323314666748,16.15105438232422,2.1736247539520264,-1.5589877084075403,-0.08150280267000198,-0.07741718085783011,0.047911726721665965,-0.04602258942236142,0.10201486257680706,0.0,16.0,2.0,0.9214061037436944,-0.2584342083416785,-0.2902112195327299,0.11554772079626063,-0.07634703069925308,0.04395696893334389,-0.04496552795171738,-0.1469159573316574,direct,SAFE_PROGRESSING,NONE,1,0,"-0.558,16.149;-0.279,16.075;0.000,16.000",1,1,PASS_THROUGH,-1,0.9628444084663518,-0.270056744194773,0.0,0.11554772079626063,3.5654563161935284,3.6350865931555494,0.0,0,0,0,DIRECT_LOCAL,PASS_THROUGH,0,CORRIDOR_CLEAR,1,18,0.0,16.0,2.0,0.0,16.0,2.0,1,
763,25.466667,0.033333,-0.5632022023200989,16.152606964111328,2.1720547676086426,-1.561765843425125,-0.0851723775267601,-0.08381196480281909,0.046031272321396886,-0.04557714035245128,0.10592732979898356,0.0,16.0,2.0,0.9227783271983194,-0.25763415794373334,-0.2865393507246342,0.11610580020633206,-0.08183175325393677,0.04246338829398155,-0.044482484459877014,-0.15207721292972565,direct,SAFE_PROGRESSING,NONE,1,0,"-0.561,16.151;-0.280,16.076;0.000,16.000",0,1,PASS_THROUGH,-1,0.9214061037436944,-0.2584342083416785,-0.2902112195327299,0.11554772079626063,3.568243102872504,3.636080163616812,0.0,0,0,0,DIRECT_LOCAL,PASS_THROUGH,0,CORRIDOR_CLEAR,1,18,0.0,16.0,2.0,0.0,16.0,2.0,1,
764,25.5,0.033333,-0.5660775899887085,16.154104232788086,2.170497179031372,-1.5646662437967565,-0.08880293369293213,-0.08996219716491384,0.04412721770243498,-0.045123911887612465,0.10989347426002115,0.0,16.0,2.0,0.9242329252293905,-0.25652473060610737,-0.28282249293397405,0.11670228895672712,-0.08710064738988876,0.040968265384435654,-0.043990012258291245,-0.15713511407375336,direct,SAFE_PROGRESSING,NONE,1,0,"-0.563,16.153;-0.282,16.076;0.000,16.000",0,1,PASS_THROUGH,-1,0.9214061037436944,-0.2584342083416785,-0.2902112195327299,0.11554772079626063,3.571116041749392,3.636981067079122,0.0,0,0,0,DIRECT_LOCAL,PASS_THROUGH,0,CORRIDOR_CLEAR,1,18,0.0,16.0,2.0,0.0,16.0,2.0,1,
765,25.533333,0.033333,-0.5691507458686829,16.155548095703125,2.1689534187316895,-1.5676873569362364,-0.09238751232624054,-0.09586286012111268,0.0422077528405768,-0.044663451016216514,0.1138683722862903,0.0,16.0,2.0,0.9257627233837585,-0.2551160062177958,-0.2790684564127022,0.11733574944587502,-0.0921550840139389,0.03947918862104416,-0.0434889942407608,-0.16206702589988708,direct,SAFE_PROGRESSING,NONE,1,0,"-0.566,16.154;-0.283,16.077;0.000,16.000",0,1,PASS_THROUGH,-1,0.9214061037436944,-0.2584342083416785,-0.2902112195327299,0.11554772079626063,3.574073367068759,3.637793111843998,0.0,0,0,0,DIRECT_LOCAL,PASS_THROUGH,0,CORRIDOR_CLEAR,1,18,0.0,16.0,2.0,0.0,16.0,2.0,1,
766,25.566667,0.033333,-0.5724132061004639,16.156936645507812,2.1674234867095947,-1.5708275443191992,-0.09591883420944214,-0.10150982734023441,0.040281075784233795,-0.04419619522242224,0.11781389470312,0.0,16.0,2.0,0.9273608258609319,-0.2534152931121072,-0.275286374300355,0.11800470865177315,-0.09699077904224396,0.03800005465745926,-0.04298027604818344,-0.16686588525772095,direct,SAFE_PROGRESSING,NONE,1,0,"-0.569,16.156;-0.285,16.078;0.000,16.000",0,1,PASS_THROUGH,-1,0.9214061037436944,-0.2584342083416785,-0.2902112195327299,0.11554772079626063,3.5771119845754,3.6385165065388922,0.0,0,0,0,DIRECT_LOCAL,PASS_THROUGH,0,CORRIDOR_CLEAR,1,18,0.0,16.0,2.0,0.0,16.0,2.0,1,
767,25.6,0.033333,-0.575856626033783,16.15827178955078,2.1659085750579834,-1.5740848303093873,-0.0993892252445221,-0.10689998149370711,0.03835531406424223,-0.04372268819500377,0.12169802637396837,0.0,16.0,2.0,0.929022071938656,-0.25142513640417913,-0.271483683920317,0.11870736947998754,-0.10160929709672928,0.03653595969080925,-0.0424649603664875,-0.17151924967765808,direct,SAFE_PROGRESSING,NONE,1,0,"-0.572,16.157;-0.286,16.078;0.000,16.000",0,1,PASS_THROUGH,-1,0.9214061037436944,-0.2584342083416785,-0.2902112195327299,0.11554772079626063,3.580225382646236,3.6391551725109426,0.0,0,0,0,DIRECT_LOCAL,PASS_THROUGH,0,CORRIDOR_CLEAR,1,18,0.0,16.0,2.0,0.0,16.0,2.0,1,
768,25.633333,0.033333,-0.5794728994369507,16.159557342529297,2.1644089221954346,-1.5774569026224274,-0.10279085487127304,-0.11203115275250353,0.03643843828072087,-0.04324336007479684,0.12549393276948181,0.0,16.0,2.0,0.9307392328525865,-0.24915432505208696,-0.26766883034230515,0.11944217230352419,-0.10601340234279633,0.03509501367807388,-0.0419437512755394,-0.175999253988266,direct,SAFE_PROGRESSING,NONE,1,0,"-0.576,16.158;-0.288,16.079;0.000,16.000",1,1,PASS_THROUGH,-1,0.9659871634527903,-0.2585900230953084,0.0,0.11944217230352419,3.5834101305384007,3.639714849910049,0.0,0,0,0,DIRECT_LOCAL,PASS_THROUGH,0,CORRIDOR_CLEAR,1,18,0.0,16.0,2.0,0.0,16.0,2.0,1,
769,25.666667,0.033333,-0.5832535028457642,16.160791397094727,2.1629254817962646,-1.5809415358085657,-0.10611507296562195,-0.11690218916220023,0.034538402233412965,-0.042758542238280406,0.12917939461885813,0.0,16.0,2.0,0.932504866313436,-0.2466146609191125,-0.2638482202356346,0.12020771801126211,-0.11019829660654068,0.033680714666843414,-0.04141770675778389,-0.18029771745204926,direct,SAFE_PROGRESSING,NONE,1,0,"-0.579,16.160;-0.290,16.080;0.000,16.000",0,1,PASS_THROUGH,-1,0.9307392328525865,-0.24915432505208696,-0.26766883034230515,0.11944217230352419,3.58666444907857,3.6401957373158145,0.0,0,0,0,DIRECT_LOCAL,PASS_THROUGH,0,CORRIDOR_CLEAR,1,18,0.0,16.0,2.0,0.0,16.0,2.0,1,
770,25.7,0.033333,-0.5871898531913757,16.161977767944336,2.161458730697632,-1.5845355837891557,-0.10935250669717789,-0.12151290386595742,0.03266304672099975,-0.04226878347482699,0.13273624404614373,0.0,16.0,2.0,0.9343130966592714,-0.24381044904901686,-0.2600298104938736,0.12100223501432159,-0.11416143923997879,0.03229539096355438,-0.04088796302676201,-0.18440504372119904,direct,SAFE_PROGRESSING,NONE,1,0,"-0.583,16.161;-0.292,16.080;0.000,16.000",0,1,PASS_THROUGH,-1,0.9307392328525865,-0.24915432505208696,-0.26766883034230515,0.11944217230352419,3.5899818225103304,3.6406036451922703,0.0,0,0,0,DIRECT_LOCAL,PASS_THROUGH,0,CORRIDOR_CLEAR,1,18,0.0,16.0,2.0,0.0,16.0,2.0,1,
771,25.733333,0.033333,-0.5912736654281616,16.16312026977539,2.1600089073181152,-1.5882361567359926,-0.11249376088380814,-0.1258636009309418,0.030819982762160757,-0.04177483392267392,0.13614938165864082,0.0,16.0,2.0,0.9361562765619678,-0.2407546095271132,-0.25621991305337666,0.12182425390687004,-0.1179075688123703,0.0309430081397295,-0.040355384349823,-0.18830329179763794,direct,SAFE_PROGRESSING,NONE,1,0,"-0.587,16.162;-0.294,16.081;0.000,16.000",0,1,PASS_THROUGH,-1,0.9307392328525865,-0.24915432505208696,-0.26766883034230515,0.11944217230352419,3.593360183259626,3.64094431286768,0.0,0,0,0,DIRECT_LOCAL,PASS_THROUGH,0,CORRIDOR_CLEAR,1,18,0.0,16.0,2.0,0.0,16.0,2.0,1,
772,25.766667,0.033333,-0.5954962968826294,16.164222717285156,2.1585769653320312,-1.5920398594866407,-0.11552935838699341,-0.12995519714972434,0.029016425975222214,-0.04127738647240814,0.13940634446319797,0.0,16.0,2.0,0.9380269731404752,-0.23746050285599457,-0.2524240623322117,0.12267237176160732,-0.12143238633871078,0.029626069590449333,-0.03982115164399147,-0.19198212027549744,direct,SAFE_PROGRESSING,NONE,1,0,"-0.591,16.163;-0.296,16.082;0.000,16.000",0,1,PASS_THROUGH,-1,0.9307392328525865,-0.24915432505208696,-0.26766883034230515,0.11944217230352419,3.5967976445114265,3.6412235318930475,0.0,0,0,0,DIRECT_LOCAL,PASS_THROUGH,0,CORRIDOR_CLEAR,1,18,0.0,16.0,2.0,0.0,16.0,2.0,1,
773,25.8,0.033333,-0.5998495221138,16.165283203125,2.157162666320801,-1.5959429650305015,-0.11844992637634277,-0.13378892927464092,0.027259096181144447,-0.040777226960855305,0.1424967303473482,0.0,16.0,2.0,0.9399175624253607,-0.23394190014963287,-0.2486486742348476,0.12354512381691882,-0.12474033981561661,0.028349120169878006,-0.039286039769649506,-0.19541963934898376,direct,SAFE_PROGRESSING,NONE,1,0,"-0.595,16.164;-0.298,16.082;0.000,16.000",0,1,PASS_THROUGH,-1,0.9307392328525865,-0.24915432505208696,-0.26766883034230515,0.11944217230352419,3.6002920884002516,3.6414413764069375,0.0,0,0,0,DIRECT_LOCAL,PASS_THROUGH,0,CORRIDOR_CLEAR,1,18,0.0,16.0,2.0,0.0,16.0,2.0,1,
774,25.833333,0.033333,-0.604324996471405,16.166309356689453,2.155766725540161,-1.5999412468514307,-0.121245838701725,-0.13736652637058178,0.02555411473017957,-0.04027501938324334,0.1454120095902795,0.0,16.0,2.0,0.9418229975356682,-0.2302046132107707,-0.2448985042204381,0.12444082712926885,-0.12783172726631165,0.02711385302245617,-0.03875080868601799,-0.19860389828681946,direct,SAFE_PROGRESSING,NONE,1,0,"-0.600,16.165;-0.300,16.083;0.000,16.000",1,1,PASS_THROUGH,-1,0.9714034756758888,-0.23743480672555717,0.0,0.12444082712926885,3.6038371752832354,3.641607285791356,0.0,0,0,0,DIRECT_LOCAL,PASS_THROUGH,0,CORRIDOR_CLEAR,1,18,0.0,16.0,2.0,0.0,16.0,2.0,1,
775,25.866667,0.033333,-0.6089144349098206,16.167301177978516,2.1543893814086914,-1.604030571817252,-0.12390706688165665,-0.14069007963383234,0.023907140625315335,-0.039771289575844936,0.14814521711745676,0.0,16.0,2.0,0.9437348969287609,-0.22626837997650887,-0.2411784910427693,0.12535828707869673,-0.13070854544639587,0.025921303778886795,-0.03821627423167229,-0.2015230655670166,direct,SAFE_PROGRESSING,NONE,1,0,"-0.604,16.166;-0.302,16.083;0.000,16.000",0,1,PASS_THROUGH,-1,0.9418229975356682,-0.2302046132107707,-0.2448985042204381,0.12444082712926885,3.607433933184689,3.6417231733430193,0.0,0,0,0,DIRECT_LOCAL,PASS_THROUGH,0,CORRIDOR_CLEAR,1,18,0.0,16.0,2.0,0.0,16.0,2.0,1,
776,25.9,0.033333,-0.6136094927787781,16.16826057434082,2.15303111076355,-1.6082058770154397,-0.12642350792884827,-0.14376232682380327,0.022323145775990018,-0.03926665598652457,0.1506910738016496,0.0,16.0,2.0,0.9456477091846905,-0.22214261402353852,-0.23749330337619243,0.12629591809627816,-0.1333693414926529,0.02477303519845009,-0.03768335282802582,-0.20416507124900818,direct,SAFE_PROGRESSING,NONE,1,0,"-0.609,16.167;-0.304,16.084;0.000,16.000",0,1,PASS_THROUGH,-1,0.9418229975356682,-0.2302046132107707,-0.2448985042204381,0.12444082712926885,3.6110774502470977,3.6417928102928028,0.0,0,0,0,DIRECT_LOCAL,PASS_THROUGH,0,CORRIDOR_CLEAR,1,18,0.0,16.0,2.0,0.0,16.0,2.0,1,
777,25.933333,0.033333,-0.6184018850326538,16.169193267822266,2.1516919136047363,-1.6124625299428408,-0.12878550589084625,-0.14658639462662568,0.020806535907574787,-0.03876171002407883,0.15304559186757655,0.0,16.0,2.0,0.9475555229629504,-0.2178391322947319,-0.2338474788050706,0.12725222677905987,-0.13581803441047668,0.023670298978686333,-0.03715277463197708,-0.2065151184797287,direct,SAFE_PROGRESSING,NONE,1,0,"-0.614,16.168;-0.307,16.084;0.000,16.000",0,1,PASS_THROUGH,-1,0.9418229975356682,-0.2302046132107707,-0.2448985042204381,0.12444082712926885,3.6147642524350103,3.6418236782986404,0.0,0,0,0,DIRECT_LOCAL,PASS_THROUGH,0,CORRIDOR_CLEAR,1,18,0.0,16.0,2.0,0.0,16.0,2.0,1,
778,25.966667,0.033333,-0.6232837438583374,16.170103073120117,2.150372266769409,-1.6167949800505144,-0.1309836059808731,-0.14916573434261532,0.019361020469396497,-0.03825695795180575,0.15520586408803733,0.0,16.0,2.0,0.949451555284878,-0.2133760802120246,-0.2302442020127279,0.128225933927317,-0.13805869221687317,0.022613441571593285,-0.036625154316425323,-0.20855975151062012,direct,SAFE_PROGRESSING,NONE,1,0,"-0.618,16.169;-0.309,16.085;0.000,16.000",0,1,PASS_THROUGH,-1,0.9418229975356682,-0.2302046132107707,-0.2448985042204381,0.12444082712926885,3.61849385702865,3.6418212813602326,0.0,0,0,0,DIRECT_LOCAL,PASS_THROUGH,0,CORRIDOR_CLEAR,1,18,0.0,16.0,2.0,0.0,16.0,2.0,1,
779,26.0,0.033333,-0.6282467842102051,16.17099380493164,2.1490719318389893,-1.6211977624994027,-0.1330084353685379,-0.15150417592722124,0.017989694026462617,-0.03775286795188364,0.15717004629745615,0.0,16.0,2.0,0.9513299547604616,-0.2087684495598685,-0.22668712280106848,0.12921573910990464,-0.14009499549865723,0.021601755172014236,-0.03610101342201233,-0.21029093861579895,direct,SAFE_PROGRESSING,NONE,1,0,"-0.623,16.170;-0.312,16.085;0.000,16.000",0,1,PASS_THROUGH,-1,0.9418229975356682,-0.2302046132107707,-0.2448985042204381,0.12444082712926885,3.6222645296985285,3.6417911720003393,0.0,0,0,0,DIRECT_LOCAL,PASS_THROUGH,0,CORRIDOR_CLEAR,1,18,0.0,16.0,2.0,0.0,16.0,2.0,1,
780,26.033333,0.033333,-0.633283257484436,16.171857833862305,2.1477913856506348,-1.625664834848349,-0.1348508894443512,-0.1536059870740439,0.01669494707898375,-0.037249831837695514,0.15893731624416593,0.0,16.0,2.0,0.95318531383253,-0.20403187384942517,-0.2231787443899473,0.130220260051263,-0.14193113148212433,0.020635442808270454,-0.03558091074228287,-0.21169902384281158,direct,SAFE_PROGRESSING,NONE,1,0,"-0.628,16.171;-0.314,16.085;0.000,16.000",1,1,PASS_THROUGH,-1,0.9778490752438566,-0.20931121815309975,0.0,0.130220260051263,3.6260742487195197,3.641727519444402,0.0,0,0,0,DIRECT_LOCAL,PASS_THROUGH,0,CORRIDOR_CLEAR,1,18,0.0,16.0,2.0,0.0,16.0,2.0,1,
781,26.066667,0.033333,-0.6383854150772095,16.172714233398438,2.1465303897857666,-1.6301898923666411,-0.13650254905223846,-0.1554760914666367,0.015478452264752474,-0.03674812163044221,0.16050801209167093,0.0,16.0,2.0,0.9550155777683782,-0.19916573991435738,-0.2197231309263936,0.1312376164474107,-0.14357297122478485,0.01971488818526268,-0.0350654199719429,-0.212771475315094,direct,SAFE_PROGRESSING,NONE,1,0,"-0.633,16.172;-0.317,16.086;0.000,16.000",0,1,PASS_THROUGH,-1,0.95318531383253,-0.20403187384942517,-0.2231787443899473,0.130220260051263,3.629912405064176,3.6416507222510703,0.0,0,0,0,DIRECT_LOCAL,PASS_THROUGH,0,CORRIDOR_CLEAR,1,18,0.0,16.0,2.0,0.0,16.0,2.0,1,
782,26.1,0.033333,-0.6435455679893494,16.173553466796875,2.145289182662964,-1.634766481635047,-0.13795530796051025,-0.15711971850388812,0.01434124884447739,-0.036247959590388484,0.16188326638546277,0.0,16.0,2.0,0.9568118097314332,-0.19420725484879403,-0.21632083330681526,0.13226732697105675,-0.14502571523189545,0.018838809803128242,-0.03455475717782974,-0.21350330114364624,direct,SAFE_PROGRESSING,NONE,1,0,"-0.638,16.173;-0.319,16.086;0.000,16.000",0,1,PASS_THROUGH,-1,0.95318531383253,-0.20403187384942517,-0.2231787443899473,0.130220260051263,3.633789131384513,3.64155299954165,0.0,0,0,0,DIRECT_LOCAL,PASS_THROUGH,0,CORRIDOR_CLEAR,1,18,0.0,16.0,2.0,0.0,16.0,2.0,1,
783,26.133333,0.033333,-0.6487562656402588,16.174392700195312,2.1440677642822266,-1.639387797821293,-0.13920165598392487,-0.1585428750181761,0.01328372673553101,-0.03574962790757969,0.1630654362841607,0.0,16.0,2.0,0.9585731714077499,-0.1891534338876657,-0.21297524153242034,0.1333074197358794,-0.14629250764846802,0.018007956445217133,-0.03404957801103592,-0.21388395130634308,direct,SAFE_PROGRESSING,NONE,1,0,"-0.644,16.174;-0.322,16.087;0.000,16.000",0,1,PASS_THROUGH,-1,0.95318531383253,-0.20403187384942517,-0.2231787443899473,0.130220260051263,3.637692325129248,3.641452765722929,0.0,0,0,0,DIRECT_LOCAL,PASS_THROUGH,0,CORRIDOR_CLEAR,1,18,0.0,16.0,2.0,0.0,16.0,2.0,1,
784,26.166667,0.033333,-0.6540101170539856,16.17521858215332,2.1428658962249756,-1.6440469821328514,-0.14023460447788239,-0.1597519140947575,0.012305782735574549,-0.035253302817543804,0.16405761702895538,0.0,16.0,2.0,0.9602922508522911,-0.18403850626227125,-0.20968695993263964,0.13435736021355976,-0.1473807990550995,0.01722179539501667,-0.033549848943948746,-0.21390777826309204,direct,SAFE_PROGRESSING,NONE,1,0,"-0.649,16.174;-0.324,16.087;0.000,16.000",0,1,PASS_THROUGH,-1,0.95318531383253,-0.20403187384942517,-0.2231787443899473,0.130220260051263,3.641630746483903,3.6413383635612226,0.0,0,0,0,DIRECT_LOCAL,PASS_THROUGH,0,CORRIDOR_CLEAR,1,18,0.0,16.0,2.0,0.0,16.0,2.0,1,
785,26.2,0.033333,-0.6593000292778015,16.17603302001953,2.141683578491211,-1.6487367346986304,-0.1410476416349411,-0.16075350685457468,0.011406920130267775,-0.034759176863924574,0.16486360474392064,0.0,16.0,2.0,0.9619698299804318,-0.17885454125907835,-0.20645846865271453,0.13541503383905168,-0.14829592406749725,0.01647786982357502,-0.033055875450372696,-0.21357616782188416,direct,SAFE_PROGRESSING,NONE,1,0,"-0.654,16.175;-0.327,16.088;0.000,16.000",0,1,PASS_THROUGH,-1,0.95318531383253,-0.20403187384942517,-0.2231787443899473,0.130220260051263,3.645589479965007,3.6412130612504385,0.0,0,0,0,DIRECT_LOCAL,PASS_THROUGH,0,CORRIDOR_CLEAR,1,18,0.0,16.0,2.0,0.0,16.0,2.0,1,
786,26.233333,0.033333,-0.6646190881729126,16.176847457885742,2.1405208110809326,-1.6534492451633884,-0.14163514971733093,-0.16155468875268775,0.01058598652422229,-0.034267456091071305,0.16548788208090143,0.0,16.0,2.0,0.9636028685452279,-0.17361524219212607,-0.20329107065972518,0.13647917830100043,-0.14904382824897766,0.01577247865498066,-0.032567914575338364,-0.2128961980342865,direct,SAFE_PROGRESSING,NONE,1,0,"-0.659,16.176;-0.330,16.088;0.000,16.000",1,1,PASS_THROUGH,-1,0.9841536213784201,-0.17731793346342928,0.0,0.13647917830100043,3.6495656255865794,3.6410894557797557,0.0,0,0,0,DIRECT_LOCAL,PASS_THROUGH,0,CORRIDOR_CLEAR,1,18,0.0,16.0,2.0,0.0,16.0,2.0,1,
787,26.266667,0.033333,-0.6699607968330383,16.177661895751953,2.1393771171569824,-1.6581776698118085,-0.14199326932430267,-0.1621626371108848,0.009841412375369027,-0.03377877154087871,0.16593546841802526,0.0,16.0,2.0,0.9651867519137877,-0.16834617184149703,-0.20018516517570822,0.13754905390070019,-0.14962279796600342,0.015105104073882103,-0.03208735212683678,-0.21187227964401245,direct,SAFE_PROGRESSING,NONE,1,0,"-0.665,16.177;-0.332,16.088;0.000,16.000",0,1,PASS_THROUGH,-1,0.9636028685452279,-0.17361524219212607,-0.20329107065972518,0.13647917830100043,3.6535637497503015,3.640968775336415,0.0,0,0,0,DIRECT_LOCAL,PASS_THROUGH,0,CORRIDOR_CLEAR,1,18,0.0,16.0,2.0,0.0,16.0,2.0,1,
788,26.3,0.033333,-0.6753184199333191,16.178482055664062,2.1382527351379395,-1.662914020519359,-0.1421196013689041,-0.16258454079551546,0.009171002109999025,-0.03329362834736652,0.1662116297793954,0.0,16.0,2.0,0.9667199567629431,-0.16305799351008154,-0.19714110669446733,0.13862340617591787,-0.15005259215831757,0.014475924894213676,-0.03161333501338959,-0.21049270033836365,direct,SAFE_PROGRESSING,NONE,1,0,"-0.670,16.178;-0.335,16.089;0.000,16.000",0,1,PASS_THROUGH,-1,0.9636028685452279,-0.17361524219212607,-0.20329107065972518,0.13647917830100043,3.6575797866252637,3.640857894576816,0.0,0,0,0,DIRECT_LOCAL,PASS_THROUGH,0,CORRIDOR_CLEAR,1,18,0.0,16.0,2.0,0.0,16.0,2.0,1,
789,26.333333,0.033333,-0.680685818195343,16.1793212890625,2.1371474266052246,-1.6676503311409159,-0.14201262593269348,-0.16282780215950599,0.008571953124356825,-0.03281218539229537,0.16632201010894423,0.0,16.0,2.0,0.9681998362763534,-0.15776903594921893,-0.1941597495107999,0.13970122583503758,-0.1503339558839798,0.013880735263228416,-0.031146347522735596,-0.2087804228067398,direct,SAFE_PROGRESSING,NONE,1,0,"-0.675,16.178;-0.338,16.089;0.000,16.000",0,1,PASS_THROUGH,-1,0.9636028685452279,-0.17361524219212607,-0.20329107065972518,0.13647917830100043,3.66161391920213,3.6407710772165403,0.0,0,0,0,DIRECT_LOCAL,PASS_THROUGH,0,CORRIDOR_CLEAR,1,18,0.0,16.0,2.0,0.0,16.0,2.0,1,
790,26.366667,0.033333,-0.6860571503639221,16.180160522460938,2.1360607147216797,-1.6723792316115047,-0.14167214930057526,-0.16290001536652277,0.008041243209763321,-0.032334653145023005,0.1662726868513914,0.0,16.0,2.0,0.9696229846345916,-0.15250681038426978,-0.19124053036614075,0.14078200279912206,-0.15047070384025574,0.013318047858774662,-0.030686920508742332,-0.20674829185009003,direct,SAFE_PROGRESSING,NONE,1,0,"-0.681,16.179;-0.340,16.090;0.000,16.000",0,1,PASS_THROUGH,-1,0.9636028685452279,-0.17361524219212607,-0.20329107065972518,0.13647917830100043,3.6656725631020532,3.640690555332631,0.0,0,0,0,DIRECT_LOCAL,PASS_THROUGH,0,CORRIDOR_CLEAR,1,18,0.0,16.0,2.0,0.0,16.0,2.0,1,
791,26.4,0.033333,-0.6914263367652893,16.180999755859375,2.1349923610687256,-1.6770923355906027,-0.14109990000724792,-0.16280901881498414,0.007575234292117532,-0.03186158226786143,0.16607022974238955,0.0,16.0,2.0,0.9709927144337523,-0.14725624640232146,-0.1883845705254867,0.1418636285196263,-0.150471031665802,0.012786691077053547,-0.030235514044761658,-0.20440560579299927,direct,SAFE_PROGRESSING,NONE,1,0,"-0.686,16.180;-0.343,16.090;0.000,16.000",0,1,PASS_THROUGH,-1,0.9636028685452279,-0.17361524219212607,-0.20329107065972518,0.13647917830100043,3.6697372648001343,3.6406173600934584,0.0,0,0,0,DIRECT_LOCAL,PASS_THROUGH,0,CORRIDOR_CLEAR,1,18,0.0,16.0,2.0,0.0,16.0,2.0,1,
792,26.433333,0.033333,-0.6967881321907043,16.181861877441406,2.1339423656463623,-1.6817827076159229,-0.14029932022094727,-0.1625644061624618,0.007170201370652013,-0.03138611162809047,0.16572171234265137,0.0,16.0,2.0,0.9723086263500265,-0.1420266488693443,-0.18559193445909403,0.14294492516963594,-0.15074655413627625,0.012299701571464539,-0.029776636511087418,-0.20169340074062347,direct,SAFE_PROGRESSING,NONE,1,0,"-0.691,16.181;-0.346,16.090;-0.000,16.000",1,1,PASS_THROUGH,-1,0.9894992918345545,-0.14453771638888974,0.0,0.14294492516963594,3.6738041466814693,3.640574924821586,0.0,0,0,0,DIRECT_LOCAL,PASS_THROUGH,0,CORRIDOR_CLEAR,1,18,0.0,16.0,2.0,0.0,16.0,2.0,1,
793,26.466667,0.033333,-0.702137291431427,16.18272590637207,2.13291072845459,-1.6864427453919306,-0.13927264511585236,-0.162187829219875,0.006822457422106923,-0.03090158796462289,0.165246319205806,0.0,16.0,2.0,0.9735665081544539,-0.13685760632791627,-0.18286128565154783,0.14402603148435683,-0.15081016719341278,0.01179695688188076,-0.029329493641853333,-0.19899696111679077,direct,SAFE_PROGRESSING,NONE,1,0,"-0.697,16.182;-0.348,16.091;0.000,16.000",0,1,PASS_THROUGH,-1,0.9723086263500265,-0.1420266488693443,-0.18559193445909403,0.14294492516963594,3.677887468411329,3.6405434047827785,0.0,0,0,0,DIRECT_LOCAL,PASS_THROUGH,0,CORRIDOR_CLEAR,1,18,0.0,16.0,2.0,0.0,16.0,2.0,1,
794,26.5,0.033333,-0.7074698209762573,16.183609008789062,2.13189697265625,-1.6910649035820542,-0.13803668320178986,-0.16170980137157673,0.006526994616855973,-0.03040475835311849,0.16467273863294676,0.0,16.0,2.0,0.9747702949209851,-0.1317307721244659,-0.18019399494752245,0.1451048631684211,-0.15106365084648132,0.011329707689583302,-0.02887418307363987,-0.1960638016462326,direct,SAFE_PROGRESSING,NONE,1,0,"-0.702,16.183;-0.351,16.091;0.000,16.000",0,1,PASS_THROUGH,-1,0.9723086263500265,-0.1420266488693443,-0.18559193445909403,0.14294492516963594,3.681967666665995,3.6405403414281605,0.0,0,0,0,DIRECT_LOCAL,PASS_THROUGH,0,CORRIDOR_CLEAR,1,18,0.0,16.0,2.0,0.0,16.0,2.0,1,
795,26.533333,0.033333,-0.712782621383667,16.184499740600586,2.1309008598327637,-1.6956426446070174,-0.1366145759820938,-0.16116338084346718,0.006277406735128444,-0.029898775895645387,0.1640334659765278,0.0,16.0,2.0,0.9759178069560295,-0.12667640219495435,-0.17758807165200127,0.14618150576604136,-0.1509230136871338,0.010866379365324974,-0.028433386236429214,-0.19311228394508362,direct,SAFE_PROGRESSING,NONE,1,0,"-0.707,16.184;-0.354,16.092;0.000,16.000",0,1,PASS_THROUGH,-1,0.9723086263500265,-0.1420266488693443,-0.18559193445909403,0.14294492516963594,3.6860553402661163,3.640554893473102,0.0,0,0,0,DIRECT_LOCAL,PASS_THROUGH,0,CORRIDOR_CLEAR,1,18,0.0,16.0,2.0,0.0,16.0,2.0,1,
796,26.566667,0.033333,-0.7180736660957336,16.185409545898438,2.129922389984131,-1.7001704041736878,-0.13503146171569824,-0.16056671884713894,0.006066938164964358,-0.02940809219760173,0.16335028260378465,0.0,16.0,2.0,0.9770119296955571,-0.12168613238827655,-0.17504335010775682,0.1472547750843083,-0.14977297186851501,0.010485541075468063,-0.02801506780087948,-0.18931445479393005,direct,SAFE_PROGRESSING,NONE,1,0,"-0.713,16.184;-0.356,16.092;0.000,16.000",0,1,PASS_THROUGH,-1,0.9723086263500265,-0.1420266488693443,-0.18559193445909403,0.14294492516963594,3.6901396308781402,3.640598612433141,0.0,0,0,0,DIRECT_LOCAL,PASS_THROUGH,0,CORRIDOR_CLEAR,1,18,0.0,16.0,2.0,0.0,16.0,2.0,1,
797,26.6,0.033333,-0.7233407497406006,16.186325073242188,2.128960609436035,-1.7046425872231241,-0.13327725231647491,-0.15989125793856437,0.005891081646875355,-0.028950378042979612,0.16259779702375465,0.0,16.0,2.0,0.9780520652154664,-0.11678085829013149,-0.1725583636477266,0.1483248448036177,-0.14864133298397064,0.010139252990484238,-0.027576707303524017,-0.1851038634777069,direct,SAFE_PROGRESSING,NONE,1,0,"-0.718,16.185;-0.359,16.093;0.000,16.000",0,1,PASS_THROUGH,-1,0.9723086263500265,-0.1420266488693443,-0.18559193445909403,0.14294492516963594,3.6942279546649615,3.6406585997717174,0.0,0,0,0,DIRECT_LOCAL,PASS_THROUGH,0,CORRIDOR_CLEAR,1,18,0.0,16.0,2.0,0.0,16.0,2.0,1,
798,26.633333,0.033333,-0.7285803556442261,16.187265396118164,2.1280159950256348,-1.7090531390461332,-0.1313207745552063,-0.15907715757478874,0.005749272922458693,-0.028524349012205092,0.16171652571021047,0.0,16.0,2.0,0.9790415256783916,-0.11195013572052329,-0.17013188445874516,0.14939061190771002,-0.14754033088684082,0.00987865962088108,-0.027143225073814392,-0.1801917850971222,direct,SAFE_PROGRESSING,NONE,1,0,"-0.723,16.186;-0.362,16.093;0.000,16.000",1,1,PASS_THROUGH,-1,0.9935258391167412,-0.11360636869196775,0.0,0.14939061190771002,3.698308564125169,3.6407541589150676,0.0,0,0,0,DIRECT_LOCAL,PASS_THROUGH,0,CORRIDOR_CLEAR,1,18,0.0,16.0,2.0,0.0,16.0,2.0,1,
799,26.666667,0.033333,-0.7337871789932251,16.18821144104004,2.1270880699157715,-1.7133943151247004,-0.12912461161613464,-0.15807572199131084,0.005644480882819218,-0.028122488934712295,0.16065698998609962,0.0,16.0,2.0,0.9799785573403843,-0.10722689531082727,-0.16776298779844187,0.1504523397244403,-0.14645589888095856,0.009585781022906303,-0.026728160679340363,-0.17535708844661713,direct,SAFE_PROGRESSING,NONE,1,0,"-0.729,16.187;-0.364,16.094;0.000,16.000",0,1,PASS_THROUGH,-1,0.9790415256783916,-0.11195013572052329,-0.17013188445874516,0.14939061190771002,3.7023937440885684,3.6408671987852306,0.0,0,0,0,DIRECT_LOCAL,PASS_THROUGH,0,CORRIDOR_CLEAR,1,18,0.0,16.0,2.0,0.0,16.0,2.0,1,
800,26.7,0.033333,-0.7389546036720276,16.189178466796875,2.126176118850708,-1.7176582151057052,-0.12667927145957947,-0.15686903302281277,0.005579230450963901,-0.027757399221835087,0.1594035587604543,0.0,16.0,2.0,0.9808667786786888,-0.10259633004174751,-0.16545197353448832,0.15150804210908456,-0.1445230394601822,0.009248633868992329,-0.026400141417980194,-0.17084617912769318,direct,SAFE_PROGRESSING,NONE,1,0,"-0.734,16.188;-0.367,16.094;0.000,16.000",0,1,PASS_THROUGH,-1,0.9790415256783916,-0.11195013572052329,-0.17013188445874516,0.14939061190771002,3.7064653645735106,3.641013704608961,0.0,0,0,0,DIRECT_LOCAL,PASS_THROUGH,0,CORRIDOR_CLEAR,1,18,0.0,16.0,2.0,0.0,16.0,2.0,1,
801,26.733333,0.033333,-0.744075357913971,16.19015121459961,2.1252787113189697,-1.7218370302012682,-0.12402644753456116,-0.15544519523738665,0.005550649336672824,-0.02746054736009947,0.1579496758203834,0.0,16.0,2.0,0.9817054279764124,-0.0980873324079985,-0.16319720556042605,0.1525571890915272,-0.14182759821414948,0.008911419659852982,-0.026155252009630203,-0.16600948572158813,direct,SAFE_PROGRESSING,NONE,1,0,"-0.739,16.189;-0.369,16.095;-0.000,16.000",0,1,PASS_THROUGH,-1,0.9790415256783916,-0.11195013572052329,-0.17013188445874516,0.14939061190771002,3.646950444411662,3.641179592673041,0.0,0,0,0,DIRECT_LOCAL,PASS_THROUGH,0,CORRIDOR_CLEAR,1,18,0.0,16.0,2.0,0.0,16.0,2.0,1,
802,26.766667,0.033333,-0.7491421699523926,16.191143035888672,2.1243937015533447,-1.7259244163271912,-0.12120664864778519,-0.1537715914799234,0.0055511447391176656,-0.027231065732206683,0.1562627546637229,0.0,16.0,2.0,0.9824978492650904,-0.09368921756967752,-0.160997846882041,0.15359760709965642,-0.13958986103534698,0.00869964063167572,-0.025930160656571388,-0.16030669212341309,direct,SAFE_PROGRESSING,NONE,1,0,"-0.744,16.190;-0.372,16.095;-0.000,16.000",0,1,PASS_THROUGH,-1,0.9790415256783916,-0.11195013572052329,-0.17013188445874516,0.14939061190771002,3.650923262625462,3.641379004782807,0.0,0,0,0,DIRECT_LOCAL,PASS_THROUGH,0,CORRIDOR_CLEAR,1,18,0.0,16.0,2.0,0.0,16.0,2.0,1,
803,26.8,0.033333,-0.7541460990905762,16.192134857177734,2.1235191822052,-1.7299151959545436,-0.11821077018976212,-0.15182315530282336,0.005575127450891739,-0.027036622802603338,0.15431244766631488,0.0,16.0,2.0,0.9832443694513371,-0.08942582742670702,-0.1588506573209295,0.15462854212204388,-0.13742119073867798,0.00847955234348774,-0.025724442675709724,-0.15437933802604675,direct,SAFE_PROGRESSING,NONE,1,0,"-0.749,16.191;-0.375,16.096;0.000,16.000",0,1,PASS_THROUGH,-1,0.9790415256783916,-0.11195013572052329,-0.17013188445874516,0.14939061190771002,3.6548800894190894,3.6415942665564445,0.0,0,0,0,DIRECT_LOCAL,PASS_THROUGH,0,CORRIDOR_CLEAR,1,18,0.0,16.0,2.0,0.0,16.0,2.0,1,
804,26.833333,0.033333,-0.7590781450271606,16.19314956665039,2.122654914855957,-1.7338028894712036,-0.11501742154359818,-0.149612139877339,0.00562057833888739,-0.0268502886615825,0.15210628291017544,0.0,16.0,2.0,0.9839486083841649,-0.0852825961873819,-0.15675463261545194,0.1556473118452409,-0.13540144264698029,0.00823255442082882,-0.025540586560964584,-0.14860212802886963,direct,SAFE_PROGRESSING,NONE,1,0,"-0.754,16.192;-0.377,16.096;0.000,16.000",1,1,PASS_THROUGH,-1,0.9962648551102783,-0.08635009248458403,0.0,0.1556473118452409,3.6588003214631724,3.6418491383454668,0.0,0,0,0,DIRECT_LOCAL,PASS_THROUGH,0,CORRIDOR_CLEAR,1,18,0.0,16.0,2.0,0.0,16.0,2.0,1,
805,26.866667,0.033333,-0.7639302015304565,16.19416618347168,2.121799945831299,-1.7375810373290317,-0.1116391196846962,-0.1471867593793313,0.0056855587898853085,-0.02665961270569241,0.14968968790454448,0.0,16.0,2.0,0.9846096078510752,-0.08129654493409066,-0.15470873249151543,0.15665329685073454,-0.13333861529827118,0.008018716238439083,-0.025389038026332855,-0.14282509684562683,direct,SAFE_PROGRESSING,NONE,1,0,"-0.759,16.193;-0.380,16.097;-0.000,16.000",0,1,PASS_THROUGH,-1,0.9839486083841649,-0.0852825961873819,-0.15675463261545194,0.1556473118452409,3.662695911236199,3.642123850514325,0.0,0,0,0,DIRECT_LOCAL,PASS_THROUGH,0,CORRIDOR_CLEAR,1,18,0.0,16.0,2.0,0.0,16.0,2.0,1,
806,26.9,0.033333,-0.7686961889266968,16.19518280029297,2.120952606201172,-1.7412440823179824,-0.10810916125774384,-0.14460783151429787,0.005766976027023341,-0.026480432187344187,0.14712544387899862,0.0,16.0,2.0,0.9852310925595107,-0.07744967844497086,-0.15271293842619724,0.15764388470401533,-0.13010439276695251,0.00774725154042244,-0.025292159989476204,-0.13710135221481323,direct,SAFE_PROGRESSING,NONE,1,0,"-0.764,16.194;-0.382,16.097;0.000,16.000",0,1,PASS_THROUGH,-1,0.9839486083841649,-0.0852825961873819,-0.15675463261545194,0.1556473118452409,3.60427083006432,3.64241714471239,0.0,0,0,0,DIRECT_LOCAL,PASS_THROUGH,0,CORRIDOR_CLEAR,1,18,0.0,16.0,2.0,0.0,16.0,2.0,1,
807,26.933333,0.033333,-0.7733715772628784,16.196199417114258,2.1201119422912598,-1.744787543892462,-0.10446372628211975,-0.14189652987259077,0.005859447416155492,-0.026337600631349982,0.14443900969240347,0.0,16.0,2.0,0.9858151251935677,-0.0737458456055593,-0.15076501316788127,0.15861779930394102,-0.1268245279788971,0.007553282659500837,-0.025210270658135414,-0.1310485303401947,direct,SAFE_PROGRESSING,NONE,1,0,"-0.769,16.195;-0.384,16.098;0.000,16.000",0,1,PASS_THROUGH,-1,0.9839486083841649,-0.0852825961873819,-0.15675463261545194,0.1556473118452409,3.6080019326270856,3.642729396081259,0.0,0,0,0,DIRECT_LOCAL,PASS_THROUGH,0,CORRIDOR_CLEAR,1,18,0.0,16.0,2.0,0.0,16.0,2.0,1,
808,26.966667,0.033333,-0.7779518961906433,16.197216033935547,2.119277238845825,-1.7482079563820858,-0.10072178393602371,-0.13902694793923895,0.005957833748737519,-0.026231689711658974,0.14160540096128466,0.0,16.0,2.0,0.9863635948168944,-0.07018970858570414,-0.14886323800236004,0.15957415928577495,-0.12374870479106903,0.007419806905090809,-0.025136269629001617,-0.12482714653015137,direct,SAFE_PROGRESSING,NONE,1,0,"-0.773,16.196;-0.387,16.098;0.000,16.000",0,1,PASS_THROUGH,-1,0.9839486083841649,-0.0852825961873819,-0.15675463261545194,0.1556473118452409,3.6116799820252568,3.6430609563119005,0.0,0,0,0,DIRECT_LOCAL,PASS_THROUGH,0,CORRIDOR_CLEAR,1,18,0.0,16.0,2.0,0.0,16.0,2.0,1,
809,27.0,0.033333,-0.7824314832687378,16.198232650756836,2.1184465885162354,-1.751502534634843,-0.09688728302717209,-0.1359642690340927,0.006060292070042662,-0.02616333733297476,0.13859123281920968,0.0,16.0,2.0,0.9868783691718377,-0.06678520640159183,-0.14700619261320497,0.16051209509914002,-0.11957421898841858,0.0071103633381426334,-0.02509811520576477,-0.11916668713092804,direct,SAFE_PROGRESSING,NONE,1,0,"-0.778,16.197;-0.389,16.099;0.000,16.000",0,1,PASS_THROUGH,-1,0.9839486083841649,-0.0852825961873819,-0.15675463261545194,0.1556473118452409,3.6153020338056328,3.6434123371101257,0.0,0,0,0,DIRECT_LOCAL,PASS_THROUGH,0,CORRIDOR_CLEAR,1,18,0.0,16.0,2.0,0.0,16.0,2.0,1,
810,27.033333,0.033333,-0.7868037819862366,16.199249267578125,2.117619752883911,-1.7546680589079142,-0.09299388527870178,-0.13266337368073142,0.0061620017426079485,-0.026139255692402,0.1353543559327961,0.0,16.0,2.0,0.9873614056067811,-0.06353704963427084,-0.14519124643715153,0.16143050639035966,-0.11549121886491776,0.006784956902265549,-0.025081710889935493,-0.11376908421516418,direct,SAFE_PROGRESSING,NONE,1,0,"-0.782,16.198;-0.391,16.099;0.000,16.000",1,1,PASS_THROUGH,-1,0.9979359246272116,-0.06421752360868829,0.0,0.16143050639035966,3.6188644020364684,3.6437841619292803,0.0,0,0,0,DIRECT_LOCAL,PASS_THROUGH,0,CORRIDOR_CLEAR,1,18,0.0,16.0,2.0,0.0,16.0,2.0,1,
811,27.066667,0.033333,-0.7910603880882263,16.200265884399414,2.1167964935302734,-1.757703899862301,-0.08909709006547928,-0.1290810606329718,0.006252895987940149,-0.02614730521375876,0.13185105419491497,0.0,16.0,2.0,0.9878144465627497,-0.060447604704682856,-0.14341794255738985,0.16232811980408873,-0.11170399188995361,0.006480230484157801,-0.02508893422782421,-0.10863235592842102,direct,SAFE_PROGRESSING,NONE,1,0,"-0.787,16.199;-0.393,16.100;0.000,16.000",0,1,PASS_THROUGH,-1,0.9873614056067811,-0.06353704963427084,-0.14519124643715153,0.16143050639035966,3.622362840454061,3.6441772996194275,0.0,0,0,0,DIRECT_LOCAL,PASS_THROUGH,0,CORRIDOR_CLEAR,1,18,0.0,16.0,2.0,0.0,16.0,2.0,1,
812,27.1,0.033333,-0.795192301273346,16.201282501220703,2.1159744262695312,-1.76061084443322,-0.08524761348962784,-0.12521286710214422,0.006322401627175187,-0.026168886229293233,0.12807437470765268,0.0,16.0,2.0,0.9882391840807928,-0.0575183518136948,-0.14168611171164489,0.1632033041401521,-0.10794513672590256,0.006157734431326389,-0.0251260194927454,-0.10406948626041412,direct,SAFE_PROGRESSING,NONE,1,0,"-0.791,16.200;-0.396,16.100;0.000,16.000",0,1,PASS_THROUGH,-1,0.9873614056067811,-0.06353704963427084,-0.14519124643715153,0.16143050639035966,3.5648499543755934,3.6445926786327,0.0,0,0,0,DIRECT_LOCAL,PASS_THROUGH,0,CORRIDOR_CLEAR,1,18,0.0,16.0,2.0,0.0,16.0,2.0,1,
813,27.133333,0.033333,-0.7991910576820374,16.20227813720703,2.115154266357422,-1.7633914837290765,-0.08150159567594528,-0.12109991489042064,0.006362407788204208,-0.026188213201775806,0.12406245253916348,0.0,16.0,2.0,0.9886376794052545,-0.05474914316646953,-0.1399931076258058,0.16405431311636548,-0.10442521423101425,0.0058150747790932655,-0.02518288604915142,-0.10003380477428436,direct,SAFE_PROGRESSING,NONE,1,0,"-0.795,16.201;-0.398,16.101;0.000,16.000",0,1,PASS_THROUGH,-1,0.9873614056067811,-0.06353704963427084,-0.14519124643715153,0.16143050639035966,3.568145444234275,3.6450103565971923,0.0,0,0,0,DIRECT_LOCAL,PASS_THROUGH,0,CORRIDOR_CLEAR,1,18,0.0,16.0,2.0,0.0,16.0,2.0,1,
814,27.166667,0.033333,-0.8030499815940857,16.203264236450195,2.1143341064453125,-1.7660503850395715,-0.0779193639755249,-0.11681507192784903,0.006367367623288506,-0.026195279206603084,0.1198853496165004,0.0,16.0,2.0,0.9890126688080789,-0.052113242778542235,-0.13834070573849802,0.16487847542610043,-0.10070975124835968,0.0054131499491631985,-0.02525123953819275,-0.09644965827465057,direct,SAFE_PROGRESSING,NONE,1,0,"-0.799,16.202;-0.400,16.101;0.000,16.000",0,1,PASS_THROUGH,-1,0.9873614056067811,-0.06353704963427084,-0.14519124643715153,0.16143050639035966,3.5713460731788005,3.645442210876985,0.0,0,0,0,DIRECT_LOCAL,PASS_THROUGH,0,CORRIDOR_CLEAR,1,18,0.0,16.0,2.0,0.0,16.0,2.0,1,
815,27.2,0.033333,-0.8067649006843567,16.20423126220703,2.1135120391845703,-1.7685936577863606,-0.07455097883939743,-0.11243294579210104,0.006332489599968461,-0.026191146985574853,0.11561679767422735,0.0,16.0,2.0,0.9893653973848118,-0.04961985056759613,-0.13672593348462786,0.1656750582022463,-0.0967092216014862,0.004983728751540184,-0.025317521765828133,-0.09311413764953613,direct,SAFE_PROGRESSING,NONE,1,0,"-0.803,16.203;-0.402,16.102;0.000,16.000",0,1,PASS_THROUGH,-1,0.9873614056067811,-0.06353704963427084,-0.14519124643715153,0.16143050639035966,3.5744567456115623,3.6458789889937946,0.0,0,0,0,DIRECT_LOCAL,PASS_THROUGH,0,CORRIDOR_CLEAR,1,18,0.0,16.0,2.0,0.0,16.0,2.0,1,
816,27.233333,0.033333,-0.8103340268135071,16.205171585083008,2.1126887798309326,-1.7710286343043204,-0.07142312824726105,-0.10799872841081111,0.006252964488446807,-0.02618069818879471,0.11130253303900443,0.0,16.0,2.0,0.9896983106081102,-0.04725176202905179,-0.13514630947459294,0.1664427845764324,-0.09253275394439697,0.004577110055834055,-0.02536744810640812,-0.08981218934059143,direct,SAFE_PROGRESSING,NONE,1,0,"-0.807,16.204;-0.403,16.102;0.000,16.000",1,1,PASS_THROUGH,-1,0.99886221901267,-0.04768928002271414,0.0,0.1664427845764324,3.577467111656505,3.6463129912812025,0.0,0,0,0,DIRECT_LOCAL,PASS_THROUGH,0,CORRIDOR_CLEAR,1,18,0.0,16.0,2.0,0.0,16.0,2.0,1,
817,27.266667,0.033333,-0.8137562870979309,16.20608901977539,2.111865520477295,-1.7733636467406757,-0.06853058189153671,-0.10351996705606206,0.006126286328788732,-0.026164906243226472,0.1069510041195842,0.0,16.0,2.0,0.9900132259408574,-0.044992432429029616,-0.13360199656553146,0.16718093364223893,-0.08828537166118622,0.004195529501885176,-0.025391701608896255,-0.08655693382024765,direct,SAFE_PROGRESSING,NONE,1,0,"-0.810,16.205;-0.405,16.103;0.000,16.000",0,1,PASS_THROUGH,-1,0.9896983106081102,-0.04725176202905179,-0.13514630947459294,0.1664427845764324,3.704481272512938,3.6467477595440383,0.0,0,0,0,DIRECT_LOCAL,PASS_THROUGH,0,CORRIDOR_CLEAR,1,18,0.0,16.0,2.0,0.0,16.0,2.0,1,
818,27.3,0.033333,-0.8170304298400879,16.20697784423828,2.111041307449341,-1.7756056803662519,-0.06584583967924118,-0.09897968477341532,0.005953959911654079,-0.026143331252547957,0.10254706921923559,0.0,16.0,2.0,0.9903111410057805,-0.04283966264243433,-0.13209317660088085,0.16788948494332712,-0.08390109986066818,0.0038168644532561302,-0.025397587567567825,-0.08354698121547699,direct,SAFE_PROGRESSING,NONE,1,0,"-0.814,16.206;-0.407,16.103;0.000,16.000",0,1,PASS_THROUGH,-1,0.9896983106081102,-0.04725176202905179,-0.13514630947459294,0.1664427845764324,3.6444254713544297,3.6471774276152167,0.0,0,0,0,DIRECT_LOCAL,PASS_THROUGH,0,CORRIDOR_CLEAR,1,18,0.0,16.0,2.0,0.0,16.0,2.0,1,
819,27.333333,0.033333,-0.8201550245285034,16.207836151123047,2.1102147102355957,-1.7777614360212124,-0.06334292143583298,-0.09435296655950483,0.0057409534206410385,-0.026116673584400524,0.09806896289790737,0.0,16.0,2.0,0.9905937031773377,-0.04078065775269091,-0.13061796652324156,0.16856791524963521,-0.07942397892475128,0.0034477165900170803,-0.025392642244696617,-0.08081020414829254,direct,SAFE_PROGRESSING,NONE,1,0,"-0.817,16.207;-0.409,16.103;0.000,16.000",0,1,PASS_THROUGH,-1,0.9896983106081102,-0.04725176202905179,-0.13514630947459294,0.1664427845764324,3.6471563405329017,3.647599942353041,0.0,0,0,0,DIRECT_LOCAL,PASS_THROUGH,0,CORRIDOR_CLEAR,1,18,0.0,16.0,2.0,0.0,16.0,2.0,1,
820,27.366667,0.033333,-0.8231270909309387,16.208662033081055,2.1093881130218506,-1.7798360227245933,-0.06100745499134064,-0.08961978813193515,0.00549371166389523,-0.02608503395802958,0.09350035448729871,0.0,16.0,2.0,0.9908622508557796,-0.03880867315479414,-0.12917386235993047,0.16921585386399135,-0.07487039268016815,0.003089540172368288,-0.025382664054632187,-0.07835780829191208,direct,SAFE_PROGRESSING,NONE,1,0,"-0.820,16.208;-0.410,16.104;0.000,16.000",0,1,PASS_THROUGH,-1,0.9896983106081102,-0.04725176202905179,-0.13514630947459294,0.1664427845764324,3.649771404082425,3.648013472426348,0.0,0,0,0,DIRECT_LOCAL,PASS_THROUGH,0,CORRIDOR_CLEAR,1,18,0.0,16.0,2.0,0.0,16.0,2.0,1,
821,27.4,0.033333,-0.8259435296058655,16.209449768066406,2.1085615158081055,-1.7818351347984869,-0.05883419141173363,-0.08477219123042341,0.005218808932056889,-0.02604899977859352,0.08883755265731919,0.0,16.0,2.0,0.9911174294883954,-0.03691682518682854,-0.127763018837379,0.16983262959442735,-0.07020379602909088,0.002740285126492381,-0.02537311054766178,-0.07618558406829834,direct,SAFE_PROGRESSING,NONE,1,0,"-0.823,16.209;-0.412,16.104;0.000,16.000",0,1,PASS_THROUGH,-1,0.9896983106081102,-0.04725176202905179,-0.13514630947459294,0.1664427845764324,3.652267157657454,3.6484124306705072,0.0,0,0,0,DIRECT_LOCAL,PASS_THROUGH,0,CORRIDOR_CLEAR,1,18,0.0,16.0,2.0,0.0,16.0,2.0,1,
822,27.433333,0.033333,-0.828601062297821,16.210201263427734,2.1077349185943604,-1.783764177017699,-0.05682339519262314,-0.07981374584876826,0.0049219654297033184,-0.026010420478107605,0.08408924867990512,0.0,16.0,2.0,0.9913602895298569,-0.03509427761000311,-0.12638499919812546,0.17041736055236467,-0.0654502809047699,0.002408976899459958,-0.02536735311150551,-0.0742153748869896,direct,SAFE_PROGRESSING,NONE,1,0,"-0.826,16.209;-0.413,16.105;-0.000,16.000",1,1,PASS_THROUGH,-1,0.9993740038926606,-0.03537796409563876,0.0,0.17041736055236467,3.6546370443656677,3.648798821381835,0.0,0,0,0,DIRECT_LOCAL,PASS_THROUGH,0,CORRIDOR_CLEAR,1,18,0.0,16.0,2.0,0.0,16.0,2.0,1,
823,27.466667,0.033333,-0.8310964703559875,16.21091079711914,2.1069083213806152,-1.7856289333982858,-0.054974257946014404,-0.07475470384579,0.004607969489698612,-0.025972645929425976,0.079272173342637,0.0,16.0,2.0,0.9915915280522444,-0.033338512092865785,-0.125039134299822,0.1709695050689091,-0.060503050684928894,0.002078478690236807,-0.025368938222527504,-0.07244117558002472,direct,SAFE_PROGRESSING,NONE,1,0,"-0.829,16.210;-0.414,16.105;0.000,16.000",0,1,PASS_THROUGH,-1,0.9913602895298569,-0.03509427761000311,-0.12638499919812546,0.17041736055236467,3.656880373818422,3.649167091011599,0.0,0,0,0,DIRECT_LOCAL,PASS_THROUGH,0,CORRIDOR_CLEAR,1,18,0.0,16.0,2.0,0.0,16.0,2.0,1,
824,27.5,0.033333,-0.8334268927574158,16.211578369140625,2.10608172416687,-1.787434607576323,-0.05328284204006195,-0.06960459109842794,0.004280530808091694,-0.02593817788625892,0.07440370365806791,0.0,16.0,2.0,0.9918120236233051,-0.03163896969794894,-0.12372503947341089,0.17148815788614818,-0.055550169199705124,0.0017642227467149496,-0.02537393569946289,-0.07073330134153366,direct,SAFE_PROGRESSING,NONE,1,0,"-0.831,16.211;-0.416,16.105;-0.000,16.000",0,1,PASS_THROUGH,-1,0.9913602895298569,-0.03509427761000311,-0.12638499919812546,0.17041736055236467,3.6191097340955074,3.649517319092101,0.0,0,0,0,DIRECT_LOCAL,PASS_THROUGH,0,CORRIDOR_CLEAR,1,18,0.0,16.0,2.0,0.0,16.0,2.0,1,
825,27.533333,0.033333,-0.8355900049209595,16.212202072143555,2.1052536964416504,-1.7891859874028953,-0.051737431436777115,-0.06437141299634087,0.003942607346150622,-0.025906366825931372,0.06950081154886699,0.0,16.0,2.0,0.9920223896594857,-0.02999185573703006,-0.12244209653437134,0.17197276433894845,-0.05065278708934784,0.0014567793114110827,-0.025380270555615425,-0.06909170001745224,direct,SAFE_PROGRESSING,NONE,1,0,"-0.833,16.212;-0.417,16.106;-0.000,16.000",0,1,PASS_THROUGH,-1,0.9913602895298569,-0.03509427761000311,-0.12638499919812546,0.17041736055236467,3.5994421454928003,3.6498476371648407,0.0,0,0,0,DIRECT_LOCAL,PASS_THROUGH,0,CORRIDOR_CLEAR,1,18,0.0,16.0,2.0,0.0,16.0,2.0,1,
826,27.566667,0.033333,-0.8375831842422485,16.212778091430664,2.104423999786377,-1.790887899848185,-0.05031959339976311,-0.059066938958891896,0.003596814229119273,-0.025876085766485056,0.06458647044982985,0.0,16.0,2.0,0.9922234612964392,-0.028391044948455096,-0.12118808282850443,0.17242277990402863,-0.045755352824926376,0.0011452891631051898,-0.025389131158590317,-0.06754749268293381,direct,SAFE_PROGRESSING,NONE,1,0,"-0.836,16.212;-0.418,16.106;0.000,16.000",0,1,PASS_THROUGH,-1,0.9913602895298569,-0.03509427761000311,-0.12638499919812546,0.17041736055236467,3.6012503899886283,3.65015434099578,0.0,0,0,0,DIRECT_LOCAL,PASS_THROUGH,0,CORRIDOR_CLEAR,1,18,0.0,16.0,2.0,0.0,16.0,2.0,1,
827,27.6,0.033333,-0.8394047617912292,16.213308334350586,2.103593349456787,-1.7925442541494372,-0.0490112341940403,-0.05370762143825523,0.0032451645626622528,-0.025847601061072145,0.05969202772737771,0.0,16.0,2.0,0.9924158624363262,-0.026829282663115323,-0.11996226730328834,0.17283750828084285,-0.04080305993556976,0.0008283648639917374,-0.025401193648576736,-0.06609395146369934,direct,SAFE_PROGRESSING,NONE,1,0,"-0.838,16.213;-0.419,16.106;0.000,16.000",0,1,PASS_THROUGH,-1,0.9913602895298569,-0.03509427761000311,-0.12638499919812546,0.17041736055236467,3.6029180657842943,3.650439288051349,0.0,0,0,0,DIRECT_LOCAL,PASS_THROUGH,0,CORRIDOR_CLEAR,1,18,0.0,16.0,2.0,0.0,16.0,2.0,1,
828,27.633333,0.033333,-0.8410533666610718,16.213790893554688,2.1027605533599854,-1.794158394242237,-0.04779738187789917,-0.048309906815254,0.002888798617318614,-0.025822636795200613,0.054854360127585086,0.0,16.0,2.0,0.9925998957849772,-0.02530597941689386,-0.11876470137799396,0.17321671970352187,-0.03573891147971153,0.0005164928734302521,-0.025417476892471313,-0.0646868646144867,direct,SAFE_PROGRESSING,NONE,1,0,"-0.839,16.213;-0.420,16.107;0.000,16.000",1,1,PASS_THROUGH,-1,0.9996751699441639,-0.025486361001660823,0.0,0.17321671970352187,3.625852802173236,3.6507005344443324,0.0,0,0,0,DIRECT_LOCAL,PASS_THROUGH,0,CORRIDOR_CLEAR,1,18,0.0,16.0,2.0,0.0,16.0,2.0,1,
829,27.666667,0.033333,-0.8425281643867493,16.214221954345703,2.1019253730773926,-1.7957334859456413,-0.04666426032781601,-0.04288412137148637,0.0025284575742326133,-0.025802818448041696,0.05011213828376982,0.0,16.0,2.0,0.992776194591527,-0.023816384298144422,-0.11759339816218317,0.17356005436030894,-0.030596181750297546,0.00022046733647584915,-0.02543661929666996,-0.06328204274177551,direct,SAFE_PROGRESSING,NONE,1,0,"-0.841,16.214;-0.421,16.107;0.000,16.000",0,1,PASS_THROUGH,-1,0.9925998957849772,-0.02530597941689386,-0.11876470137799396,0.17321671970352187,3.605830436607296,3.6509341947378258,0.0,0,0,0,DIRECT_LOCAL,PASS_THROUGH,0,CORRIDOR_CLEAR,1,18,0.0,16.0,2.0,0.0,16.0,2.0,1,
830,27.7,0.033333,-0.8438283801078796,16.214603424072266,2.101088047027588,-1.79727195967445,-0.0455966517329216,-0.037431814169215746,0.0021653482186590953,-0.02578901814231849,0.04550717417783248,0.0,16.0,2.0,0.9929452527128831,-0.02235421292844325,-0.11644747433627953,0.17386716234051763,-0.025268472731113434,-7.382594048976898e-05,-0.02545843832194805,-0.06192461773753166,direct,SAFE_PROGRESSING,NONE,1,0,"-0.843,16.214;-0.421,16.107;0.000,16.000",0,1,PASS_THROUGH,-1,0.9925998957849772,-0.02530597941689386,-0.11876470137799396,0.17321671970352187,3.6070690533153145,3.6511420692532837,0.0,0,0,0,DIRECT_LOCAL,PASS_THROUGH,0,CORRIDOR_CLEAR,1,18,0.0,16.0,2.0,0.0,16.0,2.0,1,
831,27.733333,0.033333,-0.8449534177780151,16.214933395385742,2.100248336791992,-1.798775560186076,-0.044581182301044464,-0.03194529928285866,0.001801291518140275,-0.025780189849898334,0.041089718739625546,0.0,16.0,2.0,0.993107327110965,-0.020920181871842858,-0.11532641860806943,0.17413798720543763,-0.019943159073591232,-0.00035844743251800537,-0.025478655472397804,-0.060576215386390686,direct,SAFE_PROGRESSING,NONE,1,0,"-0.844,16.215;-0.422,16.107;0.000,16.000",0,1,PASS_THROUGH,-1,0.9925998957849772,-0.02530597941689386,-0.11876470137799396,0.17321671970352187,3.608162376968822,3.651322175038524,0.0,0,0,0,DIRECT_LOCAL,PASS_THROUGH,0,CORRIDOR_CLEAR,1,18,0.0,16.0,2.0,0.0,16.0,2.0,1,
832,27.766667,0.033333,-0.845902144908905,16.215211868286133,2.0994060039520264,-1.8002461499902698,-0.043606556951999664,-0.026414436471823073,0.0014384909465067106,-0.025772949744737525,0.03693286678382718,0.0,16.0,2.0,0.9932628051385636,-0.019510604701641343,-0.11422931424309672,0.17437231920999305,-0.01476052775979042,-0.0006430782377719879,-0.02549493871629238,-0.05925391986966133,direct,SAFE_PROGRESSING,NONE,1,0,"-0.845,16.215;-0.422,16.107;0.000,16.000",0,1,PASS_THROUGH,-1,0.9925998957849772,-0.02530597941689386,-0.11876470137799396,0.17321671970352187,3.6091084586379303,3.65147451216126,0.0,0,0,0,DIRECT_LOCAL,PASS_THROUGH,0,CORRIDOR_CLEAR,1,18,0.0,16.0,2.0,0.0,16.0,2.0,1,
833,27.8,0.033333,-0.8466731309890747,16.215438842773438,2.098560333251953,-1.8016845033301285,-0.042663391679525375,-0.020839213971027698,0.0010789134764463946,-0.025765840410966794,0.03315592594549793,0.0,16.0,2.0,0.9934119802954301,-0.018125127068209873,-0.11315527903846585,0.17456993865069598,-0.00962900836020708,-0.0009482260211370885,-0.02551242522895336,-0.058037303388118744,direct,SAFE_PROGRESSING,NONE,1,0,"-0.846,16.215;-0.423,16.108;0.000,16.000",0,1,PASS_THROUGH,-1,0.9925998957849772,-0.02530597941689386,-0.11876470137799396,0.17321671970352187,3.6311550813561637,3.651599141632768,0.0,0,0,0,DIRECT_LOCAL,PASS_THROUGH,0,CORRIDOR_CLEAR,1,18,0.0,16.0,2.0,0.0,16.0,2.0,1,
834,27.833333,0.033333,-0.8472652435302734,16.21561050415039,2.0977120399475098,-1.8030916957065508,-0.04174889996647835,-0.015233659531812634,0.0007231898305049178,-0.02576045744192865,0.029936408500011304,0.0,16.0,2.0,0.9935551937569662,-0.016763166478755226,-0.11210295807052954,0.1747305681000781,-0.004491614643484354,-0.0012647499097511172,-0.02553391084074974,-0.05689016729593277,direct,SAFE_PROGRESSING,NONE,1,0,"-0.847,16.215;-0.423,16.108;0.000,16.000",1,1,PASS_THROUGH,-1,0.9998576998307264,-0.016869501747506954,0.0,0.1747305681000781,3.631785476654836,3.651692325852467,0.0,0,0,0,DIRECT_LOCAL,PASS_THROUGH,0,CORRIDOR_CLEAR,1,18,0.0,16.0,2.0,0.0,16.0,2.0,1,
835,27.866667,0.033333,-0.8476778864860535,16.215728759765625,2.096860647201538,-1.8044689606834357,-0.04086489602923393,-0.009619096573194123,0.00037029649393927646,-0.025758984833976154,0.027498898851678992,0.0,16.0,2.0,0.9936926521225349,-0.015419681932461377,-0.1110727082895919,0.17485379977505772,0.0006754696369171143,-0.0015642632497474551,-0.025559457018971443,-0.05572570860385895,direct,SAFE_PROGRESSING,NONE,1,0,"-0.847,16.216;-0.424,16.108;0.000,16.000",0,1,PASS_THROUGH,-1,0.9935551937569662,-0.016763166478755226,-0.11210295807052954,0.1747305681000781,3.6322674962132444,3.6517559540725677,0.0,0,0,0,DIRECT_LOCAL,PASS_THROUGH,0,CORRIDOR_CLEAR,1,18,0.0,16.0,2.0,0.0,16.0,2.0,1,
836,27.9,0.033333,-0.8479112982749939,16.215791702270508,2.096005916595459,-1.8058174227874406,-0.04001015052199364,-0.004014967702839839,1.899681017973399e-05,-0.02576199693623532,0.026072990098495456,0.0,16.0,2.0,0.9938246174236887,-0.014095888581998062,-0.11006332598891846,0.1749396120982869,0.005869481712579727,-0.0018398601096123457,-0.025586053729057312,-0.05450637638568878,direct,SAFE_PROGRESSING,NONE,1,0,"-0.848,16.216;-0.424,16.108;0.000,16.000",0,1,PASS_THROUGH,-1,0.9935551937569662,-0.016763166478755226,-0.11210295807052954,0.1747305681000781,3.6326023167907535,3.651788048751404,0.0,0,0,0,DIRECT_LOCAL,PASS_THROUGH,0,CORRIDOR_CLEAR,1,18,0.0,16.0,2.0,0.0,16.0,2.0,1,
837,27.933333,0.033333,-0.847966194152832,16.215801239013672,2.0951480865478516,-1.807137512699404,-0.039177387952804565,0.001566911386160352,-0.0003304705343808292,-0.02576869044800317,0.025818400985947655,0.0,16.0,2.0,0.9939513648325103,-0.01278923963957565,-0.1090739185003975,0.1749879571297624,0.011070707812905312,-0.002100625541061163,-0.02561221830546856,-0.0532592311501503,direct,SAFE_PROGRESSING,NONE,1,0,"-0.848,16.216;-0.424,16.108;0.000,16.000",0,1,PASS_THROUGH,-1,0.9935551937569662,-0.016763166478755226,-0.11210295807052954,0.1747305681000781,3.632788493249568,3.651790376966781,0.0,0,0,0,DIRECT_LOCAL,PASS_THROUGH,0,CORRIDOR_CLEAR,1,18,0.0,16.0,2.0,0.0,16.0,2.0,1,
838,27.966667,0.033333,-0.84784334897995,16.215755462646484,2.0942866802215576,-1.808430282744516,-0.03835718333721161,0.00712280750755015,-0.0006760574404818836,-0.025777251170532558,0.02675178719938475,0.0,16.0,2.0,0.9940730681461809,-0.011500622998143278,-0.10810398168935798,0.17499906756161582,0.016252616420388222,-0.0023540195543318987,-0.0256353709846735,-0.05199918895959854,direct,SAFE_PROGRESSING,NONE,1,0,"-0.848,16.216;-0.424,16.108;0.000,16.000",0,1,PASS_THROUGH,-1,0.9935551937569662,-0.016763166478755226,-0.11210295807052954,0.1747305681000781,3.632827981221124,3.651760939669509,0.0,0,0,0,DIRECT_LOCAL,PASS_THROUGH,0,CORRIDOR_CLEAR,1,18,0.0,16.0,2.0,0.0,16.0,2.0,1,
839,28.0,0.033333,-0.8475437164306641,16.215654373168945,2.093421697616577,-1.8096958341125646,-0.0375414714217186,0.012653686436303494,-0.0010148607647705193,-0.025786326948535495,0.028741614086493637,0.0,16.0,2.0,0.9941900072248753,-0.01022764183711991,-0.10715234424245733,0.17497299952522224,0.021426210179924965,-0.002602766267955303,-0.02565654180943966,-0.050737615674734116,direct,SAFE_PROGRESSING,NONE,1,0,"-0.848,16.216;-0.424,16.108;0.000,16.000",0,1,PASS_THROUGH,-1,0.9935551937569662,-0.016763166478755226,-0.11210295807052954,0.1747305681000781,3.6327196672846744,3.651699629474511,0.0,0,0,0,DIRECT_LOCAL,PASS_THROUGH,0,CORRIDOR_CLEAR,1,18,0.0,16.0,2.0,0.0,16.0,2.0,1,
840,28.033333,0.033333,-0.847068190574646,16.215499877929688,2.0925533771514893,-1.8109334893750215,-0.036724939942359924,0.018161487085947246,-0.0013443310401946278,-0.02579510638929151,0.03157585078431818,0.0,16.0,2.0,0.9943023663449421,-0.008970707330579447,-0.10621831617399163,0.17490993795985324,0.02657514438033104,-0.0028544932138174772,-0.02567502111196518,-0.04951373487710953,direct,SAFE_PROGRESSING,NONE,1,0,"-0.848,16.216;-0.424,16.108;0.000,16.000",1,1,PASS_THROUGH,-1,0.9999593032318275,-0.009021744848861118,0.0,0.17490993795985324,3.632464109035883,3.6516082611994727,0.0,0,0,0,DIRECT_LOCAL,PASS_THROUGH,0,CORRIDOR_CLEAR,1,18,0.0,16.0,2.0,0.0,16.0,2.0,1,
841,28.066667,0.033333,-0.8464174866676331,16.215290069580078,2.091681718826294,-1.8121436664553892,-0.03590673953294754,0.023646433735804544,-0.0016631956314613378,-0.02580334510533031,0.03503901634970766,0.0,16.0,2.0,0.9944102937110262,-0.007731245359985123,-0.10530145111409578,0.17481015037704362,0.03167768940329552,-0.00310048321262002,-0.025691397488117218,-0.04828609898686409,direct,SAFE_PROGRESSING,NONE,1,0,"-0.847,16.215;-0.424,16.108;0.000,16.000",0,1,PASS_THROUGH,-1,0.9943023663449421,-0.008970707330579447,-0.10621831617399163,0.17490993795985324,3.632063397288243,3.6514849135058447,0.0,0,0,0,DIRECT_LOCAL,PASS_THROUGH,0,CORRIDOR_CLEAR,1,18,0.0,16.0,2.0,0.0,16.0,2.0,1,
842,28.1,0.033333,-0.8455924391746521,16.215024948120117,2.0908069610595703,-1.8133267556576396,-0.035087574273347855,0.029105113991329097,-0.0019715071841611494,-0.02581079531349346,0.03895114447279458,0.0,16.0,2.0,0.9945139798565826,-0.006506540932173677,-0.10440119153974499,0.1746736815661189,0.03669340908527374,-0.0033351571764796972,-0.025703774765133858,-0.04703265801072121,direct,SAFE_PROGRESSING,NONE,1,0,"-0.846,16.215;-0.423,16.108;0.000,16.000",0,1,PASS_THROUGH,-1,0.9943023663449421,-0.008970707330579447,-0.10621831617399163,0.17490993795985324,3.574720685287528,3.6513295634160507,0.0,0,0,0,DIRECT_LOCAL,PASS_THROUGH,0,CORRIDOR_CLEAR,1,18,0.0,16.0,2.0,0.0,16.0,2.0,1,
843,28.133333,0.033333,-0.8445940613746643,16.214702606201172,2.0899291038513184,-1.8144830923667394,-0.034266505390405655,0.034529147593731574,-0.002269940166252608,-0.025816958509407947,0.043173255709809025,0.0,16.0,2.0,0.9946135641384614,-0.005295983877011745,-0.10351719947217053,0.17450069358067283,0.0416090302169323,-0.0035547162406146526,-0.02571074105799198,-0.04572991654276848,direct,SAFE_PROGRESSING,NONE,1,0,"-0.846,16.215;-0.423,16.108;0.000,16.000",0,1,PASS_THROUGH,-1,0.9943023663449421,-0.008970707330579447,-0.10621831617399163,0.17490993795985324,3.5740400286322678,3.6511402958946486,0.0,0,0,0,DIRECT_LOCAL,PASS_THROUGH,0,CORRIDOR_CLEAR,1,18,0.0,16.0,2.0,0.0,16.0,2.0,1,
844,28.166667,0.033333,-0.8434237241744995,16.214326858520508,2.089048147201538,-1.8156112105815128,-0.03343997523188591,0.03990532423662169,-0.0025587909464042475,-0.025821644187030056,0.047599785945515456,0.0,16.0,2.0,0.9947092037519328,-0.0040985784898102395,-0.10264892413249385,0.17429128923947126,0.04643954709172249,-0.0037543680518865585,-0.02571216970682144,-0.04436229169368744,direct,SAFE_PROGRESSING,NONE,1,0,"-0.845,16.215;-0.422,16.107;0.000,16.000",0,1,PASS_THROUGH,-1,0.9943023663449421,-0.008970707330579447,-0.10621831617399163,0.17490993795985324,3.5732152206223318,3.6509208439183047,0.0,0,0,0,DIRECT_LOCAL,PASS_THROUGH,0,CORRIDOR_CLEAR,1,18,0.0,16.0,2.0,0.0,16.0,2.0,1,
845,28.2,0.033333,-0.8420832753181458,16.213897705078125,2.0881643295288086,-1.81671195363691,-0.03260228410363197,0.04521800122994689,-0.0028374957327450263,-0.025824937978668458,0.052150229518832386,0.0,16.0,2.0,0.9948010552077742,-0.0029172404493477966,-0.10179562989470389,0.1740459227656485,0.051208481192588806,-0.003930992912501097,-0.02570837363600731,-0.04292166605591774,direct,SAFE_PROGRESSING,NONE,1,0,"-0.843,16.214;-0.422,16.107;0.000,16.000",0,1,PASS_THROUGH,-1,0.9943023663449421,-0.008970707330579447,-0.10621831617399163,0.17490993795985324,3.6875928948187315,3.6506711164876555,0.0,0,0,0,DIRECT_LOCAL,PASS_THROUGH,0,CORRIDOR_CLEAR,1,18,0.0,16.0,2.0,0.0,16.0,2.0,1,
846,28.233333,0.033333,-0.8405747413635254,16.213415145874023,2.08727765083313,-1.8177844488499695,-0.031746190041303635,0.050453056158806464,-0.0031043824776493894,-0.025826550005467658,0.05676406214777214,0.0,16.0,2.0,0.9948892542169907,-0.001752231428742812,-0.10095692907661179,0.17376495283091176,0.05592457205057144,-0.004081987775862217,-0.025699526071548462,-0.041399091482162476,direct,SAFE_PROGRESSING,NONE,1,0,"-0.842,16.214;-0.421,16.107;0.000,16.000",1,1,PASS_THROUGH,-1,0.9999984490334003,-0.0017612299094228734,0.0,0.17376495283091176,3.6278784484920767,3.65039101865712,0.0,0,0,0,DIRECT_LOCAL,PASS_THROUGH,0,CORRIDOR_CLEAR,1,18,0.0,16.0,2.0,0.0,16.0,2.0,1,
847,28.266667,0.033333,-0.8389009237289429,16.212881088256836,2.0863888263702393,-1.8188277670123127,-0.03086393140256405,0.055601046759961005,-0.0033568854495891376,-0.025825820078144802,0.061398029800912496,0.0,16.0,2.0,0.9949739619140336,-0.0006038009922511023,-0.10013216534886771,0.17344877287623436,0.06060294061899185,-0.0042115203104913235,-0.02568630501627922,-0.03981019929051399,direct,SAFE_PROGRESSING,NONE,1,0,"-0.841,16.213;-0.420,16.107;0.000,16.000",0,1,PASS_THROUGH,-1,0.9948892542169907,-0.001752231428742812,-0.10095692907661179,0.17376495283091176,3.62661440961439,3.650082262402027,0.0,0,0,0,DIRECT_LOCAL,PASS_THROUGH,0,CORRIDOR_CLEAR,1,18,0.0,16.0,2.0,0.0,16.0,2.0,1,
848,28.3,0.033333,-0.8370645642280579,16.21229362487793,2.085498571395874,-1.8198408792491667,-0.029948899522423744,0.060658402563076565,-0.0035921381735804798,-0.025821867369588882,0.06602358739583139,0.0,16.0,2.0,0.9950552686026032,0.0005258151909725006,-0.09932137707757663,0.17309802050522569,0.065216563642025,-0.004319013562053442,-0.025668572634458542,-0.03815316781401634,direct,SAFE_PROGRESSING,NONE,1,0,"-0.839,16.213;-0.419,16.106;0.000,16.000",0,1,PASS_THROUGH,-1,0.9948892542169907,-0.001752231428742812,-0.10095692907661179,0.17376495283091176,3.6252132919740934,3.64974280245699,0.0,0,0,0,DIRECT_LOCAL,PASS_THROUGH,0,CORRIDOR_CLEAR,1,18,0.0,16.0,2.0,0.0,16.0,2.0,1,
849,28.333333,0.033333,-0.8350687026977539,16.21165657043457,2.0846052169799805,-1.8208227217154822,-0.028996100649237633,0.06562603899231033,-0.003807643379697563,-0.02581413798552131,0.07062326006255108,0.0,16.0,2.0,0.995133252286876,0.0016385928185115861,-0.09852474413323722,0.17271313416762718,0.06978429853916168,-0.0044168950989842415,-0.025647412985563278,-0.03647058829665184,direct,SAFE_PROGRESSING,NONE,1,0,"-0.837,16.212;-0.419,16.106;0.000,16.000",0,1,PASS_THROUGH,-1,0.9948892542169907,-0.001752231428742812,-0.10095692907661179,0.17376495283091176,3.6236752083001145,3.649376241044829,0.0,0,0,0,DIRECT_LOCAL,PASS_THROUGH,0,CORRIDOR_CLEAR,1,18,0.0,16.0,2.0,0.0,16.0,2.0,1,
850,28.366667,0.033333,-0.8329158425331116,16.210969924926758,2.083711862564087,-1.8217723460799577,-0.028004048392176628,0.07050706568970487,-0.004002065164970731,-0.025802779912000088,0.07518674277387034,0.0,16.0,2.0,0.995208282103343,0.002730342713202577,-0.09773955423256846,0.17229489162867645,0.07428112626075745,-0.004508015234023333,-0.025623541325330734,-0.03477710485458374,direct,SAFE_PROGRESSING,NONE,1,0,"-0.835,16.212;-0.418,16.106;0.000,16.000",0,1,PASS_THROUGH,-1,0.9948892542169907,-0.001752231428742812,-0.10095692907661179,0.17376495283091176,3.622005126469033,3.6489824841116483,0.0,0,0,0,DIRECT_LOCAL,PASS_THROUGH,0,CORRIDOR_CLEAR,1,18,0.0,16.0,2.0,0.0,16.0,2.0,1,
851,28.4,0.033333,-0.8306087255477905,16.210235595703125,2.082815408706665,-1.8226875523191362,-0.026975365355610847,0.07530446432409135,-0.004175456971341563,-0.025788708133177535,0.07970730365051931,0.0,16.0,2.0,0.9952801753916382,0.003799739031324023,-0.09696872926713838,0.17184377905135176,0.0787007063627243,-0.004585873801261187,-0.025598086416721344,-0.033058807253837585,direct,SAFE_PROGRESSING,NONE,1,0,"-0.833,16.211;-0.416,16.105;0.000,16.000",0,1,PASS_THROUGH,-1,0.9948892542169907,-0.001752231428742812,-0.10095692907661179,0.17376495283091176,3.6202045941350045,3.648563309490392,0.0,0,0,0,DIRECT_LOCAL,PASS_THROUGH,0,CORRIDOR_CLEAR,1,18,0.0,16.0,2.0,0.0,16.0,2.0,1,
852,28.433333,0.033333,-0.8281500339508057,16.209453582763672,2.081918954849243,-1.8235684445886715,-0.025914018973708153,0.08001913529403527,-0.004329171367532975,-0.025773217314993616,0.08417875307166574,0.0,16.0,2.0,0.9953494527388299,0.004845692331483298,-0.09620803603826576,0.17136042257846734,0.08305270969867706,-0.004654847551137209,-0.025571711361408234,-0.03133593499660492,direct,SAFE_PROGRESSING,NONE,1,0,"-0.831,16.210;-0.415,16.105;0.000,16.000",1,1,PASS_THROUGH,-1,0.9999881498787931,0.004868275052654608,0.0,0.17136042257846734,3.6182768621117756,3.648118624651668,0.0,0,0,0,DIRECT_LOCAL,PASS_THROUGH,0,CORRIDOR_CLEAR,1,18,0.0,16.0,2.0,0.0,16.0,2.0,1,
853,28.466667,0.033333,-0.8255422711372375,16.20862579345703,2.081022024154663,-1.8244133872593566,-0.024825118482112885,0.08464972681860825,-0.004465013428635387,-0.025757321340480668,0.08859431244735567,0.0,16.0,2.0,0.9954159324750176,0.005867513529070334,-0.09546042981192479,0.1708453431692253,0.08731116354465485,-0.004709189757704735,-0.025544296950101852,-0.02958887815475464,direct,SAFE_PROGRESSING,NONE,1,0,"-0.828,16.209;-0.414,16.105;0.000,16.000",0,1,PASS_THROUGH,-1,0.9953494527388299,0.004845692331483298,-0.09620803603826576,0.17136042257846734,3.616223592664379,3.647650262392372,0.0,0,0,0,DIRECT_LOCAL,PASS_THROUGH,0,CORRIDOR_CLEAR,1,18,0.0,16.0,2.0,0.0,16.0,2.0,1,
854,28.5,0.033333,-0.8227879405021667,16.20775032043457,2.080122470855713,-1.825221807743596,-0.02371338941156864,0.0891928502294868,-0.004584656268179787,-0.025741851640908905,0.09294636373231382,0.0,16.0,2.0,0.9954798418821631,0.006863382448982658,-0.09472475066012548,0.1702991207411247,0.09147784113883972,-0.004746531136333942,-0.025516174733638763,-0.027814187109470367,direct,SAFE_PROGRESSING,NONE,1,0,"-0.826,16.209;-0.413,16.104;0.000,16.000",0,1,PASS_THROUGH,-1,0.9953494527388299,0.004845692331483298,-0.09620803603826576,0.17136042257846734,3.6140479112743886,3.647156286357609,0.0,0,0,0,DIRECT_LOCAL,PASS_THROUGH,0,CORRIDOR_CLEAR,1,18,0.0,16.0,2.0,0.0,16.0,2.0,1,
855,28.533333,0.033333,-0.8198898434638977,16.206832885742188,2.0792229175567627,-1.8259929095369782,-0.02258184924721718,0.09364368456453442,-0.0046890639886584835,-0.025727487812022526,0.09722669699742721,0.0,16.0,2.0,0.9955415501046994,0.007835590122657249,-0.09399800818401315,0.1697221483102855,0.09555715322494507,-0.0047665126621723175,-0.025488056242465973,-0.026011545211076736,direct,SAFE_PROGRESSING,NONE,1,0,"-0.823,16.208;-0.411,16.104;0.000,16.000",0,1,PASS_THROUGH,-1,0.9953494527388299,0.004845692331483298,-0.09620803603826576,0.17136042257846734,3.611749825821553,3.6466422880056997,0.0,0,0,0,DIRECT_LOCAL,PASS_THROUGH,0,CORRIDOR_CLEAR,1,18,0.0,16.0,2.0,0.0,16.0,2.0,1,
856,28.566667,0.033333,-0.8168510794639587,16.205875396728516,2.0783233642578125,-1.8267260353964299,-0.021432265639305115,0.09799710264633413,-0.004778341593056482,-0.025714479846642112,0.10142730968156183,0.0,16.0,2.0,0.9956009838471249,0.008777993382723476,-0.09328251601886411,0.1691152504110372,0.0995410829782486,-0.004768785089254379,-0.02545968070626259,-0.024181360378861427,direct,SAFE_PROGRESSING,NONE,1,0,"-0.820,16.207;-0.410,16.103;0.000,16.000",0,1,PASS_THROUGH,-1,0.9953494527388299,0.004845692331483298,-0.09620803603826576,0.17136042257846734,3.6093357669080155,3.6461100452447766,0.0,0,0,0,DIRECT_LOCAL,PASS_THROUGH,0,CORRIDOR_CLEAR,1,18,0.0,16.0,2.0,0.0,16.0,2.0,1,
857,28.6,0.033333,-0.813674807548523,16.20487403869629,2.0774238109588623,-1.8274205225651479,-0.02026555687189102,0.10224869287880661,-0.004851914302448555,-0.02570251860352095,0.1055412513209274,0.0,16.0,2.0,0.9956583280207708,0.009688829980692232,-0.09257764533886526,0.16847912214865773,0.1034407764673233,-0.004754852503538132,-0.02543076127767563,-0.022327948361635208,direct,SAFE_PROGRESSING,NONE,1,0,"-0.817,16.206;-0.408,16.103;0.000,16.000",0,1,PASS_THROUGH,-1,0.9953494527388299,0.004845692331483298,-0.09620803603826576,0.17136042257846734,3.606809219471733,3.645555665941185,0.0,0,0,0,DIRECT_LOCAL,PASS_THROUGH,0,CORRIDOR_CLEAR,1,18,0.0,16.0,2.0,0.0,16.0,2.0,1,
858,28.633333,0.033333,-0.8103640079498291,16.203834533691406,2.076524257659912,-1.828075673582084,-0.01908222958445549,0.10639535120236837,-0.004908913727970502,-0.025690830788853532,0.10956316433037826,0.0,16.0,2.0,0.9957136847015692,0.010572892631631386,-0.0918829257230324,0.16781419060030106,0.10724413394927979,-0.004725087434053421,-0.025400782003998756,-0.020450163632631302,direct,SAFE_PROGRESSING,NONE,1,0,"-0.814,16.205;-0.407,16.102;0.000,16.000",1,1,PASS_THROUGH,-1,0.9999436294888319,0.010617807904727022,0.0,0.16781419060030106,3.604169015996857,3.64498473375081,0.0,0,0,0,DIRECT_LOCAL,PASS_THROUGH,0,CORRIDOR_CLEAR,1,18,0.0,16.0,2.0,0.0,16.0,2.0,1,
859,28.666667,0.033333,-0.8069220185279846,16.202754974365234,2.075624704360962,-1.8286910403660284,-0.017882633954286575,0.11043520395677225,-0.00494862801934977,-0.02567875615902703,0.11348930218360911,0.0,16.0,2.0,0.9957672784516798,0.011424246896209411,-0.0911976630610091,0.16712131432055025,0.11092662066221237,-0.004678507335484028,-0.02536970190703869,-0.018548209220170975,direct,SAFE_PROGRESSING,NONE,1,0,"-0.810,16.204;-0.405,16.102;0.000,16.000",0,1,PASS_THROUGH,-1,0.9957136847015692,0.010572892631631386,-0.0918829257230324,0.16781419060030106,3.601421705060796,3.6443952297893563,0.0,0,0,0,DIRECT_LOCAL,PASS_THROUGH,0,CORRIDOR_CLEAR,1,18,0.0,16.0,2.0,0.0,16.0,2.0,1,
860,28.7,0.033333,-0.8033522963523865,16.201641082763672,2.0747251510620117,-1.829265983549441,-0.016666948795318604,0.11436637878523101,-0.004970597360224597,-0.025666651336022382,0.1173164627210067,0.0,16.0,2.0,0.995819226334169,0.012245640204001207,-0.09052133869542141,0.16640104850812978,0.11449652910232544,-0.004617659840732813,-0.02533845417201519,-0.016635356470942497,direct,SAFE_PROGRESSING,NONE,1,0,"-0.807,16.203;-0.403,16.101;0.000,16.000",0,1,PASS_THROUGH,-1,0.9957136847015692,0.010572892631631386,-0.0918829257230324,0.16781419060030106,3.5985677885714304,3.643792675265305,0.0,0,0,0,DIRECT_LOCAL,PASS_THROUGH,0,CORRIDOR_CLEAR,1,18,0.0,16.0,2.0,0.0,16.0,2.0,1,
861,28.733333,0.033333,-0.7996581196784973,16.200489044189453,2.0738255977630615,-1.8298002503165225,-0.015435892157256603,0.11818614518600493,-0.0049747897232536396,-0.025655084686087615,0.12104088902915557,0.0,16.0,2.0,0.9958697602838865,0.0130314087147608,-0.08985322998659119,0.16565434353650477,0.11796090006828308,-0.004543610382825136,-0.02530745044350624,-0.014716803096234798,direct,SAFE_PROGRESSING,NONE,1,0,"-0.803,16.202;-0.402,16.101;0.000,16.000",0,1,PASS_THROUGH,-1,0.9957136847015692,0.010572892631631386,-0.0918829257230324,0.16781419060030106,3.5956140969789736,3.6431731738904527,0.0,0,0,0,DIRECT_LOCAL,PASS_THROUGH,0,CORRIDOR_CLEAR,1,18,0.0,16.0,2.0,0.0,16.0,2.0,1,
862,28.766667,0.033333,-0.7958428859710693,16.199304580688477,2.0729260444641113,-1.8302933773862144,-0.014191022142767906,0.12189129854584585,-0.004961599558298156,-0.025644276756723015,0.12465847368608694,0.0,16.0,2.0,0.9959189499097377,0.013786703136101669,-0.08919289224664856,0.16488165030806193,0.12131708860397339,-0.004457561299204826,-0.02527611330151558,-0.01279380451887846,direct,SAFE_PROGRESSING,NONE,1,0,"-0.800,16.200;-0.400,16.100;0.000,16.000",0,1,PASS_THROUGH,-1,0.9957136847015692,0.010572892631631386,-0.0918829257230324,0.16781419060030106,3.5925595342938976,3.642542254335599,0.0,0,0,0,DIRECT_LOCAL,PASS_THROUGH,0,CORRIDOR_CLEAR,1,18,0.0,16.0,2.0,0.0,16.0,2.0,1,
863,28.8,0.033333,-0.7919101715087891,16.198089599609375,2.072026491165161,-1.8307447477183991,-0.012934492900967598,0.1254787769700811,-0.004931700683121186,-0.02563392894582005,0.12816529738870272,0.0,16.0,2.0,0.995967031034595,0.014505438558335693,-0.08853962584269376,0.164083907198015,0.12456764280796051,-0.004355852026492357,-0.02524442970752716,-0.010862890630960464,direct,SAFE_PROGRESSING,NONE,1,0,"-0.796,16.199;-0.398,16.100;0.000,16.000",0,1,PASS_THROUGH,-1,0.9957136847015692,0.010572892631631386,-0.0918829257230324,0.16781419060030106,3.5894109020490346,3.6419016402862137,0.0,0,0,0,DIRECT_LOCAL,PASS_THROUGH,0,CORRIDOR_CLEAR,1,18,0.0,16.0,2.0,0.0,16.0,2.0,1,
864,28.833333,0.033333,-0.7878636717796326,16.19683837890625,2.071126937866211,-1.8311540607038321,-0.011668247170746326,0.128946281715186,-0.004885783743030333,-0.025623573040570804,0.1315582834576418,0.0,16.0,2.0,0.9960141707660671,0.015186306129213928,-0.08789281961191915,0.16326190115424752,0.12771326303482056,-0.004235324915498495,-0.02521255798637867,-0.008924076333642006,direct,SAFE_PROGRESSING,NONE,1,0,"-0.792,16.198;-0.396,16.099;0.000,16.000",1,1,PASS_THROUGH,-1,0.999883783562968,0.015245306418828375,0.0,0.16326190115424752,3.5861719752175882,3.6412454848767664,0.0,0,0,0,DIRECT_LOCAL,PASS_THROUGH,0,CORRIDOR_CLEAR,1,18,0.0,16.0,2.0,0.0,16.0,2.0,1,
865,28.866667,0.033333,-0.7837072014808655,16.195560455322266,2.0702273845672607,-1.8315210748142752,-0.010393869131803513,0.13229241113875637,-0.004824216144455204,-0.025612544553520238,0.1348352978445193,0.0,16.0,2.0,0.9960603716497823,0.01583714832675176,-0.08725205305191337,0.16241607219983187,0.1307382881641388,-0.004099631682038307,-0.025179507210850716,-0.006983896717429161,direct,SAFE_PROGRESSING,NONE,1,0,"-0.788,16.197;-0.394,16.098;0.000,16.000",0,1,PASS_THROUGH,-1,0.9960141707660671,0.015186306129213928,-0.08789281961191915,0.16326190115424752,3.5828403224472596,3.640583019794628,0.0,0,0,0,DIRECT_LOCAL,PASS_THROUGH,0,CORRIDOR_CLEAR,1,18,0.0,16.0,2.0,0.0,16.0,2.0,1,
866,28.9,0.033333,-0.7794443368911743,16.194255828857422,2.069330930709839,-1.8318455444044204,-0.009112865664064884,0.13551632749868325,-0.004747039293660776,-0.025600672997434293,0.1379949414243417,0.0,16.0,2.0,0.9961059445137475,0.016447758678031166,-0.08661650269345117,0.16154762385610277,0.133666530251503,-0.0039521572180092335,-0.0251462422311306,-0.005060619208961725,direct,SAFE_PROGRESSING,NONE,1,0,"-0.784,16.196;-0.392,16.098;0.000,16.000",0,1,PASS_THROUGH,-1,0.9960141707660671,0.015186306129213928,-0.08789281961191915,0.16326190115424752,3.579426124019526,3.639914066218901,0.0,0,0,0,DIRECT_LOCAL,PASS_THROUGH,0,CORRIDOR_CLEAR,1,18,0.0,16.0,2.0,0.0,16.0,2.0,1,
867,28.933333,0.033333,-0.7750790119171143,16.19292449951172,2.068434476852417,-1.8321271825956458,-0.007827572524547577,0.13861761621699586,-0.004654108290895819,-0.02558747311788184,0.1410362472211455,0.0,16.0,2.0,0.9961506754109432,0.017019066913007364,-0.08598943679157478,0.16065725023873728,0.13644957542419434,-0.003789232112467289,-0.025111079216003418,-0.003134290687739849,direct,SAFE_PROGRESSING,NONE,1,0,"-0.779,16.194;-0.390,16.097;-0.000,16.000",0,1,PASS_THROUGH,-1,0.9960141707660671,0.015186306129213928,-0.08789281961191915,0.16326190115424752,3.575931585237693,3.639238386780353,0.0,0,0,0,DIRECT_LOCAL,PASS_THROUGH,0,CORRIDOR_CLEAR,1,18,0.0,16.0,2.0,0.0,16.0,2.0,1,
868,28.966667,0.033333,-0.7706149220466614,16.191570281982422,2.0675387382507324,-1.8323659399576993,-0.0065401350148022175,0.14159518332343804,-0.004545329315417547,-0.02557305488976741,0.14395776149752637,0.0,16.0,2.0,0.9961949980371714,0.01755238324037836,-0.0853665023782923,0.15974571508823104,0.13908228278160095,-0.003610385814681649,-0.02507404237985611,-0.0012036801781505346,direct,SAFE_PROGRESSING,NONE,1,0,"-0.775,16.193;-0.388,16.096;0.000,16.000",0,1,PASS_THROUGH,-1,0.9960141707660671,0.015186306129213928,-0.08789281961191915,0.16326190115424752,3.5723591104945616,3.6385595436596767,0.0,0,0,0,DIRECT_LOCAL,PASS_THROUGH,0,CORRIDOR_CLEAR,1,18,0.0,16.0,2.0,0.0,16.0,2.0,1,
869,29.0,0.033333,-0.7660558223724365,16.190195083618164,2.066645383834839,-1.832561869524136,-0.005251602735370398,0.14444609349437035,-0.0044206630065633705,-0.025558756998075752,0.1467564862160738,0.0,16.0,2.0,0.9962390202448084,0.018044426190013174,-0.08474793935629078,0.15881392017324006,0.14163246750831604,-0.0034202521201223135,-0.025038084015250206,0.0006989612593315542,direct,SAFE_PROGRESSING,NONE,1,0,"-0.771,16.192;-0.385,16.096;-0.000,16.000",0,1,PASS_THROUGH,-1,0.9960141707660671,0.015186306129213928,-0.08789281961191915,0.16326190115424752,3.568714108336472,3.6378791935502037,0.0,0,0,0,DIRECT_LOCAL,PASS_THROUGH,0,CORRIDOR_CLEAR,1,18,0.0,16.0,2.0,0.0,16.0,2.0,1,
870,29.033333,0.033333,-0.7614057064056396,16.188796997070312,2.0657529830932617,-1.8327148073261341,-0.003963840194046497,0.1471673495745618,-0.004280187300520923,-0.025544644263741277,0.14942917263603483,0.0,16.0,2.0,0.9962827073818479,0.018493966981637883,-0.08413524919543237,0.1578626862590689,0.14405673742294312,-0.0032157665118575096,-0.025002004578709602,0.0025944646913558245,direct,SAFE_PROGRESSING,NONE,1,0,"-0.766,16.190;-0.383,16.095;0.000,16.000",1,1,PASS_THROUGH,-1,0.9998277525682504,0.018559773552543873,0.0,0.1578626862590689,3.6224907692261565,3.6371951754051346,0.0,0,0,0,DIRECT_LOCAL,PASS_THROUGH,0,CORRIDOR_CLEAR,1,18,0.0,16.0,2.0,0.0,16.0,2.0,1,
871,29.066667,0.033333,-0.7566688656806946,16.1873779296875,2.0648629665374756,-1.8328249965416272,-0.0026789731346070766,0.1497572792096589,-0.00412408680290358,-0.025529820609587993,0.15197375598633914,0.0,16.0,2.0,0.9963262446176955,0.01890493240238722,-0.08352615049708223,0.15689269656039934,0.14633320271968842,-0.0029940237291157246,-0.0249643512070179,0.004491670057177544,direct,SAFE_PROGRESSING,NONE,1,0,"-0.761,16.189;-0.381,16.094;0.000,16.000",0,1,PASS_THROUGH,-1,0.9962827073818479,0.018493966981637883,-0.08413524919543237,0.1578626862590689,3.5612189915463857,3.636509043353801,0.0,0,0,0,DIRECT_LOCAL,PASS_THROUGH,0,CORRIDOR_CLEAR,1,18,0.0,16.0,2.0,0.0,16.0,2.0,1,
872,29.1,0.033333,-0.7518488168716431,16.18594741821289,2.063974380493164,-1.8328923878105354,-0.001398022286593914,0.15221444608635196,-0.003952510223692506,-0.025513987804760916,0.15438854720524062,0.0,16.0,2.0,0.9963696060219916,0.019276400404556582,-0.08292182211591873,0.15590487623220547,0.14851859211921692,-0.0027647370006889105,-0.024926362559199333,0.006356289144605398,direct,SAFE_PROGRESSING,NONE,1,0,"-0.757,16.187;-0.378,16.094;0.000,16.000",0,1,PASS_THROUGH,-1,0.9962827073818479,0.018493966981637883,-0.08413524919543237,0.1578626862590689,3.5573738963324435,3.63582999472758,0.0,0,0,0,DIRECT_LOCAL,PASS_THROUGH,0,CORRIDOR_CLEAR,1,18,0.0,16.0,2.0,0.0,16.0,2.0,1,
873,29.133333,0.033333,-0.7469499707221985,16.184497833251953,2.0630874633789062,-1.8329173880038525,-0.0001224825973622501,0.1545384974250194,-0.0037657172453667556,-0.025496334312095137,0.1566728785594651,0.0,16.0,2.0,0.9964132060383755,0.01959811392175173,-0.08232033019270525,0.154900366141766,0.15058627724647522,-0.0025201253592967987,-0.02488708309829235,0.008208941668272018,direct,SAFE_PROGRESSING,NONE,1,0,"-0.752,16.186;-0.376,16.093;0.000,16.000",0,1,PASS_THROUGH,-1,0.9962827073818479,0.018493966981637883,-0.08413524919543237,0.1578626862590689,3.553475190306151,3.6351501103538264,0.0,0,0,0,DIRECT_LOCAL,PASS_THROUGH,0,CORRIDOR_CLEAR,1,18,0.0,16.0,2.0,0.0,16.0,2.0,1,
874,29.166667,0.033333,-0.7419763207435608,16.18303871154785,2.0622034072875977,-1.8328998308331157,0.0011459278175607324,0.15673034682636036,-0.003563987958418462,-0.02547599347570466,0.15882735869507209,0.0,16.0,2.0,0.9964568909662017,0.01988081147950116,-0.08172158699442779,0.1538796554761621,0.15253162384033203,-0.0022647432051599026,-0.024846384301781654,0.010037642903625965,direct,SAFE_PROGRESSING,NONE,1,0,"-0.747,16.184;-0.373,16.092;0.000,16.000",0,1,PASS_THROUGH,-1,0.9962827073818479,0.018493966981637883,-0.08413524919543237,0.1578626862590689,3.549519223631251,3.634478483210192,0.0,0,0,0,DIRECT_LOCAL,PASS_THROUGH,0,CORRIDOR_CLEAR,1,18,0.0,16.0,2.0,0.0,16.0,2.0,1,
875,29.2,0.033333,-0.7369319796562195,16.181564331054688,2.061321496963501,-1.8328401442871864,0.002405596198514104,0.1587916554872962,-0.0033476350428339003,-0.025452835364710356,0.16085348408063543,0.0,16.0,2.0,0.9965008436634469,0.020114249182909827,-0.08112635550698821,0.15284397671733735,0.15436653792858124,-0.002004727255553007,-0.024804770946502686,0.011822223663330078,direct,SAFE_PROGRESSING,NONE,1,0,"-0.742,16.183;-0.371,16.092;0.000,16.000",0,1,PASS_THROUGH,-1,0.9962827073818479,0.018493966981637883,-0.08413524919543237,0.1578626862590689,3.545516287628832,3.633809095170855,0.0,0,0,0,DIRECT_LOCAL,PASS_THROUGH,0,CORRIDOR_CLEAR,1,18,0.0,16.0,2.0,0.0,16.0,2.0,1,
876,29.233333,0.033333,-0.7318208813667297,16.180089950561523,2.0604419708251953,-1.8327387356118898,0.003653859719634056,0.16072405369633969,-0.0031172649197050485,-0.025426898963851637,0.16275277560791834,0.0,16.0,2.0,0.9965450289920363,0.020307352221741654,-0.08053332625070993,0.1517938534923428,0.1560802459716797,-0.0017329256515949965,-0.024762004613876343,0.013581317849457264,direct,SAFE_PROGRESSING,NONE,1,0,"-0.737,16.182;-0.368,16.091;0.000,16.000",1,1,PASS_THROUGH,-1,0.9997924381550629,0.020373527135832986,0.0,0.1517938534923428,3.5414641207970328,3.6331566625112015,0.0,0,0,0,DIRECT_LOCAL,PASS_THROUGH,0,CORRIDOR_CLEAR,1,18,0.0,16.0,2.0,0.0,16.0,2.0,1,
877,29.266667,0.033333,-0.7266471982002258,16.178592681884766,2.0595648288726807,-1.8325958902893933,0.004888000898063183,0.16252916050483326,-0.00287358775287809,-0.0253983823230581,0.16452678610368457,0.0,16.0,2.0,0.9965898905524897,0.020442160587457042,-0.07994190465014808,0.15073077890034656,0.15768364071846008,-0.0014531052438542247,-0.024718008935451508,0.015297850593924522,direct,SAFE_PROGRESSING,NONE,1,0,"-0.732,16.180;-0.366,16.090;-0.000,16.000",0,1,PASS_THROUGH,-1,0.9965450289920363,0.020307352221741654,-0.08053332625070993,0.1517938534923428,3.5373777186219217,3.6324981744582625,0.0,0,0,0,DIRECT_LOCAL,PASS_THROUGH,0,CORRIDOR_CLEAR,1,18,0.0,16.0,2.0,0.0,16.0,2.0,1,
878,29.3,0.033333,-0.7214145064353943,16.177091598510742,2.0586905479431152,-1.8324122766370434,0.00610546488314867,0.16420821243146871,-0.0026173535151947955,-0.025367499069795737,0.16617670588388117,0.0,16.0,2.0,0.9966348072296607,0.020549971956182883,-0.07935212455188086,0.14965446824936854,0.15916971862316132,-0.001163715380243957,-0.024673163890838623,0.016975529491901398,direct,SAFE_PROGRESSING,NONE,1,0,"-0.727,16.179;-0.363,16.089;0.000,16.000",0,1,PASS_THROUGH,-1,0.9965450289920363,0.020307352221741654,-0.08053332625070993,0.1517938534923428,3.533240614866444,3.631852135227003,0.0,0,0,0,DIRECT_LOCAL,PASS_THROUGH,0,CORRIDOR_CLEAR,1,18,0.0,16.0,2.0,0.0,16.0,2.0,1,
879,29.333333,0.033333,-0.7161267399787903,16.17559051513672,2.0578196048736572,-1.8321884892951597,0.007303681690245867,0.1657622263134795,-0.0023492432850334348,-0.02533471217818611,0.16770355469567422,0.0,16.0,2.0,0.9966802872582293,0.020608039679074597,-0.07876365717410082,0.14856652709927812,0.16053012013435364,-0.0008628470823168755,-0.02462773583829403,0.018619798123836517,direct,SAFE_PROGRESSING,NONE,1,0,"-0.721,16.177;-0.361,16.089;0.000,16.000",0,1,PASS_THROUGH,-1,0.9965450289920363,0.020307352221741654,-0.08053332625070993,0.1517938534923428,3.5858922576596135,3.63122190222538,0.0,0,0,0,DIRECT_LOCAL,PASS_THROUGH,0,CORRIDOR_CLEAR,1,18,0.0,16.0,2.0,0.0,16.0,2.0,1,
880,29.366667,0.033333,-0.7107878923416138,16.174089431762695,2.0569515228271484,-1.8319250277075636,0.008480753749608994,0.1671917175193705,-0.0020696621168614713,-0.025300686788134952,0.1691078905914986,0.0,16.0,2.0,0.9967264090624502,0.020612964257683858,-0.07817653856486997,0.14746789979092104,0.1617555171251297,-0.0005508633330464363,-0.024581998586654663,0.02023150399327278,direct,SAFE_PROGRESSING,NONE,1,0,"-0.716,16.176;-0.358,16.088;0.000,16.000",0,1,PASS_THROUGH,-1,0.9965450289920363,0.020307352221741654,-0.08053332625070993,0.1517938534923428,3.5816141009206053,3.630607038439748,0.0,0,0,0,DIRECT_LOCAL,PASS_THROUGH,0,CORRIDOR_CLEAR,1,18,0.0,16.0,2.0,0.0,16.0,2.0,1,
881,29.4,0.033333,-0.7054018378257751,16.172588348388672,2.056086301803589,-1.8316226026970364,0.009635556489229202,0.1684962342555617,-0.0017786675088668226,-0.025266311608422153,0.17038935154142146,0.0,16.0,2.0,0.9967732290505487,0.020566495026375392,-0.0775896199918043,0.14635936022692797,0.1628533899784088,-0.00022969208657741547,-0.024536363780498505,0.02180655486881733,direct,SAFE_PROGRESSING,NONE,1,0,"-0.711,16.174;-0.355,16.087;0.000,16.000",0,1,PASS_THROUGH,-1,0.9965450289920363,0.020307352221741654,-0.08053332625070993,0.1517938534923428,3.5206516674757458,3.6300071077960046,0.0,0,0,0,DIRECT_LOCAL,PASS_THROUGH,0,CORRIDOR_CLEAR,1,18,0.0,16.0,2.0,0.0,16.0,2.0,1,
882,29.433333,0.033333,-0.6999724507331848,16.17108726501465,2.0552244186401367,-1.831282267751739,0.010767399333417416,0.16967445826040187,-0.0014762989965825524,-0.025232051164895013,0.17154666318723907,0.0,16.0,2.0,0.9968207370421036,0.020470704301390308,-0.07700239261375164,0.14524165942421766,0.16385512053966522,9.636860340833664e-05,-0.024491289630532265,0.02333160489797592,direct,SAFE_PROGRESSING,NONE,1,0,"-0.705,16.173;-0.353,16.086;0.000,16.000",1,1,PASS_THROUGH,-1,0.9997892031546158,0.020531664702553548,0.0,0.14524165942421766,3.516407115438945,3.629421655746786,0.0,0,0,0,DIRECT_LOCAL,PASS_THROUGH,0,CORRIDOR_CLEAR,1,18,0.0,16.0,2.0,0.0,16.0,2.0,1,
883,29.466667,0.033333,-0.6945035457611084,16.169586181640625,2.054365634918213,-1.8309045686676981,0.011875074356794357,0.1707259670863643,-0.0011626066572505234,-0.025197372939890172,0.17257930088769552,0.0,16.0,2.0,0.9968688748306151,0.020327179774378396,-0.07641499955089598,0.14411554864560777,0.1647367924451828,0.0004337914288043976,-0.02444649115204811,0.024825602769851685,direct,SAFE_PROGRESSING,NONE,1,0,"-0.700,16.171;-0.350,16.086;0.000,16.000",0,1,PASS_THROUGH,-1,0.9968207370421036,0.020470704301390308,-0.07700239261375164,0.14524165942421766,3.512142276225316,3.6288502188032266,0.0,0,0,0,DIRECT_LOCAL,PASS_THROUGH,0,CORRIDOR_CLEAR,1,18,0.0,16.0,2.0,0.0,16.0,2.0,1,
884,29.5,0.033333,-0.6889992356300354,16.1680850982666,2.0535099506378174,-1.8304903618680572,0.012957649305462837,0.17165151927874864,-0.0008378082032933159,-0.025161760970923177,0.17348792525258347,0.0,16.0,2.0,0.9969176457810378,0.020137825139598137,-0.07582661491218132,0.14298176779970223,0.1655052751302719,0.00077846460044384,-0.02440190128982067,0.026278099045157433,direct,SAFE_PROGRESSING,NONE,1,0,"-0.695,16.170;-0.347,16.085;0.000,16.000",0,1,PASS_THROUGH,-1,0.9968207370421036,0.020470704301390308,-0.07700239261375164,0.14524165942421766,3.507859391638212,3.6282922644167797,0.0,0,0,0,DIRECT_LOCAL,PASS_THROUGH,0,CORRIDOR_CLEAR,1,18,0.0,16.0,2.0,0.0,16.0,2.0,1,
885,29.533333,0.033333,-0.6834632158279419,16.166584014892578,2.0526578426361084,-1.8300407424677052,0.014014744199812412,0.17245248275202393,-0.0005023176071276243,-0.025124456995002147,0.17427377734360738,0.0,16.0,2.0,0.996967017282035,0.01990490698016345,-0.07523670068439892,0.14184111490792312,0.1660633087158203,0.0011303647188469768,-0.02435459941625595,0.027719708159565926,direct,SAFE_PROGRESSING,NONE,1,0,"-0.689,16.168;-0.344,16.084;0.000,16.000",0,1,PASS_THROUGH,-1,0.9968207370421036,0.020470704301390308,-0.07700239261375164,0.14524165942421766,3.50356085668559,3.627747309883833,0.0,0,0,0,DIRECT_LOCAL,PASS_THROUGH,0,CORRIDOR_CLEAR,1,18,0.0,16.0,2.0,0.0,16.0,2.0,1,
886,29.566667,0.033333,-0.6778993010520935,16.165109634399414,2.0518088340759277,-1.8295557977768846,0.015047252178192139,0.17312731024472125,-0.0001565232186141793,-0.02508520418066254,0.17493529524048446,0.0,16.0,2.0,0.9970169204364627,0.019629577133973175,-0.07464542896208377,0.14069430712116288,0.1663924753665924,0.0014670657692477107,-0.02429867349565029,0.029123229905962944,direct,SAFE_PROGRESSING,NONE,1,0,"-0.683,16.167;-0.342,16.083;0.000,16.000",0,1,PASS_THROUGH,-1,0.9968207370421036,0.020470704301390308,-0.07700239261375164,0.14524165942421766,3.4992488226598915,3.627241143581458,0.0,0,0,0,DIRECT_LOCAL,PASS_THROUGH,0,CORRIDOR_CLEAR,1,18,0.0,16.0,2.0,0.0,16.0,2.0,1,
887,29.6,0.033333,-0.6723116040229797,16.16363525390625,2.050963878631592,-1.8290369555578307,0.016056397929787636,0.17366822548082397,0.00019833160733612364,-0.025044377129594824,0.17546484748488556,0.0,16.0,2.0,0.9970681225792122,0.01927732021365733,-0.07405095449584238,0.13954334863954285,0.16654831171035767,0.001792409224435687,-0.02423292212188244,0.03048325516283512,direct,SAFE_PROGRESSING,NONE,1,0,"-0.678,16.165;-0.339,16.083;0.000,16.000",0,1,PASS_THROUGH,-1,0.9968207370421036,0.020470704301390308,-0.07700239261375164,0.14524165942421766,3.4949477672156184,3.626746849435221,0.0,0,0,0,DIRECT_LOCAL,PASS_THROUGH,0,CORRIDOR_CLEAR,1,18,0.0,16.0,2.0,0.0,16.0,2.0,1,
888,29.633333,0.033333,-0.6667047142982483,16.162168502807617,2.0501227378845215,-1.8284850382455635,0.01704234816133976,0.1740629267787465,0.000559878654958725,-0.025000245735827122,0.17585001629156385,0.0,16.0,2.0,0.9971196979419373,0.018886671959281426,-0.07345475885524638,0.13838777246923442,0.1665956974029541,0.002136192750185728,-0.024154873564839363,0.03184916079044342,direct,SAFE_PROGRESSING,NONE,1,0,"-0.672,16.164;-0.336,16.082;0.000,16.000",1,1,PASS_THROUGH,-1,0.9998206631870763,0.018937831558939966,0.0,0.13838777246923442,3.4906378064426478,3.6262712432824533,0.0,0,0,0,DIRECT_LOCAL,PASS_THROUGH,0,CORRIDOR_CLEAR,1,18,0.0,16.0,2.0,0.0,16.0,2.0,1,
889,29.666667,0.033333,-0.6610831618309021,16.16071891784668,2.049285650253296,-1.8279008637675047,0.018006863072514534,0.17430156252466228,0.0009259354953130112,-0.024950517490639867,0.17608072119948556,0.0,16.0,2.0,0.9971718365896067,0.018449126796077242,-0.0728557343863398,0.13722883069827171,0.16672104597091675,0.002524847164750099,-0.024075467139482498,0.03322361409664154,direct,SAFE_PROGRESSING,NONE,1,0,"-0.667,16.162;-0.333,16.081;0.000,16.000",0,1,PASS_THROUGH,-1,0.9971196979419373,0.018886671959281426,-0.07345475885524638,0.13838777246923442,3.4863279178181,3.625822997601421,0.0,0,0,0,DIRECT_LOCAL,PASS_THROUGH,0,CORRIDOR_CLEAR,1,18,0.0,16.0,2.0,0.0,16.0,2.0,1,
890,29.7,0.033333,-0.6554520726203918,16.159278869628906,2.0484533309936523,-1.8272848112655,0.0189542043954134,0.1743867732503995,0.0012967815744775594,-0.024890933903718392,0.17615898193886517,0.0,16.0,2.0,0.9972247219062484,0.01795267694426886,-0.07225341105816536,0.1360678532806556,0.16684341430664062,0.00295668700709939,-0.023999495431780815,0.03459720313549042,direct,SAFE_PROGRESSING,NONE,1,0,"-0.661,16.161;-0.331,16.080;0.000,16.000",0,1,PASS_THROUGH,-1,0.9971196979419373,0.018886671959281426,-0.07345475885524638,0.13838777246923442,3.5379005218505397,3.6253937486945262,0.0,0,0,0,DIRECT_LOCAL,PASS_THROUGH,0,CORRIDOR_CLEAR,1,18,0.0,16.0,2.0,0.0,16.0,2.0,1,
891,29.733333,0.033333,-0.6498160362243652,16.157854080200195,2.0476253032684326,-1.8266374156099086,0.019888967275619507,0.17433647940421398,0.001675895468736032,-0.024818514408568682,0.17610217299660555,0.0,16.0,2.0,0.997277996751987,0.017409902861438897,-0.07164839479499271,0.13490547473140288,0.1668795943260193,0.003392545273527503,-0.023928778246045113,0.03588594123721123,direct,SAFE_PROGRESSING,NONE,1,0,"-0.655,16.159;-0.328,16.080;0.000,16.000",0,1,PASS_THROUGH,-1,0.9971196979419373,0.018886671959281426,-0.07345475885524638,0.13838777246923442,3.4777364969650293,3.6249883469358273,0.0,0,0,0,DIRECT_LOCAL,PASS_THROUGH,0,CORRIDOR_CLEAR,1,18,0.0,16.0,2.0,0.0,16.0,2.0,1,
892,29.766667,0.033333,-0.644179105758667,16.156452178955078,2.046802043914795,-1.8259591729169293,0.020810814574360847,0.1741758002577592,0.0020679660015189014,-0.024735626653039352,0.17593560499436384,0.0,16.0,2.0,0.9973317917839223,0.016814228616367943,-0.07103927655253775,0.13374285649262846,0.16681627929210663,0.00379254762083292,-0.023865196853876114,0.03699851781129837,direct,SAFE_PROGRESSING,NONE,1,0,"-0.650,16.158;-0.325,16.079;-0.000,16.000",0,1,PASS_THROUGH,-1,0.9971196979419373,0.018886671959281426,-0.07345475885524638,0.13838777246923442,3.4734588414478416,3.624613584709516,0.0,0,0,0,DIRECT_LOCAL,PASS_THROUGH,0,CORRIDOR_CLEAR,1,18,0.0,16.0,2.0,0.0,16.0,2.0,1,
893,29.8,0.033333,-0.6385441422462463,16.155065536499023,2.04598331451416,-1.8252506031809677,0.021709974855184555,0.1739267852107663,0.0024751144332331096,-0.024648995808861318,0.17568217268577624,0.0,16.0,2.0,0.9973861633492008,0.016155868505262017,-0.07042605393177985,0.13258114565741658,0.16664662957191467,0.004151701927185059,-0.0238100104033947,0.037924833595752716,direct,SAFE_PROGRESSING,NONE,1,0,"-0.644,16.156;-0.322,16.078;0.000,16.000",0,1,PASS_THROUGH,-1,0.9971196979419373,0.018886671959281426,-0.07345475885524638,0.13838777246923442,3.469204340082236,3.624261430819525,0.0,0,0,0,DIRECT_LOCAL,PASS_THROUGH,0,CORRIDOR_CLEAR,1,18,0.0,16.0,2.0,0.0,16.0,2.0,1,
894,29.833333,0.033333,-0.6329138278961182,16.153696060180664,2.04516863822937,-1.8245126466967907,0.022569553926587105,0.17360240227960164,0.0028946501061962084,-0.024566281137357582,0.17535585318262295,0.0,16.0,2.0,0.9974408275863039,0.01544717016411895,-0.06980816856120628,0.13142053754367686,0.16636675596237183,0.004487898666411638,-0.023762935772538185,0.038712259382009506,direct,SAFE_PROGRESSING,NONE,1,0,"-0.639,16.155;-0.319,16.078;0.000,16.000",1,1,PASS_THROUGH,-1,0.9998801010247703,0.015484946712700787,0.0,0.13142053754367686,3.46496821754067,3.623933256550505,0.0,0,0,0,DIRECT_LOCAL,PASS_THROUGH,0,CORRIDOR_CLEAR,1,18,0.0,16.0,2.0,0.0,16.0,2.0,1,
895,29.866667,0.033333,-0.6272904276847839,16.152347564697266,2.0443575382232666,-1.8237466547135865,0.023372922092676163,0.17320542981671763,0.0033199810525009477,-0.024493120906848416,0.17496015593254471,0.0,16.0,2.0,0.9974957648304869,0.01468704443773336,-0.06918446264101602,0.13026164323501763,0.16596652567386627,0.0048200818710029125,-0.023722127079963684,0.03941116854548454,direct,SAFE_PROGRESSING,NONE,1,0,"-0.633,16.154;-0.316,16.077;0.000,16.000",0,1,PASS_THROUGH,-1,0.9974408275863039,0.01544717016411895,-0.06980816856120628,0.13142053754367686,3.4607535730229513,3.6236323681394045,0.0,0,0,0,DIRECT_LOCAL,PASS_THROUGH,0,CORRIDOR_CLEAR,1,18,0.0,16.0,2.0,0.0,16.0,2.0,1,
896,29.9,0.033333,-0.6216762065887451,16.151025772094727,2.043550491333008,-1.8229550449267622,0.024109477177262306,0.1727298382979585,0.0037435565415541495,-0.02443221701146015,0.17448938214720627,0.0,16.0,2.0,0.9975509720153544,0.01387236346691359,-0.06855374361085889,0.129105082957124,0.1652274876832962,0.005166178569197655,-0.023681771010160446,0.040119338780641556,direct,SAFE_PROGRESSING,NONE,1,0,"-0.627,16.152;-0.314,16.076;0.000,16.000",0,1,PASS_THROUGH,-1,0.9974408275863039,0.01544717016411895,-0.06980816856120628,0.13142053754367686,3.456564875158727,3.6233639303267133,0.0,0,0,0,DIRECT_LOCAL,PASS_THROUGH,0,CORRIDOR_CLEAR,1,18,0.0,16.0,2.0,0.0,16.0,2.0,1,
897,29.933333,0.033333,-0.6160740256309509,16.14972496032715,2.0427467823028564,-1.8221399565579985,0.024778928607702255,0.17215791486136728,0.0041601330919100845,-0.02438761990266604,0.173926451010975,0.0,16.0,2.0,0.9976063725264941,0.012996632454182255,-0.06791622073835377,0.1279515673488028,0.16409100592136383,0.00551560940220952,-0.023639298975467682,0.04083113744854927,direct,SAFE_PROGRESSING,NONE,1,0,"-0.622,16.151;-0.311,16.076;0.000,16.000",0,1,PASS_THROUGH,-1,0.9974408275863039,0.01544717016411895,-0.06980816856120628,0.13142053754367686,3.452408196124589,3.6231217339371846,0.0,0,0,0,DIRECT_LOCAL,PASS_THROUGH,0,CORRIDOR_CLEAR,1,18,0.0,16.0,2.0,0.0,16.0,2.0,1,
898,29.966667,0.033333,-0.6104875802993774,16.148447036743164,2.0419461727142334,-1.8213035708039687,0.02538931369781494,0.17145879337369424,0.004567947514210114,-0.024362823038343823,0.17324125119628236,0.0,16.0,2.0,0.9976617551412725,0.012070811251878255,-0.06727048271089785,0.12680138308426953,0.1631702333688736,0.005827419459819794,-0.023602547124028206,0.04137603938579559,direct,SAFE_PROGRESSING,NONE,1,0,"-0.616,16.150;-0.308,16.075;0.000,16.000",0,1,PASS_THROUGH,-1,0.9974408275863039,0.01544717016411895,-0.06980816856120628,0.13142053754367686,3.4482803126600343,3.6229068989884996,0.0,0,0,0,DIRECT_LOCAL,PASS_THROUGH,0,CORRIDOR_CLEAR,1,18,0.0,16.0,2.0,0.0,16.0,2.0,1,
899,30.0,0.033333,-0.6049211621284485,16.147193908691406,2.0411489009857178,-1.8204479595872944,0.025945069268345833,0.17060940384687073,0.004967040194520262,-0.024346308963969634,0.17240934698979543,0.0,16.0,2.0,0.9977170329064771,0.011094620669604455,-0.06661555104098178,0.12565533946754753,0.16239649057388306,0.006171540357172489,-0.02356807515025139,0.04192036762833595,direct,SAFE_PROGRESSING,NONE,1,0,"-0.610,16.148;-0.305,16.074;0.000,16.000",0,1,PASS_THROUGH,-1,0.9974408275863039,0.01544717016411895,-0.06980816856120628,0.13142053754367686,3.4441848471377754,3.622720411620722,0.0,0,0,0,DIRECT_LOCAL,PASS_THROUGH,0,CORRIDOR_CLEAR,1,18,0.0,16.0,2.0,0.0,16.0,2.0,1,
