episode_frame_index,trajectory_time_s,control_dt_s,x,y,z,yaw,yaw_rate,state_vx_flu,state_vy_flu,state_vz_flu,speed_world_mps,effective_target_world_x,effective_target_world_y,effective_target_world_z,goal_direction_flu_x,goal_direction_flu_y,goal_direction_flu_z,goal_distance_norm,target_velocity_flu_x,target_velocity_flu_y,target_velocity_flu_z,target_yaw_rate,hierarchical_mode,planner_status,planner_failure_reason,plan_valid,plan_terminal,plan_points_xy,macro_update_mask,macro_label_valid,macro_correction_type,macro_direction_token,macro_direction_flu_x,macro_direction_flu_y,macro_direction_flu_z,macro_distance_norm,min_observed_clearance_m,truth_minimum_clearance_m,truth_brake_risk,truth_brake_would_trigger,emergency_brake,local_corridor_blocked,fsm_state,effective_target_source,target_correction_active,observability_reason,scene_id,task_id,navigation_goal_world_x,navigation_goal_world_y,navigation_goal_world_z,original_navigation_goal_world_x,original_navigation_goal_world_y,original_navigation_goal_world_z,episode_valid,failure_taxonomy
0,0.033333,0.033333,-6.0,3.0,2.000577449798584,-1.3258172674544433,0.0,9.51070851099458e-06,1.019209369443574e-05,0.030651987734255676,0.03065199090423509,6.0,23.0,2.0,0.7071070613518076,0.7071065010211763,0.0,0.9,0.05135158449411392,0.055145394057035446,0.0029705893248319626,0.41412922739982605,direct,SAFE_PROGRESSING,NONE,1,0,"-6.000,3.000;-5.743,3.429;-5.486,3.857;-5.228,4.286;-4.971,4.715;-4.714,5.144;-4.457,5.572",1,1,PASS_THROUGH,-1,0.7071070613518076,0.7071065010211763,0.0,0.9,inf,6.497142273814361,0.0,0,0,0,DIRECT_LOCAL,PASS_THROUGH,0,BYPASS_VISIBLE,1,9,6.0,23.0,2.0,6.0,23.0,2.0,1,
1,0.066667,0.033333,-5.999997138977051,3.0000038146972656,2.0018057823181152,-1.3257670326278306,0.004407117608934641,0.0002555968544884343,0.00017853460001147014,0.040497084915258295,0.04049828503762926,6.0,23.0,2.0,0.7071425816153387,0.7070709785116608,-2.4757955854407232e-05,0.9,0.12234216928482056,0.06415777653455734,-0.0013604898704215884,0.6879646182060242,direct,SAFE_PROGRESSING,NONE,1,0,"-6.000,3.000;-5.743,3.429;-5.486,3.857;-5.228,4.286;-4.971,4.715;-4.714,5.144;-4.457,5.572",0,1,PASS_THROUGH,-1,0.7071070613518076,0.7071065010211763,0.0,0.9,inf,6.497137530754295,0.0,0,0,0,DIRECT_LOCAL,PASS_THROUGH,0,BYPASS_VISIBLE,1,9,6.0,23.0,2.0,6.0,23.0,2.0,1,
2,0.1,0.033333,-5.999951362609863,3.0000381469726562,2.0031704902648926,-1.3253600533166383,0.02257532626390457,0.002832599179652948,0.0010656366716182755,0.04059023209784651,0.04070290089644124,6.0,23.0,2.0,0.7074302695324338,0.7067831405424556,-7.742229367035503e-05,0.9,0.15571829676628113,0.07557167857885361,-0.0032595712691545486,0.9198013544082642,direct,SAFE_PROGRESSING,NONE,1,0,"-6.000,3.000;-5.743,3.429;-5.486,3.857;-5.228,4.286;-4.971,4.715;-4.714,5.144;-4.457,5.572",0,1,PASS_THROUGH,-1,0.7071070613518076,0.7071065010211763,0.0,0.9,inf,6.497084539359227,0.0,0,0,0,DIRECT_LOCAL,PASS_THROUGH,0,BYPASS_VISIBLE,1,9,6.0,23.0,2.0,6.0,23.0,2.0,1,
3,0.133333,0.033333,-5.999727725982666,3.0001790523529053,2.004464864730835,-1.3240326302556857,0.05687684565782547,0.011184925438213495,0.0034929784330526015,0.037243176550972486,0.03904302312832695,6.0,23.0,2.0,0.708367188462466,0.705844110148787,-0.00013593398388695962,0.9,0.16204845905303955,0.06532204151153564,-0.004307907540351152,0.9973504543304443,direct,SAFE_PROGRESSING,NONE,1,0,"-6.000,3.000;-5.743,3.429;-5.485,3.858;-5.228,4.286;-4.971,4.715;-4.714,5.144;-4.456,5.573",0,1,PASS_THROUGH,-1,0.7071070613518076,0.7071065010211763,0.0,0.9,inf,6.496848655289981,0.0,0,0,0,DIRECT_LOCAL,PASS_THROUGH,0,BYPASS_VISIBLE,1,9,6.0,23.0,2.0,6.0,23.0,2.0,1,
4,0.166667,0.033333,-5.999128818511963,3.0005340576171875,2.005610704421997,-1.3212136996642057,0.1045340746641159,0.02653683704966413,0.007474020398259091,0.03379950939155004,0.0436173306911771,6.0,23.0,2.0,0.7103504911269722,0.7038480966156663,-0.00019143190244443617,0.9,0.165763720870018,0.04366721212863922,-0.0029698372818529606,0.8884800672531128,direct,SAFE_PROGRESSING,NONE,1,0,"-6.000,3.000;-5.742,3.429;-5.485,3.858;-5.228,4.286;-4.971,4.715;-4.714,5.144;-4.456,5.573",0,1,PASS_THROUGH,-1,0.7071070613518076,0.7071065010211763,0.0,0.9,inf,6.496236119947254,0.0,0,0,0,DIRECT_LOCAL,PASS_THROUGH,0,BYPASS_VISIBLE,1,9,6.0,23.0,2.0,6.0,23.0,2.0,1,
5,0.2,0.033333,-5.997971057891846,3.0011823177337646,2.0066044330596924,-1.3166415952862198,0.16331462562084198,0.04721030168327616,0.011509358218247095,0.030969501906861766,0.05762280763708928,6.0,23.0,2.0,0.7135511743435163,0.7006030714469077,-0.0002405663069086127,0.9,0.18577851355075836,0.020416418090462685,-0.003166650887578726,0.6805859208106995,direct,SAFE_PROGRESSING,NONE,1,0,"-5.999,3.001;-5.742,3.429;-5.485,3.858;-5.227,4.287;-4.970,4.716;-4.713,5.144;-4.456,5.573",0,1,PASS_THROUGH,-1,0.7071070613518076,0.7071065010211763,0.0,0.9,inf,6.495084654133745,0.0,0,0,0,DIRECT_LOCAL,PASS_THROUGH,0,BYPASS_VISIBLE,1,9,6.0,23.0,2.0,6.0,23.0,2.0,1,
6,0.233333,0.033333,-5.996130466461182,3.002124786376953,2.0074217319488525,-1.3103422453330629,0.22756339609622955,0.0705747729093322,0.013322562682543058,0.026366511389131,0.07650805297788771,6.0,23.0,2.0,0.7179306458775866,0.6961145793003591,-0.00028318770351389564,0.9,0.20441114902496338,0.0019293180666863918,-0.007965894415974617,0.5918598175048828,direct,SAFE_PROGRESSING,NONE,1,0,"-5.998,3.001;-5.741,3.430;-5.484,3.859;-5.226,4.287;-4.969,4.716;-4.712,5.145;-4.455,5.574",1,1,PASS_THROUGH,-1,0.7179306746649112,0.6961146072129111,0.0,0.9,inf,6.493329779869102,0.0,0,0,0,DIRECT_LOCAL,PASS_THROUGH,0,BYPASS_VISIBLE,1,9,6.0,23.0,2.0,6.0,23.0,2.0,1,
7,0.266667,0.033333,-5.9935455322265625,3.003281593322754,2.007996082305908,-1.3024516328007238,0.28392505645751953,0.09458443524684425,0.011082381195623596,0.01996702262045936,0.09730219193962444,6.0,23.0,2.0,0.7233686267536384,0.6904619674837882,-0.00031825614133533097,0.9,0.21168841421604156,-0.004308377858251333,-0.011798086576163769,0.6262977123260498,direct,SAFE_PROGRESSING,NONE,1,0,"-5.996,3.002;-5.739,3.431;-5.482,3.860;-5.225,4.288;-4.967,4.717;-4.710,5.146;-4.453,5.575",0,1,PASS_THROUGH,-1,0.7179306458775866,0.6961145793003591,-0.00028318770351389564,0.9,inf,6.491008592554238,0.0,0,0,0,DIRECT_LOCAL,PASS_THROUGH,0,BYPASS_VISIBLE,1,9,6.0,23.0,2.0,6.0,23.0,2.0,1,
8,0.3,0.033333,-5.990187644958496,3.0045340061187744,2.0083141326904297,-1.2931136350233312,0.3279845416545868,0.11777553433218697,0.004451110095781457,0.014063660116603566,0.11869572614122323,6.0,23.0,2.0,0.7297369737895444,0.6837278928717054,-0.00034291937200726957,0.9,0.2080809772014618,-0.0029982333071529865,-0.01233601476997137,0.6865935325622559,direct,SAFE_PROGRESSING,NONE,1,0,"-5.994,3.003;-5.736,3.432;-5.479,3.861;-5.222,4.290;-4.965,4.718;-4.708,5.147;-4.450,5.576",0,1,PASS_THROUGH,-1,0.7179306458775866,0.6961145793003591,-0.00028318770351389564,0.9,inf,6.488208626665265,0.0,0,0,0,DIRECT_LOCAL,PASS_THROUGH,0,BYPASS_VISIBLE,1,9,6.0,23.0,2.0,6.0,23.0,2.0,1,
9,0.333333,0.033333,-5.986069202423096,3.0057737827301025,2.0084304809570312,-1.2822612836449565,0.3640391230583191,0.13886430779687373,-0.005222427787497354,0.009641998685033038,0.13929658240797826,6.0,23.0,2.0,0.7370491114294524,0.6758390934061174,-0.0003566020921547508,0.9,0.1994505375623703,0.0015680257929489017,-0.011028916575014591,0.7441108822822571,direct,SAFE_PROGRESSING,NONE,1,0,"-5.990,3.005;-5.733,3.433;-5.476,3.862;-5.219,4.291;-4.962,4.720;-4.705,5.149;-4.447,5.577",0,1,PASS_THROUGH,-1,0.7179306458775866,0.6961145793003591,-0.00028318770351389564,0.9,inf,6.485029725661388,0.0,0,0,0,DIRECT_LOCAL,PASS_THROUGH,0,BYPASS_VISIBLE,1,9,6.0,23.0,2.0,6.0,23.0,2.0,1,
10,0.366667,0.033333,-5.981252193450928,3.00693941116333,2.008413314819336,-1.2698357893647294,0.39596691727638245,0.15668551228513103,-0.015690829318837345,0.0059920598891687275,0.15758317380508052,6.0,23.0,2.0,0.7453068539402725,0.666721503091739,-0.0003616417362548812,0.9,0.18910527229309082,0.00979379378259182,-0.009910362772643566,0.831655740737915,direct,SAFE_PROGRESSING,NONE,1,0,"-5.986,3.006;-5.729,3.435;-5.472,3.863;-5.215,4.292;-4.958,4.721;-4.701,5.150;-4.444,5.579",0,1,PASS_THROUGH,-1,0.7179306458775866,0.6961145793003591,-0.00028318770351389564,0.9,inf,6.4815573115576735,0.0,0,0,0,DIRECT_LOCAL,PASS_THROUGH,0,BYPASS_VISIBLE,1,9,6.0,23.0,2.0,6.0,23.0,2.0,1,
11,0.4,0.033333,-5.975854396820068,3.0080275535583496,2.0083048343658447,-1.2559475871466483,0.427375853061676,0.1704070965807858,-0.024723427660442793,0.0020252519422958625,0.1722031593374645,6.0,23.0,2.0,0.7543947756502181,0.6564208955998598,-0.0003609591877259523,0.9,0.17726415395736694,0.021365245804190636,-0.010178796947002411,0.9694185256958008,direct,SAFE_PROGRESSING,NONE,1,0,"-5.981,3.007;-5.724,3.436;-5.467,3.865;-5.210,4.294;-4.953,4.722;-4.696,5.151;-4.439,5.580",0,1,PASS_THROUGH,-1,0.7179306458775866,0.6961145793003591,-0.00028318770351389564,0.9,inf,6.477855577910262,0.0,0,0,0,DIRECT_LOCAL,PASS_THROUGH,0,BYPASS_VISIBLE,1,9,6.0,23.0,2.0,6.0,23.0,2.0,1,
12,0.433333,0.033333,-5.970032215118408,3.009087562561035,2.0081160068511963,-1.2407648907337507,0.46187523007392883,0.17967952049237432,-0.03067686855053672,-0.0027363403424857796,0.1822999942592056,6.0,23.0,2.0,0.764161027244042,0.6450254238769719,-0.0003563617031453961,0.9,0.16429957747459412,0.03389367833733559,-0.011657657101750374,1.1256089210510254,direct,SAFE_PROGRESSING,NONE,1,0,"-5.976,3.008;-5.719,3.437;-5.462,3.866;-5.205,4.295;-4.948,4.724;-4.691,5.153;-4.434,5.582",1,1,PASS_THROUGH,-1,0.7641610757658507,0.6450254648340464,0.0,0.9,inf,6.473963137990057,0.0,0,0,0,DIRECT_LOCAL,PASS_THROUGH,0,BYPASS_VISIBLE,1,9,6.0,23.0,2.0,6.0,23.0,2.0,1,
13,0.466667,0.033333,-5.963959693908691,3.010200023651123,2.007843017578125,-1.2243291801059677,0.5039186477661133,0.1846341332812051,-0.03275906287309765,-0.007785547334422952,0.18767933855414642,6.0,23.0,2.0,0.7745380091053751,0.632527273029454,-0.00034831739028851646,0.9,0.1552477926015854,0.044717732816934586,-0.013215159997344017,1.249268889427185,direct,SAFE_PROGRESSING,NONE,1,0,"-5.970,3.009;-5.713,3.438;-5.456,3.867;-5.199,4.296;-4.943,4.725;-4.686,5.154;-4.429,5.583",0,1,PASS_THROUGH,-1,0.764161027244042,0.6450254238769719,-0.0003563617031453961,0.9,inf,6.4699004624510055,0.0,0,0,0,DIRECT_LOCAL,PASS_THROUGH,0,BYPASS_VISIBLE,1,9,6.0,23.0,2.0,6.0,23.0,2.0,1,
14,0.5,0.033333,-5.9578094482421875,3.011453628540039,2.007490634918213,-1.2064744624208172,0.5556358098983765,0.18592220506483115,-0.031059221655366766,-0.012026816287198655,0.18888193639417283,6.0,23.0,2.0,0.7855843717503739,0.6187544597992236,-0.0003366602765853179,0.9,0.15640586614608765,0.05311305820941925,-0.014039712026715279,1.324862003326416,direct,SAFE_PROGRESSING,NONE,1,0,"-5.964,3.010;-5.707,3.439;-5.450,3.868;-5.194,4.297;-4.937,4.726;-4.680,5.155;-4.423,5.584",0,1,PASS_THROUGH,-1,0.764161027244042,0.6450254238769719,-0.0003563617031453961,0.9,inf,6.465679845724152,0.0,0,0,0,DIRECT_LOCAL,PASS_THROUGH,0,BYPASS_VISIBLE,1,9,6.0,23.0,2.0,6.0,23.0,2.0,1,
15,0.533333,0.033333,-5.951725482940674,3.0129311084747314,2.007078170776367,-1.1868787807547732,0.6169750690460205,0.18486177976880952,-0.02633896253673936,-0.014404786355916573,0.18728351886047845,6.0,23.0,2.0,0.7974376739867814,0.6034012368935397,-0.0003215927517461867,0.9,0.16787104308605194,0.06057778745889664,-0.0139921884983778,1.363451361656189,direct,SAFE_PROGRESSING,NONE,1,0,"-5.958,3.011;-5.701,3.441;-5.444,3.870;-5.188,4.299;-4.931,4.728;-4.674,5.157;-4.418,5.586",0,1,PASS_THROUGH,-1,0.764161027244042,0.6450254238769719,-0.0003563617031453961,0.9,inf,6.461303600478848,0.0,0,0,0,DIRECT_LOCAL,PASS_THROUGH,0,BYPASS_VISIBLE,1,9,6.0,23.0,2.0,6.0,23.0,2.0,1,
16,0.566667,0.033333,-5.945797920227051,3.0146994590759277,2.0066323280334473,-1.1652251372630331,0.6824666857719421,0.1833718145396244,-0.019636883891787697,-0.014664745923949252,0.1850023901184737,6.0,23.0,2.0,0.8102032434862274,0.5861489672973361,-0.00030394187451564323,0.9,0.18301689624786377,0.06916069239377975,-0.013314679265022278,1.3784871101379395,direct,SAFE_PROGRESSING,NONE,1,0,"-5.952,3.013;-5.695,3.442;-5.439,3.871;-5.182,4.300;-4.925,4.729;-4.669,5.159;-4.412,5.588",0,1,PASS_THROUGH,-1,0.764161027244042,0.6450254238769719,-0.0003563617031453961,0.9,inf,6.456759695165018,0.0,0,0,0,DIRECT_LOCAL,PASS_THROUGH,0,BYPASS_VISIBLE,1,9,6.0,23.0,2.0,6.0,23.0,2.0,1,
17,0.6,0.033333,-5.9400458335876465,3.016819715499878,2.006173849105835,-1.1414209457839877,0.7449643015861511,0.18344637172766065,-0.011871466333285383,-0.013353184717124485,0.18431443393026772,6.0,23.0,2.0,0.8238234496022114,0.5668464013684639,-0.0002848528300670434,0.9,0.19687983393669128,0.07937125116586685,-0.012331249192357063,1.3786990642547607,direct,SAFE_PROGRESSING,NONE,1,0,"-5.946,3.015;-5.689,3.444;-5.433,3.873;-5.176,4.302;-4.920,4.731;-4.663,5.161;-4.407,5.590",0,1,PASS_THROUGH,-1,0.764161027244042,0.6450254238769719,-0.0003563617031453961,0.9,inf,6.452004805862278,0.0,0,0,0,DIRECT_LOCAL,PASS_THROUGH,0,BYPASS_VISIBLE,1,9,6.0,23.0,2.0,6.0,23.0,2.0,1,
18,0.633333,0.033333,-5.9344329833984375,3.01935076713562,2.0057129859924316,-1.1156349991640448,0.7991713881492615,0.18648301489253255,-0.003602702810667431,-0.011256163298784675,0.18685715272142894,6.0,23.0,2.0,0.8380744292497384,0.5455558456274244,-0.00026521589577673443,0.9,0.20914208889007568,0.09038091450929642,-0.011151406913995743,1.3674288988113403,direct,SAFE_PROGRESSING,NONE,1,0,"-5.940,3.017;-5.684,3.446;-5.427,3.875;-5.171,4.304;-4.914,4.734;-4.658,5.163;-4.401,5.592",1,1,PASS_THROUGH,-1,0.8380744587245961,0.5455558648144803,0.0,0.9,inf,6.4469692500180305,0.0,0,0,0,DIRECT_LOCAL,PASS_THROUGH,0,BYPASS_VISIBLE,1,9,6.0,23.0,2.0,6.0,23.0,2.0,1,
19,0.666667,0.033333,-5.928891181945801,3.0223588943481445,2.00525164604187,-1.0882022776178004,0.842077910900116,0.19295026362170564,0.004979582474921277,-0.008948854049264272,0.1932218477866964,6.0,23.0,2.0,0.8526442941404524,0.5224917677949645,-0.000245471429841069,0.9,0.22166424989700317,0.10090215504169464,-0.009744557552039623,1.3457462787628174,direct,SAFE_PROGRESSING,NONE,1,0,"-5.934,3.019;-5.678,3.449;-5.422,3.878;-5.165,4.307;-4.909,4.736;-4.652,5.166;-4.396,5.595",0,1,PASS_THROUGH,-1,0.8380744292497384,0.5455558456274244,-0.00026521589577673443,0.9,inf,6.441560787171252,0.0,0,0,0,DIRECT_LOCAL,PASS_THROUGH,0,BYPASS_VISIBLE,1,9,6.0,23.0,2.0,6.0,23.0,2.0,1,
20,0.7,0.033333,-5.923354148864746,3.0259127616882324,2.0047874450683594,-1.0595162040494042,0.8726022839546204,0.20253641375125353,0.013896788066012704,-0.0067299922733502415,0.20312413054526535,6.0,23.0,2.0,0.8672108904202027,0.49794098103633394,-0.0002257015127137905,0.9,0.23637153208255768,0.10991117358207703,-0.008120352402329445,1.3150298595428467,direct,SAFE_PROGRESSING,NONE,1,0,"-5.929,3.022;-5.673,3.452;-5.416,3.881;-5.160,4.310;-4.904,4.740;-4.647,5.169;-4.391,5.598",0,1,PASS_THROUGH,-1,0.8380744292497384,0.5455558456274244,-0.00026521589577673443,0.9,inf,6.4356861801325715,0.0,0,0,0,DIRECT_LOCAL,PASS_THROUGH,0,BYPASS_VISIBLE,1,9,6.0,23.0,2.0,6.0,23.0,2.0,1,
21,0.733333,0.033333,-5.917778491973877,3.0300776958465576,2.0043232440948486,-1.029980760704727,0.891019344329834,0.2145891979169715,0.023173432731960836,-0.004689446345893966,0.21588775498916768,6.0,23.0,2.0,0.8814779249327231,0.472225185161927,-0.00020580350841015182,0.9,0.254064679145813,0.11716173589229584,-0.00638231635093689,1.2775787115097046,direct,SAFE_PROGRESSING,NONE,1,0,"-5.923,3.026;-5.667,3.455;-5.411,3.885;-5.155,4.314;-4.898,4.743;-4.642,5.173;-4.386,5.602",0,1,PASS_THROUGH,-1,0.8380744292497384,0.5455558456274244,-0.00026521589577673443,0.9,inf,6.429266760359479,0.0,0,0,0,DIRECT_LOCAL,PASS_THROUGH,0,BYPASS_VISIBLE,1,9,6.0,23.0,2.0,6.0,23.0,2.0,1,
22,0.766667,0.033333,-5.9121413230896,3.034909963607788,2.0038564205169678,-0.9999957411298535,0.898425281047821,0.22854997843879415,0.03269659068205567,-0.002768164835368068,0.23089353049221395,6.0,23.0,2.0,0.8951884158256735,0.4456878567033153,-0.00018589977500269375,0.9,0.27419593930244446,0.12288327515125275,-0.004672390874475241,1.2351205348968506,direct,SAFE_PROGRESSING,NONE,1,0,"-5.918,3.030;-5.662,3.459;-5.405,3.889;-5.149,4.318;-4.893,4.747;-4.637,5.177;-4.380,5.606",0,1,PASS_THROUGH,-1,0.8380744292497384,0.5455558456274244,-0.00026521589577673443,0.9,inf,6.422242109000464,0.0,0,0,0,DIRECT_LOCAL,PASS_THROUGH,0,BYPASS_VISIBLE,1,9,6.0,23.0,2.0,6.0,23.0,2.0,1,
23,0.8,0.033333,-5.906432628631592,3.0404531955718994,2.003382682800293,-0.9699339386727276,0.8962764739990234,0.24417036442491408,0.042193268145875804,-0.0008652175773588722,0.24779061189173673,6.0,23.0,2.0,0.9081375429065708,0.4186719188679752,-0.00016587653328471326,0.9,0.2952134907245636,0.12708212435245514,-0.003125556278973818,1.1871981620788574,direct,SAFE_PROGRESSING,NONE,1,0,"-5.912,3.035;-5.656,3.464;-5.400,3.894;-5.144,4.323;-4.887,4.752;-4.631,5.182;-4.375,5.611",0,1,PASS_THROUGH,-1,0.8380744292497384,0.5455558456274244,-0.00026521589577673443,0.9,inf,6.414569248572281,0.0,0,0,0,DIRECT_LOCAL,PASS_THROUGH,0,BYPASS_VISIBLE,1,9,6.0,23.0,2.0,6.0,23.0,2.0,1,
24,0.833333,0.033333,-5.900638103485107,3.0467417240142822,2.0028953552246094,-0.9401194356307335,0.8859558701515198,0.26146229262698334,0.05129170044504312,0.001013699131619689,0.26644773706344693,6.0,23.0,2.0,0.920179864249202,0.3914958444813679,-0.0001455477273332727,0.9,0.3152152895927429,0.1292795091867447,-0.0018644563388079405,1.131636142730713,direct,SAFE_PROGRESSING,NONE,1,0,"-5.906,3.040;-5.650,3.470;-5.394,3.899;-5.138,4.329;-4.882,4.758;-4.626,5.187;-4.370,5.617",1,1,PASS_THROUGH,-1,0.920179873995812,0.3914958486281196,0.0,0.9,inf,6.406211061947372,0.0,0,0,0,DIRECT_LOCAL,PASS_THROUGH,0,BYPASS_VISIBLE,1,9,6.0,23.0,2.0,6.0,23.0,2.0,1,
25,0.866667,0.033333,-5.894736289978027,3.053800582885742,2.0023841857910156,-0.9108277849176705,0.8684404492378235,0.2804757120606992,0.05959636671868375,0.002667665794325924,0.2867498359595247,6.0,23.0,2.0,0.9312235334653973,0.36444850828207015,-0.00012462421222103295,0.9,0.3328425884246826,0.12882757186889648,-0.000984074897132814,1.0666546821594238,direct,SAFE_PROGRESSING,NONE,1,0,"-5.901,3.047;-5.645,3.476;-5.388,3.906;-5.132,4.335;-4.876,4.764;-4.620,5.194;-4.364,5.623",0,1,PASS_THROUGH,-1,0.920179864249202,0.3914958444813679,-0.0001455477273332727,0.9,inf,6.3971348576477265,0.0,0,0,0,DIRECT_LOCAL,PASS_THROUGH,0,BYPASS_VISIBLE,1,9,6.0,23.0,2.0,6.0,23.0,2.0,1,
26,0.9,0.033333,-5.888697147369385,3.061645746231079,2.001836061477661,-0.8823029435551889,0.8442397713661194,0.3010621018042166,0.06673436556981556,0.0037488600925439965,0.3083924750099647,6.0,23.0,2.0,0.9412180031052733,0.33779973370474353,-0.00010266219370767733,0.9,0.34794896841049194,0.12543630599975586,-0.0005089631304144859,0.9928783178329468,direct,SAFE_PROGRESSING,NONE,1,0,"-5.895,3.054;-5.639,3.483;-5.383,3.913;-5.126,4.342;-4.870,4.772;-4.614,5.201;-4.358,5.630",0,1,PASS_THROUGH,-1,0.920179864249202,0.3914958444813679,-0.0001455477273332727,0.9,inf,6.3873114514532245,0.0,0,0,0,DIRECT_LOCAL,PASS_THROUGH,0,BYPASS_VISIBLE,1,9,6.0,23.0,2.0,6.0,23.0,2.0,1,
27,0.933333,0.033333,-5.88248872756958,3.0702803134918213,2.0012359619140625,-0.8547728404933468,0.8136381506919861,0.32276415064630315,0.07237695528141007,0.0039304433387922465,0.33080291562057934,6.0,23.0,2.0,0.9501441396525105,0.3118110126794549,-7.909363789683413e-05,0.9,0.36153072118759155,0.11944325268268585,-0.00036612385883927345,0.9138352274894714,direct,SAFE_PROGRESSING,NONE,1,0,"-5.889,3.062;-5.633,3.491;-5.377,3.921;-5.120,4.350;-4.864,4.779;-4.608,5.209;-4.352,5.638",0,1,PASS_THROUGH,-1,0.920179864249202,0.3914958444813679,-0.0001455477273332727,0.9,inf,6.3767218424342165,0.0,0,0,0,DIRECT_LOCAL,PASS_THROUGH,0,BYPASS_VISIBLE,1,9,6.0,23.0,2.0,6.0,23.0,2.0,1,
28,0.966667,0.033333,-5.876081943511963,3.07968807220459,2.0005741119384766,-0.8284469672548073,0.7770572900772095,0.34488839463687293,0.07626368042608295,0.0031002490543148263,0.3532333014475417,6.0,23.0,2.0,0.9580114115009913,0.2867300692228009,-5.32669338073856e-05,0.9,0.3749072551727295,0.11159622669219971,-0.0004058564081788063,0.8344060778617859,direct,SAFE_PROGRESSING,NONE,1,0,"-5.882,3.070;-5.626,3.500;-5.370,3.929;-5.114,4.359;-4.858,4.788;-4.602,5.218;-4.346,5.647",0,1,PASS_THROUGH,-1,0.920179864249202,0.3914958444813679,-0.0001455477273332727,0.9,inf,6.365365176041731,0.0,0,0,0,DIRECT_LOCAL,PASS_THROUGH,0,BYPASS_VISIBLE,1,9,6.0,23.0,2.0,6.0,23.0,2.0,1,
29,1.0,0.033333,-5.8694539070129395,3.089832067489624,1.9998464584350586,-0.8034995341649469,0.7353025078773499,0.3667093223587586,0.0782403715033918,0.0014611156620997733,0.3749658887109422,6.0,23.0,2.0,0.9648579817185112,0.26277190584473475,-2.475494089088362e-05,0.9,0.3887676000595093,0.10252872109413147,-0.00045733293518424034,0.758193850517273,direct,SAFE_PROGRESSING,NONE,1,0,"-5.876,3.080;-5.620,3.509;-5.364,3.939;-5.108,4.368;-4.852,4.798;-4.596,5.227;-4.340,5.656",0,1,PASS_THROUGH,-1,0.920179864249202,0.3914958444813679,-0.0001455477273332727,0.9,inf,6.353261661673318,0.0,0,0,0,DIRECT_LOCAL,PASS_THROUGH,0,BYPASS_VISIBLE,1,9,6.0,23.0,2.0,6.0,23.0,2.0,1,
30,1.033333,0.033333,-5.862588405609131,3.1006596088409424,1.999057412147522,-0.7800551589350911,0.689568042755127,0.38768072738894477,0.07829175278109868,-0.0005433674160468284,0.39550757286113597,6.0,23.0,2.0,0.970747627699271,0.24010215174454574,6.623965449221037e-06,0.9,0.4028880000114441,0.09237070381641388,-0.00038685277104377747,0.6860663294792175,direct,SAFE_PROGRESSING,NONE,1,0,"-5.869,3.090;-5.613,3.519;-5.357,3.949;-5.101,4.378;-4.845,4.808;-4.589,5.237;-4.333,5.667",1,1,PASS_THROUGH,-1,0.9707476277205678,0.2401021517498132,0.0,0.9,inf,6.340448488032015,0.0,0,0,0,DIRECT_LOCAL,PASS_THROUGH,0,BYPASS_VISIBLE,1,9,6.0,23.0,2.0,6.0,23.0,2.0,1,
31,1.066667,0.033333,-5.855470657348633,3.112109422683716,1.998218059539795,-0.7581888049367946,0.6412296295166016,0.4075331742960674,0.0765326277512776,-0.0024419010442347996,0.4146643150104122,6.0,23.0,2.0,0.9757619692214906,0.21883458996598054,4.0686854702516136e-05,0.9,0.4166523218154907,0.08079661428928375,-0.0001267809420824051,0.6168820858001709,direct,SAFE_PROGRESSING,NONE,1,0,"-5.863,3.101;-5.607,3.530;-5.351,3.960;-5.095,4.389;-4.838,4.819;-4.582,5.248;-4.326,5.678",0,1,PASS_THROUGH,-1,0.970747627699271,0.24010215174454574,6.623965449221037e-06,0.9,inf,6.326970991167846,0.0,0,0,0,DIRECT_LOCAL,PASS_THROUGH,0,BYPASS_VISIBLE,1,9,6.0,23.0,2.0,6.0,23.0,2.0,1,
32,1.1,0.033333,-5.848090648651123,3.1241185665130615,1.9973435401916504,-0.73794043872833,0.5915734171867371,0.426229058575396,0.07314463740016987,-0.003930700954177625,0.43247751243788607,6.0,23.0,2.0,0.979990527265117,0.19904411708824,7.696233451936667e-05,0.9,0.4297959804534912,0.06747981160879135,0.00033640768378973007,0.5493695735931396,direct,SAFE_PROGRESSING,NONE,1,0,"-5.855,3.112;-5.599,3.542;-5.343,3.971;-5.087,4.401;-4.831,4.830;-4.575,5.260;-4.319,5.689",0,1,PASS_THROUGH,-1,0.970747627699271,0.24010215174454574,6.623965449221037e-06,0.9,inf,6.312878374205123,0.0,0,0,0,DIRECT_LOCAL,PASS_THROUGH,0,BYPASS_VISIBLE,1,9,6.0,23.0,2.0,6.0,23.0,2.0,1,
33,1.133333,0.033333,-5.84043025970459,3.1366281509399414,1.9964498281478882,-0.719329494025494,0.5416131615638733,0.4438449986762902,0.06829068042199077,-0.00491768483415745,0.44909484912051995,6.0,23.0,2.0,0.9835235112460992,0.1807802247106849,0.0001148028690947138,0.9,0.4426099359989166,0.052550166845321655,0.0009941681055352092,0.4833705425262451,direct,SAFE_PROGRESSING,NONE,1,0,"-5.848,3.124;-5.592,3.554;-5.336,3.983;-5.080,4.413;-4.824,4.842;-4.568,5.272;-4.312,5.701",0,1,PASS_THROUGH,-1,0.970747627699271,0.24010215174454574,6.623965449221037e-06,0.9,inf,6.2982122511908205,0.0,0,0,0,DIRECT_LOCAL,PASS_THROUGH,0,BYPASS_VISIBLE,1,9,6.0,23.0,2.0,6.0,23.0,2.0,1,
34,1.166667,0.033333,-5.832469463348389,3.149582862854004,1.99555242061615,-0.702361009059972,0.49205780029296875,0.46047511512222555,0.06206006593453458,-0.005432718371586924,0.4646700957233322,6.0,23.0,2.0,0.9864480966764365,0.1640735475146357,0.00015352328219858416,0.9,0.4555043578147888,0.03665716201066971,0.0018374433275312185,0.4197278618812561,direct,SAFE_PROGRESSING,NONE,1,0,"-5.840,3.137;-5.584,3.566;-5.328,3.996;-5.072,4.425;-4.816,4.855;-4.560,5.284;-4.304,5.714",0,1,PASS_THROUGH,-1,0.970747627699271,0.24010215174454574,6.623965449221037e-06,0.9,inf,6.2830101942596785,0.0,0,0,0,DIRECT_LOCAL,PASS_THROUGH,0,BYPASS_VISIBLE,1,9,6.0,23.0,2.0,6.0,23.0,2.0,1,
35,1.2,0.033333,-5.824181079864502,3.162930488586426,1.9946643114089966,-0.6870233299694966,0.4433903694152832,0.4761957335140712,0.05447915798120763,-0.005521832213465035,0.47933375210007834,6.0,23.0,2.0,0.9888471521843,0.14893378588224587,0.00019245721940561392,0.9,0.46854907274246216,0.02072938159108162,0.002861014800146222,0.3595716953277588,direct,SAFE_PROGRESSING,NONE,1,0,"-5.832,3.150;-5.576,3.579;-5.320,4.009;-5.064,4.438;-4.808,4.868;-4.552,5.297;-4.296,5.727",0,1,PASS_THROUGH,-1,0.970747627699271,0.24010215174454574,6.623965449221037e-06,0.9,inf,6.267303491700068,0.0,0,0,0,DIRECT_LOCAL,PASS_THROUGH,0,BYPASS_VISIBLE,1,9,6.0,23.0,2.0,6.0,23.0,2.0,1,
36,1.233333,0.033333,-5.815539360046387,3.176618814468384,1.9937973022460938,-0.6732835833560191,0.39598554372787476,0.49107022906299286,0.045576780824713635,-0.0052091831137383166,0.49320822013733373,6.0,23.0,2.0,0.9907983842279631,0.13534588442038253,0.00023104484851914085,0.9,0.4814770817756653,0.00565823120996356,0.004058106802403927,0.3037116825580597,direct,SAFE_PROGRESSING,NONE,1,0,"-5.824,3.163;-5.568,3.592;-5.312,4.022;-5.056,4.451;-4.800,4.881;-4.544,5.310;-4.288,5.740",1,1,PASS_THROUGH,-1,0.9907984106732262,0.13534588803288083,0.0,0.9,inf,6.251124169501676,0.0,0,0,0,DIRECT_LOCAL,PASS_THROUGH,0,BYPASS_VISIBLE,1,9,6.0,23.0,2.0,6.0,23.0,2.0,1,
37,1.266667,0.033333,-5.806511402130127,3.190598487854004,1.9929615259170532,-0.6610857673759778,0.35019710659980774,0.5051571553994657,0.03546292197588729,-0.0045197130011180135,0.5064205745148593,6.0,23.0,2.0,0.9923733361491051,0.12326836357975934,0.00026877623314504236,0.9,0.494097501039505,-0.007835326716303825,0.005409687757492065,0.25268158316612244,direct,SAFE_PROGRESSING,NONE,1,0,"-5.816,3.177;-5.560,3.606;-5.304,4.036;-5.048,4.465;-4.792,4.895;-4.536,5.324;-4.280,5.754",0,1,PASS_THROUGH,-1,0.9907983842279631,0.13534588442038253,0.00023104484851914085,0.9,inf,6.234498189335769,0.0,0,0,0,DIRECT_LOCAL,PASS_THROUGH,0,BYPASS_VISIBLE,1,9,6.0,23.0,2.0,6.0,23.0,2.0,1,
38,1.3,0.033333,-5.7970685958862305,3.2048234939575195,1.9921648502349854,-0.650353839039248,0.3063882291316986,0.5185117633754216,0.02438088381312314,-0.0035014041681354358,0.5190964612529609,6.0,23.0,2.0,0.9936361424907343,0.1126371305638953,0.00030521216420407505,0.9,0.5066068172454834,-0.019190799444913864,0.0068758511915802956,0.20708411931991577,direct,SAFE_PROGRESSING,NONE,1,0,"-5.807,3.191;-5.551,3.620;-5.295,4.050;-5.039,4.479;-4.783,4.909;-4.527,5.338;-4.271,5.768",0,1,PASS_THROUGH,-1,0.9907983842279631,0.13534588442038253,0.00023104484851914085,0.9,inf,6.217450839518156,0.0,0,0,0,DIRECT_LOCAL,PASS_THROUGH,0,BYPASS_VISIBLE,1,9,6.0,23.0,2.0,6.0,23.0,2.0,1,
39,1.333333,0.033333,-5.7871856689453125,3.2192561626434326,1.9914133548736572,-0.6409979328286425,0.2649296224117279,0.5311946907122627,0.01271313892098937,-0.002209920252369657,0.5313513969960394,6.0,23.0,2.0,0.9946427343129691,0.10337173439343517,0.00034001016673678504,0.9,0.519555926322937,-0.028050806373357773,0.008397283032536507,0.16758988797664642,direct,SAFE_PROGRESSING,NONE,1,0,"-5.797,3.205;-5.541,3.634;-5.285,4.064;-5.029,4.493;-4.773,4.923;-4.517,5.352;-4.261,5.782",0,1,PASS_THROUGH,-1,0.9907983842279631,0.13534588442038253,0.00023104484851914085,0.9,inf,6.200001945450795,0.0,0,0,0,DIRECT_LOCAL,PASS_THROUGH,0,BYPASS_VISIBLE,1,9,6.0,23.0,2.0,6.0,23.0,2.0,1,
40,1.366667,0.033333,-5.776849269866943,3.233867645263672,1.9907106161117554,-0.6329208258697019,0.22619852423667908,0.5432986162428748,0.0009437829166144042,-0.0006717465553457043,0.5432998512617602,6.0,23.0,2.0,0.9954406537242506,0.09538220932392949,0.00037290417419462034,0.9,0.5335096120834351,-0.03447275608778,0.0099045280367136,0.1343611776828766,direct,SAFE_PROGRESSING,NONE,1,0,"-5.787,3.219;-5.531,3.649;-5.275,4.078;-5.019,4.508;-4.763,4.937;-4.507,5.367;-4.251,5.796",0,1,PASS_THROUGH,-1,0.9907983842279631,0.13534588442038253,0.00023104484851914085,0.9,inf,6.182169806562687,0.0,0,0,0,DIRECT_LOCAL,PASS_THROUGH,0,BYPASS_VISIBLE,1,9,6.0,23.0,2.0,6.0,23.0,2.0,1,
41,1.4,0.033333,-5.766058921813965,3.248640775680542,1.990058422088623,-0.6260201200534771,0.1905663162469864,0.5549812573420119,-0.010410700424269516,0.0011292442836367718,0.5550800427658127,6.0,23.0,2.0,0.9960697530708569,0.08857134985274306,0.0004037358358477275,0.9,0.5486575961112976,-0.03916865587234497,0.01133048813790083,0.10640600323677063,direct,SAFE_PROGRESSING,NONE,1,0,"-5.777,3.234;-5.521,3.663;-5.265,4.093;-5.009,4.522;-4.753,4.952;-4.497,5.382;-4.241,5.811",0,1,PASS_THROUGH,-1,0.9907983842279631,0.13534588442038253,0.00023104484851914085,0.9,inf,6.163969207033291,0.0,0,0,0,DIRECT_LOCAL,PASS_THROUGH,0,BYPASS_VISIBLE,1,9,6.0,23.0,2.0,6.0,23.0,2.0,1,
42,1.433333,0.033333,-5.754823684692383,3.263575315475464,1.9894561767578125,-0.6201923838897292,0.15833333134651184,0.5664761570702511,-0.020896043218215317,0.0032188236004386667,0.5668705689808107,6.0,23.0,2.0,0.99656284204717,0.08283909017173724,0.000432423849974866,0.9,0.5646607875823975,-0.04348592460155487,0.01262849010527134,0.08157112449407578,direct,SAFE_PROGRESSING,NONE,1,0,"-5.766,3.249;-5.510,3.678;-5.254,4.108;-4.998,4.537;-4.742,4.967;-4.487,5.396;-4.231,5.826",1,1,PASS_THROUGH,-1,0.9965629352210184,0.08283909791679495,0.0,0.9,inf,6.145405188293291,0.0,0,0,0,DIRECT_LOCAL,PASS_THROUGH,0,BYPASS_VISIBLE,1,9,6.0,23.0,2.0,6.0,23.0,2.0,1,
43,1.466667,0.033333,-5.74315881729126,3.2786831855773926,1.988901138305664,-0.6153354178697635,0.12960392236709595,0.5780596301775027,-0.030223658120318853,0.005576249875719402,0.5788760662817228,6.0,23.0,2.0,0.9969465952538141,0.07808505324119203,0.00045899035686821954,0.9,0.5808373093605042,-0.048877567052841187,0.013791082426905632,0.057592809200286865,direct,SAFE_PROGRESSING,NONE,1,0,"-5.755,3.264;-5.499,3.693;-5.243,4.123;-4.987,4.552;-4.731,4.982;-4.476,5.411;-4.220,5.841",0,1,PASS_THROUGH,-1,0.99656284204717,0.08283909017173724,0.000432423849974866,0.9,inf,6.1264754559740995,0.0,0,0,0,DIRECT_LOCAL,PASS_THROUGH,0,BYPASS_VISIBLE,1,9,6.0,23.0,2.0,6.0,23.0,2.0,1,
44,1.5,0.033333,-5.731083393096924,3.2939870357513428,1.988389253616333,-0.6113578933706454,0.10418602079153061,0.5899805992828712,-0.03835664819219569,0.00809771856776365,0.591281585233904,6.0,23.0,2.0,0.9972418782953645,0.07421861190013695,0.00048355098007873596,0.9,0.5964605808258057,-0.056148920208215714,0.014858092181384563,0.0334419384598732,direct,SAFE_PROGRESSING,NONE,1,0,"-5.743,3.279;-5.487,3.708;-5.232,4.138;-4.976,4.567;-4.720,4.997;-4.464,5.427;-4.208,5.856",0,1,PASS_THROUGH,-1,0.99656284204717,0.08283909017173724,0.000432423849974866,0.9,inf,6.107170386779795,0.0,0,0,0,DIRECT_LOCAL,PASS_THROUGH,0,BYPASS_VISIBLE,1,9,6.0,23.0,2.0,6.0,23.0,2.0,1,
45,1.533333,0.033333,-5.718608856201172,3.309513568878174,1.9879146814346313,-0.6081857829904241,0.08162596821784973,0.6023828284150708,-0.04553113256538621,0.010600211456677474,0.6041941082838806,6.0,23.0,2.0,0.9974643860009688,0.07116559801904732,0.0005062788774775481,0.9,0.6108092069625854,-0.0651664063334465,0.015912029892206192,0.009612883441150188,direct,SAFE_PROGRESSING,NONE,1,0,"-5.731,3.294;-5.475,3.724;-5.220,4.153;-4.964,4.583;-4.708,5.013;-4.452,5.442;-4.197,5.872",0,1,PASS_THROUGH,-1,0.99656284204717,0.08283909017173724,0.000432423849974866,0.9,inf,6.08747300284703,0.0,0,0,0,DIRECT_LOCAL,PASS_THROUGH,0,BYPASS_VISIBLE,1,9,6.0,23.0,2.0,6.0,23.0,2.0,1,
46,1.566667,0.033333,-5.705735683441162,3.3252835273742676,1.987472653388977,-0.6057638416944087,0.061378881335258484,0.6152508016153165,-0.05218813472228471,0.012850408023397347,0.6175939469266589,6.0,23.0,2.0,0.997625469823807,0.06887048555658348,0.000527425851526625,0.9,0.6231684684753418,-0.07519093155860901,0.017059821635484695,-0.01272503286600113,direct,SAFE_PROGRESSING,NONE,1,0,"-5.719,3.310;-5.463,3.739;-5.207,4.169;-4.951,4.599;-4.696,5.028;-4.440,5.458;-4.184,5.888",0,1,PASS_THROUGH,-1,0.99656284204717,0.08283909017173724,0.000432423849974866,0.9,inf,6.067365944841664,0.0,0,0,0,DIRECT_LOCAL,PASS_THROUGH,0,BYPASS_VISIBLE,1,9,6.0,23.0,2.0,6.0,23.0,2.0,1,
47,1.6,0.033333,-5.692454814910889,3.3413052558898926,1.9870604276657104,-0.6040431620240716,0.042991820722818375,0.6283913146601998,-0.05883145506009013,0.014605529007609695,0.6313082495282742,6.0,23.0,2.0,0.9977336861486925,0.06728441200541452,0.0005471976133593427,0.9,0.6330258846282959,-0.0853128731250763,0.018398446962237358,-0.03248196840286255,direct,SAFE_PROGRESSING,NONE,1,0,"-5.706,3.325;-5.450,3.755;-5.194,4.185;-4.939,4.614;-4.683,5.044;-4.427,5.474;-4.172,5.903",0,1,PASS_THROUGH,-1,0.99656284204717,0.08283909017173724,0.000432423849974866,0.9,inf,6.046837779817769,0.0,0,0,0,DIRECT_LOCAL,PASS_THROUGH,0,BYPASS_VISIBLE,1,9,6.0,23.0,2.0,6.0,23.0,2.0,1,
48,1.633333,0.033333,-5.678751468658447,3.3575711250305176,1.986678123474121,-0.6029656475620958,0.026196565479040146,0.6414536655476372,-0.06586827349887,0.015669606059965056,0.6450170315986209,6.0,23.0,2.0,0.9977962616871399,0.06634983144945394,0.0005657117619486191,0.9,0.6403859853744507,-0.09468482434749603,0.019977841526269913,-0.04882232844829559,direct,SAFE_PROGRESSING,NONE,1,0,"-5.692,3.341;-5.437,3.771;-5.181,4.201;-4.926,4.631;-4.670,5.060;-4.414,5.490;-4.159,5.920",1,1,PASS_THROUGH,-1,0.997796421349446,0.06634984206641792,0.0,0.9,inf,6.02588804702619,0.0,0,0,0,DIRECT_LOCAL,PASS_THROUGH,0,BYPASS_VISIBLE,1,9,6.0,23.0,2.0,6.0,23.0,2.0,1,
49,1.666667,0.033333,-5.664608001708984,3.374056339263916,1.9863293170928955,-0.6024567168506346,0.010906166397035122,0.6539893201229455,-0.0734920103900218,0.015965310690154735,0.6582993221715124,6.0,23.0,2.0,0.9978199018590626,0.0659932088229177,0.0005829607410435725,0.9,0.6458388566970825,-0.10262180864810944,0.021784551441669464,-0.06113529950380325,direct,SAFE_PROGRESSING,NONE,1,0,"-5.679,3.358;-5.423,3.787;-5.168,4.217;-4.912,4.647;-4.657,5.077;-4.401,5.506;-4.146,5.936",0,1,PASS_THROUGH,-1,0.9977962616871399,0.06634983144945394,0.0005657117619486191,0.9,inf,6.004529766139814,0.0,0,0,0,DIRECT_LOCAL,PASS_THROUGH,0,BYPASS_VISIBLE,1,9,6.0,23.0,2.0,6.0,23.0,2.0,1,
50,1.7,0.033333,-5.650014877319336,3.390721559524536,1.9860210418701172,-0.6024297509752634,-0.002833858598023653,0.6655484275632964,-0.08163942591283682,0.015595771249363663,0.6707182220397895,6.0,23.0,2.0,0.9978108751108072,0.06612941075694334,0.0005987850571737727,0.9,0.6503790616989136,-0.10873500257730484,0.023749852553009987,-0.0691891759634018,direct,SAFE_PROGRESSING,NONE,1,0,"-5.665,3.374;-5.409,3.804;-5.154,4.234;-4.898,4.664;-4.643,5.093;-4.387,5.523;-4.132,5.953",0,1,PASS_THROUGH,-1,0.9977962616871399,0.06634983144945394,0.0005657117619486191,0.9,inf,5.98279271036641,0.0,0,0,0,DIRECT_LOCAL,PASS_THROUGH,0,BYPASS_VISIBLE,1,9,6.0,23.0,2.0,6.0,23.0,2.0,1,
51,1.733333,0.033333,-5.6349778175354,3.4075210094451904,1.9857630729675293,-0.6028005392888511,-0.014900910668075085,0.6757932325162492,-0.09002733610310015,0.014858991260440116,0.6819253654043524,6.0,23.0,2.0,0.9977745125875854,0.06667568085895098,0.0006128724190426632,0.9,0.6551109552383423,-0.11306572705507278,0.025769157335162163,-0.07335767149925232,direct,SAFE_PROGRESSING,NONE,1,0,"-5.650,3.391;-5.395,3.821;-5.139,4.250;-4.884,4.680;-4.628,5.110;-4.373,5.540;-4.118,5.970",0,1,PASS_THROUGH,-1,0.9977962616871399,0.06634983144945394,0.0005657117619486191,0.9,inf,5.960719986173603,0.0,0,0,0,DIRECT_LOCAL,PASS_THROUGH,0,BYPASS_VISIBLE,1,9,6.0,23.0,2.0,6.0,23.0,2.0,1,
52,1.766667,0.033333,-5.619515895843506,3.424410104751587,1.985565423965454,-0.6034975127000801,-0.02515048161149025,0.6845935546483871,-0.0982496280331386,0.014193871963446753,0.6917534173938565,6.0,23.0,2.0,0.9977149210627922,0.06756142337243376,0.0006247884098225694,0.9,0.6609728932380676,-0.1160898357629776,0.027725977823138237,-0.07465900480747223,direct,SAFE_PROGRESSING,NONE,1,0,"-5.635,3.408;-5.380,3.837;-5.124,4.267;-4.869,4.697;-4.614,5.127;-4.358,5.557;-4.103,5.987",0,1,PASS_THROUGH,-1,0.9977962616871399,0.06634983144945394,0.0005657117619486191,0.9,inf,5.938360449958143,0.0,0,0,0,DIRECT_LOCAL,PASS_THROUGH,0,BYPASS_VISIBLE,1,9,6.0,23.0,2.0,6.0,23.0,2.0,1,
53,1.8,0.033333,-5.603662014007568,3.4413528442382812,1.985437035560608,-0.6044638254242954,-0.033480290323495865,0.6920706957033664,-0.1059026755142019,0.01406932865074094,0.700267927682748,6.0,23.0,2.0,0.9976350828056458,0.0687301934400239,0.0006340860109881508,0.9,0.6685269474983215,-0.11858034878969193,0.02951814793050289,-0.07455500960350037,direct,SAFE_PROGRESSING,NONE,1,0,"-5.620,3.424;-5.364,3.854;-5.109,4.284;-4.854,4.714;-4.599,5.144;-4.343,5.574;-4.088,6.004",0,1,PASS_THROUGH,-1,0.9977962616871399,0.06634983144945394,0.0005657117619486191,0.9,inf,5.915762503572967,0.0,0,0,0,DIRECT_LOCAL,PASS_THROUGH,0,BYPASS_VISIBLE,1,9,6.0,23.0,2.0,6.0,23.0,2.0,1,
54,1.833333,0.033333,-5.587453842163086,3.458327054977417,1.9853843450546265,-0.6056516938865686,-0.03990256413817406,0.6985730346387155,-0.11270147190171946,0.014853520630491704,0.7077616361235458,6.0,23.0,2.0,0.9975373828280235,0.07013387052915271,0.0006403633479614119,0.9,0.6778188943862915,-0.12136699259281158,0.031082846224308014,-0.07456497848033905,direct,SAFE_PROGRESSING,NONE,1,0,"-5.604,3.441;-5.349,3.871;-5.093,4.301;-4.838,4.731;-4.583,5.161;-4.328,5.591;-4.073,6.021",1,1,PASS_THROUGH,-1,0.9975375873557782,0.07013388490888756,0.0,0.9,inf,5.892964963576406,0.0,0,0,0,DIRECT_LOCAL,PASS_THROUGH,0,BYPASS_VISIBLE,1,9,6.0,23.0,2.0,6.0,23.0,2.0,1,
55,1.866667,0.033333,-5.570928573608398,3.475327253341675,1.9854099750518799,-0.6070164073540988,-0.04459933191537857,0.7045891917820357,-0.11855311930916215,0.016704304463858524,0.714688607060177,6.0,23.0,2.0,0.9974241006180924,0.07172691012700894,0.0006433271497088118,0.9,0.6884128451347351,-0.12511371076107025,0.03241102769970894,-0.07588207721710205,direct,SAFE_PROGRESSING,NONE,1,0,"-5.587,3.458;-5.332,3.888;-5.077,4.318;-4.822,4.749;-4.567,5.179;-4.312,5.609;-4.057,6.039",0,1,PASS_THROUGH,-1,0.9975373828280235,0.07013387052915271,0.0006403633479614119,0.9,inf,5.8699919133854035,0.0,0,0,0,DIRECT_LOCAL,PASS_THROUGH,0,BYPASS_VISIBLE,1,9,6.0,23.0,2.0,6.0,23.0,2.0,1,
56,1.9,0.033333,-5.554112911224365,3.4923627376556396,1.9855127334594727,-0.6085171129243144,-0.04792817309498787,0.7106273879156783,-0.12357117649632933,0.01951909272703045,0.7215553444452014,6.0,23.0,2.0,0.997297421972666,0.07346726392717096,0.0006428512501133426,0.9,0.6995587944984436,-0.13015170395374298,0.03354623168706894,-0.07906976342201233,direct,SAFE_PROGRESSING,NONE,1,0,"-5.571,3.475;-5.316,3.905;-5.061,4.336;-4.806,4.766;-4.551,5.196;-4.296,5.626;-4.041,6.056",0,1,PASS_THROUGH,-1,0.9975373828280235,0.07013387052915271,0.0006403633479614119,0.9,inf,5.846849334143384,0.0,0,0,0,DIRECT_LOCAL,PASS_THROUGH,0,BYPASS_VISIBLE,1,9,6.0,23.0,2.0,6.0,23.0,2.0,1,
57,1.933333,0.033333,-5.537019729614258,3.509451389312744,1.9856876134872437,-0.6101232166766097,-0.05036267638206482,0.7170962731053657,-0.12803283212977745,0.022961582678015256,0.7287981238202087,6.0,23.0,2.0,0.9971589689022005,0.0753231866398133,0.0006389775616065859,0.9,0.7104480266571045,-0.13642790913581848,0.034569066017866135,-0.08398857712745667,direct,SAFE_PROGRESSING,NONE,1,0,"-5.554,3.492;-5.299,3.923;-5.045,4.353;-4.790,4.783;-4.535,5.213;-4.280,5.643;-4.025,6.074",0,1,PASS_THROUGH,-1,0.9975373828280235,0.07013387052915271,0.0006403633479614119,0.9,inf,5.823528827348609,0.0,0,0,0,DIRECT_LOCAL,PASS_THROUGH,0,BYPASS_VISIBLE,1,9,6.0,23.0,2.0,6.0,23.0,2.0,1,
58,1.966667,0.033333,-5.519645690917969,3.526613712310791,1.9859273433685303,-0.6118201387487469,-0.05238654091954231,0.7242197488784233,-0.1322986445021907,0.026557973553090433,0.7366834475959743,6.0,23.0,2.0,0.9970092878841563,0.07727923753399513,0.0006319168392409577,0.9,0.7204678058624268,-0.14356133341789246,0.03557121008634567,-0.08994544297456741,direct,SAFE_PROGRESSING,NONE,1,0,"-5.537,3.509;-5.282,3.940;-5.028,4.370;-4.773,4.800;-4.518,5.231;-4.264,5.661;-4.009,6.091",0,1,PASS_THROUGH,-1,0.9975373828280235,0.07013387052915271,0.0006403633479614119,0.9,inf,5.800011642142204,0.0,0,0,0,DIRECT_LOCAL,PASS_THROUGH,0,BYPASS_VISIBLE,1,9,6.0,23.0,2.0,6.0,23.0,2.0,1,
59,2.0,0.033333,-5.501976490020752,3.5438668727874756,1.9862239360809326,-0.6136063015208941,-0.05438700318336487,0.7320056805455747,-0.13671852214493183,0.029831618174117138,0.7452611596557079,6.0,23.0,2.0,0.9968479371155179,0.07933349486975144,0.000621980938169575,0.9,0.7293341159820557,-0.15097147226333618,0.0366290919482708,-0.09595172107219696,direct,SAFE_PROGRESSING,NONE,1,0,"-5.520,3.527;-5.265,3.957;-5.011,4.387;-4.756,4.818;-4.501,5.248;-4.247,5.678;-3.992,6.109",0,1,PASS_THROUGH,-1,0.9975373828280235,0.07013387052915271,0.0006403633479614119,0.9,inf,5.776276511316832,0.0,0,0,0,DIRECT_LOCAL,PASS_THROUGH,0,BYPASS_VISIBLE,1,9,6.0,23.0,2.0,6.0,23.0,2.0,1,
60,2.033333,0.033333,-5.483990669250488,3.5612170696258545,1.9865704774856567,-0.6154850223035669,-0.05658739060163498,0.7402741332280931,-0.14154774779231935,0.03243113005281992,0.7543827512796044,6.0,23.0,2.0,0.9966740217396002,0.08148940349167627,0.000609514545915151,0.9,0.7371348142623901,-0.15807968378067017,0.03778368607163429,-0.10107487440109253,direct,SAFE_PROGRESSING,NONE,1,0,"-5.502,3.544;-5.248,3.974;-4.993,4.405;-4.739,4.835;-4.484,5.266;-4.230,5.696;-3.975,6.126",1,1,PASS_THROUGH,-1,0.996674206875829,0.08148941862866244,0.0,0.9,inf,5.752308230705941,0.0,0,0,0,DIRECT_LOCAL,PASS_THROUGH,0,BYPASS_VISIBLE,1,9,6.0,23.0,2.0,6.0,23.0,2.0,1,
61,2.066667,0.033333,-5.465667247772217,3.578660488128662,1.9869619607925415,-0.6174562303251819,-0.05903584882616997,0.7487315067752561,-0.1468924809565149,0.034215603075196804,0.7637715481040813,6.0,23.0,2.0,0.9964868262569285,0.08374754498134246,0.0005948159310031149,0.9,0.7442649602890015,-0.16448087990283966,0.039031073451042175,-0.10469141602516174,direct,SAFE_PROGRESSING,NONE,1,0,"-5.484,3.561;-5.230,3.992;-4.975,4.422;-4.721,4.853;-4.467,5.283;-4.212,5.714;-3.958,6.144",0,1,PASS_THROUGH,-1,0.9966740217396002,0.08148940349167627,0.000609514545915151,0.9,inf,5.7281006556606515,0.0,0,0,0,DIRECT_LOCAL,PASS_THROUGH,0,BYPASS_VISIBLE,1,9,6.0,23.0,2.0,6.0,23.0,2.0,1,
62,2.1,0.033333,-5.446990489959717,3.5961859226226807,1.9873948097229004,-0.6195133201850144,-0.06164006143808365,0.757071530487367,-0.1526995517266736,0.03527606446542137,0.7731227949660906,6.0,23.0,2.0,0.996286142473411,0.08610219576901901,0.0005780996486215231,0.9,0.7512971758842468,-0.17005544900894165,0.040327202528715134,-0.10663656890392303,direct,SAFE_PROGRESSING,NONE,1,0,"-5.466,3.579;-5.211,4.009;-4.957,4.440;-4.703,4.870;-4.449,5.301;-4.195,5.731;-3.941,6.162",0,1,PASS_THROUGH,-1,0.9966740217396002,0.08148940349167627,0.000609514545915151,0.9,inf,5.703656794888499,0.0,0,0,0,DIRECT_LOCAL,PASS_THROUGH,0,BYPASS_VISIBLE,1,9,6.0,23.0,2.0,6.0,23.0,2.0,1,
63,2.133333,0.033333,-5.42795467376709,3.6137750148773193,1.987868309020996,-0.6216458727935733,-0.06422676146030426,0.7650703694299418,-0.158790343121182,0.03589210339663896,0.7821990068610707,6.0,23.0,2.0,0.9960721267701595,0.08854380391626787,0.0005595172996986502,0.9,0.7588204145431519,-0.1749984174966812,0.041602976620197296,-0.10723443329334259,direct,SAFE_PROGRESSING,NONE,1,0,"-5.447,3.596;-5.193,4.027;-4.939,4.457;-4.685,4.888;-4.431,5.319;-4.177,5.749;-3.923,6.180",0,1,PASS_THROUGH,-1,0.9966740217396002,0.08148940349167627,0.000609514545915151,0.9,inf,5.6789909448669516,0.0,0,0,0,DIRECT_LOCAL,PASS_THROUGH,0,BYPASS_VISIBLE,1,9,6.0,23.0,2.0,6.0,23.0,2.0,1,
64,2.166667,0.033333,-5.408560276031494,3.6314117908477783,1.988382339477539,-0.6238434769003083,-0.06660987436771393,0.7726515307021379,-0.16493018520409508,0.036441064597220754,0.7908984164080698,6.0,23.0,2.0,0.9958450231404627,0.09106261178133429,0.0005390936218016942,0.9,0.767274022102356,-0.17975479364395142,0.042785558849573135,-0.10719335079193115,direct,SAFE_PROGRESSING,NONE,1,0,"-5.428,3.614;-5.174,4.045;-4.920,4.475;-4.666,4.906;-4.412,5.337;-4.158,5.767;-3.904,6.198",0,1,PASS_THROUGH,-1,0.9966740217396002,0.08148940349167627,0.000609514545915151,0.9,inf,5.6541184822818416,0.0,0,0,0,DIRECT_LOCAL,PASS_THROUGH,0,BYPASS_VISIBLE,1,9,6.0,23.0,2.0,6.0,23.0,2.0,1,
65,2.2,0.033333,-5.3888163566589355,3.6490848064422607,1.988936424255371,-0.6260983151994904,-0.06865569949150085,0.779902167154858,-0.17091051584307482,0.0372862522823561,0.7992797128464186,6.0,23.0,2.0,0.9956049381600554,0.09365116123850042,0.0005168268497664767,0.9,0.7768100500106812,-0.18487003445625305,0.04382077604532242,-0.10736989974975586,direct,SAFE_PROGRESSING,NONE,1,0,"-5.409,3.631;-5.155,4.062;-4.901,4.493;-4.647,4.924;-4.394,5.355;-4.140,5.786;-3.886,6.216",0,1,PASS_THROUGH,-1,0.9966740217396002,0.08148940349167627,0.000609514545915151,0.9,inf,5.629055116612923,0.0,0,0,0,DIRECT_LOCAL,PASS_THROUGH,0,BYPASS_VISIBLE,1,9,6.0,23.0,2.0,6.0,23.0,2.0,1,
66,2.233333,0.033333,-5.368733882904053,3.666790008544922,1.9895291328430176,-0.6284043893662711,-0.07033023238182068,0.7870406032400964,-0.17661736501076622,0.03867341732562574,0.8075408583963557,6.0,23.0,2.0,0.9953519057747189,0.09630337941486927,0.000492731073348038,0.9,0.7872626781463623,-0.19083507359027863,0.04468892514705658,-0.10851549357175827,direct,SAFE_PROGRESSING,NONE,1,0,"-5.389,3.649;-5.135,4.080;-4.882,4.511;-4.628,4.942;-4.374,5.373;-4.121,5.804;-3.867,6.235",1,1,PASS_THROUGH,-1,0.9953520266024549,0.09630339110532693,0.0,0.9,inf,5.603811078372171,0.0,0,0,0,DIRECT_LOCAL,PASS_THROUGH,0,BYPASS_VISIBLE,1,9,6.0,23.0,2.0,6.0,23.0,2.0,1,
67,2.266667,0.033333,-5.3483147621154785,3.6845321655273438,1.990157127380371,-0.6307590198947222,-0.07171377539634705,0.7943463263110856,-0.18206806815450643,0.04066459356144968,0.8159586244013538,6.0,23.0,2.0,0.9950857061485144,0.09901625855290119,0.000466863039402524,0.9,0.7982170581817627,-0.1979445070028305,0.0454103909432888,-0.11104182153940201,direct,SAFE_PROGRESSING,NONE,1,0,"-5.369,3.667;-5.115,4.098;-4.862,4.529;-4.608,4.960;-4.355,5.391;-4.101,5.822;-3.848,6.253",0,1,PASS_THROUGH,-1,0.9953519057747189,0.09630337941486927,0.000492731073348038,0.9,inf,5.578384508717877,0.0,0,0,0,DIRECT_LOCAL,PASS_THROUGH,0,BYPASS_VISIBLE,1,9,6.0,23.0,2.0,6.0,23.0,2.0,1,
68,2.3,0.033333,-5.327558517456055,3.702321767807007,1.9908151626586914,-0.6331635943982359,-0.07297488301992416,0.8020776112398191,-0.18740522690859202,0.04312752833166225,0.8248085821721508,6.0,23.0,2.0,0.9948057110013058,0.10179098347846699,0.000439365079198793,0.9,0.8091720938682556,-0.20622843503952026,0.046038247644901276,-0.11492334306240082,direct,SAFE_PROGRESSING,NONE,1,0,"-5.348,3.685;-5.095,4.116;-4.842,4.547;-4.588,4.978;-4.335,5.409;-4.082,5.840;-3.829,6.271",0,1,PASS_THROUGH,-1,0.9953519057747189,0.09630337941486927,0.000492731073348038,0.9,inf,5.552767426969334,0.0,0,0,0,DIRECT_LOCAL,PASS_THROUGH,0,BYPASS_VISIBLE,1,9,6.0,23.0,2.0,6.0,23.0,2.0,1,
69,2.333333,0.033333,-5.30645227432251,3.72016978263855,1.9914969205856323,-0.6356255828940598,-0.07431305199861526,0.8104014972813173,-0.1928569850823034,0.04578407491226591,0.8342904680064424,6.0,23.0,2.0,0.9945106341990003,0.10463474558308827,0.0004104654242720869,0.9,0.8197071552276611,-0.21547165513038635,0.04664086550474167,-0.11975935846567154,direct,SAFE_PROGRESSING,NONE,1,0,"-5.328,3.702;-5.074,4.134;-4.821,4.565;-4.568,4.996;-4.315,5.427;-4.062,5.858;-3.809,6.290",0,1,PASS_THROUGH,-1,0.9953519057747189,0.09630337941486927,0.000492731073348038,0.9,inf,5.526945490634335,0.0,0,0,0,DIRECT_LOCAL,PASS_THROUGH,0,BYPASS_VISIBLE,1,9,6.0,23.0,2.0,6.0,23.0,2.0,1,
70,2.366667,0.033333,-5.284974098205566,3.7380850315093994,1.992194652557373,-0.6381561970138293,-0.07589483261108398,0.8193546656559626,-0.19867378407791397,0.04830082053116196,0.8444799049569002,6.0,23.0,2.0,0.9941986403485281,0.10755890848050165,0.0003804413506259426,0.9,0.829603374004364,-0.22529423236846924,0.0472799651324749,-0.12492725253105164,direct,SAFE_PROGRESSING,NONE,1,0,"-5.306,3.720;-5.054,4.151;-4.801,4.583;-4.548,5.014;-4.295,5.445;-4.042,5.877;-3.789,6.308",0,1,PASS_THROUGH,-1,0.9953519057747189,0.09630337941486927,0.000492731073348038,0.9,inf,5.500901989113174,0.0,0,0,0,DIRECT_LOCAL,PASS_THROUGH,0,BYPASS_VISIBLE,1,9,6.0,23.0,2.0,6.0,23.0,2.0,1,
71,2.4,0.033333,-5.263098239898682,3.7560694217681885,1.992902159690857,-0.6407666946640092,-0.07780855894088745,0.8288455138887386,-0.2050644400321146,0.050390806341678654,0.8553218948576825,6.0,23.0,2.0,0.9938676920824667,0.11057526120141536,0.00034963539554295483,0.9,0.8388856053352356,-0.23529158532619476,0.04799167811870575,-0.1298021376132965,direct,SAFE_PROGRESSING,NONE,1,0,"-5.285,3.738;-5.032,4.169;-4.779,4.601;-4.527,5.032;-4.274,5.464;-4.021,5.895;-3.768,6.327",0,1,PASS_THROUGH,-1,0.9953519057747189,0.09630337941486927,0.000492731073348038,0.9,inf,5.474624627591725,0.0,0,0,0,DIRECT_LOCAL,PASS_THROUGH,0,BYPASS_VISIBLE,1,9,6.0,23.0,2.0,6.0,23.0,2.0,1,
72,2.433333,0.033333,-5.2407965660095215,3.7741174697875977,1.9936137199401855,-0.643463346332826,-0.08005141466856003,0.8386928915631544,-0.2121469267295176,0.05189482989918562,0.8666632323166882,6.0,23.0,2.0,0.9935161160481751,0.11369092234499717,0.0003183219958504399,0.9,0.8477985262870789,-0.24516679346561432,0.04877563938498497,-0.1339377462863922,direct,SAFE_PROGRESSING,NONE,1,0,"-5.263,3.756;-5.011,4.188;-4.758,4.619;-4.505,5.051;-4.253,5.482;-4.000,5.914;-3.748,6.345",1,1,PASS_THROUGH,-1,0.993516166384123,0.1136909281050853,0.0,0.9,inf,5.448106702895525,0.0,0,0,0,DIRECT_LOCAL,PASS_THROUGH,0,BYPASS_VISIBLE,1,9,6.0,23.0,2.0,6.0,23.0,2.0,1,
73,2.466667,0.033333,-5.218043327331543,3.7922163009643555,1.9943253993988037,-0.6462458832839014,-0.08254605531692505,0.8486880551529593,-0.21992803090745738,0.05282043074193815,0.8783107375194202,6.0,23.0,2.0,0.9931428531391064,0.11690676212312762,0.0002867552994216586,0.9,0.8567526936531067,-0.2548394501209259,0.04959350824356079,-0.1371973603963852,direct,SAFE_PROGRESSING,NONE,1,0,"-5.241,3.774;-4.988,4.206;-4.736,4.637;-4.484,5.069;-4.231,5.501;-3.979,5.932;-3.727,6.364",0,1,PASS_THROUGH,-1,0.9935161160481751,0.11369092234499717,0.0003183219958504399,0.9,inf,5.4213494450724,0.0,0,0,0,DIRECT_LOCAL,PASS_THROUGH,0,BYPASS_VISIBLE,1,9,6.0,23.0,2.0,6.0,23.0,2.0,1,
74,2.5,0.033333,-5.194819927215576,3.810350179672241,1.995033860206604,-0.649109564837181,-0.08517740666866302,0.858663429688841,-0.2283170576688788,0.05333354667891915,0.8900988886123439,6.0,23.0,2.0,0.9927473288939308,0.12021928253316005,0.0002551101293954934,0.9,0.8661988973617554,-0.2644624710083008,0.05037920922040939,-0.13975916802883148,direct,SAFE_PROGRESSING,NONE,1,0,"-5.218,3.792;-4.966,4.224;-4.714,4.656;-4.462,5.087;-4.209,5.519;-3.957,5.951;-3.705,6.383",0,1,PASS_THROUGH,-1,0.9935161160481751,0.11369092234499717,0.0003183219958504399,0.9,inf,5.3943603285843675,0.0,0,0,0,DIRECT_LOCAL,PASS_THROUGH,0,BYPASS_VISIBLE,1,9,6.0,23.0,2.0,6.0,23.0,2.0,1,
75,2.533333,0.033333,-5.171111583709717,3.8285017013549805,1.9957365989685059,-0.6520494307588491,-0.08783436566591263,0.8685442634718501,-0.23716966291380467,0.0537061072170299,0.901943974185156,6.0,23.0,2.0,0.992329037318751,0.12362455955849333,0.00022353525331634188,0.9,0.8765102028846741,-0.27437183260917664,0.05105682089924812,-0.14203794300556183,direct,SAFE_PROGRESSING,NONE,1,0,"-5.195,3.810;-4.943,4.242;-4.691,4.674;-4.439,5.106;-4.187,5.538;-3.935,5.970;-3.683,6.402",0,1,PASS_THROUGH,-1,0.9935161160481751,0.11369092234499717,0.0003183219958504399,0.9,inf,5.367150420967448,0.0,0,0,0,DIRECT_LOCAL,PASS_THROUGH,0,BYPASS_VISIBLE,1,9,6.0,23.0,2.0,6.0,23.0,2.0,1,
76,2.566667,0.033333,-5.146908760070801,3.846656084060669,1.996430516242981,-0.6550641374868,-0.09044613689184189,0.8783723854996781,-0.2463473606356386,0.0542355939461158,0.9138744822738123,6.0,23.0,2.0,0.9918870510843767,0.12712214981022885,0.00019214256390289385,0.9,0.8878863453865051,-0.2850150465965271,0.051558539271354675,-0.14459794759750366,direct,SAFE_PROGRESSING,NONE,1,0,"-5.171,3.829;-4.919,4.261;-4.668,4.693;-4.416,5.125;-4.164,5.557;-3.912,5.989;-3.661,6.421",0,1,PASS_THROUGH,-1,0.9935161160481751,0.11369092234499717,0.0003183219958504399,0.9,inf,5.339731265401056,0.0,0,0,0,DIRECT_LOCAL,PASS_THROUGH,0,BYPASS_VISIBLE,1,9,6.0,23.0,2.0,6.0,23.0,2.0,1,
77,2.6,0.033333,-5.122202396392822,3.864804267883301,1.9971109628677368,-0.6581561197856105,-0.09300681948661804,0.8882949613839264,-0.25577173188405766,0.05516014916979983,0.9260290272488632,6.0,23.0,2.0,0.9914199610907835,0.13071509020282873,0.0001610714613042884,0.9,0.9002999067306519,-0.2968311011791229,0.05184127017855644,-0.14798584580421448,local_avoidance,SAFE_PROGRESSING,NONE,1,0,"-5.147,3.847;-4.895,4.279;-4.644,4.711;-4.392,5.143;-4.141,5.575;-3.889,6.007;-3.638,6.440",0,1,PASS_THROUGH,-1,0.9935161160481751,0.11369092234499717,0.0003183219958504399,0.9,inf,5.312109865967469,0.0,0,0,1,DIRECT_LOCAL,PASS_THROUGH,0,BYPASS_VISIBLE,1,9,6.0,23.0,2.0,6.0,23.0,2.0,1,
78,2.633333,0.033333,-5.096977233886719,3.882941722869873,1.997771143913269,-0.66133318581673,-0.09558180719614029,0.8985240302818334,-0.2654594335576562,0.05659200949683425,0.9386249514036745,6.0,23.0,2.0,0.9909255821707492,0.13441158268883302,0.00013053216135805855,0.9,0.9135303497314453,-0.31015241146087646,0.051895830780267715,-0.15259717404842377,local_avoidance,SAFE_PROGRESSING,NONE,1,0,"-5.122,3.865;-4.871,4.297;-4.620,4.729;-4.368,5.162;-4.117,5.594;-3.866,6.026;-3.615,6.458",1,1,PASS_THROUGH,-1,0.9909255906127638,0.1344115838339286,0.0,0.9,inf,5.284286612163093,0.0,0,0,1,DIRECT_LOCAL,PASS_THROUGH,0,BYPASS_VISIBLE,1,9,6.0,23.0,2.0,6.0,23.0,2.0,1,
79,2.666667,0.033333,-5.071215629577637,3.901068925857544,1.9984017610549927,-0.6646080852858778,-0.09829253703355789,0.9092807416596094,-0.2755280770350786,0.058490537139628734,0.95190773256791,6.0,23.0,2.0,0.9904008705322397,0.13822483670334457,0.00010083310752693427,0.9,0.9272849559783936,-0.32509440183639526,0.05174733325839043,-0.15851035714149475,local_avoidance,SAFE_PROGRESSING,NONE,1,0,"-5.097,3.883;-4.846,4.315;-4.595,4.748;-4.344,5.180;-4.093,5.613;-3.842,6.045;-3.591,6.478",0,1,PASS_THROUGH,-1,0.9909255821707492,0.13441158268883302,0.00013053216135805855,0.9,inf,5.256256686298431,0.0,0,0,1,DIRECT_LOCAL,PASS_THROUGH,0,BYPASS_VISIBLE,1,9,6.0,23.0,2.0,6.0,23.0,2.0,1,
80,2.7,0.033333,-5.044888973236084,3.919184923171997,1.9989912509918213,-0.667998628355165,-0.10128225386142731,0.9207412313203782,-0.2861736739934041,0.06068280223353094,0.9660963664289205,6.0,23.0,2.0,0.9898418202870088,0.14217301280293232,7.23977784915501e-05,0.9,0.9412411451339722,-0.34151071310043335,0.05145356431603432,-0.16547507047653198,local_avoidance,SAFE_PROGRESSING,NONE,1,0,"-5.071,3.901;-4.820,4.334;-4.570,4.766;-4.319,5.199;-4.068,5.631;-3.817,6.064;-3.567,6.497",0,1,PASS_THROUGH,-1,0.9909255821707492,0.13441158268883302,0.00013053216135805855,0.9,inf,5.228011830091535,0.0,0,0,1,DIRECT_LOCAL,PASS_THROUGH,0,BYPASS_VISIBLE,1,9,6.0,23.0,2.0,6.0,23.0,2.0,1,
81,2.733333,0.033333,-5.017959117889404,3.937288761138916,1.9995266199111938,-0.6715248401321268,-0.10466933995485306,0.9330007269300334,-0.2976258785090598,0.0629155798957501,0.9813408634128504,6.0,23.0,2.0,0.9892436890393135,0.14627686625849068,4.5754626827996703e-05,0.9,0.9551599621772766,-0.3590776324272156,0.05108864977955818,-0.17307430505752563,local_avoidance,SAFE_PROGRESSING,NONE,1,0,"-5.045,3.919;-4.794,4.352;-4.544,4.785;-4.293,5.217;-4.043,5.650;-3.792,6.083;-3.542,6.516",0,1,PASS_THROUGH,-1,0.9909255821707492,0.13441158268883302,0.00013053216135805855,0.9,inf,5.199539896432922,0.0,0,0,1,DIRECT_LOCAL,PASS_THROUGH,0,BYPASS_VISIBLE,1,9,6.0,23.0,2.0,6.0,23.0,2.0,1,
82,2.766667,0.033333,-4.990381717681885,3.9553732872009277,1.9999938011169434,-0.6752045630021183,-0.10851284116506577,0.9460618565955693,-0.31009302526499943,0.06492191848609292,0.9977001434915052,6.0,23.0,2.0,0.9886015888622964,0.15055529893264052,2.1499906545213025e-05,0.9,0.9688411951065063,-0.3774021863937378,0.05072770267724991,-0.1809176504611969,local_avoidance,SAFE_PROGRESSING,NONE,1,0,"-5.018,3.937;-4.768,4.370;-4.518,4.803;-4.267,5.236;-4.017,5.669;-3.767,6.102;-3.517,6.535",0,1,PASS_THROUGH,-1,0.9909255821707492,0.13441158268883302,0.00013053216135805855,0.9,inf,5.170832047838,0.0,0,0,1,DIRECT_LOCAL,PASS_THROUGH,0,BYPASS_VISIBLE,1,9,6.0,23.0,2.0,6.0,23.0,2.0,1,
83,2.8,0.033333,-4.962111949920654,3.973426103591919,2.000379800796509,-0.6790497187104925,-0.1128007248044014,0.9598454195456491,-0.3237149046147438,0.06647616277907425,1.0151421817215192,6.0,23.0,2.0,0.987911069015663,0.1550216749885331,2.8191706053651385e-07,0.9,0.9820132851600647,-0.3960207402706146,0.05044941231608391,-0.18860305845737457,local_avoidance,SAFE_PROGRESSING,NONE,1,0,"-4.990,3.955;-4.740,4.388;-4.491,4.821;-4.241,5.255;-3.991,5.688;-3.741,6.121;-3.491,6.554",0,1,PASS_THROUGH,-1,0.9909255821707492,0.13441158268883302,0.00013053216135805855,0.9,inf,5.141884683328554,0.0,0,0,1,DIRECT_LOCAL,PASS_THROUGH,0,BYPASS_VISIBLE,1,9,6.0,23.0,2.0,6.0,23.0,2.0,1,
84,2.833333,0.033333,-4.933103561401367,3.991429090499878,2.000673532485962,-0.683062543652976,-0.11744528263807297,0.9742125845005842,-0.33853005321347757,0.06741545470733291,1.0335558041351345,6.0,23.0,2.0,0.9871688498666544,0.15967987209973072,-1.729625142301319e-05,0.9,0.9946480989456177,-0.4145659804344177,0.05030892416834831,-0.19587403535842896,local_avoidance,SAFE_PROGRESSING,NONE,1,0,"-4.962,3.973;-4.713,4.407;-4.463,4.840;-4.213,5.273;-3.964,5.706;-3.714,6.140;-3.464,6.573",1,1,PASS_THROUGH,-1,0.9871688500143153,0.15967987212361567,0.0,0.9,inf,5.112699547301207,0.0,0,0,1,DIRECT_LOCAL,PASS_THROUGH,0,BYPASS_VISIBLE,1,9,6.0,23.0,2.0,6.0,23.0,2.0,1,
85,2.866667,0.033333,-4.903313636779785,4.009359836578369,2.000866174697876,-0.6872374764563066,-0.12231242656707764,0.9889908862133695,-0.35446803752326517,0.06766991374838698,1.0527724254868263,6.0,23.0,2.0,0.9863727094225652,0.16452622029020003,-3.071495539448894e-05,0.9,1.0070682764053345,-0.43285393714904785,0.05031237006187439,-0.20272114872932434,local_avoidance,SAFE_PROGRESSING,NONE,1,0,"-4.933,3.991;-4.684,4.425;-4.435,4.858;-4.185,5.292;-3.936,5.725;-3.687,6.159;-3.437,6.592",0,1,PASS_THROUGH,-1,0.9871688498666544,0.15967987209973072,-1.729625142301319e-05,0.9,inf,5.083284732560638,0.0,0,0,1,DIRECT_LOCAL,PASS_THROUGH,0,BYPASS_VISIBLE,1,9,6.0,23.0,2.0,6.0,23.0,2.0,1,
86,2.9,0.033333,-4.872708797454834,4.027192115783691,2.0009520053863525,-0.6915642381330804,-0.12728330492973328,1.0040106111026852,-0.3713649509571467,0.06730098636095812,1.0726036811289383,6.0,23.0,2.0,0.9855211818222518,0.16955234771329653,-3.955479274275934e-05,0.9,1.019439935684204,-0.450743168592453,0.05044358968734741,-0.20919933915138245,local_avoidance,SAFE_PROGRESSING,NONE,1,0,"-4.903,4.009;-4.618,4.420;-4.332,4.830;-4.046,5.240;-3.760,5.650;-3.474,6.061;-3.189,6.471",0,1,PASS_THROUGH,-1,0.9871688498666544,0.15967987209973072,-1.729625142301319e-05,0.9,4.985970801029485,5.053657087931736,0.0,0,0,1,DIRECT_LOCAL,PASS_THROUGH,0,BYPASS_VISIBLE,1,9,6.0,23.0,2.0,6.0,23.0,2.0,1,
87,2.933333,0.033333,-4.8412628173828125,4.0449018478393555,2.0009284019470215,-0.6960336186335077,-0.13226917386054993,1.0191419726181399,-0.3890008190793707,0.06646837810352936,1.0928815319530882,6.0,23.0,2.0,0.9846127208660722,0.1747506452445357,-4.353536921836629e-05,0.9,1.0316531658172607,-0.4681239724159241,0.05068562179803848,-0.21537980437278748,local_avoidance,SAFE_PROGRESSING,NONE,1,0,"-4.873,4.027;-4.587,4.438;-4.302,4.848;-4.016,5.259;-3.731,5.669;-3.445,6.080;-3.160,6.490",0,1,PASS_THROUGH,-1,0.9871688498666544,0.15967987209973072,-1.729625142301319e-05,0.9,4.955419853161558,5.023835790560913,0.0,0,0,1,DIRECT_LOCAL,PASS_THROUGH,0,BYPASS_VISIBLE,1,9,6.0,23.0,2.0,6.0,23.0,2.0,1,
88,2.966667,0.033333,-4.808957099914551,4.062464714050293,2.000795364379883,-0.7006393569811202,-0.13718537986278534,1.0343086537393706,-0.40713688844833545,0.06533663425114725,1.113473714512745,6.0,23.0,2.0,0.9836453625342944,0.18011607079088204,-4.251623872318918e-05,0.9,1.0435562133789062,-0.48496291041374207,0.05102105438709259,-0.2213645875453949,local_avoidance,SAFE_PROGRESSING,NONE,1,0,"-4.841,4.045;-4.556,4.456;-4.271,4.866;-3.986,5.277;-3.701,5.688;-3.416,6.099;-3.131,6.509",0,1,PASS_THROUGH,-1,0.9871688498666544,0.15967987209973072,-1.729625142301319e-05,0.9,4.924632774282219,4.993844647350995,0.0,0,0,1,DIRECT_LOCAL,PASS_THROUGH,0,BYPASS_VISIBLE,1,9,6.0,23.0,2.0,6.0,23.0,2.0,1,
89,3.0,0.033333,-4.77578067779541,4.079862117767334,2.0005548000335693,-0.7053781294298156,-0.14194804430007935,1.0494734142922215,-0.4255493269006584,0.06401216229960198,1.1342769652311764,6.0,23.0,2.0,0.9826166611044271,0.1856461580251193,-3.647601706840586e-05,0.9,1.055317997932434,-0.501204788684845,0.05142254754900932,-0.22703634202480316,local_avoidance,SAFE_PROGRESSING,NONE,1,0,"-4.809,4.062;-4.489,4.447;-4.170,4.832;-3.850,5.216;-3.531,5.601;-3.211,5.986;-2.892,6.370",0,1,PASS_THROUGH,-1,0.9871688498666544,0.15967987209973072,-1.729625142301319e-05,0.9,4.893632334728581,4.963706673053282,0.0,0,0,1,DIRECT_LOCAL,PASS_THROUGH,0,BYPASS_VISIBLE,1,9,6.0,23.0,2.0,6.0,23.0,2.0,1,
90,3.033333,0.033333,-4.741727828979492,4.097075939178467,2.000211000442505,-0.7102472257818264,-0.14650148153305054,1.0646146133926215,-0.4440450143524349,0.06256190202901728,1.1552031169477788,6.0,23.0,2.0,0.9815240929148694,0.19133858570186757,-2.5480415676053697e-05,0.9,1.067007064819336,-0.5166028141975403,0.051894769072532654,-0.2319258451461792,local_avoidance,SAFE_PROGRESSING,NONE,1,0,"-4.776,4.080;-4.457,4.465;-4.138,4.850;-3.818,5.235;-3.499,5.619;-3.180,6.004;-2.861,6.389",1,1,PASS_THROUGH,-1,0.9815240932334977,0.191338585763981,0.0,0.9,4.824361289704318,4.9334476689483004,0.0,0,0,1,DIRECT_LOCAL,PASS_THROUGH,0,BYPASS_VISIBLE,1,9,6.0,23.0,2.0,6.0,23.0,2.0,1,
91,3.066667,0.033333,-4.706799507141113,4.114093780517578,1.999769687652588,-0.7152429189540784,-0.1507960855960846,1.0797152276616246,-0.4624628356492124,0.06101280892910338,1.1761715053743325,6.0,23.0,2.0,0.9803653343807899,0.1971897843455852,-9.704834888621835e-06,0.9,1.0782634019851685,-0.5309589505195618,0.052472684532403946,-0.23576335608959198,local_avoidance,SAFE_PROGRESSING,NONE,1,0,"-4.742,4.097;-4.423,4.482;-4.104,4.868;-3.785,5.253;-3.467,5.638;-3.148,6.023;-2.829,6.408",0,1,PASS_THROUGH,-1,0.9815240929148694,0.19133858570186757,-2.5480415676053697e-05,0.9,4.792404434400896,4.903092036206999,0.0,0,0,1,DIRECT_LOCAL,PASS_THROUGH,0,BYPASS_VISIBLE,1,9,6.0,23.0,2.0,6.0,23.0,2.0,1,
92,3.1,0.033333,-4.670999526977539,4.130904674530029,1.999238133430481,-0.7203573324927137,-0.1547321081161499,1.0947458145517395,-0.4806561774024842,0.059309742767114905,1.1970866321786493,6.0,23.0,2.0,0.9791389752187725,0.20319170035950657,1.060870829809144e-05,0.9,1.0890154838562012,-0.5441642999649048,0.05317188799381256,-0.2383650243282318,local_avoidance,SAFE_PROGRESSING,NONE,1,0,"-4.707,4.114;-4.388,4.500;-4.070,4.885;-3.752,5.271;-3.433,5.656;-3.115,6.042;-2.797,6.427",0,1,PASS_THROUGH,-1,0.9815240929148694,0.19133858570186757,-2.5480415676053697e-05,0.9,4.7602756404659985,4.872664901149682,0.0,0,0,1,DIRECT_LOCAL,PASS_THROUGH,0,BYPASS_VISIBLE,1,9,6.0,23.0,2.0,6.0,23.0,2.0,1,
93,3.133333,0.033333,-4.634337425231934,4.147500038146973,1.998626708984375,-0.7255766227460787,-0.15818005800247192,1.1096487319514452,-0.49847835515820793,0.05736251282887264,1.2178224159378597,6.0,23.0,2.0,0.9778449920611822,0.20933028989054042,3.5145537697139224e-05,0.9,1.09926176071167,-0.5558741092681885,0.05404497683048248,-0.2390114665031433,local_avoidance,SAFE_PROGRESSING,NONE,1,0,"-4.671,4.131;-4.353,4.517;-4.035,4.903;-3.717,5.289;-3.399,5.674;-3.081,6.060;-2.763,6.446",0,1,PASS_THROUGH,-1,0.9815240929148694,0.19133858570186757,-2.5480415676053697e-05,0.9,4.728000116808218,4.842192397281822,0.0,0,0,1,DIRECT_LOCAL,PASS_THROUGH,0,BYPASS_VISIBLE,1,9,6.0,23.0,2.0,6.0,23.0,2.0,1,
94,3.166667,0.033333,-4.59682559967041,4.163874626159668,1.9979476928710938,-0.7308808359167505,-0.1609913855791092,1.1243346180526832,-0.5157693684370965,0.05508660192987955,1.2382168261180493,6.0,23.0,2.0,0.9764850122632951,0.2155852889223721,6.344611756509586e-05,0.9,1.1091601848602295,-0.566362738609314,0.05504608526825905,-0.2382667362689972,local_avoidance,SAFE_PROGRESSING,NONE,1,0,"-4.634,4.148;-4.317,4.534;-3.999,4.920;-3.682,5.306;-3.364,5.692;-3.047,6.079;-2.729,6.465",0,1,PASS_THROUGH,-1,0.9815240929148694,0.19133858570186757,-2.5480415676053697e-05,0.9,4.695604690486556,4.811699478215004,0.0,0,0,1,DIRECT_LOCAL,PASS_THROUGH,0,BYPASS_VISIBLE,1,9,6.0,23.0,2.0,6.0,23.0,2.0,1,
95,3.2,0.033333,-4.558487415313721,4.180022716522217,1.997214436531067,-0.7362449588476526,-0.16304190456867218,1.1386971656707827,-0.5323559265274191,0.052482009646485694,1.2580891975341315,6.0,23.0,2.0,0.9750622819553076,0.22193137968907206,9.496006056187223e-05,0.9,1.1188859939575195,-0.5756304860115051,0.05613267421722412,-0.2361014038324356,local_avoidance,SAFE_PROGRESSING,NONE,1,0,"-4.597,4.164;-4.280,4.550;-3.963,4.937;-3.646,5.324;-3.328,5.710;-3.011,6.097;-2.694,6.483",0,1,PASS_THROUGH,-1,0.9815240929148694,0.19133858570186757,-2.5480415676053697e-05,0.9,4.6631154656598515,4.781216615071719,0.0,0,0,1,DIRECT_LOCAL,PASS_THROUGH,0,BYPASS_VISIBLE,1,9,6.0,23.0,2.0,6.0,23.0,2.0,1,
96,3.233333,0.033333,-4.519351482391357,4.195944309234619,1.9964427947998047,-0.7416436844160921,-0.16425840556621552,1.1526382039608183,-0.548072013900573,0.049662790075846584,1.277272153602813,6.0,23.0,2.0,0.9735808235168468,0.2283426447634737,0.00012908400506914333,0.9,1.1285223960876465,-0.5837283134460449,0.057270780205726624,-0.23259824514389038,local_avoidance,SAFE_PROGRESSING,NONE,1,0,"-4.558,4.180;-4.242,4.567;-3.925,4.954;-3.609,5.341;-3.292,5.728;-2.975,6.115;-2.659,6.502",1,1,PASS_THROUGH,-1,0.9735808316280801,0.228342646665874,0.0,0.9,3.3938327622680746,4.750771541963113,0.0,0,0,1,DIRECT_LOCAL,PASS_THROUGH,0,BYPASS_VISIBLE,1,9,6.0,23.0,2.0,6.0,23.0,2.0,1,
97,3.266667,0.033333,-4.4794511795043945,4.211641311645508,1.9956492185592651,-0.7470521896337852,-0.16460229456424713,1.1660900786663857,-0.5627774591851075,0.046825210513955176,1.2956377350442905,6.0,23.0,2.0,0.972045276346118,0.2347934272438606,0.0001650947639731247,0.9,1.1383665800094604,-0.5905405282974243,0.05844943970441818,-0.22737210988998413,local_avoidance,SAFE_PROGRESSING,NONE,1,0,"-4.519,4.196;-4.203,4.583;-3.887,4.971;-3.571,5.358;-3.255,5.745;-2.938,6.133;-2.622,6.520",0,1,PASS_THROUGH,-1,0.9735808235168468,0.2283426447634737,0.00012908400506914333,0.9,3.3681820673085077,4.720392335474622,0.0,0,0,1,DIRECT_LOCAL,PASS_THROUGH,0,BYPASS_VISIBLE,1,9,6.0,23.0,2.0,6.0,23.0,2.0,1,
98,3.3,0.033333,-4.4388251304626465,4.227118492126465,1.994850993156433,-0.7524460495192374,-0.16405078768730164,1.1790290292728516,-0.5763677923796202,0.044186676548063096,1.3131114752164048,6.0,23.0,2.0,0.9704609021088282,0.24125836063921519,0.0002022369842374399,0.9,1.1480748653411865,-0.5962373614311218,0.05967103689908981,-0.22072362899780273,local_avoidance,SAFE_PROGRESSING,NONE,1,0,"-4.479,4.212;-4.164,4.599;-3.848,4.987;-3.532,5.375;-3.217,5.763;-2.901,6.150;-2.585,6.538",0,1,PASS_THROUGH,-1,0.9735808235168468,0.2283426447634737,0.00012908400506914333,0.9,3.3428963869109465,4.690106530776337,0.0,0,0,1,DIRECT_LOCAL,PASS_THROUGH,0,BYPASS_VISIBLE,1,9,6.0,23.0,2.0,6.0,23.0,2.0,1,
99,3.333333,0.033333,-4.3975138664245605,4.24238395690918,1.9940663576126099,-0.7577990884876618,-0.1625688672065735,1.1914673711636536,-0.5887728708086766,0.041882507539586264,1.329662413692183,6.0,23.0,2.0,0.9688341298216754,0.24771025701605598,0.0002397117360062149,0.9,1.1577187776565552,-0.6008956432342529,0.06093428283929825,-0.21254324913024902,local_avoidance,SAFE_PROGRESSING,NONE,1,0,"-4.439,4.227;-4.124,4.615;-3.808,5.003;-3.493,5.392;-3.178,5.780;-2.863,6.168;-2.548,6.556",0,1,PASS_THROUGH,-1,0.9735808235168468,0.2283426447634737,0.00012908400506914333,0.9,4.532854073543857,4.659939152745268,0.0,0,0,1,DIRECT_LOCAL,PASS_THROUGH,0,BYPASS_VISIBLE,1,9,6.0,23.0,2.0,6.0,23.0,2.0,1,
100,3.366667,0.033333,-4.355559349060059,4.257451057434082,1.9933116436004639,-0.7630830755662273,-0.16012415289878845,1.203430929671201,-0.5999560189547091,0.03995287655280942,1.3452841556764574,6.0,23.0,2.0,0.9671726679330899,0.25411995957927985,0.0002766705880260943,0.9,1.1675214767456055,-0.6049666404724121,0.062146417796611786,-0.20377272367477417,local_avoidance,SAFE_PROGRESSING,NONE,1,0,"-4.398,4.242;-4.083,4.631;-3.768,5.020;-3.454,5.408;-3.139,5.797;-2.824,6.185;-2.510,6.574",0,1,PASS_THROUGH,-1,0.9735808235168468,0.2283426447634737,0.00012908400506914333,0.9,4.5003665830729584,4.629910607440378,0.0,0,0,1,DIRECT_LOCAL,PASS_THROUGH,0,BYPASS_VISIBLE,1,9,6.0,23.0,2.0,6.0,23.0,2.0,1,
101,3.4,0.033333,-4.313002109527588,4.272335052490234,1.992601990699768,-0.7682692906071129,-0.15674851834774017,1.214948555910537,-0.6099164504876212,0.03842365417268277,1.3599906055868547,6.0,23.0,2.0,0.9654851657817696,0.26045786049485087,0.00031234883376033383,0.9,1.1777273416519165,-0.608609139919281,0.06322665512561798,-0.19477149844169617,local_avoidance,SAFE_PROGRESSING,NONE,1,0,"-4.356,4.257;-4.041,4.646;-3.727,5.035;-3.413,5.424;-3.099,5.813;-2.785,6.202;-2.471,6.591",0,1,PASS_THROUGH,-1,0.9735808235168468,0.2283426447634737,0.00012908400506914333,0.9,4.467965461078055,4.600038522106428,0.0,0,0,1,DIRECT_LOCAL,PASS_THROUGH,0,BYPASS_VISIBLE,1,9,6.0,23.0,2.0,6.0,23.0,2.0,1,
102,3.433333,0.033333,-4.26988410949707,4.287055492401123,1.9919487237930298,-0.7733317335499317,-0.15255418419837952,1.2260587510743015,-0.6186952005834928,0.03734989666261827,1.3738263453186623,6.0,23.0,2.0,0.9637803106483507,0.2666971935884629,0.0003460326670231419,0.9,1.1884870529174805,-0.6119943857192993,0.06409250944852829,-0.18613988161087036,local_avoidance,SAFE_PROGRESSING,NONE,1,0,"-4.313,4.272;-3.999,4.662;-3.686,5.051;-3.372,5.441;-3.059,5.830;-2.745,6.220;-2.432,6.609",1,1,PASS_THROUGH,-1,0.9637803683492117,0.26669720955543935,0.0,0.9,4.435673084962149,4.570336528738115,0.0,0,0,1,DIRECT_LOCAL,PASS_THROUGH,0,BYPASS_VISIBLE,1,9,6.0,23.0,2.0,6.0,23.0,2.0,1,
103,3.466667,0.033333,-4.2262444496154785,4.301631450653076,1.9913597106933594,-0.7782486337926104,-0.14771880209445953,1.2368233363123204,-0.6263707865118441,0.03680257258528213,1.386876619166644,6.0,23.0,2.0,0.9620663527993953,0.2728153048211676,0.00037718245259838113,0.9,1.1997697353363037,-0.6150872111320496,0.06471472978591919,-0.1781618744134903,local_avoidance,SAFE_PROGRESSING,NONE,1,0,"-4.270,4.287;-3.957,4.677;-3.644,5.067;-3.331,5.457;-3.018,5.847;-2.705,6.237;-2.392,6.626",0,1,PASS_THROUGH,-1,0.9637803106483507,0.2666971935884629,0.0003460326670231419,0.9,4.403508165566117,4.540816978947327,0.0,0,0,1,DIRECT_LOCAL,PASS_THROUGH,0,BYPASS_VISIBLE,1,9,6.0,23.0,2.0,6.0,23.0,2.0,1,
104,3.5,0.033333,-4.18211555480957,4.31608247756958,1.9908387660980225,-0.783004205158155,-0.14245770871639252,1.2473286593166268,-0.6330454723395481,0.03679472585106153,1.3992602353574797,6.0,23.0,2.0,0.9603503847706718,0.2787955776328696,0.0004054172876047108,0.9,1.2108123302459717,-0.6178119778633118,0.06515589356422424,-0.17108598351478577,local_avoidance,SAFE_PROGRESSING,NONE,1,0,"-4.226,4.302;-3.914,4.692;-3.601,5.082;-3.289,5.473;-2.976,5.863;-2.664,6.253;-2.352,6.644",0,1,PASS_THROUGH,-1,0.9637803106483507,0.2666971935884629,0.0003460326670231419,0.9,4.32613945871357,4.511488721689888,0.0,0,0,1,DIRECT_LOCAL,PASS_THROUGH,0,BYPASS_VISIBLE,1,9,6.0,23.0,2.0,6.0,23.0,2.0,1,
105,3.533333,0.033333,-4.137528896331787,4.330431938171387,1.9903881549835205,-0.7875875275511497,-0.13697867095470428,1.2576578373275094,-0.638821678599819,0.03716110367970618,1.4110908264414068,6.0,23.0,2.0,0.958638411727611,0.2846264397274955,0.0004305443226556694,0.9,1.220793604850769,-0.6199841499328613,0.0655871331691742,-0.16443751752376556,local_avoidance,SAFE_PROGRESSING,NONE,1,0,"-4.182,4.316;-3.870,4.707;-3.558,5.098;-3.247,5.489;-2.935,5.879;-2.623,6.270;-2.311,6.661",0,1,PASS_THROUGH,-1,0.9637803106483507,0.2666971935884629,0.0003460326670231419,0.9,4.293249828036577,4.482356124328909,0.0,0,0,1,DIRECT_LOCAL,PASS_THROUGH,0,BYPASS_VISIBLE,1,9,6.0,23.0,2.0,6.0,23.0,2.0,1,
106,3.566667,0.033333,-4.09251070022583,4.344699382781982,1.9900110960006714,-0.7919928317871013,-0.13143746554851532,1.267833448922481,-0.6437808167292215,0.03756894852368485,1.422415839369202,6.0,23.0,2.0,0.956935187745074,0.29030129478033345,0.00045244244033729305,0.9,1.2297316789627075,-0.6212466955184937,0.06623844802379608,-0.15675994753837585,local_avoidance,SAFE_PROGRESSING,NONE,1,0,"-4.138,4.330;-3.826,4.722;-3.515,5.113;-3.204,5.504;-2.892,5.896;-2.581,6.287;-2.270,6.678",0,1,PASS_THROUGH,-1,0.9637803106483507,0.2666971935884629,0.0003460326670231419,0.9,4.260500617700775,4.453424704893513,0.0,0,0,1,DIRECT_LOCAL,PASS_THROUGH,0,BYPASS_VISIBLE,1,9,6.0,23.0,2.0,6.0,23.0,2.0,1,
107,3.6,0.033333,-4.047086715698242,4.3589043617248535,1.989714503288269,-0.7962170108148634,-0.1258847713470459,1.2777803708136068,-0.6479638408161005,0.03771187804555208,1.433178984212172,6.0,23.0,2.0,0.9552446890285051,0.29581643344127023,0.00047094471125367965,0.9,1.2380870580673218,-0.6213865280151367,0.0672847181558609,-0.14687737822532654,local_avoidance,SAFE_PROGRESSING,NONE,1,0,"-4.093,4.345;-3.782,4.736;-3.471,5.128;-3.161,5.520;-2.850,5.912;-2.539,6.304;-2.229,6.695",0,1,PASS_THROUGH,-1,0.9637803106483507,0.2666971935884629,0.0003460326670231419,0.9,4.227902372080806,4.424699317993557,0.0,0,0,1,DIRECT_LOCAL,PASS_THROUGH,0,BYPASS_VISIBLE,1,9,6.0,23.0,2.0,6.0,23.0,2.0,1,
108,3.633333,0.033333,-4.001283645629883,4.37306547164917,1.9895095825195312,-0.8002554658266744,-0.12022929638624191,1.2873511832297413,-0.6513631462179137,0.03748680055173767,1.4432436653003262,6.0,23.0,2.0,0.9535713591965085,0.3011667760682048,0.0004857085618993166,0.9,1.2463507652282715,-0.6205080151557922,0.06871137022972107,-0.1344841718673706,local_avoidance,SAFE_PROGRESSING,NONE,1,0,"-4.047,4.359;-3.737,4.751;-3.427,5.143;-3.117,5.536;-2.807,5.928;-2.497,6.320;-2.187,6.712",1,1,PASS_THROUGH,-1,0.9535714716763766,0.3011668115927609,0.0,0.9,4.195465028133108,4.396185499284811,0.0,0,0,1,DIRECT_LOCAL,PASS_THROUGH,0,BYPASS_VISIBLE,1,9,6.0,23.0,2.0,6.0,23.0,2.0,1,
109,3.666667,0.033333,-3.955134391784668,4.387196063995361,1.9894102811813354,-0.8040995149059688,-0.11426307260990143,1.2963939822241388,-0.6539348925025296,0.03708220618565717,1.4524611150715365,6.0,23.0,2.0,0.951920946229869,0.30634337911593146,0.0004961861175945668,0.9,1.2556838989257812,-0.6184765696525574,0.07037736475467682,-0.11900180578231812,local_avoidance,SAFE_PROGRESSING,NONE,1,0,"-4.001,4.373;-3.692,4.766;-3.382,5.159;-3.073,5.551;-2.764,5.944;-2.454,6.337;-2.145,6.730",0,1,PASS_THROUGH,-1,0.9535713591965085,0.3011667760682048,0.0004857085618993166,0.9,4.163199351328183,4.367895143543189,0.0,0,0,1,DIRECT_LOCAL,PASS_THROUGH,0,BYPASS_VISIBLE,1,9,6.0,23.0,2.0,6.0,23.0,2.0,1,
110,3.7,0.033333,-3.9086754322052,4.401311874389648,1.9894299507141113,-0.8077338353279634,-0.1077023297548294,1.3048389434472927,-0.655623217420137,0.03687545117672979,1.4607553766652603,6.0,23.0,2.0,0.9503014303997779,0.31133091668106927,0.0005016957858521923,0.9,1.2648671865463257,-0.6164673566818237,0.0719243511557579,-0.10420357435941696,local_avoidance,SAFE_PROGRESSING,NONE,1,0,"-3.955,4.387;-3.646,4.780;-3.338,5.174;-3.029,5.567;-2.720,5.960;-2.411,6.353;-2.102,6.747",0,1,PASS_THROUGH,-1,0.9535713591965085,0.3011667760682048,0.0004857085618993166,0.9,4.131122941145527,4.339838224193986,0.0,0,0,1,DIRECT_LOCAL,PASS_THROUGH,0,BYPASS_VISIBLE,1,9,6.0,23.0,2.0,6.0,23.0,2.0,1,
111,3.733333,0.033333,-3.8619446754455566,4.415432453155518,1.9895761013031006,-0.8111362289163646,-0.10039175301790237,1.3127260543974961,-0.6563983826113087,0.037040055580636895,1.4681554741600689,6.0,23.0,2.0,0.948723263910777,0.3161074452338399,0.0005015797215312529,0.9,1.2723779678344727,-0.6156312227249146,0.07302471995353699,-0.09375819563865662,local_avoidance,SAFE_PROGRESSING,NONE,1,0,"-3.909,4.401;-3.601,4.795;-3.292,5.189;-2.984,5.583;-2.676,5.976;-2.368,6.370;-2.060,6.764",0,1,PASS_THROUGH,-1,0.9535713591965085,0.3011667760682048,0.0004857085618993166,0.9,4.099251986947516,4.312020555405312,0.0,0,0,1,DIRECT_LOCAL,PASS_THROUGH,0,BYPASS_VISIBLE,1,9,6.0,23.0,2.0,6.0,23.0,2.0,1,
112,3.766667,0.033333,-3.8149783611297607,4.4295783042907715,1.9898468255996704,-0.8142885184560226,-0.09254906326532364,1.3201220716658053,-0.6563200396419415,0.03747702464893453,1.4747483873228524,6.0,23.0,2.0,0.9471959874889148,0.32065482346420043,0.0004954533703203491,0.9,1.279869556427002,-0.615402102470398,0.0736159160733223,-0.08590526878833771,local_avoidance,SAFE_PROGRESSING,NONE,1,0,"-3.862,4.415;-3.554,4.810;-3.247,5.204;-2.939,5.598;-2.632,5.992;-2.324,6.387;-2.017,6.781",0,1,PASS_THROUGH,-1,0.9535713591965085,0.3011667760682048,0.0004857085618993166,0.9,4.067598849277212,4.284445447392527,0.0,0,0,1,DIRECT_LOCAL,PASS_THROUGH,0,BYPASS_VISIBLE,1,9,6.0,23.0,2.0,6.0,23.0,2.0,1,
113,3.8,0.033333,-3.7678096294403076,4.443767070770264,1.9902369976043701,-0.8171866278244649,-0.08462374657392502,1.3270594934711204,-0.6555595778911,0.038270699799878016,1.4806450978677357,6.0,23.0,2.0,0.9457247563943015,0.3249683853680461,0.00048337793078575777,0.9,1.2880141735076904,-0.6141810417175293,0.07418816536664963,-0.07615481317043304,local_avoidance,SAFE_PROGRESSING,NONE,1,0,"-3.815,4.430;-3.508,4.824;-3.201,5.219;-2.894,5.614;-2.588,6.009;-2.281,6.403;-1.974,6.798",0,1,PASS_THROUGH,-1,0.9535713591965085,0.3011667760682048,0.0004857085618993166,0.9,4.036173294682517,4.257116951241268,0.0,0,0,1,DIRECT_LOCAL,PASS_THROUGH,0,BYPASS_VISIBLE,1,9,6.0,23.0,2.0,6.0,23.0,2.0,1,
114,3.833333,0.033333,-3.7204647064208984,4.458015441894531,1.9907453060150146,-0.8198362890544092,-0.07686841487884521,1.3335675374739622,-0.6543276422079474,0.03962937599830345,1.4859735959308948,6.0,23.0,2.0,0.9443113712674083,0.3290529096379233,0.0004655683450796293,0.9,1.296552300453186,-0.6112012267112732,0.07512854039669037,-0.06231948360800743,local_avoidance,SAFE_PROGRESSING,NONE,1,0,"-3.768,4.444;-3.462,4.839;-3.155,5.234;-2.849,5.630;-2.543,6.025;-2.237,6.420;-1.931,6.815",1,1,PASS_THROUGH,-1,0.9443114736090035,0.32905294529967716,0.0,0.9,4.004985467754977,4.230037078815743,0.0,0,0,1,DIRECT_LOCAL,PASS_THROUGH,0,BYPASS_VISIBLE,1,9,6.0,23.0,2.0,6.0,23.0,2.0,1,
115,3.866667,0.033333,-3.6729650497436523,4.472333908081055,1.9913737773895264,-0.8222383146509729,-0.06914178282022476,1.3397057699327082,-0.6527531199632796,0.04143051204619333,1.4908436111615448,6.0,23.0,2.0,0.9429589360283969,0.3329087706088599,0.0004420586965743924,0.9,1.305487036705017,-0.6084699034690857,0.07584015280008316,-0.05092181637883186,local_avoidance,SAFE_PROGRESSING,NONE,1,0,"-3.720,4.458;-3.415,4.854;-3.109,5.250;-2.804,5.645;-2.498,6.041;-2.193,6.437;-1.887,6.833",0,1,PASS_THROUGH,-1,0.9443113712674083,0.3290529096379233,0.0004655683450796293,0.9,3.9740428319431502,4.203211696041486,0.0,0,0,1,DIRECT_LOCAL,PASS_THROUGH,0,BYPASS_VISIBLE,1,9,6.0,23.0,2.0,6.0,23.0,2.0,1,
116,3.9,0.033333,-3.6253294944763184,4.486735820770264,1.9921212196350098,-0.8243844683350694,-0.06134720519185066,1.345569947039397,-0.6508521062779163,0.04353666513393702,1.4953469122023126,6.0,23.0,2.0,0.9416733318190618,0.33652810551301676,0.000412723402642395,0.9,1.313860535621643,-0.6051908135414124,0.07661254703998566,-0.03899058699607849,local_avoidance,SAFE_PROGRESSING,NONE,1,0,"-3.673,4.472;-3.368,4.869;-3.063,5.265;-2.758,5.661;-2.454,6.058;-2.149,6.454;-1.844,6.850",0,1,PASS_THROUGH,-1,0.9443113712674083,0.3290529096379233,0.0004655683450796293,0.9,3.9285761056591486,4.176642590743049,0.0,0,0,1,DIRECT_LOCAL,PASS_THROUGH,0,BYPASS_VISIBLE,1,9,6.0,23.0,2.0,6.0,23.0,2.0,1,
117,3.933333,0.033333,-3.5775747299194336,4.501237392425537,1.9929851293563843,-0.8262687573370501,-0.05349912866950035,1.3512586090257557,-0.6485837906255147,0.04575425023253554,1.4995513373481828,6.0,23.0,2.0,0.9404596243443725,0.33990521090980913,0.000377590253958132,0.9,1.3223515748977661,-0.6018215417861938,0.07731608301401138,-0.027992360293865204,local_avoidance,SAFE_PROGRESSING,NONE,1,0,"-3.625,4.487;-3.321,4.884;-3.017,5.280;-2.713,5.677;-2.409,6.074;-2.104,6.471;-1.800,6.868",0,1,PASS_THROUGH,-1,0.9443113712674083,0.3290529096379233,0.0004655683450796293,0.9,3.895961322594051,4.150327649086138,0.0,0,0,1,DIRECT_LOCAL,PASS_THROUGH,0,BYPASS_VISIBLE,1,9,6.0,23.0,2.0,6.0,23.0,2.0,1,
118,3.966667,0.033333,-3.5297160148620605,4.515857696533203,1.993961215019226,-0.8278884032719527,-0.04563775658607483,1.3568377049054092,-0.6458942227263688,0.047893685593513396,1.503489843505439,6.0,23.0,2.0,0.9393216802007811,0.34303741443777863,0.0003367500931377577,0.9,1.329115867614746,-0.5989777445793152,0.07800105959177017,-0.019037218764424324,local_avoidance,SAFE_PROGRESSING,NONE,1,0,"-3.578,4.501;-3.274,4.899;-2.971,5.296;-2.667,5.693;-2.364,6.091;-2.060,6.488;-1.757,6.885",0,1,PASS_THROUGH,-1,0.9443113712674083,0.3290529096379233,0.0004655683450796293,0.9,3.825138645124285,4.1242610730771165,0.0,0,0,1,DIRECT_LOCAL,PASS_THROUGH,0,BYPASS_VISIBLE,1,9,6.0,23.0,2.0,6.0,23.0,2.0,1,
119,4.0,0.033333,-3.4817700386047363,4.530618190765381,1.9950449466705322,-0.8292461347189638,-0.037925682961940765,1.3623090889991223,-0.6427701671739852,0.04981762209271261,1.5071567062682842,6.0,23.0,2.0,0.9382613210759028,0.3459271730469118,0.00029038022259598014,0.9,1.338121771812439,-0.5951274037361145,0.07870762050151825,-0.0074082487262785435,local_avoidance,SAFE_PROGRESSING,NONE,1,0,"-3.530,4.516;-3.227,4.914;-2.924,5.312;-2.621,5.709;-2.318,6.107;-2.016,6.505;-1.713,6.903",0,1,PASS_THROUGH,-1,0.9443113712674083,0.3290529096379233,0.0004655683450796293,0.9,3.7939132966925393,4.098434535049967,0.0,0,0,1,DIRECT_LOCAL,PASS_THROUGH,0,BYPASS_VISIBLE,1,9,6.0,23.0,2.0,6.0,23.0,2.0,1,
120,4.033333,0.033333,-3.43375301361084,4.545536518096924,1.9962331056594849,-0.8303502717635584,-0.030340971425175667,1.3676488895231718,-0.6392470375368795,0.051817921125381396,1.5105579621329985,6.0,23.0,2.0,0.9372782519596214,0.34858201537077216,0.00023867041480571643,0.9,1.3463729619979858,-0.5908948183059692,0.07958508282899857,0.00490475632250309,local_avoidance,SAFE_PROGRESSING,NONE,1,0,"-3.482,4.531;-3.180,4.929;-2.878,5.327;-2.575,5.726;-2.273,6.124;-1.971,6.523;-1.669,6.921",1,1,PASS_THROUGH,-1,0.9372782786549789,0.3485820252990101,0.0,0.9,3.7629323346157593,4.072842683141152,0.0,0,0,1,DIRECT_LOCAL,PASS_THROUGH,0,BYPASS_VISIBLE,1,9,6.0,23.0,2.0,6.0,23.0,2.0,1,
121,4.066667,0.033333,-3.385679244995117,4.560633659362793,1.9975217580795288,-0.8312032067003391,-0.022739779204130173,1.3728805156079997,-0.6353635734202427,0.05385333298620236,1.5137331211409595,6.0,23.0,2.0,0.9363739669388572,0.3510039330360727,0.00018174816693288084,0.9,1.3545777797698975,-0.5882387757301331,0.07990854978561401,0.010393902659416199,local_avoidance,SAFE_PROGRESSING,NONE,1,0,"-3.434,4.546;-3.132,4.944;-2.831,5.343;-2.529,5.742;-2.228,6.141;-1.927,6.540;-1.625,6.939",0,1,PASS_THROUGH,-1,0.9372782519596214,0.34858201537077216,0.00023867041480571643,0.9,3.732195881240312,4.047475902123807,0.0,0,0,1,DIRECT_LOCAL,PASS_THROUGH,0,BYPASS_VISIBLE,1,9,6.0,23.0,2.0,6.0,23.0,2.0,1,
122,4.1,0.033333,-3.3375613689422607,4.575927257537842,1.9989005327224731,-0.8318071608195875,-0.015366644598543644,1.3780496063820877,-0.6311747291691503,0.05595487863959314,1.516750871051389,6.0,23.0,2.0,0.9355498311753458,0.3531947041526074,0.00011977618335222206,0.9,1.3632373809814453,-0.5851820707321167,0.08004628866910934,0.015400011092424393,local_avoidance,SAFE_PROGRESSING,NONE,1,0,"-3.386,4.561;-3.085,4.960;-2.784,5.360;-2.483,5.759;-2.183,6.158;-1.882,6.558;-1.581,6.957",0,1,PASS_THROUGH,-1,0.9372782519596214,0.34858201537077216,0.00023867041480571643,0.9,3.7016996982040022,4.022326939876144,0.0,0,0,1,DIRECT_LOCAL,PASS_THROUGH,0,BYPASS_VISIBLE,1,9,6.0,23.0,2.0,6.0,23.0,2.0,1,
123,4.133333,0.033333,-3.289409637451172,4.591434001922607,2.0003597736358643,-0.8321785969038341,-0.00855168141424656,1.3832173759537918,-0.6267755661640386,0.058341657737643396,1.519717627886286,6.0,23.0,2.0,0.9348019188896687,0.3551694941950977,5.32296118572236e-05,0.9,1.3717097043991089,-0.5807739496231079,0.08055207133293152,0.023773767054080963,local_avoidance,SAFE_PROGRESSING,NONE,1,0,"-3.338,4.576;-3.074,5.001;-2.809,5.425;-2.545,5.850;-2.281,6.274;-2.017,6.699;-1.753,7.123",0,1,PASS_THROUGH,-1,0.9372782519596214,0.34858201537077216,0.00023867041480571643,0.9,3.671441600369338,3.9973885380957626,0.0,0,0,1,DIRECT_LOCAL,PASS_THROUGH,0,BYPASS_VISIBLE,1,9,6.0,23.0,2.0,6.0,23.0,2.0,1,
124,4.166667,0.033333,-3.241230010986328,4.607167720794678,2.001896858215332,-0.8323367085743895,-0.002255656523630023,1.388446056855762,-0.6222379332751385,0.061010295054672634,1.5227228094789569,6.0,23.0,2.0,0.9341250065228747,0.3569460349747597,-1.7448127599007836e-05,0.9,1.3808656930923462,-0.5752031207084656,0.08138270676136017,0.0354127511382103,local_avoidance,SAFE_PROGRESSING,NONE,1,0,"-3.289,4.591;-3.026,5.016;-2.763,5.442;-2.499,5.867;-2.236,6.292;-1.973,6.717;-1.710,7.142",0,1,PASS_THROUGH,-1,0.9372782519596214,0.34858201537077216,0.00023867041480571643,0.9,3.6414191031758056,3.9726550688167634,0.0,0,0,1,DIRECT_LOCAL,PASS_THROUGH,0,BYPASS_VISIBLE,1,9,6.0,23.0,2.0,6.0,23.0,2.0,1,
125,4.2,0.033333,-3.193025827407837,4.623144149780273,2.003511905670166,-0.8322885007037645,0.003879246534779668,1.3937930156036926,-0.6175523684608861,0.06382964400426454,1.5258126102477318,6.0,23.0,2.0,0.9335178872507315,0.3585308155386889,-9.215255326455405e-05,0.9,1.3910126686096191,-0.569250762462616,0.0822112113237381,0.04842858761548996,local_avoidance,SAFE_PROGRESSING,NONE,1,0,"-3.241,4.607;-2.979,5.033;-2.716,5.458;-2.454,5.884;-2.191,6.309;-1.928,6.735;-1.666,7.160",0,1,PASS_THROUGH,-1,0.9372782519596214,0.34858201537077216,0.00023867041480571643,0.9,3.6116308005685385,3.948118377082441,0.0,0,0,1,DIRECT_LOCAL,PASS_THROUGH,0,BYPASS_VISIBLE,1,9,6.0,23.0,2.0,6.0,23.0,2.0,1,
126,4.233333,0.033333,-3.144801139831543,4.6393842697143555,2.005201816558838,-0.8320274695786327,0.010248549282550812,1.3993345895459237,-0.6126418765451159,0.06672012699400895,1.5290254862959205,6.0,23.0,2.0,0.9329840283424131,0.3599177317762655,-0.00017091223359059663,0.9,1.4003760814666748,-0.5636021494865417,0.08296210318803787,0.061419762670993805,local_avoidance,SAFE_PROGRESSING,NONE,1,0,"-3.193,4.623;-2.895,5.025;-2.597,5.426;-2.299,5.828;-2.001,6.229;-1.703,6.631;-1.405,7.032",1,1,PASS_THROUGH,-1,0.9329840419691078,0.3599177370330426,0.0,0.9,3.5820725697317988,3.923765170655984,0.0,0,0,1,DIRECT_LOCAL,PASS_THROUGH,0,BYPASS_VISIBLE,1,9,6.0,23.0,2.0,6.0,23.0,2.0,1,
127,4.266667,0.033333,-3.0965609550476074,4.655910968780518,2.0069587230682373,-0.8315394315570159,0.01703925058245659,1.405148692033414,-0.6074268814130571,0.06936284955090367,1.5323907686632112,6.0,23.0,2.0,0.9325296375573923,0.3610933546389249,-0.0002535994603653029,0.9,1.4084781408309937,-0.5594308376312256,0.08325652033090591,0.07032400369644165,local_avoidance,SAFE_PROGRESSING,NONE,1,0,"-3.145,4.639;-2.884,5.066;-2.623,5.492;-2.362,5.919;-2.101,6.345;-1.839,6.772;-1.578,7.198",0,1,PASS_THROUGH,-1,0.9329840283424131,0.3599177317762655,-0.00017091223359059663,0.9,3.5527354204165027,3.8995802839882643,0.0,0,0,1,DIRECT_LOCAL,PASS_THROUGH,0,BYPASS_VISIBLE,1,9,6.0,23.0,2.0,6.0,23.0,2.0,1,
128,4.3,0.033333,-3.0483086109161377,4.672749042510986,2.00876784324646,-0.8308152026094345,0.024061281234025955,1.4112411929530437,-0.6019030829031333,0.07139263608267446,1.5358990638654153,6.0,23.0,2.0,0.9321590739454,0.36204881626794866,-0.0003398532494748189,0.9,1.4158942699432373,-0.5561468601226807,0.08315499126911163,0.07684612274169922,local_avoidance,SAFE_PROGRESSING,NONE,1,0,"-3.097,4.656;-2.836,5.083;-2.576,5.510;-2.316,5.937;-2.055,6.363;-1.795,6.790;-1.535,7.217",0,1,PASS_THROUGH,-1,0.9329840283424131,0.3599177317762655,-0.00017091223359059663,0.9,3.5236086606581396,3.8755462406512855,0.0,0,0,1,DIRECT_LOCAL,PASS_THROUGH,0,BYPASS_VISIBLE,1,9,6.0,23.0,2.0,6.0,23.0,2.0,1,
129,4.333333,0.033333,-3.000048875808716,4.689919471740723,2.010612964630127,-0.8298618523694654,0.030945802107453346,1.4175186262263604,-0.5961904089064071,0.07273746021212119,1.5395105707622687,6.0,23.0,2.0,0.9318706739551574,0.3627903843889509,-0.0004289723510267315,0.9,1.423583984375,-0.5525486469268799,0.08296447992324829,0.0846283882856369,local_avoidance,SAFE_PROGRESSING,NONE,1,0,"-3.048,4.673;-2.789,5.100;-2.529,5.527;-2.270,5.955;-2.010,6.382;-1.750,6.809;-1.491,7.237",0,1,PASS_THROUGH,-1,0.9329840283424131,0.3599177317762655,-0.00017091223359059663,0.9,3.4946791541293956,3.8516494359540356,0.0,0,0,1,DIRECT_LOCAL,PASS_THROUGH,0,BYPASS_VISIBLE,1,9,6.0,23.0,2.0,6.0,23.0,2.0,1,
130,4.366667,0.033333,-2.9517855644226074,4.7074360847473145,2.0124824047088623,-0.8286954232969103,0.037529461085796356,1.423840591940739,-0.5904808550438854,0.07358529061266539,1.5431799851041557,6.0,23.0,2.0,0.9316593369313205,0.3633326427952505,-0.0005201808444355943,0.9,1.4304687976837158,-0.5486266016960144,0.08293798565864563,0.09363174438476562,local_avoidance,SAFE_PROGRESSING,NONE,1,0,"-3.000,4.690;-2.741,5.118;-2.482,5.546;-2.224,5.973;-1.965,6.401;-1.706,6.829;-1.447,7.257",0,1,PASS_THROUGH,-1,0.9329840283424131,0.3599177317762655,-0.00017091223359059663,0.9,3.4659377154892455,3.827883117141062,0.0,0,0,1,DIRECT_LOCAL,PASS_THROUGH,0,BYPASS_VISIBLE,1,9,6.0,23.0,2.0,6.0,23.0,2.0,1,
131,4.4,0.033333,-2.903520345687866,4.725305557250977,2.0143704414367676,-0.8273262724951775,0.04384727403521538,1.4300792795513515,-0.5849348248439287,0.07395058043333563,1.5468497611157124,6.0,23.0,2.0,0.9315217902988167,0.3636849990412632,-0.0006129199325471877,0.9,1.4360153675079346,-0.5456935167312622,0.08285680413246155,0.09950502216815948,local_avoidance,SAFE_PROGRESSING,NONE,1,0,"-2.952,4.707;-2.694,5.136;-2.436,5.564;-2.178,5.992;-1.919,6.420;-1.661,6.849;-1.403,7.277",0,1,PASS_THROUGH,-1,0.9329840283424131,0.3599177317762655,-0.00017091223359059663,0.9,3.4373817970754788,3.80424735783052,0.0,0,0,1,DIRECT_LOCAL,PASS_THROUGH,0,BYPASS_VISIBLE,1,9,6.0,23.0,2.0,6.0,23.0,2.0,1,
132,4.433333,0.033333,-2.8552591800689697,4.743526935577393,2.016273021697998,-0.8257599090206995,0.049805883318185806,1.4361150312180826,-0.5796404343408056,0.07371944417738996,1.5504334788900607,6.0,23.0,2.0,0.9314563005431535,0.363852525678236,-0.0007069201021354896,0.9,1.440022587776184,-0.5436093211174011,0.08274213969707489,0.1032252386212349,local_avoidance,SAFE_PROGRESSING,NONE,1,0,"-2.904,4.725;-2.646,5.154;-2.389,5.583;-2.132,6.011;-1.874,6.440;-1.617,6.869;-1.360,7.297",1,1,PASS_THROUGH,-1,0.931456533284378,0.3638526165933786,0.0,0.9,3.409015407564449,3.780750386228126,0.0,0,0,1,DIRECT_LOCAL,PASS_THROUGH,0,BYPASS_VISIBLE,1,9,6.0,23.0,2.0,6.0,23.0,2.0,1,
133,4.466667,0.033333,-2.8070054054260254,4.762094974517822,2.0181894302368164,-0.8240096488336011,0.05518176034092903,1.441807251253876,-0.5746559055255079,0.07296809283087752,1.5538217085930337,6.0,23.0,2.0,0.9314581873447065,0.3638474983250337,-0.0008019919752316711,0.9,1.444626808166504,-0.540208101272583,0.0829862430691719,0.11166690289974213,local_avoidance,SAFE_PROGRESSING,NONE,1,0,"-2.855,4.744;-2.599,5.173;-2.342,5.602;-2.085,6.031;-1.829,6.460;-1.572,6.889;-1.316,7.318",0,1,PASS_THROUGH,-1,0.9314563005431535,0.363852525678236,-0.0007069201021354896,0.9,3.3808511704634068,3.75740442112951,0.0,0,0,1,DIRECT_LOCAL,PASS_THROUGH,0,BYPASS_VISIBLE,1,9,6.0,23.0,2.0,6.0,23.0,2.0,1,
134,4.5,0.033333,-2.7587668895721436,4.780998229980469,2.020124912261963,-0.8220919024235865,0.06011722981929779,1.4470229714052778,-0.5700066430535741,0.0719880040046612,1.5569089008738883,6.0,23.0,2.0,0.931521469544286,0.36368522815396176,-0.0008981094891552287,0.9,1.4488095045089722,-0.5367662310600281,0.08338838815689087,0.12054233253002167,local_avoidance,SAFE_PROGRESSING,NONE,1,0,"-2.807,4.762;-2.551,5.192;-2.295,5.621;-2.039,6.051;-1.784,6.480;-1.528,6.910;-1.272,7.340",0,1,PASS_THROUGH,-1,0.9314563005431535,0.363852525678236,-0.0007069201021354896,0.9,3.352905539878805,3.734228337782601,0.0,0,0,1,DIRECT_LOCAL,PASS_THROUGH,0,BYPASS_VISIBLE,1,9,6.0,23.0,2.0,6.0,23.0,2.0,1,
135,4.533333,0.033333,-2.7105534076690674,4.80022668838501,2.022085189819336,-0.8200105599357974,0.06491924822330475,1.4517025383135962,-0.5656479692048432,0.07101418477772563,1.5596284491029733,6.0,23.0,2.0,0.931644666717232,0.3633692665537082,-0.000995540836873537,0.9,1.4542067050933838,-0.5330885052680969,0.08359596133232117,0.12907996773719788,local_avoidance,SAFE_PROGRESSING,NONE,1,0,"-2.759,4.781;-2.504,5.211;-2.249,5.641;-1.993,6.071;-1.738,6.501;-1.483,6.931;-1.228,7.361",0,1,PASS_THROUGH,-1,0.9314563005431535,0.363852525678236,-0.0007069201021354896,0.9,3.3252022041118305,3.7112396379176067,0.0,0,0,1,DIRECT_LOCAL,PASS_THROUGH,0,BYPASS_VISIBLE,1,9,6.0,23.0,2.0,6.0,23.0,2.0,1,
136,4.566667,0.033333,-2.6623775959014893,4.8197712898254395,2.0240728855133057,-0.8177638142995016,0.06979089230298996,1.4558850399284053,-0.561495194044587,0.07043698489165823,1.561998550339638,6.0,23.0,2.0,0.9318283373125229,0.36289771517139363,-0.0010945797189545732,0.9,1.4603641033172607,-0.5291014313697815,0.08359333872795105,0.13532786071300507,local_avoidance,SAFE_PROGRESSING,NONE,1,0,"-2.711,4.800;-2.456,5.231;-2.202,5.661;-1.948,6.092;-1.693,6.522;-1.439,6.953;-1.185,7.383",0,1,PASS_THROUGH,-1,0.9314563005431535,0.363852525678236,-0.0007069201021354896,0.9,3.297763893873312,3.6884548549791862,0.0,0,0,1,DIRECT_LOCAL,PASS_THROUGH,0,BYPASS_VISIBLE,1,9,6.0,23.0,2.0,6.0,23.0,2.0,1,
137,4.6,0.033333,-2.614248752593994,4.839626312255859,2.0260865688323975,-0.815347952196017,0.07473130524158478,1.459730446895763,-0.5574423085150607,0.07045740285781184,1.5641352724539432,6.0,23.0,2.0,0.9320737052920982,0.3622667235593633,-0.0011953679864354452,0.9,1.4650272130966187,-0.526603102684021,0.08326099067926407,0.13458652794361115,local_avoidance,SAFE_PROGRESSING,NONE,1,0,"-2.662,4.820;-2.409,5.251;-2.155,5.682;-1.902,6.113;-1.648,6.543;-1.394,6.974;-1.141,7.405",0,1,PASS_THROUGH,-1,0.9314563005431535,0.363852525678236,-0.0007069201021354896,0.9,3.2706128356651756,3.6658866702854347,0.0,0,0,1,DIRECT_LOCAL,PASS_THROUGH,0,BYPASS_VISIBLE,1,9,6.0,23.0,2.0,6.0,23.0,2.0,1,
138,4.633333,0.033333,-2.5661754608154297,4.8597941398620605,2.0281238555908203,-0.8127690282788437,0.07927108556032181,1.4634267638823155,-0.5534149984524042,0.07109425251851359,1.5661865937685415,6.0,23.0,2.0,0.9323783472238462,0.36148158074947173,-0.001297847060319662,0.9,1.470332384109497,-0.522010862827301,0.0835178792476654,0.14003953337669373,direct,SAFE_PROGRESSING,NONE,1,0,"-2.614,4.840;-2.400,5.291;-2.186,5.743;-1.971,6.195;-1.757,6.647;-1.543,7.098;-1.329,7.550",1,1,PASS_THROUGH,-1,0.9323791324771418,0.36148188519090735,0.0,0.9,3.243767272670004,3.643539410708888,0.0,0,0,0,DIRECT_LOCAL,PASS_THROUGH,0,BYPASS_VISIBLE,1,9,6.0,23.0,2.0,6.0,23.0,2.0,1,
139,4.666667,0.033333,-2.5181634426116943,4.880279541015625,2.0301907062530518,-0.8100478378637505,0.08329683542251587,1.4670926322011169,-0.5493914701800688,0.07226002090727608,1.5682516665340862,6.0,23.0,2.0,0.9327345172940098,0.3605611666476567,-0.0014019108357036186,0.9,1.476033329963684,-0.5170189142227173,0.0841747522354126,0.14656829833984375,local_avoidance,SAFE_PROGRESSING,NONE,1,0,"-2.566,4.860;-2.353,5.312;-2.139,5.764;-1.926,6.216;-1.712,6.668;-1.499,7.120;-1.285,7.573",0,1,PASS_THROUGH,-1,0.9323783472238462,0.36148158074947173,-0.001297847060319662,0.9,3.2172372377932263,3.6214147157674237,0.0,0,0,0,DIRECT_LOCAL,PASS_THROUGH,0,BYPASS_VISIBLE,1,9,6.0,23.0,2.0,6.0,23.0,2.0,1,
140,4.7,0.033333,-2.470216989517212,4.901089191436768,2.0322957038879395,-0.8071955757838628,0.08709320425987244,1.4707966367343943,-0.545325602472263,0.07373881253333958,1.5703694380032902,6.0,23.0,2.0,0.9331379040490786,0.35951547721410987,-0.001507869491503816,0.9,1.4817430973052979,-0.5123191475868225,0.08499382436275482,0.15261659026145935,local_avoidance,SAFE_PROGRESSING,NONE,1,0,"-2.518,4.880;-2.305,5.333;-2.093,5.785;-1.880,6.238;-1.667,6.690;-1.455,7.143;-1.242,7.595",0,1,PASS_THROUGH,-1,0.9323783472238462,0.36148158074947173,-0.001297847060319662,0.9,3.1810437626756216,3.599512195636616,0.0,0,0,0,DIRECT_LOCAL,PASS_THROUGH,0,BYPASS_VISIBLE,1,9,6.0,23.0,2.0,6.0,23.0,2.0,1,
141,4.733333,0.033333,-2.4223406314849854,4.9222331047058105,2.0344419479370117,-0.8042140616051504,0.09083603322505951,1.4745791239926607,-0.5411570343656826,0.07530739576767795,1.5725475295251754,6.0,23.0,2.0,0.9335875394476771,0.3583457746249328,-0.0016161672217726833,0.9,1.4872255325317383,-0.5084834098815918,0.08573081344366074,0.15649650990962982,local_avoidance,SAFE_PROGRESSING,NONE,1,0,"-2.470,4.901;-2.258,5.354;-2.046,5.807;-1.834,6.260;-1.622,6.713;-1.411,7.165;-1.199,7.618",0,1,PASS_THROUGH,-1,0.9323783472238462,0.36148158074947173,-0.001297847060319662,0.9,3.1566017808330495,3.5778280930137747,0.0,0,0,0,DIRECT_LOCAL,PASS_THROUGH,0,BYPASS_VISIBLE,1,9,6.0,23.0,2.0,6.0,23.0,2.0,1,
142,4.766667,0.033333,-2.3745388984680176,4.943722724914551,2.0366294384002686,-0.8011071529813487,0.09449069947004318,1.4784535938452792,-0.5368646551405477,0.07683867835211136,1.574786610809255,6.0,23.0,2.0,0.9340817147230934,0.3570551326749673,-0.0017269772514188135,0.9,1.4925694465637207,-0.5049912929534912,0.08639906346797943,0.1593957245349884,local_avoidance,SAFE_PROGRESSING,NONE,1,0,"-2.422,4.922;-2.211,5.375;-2.000,5.829;-1.789,6.282;-1.578,6.735;-1.367,7.188;-1.155,7.642",0,1,PASS_THROUGH,-1,0.9323783472238462,0.36148158074947173,-0.001297847060319662,0.9,3.1325112999890203,3.5563571834918406,0.0,0,0,0,DIRECT_LOCAL,PASS_THROUGH,0,BYPASS_VISIBLE,1,9,6.0,23.0,2.0,6.0,23.0,2.0,1,
143,4.8,0.033333,-2.3268160820007324,4.965565204620361,2.0388550758361816,-0.797883225729508,0.0979308933019638,1.4824100641800004,-0.5324915234200488,0.07828268204379622,1.577090675644342,6.0,23.0,2.0,0.934617095483204,0.3556508091609555,-0.0018403189117948693,0.9,1.4975476264953613,-0.5018247365951538,0.08701688796281815,0.1611563116312027,local_avoidance,SAFE_PROGRESSING,NONE,1,0,"-2.375,4.944;-2.164,5.397;-1.954,5.851;-1.743,6.304;-1.533,6.758;-1.323,7.212;-1.112,7.665",0,1,PASS_THROUGH,-1,0.9323783472238462,0.36148158074947173,-0.001297847060319662,0.9,3.108772820092185,3.5350985123071865,0.0,0,0,0,DIRECT_LOCAL,PASS_THROUGH,0,BYPASS_VISIBLE,1,9,6.0,23.0,2.0,6.0,23.0,2.0,1,
144,4.833333,0.033333,-2.2791748046875,4.987767696380615,2.0411152839660645,-0.7945545193311874,0.10102503001689911,1.4864204964194017,-0.5281199460320191,0.0795882579582807,1.5794590404240934,6.0,23.0,2.0,0.9351889449131983,0.3541437718757424,-0.0019560556641392422,0.9,1.5023709535598755,-0.49884232878685,0.08758851885795593,0.16182942688465118,local_avoidance,SAFE_PROGRESSING,NONE,1,0,"-2.327,4.966;-2.117,5.420;-1.908,5.873;-1.698,6.327;-1.488,6.781;-1.279,7.235;-1.069,7.689",1,1,PASS_THROUGH,-1,0.9351907340066818,0.35414444938194894,0.0,0.9,3.0853911773716116,3.514051168835447,0.0,0,0,0,DIRECT_LOCAL,PASS_THROUGH,0,BYPASS_VISIBLE,1,9,6.0,23.0,2.0,6.0,23.0,2.0,1,
145,4.866667,0.033333,-2.231618881225586,5.010333061218262,2.0434062480926514,-0.7911363432310495,0.10365646332502365,1.4904463700151642,-0.5238379910232743,0.08076210748402937,1.5818846799738413,6.0,23.0,2.0,0.9357914528507288,0.3525479473587801,-0.002074026189147657,0.9,1.5071024894714355,-0.4956848621368408,0.08822962641716003,0.16273799538612366,local_avoidance,SAFE_PROGRESSING,NONE,1,0,"-2.279,4.988;-2.070,5.442;-1.862,5.896;-1.653,6.351;-1.444,6.805;-1.235,7.259;-1.026,7.714",0,1,PASS_THROUGH,-1,0.9351889449131983,0.3541437718757424,-0.0019560556641392422,0.9,3.062371279018702,3.493218561958232,0.0,0,0,0,DIRECT_LOCAL,PASS_THROUGH,0,BYPASS_VISIBLE,1,9,6.0,23.0,2.0,6.0,23.0,2.0,1,
146,4.9,0.033333,-2.184145927429199,5.033260822296143,2.045727252960205,-0.7876437815725377,0.1057983934879303,1.4944529856318272,-0.5197072410658503,0.08186698220225604,1.584357139490672,6.0,23.0,2.0,0.9364189439630067,0.3508771116888214,-0.0021940556323703413,0.9,1.5117475986480713,-0.49191439151763916,0.08906859159469604,0.165546253323555,local_avoidance,SAFE_PROGRESSING,NONE,1,0,"-2.232,5.010;-2.024,5.465;-1.816,5.920;-1.607,6.374;-1.399,6.829;-1.191,7.284;-0.983,7.738",0,1,PASS_THROUGH,-1,0.9351889449131983,0.3541437718757424,-0.0019560556641392422,0.9,3.0397225143506352,3.472607793952994,0.0,0,0,0,DIRECT_LOCAL,PASS_THROUGH,0,BYPASS_VISIBLE,1,9,6.0,23.0,2.0,6.0,23.0,2.0,1,
147,4.933333,0.033333,-2.136758804321289,5.056549072265625,2.0480799674987793,-0.784087753105606,0.10759211331605911,1.498419142519947,-0.5157326204947479,0.08292663808205991,1.5868575518351309,6.0,23.0,2.0,0.9370671522662135,0.34914150098405905,-0.0023161248427882395,0.9,1.5164153575897217,-0.4880521297454834,0.09000516682863235,0.16872665286064148,local_avoidance,SAFE_PROGRESSING,NONE,1,0,"-2.184,5.033;-1.977,5.488;-1.770,5.943;-1.562,6.398;-1.355,6.853;-1.148,7.308;-0.941,7.763",0,1,PASS_THROUGH,-1,0.9351889449131983,0.3541437718757424,-0.0019560556641392422,0.9,3.0169324173161964,3.452227365239943,0.0,0,0,0,DIRECT_LOCAL,PASS_THROUGH,0,BYPASS_VISIBLE,1,9,6.0,23.0,2.0,6.0,23.0,2.0,1,
148,4.966667,0.033333,-2.0894577503204346,5.080196380615234,2.050466537475586,-0.7804729570059296,0.10923395305871964,1.5023404837190497,-0.5118616319740128,0.08395015386876481,1.5893636738150512,6.0,23.0,2.0,0.9377341071215887,0.3473453455923114,-0.0024403352709578526,0.9,1.5209393501281738,-0.4843338131904602,0.09095053374767303,0.17144079506397247,local_avoidance,SAFE_PROGRESSING,NONE,1,0,"-2.137,5.057;-1.930,5.512;-1.724,5.967;-1.517,6.423;-1.311,6.878;-1.104,7.333;-0.898,7.789",0,1,PASS_THROUGH,-1,0.9351889449131983,0.3541437718757424,-0.0019560556641392422,0.9,2.9934802130658547,3.4320855666399166,0.0,0,0,0,DIRECT_LOCAL,PASS_THROUGH,0,BYPASS_VISIBLE,1,9,6.0,23.0,2.0,6.0,23.0,2.0,1,
149,5.0,0.033333,-2.042245388031006,5.104202747344971,2.052887439727783,-0.7768003223946323,0.11083194613456726,1.5062292932754962,-0.5080182013061756,0.08490099961439354,1.5918597163428334,6.0,23.0,2.0,0.9384191233689523,0.3454894504360132,-0.002566813758128542,0.9,1.5243890285491943,-0.48168718814849854,0.09183763712644577,0.1713619828224182,direct,SAFE_PROGRESSING,NONE,1,0,"-2.089,5.080;-1.884,5.536;-1.678,5.992;-1.472,6.447;-1.267,6.903;-1.061,7.359;-0.855,7.815",0,1,PASS_THROUGH,-1,0.9351889449131983,0.3541437718757424,-0.0019560556641392422,0.9,2.970065731894028,3.4121892331761714,0.0,0,0,0,DIRECT_LOCAL,PASS_THROUGH,0,BYPASS_VISIBLE,1,9,6.0,23.0,2.0,6.0,23.0,2.0,1,
150,5.033333,0.033333,-1.9951261281967163,5.128569602966309,2.055342197418213,-0.7730738643320243,0.11227229982614517,1.5100819805448233,-0.5041586795664504,0.0857024840930949,1.5943238309478065,6.0,23.0,2.0,0.9391204999408977,0.34357738620787726,-0.002695603331637703,0.9,1.5279579162597656,-0.4788767993450165,0.09275294840335846,0.17171941697597504,direct,SAFE_PROGRESSING,NONE,1,0,"-2.042,5.104;-1.837,5.560;-1.632,6.016;-1.427,6.472;-1.222,6.928;-1.017,7.385;-0.813,7.841",1,1,PASS_THROUGH,-1,0.9391239119144874,0.34357863447896475,0.0,0.9,2.945807459383032,3.392543663357603,0.0,0,0,0,DIRECT_LOCAL,PASS_THROUGH,0,BYPASS_VISIBLE,1,9,6.0,23.0,2.0,6.0,23.0,2.0,1,
151,5.066667,0.033333,-1.9481050968170166,5.153295993804932,2.0578315258026123,-0.7693047728775964,0.1134592667222023,1.513861937364236,-0.5003026379482574,0.08635690181529454,1.5967273434839522,6.0,23.0,2.0,0.9398341434098844,0.34161936809007765,-0.002826698913055337,0.9,1.530092716217041,-0.4768249988555908,0.09379223734140396,0.17071525752544403,direct,SAFE_PROGRESSING,NONE,1,0,"-1.995,5.129;-1.791,5.585;-1.587,6.041;-1.383,6.498;-1.178,6.954;-0.974,7.411;-0.770,7.867",0,1,PASS_THROUGH,-1,0.9391204999408977,0.34357738620787726,-0.002695603331637703,0.9,2.921778898575055,3.3731564278763577,0.0,0,0,0,DIRECT_LOCAL,PASS_THROUGH,0,BYPASS_VISIBLE,1,9,6.0,23.0,2.0,6.0,23.0,2.0,1,
152,5.1,0.033333,-1.9011861085891724,5.178379058837891,2.0603573322296143,-0.7655052158628155,0.11430246382951736,1.5175021469731205,-0.49650746681651087,0.08678433916742125,1.5990196847435318,6.0,23.0,2.0,0.9405557015182531,0.33962657407329766,-0.0029601562022216685,0.9,1.532979130744934,-0.4746338725090027,0.09483035653829575,0.16962957382202148,direct,SAFE_PROGRESSING,NONE,1,0,"-1.948,5.153;-1.745,5.610;-1.541,6.067;-1.338,6.524;-1.134,6.980;-0.931,7.437;-0.728,7.894",0,1,PASS_THROUGH,-1,0.9391204999408977,0.34357738620787726,-0.002695603331637703,0.9,2.8967046259783955,3.354037093256003,0.0,0,0,0,DIRECT_LOCAL,PASS_THROUGH,0,BYPASS_VISIBLE,1,9,6.0,23.0,2.0,6.0,23.0,2.0,1,
153,5.133333,0.033333,-1.8543736934661865,5.203812122344971,2.0629215240478516,-0.7616888453369599,0.11477549374103546,1.5209201728031678,-0.4928492821058063,0.08714757041907152,1.6011537358860246,6.0,23.0,2.0,0.9412803782074978,0.3376117056814257,-0.0030960924450893993,0.9,1.5357606410980225,-0.4725452661514282,0.09590485692024231,0.1681067794561386,direct,SAFE_PROGRESSING,NONE,1,0,"-1.901,5.178;-1.699,5.635;-1.496,6.093;-1.293,6.550;-1.091,7.007;-0.888,7.464;-0.685,7.921",0,1,PASS_THROUGH,-1,0.9391204999408977,0.34357738620787726,-0.002695603331637703,0.9,2.872035798125683,3.3351988825661607,0.0,0,0,0,DIRECT_LOCAL,PASS_THROUGH,0,BYPASS_VISIBLE,1,9,6.0,23.0,2.0,6.0,23.0,2.0,1,
154,5.166667,0.033333,-1.807671070098877,5.229583740234375,2.0655276775360107,-0.7578661842600024,0.11489927768707275,1.524078172835189,-0.4893832901873189,0.08772571831331419,1.6031238515101696,6.0,23.0,2.0,0.9420045199635496,0.3355845967369111,-0.0032346253519431175,0.9,1.5404438972473145,-0.4693135619163513,0.09697280824184418,0.16869713366031647,direct,SAFE_PROGRESSING,NONE,1,0,"-1.854,5.204;-1.652,5.661;-1.451,6.119;-1.249,6.576;-1.047,7.034;-0.845,7.491;-0.643,7.948",0,1,PASS_THROUGH,-1,0.9391204999408977,0.34357738620787726,-0.002695603331637703,0.9,2.84619123814704,3.3166598398472473,0.0,0,0,0,DIRECT_LOCAL,PASS_THROUGH,0,BYPASS_VISIBLE,1,9,6.0,23.0,2.0,6.0,23.0,2.0,1,
155,5.2,0.033333,-1.7610807418823242,5.255683898925781,2.0681772232055664,-0.7540437688424249,0.11485212296247482,1.5270253475705307,-0.4861132227124021,0.08892477322778261,1.6049984712492251,6.0,23.0,2.0,0.9427258343805143,0.3335515014098506,-0.003375958944889498,0.9,1.545533537864685,-0.4656356871128082,0.09801438450813293,0.1698155254125595,direct,SAFE_PROGRESSING,NONE,1,0,"-1.808,5.230;-1.607,5.687;-1.405,6.145;-1.204,6.603;-1.003,7.061;-0.802,7.518;-0.601,7.976",0,1,PASS_THROUGH,-1,0.9391204999408977,0.34357738620787726,-0.002695603331637703,0.9,2.82073387909191,3.2984366367174376,0.0,0,0,0,DIRECT_LOCAL,PASS_THROUGH,0,BYPASS_VISIBLE,1,9,6.0,23.0,2.0,6.0,23.0,2.0,1,
156,5.233333,0.033333,-1.7146029472351074,5.282106876373291,2.0708718299865723,-0.7502196505746208,0.1148407906293869,1.5299254635124522,-0.4829552186639555,0.09070598819323548,1.606905486776572,6.0,23.0,2.0,0.9434448956284371,0.3315106893998225,-0.0035201883901438973,0.9,1.5471861362457275,-0.46457475423812866,0.09897836297750473,0.16435466706752777,direct,SAFE_PROGRESSING,NONE,1,0,"-1.761,5.256;-1.561,5.714;-1.360,6.172;-1.160,6.630;-0.960,7.088;-0.759,7.546;-0.559,8.004",1,1,PASS_THROUGH,-1,0.943450741138228,0.3315127434137766,0.0,0.9,2.794338071093634,3.2805420773547236,0.0,0,0,0,DIRECT_LOCAL,PASS_THROUGH,0,BYPASS_VISIBLE,1,9,6.0,23.0,2.0,6.0,23.0,2.0,1,
157,5.266667,0.033333,-1.6682368516921997,5.308851718902588,2.073608875274658,-0.7463951236560525,0.11455240100622177,1.53291125272598,-0.47981586081659916,0.09244016966112863,1.6089081247827937,6.0,23.0,2.0,0.9441611889712891,0.3294635021515746,-0.003667422847344526,0.9,1.5513421297073364,-0.4634012281894684,0.09961559623479843,0.15715813636779785,direct,SAFE_PROGRESSING,NONE,1,0,"-1.715,5.282;-1.515,5.741;-1.315,6.199;-1.116,6.657;-0.916,7.116;-0.717,7.574;-0.517,8.033",0,1,PASS_THROUGH,-1,0.9434448956284371,0.3315106893998225,-0.0035201883901438973,0.9,2.7681194510288867,3.2629845785320093,0.0,0,0,0,DIRECT_LOCAL,PASS_THROUGH,0,BYPASS_VISIBLE,1,9,6.0,23.0,2.0,6.0,23.0,2.0,1,
158,5.3,0.033333,-1.6219799518585205,5.335917949676514,2.076383352279663,-0.7425910464967573,0.11363887786865234,1.5359973826890876,-0.4767029504263518,0.0942056856976793,1.6110271176459714,6.0,23.0,2.0,0.9448678219592677,0.32742972579060636,-0.0038175508691056597,0.9,1.555081844329834,-0.46093422174453735,0.10065262019634247,0.15402910113334656,direct,SAFE_PROGRESSING,NONE,1,0,"-1.668,5.309;-1.469,5.768;-1.271,6.226;-1.072,6.685;-0.873,7.144;-0.674,7.603;-0.475,8.061",0,1,PASS_THROUGH,-1,0.9434448956284371,0.3315106893998225,-0.0035201883901438973,0.9,2.742367428224107,3.245772612801374,0.0,0,0,0,DIRECT_LOCAL,PASS_THROUGH,0,BYPASS_VISIBLE,1,9,6.0,23.0,2.0,6.0,23.0,2.0,1,
159,5.333333,0.033333,-1.5758293867111206,5.363304138183594,2.0791971683502197,-0.7388311783409258,0.1121583953499794,1.5391842582766955,-0.47366405073092416,0.09606238746837234,1.6132804456038423,6.0,23.0,2.0,0.9455571057292881,0.32543201476336525,-0.0039703364981523515,0.9,1.5592275857925415,-0.45826804637908936,0.10188774019479752,0.15164676308631897,direct,SAFE_PROGRESSING,NONE,1,0,"-1.622,5.336;-1.424,5.795;-1.226,6.254;-1.028,6.713;-0.830,7.172;-0.632,7.631;-0.433,8.090",0,1,PASS_THROUGH,-1,0.9434448956284371,0.3315106893998225,-0.0035201883901438973,0.9,2.717099650107498,3.2289159270707004,0.0,0,0,0,DIRECT_LOCAL,PASS_THROUGH,0,BYPASS_VISIBLE,1,9,6.0,23.0,2.0,6.0,23.0,2.0,1,
160,5.366667,0.033333,-1.5297808647155762,5.391007423400879,2.08205246925354,-0.7351280964121203,0.11035232245922089,1.5424698597032724,-0.4707034375693337,0.09797726122708382,1.615665354567641,6.0,23.0,2.0,0.9462251431956967,0.32348254252400077,-0.004125901900361967,0.9,1.5636804103851318,-0.45577093958854675,0.10311318933963776,0.14842726290225983,direct,SAFE_PROGRESSING,NONE,1,0,"-1.576,5.363;-1.378,5.823;-1.181,6.282;-0.984,6.742;-0.786,7.201;-0.589,7.660;-0.392,8.120",0,1,PASS_THROUGH,-1,0.9434448956284371,0.3315106893998225,-0.0035201883901438973,0.9,2.6923354279203084,3.21242626342433,0.0,0,0,0,DIRECT_LOCAL,PASS_THROUGH,0,BYPASS_VISIBLE,1,9,6.0,23.0,2.0,6.0,23.0,2.0,1,
161,5.4,0.033333,-1.4838303327560425,5.4190263748168945,2.0849485397338867,-0.7314871503336884,0.1083783283829689,1.5458711564312702,-0.4677792033701672,0.09989711648883079,1.618182452405959,6.0,23.0,2.0,0.9468704227033039,0.32158676383456397,-0.004284382811892884,0.9,1.567802906036377,-0.4545702338218689,0.1041128933429718,0.1409863531589508,direct,SAFE_PROGRESSING,NONE,1,0,"-1.530,5.391;-1.333,5.851;-1.137,6.310;-0.940,6.770;-0.743,7.230;-0.547,7.690;-0.350,8.149",0,1,PASS_THROUGH,-1,0.9434448956284371,0.3315106893998225,-0.0035201883901438973,0.9,2.6680963232152353,3.1963142403528053,0.0,0,0,0,DIRECT_LOCAL,PASS_THROUGH,0,BYPASS_VISIBLE,1,9,6.0,23.0,2.0,6.0,23.0,2.0,1,
162,5.433333,0.033333,-1.437973976135254,5.447360038757324,2.0878825187683105,-0.7279156000249476,0.1060929000377655,1.5494203113776868,-0.46485583600039615,0.10181323719409516,1.620851685022814,6.0,23.0,2.0,0.9474908688604066,0.31975191724614704,-0.004445766926535257,0.9,1.570591926574707,-0.4531291127204895,0.1053810566663742,0.13486336171627045,direct,SAFE_PROGRESSING,NONE,1,0,"-1.484,5.419;-1.288,5.879;-1.092,6.339;-0.896,6.799;-0.700,7.259;-0.505,7.719;-0.309,8.179",1,1,PASS_THROUGH,-1,0.947500232503611,0.31975507721630136,0.0,0.9,2.6444032423535364,3.1805902739657634,0.0,0,0,0,DIRECT_LOCAL,PASS_THROUGH,0,BYPASS_VISIBLE,1,9,6.0,23.0,2.0,6.0,23.0,2.0,1,
163,5.466667,0.033333,-1.392207145690918,5.476006507873535,2.090855598449707,-0.7244292879523058,0.10335315763950348,1.5531054562368751,-0.461959930383139,0.10365934241469812,1.6236652348135665,6.0,23.0,2.0,0.948081727873255,0.31799337386540594,-0.004609929561209697,0.9,1.5752555131912231,-0.4486424922943115,0.10706567019224167,0.1370452642440796,direct,SAFE_PROGRESSING,NONE,1,0,"-1.438,5.447;-1.243,5.908;-1.048,6.368;-0.853,6.828;-0.658,7.289;-0.463,7.749;-0.267,8.210",0,1,PASS_THROUGH,-1,0.9474908688604066,0.31975191724614704,-0.004445766926535257,0.9,2.6212773617887377,3.1652662344973144,0.0,0,0,0,DIRECT_LOCAL,PASS_THROUGH,0,BYPASS_VISIBLE,1,9,6.0,23.0,2.0,6.0,23.0,2.0,1,
164,5.5,0.033333,-1.3465256690979004,5.5049638748168945,2.093874931335449,-0.7210371685645588,0.10063422471284866,1.5568774776321728,-0.4591073221848228,0.10540076162451914,1.626578105776991,6.0,23.0,2.0,0.9486405010771144,0.3163200600466431,-0.004776958053986828,0.9,1.5779149532318115,-0.44430649280548096,0.10884714126586914,0.1414499431848526,direct,SAFE_PROGRESSING,NONE,1,0,"-1.392,5.476;-1.198,5.937;-1.004,6.397;-0.809,6.858;-0.615,7.319;-0.421,7.779;-0.226,8.240",0,1,PASS_THROUGH,-1,0.9474908688604066,0.31975191724614704,-0.004445766926535257,0.9,2.598741661670901,3.150354185857115,0.0,0,0,0,DIRECT_LOCAL,PASS_THROUGH,0,BYPASS_VISIBLE,1,9,6.0,23.0,2.0,6.0,23.0,2.0,1,
165,5.533333,0.033333,-1.300929069519043,5.534230709075928,2.096940040588379,-0.7177216559578335,0.09850498288869858,1.5606977984269093,-0.4562077123622218,0.10650649894999994,1.6294927827860912,6.0,23.0,2.0,0.9491730881272116,0.31471570257113624,-0.004947254815462186,0.9,1.580985188484192,-0.4418206214904785,0.10978446900844574,0.14148440957069397,direct,SAFE_PROGRESSING,NONE,1,0,"-1.347,5.505;-1.153,5.966;-0.959,6.427;-0.766,6.888;-0.572,7.349;-0.379,7.810;-0.185,8.271",0,1,PASS_THROUGH,-1,0.9474908688604066,0.31975191724614704,-0.004445766926535257,0.9,2.576819825712294,3.1358649161018928,0.0,0,0,0,DIRECT_LOCAL,PASS_THROUGH,0,BYPASS_VISIBLE,1,9,6.0,23.0,2.0,6.0,23.0,2.0,1,
166,5.566667,0.033333,-1.2554208040237427,5.563807487487793,2.100041389465332,-0.7144589723761331,0.09705586731433868,1.5644967417402185,-0.45316856460752236,0.10684195448653296,1.6323072646112629,6.0,23.0,2.0,0.9496872592643453,0.31315792623399596,-0.005120822961127916,0.9,1.5833868980407715,-0.4403367340564728,0.11011037975549698,0.1393674612045288,direct,SAFE_PROGRESSING,NONE,1,0,"-1.301,5.534;-1.108,5.996;-0.915,6.457;-0.722,6.918;-0.530,7.380;-0.337,7.841;-0.144,8.302",0,1,PASS_THROUGH,-1,0.9474908688604066,0.31975191724614704,-0.004445766926535257,0.9,2.555535134910034,3.121806250879057,0.0,0,0,0,DIRECT_LOCAL,PASS_THROUGH,0,BYPASS_VISIBLE,1,9,6.0,23.0,2.0,6.0,23.0,2.0,1,
167,5.6,0.033333,-1.2100058794021606,5.593691825866699,2.103163242340088,-0.7112358895230508,0.09602576494216919,1.568203782562637,-0.4500148652804651,0.10664750700022078,1.6349771170773368,6.0,23.0,2.0,0.9501874142957414,0.31163410842283995,-0.00529718618461478,0.9,1.5860472917556763,-0.4383227229118347,0.11022920906543732,0.13868093490600586,direct,SAFE_PROGRESSING,NONE,1,0,"-1.255,5.564;-1.063,6.025;-0.871,6.487;-0.679,6.949;-0.487,7.410;-0.295,7.872;-0.103,8.334",0,1,PASS_THROUGH,-1,0.9474908688604066,0.31975191724614704,-0.004445766926535257,0.9,2.5349086355062753,3.1081881026665954,0.0,0,0,0,DIRECT_LOCAL,PASS_THROUGH,0,BYPASS_VISIBLE,1,9,6.0,23.0,2.0,6.0,23.0,2.0,1,
168,5.633333,0.033333,-1.1646881103515625,5.623879432678223,2.1062965393066406,-0.7080484689967033,0.09522806107997894,1.5717560035598204,-0.4468763141072408,0.10628803711134914,1.637501915012436,6.0,23.0,2.0,0.9506749938068251,0.3101404112317495,-0.005475533891257247,0.9,1.5888394117355347,-0.43578431010246277,0.1103510633111,0.13931481540203094,direct,SAFE_PROGRESSING,NONE,1,0,"-1.210,5.594;-1.019,6.056;-0.827,6.518;-0.636,6.980;-0.445,7.441;-0.253,7.903;-0.062,8.365",1,1,PASS_THROUGH,-1,0.9506892454448559,0.31014506056922925,0.0,0.9,2.514963915565054,3.0950223295273025,0.0,0,0,0,DIRECT_LOCAL,PASS_THROUGH,0,BYPASS_VISIBLE,1,9,6.0,23.0,2.0,6.0,23.0,2.0,1,
169,5.666667,0.033333,-1.1194695234298706,5.654361724853516,2.1094377040863037,-0.7048894964167667,0.094654880464077,1.575126793369341,-0.44387909778400736,0.10600468935360942,1.6399055042301927,6.0,23.0,2.0,0.9511523915390674,0.30866996046244605,-0.005655402516587813,0.9,1.5914373397827148,-0.4332105815410614,0.11050176620483398,0.14013007283210754,direct,SAFE_PROGRESSING,NONE,1,0,"-1.165,5.624;-0.974,6.086;-0.783,6.548;-0.593,7.011;-0.402,7.473;-0.212,7.935;-0.021,8.397",0,1,PASS_THROUGH,-1,0.9506749938068251,0.3101404112317495,-0.005475533891257247,0.9,2.495726550595151,3.0823251903686892,0.0,0,0,0,DIRECT_LOCAL,PASS_THROUGH,0,BYPASS_VISIBLE,1,9,6.0,23.0,2.0,6.0,23.0,2.0,1,
170,5.7,0.033333,-1.0743497610092163,5.685129165649414,2.1125869750976562,-0.7017480542331034,0.09431763738393784,1.578326456292116,-0.441082450386378,0.10584508842444348,1.642215367548988,6.0,23.0,2.0,0.9516230396932837,0.3072125066559942,-0.005836615376729271,0.9,1.593855857849121,-0.43080586194992065,0.11066441237926483,0.1406804919242859,direct,SAFE_PROGRESSING,NONE,1,0,"-1.119,5.654;-0.930,6.117;-0.740,6.579;-0.550,7.042;-0.360,7.505;-0.170,7.967;0.020,8.430",0,1,PASS_THROUGH,-1,0.9506749938068251,0.3101404112317495,-0.005475533891257247,0.9,2.4772265595279293,3.0701144525861452,0.0,0,0,0,DIRECT_LOCAL,PASS_THROUGH,0,BYPASS_VISIBLE,1,9,6.0,23.0,2.0,6.0,23.0,2.0,1,
171,5.733333,0.033333,-1.0293288230895996,5.7161736488342285,2.1157450675964355,-0.6986137738707648,0.09418321400880814,1.5813772688120824,-0.4384818976894635,0.1057683308822656,1.644447439334725,6.0,23.0,2.0,0.9520900962717531,0.3057584305285294,-0.006019197784943152,0.9,1.5962928533554077,-0.4285176396369934,0.11083643138408661,0.1410648226737976,direct,SAFE_PROGRESSING,NONE,1,0,"-1.074,5.685;-0.885,6.148;-0.696,6.611;-0.507,7.074;-0.318,7.537;-0.129,7.999;0.060,8.462",0,1,PASS_THROUGH,-1,0.9506749938068251,0.3101404112317495,-0.005475533891257247,0.9,2.459495336163568,3.0584062415389908,0.0,0,0,0,DIRECT_LOCAL,PASS_THROUGH,0,BYPASS_VISIBLE,1,9,6.0,23.0,2.0,6.0,23.0,2.0,1,
172,5.766667,0.033333,-0.9844064712524414,5.747488021850586,2.118913412094116,-0.6954796008906605,0.09419877082109451,1.5842980471308938,-0.436041965456285,0.10575572886949419,1.646607777210609,6.0,23.0,2.0,0.9525556659068197,0.3043012054627925,-0.006203201004856641,0.9,1.5988785028457642,-0.42626452445983887,0.1110229566693306,0.14140747487545013,direct,SAFE_PROGRESSING,NONE,1,0,"-1.029,5.716;-0.841,6.179;-0.653,6.642;-0.464,7.106;-0.276,7.569;-0.087,8.032;0.101,8.495",0,1,PASS_THROUGH,-1,0.9506749938068251,0.3101404112317495,-0.005475533891257247,0.9,2.4425626670824974,3.0472156977885314,0.0,0,0,0,DIRECT_LOCAL,PASS_THROUGH,0,BYPASS_VISIBLE,1,9,6.0,23.0,2.0,6.0,23.0,2.0,1,
173,5.8,0.033333,-0.9395831227302551,5.77906608581543,2.122093439102173,-0.692341105382784,0.09431806951761246,1.5871069531649444,-0.4337229236253327,0.10583699577134377,1.6487041957053794,6.0,23.0,2.0,0.9530210205734371,0.30283678551524634,-0.006388715360491851,0.9,1.6016119718551636,-0.4240405261516571,0.11122266948223114,0.14166535437107086,direct,SAFE_PROGRESSING,NONE,1,0,"-0.984,5.747;-0.797,6.211;-0.609,6.674;-0.422,7.138;-0.234,7.601;-0.046,8.065;0.141,8.528",0,1,PASS_THROUGH,-1,0.9506749938068251,0.3101404112317495,-0.005475533891257247,0.9,2.4264572653936582,3.0365566212007193,0.0,0,0,0,DIRECT_LOCAL,PASS_THROUGH,0,BYPASS_VISIBLE,1,9,6.0,23.0,2.0,6.0,23.0,2.0,1,
174,5.833333,0.033333,-0.8948596715927124,5.810903072357178,2.125286102294922,-0.6891960525072854,0.09450250118970871,1.5898265181807005,-0.4314925918271021,0.10605395356227487,1.6507518456080637,6.0,23.0,2.0,0.9534867614696253,0.301363159881877,-0.006575832128006953,0.9,1.6044247150421143,-0.42188915610313416,0.11142818629741669,0.14171285927295685,direct,SAFE_PROGRESSING,NONE,1,0,"-0.940,5.779;-0.753,6.243;-0.566,6.707;-0.379,7.170;-0.192,7.634;-0.005,8.098;0.182,8.562",1,1,PASS_THROUGH,-1,0.9535073772696228,0.3013696758010087,0.0,0.9,2.411206411230134,3.026441070271682,0.0,0,0,0,DIRECT_LOCAL,PASS_THROUGH,0,BYPASS_VISIBLE,1,9,6.0,23.0,2.0,6.0,23.0,2.0,1,
175,5.866667,0.033333,-0.850237250328064,5.842994213104248,2.128492832183838,-0.686043511694659,0.09471151232719421,1.5924859693227116,-0.4293324498908503,0.10642017664907821,1.652774385394751,6.0,23.0,2.0,0.9539531021441718,0.29987950722327766,-0.006764618025817276,0.9,1.607246994972229,-0.41984453797340393,0.11163442581892014,0.14147785305976868,direct,SAFE_PROGRESSING,NONE,1,0,"-0.895,5.811;-0.709,6.275;-0.523,6.739;-0.336,7.203;-0.150,7.667;0.036,8.131;0.222,8.595",0,1,PASS_THROUGH,-1,0.9534867614696253,0.301363159881877,-0.006575832128006953,0.9,2.3968354204342135,3.0168807370685724,0.0,0,0,0,DIRECT_LOCAL,PASS_THROUGH,0,BYPASS_VISIBLE,1,9,6.0,23.0,2.0,6.0,23.0,2.0,1,
176,5.9,0.033333,-0.8057160973548889,5.875339508056641,2.1317131519317627,-0.6828839164707556,0.0948995053768158,1.5951147794286298,-0.4272364432503832,0.10690736015281693,1.6547964592806355,6.0,23.0,2.0,0.9544198473719415,0.2983862942675465,-0.0069551661231704665,0.9,1.6100376844406128,-0.41791078448295593,0.11184214055538177,0.140970379114151,direct,SAFE_PROGRESSING,NONE,1,0,"-0.850,5.843;-0.665,6.307;-0.479,6.772;-0.294,7.236;-0.109,7.700;0.077,8.165;0.262,8.629",0,1,PASS_THROUGH,-1,0.9534867614696253,0.301363159881877,-0.006575832128006953,0.9,2.383368949426115,3.0078831725336923,0.0,0,0,0,DIRECT_LOCAL,PASS_THROUGH,0,BYPASS_VISIBLE,1,9,6.0,23.0,2.0,6.0,23.0,2.0,1,
177,5.933333,0.033333,-0.7612959742546082,5.907939434051514,2.1349472999572754,-0.6797193585084718,0.0950218141078949,1.59773579806403,-0.4252081747538317,0.10745839003585098,1.6568370402311403,6.0,23.0,2.0,0.9548863282394249,0.2968855231110537,-0.0071474686781533275,0.9,1.6127815246582031,-0.41606488823890686,0.11205662041902542,0.14026358723640442,direct,SAFE_PROGRESSING,NONE,1,0,"-0.806,5.875;-0.621,6.340;-0.436,6.805;-0.252,7.269;-0.067,7.734;0.118,8.199;0.302,8.663",0,1,PASS_THROUGH,-1,0.9534867614696253,0.301363159881877,-0.006575832128006953,0.9,2.37082693253093,2.9994555901579645,0.0,0,0,0,DIRECT_LOCAL,PASS_THROUGH,0,BYPASS_VISIBLE,1,9,6.0,23.0,2.0,6.0,23.0,2.0,1,
178,5.966667,0.033333,-0.7169761061668396,5.940789222717285,2.1381945610046387,-0.6765527610719259,0.09504397958517075,1.6003601517618686,-0.42325476081965396,0.1080113867244234,1.6589043575703533,6.0,23.0,2.0,0.9553516380120377,0.2953800082716997,-0.0073415571323261425,0.9,1.6154794692993164,-0.4142757058143616,0.11228293925523758,0.13943904638290405,direct,SAFE_PROGRESSING,NONE,1,0,"-0.761,5.908;-0.577,6.373;-0.393,6.838;-0.210,7.303;-0.026,7.768;0.158,8.233;0.342,8.698",0,1,PASS_THROUGH,-1,0.9534867614696253,0.301363159881877,-0.006575832128006953,0.9,2.3592285007427103,2.9916099448615454,0.0,0,0,0,DIRECT_LOCAL,PASS_THROUGH,0,BYPASS_VISIBLE,1,9,6.0,23.0,2.0,6.0,23.0,2.0,1,
179,6.0,0.033333,-0.6727554202079773,5.9738874435424805,2.1414551734924316,-0.673387806534647,0.09494763612747192,1.6029879774736935,-0.4213814240901193,0.10851980715278972,1.6609964807421773,6.0,23.0,2.0,0.9558146259595574,0.2938734221747753,-0.007537409440770789,0.9,1.6181344985961914,-0.41252002120018005,0.11252275854349136,0.13855235278606415,direct,SAFE_PROGRESSING,NONE,1,0,"-0.717,5.941;-0.534,6.406;-0.351,6.871;-0.167,7.336;0.016,7.802;0.199,8.267;0.382,8.732",0,1,PASS_THROUGH,-1,0.9534867614696253,0.301363159881877,-0.006575832128006953,0.9,2.3485971276989552,2.9843551832112043,0.0,0,0,0,DIRECT_LOCAL,PASS_THROUGH,0,BYPASS_VISIBLE,1,9,6.0,23.0,2.0,6.0,23.0,2.0,1,
180,6.033333,0.033333,-0.6286326050758362,6.007230758666992,2.144728183746338,-0.6702283266829657,0.0947304368019104,1.6056122590737234,-0.4195871757498447,0.10896176235562129,1.6631045638194848,6.0,23.0,2.0,0.9562741353996032,0.2923695381920159,-0.007735056763126451,0.9,1.620752215385437,-0.4107888340950012,0.11277328431606293,0.13762140274047852,direct,SAFE_PROGRESSING,NONE,1,0,"-0.673,5.974;-0.490,6.439;-0.308,6.905;-0.125,7.370;0.057,7.836;0.239,8.302;0.422,8.767",1,1,PASS_THROUGH,-1,0.9563027441515866,0.292378284980511,0.0,0.9,2.3389525928867974,2.977701853188304,0.0,0,0,0,DIRECT_LOCAL,PASS_THROUGH,0,BYPASS_VISIBLE,1,9,6.0,23.0,2.0,6.0,23.0,2.0,1,
181,6.066667,0.033333,-0.5846067667007446,6.040817737579346,2.1480135917663574,-0.6670779630676476,0.09440148621797562,1.6082233142814963,-0.4178636949011684,0.10933895127009144,1.6652168934946163,6.0,23.0,2.0,0.9567290743184207,0.29087200385394857,-0.007934464556989816,0.9,1.6233408451080322,-0.4090774357318878,0.11302933096885681,0.13665151596069336,direct,SAFE_PROGRESSING,NONE,1,0,"-0.629,6.007;-0.447,6.473;-0.265,6.939;-0.084,7.405;0.098,7.870;0.280,8.336;0.462,8.802",0,1,PASS_THROUGH,-1,0.9562741353996032,0.2923695381920159,-0.007735056763126451,0.9,2.3303156455156975,2.97165842987667,0.0,0,0,0,DIRECT_LOCAL,PASS_THROUGH,0,BYPASS_VISIBLE,1,9,6.0,23.0,2.0,6.0,23.0,2.0,1,
182,6.1,0.033333,-0.5406772494316101,6.074645042419434,2.151311159133911,-0.6639399001537125,0.09397586435079575,1.6108141959612297,-0.4161971864417617,0.10966868416754585,1.6673241113230812,6.0,23.0,2.0,0.957178522220907,0.28938397982782266,-0.008135651050223423,0.9,1.6259026527404785,-0.4073910117149353,0.11328494548797607,0.13562825322151184,direct,SAFE_PROGRESSING,NONE,1,0,"-0.585,6.041;-0.404,6.507;-0.223,6.973;-0.042,7.439;0.139,7.905;0.320,8.371;0.501,8.837",0,1,PASS_THROUGH,-1,0.9562741353996032,0.2923695381920159,-0.007735056763126451,0.9,2.319619346144945,2.9662346600630487,0.0,0,0,0,DIRECT_LOCAL,PASS_THROUGH,0,BYPASS_VISIBLE,1,9,6.0,23.0,2.0,6.0,23.0,2.0,1,
183,6.133333,0.033333,-0.4968438446521759,6.108710289001465,2.15462064743042,-0.6608169343712926,0.09346938133239746,1.6133813903875223,-0.4145715937957523,0.1099731987836455,1.6694200255423535,6.0,23.0,2.0,0.9576216821638022,0.2879082861854135,-0.008338620722151413,0.9,1.6284393072128296,-0.405737042427063,0.1135348230600357,0.13453426957130432,direct,SAFE_PROGRESSING,NONE,1,0,"-0.541,6.075;-0.360,6.541;-0.180,7.007;0.000,7.474;0.180,7.940;0.360,8.407;0.541,8.873",0,1,PASS_THROUGH,-1,0.9562741353996032,0.2923695381920159,-0.007735056763126451,0.9,2.307776118857541,2.9614389413312354,0.0,0,0,0,DIRECT_LOCAL,PASS_THROUGH,0,BYPASS_VISIBLE,1,9,6.0,23.0,2.0,6.0,23.0,2.0,1,
184,6.166667,0.033333,-0.45310667157173157,6.14301061630249,2.1579418182373047,-0.6577119039284667,0.09289504587650299,1.6159254048357097,-0.4129728800213483,0.11027083629258497,1.6715026685480476,6.0,23.0,2.0,0.9580577739986224,0.2864477480555204,-0.008543378414069214,0.9,1.6309469938278198,-0.4041208326816559,0.11377626657485962,0.1333618462085724,direct,SAFE_PROGRESSING,NONE,1,0,"-0.497,6.109;-0.317,6.575;-0.138,7.042;0.042,7.509;0.221,7.975;0.401,8.442;0.580,8.909",0,1,PASS_THROUGH,-1,0.9562741353996032,0.2923695381920159,-0.007735056763126451,0.9,2.2969548475700376,2.957279562146917,0.0,0,0,0,DIRECT_LOCAL,PASS_THROUGH,0,BYPASS_VISIBLE,1,9,6.0,23.0,2.0,6.0,23.0,2.0,1,
185,6.2,0.033333,-0.4094659090042114,6.177544593811035,2.1612746715545654,-0.6546265818838064,0.0922618955373764,1.6184496065085403,-0.4113914595860334,0.11057104132883422,1.6735734274326057,6.0,23.0,2.0,0.9584863396824781,0.2850041673186079,-0.008749928748973587,0.9,1.633424162864685,-0.40254202485084534,0.11400885879993439,0.13211889564990997,direct,SAFE_PROGRESSING,NONE,1,0,"-0.453,6.143;-0.274,6.610;-0.096,7.077;0.083,7.544;0.262,8.011;0.441,8.478;0.619,8.945",0,1,PASS_THROUGH,-1,0.9562741353996032,0.2923695381920159,-0.007735056763126451,0.9,2.287177597001369,2.953763235565192,0.0,0,0,0,DIRECT_LOCAL,PASS_THROUGH,0,BYPASS_VISIBLE,1,9,6.0,23.0,2.0,6.0,23.0,2.0,1,
186,6.233333,0.033333,-0.3659217059612274,6.21230936050415,2.164618492126465,-0.6515631488609248,0.09157577902078629,1.6209580228853573,-0.4098223400086572,0.1108741190200529,1.6756349043258352,6.0,23.0,2.0,0.9589068242481682,0.2835797091572366,-0.008958290271575345,0.9,1.6358683109283447,-0.40099644660949707,0.11423392593860626,0.13082166016101837,direct,SAFE_PROGRESSING,NONE,1,0,"-0.409,6.178;-0.231,6.645;-0.053,7.112;0.125,7.579;0.303,8.046;0.481,8.514;0.659,8.981",1,1,PASS_THROUGH,-1,0.9589453031629601,0.2835910886147496,0.0,0.9,2.278464031343849,2.950897507578639,0.0,0,0,0,DIRECT_LOCAL,PASS_THROUGH,0,BYPASS_VISIBLE,1,9,6.0,23.0,2.0,6.0,23.0,2.0,1,
187,6.266667,0.033333,-0.3224741518497467,6.2473039627075195,2.1679728031158447,-0.6485235035767679,0.09084109961986542,1.6234534836102796,-0.4082643782713175,0.11117399822216084,1.6776890873735573,6.0,23.0,2.0,0.9593187558213705,0.2821763002351079,-0.009168441250503142,0.9,1.6382790803909302,-0.3994746804237366,0.11445332318544388,0.1294977366924286,direct,SAFE_PROGRESSING,NONE,1,0,"-0.366,6.212;-0.189,6.680;-0.011,7.147;0.166,7.615;0.343,8.082;0.520,8.550;0.698,9.017",0,1,PASS_THROUGH,-1,0.9589068242481682,0.2835797091572366,-0.008958290271575345,0.9,2.270833860238042,2.94868802930305,0.0,0,0,0,DIRECT_LOCAL,PASS_THROUGH,0,BYPASS_VISIBLE,1,9,6.0,23.0,2.0,6.0,23.0,2.0,1,
188,6.3,0.033333,-0.27912330627441406,6.282524585723877,2.171337366104126,-0.6455092745236067,0.09006284177303314,1.6259366828802537,-0.4067195290064014,0.11146257300169973,1.6797365201694556,6.0,23.0,2.0,0.9597217577945667,0.280795577244772,-0.009380373952148064,0.9,1.640657663345337,-0.39796844124794006,0.11466868966817856,0.12817354500293732,direct,SAFE_PROGRESSING,NONE,1,0,"-0.322,6.247;-0.146,6.715;0.031,7.183;0.207,7.651;0.384,8.118;0.560,8.586;0.737,9.054",0,1,PASS_THROUGH,-1,0.9589068242481682,0.2835797091572366,-0.008958290271575345,0.9,2.264303848472088,2.9471423784322517,0.0,0,0,0,DIRECT_LOCAL,PASS_THROUGH,0,BYPASS_VISIBLE,1,9,6.0,23.0,2.0,6.0,23.0,2.0,1,
189,6.333333,0.033333,-0.23586897552013397,6.317971706390381,2.1747121810913086,-0.6425216562046242,0.08924782276153564,1.6284069774477095,-0.40518836438468986,0.11173305955876787,1.68177619540517,6.0,23.0,2.0,0.9601155661949249,0.27943881788092073,-0.009594092531990886,0.9,1.6430038213729858,-0.39647427201271057,0.11488009244203568,0.12686005234718323,direct,SAFE_PROGRESSING,NONE,1,0,"-0.279,6.283;-0.103,6.751;0.072,7.219;0.248,7.687;0.424,8.155;0.600,8.623;0.776,9.091",0,1,PASS_THROUGH,-1,0.9589068242481682,0.2835797091572366,-0.008958290271575345,0.9,2.2588917622543705,2.9462644789451082,0.0,0,0,0,DIRECT_LOCAL,PASS_THROUGH,0,BYPASS_VISIBLE,1,9,6.0,23.0,2.0,6.0,23.0,2.0,1,
190,6.366667,0.033333,-0.19271104037761688,6.353641986846924,2.1780972480773926,-0.6395618157830036,0.0884043425321579,1.6308619179125257,-0.40367145060369647,0.11198192689139733,1.6838055669465297,6.0,23.0,2.0,0.9604999495917884,0.2781072064027884,-0.009809616761572016,0.9,1.6453200578689575,-0.39499032497406006,0.11508677154779434,0.12556539475917816,direct,SAFE_PROGRESSING,NONE,1,0,"-0.236,6.318;-0.061,6.786;0.114,7.255;0.289,7.723;0.464,8.191;0.639,8.660;0.815,9.128",0,1,PASS_THROUGH,-1,0.9589068242481682,0.2835797091572366,-0.008958290271575345,0.9,2.2546103916390243,2.9460608359473803,0.0,0,0,0,DIRECT_LOCAL,PASS_THROUGH,0,BYPASS_VISIBLE,1,9,6.0,23.0,2.0,6.0,23.0,2.0,1,
191,6.4,0.033333,-0.14964938163757324,6.389533042907715,2.1814918518066406,-0.6366303993683533,0.08754132688045502,1.6332986498644273,-0.4021669713542182,0.11220981564974424,1.6858214007495975,6.0,23.0,2.0,0.9608748054434728,0.27680149609869886,-0.010026964719701263,0.9,1.6476117372512817,-0.39351481199264526,0.1152874231338501,0.12429291754961014,direct,SAFE_PROGRESSING,NONE,1,0,"-0.193,6.354;-0.018,6.822;0.156,7.291;0.330,7.760;0.505,8.228;0.679,8.697;0.853,9.165",0,1,PASS_THROUGH,-1,0.9589068242481682,0.2835797091572366,-0.008958290271575345,0.9,2.2514740574414973,2.9465367602326267,0.0,0,0,0,DIRECT_LOCAL,PASS_THROUGH,0,BYPASS_VISIBLE,1,9,6.0,23.0,2.0,6.0,23.0,2.0,1,
192,6.433333,0.033333,-0.10668398439884186,6.425642967224121,2.184896230697632,-0.6337277943198675,0.0866675078868866,1.6357158306115045,-0.40067208603462545,0.11242085162070228,1.6878219239361554,6.0,23.0,2.0,0.9612401098510379,0.2755221739637389,-0.010246114769014407,0.9,1.6498758792877197,-0.39204853773117065,0.11548136174678802,0.12304587662220001,direct,SAFE_PROGRESSING,NONE,1,0,"-0.150,6.390;0.024,6.858;0.198,7.327;0.371,7.796;0.545,8.265;0.718,8.734;0.892,9.203",1,1,PASS_THROUGH,-1,0.9612905706959327,0.2755366376565696,0.0,0.9,2.2494945568642306,2.9476966919402,0.0,0,0,0,DIRECT_LOCAL,PASS_THROUGH,0,BYPASS_VISIBLE,1,9,6.0,23.0,2.0,6.0,23.0,2.0,1,
193,6.466667,0.033333,-0.06381489336490631,6.461968898773193,2.188309669494629,-0.6308545788167024,0.08579066395759583,1.638111665286841,-0.3991851320350175,0.11262001343825696,1.6898052742885716,6.0,23.0,2.0,0.9615957903353048,0.2742698959834514,-0.010467099247035221,0.9,1.6521203517913818,-0.39058950543403625,0.11566729843616486,0.12182711809873581,direct,SAFE_PROGRESSING,NONE,1,0,"-0.107,6.426;0.066,6.895;0.239,7.364;0.412,7.833;0.585,8.302;0.758,8.771;0.930,9.241",0,1,PASS_THROUGH,-1,0.9612401098510379,0.2755221739637389,-0.010246114769014407,0.9,2.24868145751559,2.9495452922462375,0.0,0,0,0,DIRECT_LOCAL,PASS_THROUGH,0,BYPASS_VISIBLE,1,9,6.0,23.0,2.0,6.0,23.0,2.0,1,
194,6.5,0.033333,-0.021042177453637123,6.498508453369141,2.191732406616211,-0.6280102895500689,0.08491745591163635,1.6404863826630702,-0.39770311477591513,0.11281198898874578,1.6917712268699419,6.0,23.0,2.0,0.9619420560355847,0.2730443314737655,-0.01068989616771504,0.9,1.6543397903442383,-0.3891434669494629,0.11584437638521194,0.12062671780586243,direct,SAFE_PROGRESSING,NONE,1,0,"-0.064,6.462;0.108,6.931;0.280,7.401;0.453,7.870;0.625,8.340;0.797,8.809;0.969,9.279",0,1,PASS_THROUGH,-1,0.9612401098510379,0.2755221739637389,-0.010246114769014407,0.9,2.2490431676366174,2.952086366144419,0.0,0,0,0,DIRECT_LOCAL,PASS_THROUGH,0,BYPASS_VISIBLE,1,9,6.0,23.0,2.0,6.0,23.0,2.0,1,
195,6.533333,0.033333,0.021634044125676155,6.5352606773376465,2.1951637268066406,-0.6251949294731067,0.08405269682407379,1.642839313604362,-0.39622523388288844,0.11299932331452447,1.693719071557955,6.0,23.0,2.0,0.9622789875506109,0.2718455866533347,-0.01091453781318479,0.9,1.656535267829895,-0.3877080976963043,0.11601285636425018,0.11945253610610962,direct,SAFE_PROGRESSING,NONE,1,0,"-0.021,6.499;0.150,6.968;0.322,7.438;0.493,7.908;0.665,8.377;0.836,8.847;1.007,9.317",0,1,PASS_THROUGH,-1,0.9612401098510379,0.2755221739637389,-0.010246114769014407,0.9,2.250585779684681,2.9553221806868537,0.0,0,0,0,DIRECT_LOCAL,PASS_THROUGH,0,BYPASS_VISIBLE,1,9,6.0,23.0,2.0,6.0,23.0,2.0,1,
196,6.566667,0.033333,0.06421366333961487,6.572222709655762,2.198603868484497,-0.6224081646346228,0.08319967985153198,1.6451716573730364,-0.39475134721932026,0.11318217672028888,1.6956499088792338,6.0,23.0,2.0,0.9626067635884625,0.27067341343606993,-0.011141003213903867,0.9,1.6587053537368774,-0.38628435134887695,0.11617303639650345,0.11830546706914902,direct,SAFE_PROGRESSING,NONE,1,0,"0.022,6.535;0.192,7.005;0.363,7.475;0.534,7.945;0.704,8.415;0.875,8.885;1.046,9.355",0,1,PASS_THROUGH,-1,0.9612401098510379,0.2755221739637389,-0.010246114769014407,0.9,2.2533123726653845,2.959255924342814,0.0,0,0,0,DIRECT_LOCAL,PASS_THROUGH,0,BYPASS_VISIBLE,1,9,6.0,23.0,2.0,6.0,23.0,2.0,1,
197,6.6,0.033333,0.10669665783643723,6.609393119812012,2.202052593231201,-0.6196497235503707,0.08236086368560791,1.6474825947631435,-0.39328254269564533,0.11335910497511538,1.6975630607189267,6.0,23.0,2.0,0.9629255316476943,0.26952765898580106,-0.011369324634247448,0.9,1.6608521938323975,-0.3848700523376465,0.11632547527551651,0.11719033122062683,direct,SAFE_PROGRESSING,NONE,1,0,"0.064,6.572;0.234,7.042;0.404,7.513;0.574,7.983;0.744,8.453;0.914,8.923;1.084,9.394",0,1,PASS_THROUGH,-1,0.9612401098510379,0.2755221739637389,-0.010246114769014407,0.9,2.257225493573539,2.963889344365739,0.0,0,0,0,DIRECT_LOCAL,PASS_THROUGH,0,BYPASS_VISIBLE,1,9,6.0,23.0,2.0,6.0,23.0,2.0,1,
198,6.633333,0.033333,0.14908291399478912,6.646769046783447,2.2055094242095947,-0.6169188895853818,0.08153818547725677,1.649773766387928,-0.39181985173950085,0.11352840167696573,1.6994602009068351,6.0,23.0,2.0,0.9632355621219304,0.2684077183563034,-0.011599508196989768,0.9,1.6629737615585327,-0.38346561789512634,0.11647062003612518,0.11610780656337738,direct,SAFE_PROGRESSING,NONE,1,0,"0.107,6.609;0.276,7.080;0.445,7.550;0.614,8.021;0.783,8.491;0.953,8.962;1.122,9.432",1,1,PASS_THROUGH,-1,0.9633003696553847,0.26842577711873983,0.0,0.9,2.261613455000499,2.9692246427114877,0.0,0,0,0,DIRECT_LOCAL,PASS_THROUGH,0,BYPASS_VISIBLE,1,9,6.0,23.0,2.0,6.0,23.0,2.0,1,
199,6.666667,0.033333,0.19137254357337952,6.6843485832214355,2.208974599838257,-0.6142152131048054,0.08073332905769348,1.6520433869360263,-0.39036467659252766,0.11368867826794718,1.7013397804720134,6.0,23.0,2.0,0.9635370429649359,0.26731326447925613,-0.011831545454020263,0.9,1.665073037147522,-0.38206782937049866,0.11660899221897125,0.11506495624780655,direct,SAFE_PROGRESSING,NONE,1,0,"0.149,6.647;0.318,7.118;0.486,7.588;0.654,8.059;0.823,8.530;0.991,9.001;1.160,9.471",0,1,PASS_THROUGH,-1,0.9632355621219304,0.2684077183563034,-0.011599508196989768,0.9,2.2643797506561745,2.975263032291878,0.0,0,0,0,DIRECT_LOCAL,PASS_THROUGH,0,BYPASS_VISIBLE,1,9,6.0,23.0,2.0,6.0,23.0,2.0,1,
200,6.7,0.033333,0.23356544971466064,6.7221293449401855,2.2124476432800293,-0.6115381067140273,0.07994791865348816,1.654290703852989,-0.3889198148226386,0.11383952283857714,1.7032016299241286,6.0,23.0,2.0,0.9638301963157401,0.2662438301803104,-0.012065469774512935,0.9,1.6671503782272339,-0.3806750476360321,0.11674072593450546,0.11406552046537399,direct,SAFE_PROGRESSING,NONE,1,0,"0.191,6.684;0.359,7.155;0.527,7.626;0.694,8.097;0.862,8.569;1.030,9.040;1.198,9.511",0,1,PASS_THROUGH,-1,0.9632355621219304,0.2684077183563034,-0.011599508196989768,0.9,2.26834040339127,2.9820054134239093,0.0,0,0,0,DIRECT_LOCAL,PASS_THROUGH,0,BYPASS_VISIBLE,1,9,6.0,23.0,2.0,6.0,23.0,2.0,1,
201,6.733333,0.033333,0.27566173672676086,6.760108947753906,2.215928077697754,-0.6088868231339385,0.0791838988661766,1.6565149791444267,-0.38748426006191833,0.1139815020728969,1.705044782620206,6.0,23.0,2.0,0.9641152834944775,0.26519879112056816,-0.012301273127306842,0.9,1.6692063808441162,-0.3792872726917267,0.11686577647924423,0.11311003565788269,direct,SAFE_PROGRESSING,NONE,1,0,"0.234,6.722;0.401,7.193;0.567,7.665;0.734,8.136;0.901,8.607;1.068,9.079;1.235,9.550",0,1,PASS_THROUGH,-1,0.9632355621219304,0.2684077183563034,-0.011599508196989768,0.9,2.2734954062117283,2.989452343178766,0.0,0,0,0,DIRECT_LOCAL,PASS_THROUGH,0,BYPASS_VISIBLE,1,9,6.0,23.0,2.0,6.0,23.0,2.0,1,
202,6.766667,0.033333,0.3176613748073578,6.798286437988281,2.2194159030914307,-0.6062606098735744,0.07844321429729462,1.6587158607556332,-0.3860589371499157,0.11411556800410233,1.7068691140613337,6.0,23.0,2.0,0.9643925595579574,0.26417752718062487,-0.012538947403253897,0.9,1.6712419986724854,-0.37790629267692566,0.11698342114686966,0.11219276487827301,direct,SAFE_PROGRESSING,NONE,1,0,"0.276,6.760;0.442,7.232;0.608,7.703;0.774,8.175;0.941,8.646;1.107,9.118;1.273,9.589",0,1,PASS_THROUGH,-1,0.9632355621219304,0.2684077183563034,-0.011599508196989768,0.9,2.27984292817856,2.997602887302409,0.0,0,0,0,DIRECT_LOCAL,PASS_THROUGH,0,BYPASS_VISIBLE,1,9,6.0,23.0,2.0,6.0,23.0,2.0,1,
203,6.8,0.033333,0.3595643639564514,6.8366594314575195,2.2229111194610596,-0.6036584527797255,0.07772739976644516,1.6608932268027408,-0.3846437566199198,0.11424267769581874,1.7086744920414232,6.0,23.0,2.0,0.9646623526823865,0.2631791308599013,-0.012778513102466688,0.9,1.6732555627822876,-0.3765345811843872,0.11709342896938324,0.11131026595830917,direct,SAFE_PROGRESSING,NONE,1,0,"0.318,6.798;0.483,7.270;0.649,7.742;0.814,8.214;0.980,8.686;1.145,9.157;1.311,9.629",0,1,PASS_THROUGH,-1,0.9632355621219304,0.2684077183563034,-0.011599508196989768,0.9,2.2873781939405182,3.006456600946328,0.0,0,0,0,DIRECT_LOCAL,PASS_THROUGH,0,BYPASS_VISIBLE,1,9,6.0,23.0,2.0,6.0,23.0,2.0,1,
204,6.833333,0.033333,0.40137070417404175,6.87522554397583,2.2264137268066406,-0.6010797925260666,0.07703711092472076,1.6630464177944564,-0.38323797996027326,0.11436342534565913,1.7104600930977014,6.0,23.0,2.0,0.9649248585072502,0.2622031603462834,-0.013019989984035885,0.9,1.675248146057129,-0.37517285346984863,0.11719557642936707,0.11045924574136734,direct,SAFE_PROGRESSING,NONE,1,0,"0.360,6.837;0.524,7.309;0.689,7.781;0.854,8.253;1.019,8.725;1.183,9.197;1.348,9.669",1,1,PASS_THROUGH,-1,0.9650066560052979,0.2622253875304081,0.0,0.9,2.2960955446124394,3.0160125584498947,0.0,0,0,0,DIRECT_LOCAL,PASS_THROUGH,0,BYPASS_VISIBLE,1,9,6.0,23.0,2.0,6.0,23.0,2.0,1,
205,6.866667,0.033333,0.443080335855484,6.91398286819458,2.2299230098724365,-0.5985237365949205,0.07637232542037964,1.6651759573287737,-0.38184216502962887,0.11447816983901185,1.712226521004158,6.0,23.0,2.0,0.9651803561771245,0.2612488513339564,-0.013263397999286134,0.9,1.6772198677062988,-0.3738197684288025,0.11729031056165695,0.10964295268058777,direct,SAFE_PROGRESSING,NONE,1,0,"0.401,6.875;0.565,7.348;0.729,7.820;0.893,8.292;1.057,8.765;1.221,9.237;1.385,9.709",0,1,PASS_THROUGH,-1,0.9649248585072502,0.2622031603462834,-0.013019989984035885,0.9,2.3059874867853116,3.0262690297698276,0.0,0,0,0,DIRECT_LOCAL,PASS_THROUGH,0,BYPASS_VISIBLE,1,9,6.0,23.0,2.0,6.0,23.0,2.0,1,
206,6.9,0.033333,0.4846932590007782,6.9529290199279785,2.2334389686584473,-0.595989448514121,0.07573268562555313,1.6672820582945223,-0.3804568946371261,0.11458709337555774,1.7139740699777233,6.0,23.0,2.0,0.9654291093522797,0.2603154805569065,-0.013508715619587278,0.9,1.6791718006134033,-0.37247592210769653,0.11737771332263947,0.10885867476463318,direct,SAFE_PROGRESSING,NONE,1,0,"0.443,6.914;0.606,7.387;0.770,7.859;0.933,8.332;1.096,8.804;1.259,9.277;1.423,9.750",0,1,PASS_THROUGH,-1,0.9649248585072502,0.2622031603462834,-0.013019989984035885,0.9,2.3170444394703114,3.0372241653558736,0.0,0,0,0,DIRECT_LOCAL,PASS_THROUGH,0,BYPASS_VISIBLE,1,9,6.0,23.0,2.0,6.0,23.0,2.0,1,
207,6.933333,0.033333,0.5262093544006348,6.992062568664551,2.2369613647460938,-0.5934760743711774,0.07511767745018005,1.669364032498366,-0.37908220696437456,0.11469026403377905,1.7157020281215278,6.0,23.0,2.0,0.9656713781212126,0.2594023187328183,-0.013755962834912145,0.9,1.6811034679412842,-0.37113919854164124,0.11745839565992355,0.10811052471399307,direct,SAFE_PROGRESSING,NONE,1,0,"0.485,6.953;0.647,7.426;0.810,7.899;0.972,8.371;1.135,8.844;1.297,9.317;1.460,9.790",0,1,PASS_THROUGH,-1,0.9649248585072502,0.2622031603462834,-0.013019989984035885,0.9,2.329255489157006,3.048875020896028,0.0,0,0,0,DIRECT_LOCAL,PASS_THROUGH,0,BYPASS_VISIBLE,1,9,6.0,23.0,2.0,6.0,23.0,2.0,1,
208,6.966667,0.033333,0.5676286816596985,7.031381130218506,2.240489959716797,-0.590982718185075,0.07452689111232758,1.6714226766841336,-0.37771997313267786,0.11478737816082635,1.717411507013488,6.0,23.0,2.0,0.9659074358516936,0.25850857092026097,-0.014005146453030191,0.9,1.683013677597046,-0.36981201171875,0.1175321564078331,0.10739236325025558,direct,SAFE_PROGRESSING,NONE,1,0,"0.526,6.992;0.688,7.465;0.850,7.938;1.012,8.411;1.173,8.884;1.335,9.358;1.497,9.831",0,1,PASS_THROUGH,-1,0.9649248585072502,0.2622031603462834,-0.013019989984035885,0.9,2.342607520173919,3.0612189270907013,0.0,0,0,0,DIRECT_LOCAL,PASS_THROUGH,0,BYPASS_VISIBLE,1,9,6.0,23.0,2.0,6.0,23.0,2.0,1,
209,7.0,0.033333,0.608951210975647,7.070883274078369,2.2440245151519775,-0.5885085769403794,0.07395979017019272,1.6734576494798692,-0.3763701486215365,0.11487784498084241,1.719102065801658,6.0,23.0,2.0,0.9661375204026903,0.2576335582957994,-0.01425627265402151,0.9,1.6849031448364258,-0.36849525570869446,0.11759902536869049,0.10670217871665955,direct,SAFE_PROGRESSING,NONE,1,0,"0.568,7.031;0.729,7.505;0.890,7.978;1.051,8.451;1.212,8.925;1.373,9.398;1.534,9.872",0,1,PASS_THROUGH,-1,0.9649248585072502,0.2622031603462834,-0.013019989984035885,0.9,2.3570866438982203,3.074252192034357,0.0,0,0,0,DIRECT_LOCAL,PASS_THROUGH,0,BYPASS_VISIBLE,1,9,6.0,23.0,2.0,6.0,23.0,2.0,1,
210,7.033333,0.033333,0.6501769423484802,7.110567092895508,2.2475650310516357,-0.5860529377686792,0.07341557741165161,1.6754689408842707,-0.37503276795623725,0.11496139810136774,1.720773626007267,6.0,23.0,2.0,0.9663618487138721,0.25677666591689075,-0.014509348397245693,0.9,1.6867733001708984,-0.36718741059303284,0.11765916645526886,0.10604231059551239,direct,SAFE_PROGRESSING,NONE,1,0,"0.609,7.071;0.769,7.544;0.930,8.018;1.090,8.492;1.250,8.965;1.410,9.439;1.571,9.913",1,1,PASS_THROUGH,-1,0.9664635846009461,0.2568036986499417,0.0,0.9,2.372677041345119,3.087971026929239,0.0,0,0,0,DIRECT_LOCAL,PASS_THROUGH,0,BYPASS_VISIBLE,1,9,6.0,23.0,2.0,6.0,23.0,2.0,1,
211,7.066667,0.033333,0.6913057565689087,7.150430202484131,2.2511112689971924,-0.5836150777850112,0.07289352267980576,1.6774563314896669,-0.3737079629798463,0.11503822291494321,1.7224259572999778,6.0,23.0,2.0,0.9665806339559828,0.25593727886858303,-0.014764394555668319,0.9,1.6886248588562012,-0.36588791012763977,0.11771254241466522,0.105411596596241,direct,SAFE_PROGRESSING,NONE,1,0,"0.650,7.111;0.810,7.584;0.969,8.058;1.129,8.532;1.288,9.006;1.448,9.480;1.607,9.954",0,1,PASS_THROUGH,-1,0.9663618487138721,0.25677666591689075,-0.014509348397245693,0.9,2.3893619522719454,3.1023714017961788,0.0,0,0,0,DIRECT_LOCAL,PASS_THROUGH,0,BYPASS_VISIBLE,1,9,6.0,23.0,2.0,6.0,23.0,2.0,1,
212,7.1,0.033333,0.7323375940322876,7.190471172332764,2.2546629905700684,-0.5811942027822846,0.07239297777414322,1.6794202511288463,-0.37239608430830806,0.115108680231733,1.7240595209488936,6.0,23.0,2.0,0.9667941038504793,0.2551147149329817,-0.015021417530061209,0.9,1.6904550790786743,-0.3646007180213928,0.11775892972946167,0.10480105876922607,direct,SAFE_PROGRESSING,NONE,1,0,"0.691,7.150;0.850,7.625;1.009,8.099;1.168,8.573;1.327,9.047;1.485,9.521;1.644,9.995",0,1,PASS_THROUGH,-1,0.9663618487138721,0.25677666591689075,-0.014509348397245693,0.9,2.4071236118496766,3.117448462818336,0.0,0,0,0,DIRECT_LOCAL,PASS_THROUGH,0,BYPASS_VISIBLE,1,9,6.0,23.0,2.0,6.0,23.0,2.0,1,
213,7.133333,0.033333,0.7732725143432617,7.230688095092773,2.2582197189331055,-0.5787896669815117,0.07191295176744461,1.6813604807989153,-0.37109703366349295,0.11517292821304924,1.7256740358999934,6.0,23.0,2.0,0.9670024487700348,0.25430842042130747,-0.015280424587552357,0.9,1.6922670602798462,-0.36332154273986816,0.11779863387346268,0.10421952605247498,direct,SAFE_PROGRESSING,NONE,1,0,"0.732,7.190;0.890,7.665;1.048,8.139;1.207,8.614;1.365,9.088;1.523,9.562;1.681,10.037",0,1,PASS_THROUGH,-1,0.9663618487138721,0.25677666591689075,-0.014509348397245693,0.9,2.425942849900743,3.1331973614342568,0.0,0,0,0,DIRECT_LOCAL,PASS_THROUGH,0,BYPASS_VISIBLE,1,9,6.0,23.0,2.0,6.0,23.0,2.0,1,
214,7.166667,0.033333,0.8141103982925415,7.271080493927002,2.261781692504883,-0.5764008388726103,0.0714525654911995,1.683277101820688,-0.36981053845859074,0.11523130684327126,1.7272694896702412,6.0,23.0,2.0,0.9672058488427792,0.25351787035803436,-0.015541408348217737,0.9,1.6940618753433228,-0.3620511591434479,0.1178315207362175,0.10366299748420715,direct,SAFE_PROGRESSING,NONE,1,0,"0.773,7.231;0.931,7.705;1.088,8.180;1.245,8.655;1.403,9.129;1.560,9.604;1.717,10.078",0,1,PASS_THROUGH,-1,0.9663618487138721,0.25677666591689075,-0.014509348397245693,0.9,2.44579995758439,3.1496120767681512,0.0,0,0,0,DIRECT_LOCAL,PASS_THROUGH,0,BYPASS_VISIBLE,1,9,6.0,23.0,2.0,6.0,23.0,2.0,1,
215,7.2,0.033333,0.8548511266708374,7.3116455078125,2.265348434448242,-0.5740269956333524,0.0710112452507019,1.6851706181524926,-0.3685368454045236,0.11528417523622268,1.7288463956537803,6.0,23.0,2.0,0.9674045133847021,0.25274241480728415,-0.01580440572404615,0.9,1.695835828781128,-0.36079198122024536,0.11785752326250076,0.10312715172767639,direct,SAFE_PROGRESSING,NONE,1,0,"0.814,7.271;0.971,7.746;1.127,8.221;1.284,8.696;1.440,9.171;1.597,9.645;1.753,10.120",0,1,PASS_THROUGH,-1,0.9663618487138721,0.25677666591689075,-0.014509348397245693,0.9,2.4643914092118777,3.1666874352854415,0.0,0,0,0,DIRECT_LOCAL,PASS_THROUGH,0,BYPASS_VISIBLE,1,9,6.0,23.0,2.0,6.0,23.0,2.0,1,
216,7.233333,0.033333,0.8954947590827942,7.352382183074951,2.2689199447631836,-0.5716675709489867,0.0705881342291832,1.687041257215268,-0.367275723749166,0.11533124786098765,1.730404853649896,6.0,23.0,2.0,0.967598598633435,0.2519815985919153,-0.016069408628684754,0.9,1.6975924968719482,-0.3595427870750427,0.11787644028663635,0.10261249542236328,direct,SAFE_PROGRESSING,NONE,1,0,"0.855,7.312;1.011,7.787;1.166,8.262;1.322,8.737;1.478,9.212;1.634,9.687;1.790,10.162",1,1,PASS_THROUGH,-1,0.9677235523400933,0.2520141389808723,0.0,0.9,2.4813745063301353,3.1844172100606394,0.0,0,0,0,DIRECT_LOCAL,PASS_THROUGH,0,BYPASS_VISIBLE,1,9,6.0,23.0,2.0,6.0,23.0,2.0,1,
217,7.266667,0.033333,0.9360411167144775,7.393284320831299,2.2724952697753906,-0.5693218803416066,0.07018237560987473,1.6888894056789907,-0.3660270858298494,0.11537219619991217,1.7319451480436145,6.0,23.0,2.0,0.9677882942862223,0.25123482677370396,-0.016336439592258646,0.9,1.6993281841278076,-0.3583053946495056,0.11788833141326904,0.10211540758609772,direct,SAFE_PROGRESSING,NONE,1,0,"0.895,7.352;1.051,7.828;1.206,8.303;1.361,8.778;1.516,9.254;1.671,9.729;1.826,10.204",0,1,PASS_THROUGH,-1,0.967598598633435,0.2519815985919153,-0.016069408628684754,0.9,2.499402245557847,3.202796997689195,0.0,0,0,0,DIRECT_LOCAL,PASS_THROUGH,0,BYPASS_VISIBLE,1,9,6.0,23.0,2.0,6.0,23.0,2.0,1,
218,7.3,0.033333,0.9764901399612427,7.4343581199646,2.2760751247406006,-0.5669893748848212,0.06979294121265411,1.690715228240964,-0.3647908656873036,0.11540637169608459,1.733467331484168,6.0,23.0,2.0,0.9679737331805409,0.2505017178175304,-0.016605458228941498,0.9,1.701045274734497,-0.3570798635482788,0.1178930401802063,0.10163402557373047,direct,SAFE_PROGRESSING,NONE,1,0,"0.936,7.393;1.090,7.869;1.245,8.344;1.399,8.820;1.553,9.296;1.708,9.771;1.862,10.247",0,1,PASS_THROUGH,-1,0.967598598633435,0.2519815985919153,-0.016069408628684754,0.9,2.5184582612999855,3.2218167824029535,0.0,0,0,0,DIRECT_LOCAL,PASS_THROUGH,0,BYPASS_VISIBLE,1,9,6.0,23.0,2.0,6.0,23.0,2.0,1,
219,7.333333,0.033333,1.0168417692184448,7.475596904754639,2.279658794403076,-0.5646695080396947,0.06941867619752884,1.6925190231156697,-0.36356673877629475,0.115433555087456,1.7349715625314956,6.0,23.0,2.0,0.9681551004658788,0.2497816725122221,-0.01687653752703137,0.9,1.702744722366333,-0.35586273670196533,0.11789106577634811,0.10117459297180176,direct,SAFE_PROGRESSING,NONE,1,0,"0.976,7.434;1.130,7.910;1.284,8.386;1.437,8.862;1.591,9.338;1.744,9.814;1.898,10.289",0,1,PASS_THROUGH,-1,0.967598598633435,0.2519815985919153,-0.016069408628684754,0.9,2.5385201988203137,3.2414719660408347,0.0,0,0,0,DIRECT_LOCAL,PASS_THROUGH,0,BYPASS_VISIBLE,1,9,6.0,23.0,2.0,6.0,23.0,2.0,1,
220,7.366667,0.033333,1.0570957660675049,7.517000198364258,2.2832460403442383,-0.5623619598824305,0.06905876845121384,1.694300967353684,-0.3623552852632099,0.11545394525769925,1.736458100332219,6.0,23.0,2.0,0.9683324636005347,0.24907454586494354,-0.01714965129358116,0.9,1.7044265270233154,-0.354655385017395,0.11788220703601837,0.10073325037956238,direct,SAFE_PROGRESSING,NONE,1,0,"1.017,7.476;1.170,7.952;1.322,8.428;1.475,8.904;1.628,9.380;1.781,9.856;1.934,10.332",0,1,PASS_THROUGH,-1,0.967598598633435,0.2519815985919153,-0.016069408628684754,0.9,2.559570540645606,3.2617548494570348,0.0,0,0,0,DIRECT_LOCAL,PASS_THROUGH,0,BYPASS_VISIBLE,1,9,6.0,23.0,2.0,6.0,23.0,2.0,1,
221,7.4,0.033333,1.0972521305084229,7.558566093444824,2.286836624145508,-0.560065972076877,0.06871272623538971,1.6960614159267373,-0.36115550793763407,0.11546774909782934,1.737927049271867,6.0,23.0,2.0,0.9685060288816129,0.24837964505506888,-0.017424808242454737,0.9,1.7060898542404175,-0.35345757007598877,0.11786642670631409,0.10031008720397949,direct,SAFE_PROGRESSING,NONE,1,0,"1.057,7.517;1.209,7.993;1.361,8.470;1.513,8.946;1.665,9.422;1.817,9.899;1.969,10.375",0,1,PASS_THROUGH,-1,0.967598598633435,0.2519815985919153,-0.016069408628684754,0.9,2.581588398035683,3.282658347156483,0.0,0,0,0,DIRECT_LOCAL,PASS_THROUGH,0,BYPASS_VISIBLE,1,9,6.0,23.0,2.0,6.0,23.0,2.0,1,
222,7.433333,0.033333,1.1373107433319092,7.600293159484863,2.2904303073883057,-0.5577814156809534,0.06838005036115646,1.6978001802004363,-0.35996779986954236,0.1154748592528921,1.7393782544205354,6.0,23.0,2.0,0.9686758340323736,0.24769692609535254,-0.017702015834337333,0.9,1.707735300064087,-0.3522707223892212,0.11784326285123825,0.09990102052688599,direct,SAFE_PROGRESSING,NONE,1,0,"1.097,7.559;1.249,8.035;1.400,8.512;1.551,8.988;1.702,9.465;1.854,9.941;2.005,10.418",1,1,PASS_THROUGH,-1,0.9688276425020906,0.24773574454212605,0.0,0.9,2.604553205452758,3.3041748821888053,0.0,0,0,0,DIRECT_LOCAL,PASS_THROUGH,0,BYPASS_VISIBLE,1,9,6.0,23.0,2.0,6.0,23.0,2.0,1,
223,7.466667,0.033333,1.1772713661193848,7.642180919647217,2.2940268516540527,-0.5555077383797234,0.06806021928787231,1.6995177097222434,-0.3587917272195904,0.11547512747080663,1.7408120100243898,6.0,23.0,2.0,0.9688420245645584,0.24702591955846132,-0.01798128204395792,0.9,1.709362506866455,-0.3510952293872833,0.11781271547079086,0.09950496256351471,direct,SAFE_PROGRESSING,NONE,1,0,"1.137,7.600;1.288,8.077;1.438,8.554;1.589,9.031;1.740,9.507;1.890,9.984;2.041,10.461",0,1,PASS_THROUGH,-1,0.9686758340323736,0.24769692609535254,-0.017702015834337333,0.9,2.6284437313194573,3.326296261638365,0.0,0,0,0,DIRECT_LOCAL,PASS_THROUGH,0,BYPASS_VISIBLE,1,9,6.0,23.0,2.0,6.0,23.0,2.0,1,
224,7.5,0.033333,1.2171339988708496,7.684226989746094,2.297625780105591,-0.5532444798611592,0.06775244325399399,1.7012146437888065,-0.3576268507851195,0.11546840916283786,1.7422287973049218,6.0,23.0,2.0,0.9690047275525975,0.24636622098094385,-0.018262615921202402,0.9,1.7109723091125488,-0.34993040561676025,0.11777473986148834,0.09912201762199402,direct,SAFE_PROGRESSING,NONE,1,0,"1.177,7.642;1.327,8.119;1.477,8.596;1.627,9.073;1.776,9.550;1.926,10.027;2.076,10.504",0,1,PASS_THROUGH,-1,0.9686758340323736,0.24769692609535254,-0.017702015834337333,0.9,2.6532380640622804,3.3490150662604647,0.0,0,0,0,DIRECT_LOCAL,PASS_THROUGH,0,BYPASS_VISIBLE,1,9,6.0,23.0,2.0,6.0,23.0,2.0,1,
225,7.533333,0.033333,1.2568985223770142,7.726430892944336,2.301227569580078,-0.5509911979271921,0.0674559473991394,1.7028911798263635,-0.35647311779265506,0.11545468641486502,1.7436287559725538,6.0,23.0,2.0,0.9691640520855724,0.24571749157400002,-0.018546009804130785,0.9,1.7125651836395264,-0.3487754166126251,0.11772941797971725,0.09875394403934479,direct,SAFE_PROGRESSING,NONE,1,0,"1.217,7.684;1.366,8.161;1.515,8.639;1.664,9.116;1.813,9.593;1.962,10.071;2.111,10.548",0,1,PASS_THROUGH,-1,0.9686758340323736,0.24769692609535254,-0.017702015834337333,0.9,2.6789149429184884,3.3723229557217658,0.0,0,0,0,DIRECT_LOCAL,PASS_THROUGH,0,BYPASS_VISIBLE,1,9,6.0,23.0,2.0,6.0,23.0,2.0,1,
226,7.566667,0.033333,1.2965646982192993,7.768790245056152,2.3048312664031982,-0.5487476695786538,0.06717019528150558,1.704547796230806,-0.3553301171526268,0.11543397197075614,1.7450122302367803,6.0,23.0,2.0,0.9693200614273518,0.24507956353271299,-0.018831517546116793,0.9,1.7141411304473877,-0.34763020277023315,0.11767657101154327,0.09839967638254166,direct,SAFE_PROGRESSING,NONE,1,0,"1.257,7.726;1.405,8.204;1.553,8.681;1.702,9.159;1.850,9.636;1.998,10.114;2.147,10.591",0,1,PASS_THROUGH,-1,0.9686758340323736,0.24769692609535254,-0.017702015834337333,0.9,2.7054523020479944,3.3962120102466224,0.0,0,0,0,DIRECT_LOCAL,PASS_THROUGH,0,BYPASS_VISIBLE,1,9,6.0,23.0,2.0,6.0,23.0,2.0,1,
227,7.6,0.033333,1.336132526397705,7.811304569244385,2.308436155319214,-0.5465134437082214,0.06689473986625671,1.7061844448921224,-0.3541978588315052,0.11540590558665081,1.746379112975455,6.0,23.0,2.0,0.9694728683906197,0.24445207587517093,-0.019119101829947936,0.9,1.7156981229782104,-0.3464985489845276,0.11761587113142014,0.09805119037628174,direct,SAFE_PROGRESSING,NONE,1,0,"1.297,7.769;1.444,8.247;1.592,8.724;1.739,9.202;1.887,9.680;2.034,10.157;2.182,10.635",0,1,PASS_THROUGH,-1,0.9686758340323736,0.24769692609535254,-0.017702015834337333,0.9,2.732828467374282,3.4206738045782608,0.0,0,0,0,DIRECT_LOCAL,PASS_THROUGH,0,BYPASS_VISIBLE,1,9,6.0,23.0,2.0,6.0,23.0,2.0,1,
228,7.633333,0.033333,1.3756017684936523,7.853972911834717,2.3120436668395996,-0.5442882962685774,0.06662888079881668,1.7078018308296818,-0.3530762623278739,0.1153700181310137,1.7477300081786615,6.0,23.0,2.0,0.9696225339004054,0.24383486724421605,-0.019408742065177433,0.9,1.7172365188598633,-0.3453792333602905,0.11754747480154037,0.09771090745925903,direct,SAFE_PROGRESSING,NONE,1,0,"1.336,7.811;1.483,8.289;1.630,8.767;1.776,9.245;1.923,9.723;2.070,10.201;2.217,10.679",1,1,PASS_THROUGH,-1,0.9698052135631436,0.24388080643163657,0.0,0.9,2.7610215143384553,3.4456997859772596,0.0,0,0,0,DIRECT_LOCAL,PASS_THROUGH,0,BYPASS_VISIBLE,1,9,6.0,23.0,2.0,6.0,23.0,2.0,1,
229,7.666667,0.033333,1.4149718284606934,7.896792411804199,2.3156516551971436,-0.5420718454829625,0.06637165695428848,1.709400049749849,-0.3519652627218391,0.11532598987339333,1.7490649388138557,6.0,23.0,2.0,0.9697691551389918,0.2432276176425302,-0.019700552198994074,0.9,1.718759298324585,-0.3442692160606384,0.11747156083583832,0.09738323092460632,direct,SAFE_PROGRESSING,NONE,1,0,"1.376,7.854;1.522,8.332;1.668,8.810;1.814,9.289;1.960,9.767;2.106,10.245;2.252,10.723",0,1,PASS_THROUGH,-1,0.9696225339004054,0.24383486724421605,-0.019408742065177433,0.9,2.790009550206327,3.4712815355501454,0.0,0,0,0,DIRECT_LOCAL,PASS_THROUGH,0,BYPASS_VISIBLE,1,9,6.0,23.0,2.0,6.0,23.0,2.0,1,
230,7.7,0.033333,1.4542434215545654,7.939762592315674,2.3192596435546875,-0.5398637734928127,0.06612246483564377,1.7109790423888425,-0.35086493594593604,0.11527399693189654,1.7503838382305867,6.0,23.0,2.0,0.969912813576227,0.24263008320762477,-0.019994418803956207,0.9,1.7202661037445068,-0.34316837787628174,0.11738812923431396,0.09706777334213257,direct,SAFE_PROGRESSING,NONE,1,0,"1.415,7.897;1.560,8.375;1.705,8.854;1.851,9.332;1.996,9.811;2.141,10.289;2.286,10.767",0,1,PASS_THROUGH,-1,0.9696225339004054,0.24383486724421605,-0.019408742065177433,0.9,2.8197708856959784,3.4974111263728958,0.0,0,0,0,DIRECT_LOCAL,PASS_THROUGH,0,BYPASS_VISIBLE,1,9,6.0,23.0,2.0,6.0,23.0,2.0,1,
231,7.733333,0.033333,1.4934159517288208,7.982882499694824,2.3228702545166016,-0.537663846539655,0.06588102877140045,1.712538974084236,-0.34977507978974126,0.1152145012881393,1.7516868228957148,6.0,23.0,2.0,0.9700535587513465,0.24204213560501844,-0.020290336261632427,0.9,1.721757411956787,-0.3420761525630951,0.11729693412780762,0.09676428884267807,direct,SAFE_PROGRESSING,NONE,1,0,"1.454,7.940;1.599,8.418;1.743,8.897;1.888,9.376;2.032,9.854;2.177,10.333;2.321,10.812",0,1,PASS_THROUGH,-1,0.9696225339004054,0.24383486724421605,-0.019408742065177433,0.9,2.850284789197823,3.524079495065112,0.0,0,0,0,DIRECT_LOCAL,PASS_THROUGH,0,BYPASS_VISIBLE,1,9,6.0,23.0,2.0,6.0,23.0,2.0,1,
232,7.766667,0.033333,1.5324891805648804,8.02614974975586,2.326481580734253,-0.5354719429326008,0.06564726680517197,1.7140804852037583,-0.3486958389897729,0.11514768083401829,1.7529745252816955,6.0,23.0,2.0,0.970191425513519,0.24146368612587138,-0.02058849539312083,0.9,1.7232316732406616,-0.34099406003952026,0.11719769984483719,0.09647035598754883,direct,SAFE_PROGRESSING,NONE,1,0,"1.493,7.983;1.637,8.462;1.781,8.941;1.925,9.420;2.068,9.898;2.212,10.377;2.356,10.856",0,1,PASS_THROUGH,-1,0.9696225339004054,0.24383486724421605,-0.019408742065177433,0.9,2.8815296343500045,3.5512782507698013,0.0,0,0,0,DIRECT_LOCAL,PASS_THROUGH,0,BYPASS_VISIBLE,1,9,6.0,23.0,2.0,6.0,23.0,2.0,1,
233,7.8,0.033333,1.5714629888534546,8.069564819335938,2.3300929069519043,-0.5332876223826691,0.06542102247476578,1.715603626217696,-0.3476266631727706,0.11507320458551039,1.7542468303102392,6.0,23.0,2.0,0.9703265189789517,0.24089438490175882,-0.020888798170151143,0.9,1.7246896028518677,-0.33992257714271545,0.1170901209115982,0.09618477523326874,direct,SAFE_PROGRESSING,NONE,1,0,"1.532,8.026;1.675,8.505;1.818,8.984;1.961,9.464;2.104,9.943;2.247,10.422;2.390,10.901",0,1,PASS_THROUGH,-1,0.9696225339004054,0.24383486724421605,-0.019408742065177433,0.9,2.9134846680059283,3.5789983938768817,0.0,0,0,0,DIRECT_LOCAL,PASS_THROUGH,0,BYPASS_VISIBLE,1,9,6.0,23.0,2.0,6.0,23.0,2.0,1,
234,7.833333,0.033333,1.6103373765945435,8.11312484741211,2.3337042331695557,-0.5311106733557015,0.06520206481218338,1.71710894414678,-0.3465671268143403,0.11499058599329141,1.75550412540794,6.0,23.0,2.0,0.970458897415275,0.24033405999385737,-0.021191225410481476,0.9,1.7261316776275635,-0.3388615846633911,0.11697405576705933,0.09590709954500198,direct,SAFE_PROGRESSING,NONE,1,0,"1.571,8.070;1.714,8.549;1.856,9.028;1.998,9.508;2.140,9.987;2.282,10.466;2.425,10.946",1,1,PASS_THROUGH,-1,0.9706768718668048,0.24038804134747332,0.0,0.9,2.946129142099419,3.607231842785236,0.0,0,0,0,DIRECT_LOCAL,PASS_THROUGH,0,BYPASS_VISIBLE,1,9,6.0,23.0,2.0,6.0,23.0,2.0,1,
235,7.866667,0.033333,1.6491119861602783,8.156830787658691,2.337313175201416,-0.5289409598792894,0.06499002873897552,1.7185966217714421,-0.3455172982094975,0.1148995077724056,1.7567465521846186,6.0,23.0,2.0,0.9705885829306207,0.2397826792966555,-0.02149579945121473,0.9,1.7275571823120117,-0.33781111240386963,0.11684948205947876,0.0956379771232605,direct,SAFE_PROGRESSING,NONE,1,0,"1.610,8.113;1.752,8.593;1.893,9.072;2.035,9.552;2.176,10.031;2.317,10.511;2.459,10.991",0,1,PASS_THROUGH,-1,0.970458897415275,0.24033405999385737,-0.021191225410481476,0.9,2.9794432788180036,3.63596931771829,0.0,0,0,0,DIRECT_LOCAL,PASS_THROUGH,0,BYPASS_VISIBLE,1,9,6.0,23.0,2.0,6.0,23.0,2.0,1,
236,7.9,0.033333,1.6877866983413696,8.200678825378418,2.34092116355896,-0.5267781587780834,0.06478461623191833,1.7200674151483686,-0.34447669874196385,0.11479962473705302,1.7579747047301677,6.0,23.0,2.0,0.9707156670216228,0.23923994111482236,-0.02180239377092011,0.9,1.7289671897888184,-0.33677077293395996,0.11671631783246994,0.09537610411643982,direct,SAFE_PROGRESSING,NONE,1,0,"1.649,8.157;1.790,8.637;1.930,9.116;2.071,9.596;2.212,10.076;2.352,10.556;2.493,11.036",0,1,PASS_THROUGH,-1,0.970458897415275,0.24033405999385737,-0.021191225410481476,0.9,3.0134068581250477,3.665202807947659,0.0,0,0,0,DIRECT_LOCAL,PASS_THROUGH,0,BYPASS_VISIBLE,1,9,6.0,23.0,2.0,6.0,23.0,2.0,1,
237,7.933333,0.033333,1.726361632347107,8.244668960571289,2.344529151916504,-0.5246220981078572,0.06458547711372375,1.7215210176031146,-0.34344562211041185,0.11469063731519537,1.7591882934137086,6.0,23.0,2.0,0.970840174824017,0.23870578809891,-0.022111121087595182,0.9,1.7303599119186401,-0.3357420861721039,0.11657453328371048,0.09512002766132355,direct,SAFE_PROGRESSING,NONE,1,0,"1.688,8.201;1.828,8.681;1.968,9.161;2.107,9.641;2.247,10.121;2.387,10.601;2.527,11.081",0,1,PASS_THROUGH,-1,0.970458897415275,0.24033405999385737,-0.021191225410481476,0.9,3.0480008321413634,3.6949237537803645,0.0,0,0,0,DIRECT_LOCAL,PASS_THROUGH,0,BYPASS_VISIBLE,1,9,6.0,23.0,2.0,6.0,23.0,2.0,1,
238,7.966667,0.033333,1.764836311340332,8.288802146911621,2.348134756088257,-0.5224725163974108,0.06439224630594254,1.7229575736283025,-0.3424239446902506,0.11457244586914744,1.7603874016172685,6.0,23.0,2.0,0.9709621656920379,0.23818002346544703,-0.022422069855985636,0.9,1.731738805770874,-0.3347213566303253,0.11642420291900635,0.09487491846084595,direct,SAFE_PROGRESSING,NONE,1,0,"1.726,8.245;1.865,8.725;2.005,9.205;2.144,9.685;2.283,10.166;2.422,10.646;2.561,11.126",0,1,PASS_THROUGH,-1,0.970458897415275,0.24033405999385737,-0.021191225410481476,0.9,3.0832064038481484,3.7251229433587447,0.0,0,0,0,DIRECT_LOCAL,PASS_THROUGH,0,BYPASS_VISIBLE,1,9,6.0,23.0,2.0,6.0,23.0,2.0,1,
239,8.0,0.033333,1.8032106161117554,8.333073616027832,2.3517396450042725,-0.5203292669127223,0.06420474499464035,1.7243775319838546,-0.3414112300877141,0.11444515342131789,1.7615723641061032,6.0,23.0,2.0,0.9710816884620124,0.2376625106476549,-0.022735113072528235,0.9,1.733101725578308,-0.333710640668869,0.11626499891281128,0.09463667869567871,direct,SAFE_PROGRESSING,NONE,1,0,"1.765,8.289;1.903,8.769;2.041,9.250;2.180,9.730;2.318,10.211;2.456,10.691;2.595,11.172",0,1,PASS_THROUGH,-1,0.970458897415275,0.24033405999385737,-0.021191225410481476,0.9,3.1190046480062428,3.7557925566259405,0.0,0,0,0,DIRECT_LOCAL,PASS_THROUGH,0,BYPASS_VISIBLE,1,9,6.0,23.0,2.0,6.0,23.0,2.0,1,
240,8.033333,0.033333,1.8414844274520874,8.377485275268555,2.3553414344787598,-0.5181924029348084,0.06402285397052765,1.7257810588492453,-0.3404080487033902,0.11430874104500281,1.7627434274403537,6.0,23.0,2.0,0.971198708503747,0.23715342841423837,-0.023050379433464996,0.9,1.734449863433838,-0.3327088952064514,0.11609688401222229,0.09440712630748749,direct,SAFE_PROGRESSING,NONE,1,0,"1.803,8.333;1.941,8.814;2.078,9.294;2.216,9.775;2.353,10.256;2.491,10.737;2.629,11.217",1,1,PASS_THROUGH,-1,0.9714568200081833,0.23721645570994446,0.0,0.9,3.1553777854369005,3.7869236908097665,0.0,0,0,0,DIRECT_LOCAL,PASS_THROUGH,0,BYPASS_VISIBLE,1,9,6.0,23.0,2.0,6.0,23.0,2.0,1,
241,8.066667,0.033333,1.8796577453613281,8.42203426361084,2.358940839767456,-0.5160614320243727,0.06384646147489548,1.727168015893397,-0.33941470450202255,0.11416317117926399,1.763900486538579,6.0,23.0,2.0,0.9713133545373478,0.23665231016073546,-0.023367742573723232,0.9,1.7357816696166992,-0.33171892166137695,0.11591954529285431,0.09418100118637085,direct,SAFE_PROGRESSING,NONE,1,0,"1.841,8.377;1.978,8.858;2.115,9.339;2.252,9.820;2.389,10.301;2.525,10.782;2.662,11.263",0,1,PASS_THROUGH,-1,0.971198708503747,0.23715342841423837,-0.023050379433464996,0.9,3.192308136125342,3.818508401042086,0.0,0,0,0,DIRECT_LOCAL,PASS_THROUGH,0,BYPASS_VISIBLE,1,9,6.0,23.0,2.0,6.0,23.0,2.0,1,
242,8.1,0.033333,1.9177305698394775,8.466719627380371,2.3625376224517822,-0.5139361443972015,0.06367536634206772,1.7285386725434928,-0.33843064819694574,0.11400817962443155,1.7650436570064496,6.0,23.0,2.0,0.9714256607438563,0.2361590540258723,-0.023687271897950956,0.9,1.7370985746383667,-0.3307393789291382,0.11573296785354614,0.09396086633205414,direct,SAFE_PROGRESSING,NONE,1,0,"1.880,8.422;2.016,8.903;2.152,9.384;2.288,9.865;2.424,10.347;2.560,10.828;2.696,11.309",0,1,PASS_THROUGH,-1,0.971198708503747,0.23715342841423837,-0.023050379433464996,0.9,3.229778821310246,3.8505384988007716,0.0,0,0,0,DIRECT_LOCAL,PASS_THROUGH,0,BYPASS_VISIBLE,1,9,6.0,23.0,2.0,6.0,23.0,2.0,1,
243,8.133333,0.033333,1.9557024240493774,8.511542320251465,2.36613130569458,-0.511816452175127,0.06350918859243393,1.7298936224177384,-0.33745542063128603,0.11384365762766585,1.766173401503105,6.0,23.0,2.0,0.9715356414108387,0.23567364399098253,-0.024008977413500193,0.9,1.7384006977081299,-0.32976871728897095,0.11553727090358734,0.09374862164258957,direct,SAFE_PROGRESSING,NONE,1,0,"1.918,8.467;2.053,8.948;2.188,9.429;2.323,9.911;2.459,10.392;2.594,10.874;2.729,11.355",0,1,PASS_THROUGH,-1,0.971198708503747,0.23715342841423837,-0.023050379433464996,0.9,3.2677733432726286,3.8830051918489614,0.0,0,0,0,DIRECT_LOCAL,PASS_THROUGH,0,BYPASS_VISIBLE,1,9,6.0,23.0,2.0,6.0,23.0,2.0,1,
244,8.166667,0.033333,1.9935731887817383,8.556498527526855,2.3697214126586914,-0.5097022721765442,0.06334774941205978,1.7312326403975111,-0.3364896557482892,0.11366963695955437,1.7672895999156044,6.0,23.0,2.0,0.9716433248014422,0.23519600651079572,-0.02433285618609175,0.9,1.7396905422210693,-0.32880541682243347,0.11533227562904358,0.09354645013809204,direct,SAFE_PROGRESSING,NONE,1,0,"1.956,8.512;2.090,8.993;2.225,9.475;2.359,9.956;2.493,10.438;2.628,10.919;2.762,11.401",0,1,PASS_THROUGH,-1,0.971198708503747,0.23715342841423837,-0.023050379433464996,0.9,3.3062752416500145,3.9159006919616735,0.0,0,0,0,DIRECT_LOCAL,PASS_THROUGH,0,BYPASS_VISIBLE,1,9,6.0,23.0,2.0,6.0,23.0,2.0,1,
245,8.2,0.033333,2.0313427448272705,8.60158920288086,2.373307943344116,-0.5075933953871247,0.06319116801023483,1.7325561859500194,-0.33553311702919086,0.11348628855708263,1.768392645253724,6.0,23.0,2.0,0.9717487430540996,0.23472605122284326,-0.024658897990560185,0.9,1.7409629821777344,-0.3278536796569824,0.11511769890785217,0.09334805607795715,direct,SAFE_PROGRESSING,NONE,1,0,"1.994,8.556;2.127,9.038;2.261,9.520;2.395,10.002;2.528,10.484;2.662,10.966;2.795,11.447",0,1,PASS_THROUGH,-1,0.971198708503747,0.23715342841423837,-0.023050379433464996,0.9,3.345268838988201,3.9492167496531794,0.0,0,0,0,DIRECT_LOCAL,PASS_THROUGH,0,BYPASS_VISIBLE,1,9,6.0,23.0,2.0,6.0,23.0,2.0,1,
246,8.233333,0.033333,2.0690109729766846,8.646811485290527,2.376889944076538,-0.5054895866946238,0.0630393996834755,1.7338642127152466,-0.3345858405303562,0.1132930800156872,1.769482442636125,6.0,23.0,2.0,0.9718519529419177,0.23426357977409037,-0.024987131776354414,0.9,1.7422220706939697,-0.32691165804862976,0.11489325016736984,0.09315483272075653,direct,SAFE_PROGRESSING,NONE,1,0,"2.031,8.602;2.164,9.084;2.297,9.566;2.430,10.048;2.563,10.530;2.696,11.012;2.829,11.494",1,1,PASS_THROUGH,-1,0.9721554862496709,0.2343367460614449,0.0,0.9,3.384738992068084,3.982945594529193,0.0,0,0,0,DIRECT_LOCAL,PASS_THROUGH,0,BYPASS_VISIBLE,1,9,6.0,23.0,2.0,6.0,23.0,2.0,1,
247,8.266667,0.033333,2.1065773963928223,8.692166328430176,2.380467653274536,-0.5033907870203138,0.06289222091436386,1.735157184572623,-0.33364765786558,0.11308976055204313,1.7705593773479884,6.0,23.0,2.0,0.9719529551329679,0.23380863190279494,-0.025317516782543237,0.9,1.7434662580490112,-0.3259792625904083,0.11465903371572495,0.09296833723783493,direct,SAFE_PROGRESSING,NONE,1,0,"2.069,8.647;2.201,9.129;2.333,9.611;2.465,10.094;2.597,10.576;2.729,11.058;2.861,11.540",0,1,PASS_THROUGH,-1,0.9718519529419177,0.23426357977409037,-0.024987131776354414,0.9,3.4246709030324705,4.017078856853273,0.0,0,0,0,DIRECT_LOCAL,PASS_THROUGH,0,BYPASS_VISIBLE,1,9,6.0,23.0,2.0,6.0,23.0,2.0,1,
248,8.3,0.033333,2.144042491912842,8.737651824951172,2.384040355682373,-0.5012967935250812,0.0627494752407074,1.7364351331489718,-0.3327186556622236,0.11287608455202362,1.7716234605365666,6.0,23.0,2.0,0.9720518027556112,0.23336101909394033,-0.025650097992094677,0.9,1.7446959018707275,-0.32505661249160767,0.11441484838724136,0.09278733283281326,direct,SAFE_PROGRESSING,NONE,1,0,"2.107,8.692;2.238,9.175;2.369,9.657;2.500,10.140;2.632,10.622;2.763,11.104;2.894,11.587",0,1,PASS_THROUGH,-1,0.9718519529419177,0.23426357977409037,-0.024987131776354414,0.9,3.4650500469515775,4.051609466250474,0.0,0,0,0,DIRECT_LOCAL,PASS_THROUGH,0,BYPASS_VISIBLE,1,9,6.0,23.0,2.0,6.0,23.0,2.0,1,
249,8.333333,0.033333,2.181405544281006,8.783266067504883,2.387608289718628,-0.4992074895657784,0.06261102855205536,1.7376982184932692,-0.331798815141389,0.11265197040091253,1.7726748203545735,6.0,23.0,2.0,0.9721485035637306,0.23292074718774114,-0.025984852285588948,0.9,1.7459120750427246,-0.3241429328918457,0.11416064202785492,0.09261313080787659,direct,SAFE_PROGRESSING,NONE,1,0,"2.144,8.738;2.275,9.220;2.405,9.703;2.536,10.186;2.666,10.668;2.797,11.151;2.927,11.634",0,1,PASS_THROUGH,-1,0.9718519529419177,0.23426357977409037,-0.024987131776354414,0.9,3.505863161575226,4.0865292279308045,0.0,0,0,0,DIRECT_LOCAL,PASS_THROUGH,0,BYPASS_VISIBLE,1,9,6.0,23.0,2.0,6.0,23.0,2.0,1,
250,8.366667,0.033333,2.2186667919158936,8.829010963439941,2.3911702632904053,-0.49712269916179264,0.06247682124376297,1.7389465837875588,-0.3308880830012939,0.11241729088905444,1.773713559746761,6.0,23.0,2.0,0.972243095246826,0.23248768896920313,-0.026321820275778618,0.9,1.7471132278442383,-0.323240727186203,0.11389617621898651,0.09244098514318466,direct,SAFE_PROGRESSING,NONE,1,0,"2.181,8.783;2.311,9.266;2.441,9.749;2.571,10.232;2.700,10.715;2.830,11.198;2.960,11.681",0,1,PASS_THROUGH,-1,0.9718519529419177,0.23426357977409037,-0.024987131776354414,0.9,3.547096191242746,4.121830826130528,0.0,0,0,0,DIRECT_LOCAL,PASS_THROUGH,0,BYPASS_VISIBLE,1,9,6.0,23.0,2.0,6.0,23.0,2.0,1,
251,8.4,0.033333,2.255826234817505,8.874882698059082,2.394726514816284,-0.4950423630910517,0.06234659627079964,1.740180171997236,-0.32998660000439367,0.11217193257841346,1.7747396230583137,6.0,23.0,2.0,0.972335591277949,0.23206182695986516,-0.026660952762622987,0.9,1.7483007907867432,-0.3223472237586975,0.1136215403676033,0.09227611124515533,direct,SAFE_PROGRESSING,NONE,1,0,"2.219,8.829;2.348,9.312;2.476,9.795;2.605,10.278;2.734,10.761;2.863,11.244;2.992,11.728",0,1,PASS_THROUGH,-1,0.9718519529419177,0.23426357977409037,-0.024987131776354414,0.9,3.588736822634246,4.157507087279623,0.0,0,0,0,DIRECT_LOCAL,PASS_THROUGH,0,BYPASS_VISIBLE,1,9,6.0,23.0,2.0,6.0,23.0,2.0,1,
252,8.433333,0.033333,2.2928836345672607,8.920881271362305,2.3982763290405273,-0.49296627687770816,0.06222018599510193,1.7413991159668978,-0.32909437976674455,0.11191594343031307,1.7757531276273313,6.0,23.0,2.0,0.9724260163926035,0.23164308560937036,-0.027002287536089516,0.9,1.7494752407073975,-0.3214624524116516,0.113336481153965,0.09211726486682892,direct,SAFE_PROGRESSING,NONE,1,0,"2.256,8.875;2.384,9.358;2.512,9.842;2.640,10.325;2.768,10.808;2.896,11.291;3.024,11.775",1,1,PASS_THROUGH,-1,0.9727807197172278,0.23172758002972396,0.0,0.9,3.6307723892869053,4.193550530335267,0.0,0,0,0,DIRECT_LOCAL,PASS_THROUGH,0,BYPASS_VISIBLE,1,9,6.0,23.0,2.0,6.0,23.0,2.0,1,
253,8.466667,0.033333,2.329838514328003,8.967005729675293,2.4018194675445557,-0.4908943506075881,0.06209760531783104,1.7426036931333113,-0.3282115504535563,0.11164945470070013,1.7767543594734607,6.0,23.0,2.0,0.9725143890437791,0.23123142110174572,-0.027345804030467664,0.9,1.750636100769043,-0.3205872178077698,0.11304094642400742,0.09196349233388901,direct,SAFE_PROGRESSING,NONE,1,0,"2.293,8.921;2.420,9.404;2.548,9.888;2.675,10.371;2.802,10.855;2.929,11.338;3.057,11.822",0,1,PASS_THROUGH,-1,0.9724260163926035,0.23164308560937036,-0.027002287536089516,0.9,3.673190758280565,4.229953593165032,0.0,0,0,0,DIRECT_LOCAL,PASS_THROUGH,0,BYPASS_VISIBLE,1,9,6.0,23.0,2.0,6.0,23.0,2.0,1,
254,8.5,0.033333,2.3666911125183105,9.01325511932373,2.405355215072632,-0.48882646528002865,0.06197879835963249,1.743793956822429,-0.3273381763323945,0.11137236077426291,1.7777433583842954,6.0,23.0,2.0,0.9726007330045409,0.23082676252972884,-0.027691512401349188,0.9,1.7517828941345215,-0.3197217583656311,0.11273462325334549,0.09181421995162964,direct,SAFE_PROGRESSING,NONE,1,0,"2.330,8.967;2.456,9.451;2.583,9.934;2.709,10.418;2.836,10.902;2.962,11.386;3.089,11.869",0,1,PASS_THROUGH,-1,0.9724260163926035,0.23164308560937036,-0.027002287536089516,0.9,3.71597987293376,4.266709542268056,0.0,0,0,0,DIRECT_LOCAL,PASS_THROUGH,0,BYPASS_VISIBLE,1,9,6.0,23.0,2.0,6.0,23.0,2.0,1,
255,8.533333,0.033333,2.4034409523010254,9.059627532958984,2.408883810043335,-0.4867624447185746,0.06186366453766823,1.7449698821218942,-0.3264740403212729,0.11108425278732856,1.7787200172409123,6.0,23.0,2.0,0.9726850746902138,0.23042903043161234,-0.028039390315063053,0.9,1.752915382385254,-0.31886720657348633,0.11241737753152847,0.09166789799928665,direct,SAFE_PROGRESSING,NONE,1,0,"2.367,9.013;2.492,9.497;2.618,9.981;2.744,10.465;2.870,10.949;2.995,11.433;3.121,11.917",0,1,PASS_THROUGH,-1,0.9724260163926035,0.23164308560937036,-0.027002287536089516,0.9,3.7591287761018486,4.303811031350979,0.0,0,0,0,DIRECT_LOCAL,PASS_THROUGH,0,BYPASS_VISIBLE,1,9,6.0,23.0,2.0,6.0,23.0,2.0,1,
256,8.566667,0.033333,2.4400880336761475,9.106122970581055,2.4124045372009277,-0.48470214374781195,0.06175200641155243,1.7461319769691133,-0.3256191295632711,0.11078481356067779,1.7796847960937578,6.0,23.0,2.0,0.9727674383543901,0.23003814543564116,-0.02838947907181408,0.9,1.7540353536605835,-0.31802132725715637,0.11208918690681458,0.09152776002883911,direct,SAFE_PROGRESSING,NONE,1,0,"2.403,9.060;2.528,9.544;2.653,10.028;2.778,10.512;2.903,10.996;3.028,11.480;3.153,11.965",0,1,PASS_THROUGH,-1,0.9724260163926035,0.23164308560937036,-0.027002287536089516,0.9,3.802626028332537,4.341251311243818,0.0,0,0,0,DIRECT_LOCAL,PASS_THROUGH,0,BYPASS_VISIBLE,1,9,6.0,23.0,2.0,6.0,23.0,2.0,1,
257,8.6,0.033333,2.476632595062256,9.152741432189941,2.415917158126831,-0.4826455330274014,0.06164371222257614,1.7472803747016097,-0.3247735502289504,0.1104739215826317,1.780637822269189,6.0,23.0,2.0,0.9728478231774057,0.22965414058239983,-0.02874175798977255,0.9,1.7551409006118774,-0.3171876072883606,0.11174978315830231,0.09138785302639008,direct,SAFE_PROGRESSING,NONE,1,0,"2.440,9.106;2.564,9.590;2.688,10.075;2.812,10.559;2.936,11.044;3.061,11.528;3.185,12.012",0,1,PASS_THROUGH,-1,0.9724260163926035,0.23164308560937036,-0.027002287536089516,0.9,3.8464613160071206,4.379024022520393,0.0,0,0,0,DIRECT_LOCAL,PASS_THROUGH,0,BYPASS_VISIBLE,1,9,6.0,23.0,2.0,6.0,23.0,2.0,1,
258,8.633333,0.033333,2.5130743980407715,9.199480056762695,2.4194207191467285,-0.4805924661797021,0.061538536101579666,1.7484147758395476,-0.3239373129847536,0.11015143969271864,1.7815787804035546,6.0,23.0,2.0,0.9729262501923319,0.22927695158561862,-0.029096239590259265,0.9,1.7562335729599,-0.31636181473731995,0.11139939725399017,0.09125498682260513,direct,SAFE_PROGRESSING,NONE,1,0,"2.477,9.153;2.600,9.637;2.723,10.122;2.847,10.606;2.970,11.091;3.093,11.576;3.216,12.060",1,1,PASS_THROUGH,-1,0.9733383472496356,0.22937406517160455,0.0,0.9,3.890624954696772,4.417122363103214,0.0,0,0,0,DIRECT_LOCAL,PASS_THROUGH,0,BYPASS_VISIBLE,1,9,6.0,23.0,2.0,6.0,23.0,2.0,1,
259,8.666667,0.033333,2.549412965774536,9.246339797973633,2.4229156970977783,-0.4785429131529874,0.06143632158637047,1.7495354015078184,-0.32311056303230934,0.1098174622702785,1.7825079051975237,6.0,23.0,2.0,0.973002710974964,0.2289066453078619,-0.029452880491917955,0.9,1.75731360912323,-0.3155437111854553,0.11103807389736176,0.09113039076328278,direct,SAFE_PROGRESSING,NONE,1,0,"2.513,9.199;2.636,9.684;2.758,10.169;2.881,10.654;3.003,11.139;3.125,11.623;3.248,12.108",0,1,PASS_THROUGH,-1,0.9729262501923319,0.22927695158561862,-0.029096239590259265,0.9,3.9351066262914753,4.45553952681671,0.0,0,0,0,DIRECT_LOCAL,PASS_THROUGH,0,BYPASS_VISIBLE,1,9,6.0,23.0,2.0,6.0,23.0,2.0,1,
260,8.7,0.033333,2.58564829826355,9.293318748474121,2.426401138305664,-0.47649669757728824,0.06133728101849556,1.7506423875735322,-0.32229337281684756,0.10947198920333832,1.783425328896882,6.0,23.0,2.0,0.9730772460373275,0.2285430662148555,-0.029811744825192842,0.9,1.7583808898925781,-0.31473445892333984,0.11066527664661407,0.09101086854934692,direct,SAFE_PROGRESSING,NONE,1,0,"2.549,9.246;2.671,9.731;2.793,10.216;2.914,10.701;3.036,11.186;3.158,11.671;3.279,12.156",0,1,PASS_THROUGH,-1,0.9729262501923319,0.22927695158561862,-0.029096239590259265,0.9,3.979896801612731,4.494269200011615,0.0,0,0,0,DIRECT_LOCAL,PASS_THROUGH,0,BYPASS_VISIBLE,1,9,6.0,23.0,2.0,6.0,23.0,2.0,1,
261,8.733333,0.033333,2.6217801570892334,9.340415954589844,2.4298768043518066,-0.474453729996578,0.061241667717695236,1.7517356316459884,-0.3214857885540963,0.10911494066325979,1.784330940631913,6.0,23.0,2.0,0.9731498598586112,0.2281862242508709,-0.030172791042536447,0.9,1.7594349384307861,-0.3139359951019287,0.11028067767620087,0.09089424461126328,direct,SAFE_PROGRESSING,NONE,1,0,"2.586,9.293;2.707,9.778;2.827,10.264;2.948,10.749;3.069,11.234;3.190,11.719;3.311,12.204",0,1,PASS_THROUGH,-1,0.9729262501923319,0.22927695158561862,-0.029096239590259265,0.9,4.024986216020215,4.533304974693515,0.0,0,0,0,DIRECT_LOCAL,PASS_THROUGH,0,BYPASS_VISIBLE,1,9,6.0,23.0,2.0,6.0,23.0,2.0,1,
262,8.766667,0.033333,2.657809019088745,9.387630462646484,2.433342218399048,-0.4724138325838706,0.0611494705080986,1.752815585208474,-0.3206874278511459,0.10874588130549656,1.785225075118658,6.0,23.0,2.0,0.9732205826989948,0.22783601189287983,-0.030536029469731777,0.9,1.7604734897613525,-0.31315192580223083,0.10988392680883408,0.09077397733926773,direct,SAFE_PROGRESSING,NONE,1,0,"2.622,9.340;2.742,9.826;2.862,10.311;2.982,10.797;3.102,11.282;3.222,11.767;3.342,12.253",0,1,PASS_THROUGH,-1,0.9729262501923319,0.22927695158561862,-0.029096239590259265,0.9,4.070365854371805,4.57264126951108,0.0,0,0,0,DIRECT_LOCAL,PASS_THROUGH,0,BYPASS_VISIBLE,1,9,6.0,23.0,2.0,6.0,23.0,2.0,1,
263,8.8,0.033333,2.6937344074249268,9.434962272644043,2.4367971420288086,-0.47037697487208774,0.06106017902493477,1.753882016329765,-0.3198984490166754,0.10836443421260547,1.7861074983019511,6.0,23.0,2.0,0.9732894000314819,0.22749251401009252,-0.03090145394194006,0.9,1.7615007162094116,-0.31237637996673584,0.10947544127702713,0.0906597450375557,direct,SAFE_PROGRESSING,NONE,1,0,"2.658,9.388;2.777,9.873;2.896,10.359;3.015,10.844;3.135,11.330;3.254,11.816;3.373,12.301",0,1,PASS_THROUGH,-1,0.9729262501923319,0.22927695158561862,-0.029096239590259265,0.9,4.1160276988829585,4.612271744734257,0.0,0,0,0,DIRECT_LOCAL,PASS_THROUGH,0,BYPASS_VISIBLE,1,9,6.0,23.0,2.0,6.0,23.0,2.0,1,
264,8.833333,0.033333,2.7295563220977783,9.482409477233887,2.4402410984039307,-0.46834307310982864,0.06097334250807762,1.7549351779903117,-0.3191191292841708,0.10797076487021227,1.7869785067788677,6.0,23.0,2.0,0.9733563272315473,0.22715568466452288,-0.03126907678369796,0.9,1.7625153064727783,-0.3116096258163452,0.10905518382787704,0.09055140614509583,direct,SAFE_PROGRESSING,NONE,1,0,"2.694,9.435;2.812,9.921;2.931,10.407;3.049,10.892;3.167,11.378;3.286,11.864;3.404,12.350",1,1,PASS_THROUGH,-1,0.9738325285533886,0.2272668174884175,0.0,0.9,4.16196331511035,4.652190501650571,0.0,0,0,0,DIRECT_LOCAL,PASS_THROUGH,0,BYPASS_VISIBLE,1,9,6.0,23.0,2.0,6.0,23.0,2.0,1,
265,8.866667,0.033333,2.7652745246887207,9.5299711227417,2.4436731338500977,-0.4663120109786315,0.06088898703455925,1.7559748999721072,-0.3183493852795906,0.107565034353543,1.7878379168860425,6.0,23.0,2.0,0.9734213724428769,0.22682551078562116,-0.031638889491700115,0.9,1.7635172605514526,-0.31085190176963806,0.10862305015325546,0.090447798371315,direct,SAFE_PROGRESSING,NONE,1,0,"2.730,9.482;2.847,9.968;2.965,10.454;3.082,10.940;3.200,11.426;3.317,11.912;3.435,12.398",0,1,PASS_THROUGH,-1,0.9733563272315473,0.22715568466452288,-0.03126907678369796,0.9,4.208164577799957,4.692391578679173,0.0,0,0,0,DIRECT_LOCAL,PASS_THROUGH,0,BYPASS_VISIBLE,1,9,6.0,23.0,2.0,6.0,23.0,2.0,1,
266,8.9,0.033333,2.800889015197754,9.57764720916748,2.4470934867858887,-0.4642837267107477,0.060807257890701294,1.7570014759864978,-0.31758994021698633,0.10714711891191242,1.7886861272556693,6.0,23.0,2.0,0.9734845395489635,0.22650200149654204,-0.032010850929073166,0.9,1.7645068168640137,-0.3101033568382263,0.10817864537239075,0.09034865349531174,direct,SAFE_PROGRESSING,NONE,1,0,"2.765,9.530;2.882,10.016;2.999,10.502;3.116,10.989;3.232,11.475;3.349,11.961;3.466,12.447",0,1,PASS_THROUGH,-1,0.9733563272315473,0.22715568466452288,-0.03126907678369796,0.9,4.2546236072663275,4.732869465853668,0.0,0,0,0,DIRECT_LOCAL,PASS_THROUGH,0,BYPASS_VISIBLE,1,9,6.0,23.0,2.0,6.0,23.0,2.0,1,
267,8.933333,0.033333,2.836399555206299,9.62543773651123,2.4505016803741455,-0.4622581001354002,0.06072824448347092,1.7580148501190294,-0.3168403872328898,0.10671695766959287,1.7895229960174235,6.0,23.0,2.0,0.9735458424337364,0.22618510991637286,-0.03238500782931456,0.9,1.765484094619751,-0.3093646168708801,0.10772175341844559,0.09025285392999649,direct,SAFE_PROGRESSING,NONE,1,0,"2.801,9.578;2.917,10.064;3.033,10.550;3.149,11.037;3.265,11.523;3.381,12.010;3.496,12.496",0,1,PASS_THROUGH,-1,0.9733563272315473,0.22715568466452288,-0.03126907678369796,0.9,4.301333263632636,4.773618555035719,0.0,0,0,0,DIRECT_LOCAL,PASS_THROUGH,0,BYPASS_VISIBLE,1,9,6.0,23.0,2.0,6.0,23.0,2.0,1,
268,8.966667,0.033333,2.8718063831329346,9.673338890075684,2.45389723777771,-0.4602350732642255,0.06065195053815842,1.7590152423890972,-0.316100575907703,0.10627432558870344,1.7903486893132547,6.0,23.0,2.0,0.9736052858114018,0.2258748348472257,-0.0327613556318582,0.9,1.7664480209350586,-0.308635950088501,0.10725224018096924,0.09016097337007523,direct,SAFE_PROGRESSING,NONE,1,0,"2.836,9.625;2.951,10.112;3.067,10.599;3.182,11.085;3.297,11.572;3.412,12.058;3.527,12.545",0,1,PASS_THROUGH,-1,0.9733563272315473,0.22715568466452288,-0.03126907678369796,0.9,4.348286456553447,4.8146333647891,0.0,0,0,0,DIRECT_LOCAL,PASS_THROUGH,0,BYPASS_VISIBLE,1,9,6.0,23.0,2.0,6.0,23.0,2.0,1,
269,9.0,0.033333,2.907109022140503,9.721354484558105,2.4572794437408447,-0.45821457864149784,0.0605783648788929,1.7600026996868914,-0.31537072061764887,0.10581884724076812,1.7911632596609963,6.0,23.0,2.0,0.973662854420072,0.22557126192615434,-0.03313988104383518,0.9,1.7673993110656738,-0.30791762471199036,0.10676988959312439,0.09007212519645691,direct,SAFE_PROGRESSING,NONE,1,0,"2.872,9.673;2.986,10.160;3.100,10.647;3.215,11.134;3.329,11.620;3.443,12.107;3.557,12.594",0,1,PASS_THROUGH,-1,0.9733563272315473,0.22715568466452288,-0.03126907678369796,0.9,4.3954757622621,4.85590874318049,0.0,0,0,0,DIRECT_LOCAL,PASS_THROUGH,0,BYPASS_VISIBLE,1,9,6.0,23.0,2.0,6.0,23.0,2.0,1,
270,9.033333,0.033333,2.942307710647583,9.76948070526123,2.4606480598449707,-0.45619644902027406,0.06050742790102959,1.7609773231431454,-0.3146504684011212,0.1053500608344578,1.791966708732968,6.0,23.0,2.0,0.9737185953814295,0.22527420703678128,-0.03352057058532481,0.9,1.7683380842208862,-0.3072103261947632,0.10627450048923492,0.08998478949069977,direct,SAFE_PROGRESSING,NONE,1,0,"2.907,9.721;3.021,10.208;3.134,10.695;3.247,11.182;3.361,11.669;3.474,12.156;3.588,12.643",1,1,PASS_THROUGH,-1,0.9742661058800758,0.22540087607033152,0.0,0.9,4.442895390597901,4.897439414297667,0.0,0,0,0,DIRECT_LOCAL,PASS_THROUGH,0,BYPASS_VISIBLE,1,9,6.0,23.0,2.0,6.0,23.0,2.0,1,
271,9.066667,0.033333,2.9774022102355957,9.817715644836426,2.4640026092529297,-0.45418068030887254,0.06043895706534386,1.76193912245045,-0.31393977506450854,0.10486800246585846,1.792759033314348,6.0,23.0,2.0,0.9737724778125478,0.2249838194783586,-0.03390342796444527,0.9,1.7692649364471436,-0.30651307106018066,0.10576620697975159,0.08990084379911423,direct,SAFE_PROGRESSING,NONE,1,0,"2.942,9.769;3.055,10.257;3.167,10.744;3.280,11.231;3.393,11.718;3.505,12.205;3.618,12.692",0,1,PASS_THROUGH,-1,0.9737185953814295,0.22527420703678128,-0.03352057058532481,0.9,4.490538365768782,4.939219926281426,0.0,0,0,0,DIRECT_LOCAL,PASS_THROUGH,0,BYPASS_VISIBLE,1,9,6.0,23.0,2.0,6.0,23.0,2.0,1,
272,9.1,0.033333,3.012392520904541,9.866060256958008,2.4673430919647217,-0.4521671865159696,0.06037282571196556,1.76288807567904,-0.31323925348351056,0.10437269533766715,1.7935403136886288,6.0,23.0,2.0,0.9738245043192933,0.22470010555315983,-0.03428844341293059,0.9,1.7701786756515503,-0.3058258891105652,0.1052449494600296,0.08982062339782715,direct,SAFE_PROGRESSING,NONE,1,0,"2.977,9.818;3.089,10.305;3.201,10.792;3.313,11.280;3.424,11.767;3.536,12.254;3.648,12.742",0,1,PASS_THROUGH,-1,0.9737185953814295,0.22527420703678128,-0.03352057058532481,0.9,4.538397952392698,4.981245585542176,0.0,0,0,0,DIRECT_LOCAL,PASS_THROUGH,0,BYPASS_VISIBLE,1,9,6.0,23.0,2.0,6.0,23.0,2.0,1,
273,9.133333,0.033333,3.04727840423584,9.91451358795166,2.4706685543060303,-0.4501558229208731,0.06030895933508873,1.7638243205668864,-0.3125487090434138,0.10386410087981784,1.794310642224338,6.0,23.0,2.0,0.9738746956726455,0.22442298559049698,-0.03467564948432517,0.9,1.7710802555084229,-0.3051493763923645,0.10471059381961823,0.08974287658929825,direct,SAFE_PROGRESSING,NONE,1,0,"3.012,9.866;3.123,10.354;3.234,10.841;3.345,11.329;3.456,11.816;3.567,12.304;3.678,12.791",0,1,PASS_THROUGH,-1,0.9737185953814295,0.22527420703678128,-0.03352057058532481,0.9,4.586468702365672,5.023511303129775,0.0,0,0,0,DIRECT_LOCAL,PASS_THROUGH,0,BYPASS_VISIBLE,1,9,6.0,23.0,2.0,6.0,23.0,2.0,1,
274,9.166667,0.033333,3.0820600986480713,9.96307373046875,2.4739785194396973,-0.44814658252604256,0.0602472648024559,1.7647477772685836,-0.31186822871552844,0.10334212732328418,1.7950699442462597,6.0,23.0,2.0,0.9739230405508209,0.22415252980033254,-0.03506500347005876,0.9,1.7719686031341553,-0.3044831156730652,0.10416309535503387,0.08966822177171707,direct,SAFE_PROGRESSING,NONE,1,0,"3.047,9.915;3.157,10.402;3.267,10.890;3.377,11.378;3.488,11.865;3.598,12.353;3.708,12.841",0,1,PASS_THROUGH,-1,0.9737185953814295,0.22527420703678128,-0.03352057058532481,0.9,4.634744589905028,5.066012390887061,0.0,0,0,0,DIRECT_LOCAL,PASS_THROUGH,0,BYPASS_VISIBLE,1,9,6.0,23.0,2.0,6.0,23.0,2.0,1,
275,9.2,0.033333,3.116737127304077,10.011739730834961,2.4772727489471436,-0.4461392698059011,0.060187701135873795,1.7656585140637502,-0.3111979664296328,0.102806613302249,1.7958182988082139,6.0,23.0,2.0,0.973969557201489,0.2238886745301355,-0.0354564953411171,0.9,1.772845983505249,-0.3038264513015747,0.10360229760408401,0.08959762752056122,direct,SAFE_PROGRESSING,NONE,1,0,"3.082,9.963;3.191,10.451;3.300,10.939;3.410,11.427;3.519,11.915;3.628,12.403;3.737,12.891",0,1,PASS_THROUGH,-1,0.9737185953814295,0.22527420703678128,-0.03352057058532481,0.9,4.683219921364249,5.108743693085399,0.0,0,0,0,DIRECT_LOCAL,PASS_THROUGH,0,BYPASS_VISIBLE,1,9,6.0,23.0,2.0,6.0,23.0,2.0,1,
276,9.233333,0.033333,3.1513097286224365,10.06051254272461,2.480550765991211,-0.4441340174348862,0.060130249708890915,1.7665566317300279,-0.3105382807098213,0.10225758054502386,1.796555863221201,6.0,23.0,2.0,0.9740142044908395,0.22363161067168058,-0.03585013470639487,0.9,1.7737101316452026,-0.30318132042884827,0.10302800685167313,0.089527927339077,direct,SAFE_PROGRESSING,NONE,1,0,"3.117,10.012;3.225,10.500;3.333,10.988;3.442,11.476;3.550,11.964;3.659,12.452;3.767,12.940",1,1,PASS_THROUGH,-1,0.9746407256636395,0.22377545861388431,0.0,0.9,4.731888793209866,5.151701209049743,0.0,0,0,0,DIRECT_LOCAL,PASS_THROUGH,0,BYPASS_VISIBLE,1,9,6.0,23.0,2.0,6.0,23.0,2.0,1,
277,9.266667,0.033333,3.1857779026031494,10.109390258789062,2.483812093734741,-0.442130571739228,0.06007485091686249,1.7674419260760463,-0.30988905348200835,0.1016945379119066,1.7972823836449563,6.0,23.0,2.0,0.9740570230440709,0.2233811747387436,-0.036245918816623014,0.9,1.774543285369873,-0.3025548458099365,0.10244264453649521,0.08946055173873901,direct,SAFE_PROGRESSING,NONE,1,0,"3.151,10.061;3.259,10.549;3.366,11.037;3.474,11.525;3.581,12.014;3.689,12.502;3.796,12.990",0,1,PASS_THROUGH,-1,0.9740142044908395,0.22363161067168058,-0.03585013470639487,0.9,4.780746795560739,5.194880290533393,0.0,0,0,0,DIRECT_LOCAL,PASS_THROUGH,0,BYPASS_VISIBLE,1,9,6.0,23.0,2.0,6.0,23.0,2.0,1,
278,9.3,0.033333,3.2201414108276367,10.158371925354004,2.487056255340576,-0.44012898284342666,0.06002112850546837,1.7683144292905155,-0.3092504951061194,0.10111507641898869,1.7979977887193406,6.0,23.0,2.0,0.9740979788046692,0.2231375290876547,-0.03664383715325351,0.9,1.7753838300704956,-0.3019008934497833,0.10184470564126968,0.08945222198963165,direct,SAFE_PROGRESSING,NONE,1,0,"3.186,10.109;3.292,10.598;3.399,11.086;3.506,11.575;3.612,12.063;3.719,12.552;3.826,13.040",0,1,PASS_THROUGH,-1,0.9740142044908395,0.22363161067168058,-0.03585013470639487,0.9,4.8297885267066345,5.238276308713968,0.0,0,0,0,DIRECT_LOCAL,PASS_THROUGH,0,BYPASS_VISIBLE,1,9,6.0,23.0,2.0,6.0,23.0,2.0,1,
279,9.333333,0.033333,3.2544000148773193,10.207456588745117,2.4902830123901367,-0.4381290951695449,0.059971846640110016,1.769173040208964,-0.3086226537882021,0.10052164925245205,1.7987011398789776,6.0,23.0,2.0,0.9741370906394391,0.22290060452375707,-0.037043881323005005,0.9,1.7762408256530762,-0.3012006878852844,0.10123215615749359,0.089527428150177,direct,SAFE_PROGRESSING,NONE,1,0,"3.220,10.158;3.326,10.647;3.432,11.136;3.537,11.624;3.643,12.113;3.749,12.602;3.855,13.090",0,1,PASS_THROUGH,-1,0.9740142044908395,0.22363161067168058,-0.03585013470639487,0.9,4.8790088286761035,5.281884722298485,0.0,0,0,0,DIRECT_LOCAL,PASS_THROUGH,0,BYPASS_VISIBLE,1,9,6.0,23.0,2.0,6.0,23.0,2.0,1,
280,9.366667,0.033333,3.2885537147521973,10.256645202636719,2.4934918880462646,-0.4361306640073484,0.059934213757514954,1.770018235708457,-0.30800366716669403,0.0999176436783606,1.799392772367069,6.0,23.0,2.0,0.9741743961596565,0.22267024585588274,-0.037446060906983915,0.9,1.777090072631836,-0.30054429173469543,0.10059472173452377,0.0895337164402008,direct,SAFE_PROGRESSING,NONE,1,0,"3.254,10.207;3.359,10.696;3.464,11.185;3.569,11.674;3.674,12.163;3.779,12.652;3.884,13.141",0,1,PASS_THROUGH,-1,0.9740142044908395,0.22363161067168058,-0.03585013470639487,0.9,4.928402698474007,5.325701720044625,0.0,0,0,0,DIRECT_LOCAL,PASS_THROUGH,0,BYPASS_VISIBLE,1,9,6.0,23.0,2.0,6.0,23.0,2.0,1,
281,9.4,0.033333,3.3226025104522705,10.30593490600586,2.4966819286346436,-0.4341331461456108,0.05990986153483391,1.7708524793377882,-0.30738928029636714,0.09930514936658734,1.8000744945442202,6.0,23.0,2.0,0.9742100020856268,0.22244599594021278,-0.03785037287121376,0.9,1.7779250144958496,-0.299913227558136,0.09993802011013031,0.08952340483665466,direct,SAFE_PROGRESSING,NONE,1,0,"3.289,10.257;3.393,10.746;3.497,11.235;3.601,11.724;3.705,12.213;3.809,12.702;3.913,13.191",0,1,PASS_THROUGH,-1,0.9740142044908395,0.22363161067168058,-0.03585013470639487,0.9,4.977966196435214,5.369722776363392,0.0,0,0,0,DIRECT_LOCAL,PASS_THROUGH,0,BYPASS_VISIBLE,1,9,6.0,23.0,2.0,6.0,23.0,2.0,1,
282,9.433333,0.033333,3.356546401977539,10.355326652526855,2.499852418899536,-0.432136366096794,0.05989477038383484,1.7716782108189228,-0.30677733100943344,0.09868391165744946,1.8007483244284377,6.0,23.0,2.0,0.9742439207251801,0.2222278171981123,-0.03825676663534701,0.9,1.7787503004074097,-0.2993059754371643,0.0992649495601654,0.08949744701385498,direct,SAFE_PROGRESSING,NONE,1,0,"3.323,10.306;3.426,10.795;3.529,11.284;3.632,11.774;3.735,12.263;3.839,12.752;3.942,13.241",1,1,PASS_THROUGH,-1,0.9749576463197386,0.2223906200420234,0.0,0.9,inf,5.4139442686899075,0.0,0,0,0,DIRECT_LOCAL,PASS_THROUGH,0,BYPASS_VISIBLE,1,9,6.0,23.0,2.0,6.0,23.0,2.0,1,
283,9.466667,0.033333,3.3903839588165283,10.404818534851074,2.5030031204223633,-0.43014003155777353,0.05988452211022377,1.7724971808418577,-0.30616836796178926,0.09804888670250785,1.8014158070296595,6.0,23.0,2.0,0.9742762023685806,0.22201550004233947,-0.038665220020150146,0.9,1.779564380645752,-0.2988339066505432,0.09856516122817993,0.08923789858818054,direct,SAFE_PROGRESSING,NONE,1,0,"3.357,10.355;3.459,10.845;3.561,11.334;3.663,11.824;3.766,12.313;3.868,12.802;3.970,13.292",0,1,PASS_THROUGH,-1,0.9742439207251801,0.2222278171981123,-0.03825676663534701,0.9,inf,5.4583606391675294,0.0,0,0,0,DIRECT_LOCAL,PASS_THROUGH,0,BYPASS_VISIBLE,1,9,6.0,23.0,2.0,6.0,23.0,2.0,1,
284,9.5,0.033333,3.424116611480713,10.4544095993042,2.5061333179473877,-0.42814408802546783,0.05986469238996506,1.7733105054991887,-0.3055661057520755,0.09740189288060053,1.802078778143453,6.0,23.0,2.0,0.9743068569438664,0.22180900611252277,-0.03907573824688372,0.9,1.780334234237671,-0.29841428995132446,0.09786371886730194,0.08892592042684555,direct,SAFE_PROGRESSING,NONE,1,0,"3.390,10.405;3.492,10.894;3.593,11.384;3.695,11.874;3.796,12.363;3.898,12.853;3.999,13.342",0,1,PASS_THROUGH,-1,0.9742439207251801,0.2222278171981123,-0.03825676663534701,0.9,inf,5.50296939744605,0.0,0,0,0,DIRECT_LOCAL,PASS_THROUGH,0,BYPASS_VISIBLE,1,9,6.0,23.0,2.0,6.0,23.0,2.0,1,
285,9.533333,0.033333,3.4577431678771973,10.504100799560547,2.5092427730560303,-0.42614932872411365,0.05981844291090965,1.7741169643501506,-0.3049799850499852,0.09674504832287804,1.802737750991829,6.0,23.0,2.0,0.9743356626077668,0.22160932113511403,-0.03948829392006896,0.9,1.7811100482940674,-0.2979467511177063,0.09717082977294922,0.08870568126440048,direct,SAFE_PROGRESSING,NONE,1,0,"3.424,10.454;3.525,10.944;3.625,11.434;3.726,11.924;3.826,12.414;3.927,12.903;4.027,13.393",0,1,PASS_THROUGH,-1,0.9742439207251801,0.2222278171981123,-0.03825676663534701,0.9,inf,5.547766053349837,0.0,0,0,0,DIRECT_LOCAL,PASS_THROUGH,0,BYPASS_VISIBLE,1,9,6.0,23.0,2.0,6.0,23.0,2.0,1,
286,9.566667,0.033333,3.491264820098877,10.553890228271484,2.5123300552368164,-0.4241567997200775,0.05974314361810684,1.7749143189913845,-0.30442011043537043,0.09608236114131263,1.8033924319239623,6.0,23.0,2.0,0.9743623910746964,0.22141745500786045,-0.03990290060938814,0.9,1.7818818092346191,-0.2973632216453552,0.09649316966533661,0.0886899083852768,direct,SAFE_PROGRESSING,NONE,1,0,"3.458,10.504;3.557,10.994;3.657,11.484;3.757,11.974;3.856,12.464;3.956,12.954;4.056,13.444",0,1,PASS_THROUGH,-1,0.9742439207251801,0.2222278171981123,-0.03825676663534701,0.9,inf,5.592747821964426,0.0,0,0,0,DIRECT_LOCAL,PASS_THROUGH,0,BYPASS_VISIBLE,1,9,6.0,23.0,2.0,6.0,23.0,2.0,1,
287,9.6,0.033333,3.52468204498291,10.603778839111328,2.5153965950012207,-0.4221670668283354,0.059653785079717636,1.7757013139034905,-0.30388914670170214,0.09540475227099077,1.8040415284681117,6.0,23.0,2.0,0.9743868741889314,0.22123417378105614,-0.04031947122342613,0.9,1.7824735641479492,-0.2968825697898865,0.0958268791437149,0.08862320333719254,direct,SAFE_PROGRESSING,NONE,1,0,"3.491,10.554;3.590,11.044;3.689,11.534;3.788,12.024;3.886,12.514;3.985,13.005;4.084,13.495",0,1,PASS_THROUGH,-1,0.9742439207251801,0.2222278171981123,-0.03825676663534701,0.9,inf,5.637912014596182,0.0,0,0,0,DIRECT_LOCAL,PASS_THROUGH,0,BYPASS_VISIBLE,1,9,6.0,23.0,2.0,6.0,23.0,2.0,1,
288,9.633333,0.033333,3.557995319366455,10.653763771057129,2.518442392349243,-0.42018037332855807,0.05956188216805458,1.776473106701532,-0.30338049435350095,0.09467610196817564,1.804677252993414,6.0,23.0,2.0,0.9744090277143428,0.22105983293633857,-0.040738151295160195,0.9,1.7831215858459473,-0.29644253849983215,0.09513493627309799,0.08846361935138702,direct,SAFE_PROGRESSING,NONE,1,0,"3.525,10.604;3.623,11.094;3.720,11.584;3.818,12.075;3.916,12.565;4.014,13.055;4.112,13.546",1,1,PASS_THROUGH,-1,0.9752185986603656,0.22124349668840557,0.0,0.9,inf,5.683255035663149,0.0,0,0,0,DIRECT_LOCAL,PASS_THROUGH,0,BYPASS_VISIBLE,1,9,6.0,23.0,2.0,6.0,23.0,2.0,1,
289,9.666667,0.033333,3.5912046432495117,10.70384407043457,2.5214664936065674,-0.4181966599131575,0.05946892127394676,1.777221898641196,-0.3028884701326335,0.09390925109579686,1.8052916799759748,6.0,23.0,2.0,0.9744288253131085,0.2208945543118275,-0.04115896347449561,0.9,1.7838956117630005,-0.29576605558395386,0.09443376213312149,0.08866654336452484,direct,SAFE_PROGRESSING,NONE,1,0,"3.558,10.654;3.655,11.144;3.752,11.635;3.849,12.125;3.946,12.616;4.043,13.106;4.140,13.597",0,1,PASS_THROUGH,-1,0.9744090277143428,0.22105983293633857,-0.040738151295160195,0.9,inf,5.7078504969686295,0.0,0,0,0,DIRECT_LOCAL,PASS_THROUGH,0,BYPASS_VISIBLE,1,9,6.0,23.0,2.0,6.0,23.0,2.0,1,
290,9.7,0.033333,3.62431001663208,10.754016876220703,2.5244696140289307,-0.41621572122750267,0.05939259007573128,1.7779441703102397,-0.30240655684741774,0.09314746488385643,1.8058825123962983,6.0,23.0,2.0,0.9744462897948688,0.22073825492436827,-0.04158186044369966,0.9,1.7846578359603882,-0.2950722575187683,0.09370990842580795,0.08890943974256516,direct,SAFE_PROGRESSING,NONE,1,0,"3.591,10.704;3.687,11.195;3.783,11.685;3.880,12.176;3.976,12.667;4.072,13.157;4.168,13.648",0,1,PASS_THROUGH,-1,0.9744090277143428,0.22105983293633857,-0.040738151295160195,0.9,inf,5.664844082879126,0.0,0,0,0,DIRECT_LOCAL,PASS_THROUGH,0,BYPASS_VISIBLE,1,9,6.0,23.0,2.0,6.0,23.0,2.0,1,
291,9.733333,0.033333,3.657310962677002,10.80428409576416,2.5274505615234375,-0.4142365988050746,0.059352900832891464,1.7786463601781664,-0.30192244854160666,0.09240793081740355,1.806454888777008,6.0,23.0,2.0,0.9744615978708915,0.2205901467755403,-0.04200692110182185,0.9,1.7853775024414062,-0.2944631576538086,0.09295475482940674,0.08904264867305756,direct,SAFE_PROGRESSING,NONE,1,0,"3.624,10.754;3.720,11.245;3.815,11.736;3.910,12.227;4.005,12.717;4.100,13.208;4.196,13.699",0,1,PASS_THROUGH,-1,0.9744090277143428,0.22105983293633857,-0.040738151295160195,0.9,inf,5.622003355176957,0.0,0,0,0,DIRECT_LOCAL,PASS_THROUGH,0,BYPASS_VISIBLE,1,9,6.0,23.0,2.0,6.0,23.0,2.0,1,
292,9.766667,0.033333,3.69020676612854,10.854643821716309,2.530409336090088,-0.4122578844933855,0.059350624680519104,1.7793378334871643,-0.3014237545792672,0.09167657954759001,1.8070152187353055,6.0,23.0,2.0,0.9744750542056413,0.2204488986524516,-0.04243408787559386,0.9,1.7861053943634033,-0.2941601276397705,0.09213887155056,0.0886303037405014,direct,SAFE_PROGRESSING,NONE,1,0,"3.657,10.804;3.752,11.295;3.846,11.786;3.940,12.277;4.035,12.768;4.129,13.259;4.223,13.750",0,1,PASS_THROUGH,-1,0.9744090277143428,0.22105983293633857,-0.040738151295160195,0.9,inf,5.57933404568776,0.0,0,0,0,DIRECT_LOCAL,PASS_THROUGH,0,BYPASS_VISIBLE,1,9,6.0,23.0,2.0,6.0,23.0,2.0,1,
293,9.8,0.033333,3.722996711730957,10.905096054077148,2.5333445072174072,-0.41027909047721167,0.05935269594192505,1.780026089182747,-0.3009104534771867,0.09095787798752128,1.8075711091824476,6.0,23.0,2.0,0.9744867474355225,0.22031411497064265,-0.04286338550836176,0.9,1.7869131565093994,-0.29379990696907043,0.09130968153476715,0.08829227089881897,direct,SAFE_PROGRESSING,NONE,1,0,"3.690,10.855;3.784,11.346;3.877,11.837;3.970,12.328;4.064,12.819;4.157,13.311;4.251,13.802",0,1,PASS_THROUGH,-1,0.9744090277143428,0.22105983293633857,-0.040738151295160195,0.9,inf,5.5368400981007095,0.0,0,0,0,DIRECT_LOCAL,PASS_THROUGH,0,BYPASS_VISIBLE,1,9,6.0,23.0,2.0,6.0,23.0,2.0,1,
294,9.833333,0.033333,3.7556803226470947,10.95564079284668,2.5362548828125,-0.40830081939763396,0.05932849273085594,1.7807172169218322,-0.300398994765208,0.0902747706606284,1.8081324334560265,6.0,23.0,2.0,0.9744965365079366,0.22018643627739656,-0.04329472962724478,0.9,1.7878069877624512,-0.293273001909256,0.09048739075660706,0.08819073438644409,direct,SAFE_PROGRESSING,NONE,1,0,"3.723,10.905;3.816,11.396;3.908,11.888;4.001,12.379;4.093,12.871;4.186,13.362;4.278,13.853",1,1,PASS_THROUGH,-1,0.9754111370095409,0.22039308926950205,0.0,0.9,inf,5.494525596227014,0.0,0,0,0,DIRECT_LOCAL,PASS_THROUGH,0,BYPASS_VISIBLE,1,9,6.0,23.0,2.0,6.0,23.0,2.0,1,
295,9.866667,0.033333,3.7882583141326904,11.006278038024902,2.539139747619629,-0.406324024655018,0.05927962437272072,1.7814191723234438,-0.29990589969997034,0.08964165080509155,1.8087104361272022,6.0,23.0,2.0,0.9745041982769667,0.2200668644733799,-0.043728053940484894,0.9,1.7889738082885742,-0.2925472557544708,0.08963753283023834,0.0881834626197815,direct,SAFE_PROGRESSING,NONE,1,0,"3.756,10.956;3.847,11.447;3.939,11.939;4.030,12.430;4.122,12.922;4.214,13.413;4.305,13.905",0,1,PASS_THROUGH,-1,0.9744965365079366,0.22018643627739656,-0.04329472962724478,0.9,inf,5.452394989288411,0.0,0,0,0,DIRECT_LOCAL,PASS_THROUGH,0,BYPASS_VISIBLE,1,9,6.0,23.0,2.0,6.0,23.0,2.0,1,
296,9.9,0.033333,3.8207311630249023,11.057007789611816,2.5419986248016357,-0.40434900377734756,0.05922452360391617,1.7821462201511566,-0.29943122946090334,0.0890814607429285,1.809320236393662,6.0,23.0,2.0,0.9745096311291948,0.2199558570544305,-0.04416333076084496,0.9,1.7898156642913818,-0.29188278317451477,0.08883291482925415,0.08830724656581879,direct,SAFE_PROGRESSING,NONE,1,0,"3.788,11.006;3.879,11.498;3.970,11.990;4.060,12.481;4.151,12.973;4.242,13.465;4.332,13.957",0,1,PASS_THROUGH,-1,0.9744965365079366,0.22018643627739656,-0.04329472962724478,0.9,4.97293764791475,5.410452802397275,0.0,0,0,0,DIRECT_LOCAL,PASS_THROUGH,0,BYPASS_VISIBLE,1,9,6.0,23.0,2.0,6.0,23.0,2.0,1,
297,9.933333,0.033333,3.8530995845794678,11.107830047607422,2.5448312759399414,-0.4023756046088985,0.05917716398835182,1.7829136919120454,-0.298961103800385,0.08854120035590152,1.8099719662341316,6.0,23.0,2.0,0.9745128350102313,0.21985341757410526,-0.044600551356541375,0.9,1.791554570198059,-0.290402352809906,0.08794309198856354,0.08916629105806351,direct,SAFE_PROGRESSING,NONE,1,0,"3.821,11.057;3.910,11.549;4.000,12.041;4.090,12.533;4.180,13.025;4.270,13.516;4.359,14.008",0,1,PASS_THROUGH,-1,0.9744965365079366,0.22018643627739656,-0.04329472962724478,0.9,4.926165530244311,5.36870374549483,0.0,0,0,0,DIRECT_LOCAL,PASS_THROUGH,0,BYPASS_VISIBLE,1,9,6.0,23.0,2.0,6.0,23.0,2.0,1,
298,9.966667,0.033333,3.8853635787963867,11.158747673034668,2.547635793685913,-0.4004025823579451,0.05919419229030609,1.7837401154346362,-0.2984647655755884,0.08807733099450468,1.8106815379673962,6.0,23.0,2.0,0.9745140439410576,0.21975850650370182,-0.045039726696653515,0.9,1.7927480936050415,-0.2892630100250244,0.08706845343112946,0.0898289754986763,direct,SAFE_PROGRESSING,NONE,1,0,"3.853,11.108;3.942,11.600;4.031,12.092;4.120,12.584;4.208,13.076;4.297,13.568;4.386,14.060",0,1,PASS_THROUGH,-1,0.9744965365079366,0.22018643627739656,-0.04329472962724478,0.9,4.879583891765104,5.327149716780952,0.0,0,0,0,DIRECT_LOCAL,PASS_THROUGH,0,BYPASS_VISIBLE,1,9,6.0,23.0,2.0,6.0,23.0,2.0,1,
299,10.0,0.033333,3.917520761489868,11.209763526916504,2.550410747528076,-0.39842664398787264,0.05930335819721222,1.7846533763695753,-0.297896016862504,0.08762773253643709,1.8114657960224776,6.0,23.0,2.0,0.9745139681892668,0.21966799518716867,-0.04548073981872372,0.9,1.7947230339050293,-0.2873937487602234,0.08609410375356674,0.09126929938793182,direct,SAFE_PROGRESSING,NONE,1,0,"3.885,11.159;3.973,11.651;4.061,12.143;4.149,12.635;4.237,13.128;4.325,13.620;4.413,14.112",0,1,PASS_THROUGH,-1,0.9744965365079366,0.22018643627739656,-0.04329472962724478,0.9,4.833196223816252,5.285792151067325,0.0,0,0,0,DIRECT_LOCAL,PASS_THROUGH,0,BYPASS_VISIBLE,1,9,6.0,23.0,2.0,6.0,23.0,2.0,1,
300,10.033333,0.033333,3.9495699405670166,11.260881423950195,2.5531535148620605,-0.3964443029263934,0.05954497680068016,1.7856767549563644,-0.2972138831960531,0.08720103048807801,1.8123414648664173,6.0,23.0,2.0,0.9745134001051335,0.21957837832527397,-0.0459235101835076,0.9,1.7963972091674805,-0.28589221835136414,0.08506202697753906,0.09229719638824463,direct,SAFE_PROGRESSING,NONE,1,0,"3.918,11.210;4.004,11.702;4.091,12.195;4.178,12.687;4.265,13.179;4.352,13.672;4.439,14.164",1,1,PASS_THROUGH,-1,0.9755426375357071,0.21981028717936732,0.0,0.9,4.78700593145351,5.244631950816535,0.0,0,0,0,DIRECT_LOCAL,PASS_THROUGH,0,BYPASS_VISIBLE,1,9,6.0,23.0,2.0,6.0,23.0,2.0,1,
301,10.066667,0.033333,3.981506824493408,11.312108993530273,2.5558602809906006,-0.39445066970871134,0.05992661044001579,1.7868372425625683,-0.29638264974469275,0.08670791130439151,1.8133251965273791,6.0,23.0,2.0,0.9745134245986681,0.21948486678172405,-0.04636786096839973,0.9,1.7973377704620361,-0.2851642072200775,0.08403798937797546,0.09262792021036148,direct,SAFE_PROGRESSING,NONE,1,0,"3.950,11.261;4.036,11.753;4.122,12.246;4.208,12.739;4.294,13.231;4.380,13.724;4.466,14.216",0,1,PASS_THROUGH,-1,0.9745134001051335,0.21957837832527397,-0.0459235101835076,0.9,4.741015832287454,5.203665635636763,0.0,0,0,0,DIRECT_LOCAL,PASS_THROUGH,0,BYPASS_VISIBLE,1,9,6.0,23.0,2.0,6.0,23.0,2.0,1,
302,10.1,0.033333,4.013327598571777,11.363450050354004,2.5585293769836426,-0.39244257268355925,0.06037236005067825,1.7881265098384327,-0.2954117027628464,0.0859724578940374,1.8144023128381868,6.0,23.0,2.0,0.9745148203264293,0.21938404413056253,-0.046813525236480046,0.9,1.7990949153900146,-0.28387337923049927,0.08292363584041595,0.09344234317541122,direct,SAFE_PROGRESSING,NONE,1,0,"3.982,11.312;4.067,11.805;4.152,12.298;4.237,12.790;4.322,13.283;4.407,13.776;4.492,14.268",0,1,PASS_THROUGH,-1,0.9745134001051335,0.21957837832527397,-0.0459235101835076,0.9,4.6952247254176465,5.1628935923456485,0.0,0,0,0,DIRECT_LOCAL,PASS_THROUGH,0,BYPASS_VISIBLE,1,9,6.0,23.0,2.0,6.0,23.0,2.0,1,
303,10.133333,0.033333,4.045029640197754,11.414910316467285,2.561157703399658,-0.3904197150418233,0.060852691531181335,1.789507969272812,-0.29435407094423727,0.08505235342288568,1.8155486757438148,6.0,23.0,2.0,0.9745177067011919,0.2192753840169964,-0.04726039875041949,0.9,1.800278663635254,-0.28270187973976135,0.08187603950500488,0.09444695711135864,direct,SAFE_PROGRESSING,NONE,1,0,"4.013,11.363;4.097,11.856;4.182,12.349;4.266,12.842;4.350,13.335;4.434,13.828;4.518,14.321",0,1,PASS_THROUGH,-1,0.9745134001051335,0.21957837832527397,-0.0459235101835076,0.9,4.6496354118725325,5.122314770796295,0.0,0,0,0,DIRECT_LOCAL,PASS_THROUGH,0,BYPASS_VISIBLE,1,9,6.0,23.0,2.0,6.0,23.0,2.0,1,
304,10.166667,0.033333,4.076611042022705,11.466493606567383,2.5637447834014893,-0.38838104680652363,0.06136751547455788,1.7909482218318515,-0.29326030086702526,0.0839428090030246,1.8167398087042095,6.0,23.0,2.0,0.9745223577894342,0.2191576962041763,-0.04770826304740201,0.9,1.8015637397766113,-0.28147968649864197,0.08080540597438812,0.09542042016983032,direct,SAFE_PROGRESSING,NONE,1,0,"4.045,11.415;4.128,11.908;4.211,12.401;4.295,12.894;4.378,13.387;4.461,13.880;4.544,14.373",0,1,PASS_THROUGH,-1,0.9745134001051335,0.21957837832527397,-0.0459235101835076,0.9,4.6042491859670065,5.081930265265408,0.0,0,0,0,DIRECT_LOCAL,PASS_THROUGH,0,BYPASS_VISIBLE,1,9,6.0,23.0,2.0,6.0,23.0,2.0,1,
305,10.2,0.033333,4.1080708503723145,11.518199920654297,2.5662875175476074,-0.38632534288186493,0.06191354990005493,1.792412222461978,-0.2921639704660545,0.08265842452823037,1.8179476824196745,6.0,23.0,2.0,0.9745290563845035,0.21902970290284238,-0.04815711275213365,0.9,1.8021783828735352,-0.2808281183242798,0.07980223000049591,0.09589911997318268,direct,SAFE_PROGRESSING,NONE,1,0,"4.077,11.466;4.159,11.960;4.241,12.453;4.323,12.946;4.406,13.439;4.488,13.932;4.570,14.426",0,1,PASS_THROUGH,-1,0.9745134001051335,0.21957837832527397,-0.0459235101835076,0.9,4.559069575554318,5.041745217249382,0.0,0,0,0,DIRECT_LOCAL,PASS_THROUGH,0,BYPASS_VISIBLE,1,9,6.0,23.0,2.0,6.0,23.0,2.0,1,
306,10.233333,0.033333,4.139407634735107,11.570029258728027,2.568788766860962,-0.38425175401019296,0.06245577335357666,1.7938595406779265,-0.2910890010018141,0.08120105534828424,1.8191367374595926,6.0,23.0,2.0,0.9745379838221488,0.21889062672810938,-0.0486067034310749,0.9,1.804118037223816,-0.27899718284606934,0.07870442420244217,0.0975010097026825,direct,SAFE_PROGRESSING,NONE,1,0,"4.108,11.518;4.189,12.012;4.271,12.505;4.352,12.998;4.433,13.492;4.515,13.985;4.596,14.478",1,1,PASS_THROUGH,-1,0.9756912551557496,0.21914966258837354,0.0,0.9,4.514104288510319,5.001764741800952,0.0,0,0,0,DIRECT_LOCAL,PASS_THROUGH,0,BYPASS_VISIBLE,1,9,6.0,23.0,2.0,6.0,23.0,2.0,1,
307,10.266667,0.033333,4.170620441436768,11.621980667114258,2.5712482929229736,-0.38216003414554267,0.0630352571606636,1.795266966372432,-0.2900432229880033,0.07982547128889038,1.8202968597500344,6.0,23.0,2.0,0.9745491734066677,0.2187402342315062,-0.04905729854697063,0.9,1.805100440979004,-0.27732735872268677,0.07775820791721344,0.0996287539601326,direct,SAFE_PROGRESSING,NONE,1,0,"4.139,11.570;4.220,12.064;4.300,12.557;4.380,13.051;4.461,13.544;4.541,14.038;4.621,14.531",0,1,PASS_THROUGH,-1,0.9745379838221488,0.21889062672810938,-0.0486067034310749,0.9,4.469361211081922,4.961995115904511,0.0,0,0,0,DIRECT_LOCAL,PASS_THROUGH,0,BYPASS_VISIBLE,1,9,6.0,23.0,2.0,6.0,23.0,2.0,1,
308,10.3,0.033333,4.201707363128662,11.674055099487305,2.573667049407959,-0.38004681806456836,0.06371522694826126,1.7966487183468345,-0.2889912250672019,0.07851829971543996,1.821435606518487,6.0,23.0,2.0,0.974563340232888,0.2185753078194257,-0.049508895016548336,0.9,1.8063116073608398,-0.2756751775741577,0.07676464319229126,0.10156802833080292,direct,SAFE_PROGRESSING,NONE,1,0,"4.171,11.622;4.250,12.116;4.329,12.609;4.409,13.103;4.488,13.597;4.567,14.090;4.647,14.584",0,1,PASS_THROUGH,-1,0.9745379838221488,0.21889062672810938,-0.0486067034310749,0.9,4.4248495277267885,4.922440618241265,0.0,0,0,0,DIRECT_LOCAL,PASS_THROUGH,0,BYPASS_VISIBLE,1,9,6.0,23.0,2.0,6.0,23.0,2.0,1,
309,10.333333,0.033333,4.232665538787842,11.726250648498535,2.576046943664551,-0.3779078914973946,0.06452058255672455,1.7980137793435698,-0.28788706722009455,0.07721121220716254,1.8225515316370164,6.0,23.0,2.0,0.9745814001118396,0.21839169629691202,-0.04996160070097542,0.9,1.8070191144943237,-0.27515801787376404,0.07573436945676804,0.10191196203231812,direct,SAFE_PROGRESSING,NONE,1,0,"4.202,11.674;4.280,12.168;4.359,12.662;4.437,13.155;4.515,13.649;4.594,14.143;4.672,14.637",0,1,PASS_THROUGH,-1,0.9745379838221488,0.21889062672810938,-0.0486067034310749,0.9,4.380576639810545,4.8831080232718636,0.0,0,0,0,DIRECT_LOCAL,PASS_THROUGH,0,BYPASS_VISIBLE,1,9,6.0,23.0,2.0,6.0,23.0,2.0,1,
310,10.366667,0.033333,4.263490676879883,11.778570175170898,2.578388214111328,-0.37574043982566513,0.06536886841058731,1.7993583594085594,-0.2867185651557962,0.07584131403984617,1.8236364621529564,6.0,23.0,2.0,0.9746039652023614,0.2181865685565181,-0.05041559593385731,0.9,1.8078243732452393,-0.2747547924518585,0.0747111365199089,0.10197307169437408,direct,SAFE_PROGRESSING,NONE,1,0,"4.233,11.726;4.310,12.220;4.388,12.714;4.465,13.208;4.542,13.702;4.620,14.196;4.697,14.690",0,1,PASS_THROUGH,-1,0.9745379838221488,0.21889062672810938,-0.0486067034310749,0.9,4.336552795185394,4.843999180955306,0.0,0,0,0,DIRECT_LOCAL,PASS_THROUGH,0,BYPASS_VISIBLE,1,9,6.0,23.0,2.0,6.0,23.0,2.0,1,
311,10.4,0.033333,4.294179916381836,11.831011772155762,2.5806918144226074,-0.37354648079063374,0.06614835560321808,1.8006598672756833,-0.2855364252130006,0.07445395167283204,1.824678163035992,6.0,23.0,2.0,0.9746306382906066,0.21796161719305143,-0.05087093802786203,0.9,1.8087544441223145,-0.27388808131217957,0.07377682626247406,0.10279406607151031,direct,SAFE_PROGRESSING,NONE,1,0,"4.263,11.779;4.340,12.273;4.416,12.767;4.493,13.261;4.569,13.755;4.646,14.249;4.722,14.743",0,1,PASS_THROUGH,-1,0.9745379838221488,0.21889062672810938,-0.0486067034310749,0.9,4.292783495075916,4.805120966447206,0.0,0,0,0,DIRECT_LOCAL,PASS_THROUGH,0,BYPASS_VISIBLE,1,9,6.0,23.0,2.0,6.0,23.0,2.0,1,
312,10.433333,0.033333,4.324731826782227,11.883573532104492,2.582960605621338,-0.37132936922521925,0.06684169918298721,1.8018961626716123,-0.28440998495285635,0.07313470047951384,1.8256690568133627,6.0,23.0,2.0,0.9746606886864418,0.21772001790707513,-0.051327728683565395,0.9,1.8092951774597168,-0.2724398970603943,0.07303431630134583,0.10507120192050934,direct,SAFE_PROGRESSING,NONE,1,0,"4.294,11.831;4.370,12.325;4.445,12.820;4.521,13.314;4.596,13.808;4.672,14.302;4.747,14.797",1,1,PASS_THROUGH,-1,0.9759471203131651,0.21800738141732795,0.0,0.9,4.249279435256595,4.7664808063698665,0.0,0,0,0,DIRECT_LOCAL,PASS_THROUGH,0,BYPASS_VISIBLE,1,9,6.0,23.0,2.0,6.0,23.0,2.0,1,
313,10.466667,0.033333,4.355146408081055,11.936253547668457,2.5851986408233643,-0.3690902773131486,0.06753569841384888,1.8030511024923885,-0.2833695293335886,0.07182251295798496,1.82659520466943,6.0,23.0,2.0,0.9746938269688736,0.21746293678237627,-0.05178624136540352,0.9,1.8103277683258057,-0.27097707986831665,0.07219233363866806,0.10690505802631378,direct,SAFE_PROGRESSING,NONE,1,0,"4.325,11.884;4.399,12.378;4.474,12.872;4.548,13.367;4.623,13.861;4.697,14.356;4.772,14.850",0,1,PASS_THROUGH,-1,0.9746606886864418,0.21772001790707513,-0.051327728683565395,0.9,4.206051915787513,4.728086735723052,0.0,0,0,0,DIRECT_LOCAL,PASS_THROUGH,0,BYPASS_VISIBLE,1,9,6.0,23.0,2.0,6.0,23.0,2.0,1,
314,10.5,0.033333,4.385423183441162,11.989049911499023,2.587407112121582,-0.36682645667562336,0.06831028312444687,1.8041174323530655,-0.2823908100954677,0.07056744556171904,1.8274474120257738,6.0,23.0,2.0,0.9747305820865049,0.21718783982616655,-0.05224686188611895,0.9,1.811664342880249,-0.2693963646888733,0.07125994563102722,0.10865487903356552,direct,SAFE_PROGRESSING,NONE,1,0,"4.355,11.936;4.429,12.431;4.502,12.925;4.576,13.420;4.649,13.915;4.723,14.409;4.796,14.904",0,1,PASS_THROUGH,-1,0.9746606886864418,0.21772001790707513,-0.051327728683565395,0.9,4.16311291786549,4.6899467536139525,0.0,0,0,0,DIRECT_LOCAL,PASS_THROUGH,0,BYPASS_VISIBLE,1,9,6.0,23.0,2.0,6.0,23.0,2.0,1,
315,10.533333,0.033333,4.4155592918396,12.041956901550293,2.5895864963531494,-0.36453437271832634,0.06918592751026154,1.8051200440046515,-0.28141899295588585,0.06946928095690498,1.8282453347021919,6.0,23.0,2.0,0.9747716705807562,0.21689138961631083,-0.05270972721905811,0.9,1.8121832609176636,-0.2691757082939148,0.07034444063901901,0.10847048461437225,direct,SAFE_PROGRESSING,NONE,1,0,"4.385,11.989;4.458,12.484;4.531,12.978;4.603,13.473;4.676,13.968;4.748,14.463;4.821,14.957",0,1,PASS_THROUGH,-1,0.9746606886864418,0.21772001790707513,-0.051327728683565395,0.9,4.12047465822708,4.652071619943601,0.0,0,0,0,DIRECT_LOCAL,PASS_THROUGH,0,BYPASS_VISIBLE,1,9,6.0,23.0,2.0,6.0,23.0,2.0,1,
316,10.566667,0.033333,4.445553302764893,12.094978332519531,2.5917372703552246,-0.3622119566080636,0.07004884630441666,1.8060884458834088,-0.28042042615728063,0.068470011537115,1.8290104516485601,6.0,23.0,2.0,0.9748175253978585,0.2165715192483754,-0.053174892831543814,0.9,1.8130848407745361,-0.2693520784378052,0.0694323480129242,0.10719762742519379,direct,SAFE_PROGRESSING,NONE,1,0,"4.416,12.042;4.487,12.537;4.559,13.032;4.630,13.527;4.702,14.021;4.773,14.516;4.845,15.011",0,1,PASS_THROUGH,-1,0.9746606886864418,0.21772001790707513,-0.051327728683565395,0.9,4.078152684995256,4.614463836823545,0.0,0,0,0,DIRECT_LOCAL,PASS_THROUGH,0,BYPASS_VISIBLE,1,9,6.0,23.0,2.0,6.0,23.0,2.0,1,
317,10.6,0.033333,4.475402355194092,12.148109436035156,2.593860387802124,-0.35986391103512433,0.07073332369327545,1.807031845829397,-0.27943207840487033,0.06764143636415275,1.8297600231168751,6.0,23.0,2.0,0.9748671081033391,0.21623276321050483,-0.053642461283784235,0.9,1.8142845630645752,-0.26893866062164307,0.06870071589946747,0.1068529486656189,direct,SAFE_PROGRESSING,NONE,1,0,"4.446,12.095;4.516,12.590;4.587,13.085;4.657,13.580;4.728,14.075;4.798,14.570;4.869,15.065",0,1,PASS_THROUGH,-1,0.9746606886864418,0.21772001790707513,-0.051327728683565395,0.9,4.036154079875537,4.577133405612964,0.0,0,0,0,DIRECT_LOCAL,PASS_THROUGH,0,BYPASS_VISIBLE,1,9,6.0,23.0,2.0,6.0,23.0,2.0,1,
318,10.633333,0.033333,4.5051069259643555,12.201351165771484,2.595959186553955,-0.3574980708499278,0.0711938664317131,1.8079603028394282,-0.2785215695946586,0.06708547616651185,1.8305177361842733,6.0,23.0,2.0,0.9749187126688729,0.21588269236906862,-0.05411253850587394,0.9,1.8154373168945312,-0.268000990152359,0.06819148361682892,0.10748022794723511,direct,SAFE_PROGRESSING,NONE,1,0,"4.475,12.148;4.545,12.643;4.615,13.138;4.684,13.634;4.754,14.129;4.823,14.624;4.893,15.119",1,1,PASS_THROUGH,-1,0.9763492173188235,0.2161994584658362,0.0,0.9,3.99449405963761,4.540086430965217,0.0,0,0,0,DIRECT_LOCAL,PASS_THROUGH,0,BYPASS_VISIBLE,1,9,6.0,23.0,2.0,6.0,23.0,2.0,1,
319,10.666667,0.033333,4.534668922424316,12.254703521728516,2.598039388656616,-0.35512046530146685,0.07150460034608841,1.808891779114342,-0.27771920724052185,0.06674624520752775,1.831303494199434,6.0,23.0,2.0,0.9749709701043682,0.2155273365591226,-0.05458548020745052,0.9,1.8163400888442993,-0.26729467511177063,0.06780016422271729,0.10772089660167694,direct,SAFE_PROGRESSING,NONE,1,0,"4.505,12.201;4.574,12.697;4.642,13.192;4.711,13.687;4.779,14.182;4.848,14.678;4.916,15.173",0,1,PASS_THROUGH,-1,0.9749187126688729,0.21588269236906862,-0.05411253850587394,0.9,3.9906576493638823,4.5033306713162045,0.0,0,0,0,DIRECT_LOCAL,PASS_THROUGH,0,BYPASS_VISIBLE,1,9,6.0,23.0,2.0,6.0,23.0,2.0,1,
320,10.7,0.033333,4.564091205596924,12.3081636428833,2.600104570388794,-0.3527339563075432,0.07172844558954239,1.8098368628683699,-0.2770048448333231,0.06645746292724634,1.83211837735368,6.0,23.0,2.0,0.9750231572251273,0.2151697793013148,-0.0550618647538218,0.9,1.8172484636306763,-0.2668148875236511,0.06741368770599365,0.10737031698226929,direct,SAFE_PROGRESSING,NONE,1,0,"4.535,12.255;4.602,12.750;4.670,13.246;4.737,13.741;4.805,14.236;4.872,14.732;4.940,15.227",0,1,PASS_THROUGH,-1,0.9749187126688729,0.21588269236906862,-0.05411253850587394,0.9,3.947249932453361,4.466877117573443,0.0,0,0,0,DIRECT_LOCAL,PASS_THROUGH,0,BYPASS_VISIBLE,1,9,6.0,23.0,2.0,6.0,23.0,2.0,1,
321,10.733333,0.033333,4.593375205993652,12.36173152923584,2.6021571159362793,-0.35034091084398955,0.07186916470527649,1.8107914245019678,-0.27634177131402343,0.06612223865919228,1.8329491286089044,6.0,23.0,2.0,0.9750746434714852,0.21481275110953496,-0.055542070718591956,0.9,1.8182322978973389,-0.26608410477638245,0.06703726947307587,0.1073245033621788,direct,SAFE_PROGRESSING,NONE,1,0,"4.564,12.308;4.631,12.804;4.697,13.299;4.764,13.795;4.830,14.290;4.897,14.786;4.963,15.281",0,1,PASS_THROUGH,-1,0.9749187126688729,0.21588269236906862,-0.05411253850587394,0.9,3.9041693787320213,4.430733787788312,0.0,0,0,0,DIRECT_LOCAL,PASS_THROUGH,0,BYPASS_VISIBLE,1,9,6.0,23.0,2.0,6.0,23.0,2.0,1,
322,10.766667,0.033333,4.62252140045166,12.415406227111816,2.6041975021362305,-0.3479439803791411,0.07193734496831894,1.8117448178893436,-0.2756969942592736,0.06574401989215273,1.8337803559707113,6.0,23.0,2.0,0.9751247795696971,0.21445910610084618,-0.05602638735074347,0.9,1.8193554878234863,-0.2646387219429016,0.06669457256793976,0.108341284096241,direct,SAFE_PROGRESSING,NONE,1,0,"4.593,12.362;4.659,12.857;4.724,13.353;4.790,13.849;4.856,14.344;4.921,14.840;4.987,15.336",0,1,PASS_THROUGH,-1,0.9749187126688729,0.21588269236906862,-0.05411253850587394,0.9,3.8614286441826198,4.394909365030031,0.0,0,0,0,DIRECT_LOCAL,PASS_THROUGH,0,BYPASS_VISIBLE,1,9,6.0,23.0,2.0,6.0,23.0,2.0,1,
323,10.8,0.033333,4.651528358459473,12.46918773651123,2.606226682662964,-0.34554445627759744,0.07200940698385239,1.8126929029032086,-0.27503071465312134,0.06533993744073618,1.8346026168255147,6.0,23.0,2.0,0.9751732358961362,0.21411030583221208,-0.05651492659727311,0.9,1.8205355405807495,-0.2633178234100342,0.06627404689788818,0.10892113298177719,direct,SAFE_PROGRESSING,NONE,1,0,"4.623,12.415;4.687,12.911;4.752,13.407;4.816,13.903;4.881,14.399;4.945,14.895;5.010,15.390",0,1,PASS_THROUGH,-1,0.9749187126688729,0.21588269236906862,-0.05411253850587394,0.9,3.819041545785367,4.359411004843096,0.0,0,0,0,DIRECT_LOCAL,PASS_THROUGH,0,BYPASS_VISIBLE,1,9,6.0,23.0,2.0,6.0,23.0,2.0,1,
324,10.833333,0.033333,4.680394649505615,12.523077011108398,2.608243703842163,-0.34314067301592066,0.07213819026947021,1.8136431330581446,-0.2742922313557718,0.06493599744362064,1.8354166627867061,6.0,23.0,2.0,0.975220353482434,0.21376474699670572,-0.057007851170088636,0.9,1.8216396570205688,-0.26192590594291687,0.06582267582416534,0.10970596969127655,direct,SAFE_PROGRESSING,NONE,1,0,"4.652,12.469;4.715,12.965;4.779,13.461;4.842,13.957;4.906,14.453;4.969,14.949;5.033,15.445",1,1,PASS_THROUGH,-1,0.976808908432151,0.2141129524517129,0.0,0.9,3.777020897815351,4.324245137924696,0.0,0,0,0,DIRECT_LOCAL,PASS_THROUGH,0,BYPASS_VISIBLE,1,9,6.0,23.0,2.0,6.0,23.0,2.0,1,
325,10.866667,0.033333,4.709115982055664,12.577075004577637,2.6102471351623535,-0.34073090073353407,0.07233726978302002,1.8146067735932245,-0.2734463212575066,0.06452759272822596,1.836228320117892,6.0,23.0,2.0,0.9752664962736513,0.21342075495830926,-0.057505152805133075,0.9,1.822793960571289,-0.2607675790786743,0.06529396027326584,0.1101139485836029,direct,SAFE_PROGRESSING,NONE,1,0,"4.680,12.523;4.743,13.019;4.805,13.515;4.868,14.011;4.930,14.507;4.993,15.003;5.055,15.500",0,1,PASS_THROUGH,-1,0.975220353482434,0.21376474699670572,-0.057007851170088636,0.9,3.7353790655171957,4.289417013411167,0.0,0,0,0,DIRECT_LOCAL,PASS_THROUGH,0,BYPASS_VISIBLE,1,9,6.0,23.0,2.0,6.0,23.0,2.0,1,
326,10.9,0.033333,4.737688064575195,12.631182670593262,2.6122350692749023,-0.3383130413675823,0.07259482890367508,1.8155934606756299,-0.2724842955939492,0.06411041184760179,1.8370458488292307,6.0,23.0,2.0,0.9753121642497569,0.2130760337757675,-0.05800677630108121,0.9,1.8238829374313354,-0.2599499523639679,0.0647149309515953,0.11005526036024094,direct,SAFE_PROGRESSING,NONE,1,0,"4.709,12.577;4.771,13.073;4.832,13.569;4.893,14.066;4.955,14.562;5.016,15.058;5.078,15.554",0,1,PASS_THROUGH,-1,0.975220353482434,0.21376474699670572,-0.057007851170088636,0.9,3.6941279187512475,4.254931921326664,0.0,0,0,0,DIRECT_LOCAL,PASS_THROUGH,0,BYPASS_VISIBLE,1,9,6.0,23.0,2.0,6.0,23.0,2.0,1,
327,10.933333,0.033333,4.766107082366943,12.685403823852539,2.614206314086914,-0.3358864906338489,0.07286285609006882,1.8166076807750091,-0.2714328008379225,0.06367684934717298,1.8378775727355345,6.0,23.0,2.0,0.9753575401079478,0.21272973986615534,-0.05851262027161935,0.9,1.824654221534729,-0.25945836305618286,0.06416655331850052,0.10982216894626617,direct,SAFE_PROGRESSING,NONE,1,0,"4.738,12.631;4.798,13.128;4.859,13.624;4.919,14.120;4.979,14.617;5.040,15.113;5.100,15.609",0,1,PASS_THROUGH,-1,0.975220353482434,0.21376474699670572,-0.057007851170088636,0.9,3.653279688649808,4.220792912575503,0.0,0,0,0,DIRECT_LOCAL,PASS_THROUGH,0,BYPASS_VISIBLE,1,9,6.0,23.0,2.0,6.0,23.0,2.0,1,
328,10.966667,0.033333,4.794371604919434,12.739739418029785,2.616159439086914,-0.333452409431171,0.0730864480137825,1.8176400373528239,-0.2703495638014442,0.0631717826931008,1.838720986491488,6.0,23.0,2.0,0.9754024241257809,0.21238275789917416,-0.05902266646544368,0.9,1.8256356716156006,-0.258966326713562,0.06359623372554779,0.10935977101325989,direct,SAFE_PROGRESSING,NONE,1,0,"4.766,12.685;4.825,13.182;4.885,13.678;4.944,14.175;5.004,14.671;5.063,15.168;5.122,15.664",0,1,PASS_THROUGH,-1,0.975220353482434,0.21376474699670572,-0.057007851170088636,0.9,3.6128444861082167,4.187006814885125,0.0,0,0,0,DIRECT_LOCAL,PASS_THROUGH,0,BYPASS_VISIBLE,1,9,6.0,23.0,2.0,6.0,23.0,2.0,1,
329,11.0,0.033333,4.822482109069824,12.794185638427734,2.6180942058563232,-0.33101323412216727,0.07323089987039566,1.818671171549861,-0.2693005496961273,0.06261166859195803,1.8395672962240464,6.0,23.0,2.0,0.975446294613378,0.21203746998349887,-0.05953685957478668,0.9,1.8263322114944458,-0.25864261388778687,0.06308839470148087,0.10875368118286133,direct,SAFE_PROGRESSING,NONE,1,0,"4.794,12.740;4.853,13.236;4.911,13.733;4.969,14.229;5.028,14.726;5.086,15.223;5.144,15.719",0,1,PASS_THROUGH,-1,0.975220353482434,0.21376474699670572,-0.057007851170088636,0.9,3.572836426798663,4.153585686146986,0.0,0,0,0,DIRECT_LOCAL,PASS_THROUGH,0,BYPASS_VISIBLE,1,9,6.0,23.0,2.0,6.0,23.0,2.0,1,
330,11.033333,0.033333,4.850438594818115,12.848742485046387,2.620011568069458,-0.3285719788504817,0.07327082008123398,1.8196812968122473,-0.2683369254025406,0.0619992507654733,1.8404044758145617,6.0,23.0,2.0,0.9754884552445131,0.21169705412727746,-0.060055232565582,0.9,1.8271729946136475,-0.2580856680870056,0.06261425465345383,0.10839251428842545,direct,SAFE_PROGRESSING,NONE,1,0,"4.822,12.794;4.880,13.291;4.937,13.788;4.994,14.284;5.052,14.781;5.109,15.278;5.166,15.774",1,1,PASS_THROUGH,-1,0.9772523413770455,0.2120798464566644,0.0,0.9,3.5332752930867097,4.1205381714527505,0.0,0,0,0,DIRECT_LOCAL,PASS_THROUGH,0,BYPASS_VISIBLE,1,9,6.0,23.0,2.0,6.0,23.0,2.0,1,
331,11.066667,0.033333,4.878244876861572,12.903407096862793,2.6219122409820557,-0.32613163771262155,0.07321364432573318,1.8206541218474261,-0.2674809291184774,0.06138622164826191,1.8412212650983466,6.0,23.0,2.0,0.9755282280785755,0.21136458405915157,-0.06057795661275388,0.9,1.8281751871109009,-0.25688737630844116,0.062197115272283554,0.10897162556648254,direct,SAFE_PROGRESSING,NONE,1,0,"4.850,12.849;4.907,13.346;4.963,13.842;5.019,14.339;5.075,14.836;5.132,15.333;5.188,15.830",0,1,PASS_THROUGH,-1,0.9754884552445131,0.21169705412727746,-0.060055232565582,0.9,3.494177719421713,4.087877513442126,0.0,0,0,0,DIRECT_LOCAL,PASS_THROUGH,0,BYPASS_VISIBLE,1,9,6.0,23.0,2.0,6.0,23.0,2.0,1,
332,11.1,0.033333,4.905901908874512,12.958178520202637,2.623798131942749,-0.3236937273242808,0.07313170284032822,1.8215881043735849,-0.2667088723930473,0.060826395413387295,1.842014303687001,6.0,23.0,2.0,0.9755651664662207,0.21104209129705742,-0.06110516900148312,0.9,1.8291411399841309,-0.25572362542152405,0.06178007274866104,0.10949114710092545,direct,SAFE_PROGRESSING,NONE,1,0,"4.878,12.903;4.933,13.400;4.989,13.897;5.044,14.394;5.099,14.891;5.154,15.388;5.210,15.885",0,1,PASS_THROUGH,-1,0.9754884552445131,0.21169705412727746,-0.060055232565582,0.9,3.4555651240216507,4.05561407721992,0.0,0,0,0,DIRECT_LOCAL,PASS_THROUGH,0,BYPASS_VISIBLE,1,9,6.0,23.0,2.0,6.0,23.0,2.0,1,
333,11.133333,0.033333,4.933412551879883,13.013053894042969,2.6256701946258545,-0.321257132110859,0.07309076189994812,1.8224962620627287,-0.26595871374021074,0.06032261253466312,1.8427874213348572,6.0,23.0,2.0,0.9755994339569942,0.21072875424334775,-0.06163713651557435,0.9,1.82985520362854,-0.25483810901641846,0.06137283891439438,0.10972794890403748,direct,SAFE_PROGRESSING,NONE,1,0,"4.906,12.958;4.960,13.455;5.014,13.952;5.068,14.449;5.123,14.946;5.177,15.443;5.231,15.941",0,1,PASS_THROUGH,-1,0.9754884552445131,0.21169705412727746,-0.060055232565582,0.9,3.4174567197260606,4.0237610449543775,0.0,0,0,0,DIRECT_LOCAL,PASS_THROUGH,0,BYPASS_VISIBLE,1,9,6.0,23.0,2.0,6.0,23.0,2.0,1,
334,11.166667,0.033333,4.960773944854736,13.068033218383789,2.6275291442871094,-0.3188200466581781,0.07309967279434204,1.823390577316374,-0.2651706301176233,0.05979357355769171,1.8435411392105998,6.0,23.0,2.0,0.975631298076854,0.210423289056971,-0.06217402701546129,0.9,1.8297264575958252,-0.2553899884223938,0.06100871413946152,0.10820963978767395,direct,SAFE_PROGRESSING,NONE,1,0,"4.933,13.013;4.987,13.510;5.040,14.007;5.093,14.505;5.146,15.002;5.199,15.499;5.252,15.996",0,1,PASS_THROUGH,-1,0.9754884552445131,0.21169705412727746,-0.060055232565582,0.9,3.379874916259826,3.9923262853706403,0.0,0,0,0,DIRECT_LOCAL,PASS_THROUGH,0,BYPASS_VISIBLE,1,9,6.0,23.0,2.0,6.0,23.0,2.0,1,
335,11.2,0.033333,4.987984657287598,13.123113632202148,2.6293764114379883,-0.3163827757727849,0.0730556845664978,1.8242516723504538,-0.26434469476207045,0.059103972500863,1.844252033017088,6.0,23.0,2.0,0.9756607050841778,0.21012589477454596,-0.06271600194401128,0.9,1.829923152923584,-0.2555508017539978,0.060678839683532715,0.10717307031154633,direct,SAFE_PROGRESSING,NONE,1,0,"4.961,13.068;5.013,13.565;5.065,14.063;5.117,14.560;5.169,15.057;5.221,15.554;5.273,16.052",0,1,PASS_THROUGH,-1,0.9754884552445131,0.21169705412727746,-0.060055232565582,0.9,3.3428376866241183,3.961320895966381,0.0,0,0,0,DIRECT_LOCAL,PASS_THROUGH,0,BYPASS_VISIBLE,1,9,6.0,23.0,2.0,6.0,23.0,2.0,1,
336,11.233333,0.033333,5.015044689178467,13.178295135498047,2.631213903427124,-0.3139499547012295,0.07288692146539688,1.8250321458298715,-0.2635496000690692,0.0582692193082182,1.8448837434721304,6.0,23.0,2.0,0.9756866527503103,0.20984116113111645,-0.06326328113558792,0.9,1.8289403915405273,-0.2570067048072815,0.060525666922330856,0.10488002747297287,direct,SAFE_PROGRESSING,NONE,1,0,"4.988,13.123;5.039,13.621;5.090,14.118;5.141,14.615;5.192,15.113;5.243,15.610;5.294,16.107",1,1,PASS_THROUGH,-1,0.9776450004632372,0.21026234344084743,0.0,0.9,3.306366679007782,3.9307544523283022,0.0,0,0,0,DIRECT_LOCAL,PASS_THROUGH,0,BYPASS_VISIBLE,1,9,6.0,23.0,2.0,6.0,23.0,2.0,1,
337,11.266667,0.033333,5.04195499420166,13.233570098876953,2.6330459117889404,-0.311527086465955,0.07252059876918793,1.8256674664455443,-0.262885716839438,0.057237778013434853,1.8453852609652526,6.0,23.0,2.0,0.9757079328398992,0.20957463584834818,-0.06381615627976184,0.9,1.8286304473876953,-0.25784704089164734,0.06040498986840248,0.10305866599082947,direct,SAFE_PROGRESSING,NONE,1,0,"5.015,13.178;5.065,13.676;5.115,14.173;5.165,14.671;5.215,15.168;5.265,15.666;5.314,16.163",0,1,PASS_THROUGH,-1,0.9756866527503103,0.20984116113111645,-0.06326328113558792,0.9,3.2704821827874104,3.90064347580432,0.0,0,0,0,DIRECT_LOCAL,PASS_THROUGH,0,BYPASS_VISIBLE,1,9,6.0,23.0,2.0,6.0,23.0,2.0,1,
338,11.3,0.033333,5.068722248077393,13.28892993927002,2.6348769664764404,-0.30912146876355967,0.07193183898925781,1.826092892175324,-0.2624534578481589,0.05618744140334484,1.8457123548812115,6.0,23.0,2.0,0.975722916206,0.2093337882918509,-0.06437511840642589,0.9,1.8283647298812866,-0.25857701897621155,0.06033557653427124,0.10125982761383057,direct,SAFE_PROGRESSING,NONE,1,0,"5.042,13.234;5.091,13.731;5.140,14.229;5.188,14.726;5.237,15.224;5.286,15.722;5.335,16.219",0,1,PASS_THROUGH,-1,0.9756866527503103,0.20984116113111645,-0.06326328113558792,0.9,3.2352122173829008,3.8710085794088895,0.0,0,0,0,DIRECT_LOCAL,PASS_THROUGH,0,BYPASS_VISIBLE,1,9,6.0,23.0,2.0,6.0,23.0,2.0,1,
339,11.333333,0.033333,5.095353126525879,13.344364166259766,2.6367087364196777,-0.30673890631302325,0.07115669548511505,1.8262907021331247,-0.2622927922082265,0.055372286155679996,1.8458605926820137,6.0,23.0,2.0,0.9757301638764018,0.20912521153227992,-0.06494068988938585,0.9,1.8296031951904297,-0.25773361325263977,0.060134757310152054,0.1008894294500351,direct,SAFE_PROGRESSING,NONE,1,0,"5.069,13.289;5.116,13.787;5.164,14.284;5.212,14.782;5.260,15.280;5.307,15.778;5.355,16.275",0,1,PASS_THROUGH,-1,0.9756866527503103,0.20984116113111645,-0.06326328113558792,0.9,3.2005889452849434,3.841872061782288,0.0,0,0,0,DIRECT_LOCAL,PASS_THROUGH,0,BYPASS_VISIBLE,1,9,6.0,23.0,2.0,6.0,23.0,2.0,1,
340,11.366667,0.033333,5.121855735778809,13.399864196777344,2.6385445594787598,-0.30438290198112683,0.07031948864459991,1.8263215624806637,-0.26234853793283924,0.05513752576771014,1.845892020591967,6.0,23.0,2.0,0.9757287311906838,0.20895328955833053,-0.06551309725368623,0.9,1.8299880027770996,-0.2571755349636078,0.05998889356851578,0.10072009265422821,direct,SAFE_PROGRESSING,NONE,1,0,"5.095,13.344;5.142,13.842;5.189,14.340;5.235,14.838;5.282,15.336;5.329,15.833;5.375,16.331",0,1,PASS_THROUGH,-1,0.9756866527503103,0.20984116113111645,-0.06326328113558792,0.9,3.166646834711395,3.813255637346243,0.0,0,0,0,DIRECT_LOCAL,PASS_THROUGH,0,BYPASS_VISIBLE,1,9,6.0,23.0,2.0,6.0,23.0,2.0,1,
341,11.4,0.033333,5.148232460021973,13.455423355102539,2.640385389328003,-0.3020530239064817,0.06953144818544388,1.8263001424022145,-0.26248240931428074,0.05533349688635138,1.8458957232778481,6.0,23.0,2.0,0.9757184512844814,0.20881870485192494,-0.06609275548029178,0.9,1.8294662237167358,-0.2586880624294281,0.059770017862319946,0.09777829051017761,direct,SAFE_PROGRESSING,NONE,1,0,"5.122,13.400;5.167,13.898;5.213,14.396;5.258,14.894;5.304,15.392;5.350,15.889;5.395,16.387",0,1,PASS_THROUGH,-1,0.9756866527503103,0.20984116113111645,-0.06326328113558792,0.9,3.1334200766541174,3.785176166648414,0.0,0,0,0,DIRECT_LOCAL,PASS_THROUGH,0,BYPASS_VISIBLE,1,9,6.0,23.0,2.0,6.0,23.0,2.0,1,
342,11.433333,0.033333,5.174485683441162,13.511042594909668,2.642230987548828,-0.2997488468395931,0.06870363652706146,1.8262961298848348,-0.2625983769894386,0.05560880093262248,1.845916520423114,6.0,23.0,2.0,0.975699289546507,0.20872157065531372,-0.0666798494420959,0.9,1.8308825492858887,-0.258848637342453,0.059314627200365067,0.0955953299999237,direct,SAFE_PROGRESSING,NONE,1,0,"5.148,13.455;5.193,13.953;5.237,14.451;5.282,14.949;5.326,15.448;5.370,15.946;5.415,16.444",1,1,PASS_THROUGH,-1,0.9778756277947862,0.2091871328857312,0.0,0.9,3.100938802124229,3.7576445105183787,0.0,0,0,0,DIRECT_LOCAL,PASS_THROUGH,0,BYPASS_VISIBLE,1,9,6.0,23.0,2.0,6.0,23.0,2.0,1,
343,11.466667,0.033333,5.200616836547852,13.566719055175781,2.644078016281128,-0.2974739768698163,0.0677696168422699,1.8263471363230832,-0.2626881797792906,0.05607778126667263,1.8459939489887491,6.0,23.0,2.0,0.9756703827529682,0.2086658727264316,-0.06727449574684928,0.9,1.831742525100708,-0.2586294114589691,0.058972232043743134,0.09458968043327332,direct,SAFE_PROGRESSING,NONE,1,0,"5.174,13.511;5.218,14.009;5.261,14.507;5.304,15.005;5.348,15.504;5.391,16.002;5.434,16.500",0,1,PASS_THROUGH,-1,0.975699289546507,0.20872157065531372,-0.0666798494420959,0.9,3.0692271954445736,3.730674069625114,0.0,0,0,0,DIRECT_LOCAL,PASS_THROUGH,0,BYPASS_VISIBLE,1,9,6.0,23.0,2.0,6.0,23.0,2.0,1,
344,11.5,0.033333,5.226627826690674,13.622456550598145,2.6459217071533203,-0.2952314602757802,0.06678220629692078,1.8264996524037111,-0.2627570970486875,0.056672018865635686,1.8461727952720564,6.0,23.0,2.0,0.9756310143951433,0.20865500181719,-0.06787646106694352,0.9,1.8325835466384888,-0.2582233250141144,0.05862508714199066,0.09395892173051834,direct,SAFE_PROGRESSING,NONE,1,0,"5.201,13.567;5.243,14.065;5.285,14.563;5.327,15.061;5.369,15.560;5.412,16.058;5.454,16.556",0,1,PASS_THROUGH,-1,0.975699289546507,0.20872157065531372,-0.0666798494420959,0.9,3.0383126171169206,3.704273450095876,0.0,0,0,0,DIRECT_LOCAL,PASS_THROUGH,0,BYPASS_VISIBLE,1,9,6.0,23.0,2.0,6.0,23.0,2.0,1,
345,11.533333,0.033333,5.25252103805542,13.678257942199707,2.6477625370025635,-0.29302160656915405,0.06582057476043701,1.8267775998500988,-0.26279658805162764,0.05717497641353076,1.8464689068418,6.0,23.0,2.0,0.9755810410079159,0.20868967867055643,-0.06848540313300922,0.9,1.8331247568130493,-0.2585638165473938,0.058201100677251816,0.09236137568950653,direct,SAFE_PROGRESSING,NONE,1,0,"5.227,13.622;5.268,14.121;5.309,14.619;5.350,15.117;5.391,15.616;5.432,16.114;5.473,16.612",0,1,PASS_THROUGH,-1,0.975699289546507,0.20872157065531372,-0.0666798494420959,0.9,3.00821768382966,3.6784525315581638,0.0,0,0,0,DIRECT_LOCAL,PASS_THROUGH,0,BYPASS_VISIBLE,1,9,6.0,23.0,2.0,6.0,23.0,2.0,1,
346,11.566667,0.033333,5.278297424316406,13.734126091003418,2.6495954990386963,-0.29084315497118557,0.06488832086324692,1.8271729186959293,-0.26280195272117307,0.057380272997471664,1.8468671411065625,6.0,23.0,2.0,0.9755205890766234,0.2087691545303291,-0.06910152244552327,0.9,1.8336741924285889,-0.26007917523384094,0.0576036237180233,0.08884355425834656,direct,SAFE_PROGRESSING,NONE,1,0,"5.253,13.678;5.292,14.177;5.332,14.675;5.372,15.173;5.412,15.672;5.452,16.170;5.492,16.669",0,1,PASS_THROUGH,-1,0.975699289546507,0.20872157065531372,-0.0666798494420959,0.9,2.9789666801377885,3.6532204690655252,0.0,0,0,0,DIRECT_LOCAL,PASS_THROUGH,0,BYPASS_VISIBLE,1,9,6.0,23.0,2.0,6.0,23.0,2.0,1,
347,11.6,0.033333,5.303960800170898,13.79006290435791,2.651416301727295,-0.28869719803353333,0.06386200338602066,1.8276501376802072,-0.2628151935917725,0.0572756952183064,1.8473379108890449,6.0,23.0,2.0,0.9754493553374756,0.2088948487976548,-0.06972443845244224,0.9,1.8330283164978027,-0.2615485191345215,0.05723985284566879,0.08651125431060791,direct,SAFE_PROGRESSING,NONE,1,0,"5.278,13.734;5.317,14.233;5.356,14.731;5.395,15.230;5.434,15.728;5.472,16.227;5.511,16.725",0,1,PASS_THROUGH,-1,0.975699289546507,0.20872157065531372,-0.0666798494420959,0.9,2.950583575181885,3.6285892028359976,0.0,0,0,0,DIRECT_LOCAL,PASS_THROUGH,0,BYPASS_VISIBLE,1,9,6.0,23.0,2.0,6.0,23.0,2.0,1,
348,11.633333,0.033333,5.329514026641846,13.846068382263184,2.6532247066497803,-0.28658908647270664,0.06267502158880234,1.8281408346625185,-0.26292891731208445,0.05678340714703937,1.8478243645559773,6.0,23.0,2.0,0.9753660667873322,0.20907265220760102,-0.07035383329065321,0.9,1.8341197967529297,-0.25960665941238403,0.05683641508221626,0.08829258382320404,direct,SAFE_PROGRESSING,NONE,1,0,"5.304,13.790;5.342,14.289;5.379,14.787;5.417,15.286;5.455,15.784;5.492,16.283;5.530,16.782",1,1,PASS_THROUGH,-1,0.9777889308844504,0.2095920004194899,0.0,0.9,2.9230953328329066,3.604571649032142,0.0,0,0,0,DIRECT_LOCAL,PASS_THROUGH,0,BYPASS_VISIBLE,1,9,6.0,23.0,2.0,6.0,23.0,2.0,1,
349,11.666667,0.033333,5.354963302612305,13.902139663696289,2.655019760131836,-0.28452086490829764,0.061565645039081573,1.8285830607715006,-0.2631658805758119,0.0560714899681827,1.8482738711638391,6.0,23.0,2.0,0.9752701164265618,0.209305154353025,-0.07098980466642185,0.9,1.8337945938110352,-0.25786468386650085,0.05641661956906319,0.09070970863103867,direct,SAFE_PROGRESSING,NONE,1,0,"5.330,13.846;5.366,14.345;5.403,14.843;5.439,15.342;5.476,15.841;5.512,16.339;5.549,16.838",0,1,PASS_THROUGH,-1,0.9753660667873322,0.20907265220760102,-0.07035383329065321,0.9,2.8965302608471855,3.5811852077467003,0.0,0,0,0,DIRECT_LOCAL,PASS_THROUGH,0,BYPASS_VISIBLE,1,9,6.0,23.0,2.0,6.0,23.0,2.0,1,
350,11.7,0.033333,5.380310535430908,13.958271026611328,2.656799554824829,-0.28248335380527295,0.060793377459049225,1.8289563568207912,-0.2634050957059611,0.05497898203117728,1.8486444460913063,6.0,23.0,2.0,0.9751631601024429,0.20958439112675276,-0.0716323542475439,0.9,1.834212303161621,-0.2571917176246643,0.05541175231337547,0.09069421887397766,direct,SAFE_PROGRESSING,NONE,1,0,"5.355,13.902;5.390,14.401;5.426,14.900;5.461,15.398;5.496,15.897;5.532,16.396;5.567,16.895",0,1,PASS_THROUGH,-1,0.9753660667873322,0.20907265220760102,-0.07035383329065321,0.9,2.870921317028084,3.5584464344585305,0.0,0,0,0,DIRECT_LOCAL,PASS_THROUGH,0,BYPASS_VISIBLE,1,9,6.0,23.0,2.0,6.0,23.0,2.0,1,
351,11.733333,0.033333,5.405553340911865,14.0144624710083,2.658555030822754,-0.28046404949497666,0.06036250293254852,1.8292549313009747,-0.26350304225202625,0.053599165368729794,1.8489132828483956,6.0,23.0,2.0,0.9750476516592895,0.20989874459090674,-0.07228135314772509,0.9,1.834273338317871,-0.2573971748352051,0.054099030792713165,0.08965712785720825,direct,SAFE_PROGRESSING,NONE,1,0,"5.380,13.958;5.414,14.457;5.449,14.956;5.483,15.455;5.517,15.954;5.551,16.452;5.585,16.951",0,1,PASS_THROUGH,-1,0.9753660667873322,0.20907265220760102,-0.07035383329065321,0.9,2.8463009084264415,3.5363646233633306,0.0,0,0,0,DIRECT_LOCAL,PASS_THROUGH,0,BYPASS_VISIBLE,1,9,6.0,23.0,2.0,6.0,23.0,2.0,1,
352,11.766667,0.033333,5.430684566497803,14.07071304321289,2.6602776050567627,-0.27845492212532197,0.06011249125003815,1.8294942869173885,-0.2634096522670826,0.05212484197942227,1.8490946406071835,6.0,23.0,2.0,0.9749252750616375,0.2102404793605604,-0.07293592313964378,0.9,1.8344098329544067,-0.2574211061000824,0.052673548460006714,0.08921996504068375,direct,SAFE_PROGRESSING,NONE,1,0,"5.406,14.014;5.439,14.513;5.472,15.012;5.505,15.511;5.538,16.010;5.571,16.509;5.604,17.008",0,1,PASS_THROUGH,-1,0.9753660667873322,0.20907265220760102,-0.07035383329065321,0.9,2.8226940856361304,3.5149461463713934,0.0,0,0,0,DIRECT_LOCAL,PASS_THROUGH,0,BYPASS_VISIBLE,1,9,6.0,23.0,2.0,6.0,23.0,2.0,1,
353,11.8,0.033333,5.455699920654297,14.127022743225098,2.6619620323181152,-0.276453124937074,0.05992991104722023,1.8296925655516072,-0.2631783115028405,0.0507027770298499,1.8492183428894617,6.0,23.0,2.0,0.9747967414680608,0.21060640638759082,-0.07359520644549972,0.9,1.8345527648925781,-0.2573084533214569,0.051252227276563644,0.08924101293087006,direct,SAFE_PROGRESSING,NONE,1,0,"5.431,14.071;5.462,14.570;5.494,15.069;5.526,15.568;5.558,16.067;5.590,16.566;5.622,17.065",0,1,PASS_THROUGH,-1,0.9753660667873322,0.20907265220760102,-0.07035383329065321,0.9,2.8001228918156724,3.494198412454103,0.0,0,0,0,DIRECT_LOCAL,PASS_THROUGH,0,BYPASS_VISIBLE,1,9,6.0,23.0,2.0,6.0,23.0,2.0,1,
354,11.833333,0.033333,5.480597019195557,14.183387756347656,2.663604974746704,-0.27445732605462564,0.05979152396321297,1.8298650778044725,-0.2629034976103844,0.049379496556829106,1.8493141395404809,6.0,23.0,2.0,0.9746623573961264,0.21099510365550103,-0.07425870527035823,0.9,1.8345528841018677,-0.25730928778648376,0.04987888038158417,0.08934418112039566,direct,SAFE_PROGRESSING,NONE,1,0,"5.456,14.127;5.486,14.626;5.517,15.125;5.548,15.624;5.578,16.123;5.609,16.622;5.639,17.121",1,1,PASS_THROUGH,-1,0.9773608401053575,0.21157927173650484,0.0,0.9,2.778610030534364,3.474132547700041,0.0,0,0,0,DIRECT_LOCAL,PASS_THROUGH,0,BYPASS_VISIBLE,1,9,6.0,23.0,2.0,6.0,23.0,2.0,1,
355,11.866667,0.033333,5.505375385284424,14.239811897277832,2.665207624435425,-0.2724659879293193,0.05969669297337532,1.8300183545099018,-0.2626692250048306,0.048105112238559775,1.8493989297691429,6.0,23.0,2.0,0.9745224119301596,0.21140517815076582,-0.07492609223005985,0.9,1.8344035148620605,-0.2574334740638733,0.048566050827503204,0.08951903879642487,direct,SAFE_PROGRESSING,NONE,1,0,"5.481,14.183;5.510,14.683;5.539,15.182;5.569,15.681;5.598,16.180;5.628,16.679;5.657,17.178",0,1,PASS_THROUGH,-1,0.9746623573961264,0.21099510365550103,-0.07425870527035823,0.9,2.755860767058104,3.454755666214246,0.0,0,0,0,DIRECT_LOCAL,PASS_THROUGH,0,BYPASS_VISIBLE,1,9,6.0,23.0,2.0,6.0,23.0,2.0,1,
356,11.9,0.033333,5.5300374031066895,14.296290397644043,2.6667709350585938,-0.27047746812958007,0.059644587337970734,1.8301443581823704,-0.26253086138679393,0.046801707025468806,1.8494705255147352,6.0,23.0,2.0,0.9743771405973805,0.21183528856176287,-0.07559760843589879,0.9,1.834186315536499,-0.2575657367706299,0.04731063172221184,0.0898834764957428,direct,SAFE_PROGRESSING,NONE,1,0,"5.505,14.240;5.534,14.739;5.562,15.238;5.590,15.737;5.618,16.237;5.646,16.736;5.674,17.235",0,1,PASS_THROUGH,-1,0.9746623573961264,0.21099510365550103,-0.07425870527035823,0.9,2.7335529051323535,3.4360826585935964,0.0,0,0,0,DIRECT_LOCAL,PASS_THROUGH,0,BYPASS_VISIBLE,1,9,6.0,23.0,2.0,6.0,23.0,2.0,1,
357,11.933333,0.033333,5.554585933685303,14.352821350097656,2.668295383453369,-0.2684899863189337,0.05964149162173271,1.830224677155228,-0.26250972788303817,0.0454290094130974,1.8495127793549955,6.0,23.0,2.0,0.9742267321624916,0.2122843434708318,-0.07627340202947969,0.9,1.8339687585830688,-0.2576368749141693,0.04609871655702591,0.09045735001564026,direct,SAFE_PROGRESSING,NONE,1,0,"5.530,14.296;5.557,14.796;5.584,15.295;5.611,15.794;5.638,16.293;5.665,16.793;5.692,17.292",0,1,PASS_THROUGH,-1,0.9746623573961264,0.21099510365550103,-0.07425870527035823,0.9,2.711368998756535,3.418126663606156,0.0,0,0,0,DIRECT_LOCAL,PASS_THROUGH,0,BYPASS_VISIBLE,1,9,6.0,23.0,2.0,6.0,23.0,2.0,1,
358,11.966667,0.033333,5.5790252685546875,14.409400939941406,2.669782876968384,-0.2665015908089369,0.059701960533857346,1.8302403354597077,-0.2625975505334265,0.04400460167854438,1.8495063027896679,6.0,23.0,2.0,0.9740714034722959,0.21275113464472195,-0.07695359409991978,0.9,1.8337819576263428,-0.2576466202735901,0.04491206258535385,0.09117001295089722,direct,SAFE_PROGRESSING,NONE,1,0,"5.555,14.353;5.580,14.852;5.606,15.351;5.632,15.851;5.657,16.350;5.683,16.850;5.709,17.349",0,1,PASS_THROUGH,-1,0.9746623573961264,0.21099510365550103,-0.07425870527035823,0.9,2.688258620080515,3.400902967406773,0.0,0,0,0,DIRECT_LOCAL,PASS_THROUGH,0,BYPASS_VISIBLE,1,9,6.0,23.0,2.0,6.0,23.0,2.0,1,
359,12.0,0.033333,5.603355884552002,14.466028213500977,2.671234369277954,-0.2645097881313368,0.059840068221092224,1.8301812193489126,-0.2627667892102053,0.042585159655809564,1.8494386113067456,6.0,23.0,2.0,0.9739114348822359,0.21323411337697254,-0.07763845630846211,0.9,1.833629846572876,-0.25762367248535156,0.04373611882328987,0.09194149821996689,direct,SAFE_PROGRESSING,NONE,1,0,"5.579,14.409;5.603,14.909;5.628,15.408;5.652,15.908;5.677,16.407;5.701,16.906;5.726,17.406",0,1,PASS_THROUGH,-1,0.9746623573961264,0.21099510365550103,-0.07425870527035823,0.9,2.6662601873431373,3.3844218609084677,0.0,0,0,0,DIRECT_LOCAL,PASS_THROUGH,0,BYPASS_VISIBLE,1,9,6.0,23.0,2.0,6.0,23.0,2.0,1,
360,12.033333,0.033333,5.6275787353515625,14.522697448730469,2.672651767730713,-0.2625117023932877,0.06006161496043205,1.8300504177170847,-0.26298280932613666,0.04123262978474557,1.849309227562148,6.0,23.0,2.0,0.9737472903258909,0.21373093100232016,-0.07832817957712761,0.9,1.8335002660751343,-0.257613867521286,0.04256308451294899,0.09269306063652039,direct,SAFE_PROGRESSING,NONE,1,0,"5.603,14.466;5.627,14.965;5.650,15.465;5.673,15.964;5.696,16.464;5.719,16.963;5.743,17.463",1,1,PASS_THROUGH,-1,0.9767482238208368,0.21438961556670666,0.0,0.9,2.6454025301905286,3.3686966492256607,0.0,0,0,0,DIRECT_LOCAL,PASS_THROUGH,0,BYPASS_VISIBLE,1,9,6.0,23.0,2.0,6.0,23.0,2.0,1,
361,12.066667,0.033333,5.651693820953369,14.579407691955566,2.6740353107452393,-0.26050478220573636,0.06036069989204407,1.8298621674325484,-0.26321686634793606,0.03998742445436083,1.8491288934645587,6.0,23.0,2.0,0.9735793423214515,0.2142396448874514,-0.07902302679237683,0.9,1.8333957195281982,-0.25762346386909485,0.04139135777950287,0.09340675175189972,direct,SAFE_PROGRESSING,NONE,1,0,"5.628,14.523;5.650,15.022;5.671,15.522;5.693,16.021;5.715,16.521;5.737,17.020;5.759,17.520",0,1,PASS_THROUGH,-1,0.9737472903258909,0.21373093100232016,-0.07832817957712761,0.9,2.625717379714907,3.3537365265875625,0.0,0,0,0,DIRECT_LOCAL,PASS_THROUGH,0,BYPASS_VISIBLE,1,9,6.0,23.0,2.0,6.0,23.0,2.0,1,
362,12.1,0.033333,5.675699710845947,14.636157989501953,2.6753859519958496,-0.2584867334331701,0.06072268262505531,1.8296349372246423,-0.2634534961645397,0.038859361475308996,1.84891368055099,6.0,23.0,2.0,0.9734079498210548,0.21475844181822001,-0.07972311391924386,0.9,1.8333019018173218,-0.2576639950275421,0.040224239230155945,0.0940733253955841,direct,SAFE_PROGRESSING,NONE,1,0,"5.652,14.579;5.672,15.079;5.693,15.579;5.714,16.078;5.734,16.578;5.755,17.077;5.776,17.577",0,1,PASS_THROUGH,-1,0.9737472903258909,0.21373093100232016,-0.07832817957712761,0.9,2.607231637683949,3.33954918849018,0.0,0,0,0,DIRECT_LOCAL,PASS_THROUGH,0,BYPASS_VISIBLE,1,9,6.0,23.0,2.0,6.0,23.0,2.0,1,
363,12.133333,0.033333,5.699595928192139,14.692947387695312,2.676704168319702,-0.2564557116652931,0.06112905219197273,1.8293870843164377,-0.2636899418121462,0.0378295637534639,1.8486807635637006,6.0,23.0,2.0,0.9732334056582413,0.21528579006912063,-0.08042864356170189,0.9,1.8331851959228516,-0.25775736570358276,0.0390700027346611,0.09468904137611389,direct,SAFE_PROGRESSING,NONE,1,0,"5.676,14.636;5.695,15.136;5.714,15.635;5.734,16.135;5.753,16.635;5.773,17.134;5.792,17.634",0,1,PASS_THROUGH,-1,0.9737472903258909,0.21373093100232016,-0.07832817957712761,0.9,2.5899701452661055,3.326142700561422,0.0,0,0,0,DIRECT_LOCAL,PASS_THROUGH,0,BYPASS_VISIBLE,1,9,6.0,23.0,2.0,6.0,23.0,2.0,1,
364,12.166667,0.033333,5.723381042480469,14.749774932861328,2.677989959716797,-0.25441067332587675,0.061560533940792084,1.829131491509597,-0.2639331455499205,0.03685836064499256,1.8484429277912355,6.0,23.0,2.0,0.9730558102013304,0.2158210565861794,-0.08113976686839876,0.9,1.8330347537994385,-0.2579251527786255,0.037934038788080215,0.09523291885852814,direct,SAFE_PROGRESSING,NONE,1,0,"5.700,14.693;5.718,15.193;5.736,15.692;5.754,16.192;5.772,16.692;5.790,17.191;5.808,17.691",0,1,PASS_THROUGH,-1,0.9737472903258909,0.21373093100232016,-0.07832817957712761,0.9,2.5739573241113853,3.3135239386725734,0.0,0,0,0,DIRECT_LOCAL,PASS_THROUGH,0,BYPASS_VISIBLE,1,9,6.0,23.0,2.0,6.0,23.0,2.0,1,
365,12.2,0.033333,5.7470550537109375,14.806641578674316,2.679244041442871,-0.252351097216127,0.06199870631098747,1.828873041988374,-0.26419485819616406,0.035903904031619235,1.848205783221612,6.0,23.0,2.0,0.9728751786421312,0.216364014854567,-0.08185658103081207,0.9,1.8328404426574707,-0.25813403725624084,0.03682616353034973,0.09577050805091858,direct,SAFE_PROGRESSING,NONE,1,0,"5.723,14.750;5.740,15.249;5.757,15.749;5.774,16.249;5.790,16.749;5.807,17.248;5.824,17.748",0,1,PASS_THROUGH,-1,0.9737472903258909,0.21373093100232016,-0.07832817957712761,0.9,2.559215543753325,3.3016994760941536,0.0,0,0,0,DIRECT_LOCAL,PASS_THROUGH,0,BYPASS_VISIBLE,1,9,6.0,23.0,2.0,6.0,23.0,2.0,1,
366,12.233333,0.033333,5.770617961883545,14.863546371459961,2.680466413497925,-0.25027704210523966,0.062430378049612045,1.8286091181769617,-0.26448646479767246,0.03493486941826989,1.8479677600657343,6.0,23.0,2.0,0.9726913538092079,0.21691516976991237,-0.08257929128117052,0.9,1.8325997591018677,-0.2583628296852112,0.03575228899717331,0.09633967280387878,direct,SAFE_PROGRESSING,NONE,1,0,"5.747,14.807;5.762,15.306;5.778,15.806;5.793,16.306;5.809,16.806;5.824,17.305;5.840,17.805",1,1,PASS_THROUGH,-1,0.9760249695355732,0.2176585832056341,0.0,0.9,2.5457657847308637,3.290676578210001,0.0,0,0,0,DIRECT_LOCAL,PASS_THROUGH,0,BYPASS_VISIBLE,1,9,6.0,23.0,2.0,6.0,23.0,2.0,1,
367,12.266667,0.033333,5.794070243835449,14.920488357543945,2.681657314300537,-0.2481889704262371,0.0628507137298584,1.8283319323941234,-0.26481583480677545,0.03393544251272003,1.8477220287789429,6.0,23.0,2.0,0.9725040923614533,0.21747544024323429,-0.08330800220409522,0.9,1.8322935104370117,-0.25863710045814514,0.03471492975950241,0.09691095352172852,direct,SAFE_PROGRESSING,NONE,1,0,"5.771,14.864;5.785,15.363;5.799,15.863;5.813,16.363;5.827,16.863;5.841,17.363;5.855,17.862",0,1,PASS_THROUGH,-1,0.9726913538092079,0.21691516976991237,-0.08257929128117052,0.9,2.5336286634696408,3.2804624720250164,0.0,0,0,0,DIRECT_LOCAL,PASS_THROUGH,0,BYPASS_VISIBLE,1,9,6.0,23.0,2.0,6.0,23.0,2.0,1,
368,12.3,0.033333,5.817411422729492,14.97746753692627,2.6828181743621826,-0.24608708235641027,0.06325951218605042,1.8280321358996148,-0.26518505083365534,0.03290362713853502,1.847459674728038,6.0,23.0,2.0,0.9723131871860429,0.21804555808544535,-0.08404284992386847,0.9,1.8319461345672607,-0.258966863155365,0.03371018171310425,0.0974436029791832,direct,SAFE_PROGRESSING,NONE,1,0,"5.794,14.920;5.807,15.420;5.820,15.920;5.832,16.420;5.845,16.920;5.858,17.420;5.871,17.920",0,1,PASS_THROUGH,-1,0.9726913538092079,0.21691516976991237,-0.08257929128117052,0.9,2.5228235011444613,3.2710626281121664,0.0,0,0,0,DIRECT_LOCAL,PASS_THROUGH,0,BYPASS_VISIBLE,1,9,6.0,23.0,2.0,6.0,23.0,2.0,1,
369,12.333333,0.033333,5.840641975402832,15.034483909606934,2.6839492321014404,-0.24397164428196408,0.06365639716386795,1.827699647769709,-0.26559184192681895,0.03185431462389536,1.8471707355617555,6.0,23.0,2.0,0.9721184242876875,0.21862621160865717,-0.08478413034330516,0.9,1.831552505493164,-0.25935760140419006,0.03273944556713104,0.09792886674404144,direct,SAFE_PROGRESSING,NONE,1,0,"5.817,14.977;5.829,15.477;5.840,15.977;5.852,16.477;5.863,16.977;5.874,17.477;5.886,17.977",0,1,PASS_THROUGH,-1,0.9726913538092079,0.21691516976991237,-0.08257929128117052,0.9,2.513366496346041,3.262482896429705,0.0,0,0,0,DIRECT_LOCAL,PASS_THROUGH,0,BYPASS_VISIBLE,1,9,6.0,23.0,2.0,6.0,23.0,2.0,1,
370,12.366667,0.033333,5.8637614250183105,15.091534614562988,2.685051918029785,-0.2418433107318314,0.06403911858797073,1.827328405253807,-0.2660336943680051,0.030810788718825012,1.8468492986402512,6.0,23.0,2.0,0.9719194842677247,0.2192185967235939,-0.08553199957500214,0.9,1.8310978412628174,-0.2597840130329132,0.03180887550115585,0.09842148423194885,direct,SAFE_PROGRESSING,NONE,1,0,"5.841,15.034;5.851,15.534;5.861,16.034;5.871,16.534;5.881,17.034;5.891,17.534;5.901,18.034",0,1,PASS_THROUGH,-1,0.9726913538092079,0.21691516976991237,-0.08257929128117052,0.9,2.5018881858460364,3.254729236857578,0.0,0,0,0,DIRECT_LOCAL,PASS_THROUGH,0,BYPASS_VISIBLE,1,9,6.0,23.0,2.0,6.0,23.0,2.0,1,
371,12.4,0.033333,5.886771202087402,15.1486177444458,2.686127185821533,-0.239702388782,0.0644068792462349,1.8269142031111105,-0.26650864567308963,0.02979186746244614,1.8464912453392537,6.0,23.0,2.0,0.9717161313362133,0.2198234731859879,-0.08628673558219895,0.9,1.8306483030319214,-0.2602098882198334,0.030909517779946327,0.09891802072525024,direct,SAFE_PROGRESSING,NONE,1,0,"5.864,15.092;5.872,15.591;5.881,16.091;5.890,16.591;5.898,17.091;5.907,17.591;5.915,18.091",0,1,PASS_THROUGH,-1,0.9726913538092079,0.21691516976991237,-0.08257929128117052,0.9,2.4864344667434337,3.2478082111327273,0.0,0,0,0,DIRECT_LOCAL,PASS_THROUGH,0,BYPASS_VISIBLE,1,9,6.0,23.0,2.0,6.0,23.0,2.0,1,
372,12.433333,0.033333,5.909670352935791,15.205733299255371,2.6871767044067383,-0.23754942223368336,0.06476204842329025,1.8264563677637868,-0.2670145385743229,0.02881821215892593,1.8460959120552165,6.0,23.0,2.0,0.9715080224897095,0.2204420742198215,-0.08704857351959748,0.9,1.8301886320114136,-0.2606308162212372,0.030039232224225998,0.09942926466464996,direct,SAFE_PROGRESSING,NONE,1,0,"5.887,15.149;5.894,15.649;5.901,16.149;5.908,16.648;5.916,17.148;5.923,17.648;5.930,18.148",1,1,PASS_THROUGH,-1,0.9752098524088428,0.22128204573512764,0.0,0.9,2.4723084669665987,3.2417228440971666,0.0,0,0,0,DIRECT_LOCAL,PASS_THROUGH,0,BYPASS_VISIBLE,1,9,6.0,23.0,2.0,6.0,23.0,2.0,1,
373,12.466667,0.033333,5.932458877563477,15.262877464294434,2.6882009506225586,-0.23538475951101812,0.06510850042104721,1.8259576616364546,-0.2675480689879723,0.02790212273853767,1.8456657009765822,6.0,23.0,2.0,0.971294907404399,0.2210751576502491,-0.08781786560943732,0.9,1.8296661376953125,-0.26111239194869995,0.029199233278632164,0.09990059584379196,direct,SAFE_PROGRESSING,NONE,1,0,"5.910,15.206;5.915,15.706;5.921,16.206;5.927,16.706;5.933,17.206;5.939,17.706;5.944,18.206",0,1,PASS_THROUGH,-1,0.9715080224897095,0.2204420742198215,-0.08704857351959748,0.9,2.4595314442985865,3.236478175442251,0.0,0,0,0,DIRECT_LOCAL,PASS_THROUGH,0,BYPASS_VISIBLE,1,9,6.0,23.0,2.0,6.0,23.0,2.0,1,
374,12.5,0.033333,5.955136299133301,15.320050239562988,2.689201831817627,-0.23320870725716716,0.06544730812311172,1.8254223349532546,-0.26810566914188394,0.02703750352474858,1.8452041560133827,6.0,23.0,2.0,0.9710765261345731,0.22172357934858575,-0.08859477835212021,0.9,1.8291436433792114,-0.26165416836738586,0.02837911993265152,0.10028351843357086,direct,SAFE_PROGRESSING,NONE,1,0,"5.932,15.263;5.937,15.763;5.941,16.263;5.946,16.763;5.950,17.263;5.954,17.763;5.959,18.263",0,1,PASS_THROUGH,-1,0.9715080224897095,0.2204420742198215,-0.08704857351959748,0.9,2.448125690944821,3.23207646199913,0.0,0,0,0,DIRECT_LOCAL,PASS_THROUGH,0,BYPASS_VISIBLE,1,9,6.0,23.0,2.0,6.0,23.0,2.0,1,
375,12.533333,0.033333,5.977703094482422,15.377250671386719,2.6901798248291016,-0.23102151363864035,0.06577477604150772,1.8248544190687515,-0.2686856825798885,0.026221508597828708,1.844714941212142,6.0,23.0,2.0,0.9708526197724332,0.22238808037705046,-0.0893797090351823,0.9,1.8286466598510742,-0.26217493414878845,0.02757950685918331,0.1006915420293808,direct,SAFE_PROGRESSING,NONE,1,0,"5.955,15.320;5.958,15.820;5.961,16.320;5.964,16.820;5.967,17.320;5.970,17.820;5.973,18.320",0,1,PASS_THROUGH,-1,0.9715080224897095,0.2204420742198215,-0.08704857351959748,0.9,2.4381089498067365,3.228520690512391,0.0,0,0,0,DIRECT_LOCAL,PASS_THROUGH,0,BYPASS_VISIBLE,1,9,6.0,23.0,2.0,6.0,23.0,2.0,1,
376,12.566667,0.033333,6.000158309936523,15.434476852416992,2.6911356449127197,-0.22882357540435996,0.06608925759792328,1.824258160603723,-0.26928783869403344,0.025457279955133486,1.8442022258148631,6.0,23.0,2.0,0.9706228769263915,0.22306968505991992,-0.09017286950298849,0.9,1.8281019926071167,-0.2626799941062927,0.02680998295545578,0.10118092596530914,direct,SAFE_PROGRESSING,NONE,1,0,"5.978,15.377;5.979,15.877;5.981,16.377;5.982,16.877;5.984,17.377;5.985,17.877;5.986,18.377",0,1,PASS_THROUGH,-1,0.9715080224897095,0.2204420742198215,-0.08704857351959748,0.9,2.4294981881106583,3.2258123467918347,0.0,0,0,0,DIRECT_LOCAL,PASS_THROUGH,0,BYPASS_VISIBLE,1,9,6.0,23.0,2.0,6.0,23.0,2.0,1,
377,12.6,0.033333,6.022502899169922,15.491728782653809,2.692070722579956,-0.22661533425398958,0.06639564782381058,1.823637854276847,-0.269910430640032,0.024732171855855377,1.843669803528945,6.0,23.0,2.0,0.970387007483804,0.22376929345534766,-0.09097449649831754,0.9,1.8275338411331177,-0.26327070593833923,0.026058172807097435,0.1015605479478836,direct,SAFE_PROGRESSING,NONE,1,0,"6.000,15.434;6.000,15.934;6.000,16.434;6.000,16.934;6.000,17.434;6.000,17.934;6.000,18.434",0,1,PASS_THROUGH,-1,0.9715080224897095,0.2204420742198215,-0.08704857351959748,0.9,2.4223072989574597,3.2239532769350667,0.0,0,0,0,DIRECT_LOCAL,PASS_THROUGH,0,BYPASS_VISIBLE,1,9,6.0,23.0,2.0,6.0,23.0,2.0,1,
378,12.633333,0.033333,6.044736385345459,15.549004554748535,2.6929852962493896,-0.2243970131259741,0.06669468432664871,1.822995959483019,-0.27055145346937604,0.024032371281598616,1.8431196141692001,6.0,23.0,2.0,0.9701446950239422,0.22448784767602245,-0.09178494954342452,0.9,1.8269258737564087,-0.26394644379615784,0.02532789669930935,0.10185369104146957,local_avoidance,SAFE_PROGRESSING,NONE,1,0,"6.023,15.492;6.021,15.992;6.020,16.492;6.018,16.992;6.017,17.492;6.015,17.992;6.014,18.492",1,1,PASS_THROUGH,-1,0.9742571783004065,0.22543946089833083,0.0,0.9,2.4165485338318993,3.2229441878264824,0.0,0,0,1,DIRECT_LOCAL,PASS_THROUGH,0,BYPASS_VISIBLE,1,9,6.0,23.0,2.0,6.0,23.0,2.0,1,
379,12.666667,0.033333,6.066858291625977,15.606303215026855,2.693880319595337,-0.22216894387866915,0.06697993725538254,1.8223330128314865,-0.27121206856327496,0.023350692375378776,1.8425522653711246,6.0,23.0,2.0,0.9698956472618526,0.2252262316652939,-0.09260441670008733,0.9,1.8263258934020996,-0.2645915448665619,0.024621708318591118,0.10222133994102478,local_avoidance,SAFE_PROGRESSING,NONE,1,0,"6.045,15.549;6.042,16.049;6.039,16.549;6.036,17.049;6.033,17.549;6.030,18.049;6.027,18.549",0,1,PASS_THROUGH,-1,0.9701446950239422,0.22448784767602245,-0.09178494954342452,0.9,2.4122312663949583,3.2227847837105026,0.0,0,0,1,DIRECT_LOCAL,PASS_THROUGH,0,BYPASS_VISIBLE,1,9,6.0,23.0,2.0,6.0,23.0,2.0,1,
380,12.7,0.033333,6.088868618011475,15.66362476348877,2.694756269454956,-0.21993160951271762,0.0672507956624031,1.821648346942789,-0.27189532547899614,0.02268792176016756,1.8419675647878608,6.0,23.0,2.0,0.9696395192200996,0.22598548705603402,-0.09343319756200776,0.9,1.8256824016571045,-0.26528167724609375,0.023939793929457664,0.10256916284561157,local_avoidance,SAFE_PROGRESSING,NONE,1,0,"6.067,15.606;6.062,16.106;6.058,16.606;6.053,17.106;6.049,17.606;6.044,18.106;6.040,18.606",0,1,PASS_THROUGH,-1,0.9701446950239422,0.22448784767602245,-0.09178494954342452,0.9,2.4093618049432695,3.223474283554097,0.0,0,0,1,DIRECT_LOCAL,PASS_THROUGH,0,BYPASS_VISIBLE,1,9,6.0,23.0,2.0,6.0,23.0,2.0,1,
381,12.733333,0.033333,6.110767841339111,15.720967292785645,2.6956138610839844,-0.21768543070607457,0.06750999391078949,1.8209413816659707,-0.27260317499882825,0.022038992929775816,1.8413651793417771,6.0,23.0,2.0,0.9693759593876812,0.2267666745415734,-0.09427154755581785,0.9,1.8249188661575317,-0.2661004066467285,0.023288195952773094,0.10283408313989639,local_avoidance,SAFE_PROGRESSING,NONE,1,0,"6.089,15.664;6.083,16.164;6.077,16.664;6.071,17.164;6.065,17.663;6.059,18.163;6.053,18.663",0,1,PASS_THROUGH,-1,0.9701446950239422,0.22448784767602245,-0.09178494954342452,0.9,2.4079438840257357,3.2250124379982053,0.0,0,0,1,DIRECT_LOCAL,PASS_THROUGH,0,BYPASS_VISIBLE,1,9,6.0,23.0,2.0,6.0,23.0,2.0,1,
382,12.766667,0.033333,6.132556438446045,15.778332710266113,2.69645357131958,-0.21543082765008567,0.06775467097759247,1.8202085028026347,-0.27333903223047273,0.021386317780256514,1.8407418599042884,6.0,23.0,2.0,0.9691045902163478,0.22757093167047787,-0.09511973654418611,0.9,1.8241157531738281,-0.2669844329357147,0.022661928087472916,0.10306686162948608,local_avoidance,SAFE_PROGRESSING,NONE,1,0,"6.111,15.721;6.103,16.221;6.096,16.721;6.088,17.221;6.080,17.721;6.073,18.221;6.065,18.721",0,1,PASS_THROUGH,-1,0.9701446950239422,0.22448784767602245,-0.09178494954342452,0.9,2.407979747021196,3.22739717026312,0.0,0,0,1,DIRECT_LOCAL,PASS_THROUGH,0,BYPASS_VISIBLE,1,9,6.0,23.0,2.0,6.0,23.0,2.0,1,
383,12.8,0.033333,6.154234409332275,15.835715293884277,2.6972765922546387,-0.21316840314181207,0.06798113137483597,1.8194433503771308,-0.27410929548790425,0.020724311864014633,1.8400922553520709,6.0,23.0,2.0,0.968824976708856,0.22839959896006304,-0.09597805842986838,0.9,1.823259711265564,-0.2678501307964325,0.02206548862159252,0.1034151017665863,local_avoidance,SAFE_PROGRESSING,NONE,1,0,"6.133,15.778;6.167,16.277;6.201,16.776;6.236,17.275;6.270,17.774;6.305,18.272;6.339,18.771",0,1,PASS_THROUGH,-1,0.9701446950239422,0.22448784767602245,-0.09178494954342452,0.9,2.4094676384497737,3.2306277968168686,0.0,0,0,1,DIRECT_LOCAL,PASS_THROUGH,0,BYPASS_VISIBLE,1,9,6.0,23.0,2.0,6.0,23.0,2.0,1,
384,12.833333,0.033333,6.175802230834961,15.893117904663086,2.6980836391448975,-0.21089862995423866,0.06819437444210052,1.8186381808570922,-0.2749201881614424,0.02005387754786976,1.8394097152985303,6.0,23.0,2.0,0.968536719510332,0.22925382848501558,-0.09684681246756296,0.9,1.8223400115966797,-0.2687457799911499,0.021491464227437973,0.10379628092050552,local_avoidance,SAFE_PROGRESSING,NONE,1,0,"6.154,15.836;6.187,16.335;6.220,16.834;6.253,17.332;6.286,17.831;6.318,18.330;6.351,18.829",1,1,PASS_THROUGH,-1,0.9731110233118568,0.23033657180081188,0.0,0.9,2.4124052011512656,3.2347008093825513,0.0,0,0,1,DIRECT_LOCAL,PASS_THROUGH,0,BLOCKED_FOV_TRUNCATED,1,9,6.0,23.0,2.0,6.0,23.0,2.0,1,
385,12.866667,0.033333,6.197261333465576,15.950535774230957,2.6988754272460938,-0.20862180900433436,0.0684036910533905,1.817786842765784,-0.27577339514719873,0.019379911759871523,1.8386885413748655,6.0,23.0,2.0,0.9682394208153485,0.23013470778490297,-0.09772635392725727,0.9,1.8214538097381592,-0.2695826590061188,0.020924245938658714,0.10427107661962509,local_avoidance,SAFE_PROGRESSING,NONE,1,0,"6.176,15.893;6.250,16.388;6.325,16.882;6.400,17.376;6.474,17.871;6.549,18.365;6.624,18.860",0,1,PASS_THROUGH,-1,0.968536719510332,0.22925382848501558,-0.09684681246756296,0.9,2.416785076114773,3.239615310636532,0.0,0,0,1,DIRECT_LOCAL,PASS_THROUGH,0,BLOCKED_FOV_TRUNCATED,1,9,6.0,23.0,2.0,6.0,23.0,2.0,1,
386,12.9,0.033333,6.218611717224121,16.00796890258789,2.699653148651123,-0.2063379140482283,0.0686206966638565,1.8168864389440016,-0.2766660751202543,0.018725004639234034,1.8379257533806421,6.0,23.0,2.0,0.9679327282315606,0.23104313902321985,-0.09861694341493706,0.9,1.8206077814102173,-0.27032536268234253,0.020355675369501114,0.10488275438547134,local_avoidance,SAFE_PROGRESSING,NONE,1,0,"6.197,15.951;6.313,16.437;6.429,16.923;6.545,17.410;6.661,17.896;6.777,18.383;6.892,18.869",0,1,PASS_THROUGH,-1,0.968536719510332,0.22925382848501558,-0.09684681246756296,0.9,2.422600488227365,3.245367048216683,0.0,0,0,1,DIRECT_LOCAL,PASS_THROUGH,0,BLOCKED_FOV_TRUNCATED,1,9,6.0,23.0,2.0,6.0,23.0,2.0,1,
387,12.933333,0.033333,6.239853858947754,16.065418243408203,2.7004168033599854,-0.20404644210159056,0.06886070966720581,1.8159419564947656,-0.2775876695097047,0.01811363888145813,1.8371249841900779,6.0,23.0,2.0,0.9676164167349713,0.23197940109314874,-0.09951898076969164,0.9,1.8197208642959595,-0.2710965573787689,0.019784271717071533,0.10549421608448029,local_avoidance,SAFE_PROGRESSING,NONE,1,0,"6.219,16.008;6.375,16.483;6.531,16.958;6.687,17.433;6.844,17.908;7.000,18.383;7.156,18.858",0,1,PASS_THROUGH,-1,0.968536719510332,0.22925382848501558,-0.09684681246756296,0.9,2.429839331629392,3.251951507525132,0.0,0,0,1,DIRECT_LOCAL,PASS_THROUGH,0,BLOCKED_FOV_TRUNCATED,1,9,6.0,23.0,2.0,6.0,23.0,2.0,1,
388,12.966667,0.033333,6.260987281799316,16.122867584228516,2.7011666297912598,-0.2017465020304254,0.06913275271654129,1.8149620546116354,-0.27852457236140243,0.017551262862705377,1.8362927990702538,6.0,23.0,2.0,0.9672903374242231,0.2329434944271605,-0.10043272140988721,0.9,1.818894624710083,-0.27178680896759033,0.019202835857868195,0.10620786249637604,local_avoidance,SAFE_PROGRESSING,NONE,1,0,"6.240,16.065;6.395,16.541;6.549,17.016;6.704,17.492;6.859,17.967;7.013,18.443;7.168,18.918",0,1,PASS_THROUGH,-1,0.968536719510332,0.22925382848501558,-0.09684681246756296,0.9,2.438487429934601,3.259366624223273,0.0,0,0,1,DIRECT_LOCAL,PASS_THROUGH,0,BLOCKED_FOV_TRUNCATED,1,9,6.0,23.0,2.0,6.0,23.0,2.0,1,
389,13.0,0.033333,6.282011985778809,16.18033790588379,2.70190167427063,-0.19943693088040015,0.06944293528795242,1.8139585144194506,-0.2794632742625602,0.01704286096303914,1.8354388229538399,6.0,23.0,2.0,0.9669544690588685,0.233934964291633,-0.10135821253827502,0.9,1.818159818649292,-0.27232736349105835,0.01860860176384449,0.10710987448692322,local_avoidance,SAFE_PROGRESSING,NONE,1,0,"6.261,16.123;6.414,16.599;6.567,17.075;6.720,17.551;6.873,18.027;7.026,18.503;7.179,18.979",0,1,PASS_THROUGH,-1,0.968536719510332,0.22925382848501558,-0.09684681246756296,0.9,2.4485305335243086,3.267601669303674,0.0,0,0,1,DIRECT_LOCAL,PASS_THROUGH,0,BLOCKED_FOV_TRUNCATED,1,9,6.0,23.0,2.0,6.0,23.0,2.0,1,
390,13.033333,0.033333,6.302927017211914,16.237812042236328,2.702623128890991,-0.197116276383082,0.06980311870574951,1.8129448068879237,-0.280389805656766,0.01659348476249012,1.8345742447976023,6.0,23.0,2.0,0.9666087531566134,0.2349533420721243,-0.10229587171609883,0.9,1.8174736499786377,-0.2727956771850586,0.018000666052103043,0.10810873657464981,local_avoidance,SAFE_PROGRESSING,NONE,1,0,"6.282,16.180;6.474,16.642;6.667,17.103;6.859,17.565;7.052,18.026;7.244,18.488;7.436,18.949",1,1,PASS_THROUGH,-1,0.9717063077855306,0.23619240337024316,0.0,0.9,2.4599456015932875,3.276653088294558,0.0,0,0,1,DIRECT_LOCAL,PASS_THROUGH,0,BLOCKED_FOV_TRUNCATED,1,9,6.0,23.0,2.0,6.0,23.0,2.0,1,
391,13.066667,0.033333,6.32373046875,16.29529571533203,2.7033298015594482,-0.19478267077033878,0.07022407650947571,1.811936689883836,-0.2812893573650438,0.016196660486315642,1.8337122463802604,6.0,23.0,2.0,0.9662533262381392,0.2359974540658291,-0.10324587743914532,0.9,1.8168245553970337,-0.2731834053993225,0.017383597791194916,0.10924402624368668,local_avoidance,SAFE_PROGRESSING,NONE,1,0,"6.303,16.238;6.494,16.700;6.685,17.162;6.875,17.624;7.066,18.086;7.257,18.549;7.448,19.011",0,1,PASS_THROUGH,-1,0.9666087531566134,0.2349533420721243,-0.10229587171609883,0.9,2.4727135444164947,3.2865108704513135,0.0,0,0,1,DIRECT_LOCAL,PASS_THROUGH,0,BLOCKED_FOV_TRUNCATED,1,9,6.0,23.0,2.0,6.0,23.0,2.0,1,
392,13.1,0.033333,6.34442138671875,16.35279655456543,2.7040212154388428,-0.19243397651799946,0.07071337848901749,1.8109481525993016,-0.2821491107379071,0.015832082811128356,1.8328644213195786,6.0,23.0,2.0,0.9658883886810031,0.23706587450287395,-0.10420840540667936,0.9,1.8161691427230835,-0.27356329560279846,0.01676100492477417,0.11044977605342865,local_avoidance,SAFE_PROGRESSING,NONE,1,0,"6.324,16.295;6.553,16.740;6.781,17.184;7.010,17.629;7.239,18.074;7.468,18.518;7.697,18.963",0,1,PASS_THROUGH,-1,0.9666087531566134,0.2349533420721243,-0.10229587171609883,0.9,2.486808537996102,3.2971655427048114,0.0,0,0,1,DIRECT_LOCAL,PASS_THROUGH,0,BLOCKED_FOV_TRUNCATED,1,9,6.0,23.0,2.0,6.0,23.0,2.0,1,
393,13.133333,0.033333,6.364996910095215,16.41029930114746,2.7046961784362793,-0.19006777343695005,0.07127399742603302,1.8099884111399642,-0.28296111714600536,0.015467880107783563,1.8320382904274999,6.0,23.0,2.0,0.9655141510476768,0.2381570865340353,-0.10518377375006024,0.9,1.8154484033584595,-0.27398326992988586,0.016145512461662292,0.11172118782997131,local_avoidance,SAFE_PROGRESSING,NONE,1,0,"6.344,16.353;6.572,16.798;6.799,17.244;7.026,17.689;7.253,18.134;7.481,18.580;7.708,19.025",0,1,PASS_THROUGH,-1,0.9666087531566134,0.2349533420721243,-0.10229587171609883,0.9,2.5022044787369295,3.308609161703317,0.0,0,0,1,DIRECT_LOCAL,PASS_THROUGH,0,BLOCKED_FOV_TRUNCATED,1,9,6.0,23.0,2.0,6.0,23.0,2.0,1,
394,13.166667,0.033333,6.3854546546936035,16.467824935913086,2.705354690551758,-0.18768171647714316,0.07190319895744324,1.8090582542002271,-0.2837255312825334,0.015066865908010785,1.831234270823867,6.0,23.0,2.0,0.9651309606038818,0.2392692376242937,-0.10617184565843052,0.9,1.8147242069244385,-0.2744486331939697,0.015535105019807816,0.11300700902938843,local_avoidance,SAFE_PROGRESSING,NONE,1,0,"6.365,16.410;6.337,16.910;6.310,17.409;6.282,17.908;6.254,18.407;6.227,18.906;6.199,19.406",0,1,PASS_THROUGH,-1,0.9666087531566134,0.2349533420721243,-0.10229587171609883,0.9,2.5188739037610355,3.3208281613934734,0.0,0,0,1,DIRECT_LOCAL,PASS_THROUGH,0,BLOCKED_FOV_TRUNCATED,1,9,6.0,23.0,2.0,6.0,23.0,2.0,1,
395,13.2,0.033333,6.405791759490967,16.525358200073242,2.705995559692383,-0.18527361146311036,0.07259427011013031,1.8081510248063348,-0.2844518879853828,0.014611823263515178,1.8304470793950127,6.0,23.0,2.0,0.9647389657212436,0.24040096907835007,-0.10717323399662522,0.9,1.813908338546753,-0.2749386727809906,0.014948328956961632,0.11441555619239807,local_avoidance,SAFE_PROGRESSING,NONE,1,0,"6.385,16.468;6.356,16.967;6.327,17.466;6.297,17.965;6.268,18.464;6.238,18.963;6.209,19.463",0,1,PASS_THROUGH,-1,0.9666087531566134,0.2349533420721243,-0.10229587171609883,0.9,2.536785967945491,3.3338136370739093,0.0,0,0,1,DIRECT_LOCAL,PASS_THROUGH,0,BLOCKED_FOV_TRUNCATED,1,9,6.0,23.0,2.0,6.0,23.0,2.0,1,
396,13.233333,0.033333,6.426006317138672,16.582908630371094,2.7066187858581543,-0.18284141420699387,0.0733419880270958,1.8072551158323271,-0.2851551457560211,0.014091124586571371,1.8296674754297215,6.0,23.0,2.0,0.9643384434747618,0.2415507498826378,-0.10818780738978336,0.9,1.8130412101745605,-0.27550217509269714,0.014380121603608131,0.1158272847533226,local_avoidance,SAFE_PROGRESSING,NONE,1,0,"6.406,16.525;6.375,17.024;6.343,17.523;6.312,18.022;6.281,18.521;6.249,19.020;6.218,19.519",1,1,PASS_THROUGH,-1,0.9700320724342253,0.24297690929173107,0.0,0.9,2.555910549331794,3.347553838586882,0.0,0,0,1,DIRECT_LOCAL,PASS_THROUGH,0,BLOCKED_FOV_TRUNCATED,1,9,6.0,23.0,2.0,6.0,23.0,2.0,1,
397,13.266667,0.033333,6.446096420288086,16.640480041503906,2.7072246074676514,-0.1803834025433429,0.07414070516824722,1.8063556734433024,-0.2858523342729297,0.013510713534012331,1.828883516074845,6.0,23.0,2.0,0.9639294437897632,0.24271771527424385,-0.10921601570836084,0.9,1.8121793270111084,-0.2760685086250305,0.013828516006469727,0.11729791760444641,local_avoidance,SAFE_PROGRESSING,NONE,1,0,"6.426,16.583;6.393,17.082;6.360,17.581;6.327,18.080;6.294,18.579;6.260,19.077;6.227,19.576",0,1,PASS_THROUGH,-1,0.9643384434747618,0.2415507498826378,-0.10818780738978336,0.9,2.576216513395417,3.3620377697437887,0.0,0,0,1,DIRECT_LOCAL,PASS_THROUGH,0,BLOCKED_FOV_TRUNCATED,1,9,6.0,23.0,2.0,6.0,23.0,2.0,1,
398,13.3,0.033333,6.466059684753418,16.698060989379883,2.707813262939453,-0.17789802679470232,0.07498513907194138,1.8054399146817286,-0.286558742352179,0.012897194460517443,1.828085210259462,6.0,23.0,2.0,0.9635119826426978,0.24390115555679312,-0.11025826781697028,0.9,1.81119966506958,-0.27672556042671204,0.013305878266692162,0.11877051740884781,local_avoidance,SAFE_PROGRESSING,NONE,1,0,"6.446,16.640;6.411,17.139;6.376,17.638;6.341,18.137;6.306,18.636;6.271,19.134;6.236,19.633",0,1,PASS_THROUGH,-1,0.9643384434747618,0.2415507498826378,-0.10818780738978336,0.9,2.596113875207013,3.3772550234332064,0.0,0,0,1,DIRECT_LOCAL,PASS_THROUGH,0,BLOCKED_FOV_TRUNCATED,1,9,6.0,23.0,2.0,6.0,23.0,2.0,1,
399,13.333333,0.033333,6.485896110534668,16.75566291809082,2.7083852291107178,-0.1753837627077793,0.07586820423603058,1.8044977668760904,-0.2872860038731715,0.012265056072469763,1.8272645868299078,6.0,23.0,2.0,0.963086149953004,0.24510018384412519,-0.11131472341193703,0.9,1.8101706504821777,-0.277517169713974,0.012805603444576263,0.12011176347732544,local_avoidance,SAFE_PROGRESSING,NONE,1,0,"6.466,16.698;6.429,17.197;6.392,17.695;6.355,18.194;6.319,18.693;6.282,19.191;6.245,19.690",0,1,PASS_THROUGH,-1,0.9643384434747618,0.2415507498826378,-0.10818780738978336,0.9,2.6165011241909144,3.3931952843320605,0.0,0,0,1,DIRECT_LOCAL,PASS_THROUGH,0,BLOCKED_FOV_TRUNCATED,1,9,6.0,23.0,2.0,6.0,23.0,2.0,1,
400,13.366667,0.033333,6.505604267120361,16.813276290893555,2.7089414596557617,-0.17283957840372863,0.07677530497312546,1.8035205097228095,-0.288044521401257,0.011628690040609336,1.826414821920848,6.0,23.0,2.0,0.962651707317459,0.24631500672521617,-0.11238597715345802,0.9,1.8090146780014038,-0.27849963307380676,0.012340308167040348,0.12127198278903961,local_avoidance,SAFE_PROGRESSING,NONE,1,0,"6.486,16.756;6.447,17.254;6.408,17.753;6.370,18.251;6.331,18.750;6.292,19.248;6.253,19.747",0,1,PASS_THROUGH,-1,0.9643384434747618,0.2415507498826378,-0.10818780738978336,0.9,2.6359021935900975,3.4098481896220187,0.0,0,0,1,DIRECT_LOCAL,PASS_THROUGH,0,BLOCKED_FOV_TRUNCATED,1,9,6.0,23.0,2.0,6.0,23.0,2.0,1,
401,13.4,0.033333,6.525183200836182,16.87090301513672,2.7094826698303223,-0.1702650512739244,0.07768280804157257,1.802499661234143,-0.2888476954902027,0.010997471144647273,1.825529776341865,6.0,23.0,2.0,0.9622083978042262,0.24754600589150283,-0.11347234976939718,0.9,1.8078782558441162,-0.2795311212539673,0.011905595660209656,0.12235823273658752,local_avoidance,SAFE_PROGRESSING,NONE,1,0,"6.506,16.813;6.465,17.312;6.424,17.810;6.383,18.308;6.343,18.807;6.302,19.305;6.261,19.803",0,1,PASS_THROUGH,-1,0.9643384434747618,0.2415507498826378,-0.10818780738978336,0.9,2.655858176627359,3.4272027418048934,0.0,0,0,1,DIRECT_LOCAL,PASS_THROUGH,0,BLOCKED_FOV_TRUNCATED,1,9,6.0,23.0,2.0,6.0,23.0,2.0,1,
402,13.433333,0.033333,6.5446319580078125,16.928544998168945,2.7100112438201904,-0.1676605810073528,0.07857006043195724,1.8014280210753293,-0.2897100675407643,0.010395566431256253,1.8246048630186422,6.0,23.0,2.0,0.9617556756393615,0.2487945779099801,-0.11457433559951488,0.9,1.8066376447677612,-0.28057336807250977,0.011520846746861935,0.12352953851222992,local_avoidance,SAFE_PROGRESSING,NONE,1,0,"6.525,16.871;6.482,17.369;6.440,17.867;6.397,18.365;6.354,18.864;6.312,19.362;6.269,19.860",1,1,PASS_THROUGH,-1,0.9681311312883372,0.25044383128830433,0.0,0.9,2.675264864285014,3.445247867694566,0.0,0,0,1,DIRECT_LOCAL,PASS_THROUGH,0,BYPASS_VISIBLE,1,9,6.0,23.0,2.0,6.0,23.0,2.0,1,
403,13.466667,0.033333,6.563952922821045,16.98619842529297,2.7105281352996826,-0.16502684462947861,0.07943020015954971,1.8003009129998568,-0.2906410215235258,0.009828949573374948,1.8236370771044528,6.0,23.0,2.0,0.9612928717963795,0.2500624134464993,-0.11569271374974932,0.9,1.8053799867630005,-0.28162339329719543,0.01117021031677723,0.12470298260450363,local_avoidance,SAFE_PROGRESSING,NONE,1,0,"6.545,16.929;6.500,17.427;6.455,17.925;6.411,18.423;6.366,18.921;6.321,19.419;6.277,19.917",0,1,PASS_THROUGH,-1,0.9617556756393615,0.2487945779099801,-0.11457433559951488,0.9,2.6947173703786786,3.463975795671045,0.0,0,0,1,DIRECT_LOCAL,PASS_THROUGH,0,BYPASS_VISIBLE,1,9,6.0,23.0,2.0,6.0,23.0,2.0,1,
404,13.5,0.033333,6.583144187927246,17.043851852416992,2.7110352516174316,-0.1623648991163354,0.08026591688394547,1.7991155760495634,-0.2916415375093647,0.00930256526156421,1.8226239820943384,6.0,23.0,2.0,0.9608191165581454,0.2513520577506957,-0.11682794323669217,0.9,1.80415940284729,-0.28266385197639465,0.010838820599019527,0.125853031873703,local_avoidance,SAFE_PROGRESSING,NONE,1,0,"6.564,16.986;6.517,17.484;6.471,17.982;6.424,18.480;6.377,18.977;6.331,19.475;6.284,19.973",0,1,PASS_THROUGH,-1,0.9617556756393615,0.2487945779099801,-0.11457433559951488,0.9,2.7141943175245533,3.4833740308451855,0.0,0,0,1,DIRECT_LOCAL,PASS_THROUGH,0,BYPASS_VISIBLE,1,9,6.0,23.0,2.0,6.0,23.0,2.0,1,
405,13.533333,0.033333,6.602208137512207,17.101516723632812,2.711534023284912,-0.15967545317665732,0.08108177781105042,1.7978741745582327,-0.29270375392637815,0.008835738579335058,1.8215666623492763,6.0,23.0,2.0,0.9603338068589221,0.25266495365368546,-0.11798050940317002,0.9,1.8030096292495728,-0.2836042046546936,0.0105194803327322,0.12712910771369934,local_avoidance,SAFE_PROGRESSING,NONE,1,0,"6.583,17.044;6.534,17.541;6.486,18.039;6.437,18.537;6.388,19.034;6.340,19.532;6.291,20.030",0,1,PASS_THROUGH,-1,0.9617556756393615,0.2487945779099801,-0.11457433559951488,0.9,2.7347550753591405,3.5034341764979438,0.0,0,0,1,DIRECT_LOCAL,PASS_THROUGH,0,BYPASS_VISIBLE,1,9,6.0,23.0,2.0,6.0,23.0,2.0,1,
406,13.566667,0.033333,6.621143817901611,17.159194946289062,2.7120254039764404,-0.15695901988892957,0.08188862353563309,1.7965857127842166,-0.2938123389248211,0.008448413646037716,1.8204717217188464,6.0,23.0,2.0,0.9598360517888155,0.25400340367221286,-0.11915126776240746,0.9,1.8017464876174927,-0.2845425009727478,0.010227873921394348,0.1285156011581421,local_avoidance,SAFE_PROGRESSING,NONE,1,0,"6.602,17.102;6.551,17.599;6.501,18.096;6.450,18.594;6.399,19.091;6.348,19.589;6.298,20.086",0,1,PASS_THROUGH,-1,0.9617556756393615,0.2487945779099801,-0.11457433559951488,0.9,2.7563756909624684,3.5241446663594473,0.0,0,0,1,DIRECT_LOCAL,PASS_THROUGH,0,BYPASS_VISIBLE,1,9,6.0,23.0,2.0,6.0,23.0,2.0,1,
407,13.6,0.033333,6.639950275421143,17.216873168945312,2.712510347366333,-0.15421573363873578,0.08270072937011719,1.795260190702248,-0.2949487243522438,0.00811970303696982,1.819345990155445,6.0,23.0,2.0,0.9593252261784175,0.2553687361041032,-0.1203408452617838,0.9,1.8004816770553589,-0.28557223081588745,0.009944183751940727,0.12977978587150574,local_avoidance,SAFE_PROGRESSING,NONE,1,0,"6.621,17.159;6.568,17.656;6.515,18.154;6.463,18.651;6.410,19.148;6.357,19.645;6.304,20.142",0,1,PASS_THROUGH,-1,0.9617556756393615,0.2487945779099801,-0.11457433559951488,0.9,2.7790287125265896,3.5454931762343227,0.0,0,0,1,DIRECT_LOCAL,PASS_THROUGH,0,BYPASS_VISIBLE,1,9,6.0,23.0,2.0,6.0,23.0,2.0,1,
408,13.633333,0.033333,6.658627510070801,17.274551391601562,2.712989568710327,-0.15144528973195598,0.08352260291576385,1.7939046474872913,-0.29609873646008095,0.007829397910509173,1.8181940615570715,6.0,23.0,2.0,0.9588008986280939,0.2567616344317478,-0.12154957784335231,0.9,1.7992935180664062,-0.2866538166999817,0.00965570192784071,0.13092349469661713,local_avoidance,SAFE_PROGRESSING,NONE,1,0,"6.640,17.217;6.585,17.714;6.530,18.211;6.475,18.708;6.420,19.205;6.365,19.702;6.310,20.199",1,1,PASS_THROUGH,-1,0.9659631661821552,0.25867965049331976,0.0,0.9,2.8026851103228516,3.567468422397778,0.0,0,0,1,DIRECT_LOCAL,PASS_THROUGH,0,BLOCKED_FOV_TRUNCATED,1,9,6.0,23.0,2.0,6.0,23.0,2.0,1,
409,13.666667,0.033333,6.677174091339111,17.332229614257812,2.71346378326416,-0.14864740990292113,0.08434733003377914,1.792524910365192,-0.2972581415859488,0.007581581801767484,1.8170210338357362,6.0,23.0,2.0,0.9582624833313508,0.25818320450918647,-0.12277803528726317,0.9,1.7980177402496338,-0.28774017095565796,0.009386115707457066,0.13213789463043213,local_avoidance,SAFE_PROGRESSING,NONE,1,0,"6.659,17.275;6.601,17.771;6.544,18.268;6.487,18.765;6.430,19.261;6.373,19.758;6.316,20.255",0,1,PASS_THROUGH,-1,0.9588008986280939,0.2567616344317478,-0.12154957784335231,0.9,2.8273171198358718,3.5900576597771323,0.0,0,0,1,DIRECT_LOCAL,PASS_THROUGH,0,BLOCKED_FOV_TRUNCATED,1,9,6.0,23.0,2.0,6.0,23.0,2.0,1,
410,13.7,0.033333,6.695588111877441,17.389907836914062,2.713932991027832,-0.1458220765400936,0.08516914397478104,1.7911256693477218,-0.2984300047968668,0.007362906236494219,1.8158319976109103,6.0,23.0,2.0,0.9577093617443285,0.2596346074044569,-0.12402680784896691,0.9,1.7968584299087524,-0.2886178493499756,0.009114089421927929,0.13362661004066467,local_avoidance,SAFE_PROGRESSING,NONE,1,0,"6.677,17.332;6.913,17.773;7.150,18.214;7.386,18.654;7.622,19.095;7.858,19.536;8.094,19.976",0,1,PASS_THROUGH,-1,0.9588008986280939,0.2567616344317478,-0.12154957784335231,0.9,2.8528955152186697,3.6132476567187517,0.0,0,0,1,DIRECT_LOCAL,PASS_THROUGH,0,BLOCKED_FOV_TRUNCATED,1,9,6.0,23.0,2.0,6.0,23.0,2.0,1,
411,13.733333,0.033333,6.713869571685791,17.447586059570312,2.714397430419922,-0.14296919993973467,0.08600185811519623,1.7897111233871255,-0.2996147025182045,0.007166077626758165,1.814631154755487,6.0,23.0,2.0,0.9571409422895268,0.26111689590300335,-0.12529638169993865,0.9,1.7956329584121704,-0.28928419947624207,0.008843660354614258,0.13551217317581177,local_avoidance,SAFE_PROGRESSING,NONE,1,0,"6.696,17.390;6.890,17.850;7.085,18.311;7.280,18.771;7.475,19.232;7.670,19.692;7.865,20.153",0,1,PASS_THROUGH,-1,0.9588008986280939,0.2567616344317478,-0.12154957784335231,0.9,2.8793906659980375,3.6370270880221884,0.0,0,0,1,DIRECT_LOCAL,PASS_THROUGH,0,BLOCKED_FOV_TRUNCATED,1,9,6.0,23.0,2.0,6.0,23.0,2.0,1,
412,13.766667,0.033333,6.732016563415527,17.505264282226562,2.7148568630218506,-0.14008799635218008,0.08687848597764969,1.788285435561792,-0.3008004776744731,0.0069540453727702225,1.8134205483446653,6.0,23.0,2.0,0.9565566951956632,0.26263081684776546,-0.12658729366814903,0.9,1.7942851781845093,-0.28999316692352295,0.008556625805795193,0.13747014105319977,local_avoidance,SAFE_PROGRESSING,NONE,1,0,"6.714,17.448;6.946,17.890;7.178,18.333;7.411,18.776;7.643,19.219;7.875,19.662;8.107,20.104",0,1,PASS_THROUGH,-1,0.9588008986280939,0.2567616344317478,-0.12154957784335231,0.9,2.906774984464133,3.6613827509862507,0.0,0,0,1,DIRECT_LOCAL,PASS_THROUGH,0,BLOCKED_FOV_TRUNCATED,1,9,6.0,23.0,2.0,6.0,23.0,2.0,1,
413,13.8,0.033333,6.750027179718018,17.562942504882812,2.715310573577881,-0.13717653409106775,0.08782504498958588,1.7868467091191322,-0.3019692046584365,0.006675089541691422,1.8121951107075394,6.0,23.0,2.0,0.9559564637073246,0.2641757463679482,-0.12790001769790413,0.9,1.792912244796753,-0.2907126247882843,0.008233455941081047,0.13959047198295593,local_avoidance,SAFE_PROGRESSING,NONE,1,0,"6.732,17.505;6.962,17.949;7.192,18.393;7.423,18.837;7.653,19.281;7.883,19.725;8.113,20.168",0,1,PASS_THROUGH,-1,0.9588008986280939,0.2567616344317478,-0.12154957784335231,0.9,2.935019232461351,3.6863014862283716,0.0,0,0,1,DIRECT_LOCAL,PASS_THROUGH,0,BLOCKED_FOV_TRUNCATED,1,9,6.0,23.0,2.0,6.0,23.0,2.0,1,
414,13.833333,0.033333,6.7678985595703125,17.620620727539062,2.7157580852508545,-0.13423224118651053,0.08885697275400162,1.7853885704587957,-0.30310717368480844,0.006308560299028329,1.8109461903096795,6.0,23.0,2.0,0.9553402535598641,0.2657504954882263,-0.12923495686514935,0.9,1.7915338277816772,-0.2915342450141907,0.007863476872444153,0.14169074594974518,local_avoidance,SAFE_PROGRESSING,NONE,1,0,"6.750,17.563;6.978,18.008;7.206,18.453;7.434,18.898;7.663,19.343;7.891,19.788;8.119,20.232",1,1,PASS_THROUGH,-1,0.9634194889433049,0.2679979259699996,0.0,0.9,2.9640944919815304,3.7117692498755552,0.0,0,0,1,DIRECT_LOCAL,PASS_THROUGH,0,BLOCKED_UNKNOWN_OCCLUDED,1,9,6.0,23.0,2.0,6.0,23.0,2.0,1,
415,13.866667,0.033333,6.785627841949463,17.678298950195312,2.7161974906921387,-0.1312521153937979,0.08997730910778046,1.7839032383954168,-0.30421332256061717,0.005876490527570732,1.8096660030850846,6.0,23.0,2.0,0.9547082117785556,0.2673533442809254,-0.13059257124506632,0.9,1.7902421951293945,-0.2924065589904785,0.00744288694113493,0.1437481939792633,local_avoidance,SAFE_PROGRESSING,NONE,1,0,"6.768,17.621;6.994,18.067;7.220,18.513;7.446,18.959;7.672,19.405;7.898,19.851;8.124,20.297",0,1,PASS_THROUGH,-1,0.9553402535598641,0.2657504954882263,-0.12923495686514935,0.9,2.9939713031603223,3.7377720799877006,0.0,0,0,1,DIRECT_LOCAL,PASS_THROUGH,0,BLOCKED_UNKNOWN_OCCLUDED,1,9,6.0,23.0,2.0,6.0,23.0,2.0,1,
416,13.9,0.033333,6.803210735321045,17.735977172851562,2.716628074645996,-0.12823330658884818,0.09117573499679565,1.7823888918401434,-0.30529894064372975,0.0054359413366810915,1.808354819821468,6.0,23.0,2.0,0.9540604675896858,0.2689827717472265,-0.13197307560911645,0.9,1.7889273166656494,-0.2933027744293213,0.006999539211392403,0.1458902209997177,local_avoidance,SAFE_PROGRESSING,NONE,1,0,"6.786,17.678;7.010,18.125;7.233,18.572;7.457,19.020;7.681,19.467;7.905,19.914;8.129,20.361",0,1,PASS_THROUGH,-1,0.9553402535598641,0.2657504954882263,-0.12923495686514935,0.9,3.024620668329245,3.7642947011375796,0.0,0,0,1,DIRECT_LOCAL,PASS_THROUGH,0,BLOCKED_UNKNOWN_OCCLUDED,1,9,6.0,23.0,2.0,6.0,23.0,2.0,1,
417,13.933333,0.033333,6.820645809173584,17.793655395507812,2.717048168182373,-0.12517336672638085,0.0924396961927414,1.7808502278820173,-0.3063818854572988,0.005029353976932293,1.807020389559904,6.0,23.0,2.0,0.9533970752299935,0.27063742581587635,-0.1333769121349354,0.9,1.7876970767974854,-0.2940635085105896,0.006546085700392723,0.14831236004829407,local_avoidance,SAFE_PROGRESSING,NONE,1,0,"6.803,17.736;7.025,18.184;7.247,18.632;7.468,19.080;7.690,19.529;7.912,19.977;8.134,20.425",0,1,PASS_THROUGH,-1,0.9553402535598641,0.2657504954882263,-0.12923495686514935,0.9,3.056012723052572,3.791324777499689,0.0,0,0,1,DIRECT_LOCAL,PASS_THROUGH,0,BLOCKED_UNKNOWN_OCCLUDED,1,9,6.0,23.0,2.0,6.0,23.0,2.0,1,
418,13.966667,0.033333,6.837930679321289,17.851333618164062,2.7174572944641113,-0.12207009305448238,0.0937715619802475,1.779297283420018,-0.30747594434265324,0.004681485524987323,1.805674997180274,6.0,23.0,2.0,0.9527178901537642,0.2723167440744717,-0.13480434962433166,0.9,1.7865335941314697,-0.2949720323085785,0.006077615078538656,0.15052299201488495,local_avoidance,SAFE_PROGRESSING,NONE,1,0,"6.821,17.794;7.040,18.243;7.260,18.692;7.479,19.141;7.699,19.591;7.918,20.040;8.138,20.489",0,1,PASS_THROUGH,-1,0.9553402535598641,0.2657504954882263,-0.12923495686514935,0.9,3.088120941597012,3.818849150378604,0.0,0,0,1,DIRECT_LOCAL,PASS_THROUGH,0,BLOCKED_UNKNOWN_OCCLUDED,1,9,6.0,23.0,2.0,6.0,23.0,2.0,1,
419,14.0,0.033333,6.855062961578369,17.909011840820312,2.717855215072632,-0.11892130794532302,0.09516444057226181,1.7777444170788008,-0.30858800011657983,0.004402664008826814,1.8043339906240117,6.0,23.0,2.0,0.9520227605098464,0.27402006573551213,-0.1362558881132023,0.9,1.7852869033813477,-0.29591500759124756,0.005625451449304819,0.15271684527397156,direct,SAFE_PROGRESSING,NONE,1,0,"6.838,17.851;6.758,18.345;6.677,18.838;6.597,19.332;6.517,19.825;6.436,20.319;6.356,20.812",0,1,PASS_THROUGH,-1,0.9553402535598641,0.2657504954882263,-0.12923495686514935,0.9,3.1209184602712856,3.846854794072377,0.0,0,0,0,DIRECT_LOCAL,PASS_THROUGH,0,BLOCKED_UNKNOWN_OCCLUDED,1,9,6.0,23.0,2.0,6.0,23.0,2.0,1,
420,14.033333,0.033333,6.87204122543335,17.966690063476562,2.7182414531707764,-0.11572530447146571,0.09659767895936966,1.7762023438614714,-0.3097224060975509,0.004156344145708804,1.8030085996396408,6.0,23.0,2.0,0.9513113778391987,0.27574722943948926,-0.13773208722055608,0.9,1.7838659286499023,-0.2968228757381439,0.005213035736232996,0.15512070059776306,direct,SAFE_PROGRESSING,NONE,1,0,"6.855,17.909;6.772,18.402;6.689,18.895;6.607,19.388;6.524,19.881;6.441,20.374;6.358,20.868",1,1,PASS_THROUGH,-1,0.9604650699605577,0.27840051972950985,0.0,0.9,3.1543790377638063,3.8753297586949653,0.0,0,0,0,DIRECT_LOCAL,PASS_THROUGH,0,BYPASS_VISIBLE,1,9,6.0,23.0,2.0,6.0,23.0,2.0,1,
421,14.066667,0.033333,6.8888630867004395,18.024368286132812,2.718616247177124,-0.11248097502154664,0.09806232899427414,1.77466887622429,-0.31088065529652104,0.0038605436310975858,1.801696785220506,6.0,23.0,2.0,0.9505831970197386,0.2774988744238336,-0.1392334738388667,0.9,1.782198429107666,-0.29795315861701965,0.004844531416893005,0.1573910117149353,direct,SAFE_PROGRESSING,NONE,1,0,"6.872,17.967;6.787,18.459;6.701,18.952;6.616,19.445;6.531,19.937;6.445,20.430;6.360,20.923",0,1,PASS_THROUGH,-1,0.9513113778391987,0.27574722943948926,-0.13773208722055608,0.9,3.1884779838334576,3.904261308481141,0.0,0,0,0,DIRECT_LOCAL,PASS_THROUGH,0,BYPASS_VISIBLE,1,9,6.0,23.0,2.0,6.0,23.0,2.0,1,
422,14.1,0.033333,6.905527591705322,18.082046508789062,2.718980550765991,-0.10918741530640157,0.0995483323931694,1.7731245338944723,-0.31206622742725315,0.00343947498348367,1.800379896851587,6.0,23.0,2.0,0.9498376140930406,0.2792757119964011,-0.14076073153739668,0.9,1.7805531024932861,-0.29931801557540894,0.004488916136324406,0.15925925970077515,direct,SAFE_PROGRESSING,NONE,1,0,"6.889,18.024;6.801,18.517;6.713,19.009;6.625,19.501;6.537,19.993;6.449,20.485;6.361,20.978",0,1,PASS_THROUGH,-1,0.9513113778391987,0.27574722943948926,-0.13773208722055608,0.9,3.2231903564571662,3.933638260244379,0.0,0,0,0,DIRECT_LOCAL,PASS_THROUGH,0,BYPASS_VISIBLE,1,9,6.0,23.0,2.0,6.0,23.0,2.0,1,
423,14.133333,0.033333,6.922031402587891,18.139724731445312,2.719334125518799,-0.10584428211384536,0.10102734714746475,1.7715407500295441,-0.3132922257178537,0.0029086980644912885,1.7990322699259502,6.0,23.0,2.0,0.9490737337769068,0.2810793035284288,-0.1423146970018705,0.9,1.7787935733795166,-0.30089232325553894,0.0041688126511871815,0.16085872054100037,direct,SAFE_PROGRESSING,NONE,1,0,"6.906,18.082;6.815,18.574;6.724,19.066;6.634,19.557;6.543,20.049;6.453,20.541;6.362,21.032",0,1,PASS_THROUGH,-1,0.9513113778391987,0.27574722943948926,-0.13773208722055608,0.9,3.2584932348762097,3.9634472731509565,0.0,0,0,0,DIRECT_LOCAL,PASS_THROUGH,0,BYPASS_VISIBLE,1,9,6.0,23.0,2.0,6.0,23.0,2.0,1,
424,14.166667,0.033333,6.938374042510986,18.197402954101562,2.7196781635284424,-0.10245239417989072,0.1024603620171547,1.7698929433044668,-0.314580499066286,0.002331359210024064,1.7976338215519612,6.0,23.0,2.0,0.948290447572344,0.2829119379198344,-0.14389601254199835,0.9,1.777106523513794,-0.3023422062397003,0.0038843685761094093,0.16264492273330688,direct,SAFE_PROGRESSING,NONE,1,0,"6.922,18.140;6.829,18.631;6.736,19.122;6.642,19.613;6.549,20.105;6.456,20.596;6.363,21.087",0,1,PASS_THROUGH,-1,0.9513113778391987,0.27574722943948926,-0.13773208722055608,0.9,3.2943621347840217,3.993677959151933,0.0,0,0,0,DIRECT_LOCAL,PASS_THROUGH,0,BYPASS_VISIBLE,1,9,6.0,23.0,2.0,6.0,23.0,2.0,1,
425,14.2,0.033333,6.954555988311768,18.255081176757812,2.7200143337249756,-0.09901359710882528,0.1038341224193573,1.7681680383245706,-0.3159497567727431,0.001789120095423329,1.7961752869661778,6.0,23.0,2.0,0.9474861039689658,0.28477745844560165,-0.14550560795712986,0.9,1.7754147052764893,-0.30361318588256836,0.003633796935901046,0.16474930942058563,direct,SAFE_PROGRESSING,NONE,1,0,"6.938,18.197;6.842,18.688;6.747,19.179;6.651,19.670;6.555,20.160;6.459,20.651;6.363,21.142",0,1,PASS_THROUGH,-1,0.9513113778391987,0.27574722943948926,-0.13773208722055608,0.9,3.330775939080404,4.024321010570551,0.0,0,0,0,DIRECT_LOCAL,PASS_THROUGH,0,BYPASS_VISIBLE,1,9,6.0,23.0,2.0,6.0,23.0,2.0,1,
426,14.233333,0.033333,6.970577716827393,18.31273651123047,2.720343828201294,-0.09552963510127377,0.10517092794179916,1.7663682339281814,-0.317399331152971,0.0013275738643305883,1.7946589747635293,6.0,23.0,2.0,0.9466589385519503,0.2866798574826337,-0.14714453225802088,0.9,1.773677945137024,-0.3047940731048584,0.0033987967763096094,0.1670527309179306,direct,SAFE_PROGRESSING,NONE,1,0,"6.955,18.255;6.856,18.745;6.757,19.235;6.659,19.726;6.560,20.216;6.461,20.706;6.363,21.196",1,1,PASS_THROUGH,-1,0.9570767169704797,0.2898347077784309,0.0,0.9,3.3677150655140062,4.055360955119667,0.0,0,0,0,DIRECT_LOCAL,PASS_THROUGH,0,BYPASS_VISIBLE,1,9,6.0,23.0,2.0,6.0,23.0,2.0,1,
427,14.266667,0.033333,6.9864373207092285,18.370389938354492,2.7206685543060303,-0.09200132130310658,0.10650556534528732,1.7645049276704656,-0.3189080029382016,0.000945555609755358,1.7930925375414395,6.0,23.0,2.0,0.9458077655061164,0.28862143887295555,-0.14881308991897021,0.9,1.7719664573669434,-0.30594292283058167,0.0031553213484585285,0.16943009197711945,direct,SAFE_PROGRESSING,NONE,1,0,"6.971,18.313;6.869,18.802;6.768,19.292;6.666,19.782;6.565,20.271;6.464,20.761;6.362,21.250",0,1,PASS_THROUGH,-1,0.9466589385519503,0.2866798574826337,-0.14714453225802088,0.9,3.405151404240382,4.086791814977717,0.0,0,0,0,DIRECT_LOCAL,PASS_THROUGH,0,BYPASS_VISIBLE,1,9,6.0,23.0,2.0,6.0,23.0,2.0,1,
428,14.3,0.033333,7.002135753631592,18.428035736083984,2.7209885120391846,-0.08842833690520356,0.10786698758602142,1.7625930195462993,-0.3204443081357644,0.0006291505817181998,1.791485166837952,6.0,23.0,2.0,0.9449310789067829,0.2906046747661899,-0.1505130529891019,0.9,1.7702326774597168,-0.30709272623062134,0.002903855638578534,0.1718652993440628,direct,SAFE_PROGRESSING,NONE,1,0,"6.986,18.370;6.882,18.859;6.778,19.348;6.674,19.837;6.570,20.326;6.465,20.816;6.361,21.305",0,1,PASS_THROUGH,-1,0.9466589385519503,0.2866798574826337,-0.14714453225802088,0.9,3.4430722681518544,4.118603486321233,0.0,0,0,0,DIRECT_LOCAL,PASS_THROUGH,0,BYPASS_VISIBLE,1,9,6.0,23.0,2.0,6.0,23.0,2.0,1,
429,14.333333,0.033333,7.017670154571533,18.48566246032715,2.7213046550750732,-0.08480951657578956,0.10927201807498932,1.7606459922358886,-0.3219799712728246,0.00036086157321301576,1.7898451167903382,6.0,23.0,2.0,0.9440278621830662,0.29263089746826404,-0.15224504349563642,0.9,1.76857328414917,-0.30820730328559875,0.0026402799412608147,0.17439515888690948,direct,SAFE_PROGRESSING,NONE,1,0,"7.002,18.428;6.895,18.916;6.788,19.405;6.681,19.893;6.574,20.382;6.467,20.870;6.360,21.358",0,1,PASS_THROUGH,-1,0.9466589385519503,0.2866798574826337,-0.14714453225802088,0.9,3.4814579483980443,4.150780411691092,0.0,0,0,0,DIRECT_LOCAL,PASS_THROUGH,0,BYPASS_VISIBLE,1,9,6.0,23.0,2.0,6.0,23.0,2.0,1,
430,14.366667,0.033333,7.033034801483154,18.543285369873047,2.721616744995117,-0.08114314855063186,0.11073141545057297,1.7586761101642567,-0.32349673239013865,0.00013576174514759107,1.7881811470767803,6.0,23.0,2.0,0.9430975189243644,0.29469996904479545,-0.1540097336005249,0.9,1.7669265270233154,-0.3092634081840515,0.002368438756093383,0.1770717203617096,direct,SAFE_PROGRESSING,NONE,1,0,"7.018,18.486;6.908,18.973;6.798,19.461;6.688,19.949;6.578,20.437;6.468,20.924;6.358,21.412",0,1,PASS_THROUGH,-1,0.9466589385519503,0.2866798574826337,-0.14714453225802088,0.9,3.520283142052819,4.183312523750475,0.0,0,0,0,DIRECT_LOCAL,PASS_THROUGH,0,BYPASS_VISIBLE,1,9,6.0,23.0,2.0,6.0,23.0,2.0,1,
431,14.4,0.033333,7.0482306480407715,18.600887298583984,2.721924066543579,-0.0774271796824078,0.11225428432226181,1.7566931435791855,-0.32498710024732447,-5.776533665823383e-05,1.7865014467842222,6.0,23.0,2.0,0.9421392303688789,0.2968120663238021,-0.15580843329079336,0.9,1.7652575969696045,-0.31028544902801514,0.00208843220025301,0.17987728118896484,direct,SAFE_PROGRESSING,NONE,1,0,"7.033,18.543;6.920,19.030;6.807,19.517;6.694,20.005;6.581,20.492;6.469,20.979;6.356,21.466",0,1,PASS_THROUGH,-1,0.9466589385519503,0.2866798574826337,-0.14714453225802088,0.9,3.5595321065140553,4.2161863573458085,0.0,0,0,0,DIRECT_LOCAL,PASS_THROUGH,0,BYPASS_VISIBLE,1,9,6.0,23.0,2.0,6.0,23.0,2.0,1,
432,14.433333,0.033333,7.063251972198486,18.65848731994629,2.722226619720459,-0.0736593015044152,0.11384744197130203,1.7547033851831122,-0.3264507848107641,-0.0002457652952986677,1.7848120756195085,6.0,23.0,2.0,0.9411524200260074,0.298967128739749,-0.15764129602455101,0.9,1.7635822296142578,-0.31127840280532837,0.0017897875513881445,0.18276678025722504,direct,SAFE_PROGRESSING,NONE,1,0,"7.048,18.601;6.932,19.087;6.816,19.574;6.701,20.060;6.585,20.546;6.469,21.033;6.353,21.519",1,1,PASS_THROUGH,-1,0.9530691763170989,0.3027526137859868,0.0,0.9,3.5991815945702452,4.249393816078459,0.0,0,0,0,DIRECT_LOCAL,PASS_THROUGH,0,BYPASS_VISIBLE,1,9,6.0,23.0,2.0,6.0,23.0,2.0,1,
433,14.466667,0.033333,7.07809591293335,18.716064453125,2.7225239276885986,-0.06983707568657063,0.11551401764154434,1.752708612083422,-0.32789083201676483,-0.0004505731926990452,1.78311527378581,6.0,23.0,2.0,0.9401361782148383,0.3011653469625272,-0.15950987493111027,0.893962798050369,1.7617934942245483,-0.3119669258594513,0.001513347844593227,0.1862596720457077,direct,SAFE_PROGRESSING,NONE,1,0,"7.063,18.658;6.944,19.144;6.825,19.630;6.706,20.115;6.588,20.601;6.469,21.087;6.350,21.572",0,1,PASS_THROUGH,-1,0.9411524200260074,0.298967128739749,-0.15764129602455101,0.9,3.6392193062873677,4.282916673784833,0.0,0,0,0,DIRECT_LOCAL,PASS_THROUGH,0,BYPASS_VISIBLE,1,9,6.0,23.0,2.0,6.0,23.0,2.0,1,
434,14.5,0.033333,7.092757225036621,18.77364158630371,2.7228152751922607,-0.06595777655304368,0.11727629601955414,1.750704941010662,-0.3293044053787055,-0.0007056851927488041,1.7814066576367564,6.0,23.0,2.0,0.9390902892677436,0.3034054263438734,-0.16141429883414263,0.8835019992566581,1.760225534439087,-0.3125379681587219,0.0012109078234061599,0.18976986408233643,direct,SAFE_PROGRESSING,NONE,1,0,"7.078,18.716;6.956,19.201;6.834,19.686;6.712,20.171;6.590,20.656;6.468,21.140;6.346,21.625",0,1,PASS_THROUGH,-1,0.9411524200260074,0.298967128739749,-0.15764129602455101,0.9,3.6781490286590297,4.316749430637268,0.0,0,0,0,DIRECT_LOCAL,PASS_THROUGH,0,BYPASS_VISIBLE,1,9,6.0,23.0,2.0,6.0,23.0,2.0,1,
435,14.533333,0.033333,7.107232093811035,18.831193923950195,2.7231006622314453,-0.06201780993185289,0.11915935575962067,1.748690514883411,-0.330677966807712,-0.0009888799333881409,1.779681828996075,6.0,23.0,2.0,0.9380139808792938,0.30568698359383384,-0.16335617446635753,0.8730686981879753,1.7585859298706055,-0.31336215138435364,0.0008842790848575532,0.19269081950187683,direct,SAFE_PROGRESSING,NONE,1,0,"7.093,18.774;6.968,19.258;6.842,19.742;6.717,20.226;6.592,20.710;6.467,21.194;6.342,21.678",0,1,PASS_THROUGH,-1,0.9411524200260074,0.298967128739749,-0.15764129602455101,0.9,3.7162128392100144,4.350871723981587,0.0,0,0,0,DIRECT_LOCAL,PASS_THROUGH,0,BYPASS_VISIBLE,1,9,6.0,23.0,2.0,6.0,23.0,2.0,1,
436,14.566667,0.033333,7.121516227722168,18.888744354248047,2.7233784198760986,-0.05801346279299069,0.12113326787948608,1.746669583902347,-0.3319998078201537,-0.001272452056663204,1.7779426669205207,6.0,23.0,2.0,0.936907418242152,0.3080074978740273,-0.16533563105455004,0.8626681171638358,1.7568316459655762,-0.31434640288352966,0.0005636387504637241,0.19527557492256165,direct,SAFE_PROGRESSING,NONE,1,0,"7.107,18.831;6.979,19.314;6.851,19.798;6.722,20.281;6.594,20.764;6.465,21.247;6.337,21.731",0,1,PASS_THROUGH,-1,0.9411524200260074,0.298967128739749,-0.15764129602455101,0.9,3.7546531586342136,4.385279807871701,0.0,0,0,0,DIRECT_LOCAL,PASS_THROUGH,0,BYPASS_VISIBLE,1,9,6.0,23.0,2.0,6.0,23.0,2.0,1,
437,14.6,0.033333,7.135603427886963,18.94627571105957,2.7236487865448,-0.05394268998409868,0.12313231080770493,1.7446446971621221,-0.3332742054428571,-0.0015450952801862317,1.7761923326793483,6.0,23.0,2.0,0.935769196812177,0.31036849542449874,-0.16735413752108533,0.8522962309847785,1.7551337480545044,-0.3153287172317505,0.0002661976031959057,0.19778171181678772,direct,SAFE_PROGRESSING,NONE,1,0,"7.122,18.889;6.990,19.371;6.858,19.853;6.727,20.336;6.595,20.818;6.464,21.301;6.332,21.783",0,1,PASS_THROUGH,-1,0.9411524200260074,0.298967128739749,-0.15764129602455101,0.9,3.793461954893362,4.419954000738208,0.0,0,0,0,DIRECT_LOCAL,PASS_THROUGH,0,BYPASS_VISIBLE,1,9,6.0,23.0,2.0,6.0,23.0,2.0,1,
438,14.633333,0.033333,7.149489402770996,19.003801345825195,2.723911762237549,-0.04980541378508684,0.1251072883605957,1.7426159474786709,-0.3345176111236419,-0.0017816937165764145,1.7744338666153083,6.0,23.0,2.0,0.9345982532290824,0.3127708621166578,-0.16941219812029662,0.8419566676777187,1.753479242324829,-0.31622859835624695,1.7883721739053726e-05,0.20041149854660034,direct,SAFE_PROGRESSING,NONE,1,0,"7.136,18.946;7.001,19.428;6.866,19.909;6.731,20.391;6.596,20.872;6.461,21.354;6.326,21.835",1,1,PASS_THROUGH,-1,0.9483057432785598,0.3173581844933236,0.0,0.8419566676777187,3.8326122946448042,4.454887915422105,0.0,0,0,0,DIRECT_LOCAL,PASS_THROUGH,0,BYPASS_VISIBLE,1,9,6.0,23.0,2.0,6.0,23.0,2.0,1,
439,14.666667,0.033333,7.163170337677002,19.061315536499023,2.724167823791504,-0.04560278499197418,0.12704098224639893,1.740586113952333,-0.3357459707871755,-0.0019510330933962755,1.7726728924180115,6.0,23.0,2.0,0.9333921718317497,0.31521880251612006,-0.1715113993398473,0.8316472706793749,1.7521017789840698,-0.3170696198940277,-0.00020505627617239952,0.20293660461902618,direct,SAFE_PROGRESSING,NONE,1,0,"7.149,19.004;7.011,19.484;6.873,19.965;6.735,20.445;6.597,20.926;6.458,21.406;6.320,21.887",0,1,PASS_THROUGH,-1,0.9345982532290824,0.3127708621166578,-0.16941219812029662,0.8419566676777187,3.8720934427432923,4.490068728517793,0.0,0,0,0,DIRECT_LOCAL,PASS_THROUGH,0,BYPASS_VISIBLE,1,9,6.0,23.0,2.0,6.0,23.0,2.0,1,
440,14.7,0.033333,7.176641464233398,19.118816375732422,2.7244176864624023,-0.041336255447229436,0.128933385014534,1.7385674835073814,-0.33696504860818244,-0.00199862514550198,1.7709224526204348,6.0,23.0,2.0,0.9321487652023969,0.31771590699104113,-0.17365276265152513,0.8213696010317305,1.7507165670394897,-0.3178420960903168,-0.0003820820711553097,0.20543110370635986,direct,SAFE_PROGRESSING,NONE,1,0,"7.163,19.061;7.022,19.541;6.880,20.020;6.738,20.500;6.597,20.979;6.455,21.459;6.313,21.938",0,1,PASS_THROUGH,-1,0.9345982532290824,0.3127708621166578,-0.16941219812029662,0.8419566676777187,3.911886863658084,4.525484332758606,0.0,0,0,0,DIRECT_LOCAL,PASS_THROUGH,0,BYPASS_VISIBLE,1,9,6.0,23.0,2.0,6.0,23.0,2.0,1,
441,14.733333,0.033333,7.1899003982543945,19.17631721496582,2.7246623039245605,-0.03700725656960498,0.13078272342681885,1.7365804263988502,-0.33816837456069976,-0.0019276777087725095,1.769201272565105,6.0,23.0,2.0,0.9308657065899922,0.3202658143703884,-0.17583755128068088,0.8111244407767806,1.7492637634277344,-0.318411648273468,-0.0005073403008282185,0.20825093984603882,direct,SAFE_PROGRESSING,NONE,1,0,"7.177,19.119;7.032,19.597;6.887,20.076;6.741,20.554;6.596,21.033;6.451,21.511;6.306,21.990",0,1,PASS_THROUGH,-1,0.9345982532290824,0.3127708621166578,-0.16941219812029662,0.8419566676777187,3.9519754105707374,4.561131289499834,0.0,0,0,0,DIRECT_LOCAL,PASS_THROUGH,0,BYPASS_VISIBLE,1,9,6.0,23.0,2.0,6.0,23.0,2.0,1,
442,14.766667,0.033333,7.202942848205566,19.23379135131836,2.724902629852295,-0.03261712648317317,0.1326030045747757,1.7346405981717372,-0.33933783676759627,-0.0018095314996495575,1.7675212719206417,6.0,23.0,2.0,0.9295399255925438,0.32287368030246305,-0.1780677210988862,0.800909807614633,1.747807264328003,-0.31884893774986267,-0.0006038462743163109,0.21130597591400146,direct,SAFE_PROGRESSING,NONE,1,0,"7.190,19.176;7.041,19.654;6.893,20.131;6.744,20.609;6.596,21.086;6.447,21.563;6.298,22.041",0,1,PASS_THROUGH,-1,0.9345982532290824,0.3127708621166578,-0.16941219812029662,0.8419566676777187,3.9923522146195434,4.596988182387581,0.0,0,0,0,DIRECT_LOCAL,PASS_THROUGH,0,BYPASS_VISIBLE,1,9,6.0,23.0,2.0,6.0,23.0,2.0,1,
443,14.8,0.033333,7.215763568878174,19.2912654876709,2.7251391410827637,-0.02816631951670092,0.13442695140838623,1.7327528111125787,-0.3404485197826789,-0.001722508272860906,1.7658823477444672,6.0,23.0,2.0,0.9281698655573067,0.32554087895647094,-0.1803436630424804,0.7907312838494076,1.7463268041610718,-0.319279283285141,-0.0006919796578586102,0.2144104689359665,direct,SAFE_PROGRESSING,NONE,1,0,"7.203,19.234;7.051,19.710;6.899,20.186;6.747,20.663;6.594,21.139;6.442,21.615;6.290,22.092",0,1,PASS_THROUGH,-1,0.9345982532290824,0.3127708621166578,-0.16941219812029662,0.8419566676777187,4.032989053890818,4.633055061250165,0.0,0,0,0,DIRECT_LOCAL,PASS_THROUGH,0,BYPASS_VISIBLE,1,9,6.0,23.0,2.0,6.0,23.0,2.0,1,
444,14.833333,0.033333,7.228358268737793,19.348739624023438,2.7253713607788086,-0.023654188862788694,0.1362808793783188,1.730911141809297,-0.3414784006198024,-0.001715404883602856,1.7642743045069091,6.0,23.0,2.0,0.9267526376623955,0.32827120305939456,-0.1826679113247055,0.7805842104053188,1.7448124885559082,-0.3197065591812134,-0.0007793237455189228,0.2176053524017334,direct,SAFE_PROGRESSING,NONE,1,0,"7.216,19.291;7.060,19.766;6.904,20.242;6.749,20.717;6.593,21.192;6.437,21.667;6.281,22.142",1,1,PASS_THROUGH,-1,0.9426124012037993,0.33388899517176046,0.0,0.7805842104053188,4.0738845103971295,4.669322247057479,0.0,0,0,0,DIRECT_LOCAL,PASS_THROUGH,0,BYPASS_VISIBLE,1,9,6.0,23.0,2.0,6.0,23.0,2.0,1,
445,14.866667,0.033333,7.240719795227051,19.406213760375977,2.7255990505218506,-0.01907941050021691,0.13817991316318512,1.7291041172636714,-0.34241814706334023,-0.001800993666938088,1.7626838852598214,6.0,23.0,2.0,0.9252862114367365,0.3310664373501338,-0.185041727686868,0.7704691134510979,1.7432820796966553,-0.3200853168964386,-0.0008680438622832298,0.2209949493408203,direct,SAFE_PROGRESSING,NONE,1,0,"7.228,19.349;7.069,19.823;6.909,20.297;6.750,20.770;6.591,21.244;6.431,21.718;6.272,22.192",0,1,PASS_THROUGH,-1,0.9267526376623955,0.32827120305939456,-0.1826679113247055,0.7805842104053188,4.115025173671152,4.7057777235589064,0.0,0,0,0,DIRECT_LOCAL,PASS_THROUGH,0,BYPASS_VISIBLE,1,9,6.0,23.0,2.0,6.0,23.0,2.0,1,
446,14.9,0.033333,7.252841949462891,19.463687896728516,2.7258217334747314,-0.014440214984422472,0.14013852179050446,1.727316437273807,-0.34327140576676124,-0.0019649859674477563,1.761096588396905,6.0,23.0,2.0,0.9237687966382341,0.3339274111027968,-0.187466515601407,0.7603863530174443,1.741724967956543,-0.3203994631767273,-0.0009585613734088838,0.2246185839176178,direct,SAFE_PROGRESSING,NONE,1,0,"7.241,19.406;7.078,19.879;6.914,20.351;6.751,20.824;6.588,21.297;6.425,21.769;6.262,22.242",0,1,PASS_THROUGH,-1,0.9267526376623955,0.32827120305939456,-0.1826679113247055,0.7805842104053188,4.1563957007604415,4.742410590809311,0.0,0,0,0,DIRECT_LOCAL,PASS_THROUGH,0,BYPASS_VISIBLE,1,9,6.0,23.0,2.0,6.0,23.0,2.0,1,
447,14.933333,0.033333,7.264718532562256,19.521146774291992,2.726039409637451,-0.009734322525916472,0.14217443764209747,1.7255354355098462,-0.3440500327184157,-0.0021858326055054014,1.7595021290347665,6.0,23.0,2.0,0.9221985926737716,0.33685481196959094,-0.1899436530222753,0.7503363576977559,1.7401070594787598,-0.3206622898578644,-0.001051132450811565,0.2284706085920334,direct,SAFE_PROGRESSING,NONE,1,0,"7.253,19.464;7.086,19.935;6.919,20.406;6.752,20.878;6.585,21.349;6.418,21.820;6.251,22.291",0,1,PASS_THROUGH,-1,0.9267526376623955,0.32827120305939456,-0.1826679113247055,0.7805842104053188,4.197982063609253,4.779203177340441,0.0,0,0,0,DIRECT_LOCAL,PASS_THROUGH,0,BYPASS_VISIBLE,1,9,6.0,23.0,2.0,6.0,23.0,2.0,1,
448,14.966667,0.033333,7.276343822479248,19.578596115112305,2.7262511253356934,-0.004958880305944315,0.14430493116378784,1.723750193416746,-0.3447676714431367,-0.0024521086023872388,1.7578923429531146,6.0,23.0,2.0,0.9205744603565424,0.3398476640365168,-0.19247396755972784,0.7403224360405523,1.7384076118469238,-0.3208792805671692,-0.001146751339547336,0.23255720734596252,direct,SAFE_PROGRESSING,NONE,1,0,"7.265,19.521;7.094,19.991;6.923,20.461;6.752,20.931;6.581,21.401;6.411,21.871;6.240,22.341",0,1,PASS_THROUGH,-1,0.9267526376623955,0.32827120305939456,-0.1826679113247055,0.7805842104053188,4.23976218535567,4.816147840649649,0.0,0,0,0,DIRECT_LOCAL,PASS_THROUGH,0,BYPASS_VISIBLE,1,9,6.0,23.0,2.0,6.0,23.0,2.0,1,
449,15.0,0.033333,7.287711143493652,19.636045455932617,2.726457118988037,-0.00011050402330138016,0.14654488861560822,1.721950351462607,-0.34543648382452197,-0.0027654736709330757,1.756259384346136,6.0,23.0,2.0,0.9188945537121594,0.3429063639231224,-0.19505902885832893,0.7303439764030523,1.7366231679916382,-0.32104983925819397,-0.0012469080975279212,0.23688679933547974,direct,SAFE_PROGRESSING,NONE,1,0,"7.276,19.579;7.102,20.047;6.927,20.516;6.752,20.984;6.577,21.452;6.403,21.921;6.228,22.389",0,1,PASS_THROUGH,-1,0.9267526376623955,0.32827120305939456,-0.1826679113247055,0.7805842104053188,4.281726269237224,4.853238322634373,0.0,0,0,0,DIRECT_LOCAL,PASS_THROUGH,0,BYPASS_VISIBLE,1,9,6.0,23.0,2.0,6.0,23.0,2.0,1,
450,15.033333,0.033333,7.29881477355957,19.69349479675293,2.7266576290130615,0.004814658678157343,0.1489073485136032,1.7201241719806946,-0.34606519213253967,-0.0031334559975556607,1.7545934294828787,6.0,23.0,2.0,0.9171568849084223,0.3460311659400065,-0.19770098801796343,0.7203996158696733,1.7347527742385864,-0.3211745023727417,-0.001352911232970655,0.24146145582199097,direct,SAFE_PROGRESSING,NONE,1,0,"7.288,19.636;7.109,20.103;6.930,20.570;6.751,21.037;6.573,21.504;6.394,21.971;6.215,22.438",1,1,PASS_THROUGH,-1,0.9356238803492114,0.35299851914743857,0.0,0.7203996158696733,4.323866573307087,4.89046513322287,0.0,0,0,0,DIRECT_LOCAL,PASS_THROUGH,0,BYPASS_VISIBLE,1,9,6.0,23.0,2.0,6.0,23.0,2.0,1,
451,15.066667,0.033333,7.30964994430542,19.750944137573242,2.7268526554107666,0.009820868715018534,0.1514035016298294,1.7182586624231488,-0.346659245084945,-0.0035614265905322346,1.752882810388194,6.0,23.0,2.0,0.9153597620419172,0.34922157028297324,-0.20040159900474733,0.7104898725560147,1.7327954769134521,-0.32124632596969604,-0.0014650447992607951,0.2462969273328781,direct,SAFE_PROGRESSING,NONE,1,0,"7.299,19.693;7.116,20.159;6.933,20.624;6.750,21.090;6.568,21.555;6.385,22.020;6.202,22.486",0,1,PASS_THROUGH,-1,0.9171568849084223,0.3460311659400065,-0.19770098801796343,0.7203996158696733,4.366171329453745,4.927819846411823,0.0,0,0,0,DIRECT_LOCAL,PASS_THROUGH,0,BYPASS_VISIBLE,1,9,6.0,23.0,2.0,6.0,23.0,2.0,1,
452,15.1,0.033333,7.3202104568481445,19.808382034301758,2.7270421981811523,0.014912727570706838,0.15404295921325684,1.7163405035875496,-0.34722171368204674,-0.004048420041613794,1.7511150825723287,6.0,23.0,2.0,0.9135014012591327,0.35247716481936897,-0.20316259049958058,0.7006153573477782,1.73075532913208,-0.3212580382823944,-0.0015838559484109282,0.25140389800071716,direct,SAFE_PROGRESSING,NONE,1,0,"7.310,19.751;7.123,20.215;6.936,20.678;6.749,21.142;6.562,21.606;6.375,22.070;6.188,22.533",0,1,PASS_THROUGH,-1,0.9171568849084223,0.3460311659400065,-0.19770098801796343,0.7203996158696733,4.40862996097089,4.96528733519022,0.0,0,0,0,DIRECT_LOCAL,PASS_THROUGH,0,BYPASS_VISIBLE,1,9,6.0,23.0,2.0,6.0,23.0,2.0,1,
453,15.133333,0.033333,7.330489635467529,19.865806579589844,2.727226972579956,0.02009515132781041,0.15683479607105255,1.7143564814514771,-0.3477540866433937,-0.004586546001811232,1.7492775899428015,6.0,23.0,2.0,0.911580679633034,0.35579597222882536,-0.20598517098451719,0.6907787167925478,1.7286272048950195,-0.32120776176452637,-0.0017095005605369806,0.2567846179008484,direct,SAFE_PROGRESSING,NONE,1,0,"7.320,19.808;7.129,20.270;6.938,20.732;6.747,21.194;6.556,21.657;6.365,22.119;6.173,22.581",0,1,PASS_THROUGH,-1,0.9171568849084223,0.3460311659400065,-0.19770098801796343,0.7203996158696733,4.451224297481107,5.002856775079764,0.0,0,0,0,DIRECT_LOCAL,PASS_THROUGH,0,BYPASS_VISIBLE,1,9,6.0,23.0,2.0,6.0,23.0,2.0,1,
454,15.166667,0.033333,7.340482711791992,19.923221588134766,2.727407217025757,0.025373336966684493,0.15978693962097168,1.7122953210844631,-0.34825706723680555,-0.0051646171059616715,1.7473594148766238,6.0,23.0,2.0,0.9095960388508452,0.3591766096870588,-0.20887127413926965,0.6809807946375238,1.7264089584350586,-0.3210964798927307,-0.0018424515146762133,0.26243430376052856,direct,SAFE_PROGRESSING,NONE,1,0,"7.330,19.866;7.135,20.326;6.940,20.786;6.744,21.247;6.549,21.707;6.354,22.167;6.158,22.627",0,1,PASS_THROUGH,-1,0.9171568849084223,0.3460311659400065,-0.19770098801796343,0.7203996158696733,4.4939416337369,5.04052209113881,0.0,0,0,0,DIRECT_LOCAL,PASS_THROUGH,0,BYPASS_VISIBLE,1,9,6.0,23.0,2.0,6.0,23.0,2.0,1,
455,15.2,0.033333,7.35018253326416,19.980619430541992,2.727583408355713,0.03075272262369075,0.16290545463562012,1.7101465368138393,-0.3487308869177046,-0.005771537320610362,1.7453503142663997,6.0,23.0,2.0,0.9075454130690896,0.36261870663746426,-0.2118230318304127,0.6712215519881097,1.7240889072418213,-0.3209293484687805,-0.0019822358153760433,0.26834559440612793,direct,SAFE_PROGRESSING,NONE,1,0,"7.340,19.923;7.141,20.382;6.941,20.840;6.741,21.298;6.542,21.757;6.342,22.215;6.142,22.674",0,1,PASS_THROUGH,-1,0.9171568849084223,0.3460311659400065,-0.19770098801796343,0.7203996158696733,4.536774634095667,5.0782695768160595,0.0,0,0,0,DIRECT_LOCAL,PASS_THROUGH,0,BYPASS_VISIBLE,1,9,6.0,23.0,2.0,6.0,23.0,2.0,1,
456,15.233333,0.033333,7.359582424163818,20.037996292114258,2.7277562618255615,0.03623891567000382,0.16619424521923065,1.707901871196463,-0.3491760647011188,-0.006399377213079033,1.7432422889045731,6.0,23.0,2.0,0.9054274585053601,0.366120166141428,-0.21484213117798268,0.6615028917957105,1.7216700315475464,-0.32070648670196533,-0.0021289074793457985,0.27451226115226746,direct,SAFE_PROGRESSING,NONE,1,0,"7.350,19.981;7.146,20.437;6.942,20.894;6.738,21.350;6.534,21.806;6.330,22.263;6.126,22.719",1,1,PASS_THROUGH,-1,0.9270758003658346,0.3748739259751833,0.0,0.6615028917957105,4.579707483386052,5.116087971564274,0.0,0,0,0,DIRECT_LOCAL,PASS_THROUGH,0,BYPASS_VISIBLE,1,9,6.0,23.0,2.0,6.0,23.0,2.0,1,
457,15.266667,0.033333,7.36867618560791,20.095352172851562,2.727926731109619,0.04183761575559626,0.16965512931346893,1.7055531716182961,-0.3495932827960163,-0.007042713918989182,1.7410274795110698,6.0,23.0,2.0,0.9032404916746891,0.36967943192821745,-0.21793056648505305,0.6518260606518905,1.7191390991210938,-0.3204290270805359,-0.002281264867633581,0.28093335032463074,direct,SAFE_PROGRESSING,NONE,1,0,"7.360,20.038;7.151,20.492;6.942,20.947;6.734,21.401;6.525,21.856;6.317,22.310;6.108,22.764",0,1,PASS_THROUGH,-1,0.9054274585053601,0.366120166141428,-0.21484213117798268,0.6615028917957105,4.622727318380139,5.153968577931048,0.0,0,0,0,DIRECT_LOCAL,PASS_THROUGH,0,BYPASS_VISIBLE,1,9,6.0,23.0,2.0,6.0,23.0,2.0,1,
458,15.3,0.033333,7.377455234527588,20.152679443359375,2.728095293045044,0.047554557423538306,0.17328815162181854,1.7030929821129888,-0.34998357650842765,-0.007699620313447762,1.7386987932649849,6.0,23.0,2.0,0.9009824080350877,0.3732956177396139,-0.22109066508492645,0.6421916692330525,1.7164939641952515,-0.32008832693099976,-0.00243872101418674,0.28762108087539673,direct,SAFE_PROGRESSING,NONE,1,0,"7.369,20.095;7.156,20.548;6.942,21.000;6.729,21.452;6.516,21.905;6.303,22.357;6.090,22.809",0,1,PASS_THROUGH,-1,0.9054274585053601,0.366120166141428,-0.21484213117798268,0.6615028917957105,4.665824338571612,5.191896832456154,0.0,0,0,0,DIRECT_LOCAL,PASS_THROUGH,0,BYPASS_VISIBLE,1,9,6.0,23.0,2.0,6.0,23.0,2.0,1,
459,15.333333,0.033333,7.385912895202637,20.20997428894043,2.7282633781433105,0.05339547332936373,0.17709311842918396,1.7005137609098746,-0.3503474651770943,-0.008370249307642453,1.73624896212304,6.0,23.0,2.0,0.898651674120224,0.3769665491275564,-0.22432429525082764,0.6326015262515806,1.7137258052825928,-0.319683700799942,-0.0026003168895840645,0.294574111700058,direct,SAFE_PROGRESSING,NONE,1,0,"7.377,20.153;7.160,20.603;6.942,21.053;6.724,21.503;6.506,21.953;6.289,22.403;6.071,22.853",0,1,PASS_THROUGH,-1,0.9054274585053601,0.366120166141428,-0.21484213117798268,0.6615028917957105,4.7089824079172935,5.229861915273116,0.0,0,0,0,DIRECT_LOCAL,PASS_THROUGH,0,BYPASS_VISIBLE,1,9,6.0,23.0,2.0,6.0,23.0,2.0,1,
460,15.366667,0.033333,7.394042491912842,20.267230987548828,2.728428602218628,0.05936607770132659,0.18106988072395325,1.697808027754514,-0.3506846689361773,-0.009055796790595202,1.733670627192507,6.0,23.0,2.0,0.8962461351652647,0.38069109246295696,-0.22763382288378517,0.6230569162271586,1.7108268737792969,-0.3192087411880493,-0.002765062963590026,0.3018051087856293,direct,SAFE_PROGRESSING,NONE,1,0,"7.386,20.210;7.163,20.658;6.941,21.106;6.719,21.553;6.496,22.001;6.274,22.449;6.051,22.897",0,1,PASS_THROUGH,-1,0.9054274585053601,0.366120166141428,-0.21484213117798268,0.6615028917957105,4.752189519629588,5.267852104151904,0.0,0,0,0,DIRECT_LOCAL,PASS_THROUGH,0,BYPASS_VISIBLE,1,9,6.0,23.0,2.0,6.0,23.0,2.0,1,
461,15.4,0.033333,7.4018330574035645,20.324445724487305,2.7285964488983154,0.0654721141787492,0.18521887063980103,1.6949674978155955,-0.35099357817297244,-0.009757283732889277,1.7309553764195573,6.0,23.0,2.0,0.8937638603992437,0.38446811664845826,-0.23102040846000718,0.61355948186535,1.7077982425689697,-0.31866493821144104,-0.0029330337420105934,0.3093050718307495,direct,SAFE_PROGRESSING,NONE,1,0,"7.394,20.267;7.167,20.713;6.940,21.158;6.712,21.603;6.485,22.049;6.258,22.494;6.031,22.940",0,1,PASS_THROUGH,-1,0.9054274585053601,0.366120166141428,-0.21484213117798268,0.6615028917957105,4.795432692948675,5.305853254051168,0.0,0,0,0,DIRECT_LOCAL,PASS_THROUGH,0,BYPASS_VISIBLE,1,9,6.0,23.0,2.0,6.0,23.0,2.0,1,
462,15.433333,0.033333,7.4092817306518555,20.381614685058594,2.7287650108337402,0.07171928833047576,0.18954095244407654,1.6919847754401784,-0.3512714714865838,-0.010472881057485547,1.7280954279898275,6.0,23.0,2.0,0.8912025578128333,0.3882955606547826,-0.23448786434195582,0.6041101423430562,1.7046486139297485,-0.31804874539375305,-0.0031054774299263954,0.3170616626739502,direct,SAFE_PROGRESSING,NONE,1,0,"7.402,20.324;7.170,20.767;6.938,21.210;6.706,21.653;6.474,22.096;6.242,22.539;6.010,22.982",1,1,PASS_THROUGH,-1,0.9167627777618637,0.39943210851201244,0.0,0.6041101423430562,4.83869717350251,5.343858149828335,0.0,0,0,0,DIRECT_LOCAL,PASS_THROUGH,0,BYPASS_VISIBLE,1,9,6.0,23.0,2.0,6.0,23.0,2.0,1,
463,15.466667,0.033333,7.416377067565918,20.438730239868164,2.7289352416992188,0.07811337829472932,0.19403676688671112,1.6888529356174822,-0.3515146503463915,-0.01119722709946087,1.725083234353244,6.0,23.0,2.0,0.8885594039753425,0.39217380456563034,-0.23803758656880752,0.5947105734338308,1.7013472318649292,-0.3173523545265198,-0.003280127886682749,0.3250911235809326,direct,SAFE_PROGRESSING,NONE,1,0,"7.409,20.382;7.174,20.818;6.940,21.254;6.705,21.691;6.470,22.127;6.235,22.564;6.000,23.000",0,1,PASS_THROUGH,-1,0.8912025578128333,0.3882955606547826,-0.23448786434195582,0.6041101423430562,4.881974626825582,5.381850421260374,0.0,0,0,0,DIRECT_LOCAL,PASS_THROUGH,0,BYPASS_VISIBLE,1,9,6.0,23.0,2.0,6.0,23.0,2.0,1,
464,15.5,0.033333,7.4231109619140625,20.49578285217285,2.7291080951690674,0.0846601745852538,0.19870592653751373,1.6855657688390324,-0.35171857966119197,-0.011928605980597844,1.7219117898433256,6.0,23.0,2.0,0.8858324184284261,0.3961005139433434,-0.241671904273263,0.5853623418598918,1.6978895664215088,-0.3165665566921234,-0.003456380218267441,0.3334098160266876,direct,SAFE_PROGRESSING,NONE,1,0,"7.416,20.439;7.180,20.866;6.944,21.292;6.708,21.719;6.472,22.146;6.236,22.573;6.000,23.000",0,1,PASS_THROUGH,-1,0.8912025578128333,0.3882955606547826,-0.23448786434195582,0.6041101423430562,4.925247952356973,5.419815478039102,0.0,0,0,0,DIRECT_LOCAL,PASS_THROUGH,0,BYPASS_VISIBLE,1,9,6.0,23.0,2.0,6.0,23.0,2.0,1,
465,15.533333,0.033333,7.429473876953125,20.55276870727539,2.7292845249176025,0.0913653979385803,0.20354869961738586,1.6821175093915663,-0.35187813254514744,-0.012669240277120637,1.7185744223670811,6.0,23.0,2.0,0.8830192533264335,0.40007412253213853,-0.2453929394562261,0.576067646492719,1.694270133972168,-0.31568843126296997,-0.0036341578233987093,0.34202083945274353,direct,SAFE_PROGRESSING,NONE,1,0,"7.423,20.496;7.186,20.913;6.949,21.331;6.712,21.748;6.474,22.165;6.237,22.583;6.000,23.000",0,1,PASS_THROUGH,-1,0.8912025578128333,0.3882955606547826,-0.23448786434195582,0.6041101423430562,4.968501487614463,5.457740897955121,0.0,0,0,0,DIRECT_LOCAL,PASS_THROUGH,0,BYPASS_VISIBLE,1,9,6.0,23.0,2.0,6.0,23.0,2.0,1,
466,15.566667,0.033333,7.435456275939941,20.609682083129883,2.7294652462005615,0.09823490071783948,0.2085668444633484,1.6785013796284367,-0.351987390190787,-0.013422120802765888,1.7150633100835464,6.0,23.0,2.0,0.8801171372840177,0.40409347945551677,-0.2492032995779134,0.5668275422024572,1.6904840469360352,-0.3147190511226654,-0.0038138004019856453,0.35091567039489746,direct,SAFE_PROGRESSING,NONE,1,0,"7.429,20.553;7.191,20.961;6.953,21.369;6.715,21.776;6.476,22.184;6.238,22.592;6.000,23.000",0,1,PASS_THROUGH,-1,0.8912025578128333,0.3882955606547826,-0.23448786434195582,0.6041101423430562,inf,5.495613339143416,0.0,0,0,0,DIRECT_LOCAL,PASS_THROUGH,0,BYPASS_VISIBLE,1,9,6.0,23.0,2.0,6.0,23.0,2.0,1,
467,15.6,0.033333,7.441049098968506,20.666515350341797,2.7296512126922607,0.10527452780724003,0.21376235783100128,1.6747109152917738,-0.35203992258772215,-0.01418881210625964,1.7113708187537753,6.0,23.0,2.0,0.8771232718982056,0.4081573254690834,-0.25310543961067133,0.5576434152339884,1.6865234375,-0.3136516809463501,-0.0039950283244252205,0.360099732875824,direct,SAFE_PROGRESSING,NONE,1,0,"7.435,20.610;7.196,21.008;6.957,21.406;6.718,21.805;6.478,22.203;6.239,22.602;6.000,23.000",0,1,PASS_THROUGH,-1,0.8912025578128333,0.3882955606547826,-0.23448786434195582,0.6041101423430562,inf,5.5334188718955195,0.0,0,0,0,DIRECT_LOCAL,PASS_THROUGH,0,BYPASS_VISIBLE,1,9,6.0,23.0,2.0,6.0,23.0,2.0,1,
468,15.633333,0.033333,7.446242809295654,20.72325897216797,2.7298429012298584,0.11249021450850283,0.21913692355155945,1.6707389899555776,-0.3520293038062942,-0.01496974017300684,1.7074886519145522,6.0,23.0,2.0,0.8740348047385573,0.41226428132035353,-0.25710177450388116,0.548517023102416,1.6823750734329224,-0.3124760091304779,-0.00417720852419734,0.3695898652076721,direct,SAFE_PROGRESSING,NONE,1,0,"7.441,20.667;7.201,21.055;6.961,21.444;6.721,21.833;6.480,22.222;6.240,22.611;6.000,23.000",1,1,PASS_THROUGH,-1,0.9044380952834232,0.426604889564212,0.0,0.548517023102416,inf,5.571142149895613,0.0,0,0,0,DIRECT_LOCAL,PASS_THROUGH,0,BYPASS_VISIBLE,1,9,6.0,23.0,2.0,6.0,23.0,2.0,1,
469,15.666667,0.033333,7.451026439666748,20.7799072265625,2.730041027069092,0.11988794652984548,0.22469240427017212,1.6665789354780918,-0.35194881912274634,-0.01576621609668956,1.7034089036491482,6.0,23.0,2.0,0.8708490075537738,0.4164126032756058,-0.26119446754447107,0.5394503859022826,1.6780282258987427,-0.3111911118030548,-0.004360548220574856,0.37938183546066284,direct,SAFE_PROGRESSING,NONE,1,0,"7.446,20.723;7.205,21.103;6.964,21.482;6.723,21.862;6.482,22.241;6.241,22.621;6.000,23.000",0,1,PASS_THROUGH,-1,0.8740348047385573,0.41226428132035353,-0.25710177450388116,0.548517023102416,inf,5.60876903489357,0.0,0,0,0,DIRECT_LOCAL,PASS_THROUGH,0,BYPASS_VISIBLE,1,9,6.0,23.0,2.0,6.0,23.0,2.0,1,
470,15.7,0.033333,7.455389022827148,20.83644676208496,2.7302465438842773,0.12747374547769166,0.23043088614940643,1.6622234576454666,-0.35179160513385266,-0.01657987746577595,1.699123023481903,6.0,23.0,2.0,0.867562762046084,0.42060082040094815,-0.26538614091361135,0.5304447059319706,1.673482060432434,-0.3098011612892151,-0.004546276293694973,0.38944968581199646,direct,SAFE_PROGRESSING,NONE,1,0,"7.451,20.780;7.209,21.150;6.967,21.520;6.726,21.890;6.484,22.260;6.242,22.630;6.000,23.000",0,1,PASS_THROUGH,-1,0.8740348047385573,0.41226428132035353,-0.25710177450388116,0.548517023102416,inf,5.646280952686652,0.0,0,0,0,DIRECT_LOCAL,PASS_THROUGH,0,BYPASS_VISIBLE,1,9,6.0,23.0,2.0,6.0,23.0,2.0,1,
471,15.733333,0.033333,7.459320545196533,20.892873764038086,2.730459690093994,0.13525378680123024,0.23635327816009521,1.6576655454157174,-0.3515506990269267,-0.017410496659920876,1.694622695421802,6.0,23.0,2.0,0.8641736141852655,0.4248261217141973,-0.2696789403258067,0.521502438002294,1.6687248945236206,-0.3082972466945648,-0.004733695182949305,0.39979463815689087,direct,SAFE_PROGRESSING,NONE,1,0,"7.455,20.836;7.213,21.197;6.970,21.558;6.728,21.918;6.485,22.279;6.243,22.639;6.000,23.000",0,1,PASS_THROUGH,-1,0.8740348047385573,0.41226428132035353,-0.25710177450388116,0.548517023102416,inf,5.6836659155836,0.0,0,0,0,DIRECT_LOCAL,PASS_THROUGH,0,BYPASS_VISIBLE,1,9,6.0,23.0,2.0,6.0,23.0,2.0,1,
472,15.766667,0.033333,7.462808609008789,20.949174880981445,2.7306814193725586,0.14323418052177192,0.24245865643024445,1.6528976357925425,-0.35121906775601647,-0.01825658085260684,1.689899029737697,6.0,23.0,2.0,0.8606778332969539,0.4290877499313159,-0.2740754825411082,0.5126245186454402,1.6637516021728516,-0.3066597580909729,-0.004921346437186003,0.4104381501674652,direct,SAFE_PROGRESSING,NONE,1,0,"7.459,20.893;7.216,21.244;6.973,21.595;6.730,21.946;6.486,22.298;6.243,22.649;6.000,23.000",0,1,PASS_THROUGH,-1,0.8740348047385573,0.41226428132035353,-0.25710177450388116,0.548517023102416,inf,5.7209043951789464,0.0,0,0,0,DIRECT_LOCAL,PASS_THROUGH,0,BYPASS_VISIBLE,1,9,6.0,23.0,2.0,6.0,23.0,2.0,1,
473,15.8,0.033333,7.465842247009277,21.005340576171875,2.73091197013855,0.15142099407308157,0.24874623119831085,1.6479127440979227,-0.3507892983848793,-0.019116885195024677,1.684943619033367,6.0,23.0,2.0,0.8570727686665409,0.43338268987552386,-0.27857802017841493,0.5038131675686016,1.6585499048233032,-0.30488839745521545,-0.0051087886095047,0.4213627576828003,direct,SAFE_PROGRESSING,NONE,1,0,"7.463,20.949;7.219,21.291;6.975,21.633;6.731,21.975;6.488,22.316;6.244,22.658;6.000,23.000",0,1,PASS_THROUGH,-1,0.8740348047385573,0.41226428132035353,-0.25710177450388116,0.548517023102416,inf,5.757980396587841,0.0,0,0,0,DIRECT_LOCAL,PASS_THROUGH,0,BYPASS_VISIBLE,1,9,6.0,23.0,2.0,6.0,23.0,2.0,1,
474,15.833333,0.033333,7.468410491943359,21.06136131286621,2.731152296066284,0.15982028469021164,0.255215048789978,1.6427046764084703,-0.35025313462810714,-0.01999180176124441,1.6797486670179957,6.0,23.0,2.0,0.8533550717871191,0.4377090704440107,-0.2831887905730752,0.49507008433891675,1.6531016826629639,-0.3029681146144867,-0.005294651724398136,0.4325862228870392,direct,SAFE_PROGRESSING,NONE,1,0,"7.466,21.005;7.173,21.404;6.880,21.803;6.586,22.202;6.293,22.601;6.000,23.000",1,1,PASS_THROUGH,-1,0.8897788970618614,0.4563918429851454,0.0,0.49507008433891675,inf,5.794878030301098,0.0,0,0,0,DIRECT_LOCAL,PASS_THROUGH,0,BYPASS_VISIBLE,1,9,6.0,23.0,2.0,6.0,23.0,2.0,1,
475,15.866667,0.033333,7.4704999923706055,21.117225646972656,2.7314023971557617,0.16843809776458507,0.26186391711235046,1.6372662276999739,-0.34960092707205687,-0.020884665380875474,1.6743051328311143,6.0,23.0,2.0,0.8495211332132825,0.4420650533620999,-0.28791028606144653,0.48639692976420645,1.6473987102508545,-0.3008957505226135,-0.005479483399540186,0.4440996050834656,direct,SAFE_PROGRESSING,NONE,1,0,"7.468,21.061;7.175,21.449;6.881,21.837;6.587,22.225;6.294,22.612;6.000,23.000",0,1,PASS_THROUGH,-1,0.8533550717871191,0.4377090704440107,-0.2831887905730752,0.49507008433891675,inf,5.831578461652261,0.0,0,0,0,DIRECT_LOCAL,PASS_THROUGH,0,BYPASS_VISIBLE,1,9,6.0,23.0,2.0,6.0,23.0,2.0,1,
476,15.9,0.033333,7.472099304199219,21.17291831970215,2.731663703918457,0.17728036157658567,0.26869168877601624,1.6315901417271608,-0.3488220742851381,-0.021799606682441318,1.6686037435357,6.0,23.0,2.0,0.8455677519927367,0.4464479213680076,-0.2927446503288063,0.47779533241669425,1.6414307355880737,-0.2986694574356079,-0.005663902964442968,0.4558892250061035,direct,SAFE_PROGRESSING,NONE,1,0,"7.470,21.117;7.176,21.494;6.882,21.870;6.588,22.247;6.294,22.623;6.000,23.000",0,1,PASS_THROUGH,-1,0.8533550717871191,0.4377090704440107,-0.2831887905730752,0.49507008433891675,inf,5.868062016650269,0.0,0,0,0,DIRECT_LOCAL,PASS_THROUGH,0,BYPASS_VISIBLE,1,9,6.0,23.0,2.0,6.0,23.0,2.0,1,
477,15.933333,0.033333,7.4731926918029785,21.22842788696289,2.731935739517212,0.18635297677835794,0.27569669485092163,1.6256684852437486,-0.3479055516228879,-0.0227389379415377,1.6626344625513567,6.0,23.0,2.0,0.841491726606046,0.4508546453695159,-0.2976940758602759,0.4692676774679391,1.6351959705352783,-0.29628780484199524,-0.005848988890647888,0.46793022751808167,direct,SAFE_PROGRESSING,NONE,1,0,"7.472,21.173;7.178,21.538;6.883,21.904;6.589,22.269;6.294,22.635;6.000,23.000",0,1,PASS_THROUGH,-1,0.8533550717871191,0.4377090704440107,-0.2831887905730752,0.49507008433891675,inf,5.90430817598699,0.0,0,0,0,DIRECT_LOCAL,PASS_THROUGH,0,BYPASS_VISIBLE,1,9,6.0,23.0,2.0,6.0,23.0,2.0,1,
478,15.966667,0.033333,7.4737725257873535,21.28374481201172,2.732219696044922,0.19566184439862544,0.28287580609321594,1.6194929876270139,-0.34684032025415,-0.023701552221067138,1.656386883643058,6.0,23.0,2.0,0.8372899550507017,0.4552817787672795,-0.3027606861758904,0.4608151238348183,1.6286742687225342,-0.29373013973236084,-0.006033140234649181,0.48024189472198486,direct,SAFE_PROGRESSING,NONE,1,0,"7.473,21.228;7.179,21.583;6.884,21.937;6.589,22.291;6.295,22.646;6.000,23.000",0,1,PASS_THROUGH,-1,0.8533550717871191,0.4377090704440107,-0.2831887905730752,0.49507008433891675,inf,5.940304003422726,0.0,0,0,0,DIRECT_LOCAL,PASS_THROUGH,0,BYPASS_VISIBLE,1,9,6.0,23.0,2.0,6.0,23.0,2.0,1,
479,16.0,0.033333,7.473823547363281,21.338850021362305,2.732515573501587,0.2052127414890587,0.29022473096847534,1.6130562006844622,-0.3456154253300436,-0.02468602896487635,1.6498514262862318,6.0,23.0,2.0,0.832957581247239,0.4597286626655289,-0.3079467885309301,0.4524394911173129,1.6218647956848145,-0.29098594188690186,-0.006216451525688171,0.49281930923461914,direct,SAFE_PROGRESSING,NONE,1,0,"7.474,21.284;7.179,21.627;6.884,21.970;6.590,22.313;6.295,22.657;6.000,23.000",0,1,PASS_THROUGH,-1,0.8533550717871191,0.4377090704440107,-0.2831887905730752,0.49507008433891675,inf,5.976024632792615,0.0,0,0,0,DIRECT_LOCAL,PASS_THROUGH,0,BYPASS_VISIBLE,1,9,6.0,23.0,2.0,6.0,23.0,2.0,1,
480,16.033333,0.033333,7.473331928253174,21.393728256225586,2.732823610305786,0.21501126568932508,0.297739714384079,1.6063503110108035,-0.34421928995975465,-0.025690373345053266,1.6430180268480048,6.0,23.0,2.0,0.8284921281676881,0.4641904646231625,-0.31325390040206613,0.44414299950761366,1.614757776260376,-0.28806227445602417,-0.006399855483323336,0.5056195259094238,direct,SAFE_PROGRESSING,NONE,1,0,"7.474,21.339;7.179,21.671;6.884,22.003;6.590,22.336;6.295,22.668;6.000,23.000",1,1,PASS_THROUGH,-1,0.8724005605262741,0.4887916345370924,0.0,0.44414299950761366,inf,6.011448788733189,0.0,0,0,0,DIRECT_LOCAL,PASS_THROUGH,0,BYPASS_VISIBLE,1,9,6.0,23.0,2.0,6.0,23.0,2.0,1,
481,16.066667,0.033333,7.472285747528076,21.448368072509766,2.7331440448760986,0.2250628561669894,0.30541568994522095,1.5993687527217972,-0.34264019553752656,-0.02671300592005043,1.635877836351528,6.0,23.0,2.0,0.8238902073770715,0.46866356473430265,-0.31868383906107006,0.4359273281480899,1.6073133945465088,-0.2849334180355072,-0.006581033580005169,0.5186795592308044,direct,SAFE_PROGRESSING,NONE,1,0,"7.473,21.394;7.179,21.715;6.884,22.036;6.589,22.357;6.295,22.679;6.000,23.000",0,1,PASS_THROUGH,-1,0.8284921281676881,0.4641904646231625,-0.31325390040206613,0.44414299950761366,inf,6.04655921289517,0.0,0,0,0,DIRECT_LOCAL,PASS_THROUGH,0,BYPASS_VISIBLE,1,9,6.0,23.0,2.0,6.0,23.0,2.0,1,
482,16.1,0.033333,7.4706711769104,21.502748489379883,2.7334775924682617,0.23537284979772558,0.3132457435131073,1.5921039504683954,-0.34086553777208334,-0.027758814588762348,1.6284209700581407,6.0,23.0,2.0,0.8191473578706783,0.4731457946285164,-0.324238589805157,0.4277937335109698,1.5995302200317383,-0.2815849781036377,-0.006761068943887949,0.5320053100585938,direct,SAFE_PROGRESSING,NONE,1,0,"7.472,21.448;7.178,21.759;6.883,22.069;6.589,22.379;6.294,22.690;6.000,23.000",0,1,PASS_THROUGH,-1,0.8284921281676881,0.4641904646231625,-0.31325390040206613,0.44414299950761366,inf,6.081331000840669,0.0,0,0,0,DIRECT_LOCAL,PASS_THROUGH,0,BYPASS_VISIBLE,1,9,6.0,23.0,2.0,6.0,23.0,2.0,1,
483,16.133333,0.033333,7.468475341796875,21.556854248046875,2.7338240146636963,0.2459462977486664,0.32122471928596497,1.584547647706009,-0.3388818046181232,-0.02883391661034425,1.6206367637749597,6.0,23.0,2.0,0.8142607767862995,0.47763217794711205,-0.3299195204544139,0.41974448402089787,1.591409683227539,-0.27803343534469604,-0.006943038199096918,0.5455285310745239,direct,SAFE_PROGRESSING,NONE,1,0,"7.471,21.503;7.177,21.802;6.882,22.102;6.588,22.401;6.294,22.701;6.000,23.000",0,1,PASS_THROUGH,-1,0.8284921281676881,0.4641904646231625,-0.31325390040206613,0.44414299950761366,inf,6.115743754598305,0.0,0,0,0,DIRECT_LOCAL,PASS_THROUGH,0,BYPASS_VISIBLE,1,9,6.0,23.0,2.0,6.0,23.0,2.0,1,
484,16.166667,0.033333,7.465683460235596,21.610666275024414,2.7341833114624023,0.2567880650883616,0.32934772968292236,1.5766910291672642,-0.336675128293051,-0.029939117779304733,1.612513905131076,6.0,23.0,2.0,0.8092265169766659,0.4821194146724014,-0.33572803609134994,0.41178098503188804,1.5829342603683472,-0.27427899837493896,-0.007127739489078522,0.5592174530029297,direct,SAFE_PROGRESSING,NONE,1,0,"7.468,21.557;7.175,21.845;6.881,22.134;6.587,22.423;6.294,22.711;6.000,23.000",0,1,PASS_THROUGH,-1,0.8284921281676881,0.4641904646231625,-0.31325390040206613,0.44414299950761366,inf,6.149773165510809,0.0,0,0,0,DIRECT_LOCAL,PASS_THROUGH,0,BYPASS_VISIBLE,1,9,6.0,23.0,2.0,6.0,23.0,2.0,1,
485,16.2,0.033333,7.462283611297607,21.664169311523438,2.734555959701538,0.2679029186085748,0.33760589361190796,1.5685254347144764,-0.33423209594374276,-0.03107184663979277,1.6040413314371893,6.0,23.0,2.0,0.8040415019223568,0.48660252929122416,-0.3416653943170484,0.4039047513938268,1.5740811824798584,-0.2702951729297638,-0.0073141069151461124,0.5730980634689331,direct,SAFE_PROGRESSING,NONE,1,0,"7.466,21.611;7.173,21.889;6.879,22.166;6.586,22.444;6.293,22.722;6.000,23.000",0,1,PASS_THROUGH,-1,0.8284921281676881,0.4641904646231625,-0.31325390040206613,0.44414299950761366,inf,6.183399648993901,0.0,0,0,0,DIRECT_LOCAL,PASS_THROUGH,0,BYPASS_VISIBLE,1,9,6.0,23.0,2.0,6.0,23.0,2.0,1,
486,16.233333,0.033333,7.4582624435424805,21.717342376708984,2.7349414825439453,0.2792952461409528,0.3459877371788025,1.5600426260424172,-0.331539942416582,-0.032231199778116254,1.5952086317237781,6.0,23.0,2.0,0.7987012361960688,0.4910784401715079,-0.34773308858604507,0.39611700231852404,1.5648422241210938,-0.2660721242427826,-0.007503275293856859,0.5871593356132507,direct,SAFE_PROGRESSING,NONE,1,0,"7.462,21.664;7.097,21.998;6.731,22.332;6.366,22.666;6.000,23.000",1,1,PASS_THROUGH,-1,0.8518629641860272,0.5237647279534916,0.0,0.39611700231852404,inf,6.216598733976601,0.0,0,0,0,DIRECT_LOCAL,PASS_THROUGH,0,BYPASS_VISIBLE,1,9,6.0,23.0,2.0,6.0,23.0,2.0,1,
487,16.266667,0.033333,7.453607082366943,21.770156860351562,2.735339641571045,0.2909690851754093,0.3544830083847046,1.5512345483957646,-0.32858572124970326,-0.03341784763826959,1.5860056597902081,6.0,23.0,2.0,0.7932025369618279,0.4955422032187792,-0.35393171684153746,0.38841935754197643,1.5552053451538086,-0.26161080598831177,-0.007697419263422489,0.6013662219047546,direct,SAFE_PROGRESSING,NONE,1,0,"7.458,21.717;7.094,22.038;6.729,22.359;6.365,22.679;6.000,23.000",0,1,PASS_THROUGH,-1,0.7987012361960688,0.4910784401715079,-0.34773308858604507,0.39611700231852404,inf,6.2493410489994226,0.0,0,0,0,DIRECT_LOCAL,PASS_THROUGH,0,BYPASS_VISIBLE,1,9,6.0,23.0,2.0,6.0,23.0,2.0,1,
488,16.3,0.033333,7.448304653167725,21.822595596313477,2.735750436782837,0.302928055387656,0.363081157207489,1.5420928681197985,-0.32535618303948594,-0.03463234618844644,1.5764220434739187,6.0,23.0,2.0,0.7875438075464366,0.49998673801442156,-0.3602610345360145,0.38081426958808484,1.5451595783233643,-0.25690725445747375,-0.007898550480604172,0.6156916618347168,direct,SAFE_PROGRESSING,NONE,1,0,"7.454,21.770;7.090,22.078;6.727,22.385;6.363,22.693;6.000,23.000",0,1,PASS_THROUGH,-1,0.7987012361960688,0.4910784401715079,-0.34773308858604507,0.39611700231852404,inf,6.281604984298168,0.0,0,0,0,DIRECT_LOCAL,PASS_THROUGH,0,BYPASS_VISIBLE,1,9,6.0,23.0,2.0,6.0,23.0,2.0,1,
489,16.333333,0.033333,7.442343235015869,21.874635696411133,2.736172914505005,0.315175525838305,0.3717705011367798,1.5326092386648706,-0.32183794149499595,-0.03587426380426801,1.5664474781588271,6.0,23.0,2.0,0.7817208825319215,0.5044079833477759,-0.36672203117421764,0.3733024242197042,1.5346946716308594,-0.2519546151161194,-0.00810855720192194,0.6301150918006897,direct,SAFE_PROGRESSING,NONE,1,0,"7.448,21.823;7.086,22.117;6.724,22.411;6.362,22.706;6.000,23.000",0,1,PASS_THROUGH,-1,0.7987012361960688,0.4910784401715079,-0.34773308858604507,0.39611700231852404,inf,6.313365702174381,0.0,0,0,0,DIRECT_LOCAL,PASS_THROUGH,0,BYPASS_VISIBLE,1,9,6.0,23.0,2.0,6.0,23.0,2.0,1,
490,16.366667,0.033333,7.4357099533081055,21.926252365112305,2.7366068363189697,0.32771448969765765,0.38053783774375916,1.5227762940822056,-0.3180175820448572,-0.037142155893991655,1.5560727373914263,6.0,23.0,2.0,0.7757308274681457,0.5088005193620618,-0.3733144985297009,0.3658851635903319,1.523801326751709,-0.24674497544765472,-0.00832948088645935,0.6446174383163452,direct,SAFE_PROGRESSING,NONE,1,0,"7.442,21.875;7.082,22.156;6.721,22.437;6.361,22.719;6.000,23.000",0,1,PASS_THROUGH,-1,0.7987012361960688,0.4910784401715079,-0.34773308858604507,0.39611700231852404,inf,6.34459630487233,0.0,0,0,0,DIRECT_LOCAL,PASS_THROUGH,0,BYPASS_VISIBLE,1,9,6.0,23.0,2.0,6.0,23.0,2.0,1,
491,16.4,0.033333,7.428397178649902,21.977420806884766,2.737051486968994,0.340547430290189,0.3893694579601288,1.5125868294486042,-0.31388152849352474,-0.03843398062302612,1.5452888731293395,6.0,23.0,2.0,0.7695711480511742,0.5131579339347789,-0.3800383966482687,0.35856363750134407,1.5124709606170654,-0.24127057194709778,-0.00856361910700798,0.6591797471046448,direct,SAFE_PROGRESSING,NONE,1,0,"7.436,21.926;7.077,22.195;6.718,22.463;6.359,22.732;6.000,23.000",0,1,PASS_THROUGH,-1,0.7987012361960688,0.4910784401715079,-0.34773308858604507,0.39611700231852404,inf,6.375273568920405,0.0,0,0,0,DIRECT_LOCAL,PASS_THROUGH,0,BYPASS_VISIBLE,1,9,6.0,23.0,2.0,6.0,23.0,2.0,1,
492,16.433333,0.033333,7.420392036437988,22.028114318847656,2.7375059127807617,0.3536763009142345,0.3982512056827545,1.5020347986169353,-0.30941699937440464,-0.03974762575240952,1.534088422976665,6.0,23.0,2.0,0.7632387651007804,0.517475275734284,-0.3868926549459975,0.3513395341356964,1.5006941556930542,-0.23552395403385162,-0.008813581429421902,0.673784077167511,direct,SAFE_PROGRESSING,NONE,1,0,"7.428,21.977;7.071,22.233;6.714,22.489;6.357,22.744;6.000,23.000",1,1,PASS_THROUGH,-1,0.8276957717269549,0.5611770749641515,0.0,0.3513395341356964,inf,6.405369082808493,0.0,0,0,0,DIRECT_LOCAL,PASS_THROUGH,0,BYPASS_VISIBLE,1,9,6.0,23.0,2.0,6.0,23.0,2.0,1,
493,16.466667,0.033333,7.411685466766357,22.078304290771484,2.737968921661377,0.36710284215041894,0.4071688652038574,1.491114400768924,-0.30461063370755,-0.04108151073842793,1.5224642803273691,6.0,23.0,2.0,0.7567319884346715,0.5217450926535129,-0.393876574540408,0.3442136147455769,1.4884650707244873,-0.22950278222560883,-0.00908278301358223,0.6884027719497681,direct,SAFE_PROGRESSING,NONE,1,0,"7.420,22.028;7.065,22.271;6.710,22.514;6.355,22.757;6.000,23.000",0,1,PASS_THROUGH,-1,0.7632387651007804,0.517475275734284,-0.3868926549459975,0.3513395341356964,inf,6.434855687921458,0.0,0,0,0,DIRECT_LOCAL,PASS_THROUGH,0,BYPASS_VISIBLE,1,9,6.0,23.0,2.0,6.0,23.0,2.0,1,
494,16.5,0.033333,7.40226936340332,22.12796401977539,2.7384393215179443,0.38082804246313257,0.41610831022262573,1.4798211508646069,-0.2994494375399749,-0.04243413838864455,1.5104109574185576,6.0,23.0,2.0,0.7500492459445847,0.5259603852029411,-0.4009885308274214,0.33718711941529467,1.475776195526123,-0.22319939732551575,-0.009374409914016724,0.7030201554298401,direct,SAFE_PROGRESSING,NONE,1,0,"7.412,22.078;7.059,22.309;6.706,22.539;6.353,22.770;6.000,23.000",0,1,PASS_THROUGH,-1,0.7632387651007804,0.517475275734284,-0.3868926549459975,0.3513395341356964,inf,6.463708102104275,0.0,0,0,0,DIRECT_LOCAL,PASS_THROUGH,0,BYPASS_VISIBLE,1,9,6.0,23.0,2.0,6.0,23.0,2.0,1,
495,16.533333,0.033333,7.392133712768555,22.177064895629883,2.73891544342041,0.39485262318133324,0.42505529522895813,1.468151632408166,-0.2939212237972811,-0.043804357667849,1.4979244718249134,6.0,23.0,2.0,0.743188591162796,0.530114629335998,-0.4082268949119057,0.3302608737556327,1.462623119354248,-0.21660342812538147,-0.00969177857041359,0.7176276445388794,direct,SAFE_PROGRESSING,NONE,1,0,"7.402,22.128;7.052,22.346;6.701,22.564;6.351,22.782;6.000,23.000",0,1,PASS_THROUGH,-1,0.7632387651007804,0.517475275734284,-0.3868926549459975,0.3513395341356964,inf,6.491898215333946,0.0,0,0,0,DIRECT_LOCAL,PASS_THROUGH,0,BYPASS_VISIBLE,1,9,6.0,23.0,2.0,6.0,23.0,2.0,1,
496,16.566667,0.033333,7.381274223327637,22.2255802154541,2.739396095275879,0.4091768328632158,0.433996319770813,1.4561028629067374,-0.28801348773496754,-0.04519117338365071,1.4850015348928933,6.0,23.0,2.0,0.7361491052910271,0.5341998750879118,-0.4155899279762202,0.3234352151656598,1.4490025043487549,-0.20970839262008667,-0.010038746520876884,0.7322089076042175,direct,SAFE_PROGRESSING,NONE,1,0,"7.392,22.177;7.044,22.383;6.696,22.589;6.348,22.794;6.000,23.000",0,1,PASS_THROUGH,-1,0.7632387651007804,0.517475275734284,-0.3868926549459975,0.3513395341356964,inf,6.519403124644978,0.0,0,0,0,DIRECT_LOCAL,PASS_THROUGH,0,BYPASS_VISIBLE,1,9,6.0,23.0,2.0,6.0,23.0,2.0,1,
497,16.6,0.033333,7.36968469619751,22.273473739624023,2.7398793697357178,0.4238003233680723,0.4429193139076233,1.4436729563112596,-0.28171472402879993,-0.04659400132624061,1.4716405102737236,6.0,23.0,2.0,0.7289287096193056,0.5382102031702023,-0.4230753047581762,0.31671087652466134,1.434909701347351,-0.20250540971755981,-0.010419029742479324,0.7467560172080994,direct,SAFE_PROGRESSING,NONE,1,0,"7.381,22.226;7.036,22.419;6.691,22.613;6.345,22.806;6.000,23.000",0,1,PASS_THROUGH,-1,0.7632387651007804,0.517475275734284,-0.3868926549459975,0.3513395341356964,inf,6.546191500514178,0.0,0,0,0,DIRECT_LOCAL,PASS_THROUGH,0,BYPASS_VISIBLE,1,9,6.0,23.0,2.0,6.0,23.0,2.0,1,
498,16.633333,0.033333,7.357359886169434,22.320716857910156,2.7403626441955566,0.43872278132371745,0.4518131911754608,1.4308608536351677,-0.27501305738804466,-0.04801220431114083,1.4578409158623225,6.0,23.0,2.0,0.721529410554316,0.5421349671619674,-0.4306796803721228,0.3100887985086572,1.4203455448150635,-0.19498781859874725,-0.010836492292582989,0.7612559795379639,direct,SAFE_PROGRESSING,NONE,1,0,"7.370,22.273;7.027,22.455;6.685,22.637;6.342,22.818;6.000,23.000",1,1,PASS_THROUGH,-1,0.7994742706668313,0.6007003333957275,0.0,0.3100887985086572,inf,6.572237958362689,0.0,0,0,0,DIRECT_LOCAL,PASS_THROUGH,0,BYPASS_VISIBLE,1,9,6.0,23.0,2.0,6.0,23.0,2.0,1,
499,16.666667,0.033333,7.344296455383301,22.367273330688477,2.74084210395813,0.453943241736367,0.46066826581954956,1.4176671125441607,-0.26789735665183795,-0.04944506406889202,1.4436044645439128,6.0,23.0,2.0,0.7139510256235576,0.5459663903718773,-0.43840008393632063,0.303568868476947,1.405308723449707,-0.1871470957994461,-0.011294740252196789,0.7757025957107544,direct,SAFE_PROGRESSING,NONE,1,0,"7.357,22.321;7.018,22.491;6.679,22.660;6.339,22.830;6.000,23.000",0,1,PASS_THROUGH,-1,0.721529410554316,0.5421349671619674,-0.4306796803721228,0.3100887985086572,inf,6.59751262040948,0.0,0,0,0,DIRECT_LOCAL,PASS_THROUGH,0,BYPASS_VISIBLE,1,9,6.0,23.0,2.0,6.0,23.0,2.0,1,
500,16.7,0.033333,7.330492973327637,22.413114547729492,2.741316318511963,0.4694604472413936,0.46947601437568665,1.4040930407028127,-0.2603566694042014,-0.05089140446739006,1.4289341472937034,6.0,23.0,2.0,0.7061966545610012,0.5496939046575792,-0.44623188620845344,0.29715154369541213,1.3898024559020996,-0.1789732575416565,-0.011796905659139156,0.7900930643081665,direct,SAFE_PROGRESSING,NONE,1,0,"7.344,22.367;6.896,22.578;6.448,22.789;6.000,23.000",0,1,PASS_THROUGH,-1,0.721529410554316,0.5421349671619674,-0.4306796803721228,0.3100887985086572,inf,6.621992219804242,0.0,0,0,0,DIRECT_LOCAL,PASS_THROUGH,0,BYPASS_VISIBLE,1,9,6.0,23.0,2.0,6.0,23.0,2.0,1,
501,16.733333,0.033333,7.315948486328125,22.45820426940918,2.7417819499969482,0.48527291130799755,0.4782297611236572,1.3901414683560718,-0.25238097689956146,-0.05234980007574207,1.41383519588102,6.0,23.0,2.0,0.6982666580214243,0.5533094560509941,-0.45417212611535734,0.29083645480998244,1.3738285303115845,-0.1704590618610382,-0.012345947325229645,0.8044211268424988,direct,SAFE_PROGRESSING,NONE,1,0,"7.330,22.413;6.887,22.609;6.443,22.804;6.000,23.000",0,1,PASS_THROUGH,-1,0.721529410554316,0.5421349671619674,-0.4306796803721228,0.3100887985086572,inf,6.645647920151658,0.0,0,0,0,DIRECT_LOCAL,PASS_THROUGH,0,BYPASS_VISIBLE,1,9,6.0,23.0,2.0,6.0,23.0,2.0,1,
502,16.766667,0.033333,7.300663948059082,22.50251007080078,2.7422358989715576,0.5013791102754064,0.4869241714477539,1.3758164349102011,-0.2439602652287156,-0.05381857002819422,1.3983146684703556,6.0,23.0,2.0,0.6901653096472172,0.5568015835219842,-0.4622162285629656,0.2846234728447901,1.357391119003296,-0.16159741580486298,-0.012944181449711323,0.818681538105011,direct,SAFE_PROGRESSING,NONE,1,0,"7.316,22.458;6.877,22.639;6.439,22.819;6.000,23.000",0,1,PASS_THROUGH,-1,0.721529410554316,0.5421349671619674,-0.4306796803721228,0.3100887985086572,inf,6.668454669133145,0.0,0,0,0,DIRECT_LOCAL,PASS_THROUGH,0,BYPASS_VISIBLE,1,9,6.0,23.0,2.0,6.0,23.0,2.0,1,
503,16.8,0.033333,7.284641265869141,22.54599380493164,2.7426741123199463,0.5177771671411128,0.4955550730228424,1.3611234766356155,-0.23508569191420112,-0.055295964380155715,1.3823820184262146,6.0,23.0,2.0,0.6818958952229659,0.5601602555690746,-0.47035994319123203,0.27851196997151,1.3404951095581055,-0.15238352119922638,-0.013593294657766819,0.8328677415847778,direct,SAFE_PROGRESSING,NONE,1,0,"7.301,22.503;6.867,22.668;6.434,22.834;6.000,23.000",0,1,PASS_THROUGH,-1,0.721529410554316,0.5421349671619674,-0.4306796803721228,0.3100887985086572,inf,6.690383452877923,0.0,0,0,0,DIRECT_LOCAL,PASS_THROUGH,0,BYPASS_VISIBLE,1,9,6.0,23.0,2.0,6.0,23.0,2.0,1,
504,16.833333,0.033333,7.267885208129883,22.588623046875,2.7430927753448486,0.5344652871092751,0.504119336605072,1.346069385149148,-0.22574895610680445,-0.05677989600524002,1.3660488049149209,6.0,23.0,2.0,0.6734650893728735,0.5633725440707283,-0.4785981090468941,0.2725013619881058,1.3231478929519653,-0.14281940460205078,-0.014294339343905449,0.8469626903533936,direct,SAFE_PROGRESSING,NONE,1,0,"7.285,22.546;6.856,22.697;6.428,22.849;6.000,23.000",1,1,PASS_THROUGH,-1,0.7670147466962053,0.6416294712297402,0.0,0.2725013619881058,inf,6.711411064000709,0.0,0,0,0,DIRECT_LOCAL,PASS_THROUGH,0,BYPASS_VISIBLE,1,9,6.0,23.0,2.0,6.0,23.0,2.0,1,
505,16.866667,0.033333,7.250401020050049,22.630361557006836,2.7434885501861572,0.5514415852362028,0.5126140117645264,1.330662337547247,-0.21594312047733852,-0.05826762298527201,1.3493290198230186,6.0,23.0,2.0,0.6648779017955553,0.5664278716892783,-0.48692591004945984,0.2665906148803415,1.3053538799285889,-0.13289830088615417,-0.015046291053295135,0.8609673976898193,direct,SAFE_PROGRESSING,NONE,1,0,"7.268,22.589;6.845,22.726;6.423,22.863;6.000,23.000",0,1,PASS_THROUGH,-1,0.6734650893728735,0.5633725440707283,-0.4785981090468941,0.2725013619881058,inf,6.731511375078624,0.0,0,0,0,DIRECT_LOCAL,PASS_THROUGH,0,BYPASS_VISIBLE,1,9,6.0,23.0,2.0,6.0,23.0,2.0,1,
506,16.9,0.033333,7.232195854187012,22.67117691040039,2.74385666847229,0.5687038638276799,0.5210362076759338,1.3149112280950292,-0.20566302655333743,-0.059756077209531175,1.3322385698608672,6.0,23.0,2.0,0.656141544113549,0.5693134334982337,-0.49533876138127947,0.26077847223117273,1.2871220111846924,-0.12262500077486038,-0.015847571194171906,0.8748666644096375,direct,SAFE_PROGRESSING,NONE,1,0,"7.250,22.630;6.834,22.754;6.417,22.877;6.000,23.000",0,1,PASS_THROUGH,-1,0.6734650893728735,0.5633725440707283,-0.4785981090468941,0.2725013619881058,inf,6.750662005639543,0.0,0,0,0,DIRECT_LOCAL,PASS_THROUGH,0,BYPASS_VISIBLE,1,9,6.0,23.0,2.0,6.0,23.0,2.0,1,
507,16.933333,0.033333,7.213278770446777,22.711030960083008,2.7441928386688232,0.5862503623680767,0.52938312292099,1.2988275079969323,-0.1949052682488699,-0.06124175957913511,1.3147971372942038,6.0,23.0,2.0,0.6472628930232811,0.5720177698614074,-0.5038317360765541,0.2550632272460687,1.2684600353240967,-0.11200864613056183,-0.016695085912942886,0.8886408805847168,direct,SAFE_PROGRESSING,NONE,1,0,"7.232,22.671;6.821,22.781;6.411,22.890;6.000,23.000",0,1,PASS_THROUGH,-1,0.6734650893728735,0.5633725440707283,-0.4785981090468941,0.2725013619881058,inf,6.768837068048832,0.0,0,0,0,DIRECT_LOCAL,PASS_THROUGH,0,BYPASS_VISIBLE,1,9,6.0,23.0,2.0,6.0,23.0,2.0,1,
508,16.966667,0.033333,7.193661689758301,22.749887466430664,2.744492530822754,0.604078831194782,0.537651538848877,1.2824217219367418,-0.1836682021778867,-0.06272031947132682,1.2970247953917613,6.0,23.0,2.0,0.6382519015551348,0.5745267207062085,-0.5123998022597441,0.24944325854569746,1.2493724822998047,-0.1010637879371643,-0.017584078013896942,0.9022663235664368,direct,SAFE_PROGRESSING,NONE,1,0,"7.213,22.711;6.809,22.807;6.404,22.904;6.000,23.000",0,1,PASS_THROUGH,-1,0.6734650893728735,0.5633725440707283,-0.4785981090468941,0.2725013619881058,inf,6.786013510038092,0.0,0,0,0,DIRECT_LOCAL,PASS_THROUGH,0,BYPASS_VISIBLE,1,9,6.0,23.0,2.0,6.0,23.0,2.0,1,
509,17.0,0.033333,7.173355579376221,22.78771209716797,2.7447521686553955,0.6221871437321358,0.5458364486694336,1.2657062408068436,-0.17195333239254867,-0.06418723839767186,1.2789449707127407,6.0,23.0,2.0,0.6291187509468006,0.576826757289904,-0.5210378962048265,0.24391674883411466,1.2298654317855835,-0.08980583399534225,-0.01850765198469162,0.9157195687294006,direct,SAFE_PROGRESSING,NONE,1,0,"7.194,22.750;6.796,22.833;6.398,22.917;6.000,23.000",0,1,PASS_THROUGH,-1,0.6734650893728735,0.5633725440707283,-0.4785981090468941,0.2725013619881058,inf,6.802168673581429,0.0,0,0,0,DIRECT_LOCAL,PASS_THROUGH,0,BYPASS_VISIBLE,1,9,6.0,23.0,2.0,6.0,23.0,2.0,1,
510,17.033333,0.033333,7.152376651763916,22.824472427368164,2.7449655532836914,0.6405729411402452,0.553930938243866,1.2486931088857716,-0.15976563647549255,-0.0656376836907526,1.2605823433229264,6.0,23.0,2.0,0.6198731080294597,0.5789041323543489,-0.529742706872833,0.23848098199580853,1.2099409103393555,-0.07825754582881927,-0.019457152113318443,0.9289687871932983,direct,SAFE_PROGRESSING,NONE,1,0,"7.173,22.788;6.782,22.858;6.391,22.929;6.000,23.000",1,1,PASS_THROUGH,-1,0.730845925754919,0.6825424769253818,0.0,0.23848098199580853,inf,6.817284276745346,0.0,0,0,0,DIRECT_LOCAL,PASS_THROUGH,0,BYPASS_VISIBLE,1,9,6.0,23.0,2.0,6.0,23.0,2.0,1,
511,17.066667,0.033333,7.130741596221924,22.86012840270996,2.745129346847534,0.6592338024238714,0.5619258284568787,1.231394328165286,-0.14711384332983274,-0.06706668952407609,1.241963129557649,6.0,23.0,2.0,0.6105251403758893,0.5807470344141925,-0.5385089924858464,0.23313359914732482,1.189596176147461,-0.0664423257112503,-0.020421136170625687,0.9419814348220825,direct,SAFE_PROGRESSING,NONE,1,0,"7.152,22.824;6.768,22.883;6.384,22.941;6.000,23.000",0,1,PASS_THROUGH,-1,0.6198731080294597,0.5789041323543489,-0.529742706872833,0.23848098199580853,inf,6.831335933715369,0.0,0,0,0,DIRECT_LOCAL,PASS_THROUGH,0,BYPASS_VISIBLE,1,9,6.0,23.0,2.0,6.0,23.0,2.0,1,
512,17.1,0.033333,7.108468532562256,22.894649505615234,2.745239496231079,0.6781671990838467,0.569809079170227,1.2138206717421232,-0.13401001360379905,-0.06846941837560003,1.2231138001622264,6.0,23.0,2.0,0.6010889635331148,0.5823385482935997,-0.5473334204029466,0.22787194835301436,1.168823003768921,-0.054381560534238815,-0.021384917199611664,0.9547260999679565,direct,SAFE_PROGRESSING,NONE,1,0,"7.131,22.860;6.754,22.907;6.377,22.953;6.000,23.000",0,1,PASS_THROUGH,-1,0.6198731080294597,0.5789041323543489,-0.529742706872833,0.23848098199580853,inf,6.844307040158087,0.0,0,0,0,DIRECT_LOCAL,PASS_THROUGH,0,BYPASS_VISIBLE,1,9,6.0,23.0,2.0,6.0,23.0,2.0,1,
513,17.133333,0.033333,7.085578918457031,22.928007125854492,2.7452919483184814,0.6973697138710966,0.5775654911994934,1.1959807851619286,-0.12046995648821482,-0.06984159497035171,1.2040601717857868,6.0,23.0,2.0,0.5915741525351741,0.5836665328113462,-0.5562134487121579,0.22269272231914855,1.1476080417633057,-0.04210741072893143,-0.02233150601387024,0.967145562171936,direct,SAFE_PROGRESSING,NONE,1,0,"7.108,22.895;6.739,22.930;6.369,22.965;6.000,23.000",0,1,PASS_THROUGH,-1,0.6198731080294597,0.5789041323543489,-0.529742706872833,0.23848098199580853,inf,6.856184108746332,0.0,0,0,0,DIRECT_LOCAL,PASS_THROUGH,0,BYPASS_VISIBLE,1,9,6.0,23.0,2.0,6.0,23.0,2.0,1,
514,17.166667,0.033333,7.06209659576416,22.96015739440918,2.7452845573425293,0.7168376063830186,0.5851759314537048,1.1778802033626714,-0.10651349717953845,-0.07117929719831546,1.1848263125474339,6.0,23.0,2.0,0.5819897371028212,0.5847198755538818,-0.5651465412078908,0.21759269860232613,1.1259320974349976,-0.029667096212506294,-0.023241734132170677,0.9791393280029297,blocked,NO_SAFE_CANDIDATE,NO_SAFE_CANDIDATE,0,0,,0,1,PASS_THROUGH,-1,0.6198731080294597,0.5789041323543489,-0.529742706872833,0.23848098199580853,inf,6.8669426345365,0.0,0,0,0,DIRECT_LOCAL,PASS_THROUGH,0,BYPASS_VISIBLE,1,9,6.0,23.0,2.0,6.0,23.0,2.0,1,
515,17.2,0.033333,7.0380473136901855,22.991073608398438,2.7452144622802734,0.7365666680450618,0.5926144123077393,1.1595199951048951,-0.09216269055117693,-0.07247685768822092,1.1654327417221668,6.0,23.0,2.0,0.5723530863920689,0.5854787275426674,-0.5741311732457067,0.21256872883414282,1.1037473678588867,-0.017068395391106606,-0.02408633939921856,0.990643322467804,blocked,NO_SAFE_CANDIDATE,NO_SAFE_CANDIDATE,0,0,,0,1,PASS_THROUGH,-1,0.6198731080294597,0.5789041323543489,-0.529742706872833,0.23848098199580853,inf,6.876572171191733,0.0,0,0,0,DIRECT_LOCAL,PASS_THROUGH,0,BYPASS_VISIBLE,1,9,6.0,23.0,2.0,6.0,23.0,2.0,1,
516,17.233333,0.033333,7.013460636138916,23.02072525024414,2.745079517364502,0.7565511985455202,0.599844753742218,1.1408951338686864,-0.07744242747465246,-0.07372882542805591,1.145894836255673,6.0,23.0,2.0,0.5626722363833645,0.585932316786825,-0.5831665924486475,0.2076171385918258,1.081007480621338,-0.004339898470789194,-0.02483336068689823,1.0015157461166382,blocked,NO_SAFE_CANDIDATE,NO_SAFE_CANDIDATE,0,0,,1,1,PASS_THROUGH,-1,0.6926453432331043,0.7212783294245676,0.0,0.2076171385918258,inf,6.885061079525375,0.0,0,0,0,DIRECT_LOCAL,PASS_THROUGH,0,BYPASS_VISIBLE,1,9,6.0,23.0,2.0,6.0,23.0,2.0,1,
517,17.266667,0.033333,6.988368511199951,23.049083709716797,2.7448809146881104,0.7767843913638758,0.6068196296691895,1.1219921271609086,-0.062377588433459606,-0.07492916969861192,1.1262200839185732,6.0,23.0,2.0,0.5529573769318354,0.586067798000304,-0.5922522059424846,0.20273450589386885,1.057633638381958,0.008482816629111767,-0.025444628670811653,1.0115500688552856,blocked,NO_SAFE_CANDIDATE,NO_SAFE_CANDIDATE,0,0,,0,1,PASS_THROUGH,-1,0.5626722363833645,0.585932316786825,-0.5831665924486475,0.2076171385918258,inf,6.8924001028483985,0.0,0,0,0,DIRECT_LOCAL,PASS_THROUGH,0,BYPASS_VISIBLE,1,9,6.0,23.0,2.0,6.0,23.0,2.0,1,
518,17.3,0.033333,6.962806224822998,23.076122283935547,2.7446179389953613,0.7972570532068229,0.6134741306304932,1.102786585084374,-0.04699262107480318,-0.07607152513929032,1.1064056379170133,6.0,23.0,2.0,0.5432161246621425,0.5858727040587145,-0.601389571364497,0.19791730843876904,1.0335116386413574,0.021385233849287033,-0.025874098762869835,1.0205076932907104,blocked,NO_SAFE_CANDIDATE,NO_SAFE_CANDIDATE,0,0,,0,1,PASS_THROUGH,-1,0.5626722363833645,0.585932316786825,-0.5831665924486475,0.2076171385918258,inf,6.898582937273345,0.0,0,0,0,DIRECT_LOCAL,PASS_THROUGH,0,BYPASS_VISIBLE,1,9,6.0,23.0,2.0,6.0,23.0,2.0,1,
519,17.333333,0.033333,6.936812877655029,23.101816177368164,2.7442941665649414,0.8179578280850942,0.619718074798584,1.0832399630003748,-0.03130902629063655,-0.07715253497927842,1.0864352655460194,6.0,23.0,2.0,0.5334552355622015,0.585336213812163,-0.610579256486263,0.19316215246983323,1.0084850788116455,0.03435982018709183,-0.026072904467582703,1.0281296968460083,blocked,NO_SAFE_CANDIDATE,NO_SAFE_CANDIDATE,0,0,,0,1,PASS_THROUGH,-1,0.5626722363833645,0.585932316786825,-0.5831665924486475,0.2076171385918258,inf,6.903606496212724,0.0,0,0,0,DIRECT_LOCAL,PASS_THROUGH,0,BYPASS_VISIBLE,1,9,6.0,23.0,2.0,6.0,23.0,2.0,1,
520,17.366667,0.033333,6.91042947769165,23.126127243041992,2.7439138889312744,0.8388716538989789,0.6254314184188843,1.06329374461644,-0.015342325337336713,-0.0781778583495853,1.066274238563108,6.0,23.0,2.0,0.5236783482515878,0.5844480510278852,-0.6198237356073057,0.18846590160707186,0.982337474822998,0.04743727296590805,-0.025996733456850052,1.0342395305633545,blocked,NO_SAFE_CANDIDATE,NO_SAFE_CANDIDATE,0,0,,0,1,PASS_THROUGH,-1,0.5626722363833645,0.585932316786825,-0.5831665924486475,0.2076171385918258,inf,6.907457464302449,0.0,0,0,0,DIRECT_LOCAL,PASS_THROUGH,0,BYPASS_VISIBLE,1,9,6.0,23.0,2.0,6.0,23.0,2.0,1,
521,17.4,0.033333,6.88370418548584,23.149030685424805,2.743482828140259,0.8599784965974253,0.6304657459259033,1.0428638386042852,0.0008994870236229131,-0.07917435378803243,1.0458653705153083,6.0,23.0,2.0,0.513894975996904,0.583190451912642,-0.6291270542927476,0.1838249074839713,0.9548556804656982,0.06052909046411514,-0.02563488855957985,1.038689136505127,blocked,NO_SAFE_CANDIDATE,NO_SAFE_CANDIDATE,0,0,,0,1,PASS_THROUGH,-1,0.5626722363833645,0.585932316786825,-0.5831665924486475,0.2076171385918258,inf,6.910136765738121,0.0,0,0,0,DIRECT_LOCAL,PASS_THROUGH,0,BYPASS_VISIBLE,1,9,6.0,23.0,2.0,6.0,23.0,2.0,1,
522,17.433333,0.033333,6.856688022613525,23.17050552368164,2.743009090423584,0.8812534057252697,0.6346610188484192,1.0218358395369835,0.017415130979614703,-0.08019021297668455,1.0251254752499985,6.0,23.0,2.0,0.5041063795828967,0.5815536209632791,-0.6384920860968624,0.17923651777953942,0.9258146286010742,0.07359853386878967,-0.025002021342515945,1.0417635440826416,blocked,NO_SAFE_CANDIDATE,NO_SAFE_CANDIDATE,0,0,,1,1,PASS_THROUGH,-1,0.6549997210118672,0.7556291189958049,0.0,0.17923651777953942,inf,6.911649397383755,0.0,0,0,0,DIRECT_LOCAL,PASS_THROUGH,0,GOAL_OUTSIDE_FOV,1,9,6.0,23.0,2.0,6.0,23.0,2.0,1,
523,17.466667,0.033333,6.829438209533691,23.190526962280273,2.742499351501465,0.902666762757772,0.63787841796875,1.0000629961579242,0.03420431272073757,-0.08128972266775011,1.003944196808001,6.0,23.0,2.0,0.49431021180184403,0.5795288280689401,-0.6479226434887555,0.17469819709377915,0.8951389193534851,0.08649870753288269,-0.02416636049747467,1.0439772605895996,blocked,NO_SAFE_CANDIDATE,NO_SAFE_CANDIDATE,0,0,,0,1,PASS_THROUGH,-1,0.5041063795828967,0.5815536209632791,-0.6384920860968624,0.17923651777953942,inf,6.912000191986076,0.0,0,0,0,DIRECT_LOCAL,PASS_THROUGH,0,GOAL_OUTSIDE_FOV,1,9,6.0,23.0,2.0,6.0,23.0,2.0,1,
524,17.5,0.033333,6.802018642425537,23.209062576293945,2.7419605255126953,0.9241869771410289,0.6400601267814636,0.9773749410873156,0.051257043102805495,-0.08252432967996778,0.9821910837114153,6.0,23.0,2.0,0.4845093494029909,0.577103813152031,-0.6574206257689795,0.1702079042571413,0.8628301620483398,0.09917114675045013,-0.023208055645227432,1.0462664365768433,blocked,NO_SAFE_CANDIDATE,NO_SAFE_CANDIDATE,0,0,,0,1,PASS_THROUGH,-1,0.5041063795828967,0.5815536209632791,-0.6384920860968624,0.17923651777953942,inf,6.911190853249967,0.0,0,0,0,DIRECT_LOCAL,PASS_THROUGH,0,GOAL_OUTSIDE_FOV,1,9,6.0,23.0,2.0,6.0,23.0,2.0,1,
525,17.533333,0.033333,6.774500846862793,23.22608757019043,2.741398334503174,0.9457847489906942,0.6412802338600159,0.9535943253091913,0.06854779412185512,-0.0838908633013771,0.9597284065225506,6.0,23.0,2.0,0.4747172651503211,0.5742572717315731,-0.6669873342362731,0.16576381554546377,0.829043447971344,0.11186055094003677,-0.022178057581186295,1.0501244068145752,blocked,NO_SAFE_CANDIDATE,NO_SAFE_CANDIDATE,0,0,,0,1,PASS_THROUGH,-1,0.5041063795828967,0.5815536209632791,-0.6384920860968624,0.17923651777953942,inf,6.909232818811832,0.0,0,0,0,DIRECT_LOCAL,PASS_THROUGH,0,GOAL_OUTSIDE_FOV,1,9,6.0,23.0,2.0,6.0,23.0,2.0,1,
526,17.566667,0.033333,6.7469635009765625,23.2415828704834,2.7408154010772705,0.9674365401106512,0.6417906284332275,0.9285627106954899,0.08604064872068773,-0.08531790206940965,0.9364351794651662,6.0,23.0,2.0,0.4649524324960446,0.5709669959123487,-0.6766209611701659,0.16136507071678133,0.7941241264343262,0.1245836541056633,-0.021160069853067398,1.0565516948699951,blocked,NO_SAFE_CANDIDATE,NO_SAFE_CANDIDATE,0,0,,0,1,PASS_THROUGH,-1,0.5041063795828967,0.5815536209632791,-0.6384920860968624,0.17923651777953942,inf,6.906145436943353,0.0,0,0,0,DIRECT_LOCAL,PASS_THROUGH,0,GOAL_OUTSIDE_FOV,1,9,6.0,23.0,2.0,6.0,23.0,2.0,1,
527,17.6,0.033333,6.7194929122924805,23.255523681640625,2.74021315574646,0.9891279399491552,0.6420360207557678,0.9021705757242794,0.10369517664891208,-0.08669469757014844,0.9122392273684059,6.0,23.0,2.0,0.4552426368265406,0.567208074485571,-0.6863156284491775,0.15701168811297603,0.7583633065223694,0.13680946826934814,-0.020289534702897072,1.0653581619262695,blocked,NO_SAFE_CANDIDATE,NO_SAFE_CANDIDATE,0,0,,0,1,PASS_THROUGH,-1,0.5041063795828967,0.5815536209632791,-0.6384920860968624,0.17923651777953942,inf,6.9019468263670225,0.0,0,0,0,DIRECT_LOCAL,PASS_THROUGH,0,GOAL_OUTSIDE_FOV,1,9,6.0,23.0,2.0,6.0,23.0,2.0,1,
528,17.633333,0.033333,6.692177772521973,23.267887115478516,2.7396206855773926,1.0108603871879716,0.6425615549087524,0.874848059995601,0.12167875532585397,-0.08246765903384196,0.8871109075883566,2.1141784969707924,21.308454310500945,2.74021315574646,0.5735764363510458,0.8191520442889919,0.0,1.0,0.7929942011833191,0.21379224956035614,-0.005137184634804726,1.210634708404541,macro_turn_left,SAFE_HOLD,NONE,0,0,,1,1,TURN_LEFT,0,0.5735764363510462,0.8191520442889918,0.0,1.0,inf,6.896657088701139,0.0,0,0,0,DIRECT_LOCAL,TURN_LEFT,1,GOAL_OUTSIDE_FOV,1,9,6.0,23.0,2.0,6.0,23.0,2.0,1,
529,17.666667,0.033333,6.665069580078125,23.27863121032715,2.7391464710235596,1.0326249827608733,0.6593963503837585,0.8493875657103073,0.14154391003355749,-0.06618384080470975,0.8636400963564236,2.0868633572002846,21.320817744338836,2.7396206855773926,0.5912676962531008,0.8064753631497685,0.0,1.0,0.7986489534378052,0.24424844980239868,-4.3602194637060165e-05,1.2982622385025024,macro_turn_left,SAFE_HOLD,NONE,0,0,,0,1,TURN_LEFT,0,0.5735764363510458,0.8191520442889919,0.0,1.0,inf,6.89025878334869,0.0,0,0,0,DIRECT_LOCAL,TURN_LEFT,1,GOAL_OUTSIDE_FOV,1,9,6.0,23.0,2.0,6.0,23.0,2.0,1,
530,17.7,0.033333,6.638091087341309,23.287729263305664,2.7387523651123047,1.054614937921115,0.6941922307014465,0.8288585660880793,0.16452842665525777,-0.04612150384064538,0.846287964508396,2.059755164756437,21.33156183918747,2.7391464710235596,0.6088576737061246,0.7932794798613956,0.0,1.0,0.7901463508605957,0.23672443628311157,-0.0029691318050026894,1.3398399353027344,macro_turn_left,SAFE_HOLD,NONE,0,0,,0,1,TURN_LEFT,0,0.5735764363510458,0.8191520442889919,0.0,1.0,inf,6.88267468333122,0.0,0,0,0,DIRECT_LOCAL,TURN_LEFT,1,GOAL_OUTSIDE_FOV,1,9,6.0,23.0,2.0,6.0,23.0,2.0,1,
531,17.733333,0.033333,6.6110734939575195,23.295177459716797,2.7382760047912598,1.077764627307806,0.7338035702705383,0.8147891730435436,0.18946387520475882,-0.030163520423927125,0.8370709614369326,2.0327766720196205,21.340659892165984,2.7387523651123047,0.6270570684546531,0.7789733197620164,0.0,1.0,0.7861515879631042,0.2124371975660324,-0.007445943541824818,1.3587079048156738,macro_turn_left,SAFE_HOLD,NONE,0,0,,0,1,TURN_LEFT,0,0.5735764363510458,0.8191520442889919,0.0,1.0,4.988479762438879,6.873796882729165,0.0,0,0,0,DIRECT_LOCAL,TURN_LEFT,1,GOAL_OUTSIDE_FOV,1,9,6.0,23.0,2.0,6.0,23.0,2.0,1,
532,17.766667,0.033333,6.583856105804443,23.301036834716797,2.737605094909668,1.1028561141532336,0.7717560529708862,0.8072291836318424,0.2129016756126887,-0.02118212303828796,0.8351016469400776,2.0057590786358315,21.348108088577117,2.7382760047912598,0.6464032346075458,0.7629959752770012,0.0,1.0,0.7920315861701965,0.18461742997169495,-0.010411569848656654,1.3664469718933105,macro_turn_left,SAFE_HOLD,NONE,0,0,,0,1,TURN_LEFT,0,0.5735764363510458,0.8191520442889919,0.0,1.0,4.961376394043388,6.863578326859251,0.0,0,0,0,DIRECT_LOCAL,TURN_LEFT,1,GOAL_OUTSIDE_FOV,1,9,6.0,23.0,2.0,6.0,23.0,2.0,1,
533,17.8,0.033333,6.556353569030762,23.305465698242188,2.7367191314697266,1.1297711019570473,0.8058608770370483,0.8053382774847293,0.23052138290449484,-0.018814816070997116,0.8378925029274681,1.9785416904827553,21.353967463577117,2.737605094909668,0.6667026641537974,0.7453237938038935,0.0,1.0,0.8001768589019775,0.160215824842453,-0.011425426229834557,1.3699595928192139,macro_turn_left,SAFE_HOLD,NONE,0,0,,0,1,TURN_LEFT,0,0.5735764363510458,0.8191520442889919,0.0,1.0,inf,6.852097236033417,0.0,0,0,0,DIRECT_LOCAL,TURN_LEFT,1,GOAL_OUTSIDE_FOV,1,9,6.0,23.0,2.0,6.0,23.0,2.0,1,
534,17.833333,0.033333,6.528557300567627,23.308717727661133,2.7356581687927246,1.15788065144478,0.8352891206741333,0.8078578598024703,0.2390098701793298,-0.020885818957916965,0.8427314264469496,1.9510391537090737,21.358396327102508,2.7367191314697266,0.687387242169582,0.7262911119533932,0.0,1.0,0.8002343773841858,0.14164017140865326,-0.0109955333173275,1.3731812238693237,macro_turn_left,SAFE_HOLD,NONE,0,0,,1,1,TURN_LEFT,0,0.6873872421695822,0.7262911119533931,0.0,1.0,inf,6.839556004923373,0.0,0,0,0,DIRECT_LOCAL,TURN_LEFT,1,GOAL_OUTSIDE_FOV,1,9,6.0,23.0,2.0,6.0,23.0,2.0,1,
535,17.866667,0.033333,6.5005106925964355,23.311107635498047,2.7344937324523926,1.186642805674244,0.8594555854797363,0.8131442223802089,0.23738196331706643,-0.02523945437110211,0.8474613577948734,1.923242885245939,21.361648356521453,2.7356581687927246,0.707989754153504,0.7062227042609585,0.0,1.0,0.7880716323852539,0.12808816134929657,-0.009706158190965652,1.3769224882125854,macro_turn_left,SAFE_HOLD,NONE,0,0,,0,1,TURN_LEFT,0,0.687387242169582,0.7262911119533932,0.0,1.0,inf,6.8262386041727,0.0,0,0,0,DIRECT_LOCAL,TURN_LEFT,1,GOAL_OUTSIDE_FOV,1,9,6.0,23.0,2.0,6.0,23.0,2.0,1,
536,17.9,0.033333,6.472288608551025,23.312911987304688,2.7333028316497803,1.2158302740365732,0.8782045841217041,0.8190584327249586,0.22706594731462892,-0.030931390414937927,0.8505130284485692,1.8951962772747475,21.364038264358367,2.7344937324523926,0.7282981306368134,0.6852604124790249,0.0,1.0,0.7669996023178101,0.11798635125160217,-0.007936702109873295,1.3802077770233154,macro_turn_left,SAFE_HOLD,NONE,0,0,,0,1,TURN_LEFT,0,0.687387242169582,0.7262911119533932,0.0,1.0,inf,6.812415874456742,0.0,0,0,0,DIRECT_LOCAL,TURN_LEFT,1,GOAL_OUTSIDE_FOV,1,9,6.0,23.0,2.0,6.0,23.0,2.0,1,
537,17.933333,0.033333,6.4439849853515625,23.314340591430664,2.732152223587036,1.2454334527550666,0.8920437693595886,0.8231976021237667,0.2110072559729615,-0.03776081676046718,0.850649301121194,1.8669741932293373,21.365842616165008,2.7333028316497803,0.7482619562393853,0.663403380187958,0.0,1.0,0.743796169757843,0.11089795082807541,-0.005856267176568508,1.382068157196045,macro_turn_left,SAFE_HOLD,NONE,0,0,,0,1,TURN_LEFT,0,0.687387242169582,0.7262911119533932,0.0,1.0,inf,6.798313921565156,0.0,0,0,0,DIRECT_LOCAL,TURN_LEFT,1,GOAL_OUTSIDE_FOV,1,9,6.0,23.0,2.0,6.0,23.0,2.0,1,
538,17.966667,0.033333,6.415725231170654,23.315494537353516,2.7310917377471924,1.2754264420790236,0.9017857909202576,0.8235504018726304,0.1925201382871884,-0.044956220129131495,0.846947654698322,1.8386705700298744,21.367271220290984,2.732152223587036,0.7678198883556825,0.6406657623484084,0.0,1.0,0.7248538136482239,0.10741379857063293,-0.0035650492645800114,1.3819924592971802,macro_turn_left,SAFE_HOLD,NONE,0,0,,0,1,TURN_LEFT,0,0.687387242169582,0.7262911119533932,0.0,1.0,4.996688289648317,6.784084471971351,0.0,0,0,0,DIRECT_LOCAL,TURN_LEFT,1,GOAL_OUTSIDE_FOV,1,9,6.0,23.0,2.0,6.0,23.0,2.0,1,
539,18.0,0.033333,6.387643337249756,23.316373825073242,2.730156183242798,1.3056484733890872,0.9081921577453613,0.8192385783928172,0.1744114109214741,-0.05053308582999719,0.8391214342097365,1.8104108158489662,21.368425166213836,2.7310917377471924,0.7868285361483199,0.6171716574039123,0.0,1.0,0.7143478393554688,0.10824105143547058,-0.0011526256566867232,1.3794569969177246,macro_turn_left,SAFE_HOLD,NONE,0,0,,0,1,TURN_LEFT,0,0.687387242169582,0.7262911119533932,0.0,1.0,4.87296310006707,6.769797700284978,0.0,0,0,0,DIRECT_LOCAL,TURN_LEFT,1,GOAL_OUTSIDE_FOV,1,9,6.0,23.0,2.0,6.0,23.0,2.0,1,
540,18.033333,0.033333,6.359870910644531,23.31692123413086,2.729365825653076,1.3358930814018686,0.9120234847068787,0.8106601668297798,0.1585349714078022,-0.0537473235294121,0.8277632620685302,2.6452385479461547,20.000592409931787,2.730156183242798,0.5735764363510462,0.8191520442889917,0.0,1.0,0.6670116186141968,0.10505492985248566,0.0003746757283806801,1.3887017965316772,macro_turn_left,SAFE_HOLD,NONE,0,0,,1,1,TURN_LEFT,0,0.573576436351046,0.8191520442889918,0.0,1.0,4.745125857727184,6.755472587782889,0.0,0,0,0,DIRECT_LOCAL,TURN_LEFT,1,GOAL_OUTSIDE_FOV,1,9,6.0,23.0,2.0,6.0,23.0,2.0,1,
541,18.066667,0.033333,6.332520484924316,23.317039489746094,2.7287163734436035,1.3660528334629871,0.9134364128112793,0.7979492569682769,0.14557038904161143,-0.05790399784575195,0.8131830223439693,2.61746612134093,20.001139818989405,2.729365825653076,0.5980172678489185,0.8014832171383971,0.0,1.0,0.6253114938735962,0.09425296634435654,0.0003237742930650711,1.400660753250122,macro_turn_left,SAFE_HOLD,NONE,0,0,,0,1,TURN_LEFT,0,0.5735764363510462,0.8191520442889917,0.0,1.0,4.617592095241478,6.7410822653267966,0.0,0,0,0,DIRECT_LOCAL,TURN_LEFT,1,GOAL_OUTSIDE_FOV,1,9,6.0,23.0,2.0,6.0,23.0,2.0,1,
542,18.1,0.033333,6.3057169914245605,23.316640853881836,2.7281816005706787,1.3961701629744243,0.9137619733810425,0.7806836479531376,0.13500897158071662,-0.06390670669746684,0.7948449205660293,2.590115695620715,20.00125807460464,2.7287163734436035,0.6218809566668264,0.7831117900626658,0.0,1.0,0.5956097841262817,0.08046329766511917,-0.0005014636553823948,1.4093804359436035,macro_turn_left,SAFE_HOLD,NONE,0,0,,0,1,TURN_LEFT,0,0.5735764363510462,0.8191520442889917,0.0,1.0,4.497522416264226,6.726612747008663,0.0,0,0,0,DIRECT_LOCAL,TURN_LEFT,1,GOAL_OUTSIDE_FOV,1,9,6.0,23.0,2.0,6.0,23.0,2.0,1,
543,18.133333,0.033333,6.279607772827148,23.315670013427734,2.727733612060547,1.4264299914227156,0.9145676493644714,0.7589455445184999,0.1256481878722023,-0.06949646031032009,0.7724089361573405,2.5633122021209593,20.00085943874038,2.7281816005706787,0.6452894757246973,0.7639381470504961,0.0,1.0,0.5740495920181274,0.0682741329073906,-0.0011667305370792747,1.4143747091293335,macro_turn_left,SAFE_HOLD,NONE,0,0,,0,1,TURN_LEFT,0,0.5735764363510462,0.8191520442889917,0.0,1.0,4.3711206829736255,6.7120877078925005,0.0,0,0,0,DIRECT_LOCAL,TURN_LEFT,1,GOAL_OUTSIDE_FOV,1,9,6.0,23.0,2.0,6.0,23.0,2.0,1,
544,18.166667,0.033333,6.254336833953857,23.31412124633789,2.7273597717285156,1.4570179336752491,0.9161638021469116,0.733773896342851,0.11639132252043446,-0.07192257022298602,0.7464207439639557,2.5372029835235472,19.99988859828628,2.727733612060547,0.6683512779476127,0.7438457966983432,0.0,1.0,0.5576525926589966,0.05971768870949745,-0.0013051623245701194,1.4164239168167114,macro_turn_left,SAFE_HOLD,NONE,0,0,,0,1,TURN_LEFT,0,0.5735764363510462,0.8191520442889917,0.0,1.0,4.245385314748246,6.697569840361698,0.0,0,0,0,DIRECT_LOCAL,TURN_LEFT,1,GOAL_OUTSIDE_FOV,1,9,6.0,23.0,2.0,6.0,23.0,2.0,1,
545,18.2,0.033333,6.230012893676758,23.312042236328125,2.727062463760376,1.4879530954998184,0.918353796005249,0.7068318327895052,0.10681105028066301,-0.06981658661871562,0.7182577504445864,2.511932044650256,19.998339831196436,2.7273597717285156,0.6910388227081036,0.7228176433307353,0.0,1.0,0.5454307794570923,0.05519542098045349,-0.0009120255126617849,1.4160563945770264,macro_turn_left,SAFE_HOLD,NONE,0,0,,0,1,TURN_LEFT,0,0.5735764363510462,0.8191520442889917,0.0,1.0,4.2200749395450075,6.6831481062565965,0.0,0,0,0,DIRECT_LOCAL,TURN_LEFT,1,GOAL_OUTSIDE_FOV,1,9,6.0,23.0,2.0,6.0,23.0,2.0,1,
546,18.233333,0.033333,6.206689834594727,23.30949592590332,2.7268543243408203,1.5190657875610476,0.9209282994270325,0.6795892336104369,0.09719705006609701,-0.06436085601061171,0.6895151287442437,6.0,23.0,2.0,0.25920248765056775,0.39264226658900225,-0.8824092706242428,0.07753097149145312,0.4893650412559509,0.0445127934217453,0.0018824331928044558,1.3544334173202515,direct,SAFE_PROGRESSING,NONE,1,0,"6.230,23.312;6.115,23.156;6.000,23.000",1,1,PASS_THROUGH,-1,0.5509289532801018,0.8345521484231476,0.0,0.07753097149145312,4.106091601598737,6.668895869517863,0.0,0,0,0,DIRECT_LOCAL,PASS_THROUGH,0,GOAL_OUTSIDE_FOV,1,9,6.0,23.0,2.0,6.0,23.0,2.0,1,
547,18.266667,0.033333,6.184384822845459,23.30653190612793,2.726759672164917,1.5501202882756266,0.9197730422019958,0.6517746074386666,0.08812856635958391,-0.059954175823738735,0.6604326508502794,6.0,23.0,2.0,0.24522220717937945,0.38416033947403944,-0.8901049953130611,0.07443343761389741,0.45551741123199463,0.03936779126524925,0.003787227440625429,1.2484827041625977,direct,SAFE_PROGRESSING,NONE,1,0,"6.207,23.309;6.103,23.155;6.000,23.000",0,1,PASS_THROUGH,-1,0.25920248765056775,0.39264226658900225,-0.8824092706242428,0.07753097149145312,4.08263014734692,6.654856434383517,0.0,0,0,0,DIRECT_LOCAL,PASS_THROUGH,0,GOAL_OUTSIDE_FOV,1,9,6.0,23.0,2.0,6.0,23.0,2.0,1,
548,18.3,0.033333,6.163132190704346,23.30319595336914,2.726775646209717,1.5808820240627344,0.9105501174926758,0.6223034698050968,0.08037601090665485,-0.05757029406957725,0.6301081259752068,6.0,23.0,2.0,0.23143380429748953,0.37610814646919166,-0.8972073653219195,0.07154287452155475,0.43630486726760864,0.05531665310263634,0.004342326894402504,1.1903928518295288,direct,SAFE_PROGRESSING,NONE,1,0,"6.184,23.307;6.092,23.153;6.000,23.000",0,1,PASS_THROUGH,-1,0.25920248765056775,0.39264226658900225,-0.8824092706242428,0.07753097149145312,4.060133283541143,6.641079151683654,0.0,0,0,0,DIRECT_LOCAL,PASS_THROUGH,0,GOAL_OUTSIDE_FOV,1,9,6.0,23.0,2.0,6.0,23.0,2.0,1,
549,18.333333,0.033333,6.142993450164795,23.299501419067383,2.7268712520599365,1.6109700988992097,0.8918564319610596,0.5908361786868952,0.07531594047716057,-0.055489874353849805,0.5981964619513375,6.0,23.0,2.0,0.21782781008050112,0.36856289055167374,-0.9037214398606067,0.06885924710114717,0.403877317905426,0.08072533458471298,0.004033324308693409,1.1932427883148193,direct,SAFE_PROGRESSING,NONE,1,0,"6.163,23.303;6.082,23.152;6.000,23.000",0,1,PASS_THROUGH,-1,0.25920248765056775,0.39264226658900225,-0.8824092706242428,0.07753097149145312,4.038640433638234,6.627599750041519,0.0,0,0,0,DIRECT_LOCAL,PASS_THROUGH,0,GOAL_OUTSIDE_FOV,1,9,6.0,23.0,2.0,6.0,23.0,2.0,1,
550,18.366667,0.033333,6.124038219451904,23.295425415039062,2.7270050048828125,1.6398695285891123,0.8677338361740112,0.5575523485584903,0.07472540782533958,-0.05371223699801384,0.5650960204788938,6.0,23.0,2.0,0.20439568680418482,0.3615743631639607,-0.9096627853872125,0.06637717282723263,0.3596399426460266,0.10194368660449982,0.00229814276099205,1.21328604221344,direct,SAFE_PROGRESSING,NONE,1,0,"6.143,23.300;6.071,23.150;6.000,23.000",0,1,PASS_THROUGH,-1,0.25920248765056775,0.39264226658900225,-0.8824092706242428,0.07753097149145312,3.9468025155049924,6.614426964312259,0.0,0,0,0,DIRECT_LOCAL,PASS_THROUGH,0,GOAL_OUTSIDE_FOV,1,9,6.0,23.0,2.0,6.0,23.0,2.0,1,
551,18.4,0.033333,6.106338977813721,23.290889739990234,2.727118968963623,1.6673583154118152,0.8430520296096802,0.5224182020507658,0.07987831074719548,-0.05332906950043398,0.5311735234511997,6.0,23.0,2.0,0.19124837391891594,0.3550630941602594,-0.915070630409868,0.06408171525038983,0.3115622401237488,0.11641708016395569,-0.0005491124466061592,1.2280360460281372,direct,SAFE_PROGRESSING,NONE,1,0,"6.124,23.295;6.062,23.148;6.000,23.000",0,1,PASS_THROUGH,-1,0.25920248765056775,0.39264226658900225,-0.8824092706242428,0.07753097149145312,3.9122450088337533,6.601523288956603,0.0,0,0,0,DIRECT_LOCAL,PASS_THROUGH,0,GOAL_OUTSIDE_FOV,1,9,6.0,23.0,2.0,6.0,23.0,2.0,1,
552,18.433333,0.033333,6.089986801147461,23.285791397094727,2.727144241333008,1.6937037704258453,0.8210831880569458,0.48511245898475325,0.09084505969778103,-0.05462517894889995,0.49655899237545426,6.0,23.0,2.0,0.17865798549463302,0.3487875166594024,-0.920015539239184,0.06194346423443013,0.2660890817642212,0.12638840079307556,-0.004068048670887947,1.2369444370269775,direct,SAFE_PROGRESSING,NONE,1,0,"6.106,23.291;6.053,23.145;6.000,23.000",1,1,PASS_THROUGH,-1,0.4558975415684494,0.8900322643544132,0.0,0.06194346423443013,3.894086802143999,6.58883914491413,0.0,0,0,0,DIRECT_LOCAL,PASS_THROUGH,0,GOAL_OUTSIDE_FOV,1,9,6.0,23.0,2.0,6.0,23.0,2.0,1,
553,18.466667,0.033333,6.0750932693481445,23.2800350189209,2.7270126342773438,1.719466272685498,0.8033439517021179,0.4454454848309919,0.1064878668430493,-0.05696673676092602,0.4615263316846495,6.0,23.0,2.0,0.1669850480911271,0.3424345490452134,-0.9245834593665437,0.05992473513804074,0.2255667746067047,0.13400909304618835,-0.007971324026584625,1.2442231178283691,direct,SAFE_PROGRESSING,NONE,1,0,"6.090,23.286;6.045,23.143;6.000,23.000",0,1,PASS_THROUGH,-1,0.17865798549463302,0.3487875166594024,-0.920015539239184,0.06194346423443013,3.7936436276193475,6.576341826582973,0.0,0,0,0,DIRECT_LOCAL,PASS_THROUGH,0,GOAL_OUTSIDE_FOV,1,9,6.0,23.0,2.0,6.0,23.0,2.0,1,
554,18.5,0.033333,6.061769485473633,23.273603439331055,2.7266650199890137,1.7452196470985462,0.7902795076370239,0.4037575254851326,0.12500193371218435,-0.05946836950103311,0.426827962754052,6.0,23.0,2.0,0.15657664154670428,0.33570606397599595,-0.9288623116111985,0.05798572614822407,0.18961234390735626,0.14025670289993286,-0.011932500638067722,1.2517917156219482,direct,SAFE_PROGRESSING,NONE,1,0,"6.075,23.280;6.038,23.140;6.000,23.000",0,1,PASS_THROUGH,-1,0.17865798549463302,0.3487875166594024,-0.920015539239184,0.06194346423443013,3.718905664857368,6.564066070647504,0.0,0,0,0,DIRECT_LOCAL,PASS_THROUGH,0,GOAL_OUTSIDE_FOV,1,9,6.0,23.0,2.0,6.0,23.0,2.0,1,
555,18.533333,0.033333,6.050106048583984,23.26651382446289,2.726059675216675,1.7713552054386195,0.7818407416343689,0.36096330914193003,0.14457900961112755,-0.061485381355658966,0.3936725195988131,6.0,23.0,2.0,0.14768886089730093,0.32842093245107556,-0.932913549850587,0.056097882794080366,0.15676812827587128,0.14498946070671082,-0.01556653156876564,1.2579970359802246,direct,SAFE_PROGRESSING,NONE,1,0,"6.062,23.274;6.031,23.137;6.000,23.000",0,1,PASS_THROUGH,-1,0.17865798549463302,0.3487875166594024,-0.920015539239184,0.06194346423443013,3.704483964262283,6.552066579816674,0.0,0,0,0,DIRECT_LOCAL,PASS_THROUGH,0,GOAL_OUTSIDE_FOV,1,9,6.0,23.0,2.0,6.0,23.0,2.0,1,
556,18.566667,0.033333,6.040152072906494,23.258838653564453,2.725179672241211,1.7979985170938582,0.7776136994361877,0.31827131874641046,0.16384304842422892,-0.06278574991203763,0.3634325621701229,6.0,23.0,2.0,0.14044411983340116,0.3204669881765546,-0.9367904561284073,0.05423660562186283,0.127039834856987,0.14851753413677216,-0.01864797994494438,1.2647300958633423,direct,SAFE_PROGRESSING,NONE,1,0,"6.050,23.267;6.025,23.133;6.000,23.000",0,1,PASS_THROUGH,-1,0.17865798549463302,0.3487875166594024,-0.920015539239184,0.06194346423443013,3.67071595491907,6.540425982305043,0.0,0,0,0,DIRECT_LOCAL,PASS_THROUGH,0,GOAL_OUTSIDE_FOV,1,9,6.0,23.0,2.0,6.0,23.0,2.0,1,
557,18.6,0.033333,6.03190803527832,23.250675201416016,2.724031686782837,1.8250634309965896,0.7770824432373047,0.2768401987917951,0.18198158820142235,-0.06342781289102474,0.3373142178437363,6.0,23.0,2.0,0.13484259095630857,0.311810366467126,-0.9405273898339305,0.052386882914618,0.09997805953025818,0.1505795419216156,-0.021116750314831734,1.2709053754806519,direct,SAFE_PROGRESSING,NONE,1,0,"6.040,23.259;6.020,23.129;6.000,23.000",0,1,PASS_THROUGH,-1,0.17865798549463302,0.3487875166594024,-0.920015539239184,0.06194346423443013,3.659459542525625,6.529225162513364,0.0,0,0,0,DIRECT_LOCAL,PASS_THROUGH,0,GOAL_OUTSIDE_FOV,1,9,6.0,23.0,2.0,6.0,23.0,2.0,1,
558,18.633333,0.033333,6.025336742401123,23.242130279541016,2.722640037536621,1.852383202490508,0.7796884775161743,0.2375389138209144,0.19864351647880496,-0.06360914406424117,0.3161172336758476,6.0,23.0,2.0,0.13080451966085255,0.30244785731409213,-0.9441480134186632,0.050539560473071996,0.07503322511911392,0.1508665233850479,-0.02300255373120308,1.2745035886764526,direct,SAFE_PROGRESSING,NONE,1,0,"6.032,23.251;6.016,23.125;6.000,23.000",1,1,PASS_THROUGH,-1,0.3969527133412638,0.9178390618027805,0.0,0.050539560473071996,3.649796009514883,6.518535649462873,0.0,0,0,0,DIRECT_LOCAL,PASS_THROUGH,0,GOAL_OUTSIDE_FOV,1,9,6.0,23.0,2.0,6.0,23.0,2.0,1,
559,18.666667,0.033333,6.020366668701172,23.233314514160156,2.721039295196533,1.879837776686955,0.7846543788909912,0.20084245617680227,0.21372565965197898,-0.06357410652066005,0.3000966791164217,6.0,23.0,2.0,0.12822726962071543,0.29237998964069134,-0.9476664544993273,0.048690460168748145,0.05105193704366684,0.1490342766046524,-0.024389570578932762,1.2727057933807373,direct,SAFE_PROGRESSING,NONE,1,0,"6.025,23.242;6.013,23.121;6.000,23.000",0,1,PASS_THROUGH,-1,0.13080451966085255,0.30244785731409213,-0.9441480134186632,0.050539560473071996,3.64171349029835,6.508416237169027,0.0,0,0,0,DIRECT_LOCAL,PASS_THROUGH,0,GOAL_OUTSIDE_FOV,1,9,6.0,23.0,2.0,6.0,23.0,2.0,1,
560,18.7,0.033333,6.016911029815674,23.224321365356445,2.719268560409546,1.907395475517935,0.7908864617347717,0.16683643324908745,0.2271682795816663,-0.06354057746502154,0.2889242594382821,6.0,23.0,2.0,0.12700160983032563,0.28161055636326143,-0.9510867918572311,0.04684035171164839,0.028623433783650398,0.14563904702663422,-0.025356823578476906,1.2666043043136597,direct,SAFE_PROGRESSING,NONE,1,0,"6.020,23.233;6.010,23.117;6.000,23.000",0,1,PASS_THROUGH,-1,0.13080451966085255,0.30244785731409213,-0.9441480134186632,0.050539560473071996,3.6351666913959013,6.498904212228067,0.0,0,0,0,DIRECT_LOCAL,PASS_THROUGH,0,GOAL_OUTSIDE_FOV,1,9,6.0,23.0,2.0,6.0,23.0,2.0,1,
561,18.733333,0.033333,6.014876842498779,23.215248107910156,2.7173643112182617,1.9350806118460928,0.7972374558448792,0.13534007153532182,0.23885388928516926,-0.06361748123231657,0.2818072023710219,6.0,23.0,2.0,0.12701601481867195,0.27012853801514003,-0.954409505888005,0.04499158049449094,0.008729008957743645,0.14166855812072754,-0.02600848861038685,1.2595891952514648,direct,SAFE_PROGRESSING,NONE,1,0,"6.017,23.224;6.008,23.112;6.000,23.000",0,1,PASS_THROUGH,-1,0.13080451966085255,0.30244785731409213,-0.9441480134186632,0.050539560473071996,3.672504886932005,6.490037804442666,0.0,0,0,0,DIRECT_LOCAL,PASS_THROUGH,0,GOAL_OUTSIDE_FOV,1,9,6.0,23.0,2.0,6.0,23.0,2.0,1,
562,18.766667,0.033333,6.014174938201904,23.2061824798584,2.7153613567352295,1.962913239815099,0.8028960824012756,0.1061023430542225,0.24862792892629548,-0.0637885291622719,0.2777454422604643,6.0,23.0,2.0,0.12815730812006984,0.25794118957956025,-0.9576231237254554,0.04315232017013025,-0.00871163047850132,0.1376713216304779,-0.026431556791067123,1.2533721923828125,direct,SAFE_PROGRESSING,NONE,1,0,"6.015,23.215;6.007,23.108;6.000,23.000",0,1,PASS_THROUGH,-1,0.13080451966085255,0.30244785731409213,-0.9441480134186632,0.050539560473071996,3.7656309642510015,6.481849445458187,0.0,0,0,0,DIRECT_LOCAL,PASS_THROUGH,0,GOAL_OUTSIDE_FOV,1,9,6.0,23.0,2.0,6.0,23.0,2.0,1,
563,18.8,0.033333,6.01470947265625,23.197219848632812,2.7132890224456787,1.9908758806501292,0.8074917793273926,0.07894775685790585,0.256371944098861,-0.06395453478029628,0.2757707463689517,6.0,23.0,2.0,0.13030940477136346,0.24505929932479822,-0.9607108820256862,0.04133383305409102,-0.02439233474433422,0.13368605077266693,-0.026653926819562912,1.2473983764648438,direct,SAFE_PROGRESSING,NONE,1,0,"6.014,23.206;6.007,23.103;6.000,23.000",0,1,PASS_THROUGH,-1,0.13080451966085255,0.30244785731409213,-0.9441480134186632,0.050539560473071996,3.7868803668105344,6.474375124287781,0.0,0,0,0,DIRECT_LOCAL,PASS_THROUGH,0,GOAL_OUTSIDE_FOV,1,9,6.0,23.0,2.0,6.0,23.0,2.0,1,
564,18.833333,0.033333,6.016386032104492,23.188453674316406,2.7111735343933105,2.0189155000647183,0.8109416365623474,0.053807792163149515,0.262054234009591,-0.06400169559471007,0.2750707492606657,6.0,23.0,2.0,0.1333518492753194,0.23152433758430965,-0.9636460789112355,0.03955352691256467,-0.038723234087228775,0.12970249354839325,-0.026692301034927368,1.240827202796936,direct,SAFE_PROGRESSING,NONE,1,0,"6.015,23.197;6.007,23.099;6.000,23.000",1,1,PASS_THROUGH,-1,0.4991048674291118,0.8665415923708271,0.0,0.03955352691256467,3.858862382286404,6.467650020220065,0.0,0,0,0,DIRECT_LOCAL,PASS_THROUGH,0,GOAL_OUTSIDE_FOV,1,9,6.0,23.0,2.0,6.0,23.0,2.0,1,
565,18.866667,0.033333,6.019105911254883,23.179967880249023,2.7090389728546143,2.046967858131199,0.8132696151733398,0.030669039574292692,0.265735192181873,-0.06384484494579001,0.27501262985270064,6.0,23.0,2.0,0.13717402730032824,0.2173909907525343,-0.966397663166587,0.03783294300552552,-0.0524439662694931,0.12554702162742615,-0.02655307576060295,1.2316657304763794,direct,SAFE_PROGRESSING,NONE,1,0,"6.016,23.188;6.008,23.094;6.000,23.000",0,1,PASS_THROUGH,-1,0.1333518492753194,0.23152433758430965,-0.9636460789112355,0.03955352691256467,3.956253974813472,6.461698862545789,0.0,0,0,0,DIRECT_LOCAL,PASS_THROUGH,0,GOAL_OUTSIDE_FOV,1,9,6.0,23.0,2.0,6.0,23.0,2.0,1,
566,18.9,0.033333,6.022763252258301,23.17184066772461,2.706906318664551,2.074973050939117,0.8144415616989136,0.009492073982415236,0.26753755203348595,-0.0634461594912066,0.2751215301839198,6.0,23.0,2.0,0.14166811790129416,0.20272049681279636,-0.9689347473087535,0.0361958416209411,-0.0653706043958664,0.12137190252542496,-0.026278939098119736,1.2202638387680054,direct,SAFE_PROGRESSING,NONE,1,0,"6.019,23.180;6.010,23.090;6.000,23.000",0,1,PASS_THROUGH,-1,0.1333518492753194,0.23152433758430965,-0.9636460789112355,0.03955352691256467,3.9792990351068536,6.456537627211394,0.0,0,0,0,DIRECT_LOCAL,PASS_THROUGH,0,GOAL_OUTSIDE_FOV,1,9,6.0,23.0,2.0,6.0,23.0,2.0,1,
567,18.933333,0.033333,6.027256011962891,23.164133071899414,2.704793930053711,2.1028829515451863,0.8143498301506042,-0.009832822474882126,0.26761304544305137,-0.0627998076599811,0.2750586161734582,6.0,23.0,2.0,0.1467291105894106,0.1875873214965513,-0.971226834946085,0.03466836064045408,-0.0774909183382988,0.11721085757017136,-0.025909634307026863,1.2071905136108398,direct,SAFE_PROGRESSING,NONE,1,0,"6.023,23.172;6.011,23.086;6.000,23.000",0,1,PASS_THROUGH,-1,0.1333518492753194,0.23152433758430965,-0.9636460789112355,0.03955352691256467,4.069679646538,6.452169090870618,0.0,0,0,0,DIRECT_LOCAL,PASS_THROUGH,0,GOAL_OUTSIDE_FOV,1,9,6.0,23.0,2.0,6.0,23.0,2.0,1,
568,18.966667,0.033333,6.032480716705322,23.15690040588379,2.7027156352996826,2.1306590056702306,0.8128944635391235,-0.027481246116792833,0.2661195911571212,-0.061912080540198276,0.27460510083132306,6.0,23.0,2.0,0.1522590691183337,0.17205948986382108,-0.9732485334276235,0.03327615090677374,-0.0889376550912857,0.11306129395961761,-0.025462009012699127,1.1922920942306519,direct,SAFE_PROGRESSING,NONE,1,0,"6.027,23.164;6.014,23.082;6.000,23.000",0,1,PASS_THROUGH,-1,0.1333518492753194,0.23152433758430965,-0.9636460789112355,0.03955352691256467,4.069504640423808,6.448589984410071,0.0,0,0,0,DIRECT_LOCAL,PASS_THROUGH,0,GOAL_OUTSIDE_FOV,1,9,6.0,23.0,2.0,6.0,23.0,2.0,1,
569,19.0,0.033333,6.038341045379639,23.15019416809082,2.7006843090057373,2.1582664860745377,0.8100053071975708,-0.0436669909492777,0.2632097896119089,-0.0608002850876234,0.2736473535644845,6.0,23.0,2.0,0.1581660563390538,0.15621578505387965,-0.9749769879962047,0.032045426709088554,-0.09969166666269302,0.10907715559005737,-0.02496916987001896,1.1760590076446533,direct,SAFE_PROGRESSING,NONE,1,0,"6.032,23.157;6.016,23.078;6.000,23.000",0,1,PASS_THROUGH,-1,0.1333518492753194,0.23152433758430965,-0.9636460789112355,0.03955352691256467,4.106314323660816,6.445796937201094,0.0,0,0,0,DIRECT_LOCAL,PASS_THROUGH,0,GOAL_OUTSIDE_FOV,1,9,6.0,23.0,2.0,6.0,23.0,2.0,1,
570,19.033333,0.033333,6.044746398925781,23.1440486907959,2.698707342147827,2.1856713130737706,0.805657148361206,-0.05860765609387001,0.25903315259170157,-0.05949354978444263,0.27216266084892526,6.0,23.0,2.0,0.16437421491022752,0.14014011101972768,-0.9763922709423833,0.031002144370541274,-0.10978926718235016,0.10542263090610504,-0.024473588913679123,1.1593363285064697,direct,SAFE_PROGRESSING,NONE,1,0,"6.038,23.150;6.019,23.075;6.000,23.000",1,1,PASS_THROUGH,-1,0.7609743389472945,0.6487819783746527,0.0,0.031002144370541274,4.124242673046913,6.443774256466482,0.0,0,0,0,DIRECT_LOCAL,PASS_THROUGH,0,CORRIDOR_CLEAR,1,9,6.0,23.0,2.0,6.0,23.0,2.0,1,
571,19.066667,0.033333,6.0516133308410645,23.138492584228516,2.696789264678955,2.212836708101703,0.7999118566513062,-0.07249461535113468,0.25374720846788,-0.05803026868348661,0.2702047874180404,6.0,23.0,2.0,0.1708120726860758,0.12390754016043921,-0.9774815380947489,0.030167708256901127,-0.11921101063489914,0.10214397311210632,-0.024019211530685425,1.1430907249450684,direct,SAFE_PROGRESSING,NONE,1,0,"6.045,23.144;6.022,23.072;6.000,23.000",0,1,PASS_THROUGH,-1,0.16437421491022752,0.14014011101972768,-0.9763922709423833,0.031002144370541274,4.12639092311767,6.4425045414479545,0.0,0,0,0,DIRECT_LOCAL,PASS_THROUGH,0,CORRIDOR_CLEAR,1,9,6.0,23.0,2.0,6.0,23.0,2.0,1,
572,19.1,0.033333,6.058863639831543,23.133554458618164,2.694931983947754,2.239726156480582,0.7929437160491943,-0.0854779624188537,0.24752420580751222,-0.05643903078281646,0.2678807173269893,6.0,23.0,2.0,0.17742122358852117,0.10759303295933498,-0.9782358860106101,0.02955952083968999,-0.12833669781684875,0.09909141063690186,-0.02357967011630535,1.1258797645568848,direct,SAFE_PROGRESSING,NONE,1,0,"6.052,23.138;6.026,23.069;6.000,23.000",0,1,PASS_THROUGH,-1,0.16437421491022752,0.14014011101972768,-0.9763922709423833,0.031002144370541274,4.250146176949421,6.441972656886617,0.0,0,0,0,DIRECT_LOCAL,PASS_THROUGH,0,CORRIDOR_CLEAR,1,9,6.0,23.0,2.0,6.0,23.0,2.0,1,
573,19.133333,0.033333,6.066426753997803,23.129253387451172,2.693135976791382,2.266307295329037,0.7849417924880981,-0.09767621807027149,0.240543384355752,-0.05473993352322371,0.2653266357830613,6.0,23.0,2.0,0.18415881806843615,0.09127643875221386,-0.9786491411411701,0.029190218574727055,-0.13735716044902802,0.09618110209703445,-0.02314329333603382,1.1066210269927979,direct,SAFE_PROGRESSING,NONE,1,0,"6.059,23.134;6.029,23.067;6.000,23.000",0,1,PASS_THROUGH,-1,0.16437421491022752,0.14014011101972768,-0.9763922709423833,0.031002144370541274,4.270657763901605,6.44215879339101,0.0,0,0,0,DIRECT_LOCAL,PASS_THROUGH,0,CORRIDOR_CLEAR,1,9,6.0,23.0,2.0,6.0,23.0,2.0,1,
574,19.166667,0.033333,6.0742387771606445,23.12559700012207,2.6914000511169434,2.2925536513856417,0.7759885787963867,-0.10919802767956512,0.23297598778383244,-0.052967008743919755,0.2626928323122616,6.0,23.0,2.0,0.19099133192469295,0.07502760652647564,-0.9787201690925451,0.02906472213133121,-0.14618176221847534,0.0934208482503891,-0.02274390496313572,1.0861369371414185,direct,SAFE_PROGRESSING,NONE,1,0,"6.066,23.129;6.033,23.065;6.000,23.000",0,1,PASS_THROUGH,-1,0.16437421491022752,0.14014011101972768,-0.9763922709423833,0.031002144370541274,4.359681619343124,6.443036413143605,0.0,0,0,0,DIRECT_LOCAL,PASS_THROUGH,0,CORRIDOR_CLEAR,1,9,6.0,23.0,2.0,6.0,23.0,2.0,1,
575,19.2,0.033333,6.082242965698242,23.122594833374023,2.6897220611572266,2.3184415178757827,0.7660968899726868,-0.1201506337260441,0.22497504752028663,-0.051165811000835795,0.26013051917623664,6.0,23.0,2.0,0.19788952161381151,0.05890429634247066,-0.9784528711735967,0.029179446515635737,-0.15472277998924255,0.09084097295999527,-0.022402558475732803,1.0654195547103882,direct,SAFE_PROGRESSING,NONE,1,0,"6.074,23.126;6.037,23.063;6.000,23.000",0,1,PASS_THROUGH,-1,0.16437421491022752,0.14014011101972768,-0.9763922709423833,0.031002144370541274,4.364435378863064,6.444584015328847,0.0,0,0,0,DIRECT_LOCAL,PASS_THROUGH,0,CORRIDOR_CLEAR,1,9,6.0,23.0,2.0,6.0,23.0,2.0,1,
576,19.233333,0.033333,6.0903849601745605,23.120243072509766,2.688098669052124,2.3439479505820087,0.7553120255470276,-0.13063470622095533,0.2166734333428551,-0.049367923596050696,0.2577789655231812,6.0,23.0,2.0,0.2048389823618315,0.04296445173430771,-0.9778522624569316,0.029525174734010846,-0.16314415633678436,0.08835411816835403,-0.02209041640162468,1.0437572002410889,direct,SAFE_PROGRESSING,NONE,1,0,"6.082,23.123;6.041,23.061;6.000,23.000",1,1,PASS_THROUGH,-1,0.9787031839882901,0.20528048531505222,0.0,0.029525174734010846,4.405253052680078,6.446769649351123,0.0,0,0,0,DIRECT_LOCAL,PASS_THROUGH,0,CORRIDOR_CLEAR,1,9,6.0,23.0,2.0,6.0,23.0,2.0,1,
577,19.266667,0.033333,6.098621845245361,23.118539810180664,2.6865265369415283,2.369051292174687,0.7437003254890442,-0.1407410332477103,0.20818364726915592,-0.04758961737400431,0.25576012416271143,6.0,23.0,2.0,0.21182059205663278,0.027254006659921795,-0.9769284804435575,0.030085104295877484,-0.1715327799320221,0.0858984887599945,-0.021792558953166008,1.0206377506256104,direct,SAFE_PROGRESSING,NONE,1,0,"6.090,23.120;6.045,23.060;6.000,23.000",0,1,PASS_THROUGH,-1,0.2048389823618315,0.04296445173430771,-0.9778522624569316,0.029525174734010846,4.4281521962417445,6.449568725656943,0.0,0,0,0,DIRECT_LOCAL,PASS_THROUGH,0,CORRIDOR_CLEAR,1,9,6.0,23.0,2.0,6.0,23.0,2.0,1,
578,19.3,0.033333,6.106912612915039,23.117481231689453,2.685002326965332,2.393730370081623,0.7312904000282288,-0.15055217470346585,0.19959764062557447,-0.04584604637919171,0.2541791404105417,6.0,23.0,2.0,0.2188318066492232,0.011812559056972621,-0.9756910903801277,0.030840204251767117,-0.1799081414937973,0.08340702205896378,-0.021513255313038826,0.9961747527122498,direct,SAFE_PROGRESSING,NONE,1,0,"6.099,23.119;6.049,23.059;6.000,23.000",0,1,PASS_THROUGH,-1,0.2048389823618315,0.04296445173430771,-0.9778522624569316,0.029525174734010846,4.51905642143473,6.452955874312472,0.0,0,0,0,DIRECT_LOCAL,PASS_THROUGH,0,CORRIDOR_CLEAR,1,9,6.0,23.0,2.0,6.0,23.0,2.0,1,
579,19.333333,0.033333,6.115221977233887,23.11705780029297,2.6835215091705322,2.417963747259281,0.7180736064910889,-0.16014326191532513,0.19098704761541704,-0.04415053167278351,0.25312286767639847,6.0,23.0,2.0,0.22587304685687792,-0.003321818480655103,-0.9741510828539751,0.031769259733013575,-0.18827179074287415,0.08084702491760254,-0.021245108917355537,0.9704324007034302,direct,SAFE_PROGRESSING,NONE,1,0,"6.107,23.117;6.053,23.059;6.000,23.000",0,1,PASS_THROUGH,-1,0.2048389823618315,0.04296445173430771,-0.9778522624569316,0.029525174734010846,4.525565410649251,6.45690369309569,0.0,0,0,0,DIRECT_LOCAL,PASS_THROUGH,0,CORRIDOR_CLEAR,1,9,6.0,23.0,2.0,6.0,23.0,2.0,1,
580,19.366667,0.033333,6.12352180480957,23.117263793945312,2.682082176208496,2.4417284820605194,0.7040303945541382,-0.16958026312732044,0.1824054889577334,-0.0425128841644278,0.252659006101542,6.0,23.0,2.0,0.23294709589397525,-0.01812025144248597,-0.9723205783085248,0.03285034711969714,-0.19654640555381775,0.07828228920698166,-0.020985884591937065,0.9438475370407104,direct,SAFE_PROGRESSING,NONE,1,0,"6.115,23.117;6.058,23.059;6.000,23.000",0,1,PASS_THROUGH,-1,0.2048389823618315,0.04296445173430771,-0.9778522624569316,0.029525174734010846,4.670049198747801,6.46139169125712,0.0,0,0,0,DIRECT_LOCAL,PASS_THROUGH,0,CORRIDOR_CLEAR,1,9,6.0,23.0,2.0,6.0,23.0,2.0,1,
581,19.4,0.033333,6.131784915924072,23.118085861206055,2.680680751800537,2.465000219696997,0.6891593933105469,-0.1789151397752143,0.17389497711658913,-0.04094258659485305,0.2528366779251788,6.0,23.0,2.0,0.24006784980688628,-0.03255611217393392,-0.9702100427480724,0.03406372477217505,-0.2046527862548828,0.07576962560415268,-0.02073928341269493,0.9169862866401672,direct,SAFE_PROGRESSING,NONE,1,0,"6.124,23.117;6.062,23.059;6.000,23.000",0,1,PASS_THROUGH,-1,0.2048389823618315,0.04296445173430771,-0.9778522624569316,0.029525174734010846,4.677207089942726,6.466393323269932,0.0,0,0,0,DIRECT_LOCAL,PASS_THROUGH,0,CORRIDOR_CLEAR,1,9,6.0,23.0,2.0,6.0,23.0,2.0,1,
582,19.433333,0.033333,6.139987945556641,23.11951446533203,2.6793136596679688,2.487753626214419,0.6735090613365173,-0.1881803239153716,0.16549388354820072,-0.03944366789079459,0.25368457331386723,6.0,23.0,2.0,0.24724383462019328,-0.04660931614895476,-0.9678316268289797,0.035390131213031924,-0.21268102526664734,0.07326512783765793,-0.020488865673542023,0.8891419172286987,direct,SAFE_PROGRESSING,NONE,1,0,"6.132,23.118;6.066,23.059;6.000,23.000",1,1,PASS_THROUGH,-1,0.9826909431284587,-0.18525255812889735,0.0,0.035390131213031924,4.769949257397871,6.471887277719649,0.0,0,0,0,DIRECT_LOCAL,PASS_THROUGH,0,CORRIDOR_CLEAR,1,9,6.0,23.0,2.0,6.0,23.0,2.0,1,
583,19.466667,0.033333,6.1481122970581055,23.121538162231445,2.677978277206421,2.5099645953786864,0.6571390628814697,-0.19739091223000776,0.1572389914819448,-0.038012564197791573,0.2552101638065087,6.0,23.0,2.0,0.25449145443637955,-0.06025956999673528,-0.9651957748781668,0.03681322171436251,-0.22074685990810394,0.07069788128137589,-0.020222803577780724,0.8593513369560242,direct,SAFE_PROGRESSING,NONE,1,0,"6.140,23.120;6.070,23.060;6.000,23.000",0,1,PASS_THROUGH,-1,0.24724383462019328,-0.04660931614895476,-0.9678316268289797,0.035390131213031924,4.777708979132442,6.477853109601375,0.0,0,0,0,DIRECT_LOCAL,PASS_THROUGH,0,CORRIDOR_CLEAR,1,9,6.0,23.0,2.0,6.0,23.0,2.0,1,
584,19.5,0.033333,6.156139850616455,23.124143600463867,2.6766719818115234,2.531609934169207,0.6400443911552429,-0.20655459917573993,0.14916166483319362,-0.03664831415555229,0.2574045524595567,6.0,23.0,2.0,0.2618287165179781,-0.07349273745682965,-0.9623120807449368,0.03831906962253943,-0.2287643849849701,0.06811745464801788,-0.019955985248088837,0.8281869292259216,direct,SAFE_PROGRESSING,NONE,1,0,"6.148,23.122;6.074,23.061;6.000,23.000",0,1,PASS_THROUGH,-1,0.24724383462019328,-0.04660931614895476,-0.9678316268289797,0.035390131213031924,4.87161654341522,6.4842690245070544,0.0,0,0,0,DIRECT_LOCAL,PASS_THROUGH,0,CORRIDOR_CLEAR,1,9,6.0,23.0,2.0,6.0,23.0,2.0,1,
585,19.533333,0.033333,6.164055824279785,23.127321243286133,2.6753928661346436,2.55266576778838,0.6221774816513062,-0.21567716857642247,0.14128502876932944,-0.03535638887712643,0.26024637295056274,6.0,23.0,2.0,0.26927169229679193,-0.08629550661233741,-0.9591902007767499,0.03989550675785993,-0.2366335541009903,0.06557902693748474,-0.019700907170772552,0.7965336441993713,direct,SAFE_PROGRESSING,NONE,1,0,"6.156,23.124;6.078,23.062;6.000,23.000",0,1,PASS_THROUGH,-1,0.24724383462019328,-0.04660931614895476,-0.9678316268289797,0.035390131213031924,4.879856452669495,6.491118262601449,0.0,0,0,0,DIRECT_LOCAL,PASS_THROUGH,0,CORRIDOR_CLEAR,1,9,6.0,23.0,2.0,6.0,23.0,2.0,1,
586,19.566667,0.033333,6.171846866607666,23.131052017211914,2.6741390228271484,2.573106936257262,0.60353022813797,-0.2247595048114209,0.13362585680021366,-0.03414320442860091,0.26370146570946384,6.0,23.0,2.0,0.2768425104269039,-0.09865361505201249,-0.9558376894942461,0.04153312532042171,-0.24431264400482178,0.06309691071510315,-0.019457509741187096,0.7647179961204529,direct,SAFE_PROGRESSING,NONE,1,0,"6.164,23.127;6.082,23.064;6.000,23.000",0,1,PASS_THROUGH,-1,0.24724383462019328,-0.04660931614895476,-0.9678316268289797,0.035390131213031924,inf,6.498376735271386,0.0,0,0,0,DIRECT_LOCAL,PASS_THROUGH,0,CORRIDOR_CLEAR,1,9,6.0,23.0,2.0,6.0,23.0,2.0,1,
587,19.6,0.033333,6.179502964019775,23.135324478149414,2.672908067703247,2.59290920119521,0.5841628909111023,-0.23379308812270178,0.126197397184322,-0.03301381811138923,0.267721689999781,6.0,23.0,2.0,0.284552769956272,-0.11056090072125127,-0.9522636233427793,0.043223131204569054,-0.25180014967918396,0.06066935136914253,-0.019224045798182487,0.7326465845108032,direct,SAFE_PROGRESSING,NONE,1,0,"6.172,23.131;6.086,23.066;6.000,23.000",0,1,PASS_THROUGH,-1,0.24724383462019328,-0.04660931614895476,-0.9678316268289797,0.035390131213031924,inf,6.506028664057176,0.0,0,0,0,DIRECT_LOCAL,PASS_THROUGH,0,CORRIDOR_CLEAR,1,9,6.0,23.0,2.0,6.0,23.0,2.0,1,
588,19.633333,0.033333,6.187014579772949,23.140125274658203,2.6716978549957275,2.612050711106336,0.5641722679138184,-0.24275847145292226,0.11901030165529668,-0.03197279530186923,0.2722450862764271,6.0,23.0,2.0,0.2924235694722449,-0.12200819126742941,-0.9484737514980378,0.04495955003257752,-0.2590921223163605,0.05830483138561249,-0.019003376364707947,0.7002529501914978,direct,SAFE_PROGRESSING,NONE,1,0,"6.180,23.135;6.090,23.068;6.000,23.000",1,1,PASS_THROUGH,-1,0.9228918958400324,-0.3850591494728968,0.0,0.04495955003257752,inf,6.5140569595692375,0.0,0,0,0,DIRECT_LOCAL,PASS_THROUGH,0,CORRIDOR_CLEAR,1,9,6.0,23.0,2.0,6.0,23.0,2.0,1,
589,19.666667,0.033333,6.1943745613098145,23.14544105529785,2.6705069541931152,2.630512740347309,0.5436578392982483,-0.2516278285611501,0.11207278046393429,-0.031026247391724285,0.2771993871828169,6.0,23.0,2.0,0.3004722536867346,-0.1329878164957388,-0.9444737505235974,0.04673737076288723,-0.26617568731307983,0.056027159094810486,-0.018807731568813324,0.6677443981170654,direct,SAFE_PROGRESSING,NONE,1,0,"6.187,23.140;6.094,23.070;6.000,23.000",0,1,PASS_THROUGH,-1,0.2924235694722449,-0.12200819126742941,-0.9484737514980378,0.04495955003257752,inf,6.5224458513481025,0.0,0,0,0,DIRECT_LOCAL,PASS_THROUGH,0,CORRIDOR_CLEAR,1,9,6.0,23.0,2.0,6.0,23.0,2.0,1,
590,19.7,0.033333,6.20157527923584,23.1512508392334,2.6693334579467773,2.6482795611390673,0.5227159857749939,-0.2603685631344085,0.10539104772905161,-0.030181575457307826,0.28250661781131586,6.0,23.0,2.0,0.30871518233835793,-0.14349415560235196,-0.9402682401856198,0.04855288689688206,-0.27304521203041077,0.053856901824474335,-0.018651312217116356,0.6353901624679565,direct,SAFE_PROGRESSING,NONE,1,0,"6.194,23.145;6.097,23.073;6.000,23.000",0,1,PASS_THROUGH,-1,0.2924235694722449,-0.12200819126742941,-0.9484737514980378,0.04495955003257752,inf,6.531172898698152,0.0,0,0,0,DIRECT_LOCAL,PASS_THROUGH,0,CORRIDOR_CLEAR,1,9,6.0,23.0,2.0,6.0,23.0,2.0,1,
591,19.733333,0.033333,6.20861291885376,23.15753746032715,2.66817569732666,2.6653392995194074,0.5014504194259644,-0.26894708430345554,0.0989700267959821,-0.02944565116171013,0.28808791493511926,6.0,23.0,2.0,0.317157358601042,-0.15352598412907453,-0.9358637625650483,0.050402146608180945,-0.27969616651535034,0.051810700446367264,-0.018547985702753067,0.6035032272338867,direct,SAFE_PROGRESSING,NONE,1,0,"6.202,23.151;6.101,23.076;6.000,23.000",0,1,PASS_THROUGH,-1,0.2924235694722449,-0.12200819126742941,-0.9484737514980378,0.04495955003257752,inf,6.540220987027389,0.0,0,0,0,DIRECT_LOCAL,PASS_THROUGH,0,CORRIDOR_CLEAR,1,9,6.0,23.0,2.0,6.0,23.0,2.0,1,
592,19.766667,0.033333,6.215483665466309,23.164281845092773,2.66703200340271,2.681683525933503,0.47998011112213135,-0.2773315366358189,0.09281466537536051,-0.028823659660368144,0.2938675665631399,6.0,23.0,2.0,0.3258073911027848,-0.16308300926254926,-0.9312644500852957,0.052282846639796966,-0.2861199676990509,0.04989968240261078,-0.018509257584810257,0.5724100470542908,direct,SAFE_PROGRESSING,NONE,1,0,"6.209,23.158;6.104,23.079;6.000,23.000",0,1,PASS_THROUGH,-1,0.2924235694722449,-0.12200819126742941,-0.9484737514980378,0.04495955003257752,inf,6.549571454036478,0.0,0,0,0,DIRECT_LOCAL,PASS_THROUGH,0,CORRIDOR_CLEAR,1,9,6.0,23.0,2.0,6.0,23.0,2.0,1,
593,19.8,0.033333,6.222182750701904,23.171472549438477,2.6658999919891357,2.6973078267223967,0.45844337344169617,-0.28549310068108585,0.0869305980441347,-0.02831995935929218,0.29977534840430675,6.0,23.0,2.0,0.33466864515849293,-0.17216577938783317,-0.9264749550611493,0.054192890570583886,-0.2923215627670288,0.04812296852469444,-0.018546361476182938,0.5423932075500488,direct,SAFE_PROGRESSING,NONE,1,0,"6.215,23.164;6.108,23.082;6.000,23.000",0,1,PASS_THROUGH,-1,0.2924235694722449,-0.12200819126742941,-0.9484737514980378,0.04495955003257752,inf,6.559211693306362,0.0,0,0,0,DIRECT_LOCAL,PASS_THROUGH,0,CORRIDOR_CLEAR,1,9,6.0,23.0,2.0,6.0,23.0,2.0,1,
594,19.833333,0.033333,6.22871208190918,23.1790828704834,2.6647775173187256,2.712213018950216,0.43699654936790466,-0.2934065022939363,0.08132408992256017,-0.027937795866933724,0.30574745073016857,6.0,23.0,2.0,0.3437498761392699,-0.180769066947646,-0.9214980016739668,0.056131278239639384,-0.298319935798645,0.04646759107708931,-0.018667705357074738,0.5135900974273682,direct,SAFE_PROGRESSING,NONE,1,0,"6.222,23.171;6.111,23.086;6.000,23.000",1,1,PASS_THROUGH,-1,0.8850793855807837,-0.465440094125917,0.0,0.056131278239639384,inf,6.569119707809102,0.0,0,0,0,DIRECT_LOCAL,PASS_THROUGH,0,CORRIDOR_CLEAR,1,9,6.0,23.0,2.0,6.0,23.0,2.0,1,
595,19.866667,0.033333,6.235073566436768,23.187097549438477,2.6636621952056885,2.7264050984740673,0.41580280661582947,-0.3010507996228303,0.07600111543851999,-0.027678767584749388,0.31172723281172493,6.0,23.0,2.0,0.3530417661797244,-0.1889056921643088,-0.9163384477367651,0.0580964339393753,-0.30412280559539795,0.0449196919798851,-0.018879931420087814,0.48614782094955444,direct,SAFE_PROGRESSING,NONE,1,0,"6.229,23.179;6.114,23.090;6.000,23.000",0,1,PASS_THROUGH,-1,0.3437498761392699,-0.180769066947646,-0.9214980016739668,0.056131278239639384,inf,6.579283298941568,0.0,0,0,0,DIRECT_LOCAL,PASS_THROUGH,0,CORRIDOR_CLEAR,1,9,6.0,23.0,2.0,6.0,23.0,2.0,1,
596,19.9,0.033333,6.2412638664245605,23.19548988342285,2.6625514030456543,2.739895829480045,0.39502090215682983,-0.3084098014171088,0.07096582386272451,-0.027542723401462584,0.31766547715958227,6.0,23.0,2.0,0.36254428617404294,-0.19658185616389573,-0.9109979222751888,0.06008829325024453,-0.3097228407859802,0.04346513748168945,-0.019186193123459816,0.4602459669113159,direct,SAFE_PROGRESSING,NONE,1,0,"6.235,23.187;6.118,23.094;6.000,23.000",0,1,PASS_THROUGH,-1,0.3437498761392699,-0.180769066947646,-0.9214980016739668,0.056131278239639384,inf,6.589677838361162,0.0,0,0,0,DIRECT_LOCAL,PASS_THROUGH,0,CORRIDOR_CLEAR,1,9,6.0,23.0,2.0,6.0,23.0,2.0,1,
597,19.933333,0.033333,6.24728536605835,23.204242706298828,2.6614420413970947,2.7527020103297364,0.37480106949806213,-0.31547133606475475,0.06621973066703012,-0.027527379336327276,0.3235196643501312,6.0,23.0,2.0,0.37223897568581144,-0.20380544291251476,-0.9054841171548021,0.062104604583817544,-0.3151121139526367,0.04208344221115112,-0.01958431303501129,0.4359901547431946,direct,SAFE_PROGRESSING,NONE,1,0,"6.241,23.195;6.121,23.098;6.000,23.000",0,1,PASS_THROUGH,-1,0.3437498761392699,-0.180769066947646,-0.9214980016739668,0.056131278239639384,inf,6.600289874145337,0.0,0,0,0,DIRECT_LOCAL,PASS_THROUGH,0,CORRIDOR_CLEAR,1,9,6.0,23.0,2.0,6.0,23.0,2.0,1,
598,19.966667,0.033333,6.253142833709717,23.213350296020508,2.660332679748535,2.7648453545933975,0.355281800031662,-0.32222650084853227,0.061760967217335795,-0.027628838660152956,0.3292532272376671,6.0,23.0,2.0,0.3821173760904122,-0.2105863720659361,-0.8997998059512381,0.064145190105847,-0.32030731439590454,0.04074745252728462,-0.02007114887237549,0.41337794065475464,direct,SAFE_PROGRESSING,NONE,1,0,"6.247,23.204;6.124,23.102;6.000,23.000",0,1,PASS_THROUGH,-1,0.3437498761392699,-0.180769066947646,-0.9214980016739668,0.056131278239639384,inf,6.611116987029183,0.0,0,0,0,DIRECT_LOCAL,PASS_THROUGH,0,CORRIDOR_CLEAR,1,9,6.0,23.0,2.0,6.0,23.0,2.0,1,
599,20.0,0.033333,6.258840560913086,23.222776412963867,2.659219741821289,2.776351851185347,0.3365831971168518,-0.3286687951844341,0.05758386840661423,-0.027839404220015185,0.3348344535079735,6.0,23.0,2.0,0.3921803592087669,-0.21693169240621502,-0.8939436261200467,0.06621167361443861,-0.3253009617328644,0.039440277963876724,-0.020635666325688362,0.3923346698284149,direct,SAFE_PROGRESSING,NONE,1,0,"6.253,23.213;6.127,23.107;6.000,23.000",0,1,PASS_THROUGH,-1,0.3437498761392699,-0.180769066947646,-0.9214980016739668,0.056131278239639384,inf,6.6221306161722815,0.0,0,0,0,DIRECT_LOCAL,PASS_THROUGH,0,CORRIDOR_CLEAR,1,9,6.0,23.0,2.0,6.0,23.0,2.0,1,
600,20.033333,0.033333,6.2643818855285645,23.232505798339844,2.6581015586853027,2.78725099519961,0.3187975585460663,-0.3347939936928646,0.05367904518460872,-0.028148594391410646,0.3402363905742023,6.0,23.0,2.0,0.40239239959135037,-0.22286721016842614,-0.8879248635908656,0.06830161525084116,-0.3300878405570984,0.03815138712525368,-0.021268369629979134,0.3728814721107483,direct,SAFE_PROGRESSING,NONE,1,0,"6.259,23.223;6.129,23.111;6.000,23.000",1,1,PASS_THROUGH,-1,0.8747879216897654,-0.48450602892606054,0.0,0.06830161525084116,inf,6.633319567804275,0.0,0,0,0,DIRECT_LOCAL,PASS_THROUGH,0,CORRIDOR_CLEAR,1,9,6.0,23.0,2.0,6.0,23.0,2.0,1,
601,20.066667,0.033333,6.269772529602051,23.242521286010742,2.6569762229919434,2.7975747761818437,0.30199047923088074,-0.3405999488891573,0.050034003634346576,-0.028543388944178426,0.3454366103287214,6.0,23.0,2.0,0.41273779743053884,-0.2284059516558068,-0.8817472607388088,0.0704149778547965,-0.33466625213623047,0.036871835589408875,-0.021954268217086792,0.3548995852470398,direct,SAFE_PROGRESSING,NONE,1,0,"6.264,23.233;6.132,23.116;6.000,23.000",0,1,PASS_THROUGH,-1,0.40239239959135037,-0.22286721016842614,-0.8879248635908656,0.06830161525084116,inf,6.644672316527121,0.0,0,0,0,DIRECT_LOCAL,PASS_THROUGH,0,CORRIDOR_CLEAR,1,9,6.0,23.0,2.0,6.0,23.0,2.0,1,
602,20.1,0.033333,6.2750163078308105,23.252803802490234,2.655841588973999,2.807356804949329,0.2862011790275574,-0.34608617701091865,0.04663452427322538,-0.029007956100134784,0.3504167266118017,6.0,23.0,2.0,0.42319727289603326,-0.23356589352614318,-0.8754147826000511,0.07255171724947482,-0.3390319347381592,0.035600677132606506,-0.022676846012473106,0.3382551968097687,direct,SAFE_PROGRESSING,NONE,1,0,"6.270,23.243;6.135,23.121;6.000,23.000",0,1,PASS_THROUGH,-1,0.40239239959135037,-0.22286721016842614,-0.8879248635908656,0.06830161525084116,inf,6.6561747381632435,0.0,0,0,0,DIRECT_LOCAL,PASS_THROUGH,0,CORRIDOR_CLEAR,1,9,6.0,23.0,2.0,6.0,23.0,2.0,1,
603,20.133333,0.033333,6.280118465423584,23.263338088989258,2.654696464538574,2.8166313646772556,0.2714402973651886,-0.35125350133136096,0.04346567402551357,-0.02952477477190273,0.3551619339700753,6.0,23.0,2.0,0.4337474218862905,-0.23836469744089325,-0.8689335101265848,0.0747111055001631,-0.3431864082813263,0.03434105962514877,-0.023419257253408432,0.3227648437023163,direct,SAFE_PROGRESSING,NONE,1,0,"6.275,23.253;6.138,23.126;6.000,23.000",0,1,PASS_THROUGH,-1,0.40239239959135037,-0.22286721016842614,-0.8879248635908656,0.06830161525084116,inf,6.667816727002965,0.0,0,0,0,DIRECT_LOCAL,PASS_THROUGH,0,CORRIDOR_CLEAR,1,9,6.0,23.0,2.0,6.0,23.0,2.0,1,
604,20.166667,0.033333,6.285083770751953,23.274106979370117,2.6535403728485107,2.825432541731722,0.25768956542015076,-0.356104267373791,0.04051306596895203,-0.030075522863962235,0.3596610832875441,6.0,23.0,2.0,0.44436761584098544,-0.24281993578860647,-0.8623084719376329,0.07689299156198252,-0.34714001417160034,0.0330982580780983,-0.02416578121483326,0.3081957697868347,direct,SAFE_PROGRESSING,NONE,1,0,"6.280,23.263;6.140,23.132;6.000,23.000",0,1,PASS_THROUGH,-1,0.40239239959135037,-0.22286721016842614,-0.8879248635908656,0.06830161525084116,inf,6.679586322710849,0.0,0,0,0,DIRECT_LOCAL,PASS_THROUGH,0,CORRIDOR_CLEAR,1,9,6.0,23.0,2.0,6.0,23.0,2.0,1,
605,20.2,0.033333,6.289916038513184,23.285093307495117,2.6523730754852295,2.833793151473589,0.24490125477313995,-0.360642734447066,0.0377632888609841,-0.03064225024079472,0.3639068498872677,6.0,23.0,2.0,0.45503400433037017,-0.2469496559626026,-0.8555465635037177,0.07909674898137395,-0.3509092926979065,0.03187980875372887,-0.02490359917283058,0.2943230867385864,direct,SAFE_PROGRESSING,NONE,1,0,"6.285,23.274;6.143,23.137;6.000,23.000",0,1,PASS_THROUGH,-1,0.40239239959135037,-0.22286721016842614,-0.8879248635908656,0.06830161525084116,inf,6.69147107622035,0.0,0,0,0,DIRECT_LOCAL,PASS_THROUGH,0,CORRIDOR_CLEAR,1,9,6.0,23.0,2.0,6.0,23.0,2.0,1,
606,20.233333,0.033333,6.294620513916016,23.296283721923828,2.6511948108673096,2.841743996880735,0.23299987614154816,-0.36487571654595896,0.035204251697706496,-0.031208024920490123,0.36789613844393715,6.0,23.0,2.0,0.465722289459091,-0.2507706346833615,-0.8486559007521758,0.08132146170985448,-0.354514479637146,0.030693668872117996,-0.025622934103012085,0.280937135219574,direct,SAFE_PROGRESSING,NONE,1,0,"6.290,23.285;6.145,23.143;6.000,23.000",1,1,PASS_THROUGH,-1,0.8804733930965228,-0.4740955642579839,0.0,0.08132146170985448,inf,6.7034625449433065,0.0,0,0,0,DIRECT_LOCAL,PASS_THROUGH,0,CORRIDOR_CLEAR,1,9,6.0,23.0,2.0,6.0,23.0,2.0,1,
607,20.266667,0.033333,6.299201011657715,23.30766487121582,2.65000581741333,2.849312782571482,0.22188754379749298,-0.368813742546952,0.03282521453069001,-0.031757871856101356,0.3716310452926445,6.0,23.0,2.0,0.47641240856365363,-0.25429856109946897,-0.8416433085276197,0.08356680946336852,-0.35798174142837524,0.02954673208296299,-0.026317238807678223,0.2678454518318176,direct,SAFE_PROGRESSING,NONE,1,0,"6.295,23.296;6.147,23.148;6.000,23.000",0,1,PASS_THROUGH,-1,0.465722289459091,-0.2507706346833615,-0.8486559007521758,0.08132146170985448,inf,6.715551540976749,0.0,0,0,0,DIRECT_LOCAL,PASS_THROUGH,0,CORRIDOR_CLEAR,1,9,6.0,23.0,2.0,6.0,23.0,2.0,1,
608,20.3,0.033333,6.30366325378418,23.3192195892334,2.6488070487976074,2.856523868786181,0.21145042777061462,-0.3724713409271167,0.030616317497371877,-0.0322793051961568,0.3751189308114041,6.0,23.0,2.0,0.48708457386190807,-0.25754674581227704,-0.8345168012851927,0.08583214278048693,-0.3613379895687103,0.028444921597838402,-0.0269832294434309,0.25488948822021484,direct,SAFE_PROGRESSING,NONE,1,0,"6.299,23.308;6.150,23.154;6.000,23.000",0,1,PASS_THROUGH,-1,0.465722289459091,-0.2507706346833615,-0.8486559007521758,0.08132146170985448,inf,6.727726638473983,0.0,0,0,0,DIRECT_LOCAL,PASS_THROUGH,0,CORRIDOR_CLEAR,1,9,6.0,23.0,2.0,6.0,23.0,2.0,1,
609,20.333333,0.033333,6.308010578155518,23.33094024658203,2.6475989818573,2.8633975860515637,0.20156636834144592,-0.37586786186143045,0.028568198455723174,-0.032763043176669636,0.3783731075822981,6.0,23.0,2.0,0.4977160978111787,-0.2605310215616413,-0.827286088837266,0.08811640434087963,-0.3646065294742584,0.02739385887980461,-0.027620278298854828,0.24196583032608032,direct,SAFE_PROGRESSING,NONE,1,0,"6.304,23.319;6.152,23.160;6.000,23.000",0,1,PASS_THROUGH,-1,0.465722289459091,-0.2507706346833615,-0.8486559007521758,0.08132146170985448,inf,6.739983271806972,0.0,0,0,0,DIRECT_LOCAL,PASS_THROUGH,0,CORRIDOR_CLEAR,1,9,6.0,23.0,2.0,6.0,23.0,2.0,1,
610,20.366667,0.033333,6.312247276306152,23.342811584472656,2.6463828086853027,2.86995017828829,0.19211328029632568,-0.37902668109207416,0.026671844540534492,-0.033203526908738616,0.3814119642460716,6.0,23.0,2.0,0.508294738667419,-0.26325860632226217,-0.8199581482248227,0.09041945876048404,-0.36780816316604614,0.02639761008322239,-0.028229879215359688,0.22900345921516418,direct,SAFE_PROGRESSING,NONE,1,0,"6.308,23.331;6.154,23.165;6.000,23.000",0,1,PASS_THROUGH,-1,0.465722289459091,-0.2507706346833615,-0.8486559007521758,0.08132146170985448,inf,6.752310886368432,0.0,0,0,0,DIRECT_LOCAL,PASS_THROUGH,0,CORRIDOR_CLEAR,1,9,6.0,23.0,2.0,6.0,23.0,2.0,1,
611,20.4,0.033333,6.316379070281982,23.354822158813477,2.6451590061187744,2.8761940085283464,0.18297676742076874,-0.3819745100346554,0.024918257564877817,-0.0335988954974815,0.38425815756459264,6.0,23.0,2.0,0.518801805723613,-0.26573981695347354,-0.8125435594867839,0.09274009791007637,-0.37095963954925537,0.025458699092268944,-0.02881467714905739,0.2159445881843567,direct,SAFE_PROGRESSING,NONE,1,0,"6.312,23.343;6.156,23.171;6.000,23.000",0,1,PASS_THROUGH,-1,0.465722289459091,-0.2507706346833615,-0.8486559007521758,0.08132146170985448,inf,6.764702920564859,0.0,0,0,0,DIRECT_LOCAL,PASS_THROUGH,0,CORRIDOR_CLEAR,1,9,6.0,23.0,2.0,6.0,23.0,2.0,1,
612,20.433333,0.033333,6.32041072845459,23.366966247558594,2.6439287662506104,2.882137814317624,0.17405499517917633,-0.3847398483188777,0.023298539637611984,-0.03395069215201302,0.38693697462413584,6.0,23.0,2.0,0.5292240996508261,-0.2679833135213833,-0.8050508033800554,0.09507775354888179,-0.37407028675079346,0.024579167366027832,-0.0293778907507658,0.2027612328529358,direct,SAFE_PROGRESSING,NONE,1,0,"6.316,23.355;6.158,23.177;6.000,23.000",1,1,PASS_THROUGH,-1,0.8921423852738786,-0.4517543186266562,0.0,0.09507775354888179,inf,6.777157178856962,0.0,0,0,0,DIRECT_LOCAL,PASS_THROUGH,0,CORRIDOR_CLEAR,1,9,6.0,23.0,2.0,6.0,23.0,2.0,1,
613,20.466667,0.033333,6.324347019195557,23.37923240661621,2.6426920890808105,2.887787058691285,0.16526131331920624,-0.3873514341699171,0.021804009120051048,-0.03426335839918863,0.38947467965965393,6.0,23.0,2.0,0.5395543500297478,-0.2699923570407329,-0.7974868215234442,0.09743249186098774,-0.37714260816574097,0.023760071024298668,-0.029922980815172195,0.18944478034973145,direct,SAFE_PROGRESSING,NONE,1,0,"6.320,23.367;6.160,23.183;6.000,23.000",0,1,PASS_THROUGH,-1,0.5292240996508261,-0.2679833135213833,-0.8050508033800554,0.09507775354888179,inf,6.7896665896881885,0.0,0,0,0,DIRECT_LOCAL,PASS_THROUGH,0,CORRIDOR_CLEAR,1,9,6.0,23.0,2.0,6.0,23.0,2.0,1,
614,20.5,0.033333,6.328192234039307,23.391611099243164,2.641449451446533,2.893144760542874,0.15652574598789215,-0.38983670522961017,0.020426268231106215,-0.034543573162904344,0.3918968584015289,6.0,23.0,2.0,0.5497816447896722,-0.27177205699394147,-0.7898608055155316,0.09980344825485057,-0.3801736831665039,0.023001713678240776,-0.030453132465481758,0.17599256336688995,direct,SAFE_PROGRESSING,NONE,1,0,"6.324,23.379;6.162,23.190;6.000,23.000",0,1,PASS_THROUGH,-1,0.5292240996508261,-0.2679833135213833,-0.8050508033800554,0.09507775354888179,inf,6.802225447927777,0.0,0,0,0,DIRECT_LOCAL,PASS_THROUGH,0,CORRIDOR_CLEAR,1,9,6.0,23.0,2.0,6.0,23.0,2.0,1,
615,20.533333,0.033333,6.3319549560546875,23.404098510742188,2.6402010917663574,2.898211869578688,0.14779475331306458,-0.39222003586114124,0.019157342125657426,-0.034799557226617255,0.39422654587356615,6.0,23.0,2.0,0.5598975847330844,-0.2733249120715689,-0.7821816841700704,0.10218990077970529,-0.3831529915332794,0.022304048761725426,-0.030970808118581772,0.1624140441417694,direct,SAFE_PROGRESSING,NONE,1,0,"6.328,23.392;6.164,23.196;6.000,23.000",0,1,PASS_THROUGH,-1,0.5292240996508261,-0.2679833135213833,-0.8050508033800554,0.09507775354888179,inf,6.814835161980156,0.0,0,0,0,DIRECT_LOCAL,PASS_THROUGH,0,CORRIDOR_CLEAR,1,9,6.0,23.0,2.0,6.0,23.0,2.0,1,
616,20.566667,0.033333,6.335636138916016,23.416690826416016,2.638946771621704,2.902987735906883,0.1390298455953598,-0.39452181013828724,0.017989694162723707,-0.03504021040223458,0.39648317002855465,6.0,23.0,2.0,0.5698996829442553,-0.2746545007727221,-0.7744541668719486,0.10459248524312315,-0.3860662877559662,0.021666333079338074,-0.031477972865104675,0.1487206071615219,direct,SAFE_PROGRESSING,NONE,1,0,"6.332,23.404;6.166,23.202;6.000,23.000",0,1,PASS_THROUGH,-1,0.5292240996508261,-0.2679833135213833,-0.8050508033800554,0.09507775354888179,inf,6.8274931404653705,0.0,0,0,0,DIRECT_LOCAL,PASS_THROUGH,0,CORRIDOR_CLEAR,1,9,6.0,23.0,2.0,6.0,23.0,2.0,1,
617,20.6,0.033333,6.339242935180664,23.42938232421875,2.6376864910125732,2.9074707302716813,0.1302056759595871,-0.39675733768419097,0.016916364595533993,-0.035274270525692875,0.3986813546662247,6.0,23.0,2.0,0.5797859117357305,-0.2757559978675047,-0.76668567626692,0.10701081488629324,-0.38889479637145996,0.02108762226998806,-0.031975604593753815,0.1349303275346756,direct,SAFE_PROGRESSING,NONE,1,0,"6.336,23.417;6.168,23.208;6.000,23.000",0,1,PASS_THROUGH,-1,0.5292240996508261,-0.2679833135213833,-0.8050508033800554,0.09507775354888179,inf,6.840198404110284,0.0,0,0,0,DIRECT_LOCAL,PASS_THROUGH,0,CORRIDOR_CLEAR,1,9,6.0,23.0,2.0,6.0,23.0,2.0,1,
618,20.633333,0.033333,6.342781066894531,23.44216537475586,2.6364197731018066,2.911658588361055,0.12130788713693619,-0.3989364979998231,0.015930926154478484,-0.03550976341825191,0.4008304718238403,6.0,23.0,2.0,0.5895529695189394,-0.27663147389072573,-0.7588822858549574,0.10944495409501306,-0.3916189670562744,0.020566361024975777,-0.03246408700942993,0.12105463445186615,direct,SAFE_PROGRESSING,NONE,1,0,"6.339,23.429;6.170,23.215;6.000,23.000",1,1,PASS_THROUGH,-1,0.9052945060925153,-0.42478448328382823,0.0,0.10944495409501306,inf,6.852947587343982,0.0,0,0,0,DIRECT_LOCAL,PASS_THROUGH,0,CORRIDOR_CLEAR,1,9,6.0,23.0,2.0,6.0,23.0,2.0,1,
619,20.666667,0.033333,6.346255302429199,23.455039978027344,2.6351466178894043,2.9155487452184103,0.11233054846525192,-0.40106367259129283,0.015027379781187157,-0.03575353166100667,0.4029344942316784,6.0,23.0,2.0,0.5991966084527838,-0.2772821898797261,-0.751051270949051,0.11189442853946618,-0.3942165970802307,0.020100995898246765,-0.03294312208890915,0.1071145236492157,direct,SAFE_PROGRESSING,NONE,1,0,"6.343,23.442;6.171,23.221;6.000,23.000",0,1,PASS_THROUGH,-1,0.5895529695189394,-0.27663147389072573,-0.7588822858549574,0.10944495409501306,inf,6.865743323023972,0.0,0,0,0,DIRECT_LOCAL,PASS_THROUGH,0,CORRIDOR_CLEAR,1,9,6.0,23.0,2.0,6.0,23.0,2.0,1,
620,20.7,0.033333,6.349672317504883,23.468000411987305,2.633866548538208,2.9191384386840054,0.10327426344156265,-0.40313802263561965,0.014200166317557161,-0.0360108405016369,0.4049922106061276,6.0,23.0,2.0,0.608718619003769,-0.277704797577767,-0.7431969377496356,0.1143598034387016,-0.39666539430618286,0.019689641892910004,-0.03341184929013252,0.09312783181667328,direct,SAFE_PROGRESSING,NONE,1,0,"6.346,23.455;6.173,23.228;6.000,23.000",0,1,PASS_THROUGH,-1,0.5895529695189394,-0.27663147389072573,-0.7588822858549574,0.10944495409501306,inf,6.87858434967457,0.0,0,0,0,DIRECT_LOCAL,PASS_THROUGH,0,CORRIDOR_CLEAR,1,9,6.0,23.0,2.0,6.0,23.0,2.0,1,
621,20.733333,0.033333,6.353036880493164,23.48104476928711,2.6325795650482178,2.9224250997723735,0.09414441138505936,-0.4051539030887229,0.01344414120972867,-0.03628554078518663,0.4069976297117306,6.0,23.0,2.0,0.6181165184637062,-0.2779005714909686,-0.7353252627016835,0.11684093721800122,-0.39894455671310425,0.019330039620399475,-0.0338691808283329,0.07911320775747299,direct,SAFE_PROGRESSING,NONE,1,0,"6.350,23.468;6.175,23.234;6.000,23.000",0,1,PASS_THROUGH,-1,0.5895529695189394,-0.27663147389072573,-0.7588822858549574,0.10944495409501306,inf,6.891471654431895,0.0,0,0,0,DIRECT_LOCAL,PASS_THROUGH,0,CORRIDOR_CLEAR,1,9,6.0,23.0,2.0,6.0,23.0,2.0,1,
622,20.766667,0.033333,6.356354236602783,23.494171142578125,2.6312854290008545,2.925406473310388,0.08494970202445984,-0.4071013382761089,0.012754535540412917,-0.03657991579637775,0.4089404211406847,6.0,23.0,2.0,0.6273905655051619,-0.2778672425887818,-0.7274413198404529,0.11933802563254228,-0.4010348916053772,0.019019698724150658,-0.034313932061195374,0.06508931517601013,direct,SAFE_PROGRESSING,NONE,1,0,"6.353,23.481;6.177,23.241;6.000,23.000",0,1,PASS_THROUGH,-1,0.5895529695189394,-0.27663147389072573,-0.7588822858549574,0.10944495409501306,inf,6.904406464319175,0.0,0,0,0,DIRECT_LOCAL,PASS_THROUGH,0,CORRIDOR_CLEAR,1,9,6.0,23.0,2.0,6.0,23.0,2.0,1,
623,20.8,0.033333,6.359630107879639,23.507369995117188,2.629983901977539,2.9280805954437743,0.07570109516382217,-0.4089672795621943,0.012126819290202824,-0.03689467096443411,0.4108071472652016,6.0,23.0,2.0,0.6365410442345968,-0.27760327238761584,-0.7195498052007354,0.12185129627570188,-0.4029195308685303,0.018756158649921417,-0.03474500775337219,0.05107537657022476,direct,SAFE_PROGRESSING,NONE,1,0,"6.356,23.494;6.178,23.247;6.000,23.000",0,1,PASS_THROUGH,-1,0.5895529695189394,-0.27663147389072573,-0.7588822858549574,0.10944495409501306,inf,6.917383727014045,0.0,0,0,0,DIRECT_LOCAL,PASS_THROUGH,0,CORRIDOR_CLEAR,1,9,6.0,23.0,2.0,6.0,23.0,2.0,1,
624,20.833333,0.033333,6.362869739532471,23.520641326904297,2.6286747455596924,2.9304458546455634,0.06641095131635666,-0.41073583239746075,0.011556831991468813,-0.03722920603079336,0.41258150487218553,6.0,23.0,2.0,0.6455628665681983,-0.2771109998449539,-0.7116586815835108,0.1243797614467459,-0.40458276867866516,0.018537133932113647,-0.03516114875674248,0.03710200637578964,direct,SAFE_PROGRESSING,NONE,1,0,"6.360,23.507;6.180,23.254;6.000,23.000",1,1,PASS_THROUGH,-1,0.9189174903884797,-0.3944498014426403,0.0,0.1243797614467459,inf,6.930406272711459,0.0,0,0,0,DIRECT_LOCAL,PASS_THROUGH,0,CORRIDOR_CLEAR,1,9,6.0,23.0,2.0,6.0,23.0,2.0,1,
625,20.866667,0.033333,6.366077899932861,23.533977508544922,2.627358913421631,2.932501139591554,0.05709304288029671,-0.4123895298126973,0.011040802149215588,-0.03758181648609799,0.4142455993026724,6.0,23.0,2.0,0.6544577565778369,-0.27638859018473044,-0.7037715482106406,0.1269238888703037,-0.40601062774658203,0.01835976168513298,-0.03556128218770027,0.02319483831524849,direct,SAFE_PROGRESSING,NONE,1,0,"6.363,23.521;6.181,23.260;6.000,23.000",0,1,PASS_THROUGH,-1,0.6455628665681983,-0.2771109998449539,-0.7116586815835108,0.1243797614467459,inf,6.943470153700265,0.0,0,0,0,DIRECT_LOCAL,PASS_THROUGH,0,CORRIDOR_CLEAR,1,9,6.0,23.0,2.0,6.0,23.0,2.0,1,
626,20.9,0.033333,6.369258403778076,23.54737663269043,2.6260361671447754,2.9342458010502592,0.0477624386548996,-0.4139098902621154,0.010575204105597053,-0.03795005381075594,0.41578051756054013,6.0,23.0,2.0,0.6632216268377485,-0.2754369885791904,-0.6958962128199271,0.12948281869824987,-0.40719327330589294,0.01822139509022236,-0.03594468906521797,0.00938271451741457,direct,SAFE_PROGRESSING,NONE,1,0,"6.366,23.534;6.183,23.267;6.000,23.000",0,1,PASS_THROUGH,-1,0.6455628665681983,-0.2771109998449539,-0.7116586815835108,0.1243797614467459,inf,6.9565758042524175,0.0,0,0,0,DIRECT_LOCAL,PASS_THROUGH,0,CORRIDOR_CLEAR,1,9,6.0,23.0,2.0,6.0,23.0,2.0,1,
627,20.933333,0.033333,6.372416973114014,23.56083106994629,2.624706745147705,2.9356796699609586,0.03843541443347931,-0.4152779876131007,0.010157016902986248,-0.03833084764563024,0.4171669040918593,6.0,23.0,2.0,0.6718549844147912,-0.27425448939941904,-0.6880373209072781,0.13205649499759506,-0.40812191367149353,0.018118664622306824,-0.03631066903471947,-0.0043086158111691475,direct,SAFE_PROGRESSING,NONE,1,0,"6.369,23.547;6.185,23.274;6.000,23.000",0,1,PASS_THROUGH,-1,0.6455628665681983,-0.2771109998449539,-0.7116586815835108,0.1243797614467459,inf,6.969719743032131,0.0,0,0,0,DIRECT_LOCAL,PASS_THROUGH,0,CORRIDOR_CLEAR,1,9,6.0,23.0,2.0,6.0,23.0,2.0,1,
628,20.966667,0.033333,6.3755574226379395,23.574331283569336,2.6233716011047363,2.9368032325178843,0.029129011556506157,-0.4164750466326268,0.009783556129425284,-0.03872052151472367,0.41838554136652284,6.0,23.0,2.0,0.6803542650458021,-0.2728439523588226,-0.6802016257663629,0.13464410731710516,-0.4087909460067749,0.018048526719212532,-0.036658741533756256,-0.017845524474978447,direct,SAFE_PROGRESSING,NONE,1,0,"6.372,23.561;6.186,23.280;6.000,23.000",0,1,PASS_THROUGH,-1,0.6455628665681983,-0.2771109998449539,-0.7116586815835108,0.1243797614467459,inf,6.982895850316471,0.0,0,0,0,DIRECT_LOCAL,PASS_THROUGH,0,CORRIDOR_CLEAR,1,9,6.0,23.0,2.0,6.0,23.0,2.0,1,
629,21.0,0.033333,6.3786845207214355,23.587875366210938,2.6220312118530273,2.937617488863535,0.01986115425825119,-0.41748311140615246,0.009452496664165214,-0.03911518082633183,0.41941804369104674,6.0,23.0,2.0,0.6887148189396587,-0.2712074260380746,-0.6723975239653367,0.1372442787127905,-0.4091956615447998,0.018007852137088776,-0.036988355219364166,-0.03118542954325676,direct,SAFE_PROGRESSING,NONE,1,0,"6.376,23.574;6.188,23.287;6.000,23.000",0,1,PASS_THROUGH,-1,0.6455628665681983,-0.2771109998449539,-0.7116586815835108,0.1243797614467459,inf,6.996105012027659,0.0,0,0,0,DIRECT_LOCAL,PASS_THROUGH,0,CORRIDOR_CLEAR,1,9,6.0,23.0,2.0,6.0,23.0,2.0,1,
630,21.033333,0.033333,6.381802082061768,23.601449966430664,2.6206860542297363,2.9381240934650186,0.0106512401252985,-0.41828552634255695,0.009161785331064624,-0.03951056538892253,0.42024731365646434,6.0,23.0,2.0,0.6969369403937165,-0.26934543564092006,-0.6646291728581046,0.13985698587223555,-0.409334272146225,0.017992781475186348,-0.03729908540844917,-0.04429338872432709,direct,SAFE_PROGRESSING,NONE,1,0,"6.379,23.588;6.189,23.294;6.000,23.000",1,1,PASS_THROUGH,-1,0.932764679922943,-0.3604858553234087,0.0,0.13985698587223555,inf,7.009337810733087,0.0,0,0,0,DIRECT_LOCAL,PASS_THROUGH,0,CORRIDOR_CLEAR,1,9,6.0,23.0,2.0,6.0,23.0,2.0,1,
631,21.066667,0.033333,6.384914398193359,23.615053176879883,2.6193368434906006,2.9383252487088245,0.001520085264928639,-0.41886688254968507,0.008909791044591804,-0.0399022221269929,0.4208575020170389,6.0,23.0,2.0,0.7050144227459478,-0.26726265757260914,-0.6569058803111938,0.1424801588974616,-0.4092063903808594,0.017999406903982162,-0.03759026154875755,-0.057129766792058945,direct,SAFE_PROGRESSING,NONE,1,0,"6.382,23.601;6.191,23.301;6.000,23.000",0,1,PASS_THROUGH,-1,0.6969369403937165,-0.26934543564092006,-0.6646291728581046,0.13985698587223555,inf,7.02259485496147,0.0,0,0,0,DIRECT_LOCAL,PASS_THROUGH,0,CORRIDOR_CLEAR,1,9,6.0,23.0,2.0,6.0,23.0,2.0,1,
632,21.1,0.033333,6.388023376464844,23.62867546081543,2.6179850101470947,2.9382240339622347,-0.007510237395763397,-0.41921367538759613,0.008695101740339701,-0.040285757959961276,0.4212346765410706,6.0,23.0,2.0,0.7129476716181071,-0.26496035854139344,-0.649231565726695,0.14511368017200754,-0.40881332755088806,0.01802431046962738,-0.037861168384552,-0.06964047253131866,direct,SAFE_PROGRESSING,NONE,1,0,"6.385,23.615;6.192,23.308;6.000,23.000",0,1,PASS_THROUGH,-1,0.6969369403937165,-0.26934543564092006,-0.6646291728581046,0.13985698587223555,inf,7.035868976142674,0.0,0,0,0,DIRECT_LOCAL,PASS_THROUGH,0,CORRIDOR_CLEAR,1,9,6.0,23.0,2.0,6.0,23.0,2.0,1,
633,21.133333,0.033333,6.391136646270752,23.64230728149414,2.616630792617798,2.9378241780813528,-0.016415776684880257,-0.4193143750118093,0.008516480392609672,-0.04065673911107508,0.42136687810620355,6.0,23.0,2.0,0.7207327497788586,-0.26244113610308983,-0.6416143339087156,0.14775587646041977,-0.40815943479537964,0.018062863498926163,-0.03811144456267357,-0.08179224282503128,direct,SAFE_PROGRESSING,NONE,1,0,"6.388,23.629;6.194,23.314;6.000,23.000",0,1,PASS_THROUGH,-1,0.6969369403937165,-0.26934543564092006,-0.6646291728581046,0.13985698587223555,inf,7.049155937971272,0.0,0,0,0,DIRECT_LOCAL,PASS_THROUGH,0,CORRIDOR_CLEAR,1,9,6.0,23.0,2.0,6.0,23.0,2.0,1,
634,21.166667,0.033333,6.3942551612854,23.65593910217285,2.615276575088501,2.9371302734935814,-0.025171175599098206,-0.41915954537416733,0.008372927718242787,-0.04101062012369911,0.4212442300611177,6.0,23.0,2.0,0.72836604062677,-0.2597137677616357,-0.6340596736086735,0.15040565413791124,-0.4072495102882385,0.018110917881131172,-0.038339823484420776,-0.09353584051132202,direct,SAFE_PROGRESSING,NONE,1,0,"6.391,23.642;6.196,23.321;6.000,23.000",0,1,PASS_THROUGH,-1,0.6969369403937165,-0.26934543564092006,-0.6646291728581046,0.13985698587223555,inf,7.06244804332297,0.0,0,0,0,DIRECT_LOCAL,PASS_THROUGH,0,CORRIDOR_CLEAR,1,9,6.0,23.0,2.0,6.0,23.0,2.0,1,
635,21.2,0.033333,6.397382736206055,23.669551849365234,2.613922357559204,2.936147762885424,-0.0337500236928463,-0.41874199963147873,0.008263544349827276,-0.04134278072909309,0.4208590903604254,6.0,23.0,2.0,0.7358437657825605,-0.2567813731137908,-0.6265758364162606,0.15306119533827034,-0.4060901701450348,0.018164535984396935,-0.038545191287994385,-0.10482485592365265,direct,SAFE_PROGRESSING,NONE,1,0,"6.394,23.656;6.197,23.328;6.000,23.000",0,1,PASS_THROUGH,-1,0.6969369403937165,-0.26934543564092006,-0.6646291728581046,0.13985698587223555,inf,7.075730873113435,0.0,0,0,0,DIRECT_LOCAL,PASS_THROUGH,0,CORRIDOR_CLEAR,1,9,6.0,23.0,2.0,6.0,23.0,2.0,1,
636,21.233333,0.033333,6.400522232055664,23.683147430419922,2.6125681400299072,2.9348829974693884,-0.042124755680561066,-0.41805699628399096,0.008187387830781673,-0.04164876005790287,0.42020626444145864,6.0,23.0,2.0,0.7431586645096732,-0.25365456308766976,-0.6191724816147779,0.1557193267418038,-0.40469110012054443,0.01821933127939701,-0.0387265682220459,-0.11563089489936829,direct,SAFE_PROGRESSING,NONE,1,0,"6.397,23.670;6.199,23.335;6.000,23.000",1,1,PASS_THROUGH,-1,0.9463914915005692,-0.3230218952568512,0.0,0.1557193267418038,inf,7.089007491709071,0.0,0,0,0,DIRECT_LOCAL,PASS_THROUGH,0,CORRIDOR_CLEAR,1,9,6.0,23.0,2.0,6.0,23.0,2.0,1,
637,21.266667,0.033333,6.4036760330200195,23.696714401245117,2.6112143993377686,2.933343206733687,-0.05026765540242195,-0.41710212510429584,0.00814359234323365,-0.04192432904753899,0.4192828999957649,6.0,23.0,2.0,0.7503141154652994,-0.25033592277912675,-0.6118501890984822,0.15838036116390103,-0.4030643701553345,0.018271833658218384,-0.03888308256864548,-0.12592071294784546,direct,SAFE_PROGRESSING,NONE,1,0,"6.401,23.683;6.200,23.342;6.000,23.000",0,1,PASS_THROUGH,-1,0.7431586645096732,-0.25365456308766976,-0.6191724816147779,0.1557193267418038,inf,7.102269256390904,0.0,0,0,0,DIRECT_LOCAL,PASS_THROUGH,0,CORRIDOR_CLEAR,1,9,6.0,23.0,2.0,6.0,23.0,2.0,1,
638,21.3,0.033333,6.406847953796387,23.710237503051758,2.6098639965057373,2.9315365446896644,-0.05815188214182854,-0.4158776590970765,0.008131205929916858,-0.04216546608784515,0.41808883072421826,6.0,23.0,2.0,0.7573067860992183,-0.2468335794766698,-0.6046152626016045,0.16104226731353755,-0.4012240469455719,0.018318843096494675,-0.03901399299502373,-0.13567346334457397,direct,SAFE_PROGRESSING,NONE,1,0,"6.404,23.697;6.202,23.348;6.000,23.000",0,1,PASS_THROUGH,-1,0.7431586645096732,-0.25365456308766976,-0.6191724816147779,0.1557193267418038,inf,7.115504965912604,0.0,0,0,0,DIRECT_LOCAL,PASS_THROUGH,0,CORRIDOR_CLEAR,1,9,6.0,23.0,2.0,6.0,23.0,2.0,1,
639,21.333333,0.033333,6.410038948059082,23.723712921142578,2.6085171699523926,2.929472050453003,-0.06575226038694382,-0.414386538355559,0.008149154074212411,-0.04236842386632461,0.4166265656716397,6.0,23.0,2.0,0.7641307814698937,-0.2431588732389232,-0.5974762850317884,0.163702482357416,-0.39918506145477295,0.01835806854069233,-0.039118655025959015,-0.14486920833587646,direct,SAFE_PROGRESSING,NONE,1,0,"6.407,23.710;6.203,23.355;6.000,23.000",0,1,PASS_THROUGH,-1,0.7431586645096732,-0.25365456308766976,-0.6191724816147779,0.1557193267418038,inf,7.128711759343963,0.0,0,0,0,DIRECT_LOCAL,PASS_THROUGH,0,CORRIDOR_CLEAR,1,9,6.0,23.0,2.0,6.0,23.0,2.0,1,
640,21.366667,0.033333,6.413252353668213,23.73712730407715,2.6071746349334717,2.927159527292481,-0.07304582744836807,-0.412634389872904,0.008196283673845398,-0.04252996898698348,0.41490133409508306,6.0,23.0,2.0,0.7707870543830543,-0.2393176197566474,-0.5904357659132002,0.16636013117981388,-0.39696425199508667,0.01838787831366062,-0.0391969159245491,-0.15350042283535004,direct,SAFE_PROGRESSING,NONE,1,0,"6.410,23.724;6.205,23.362;6.000,23.000",0,1,PASS_THROUGH,-1,0.7431586645096732,-0.25365456308766976,-0.6191724816147779,0.1557193267418038,inf,7.141879797954395,0.0,0,0,0,DIRECT_LOCAL,PASS_THROUGH,0,CORRIDOR_CLEAR,1,9,6.0,23.0,2.0,6.0,23.0,2.0,1,
641,21.4,0.033333,6.416489601135254,23.750471115112305,2.605837821960449,2.924609449787865,-0.08001269400119781,-0.41062957426425467,0.008271397532117055,-0.04264742978514666,0.41292113840884476,6.0,23.0,2.0,0.7772721229824713,-0.2353219664181483,-0.5834994592588908,0.16901291905985916,-0.39457958936691284,0.01840769127011299,-0.03924880176782608,-0.16155855357646942,direct,SAFE_PROGRESSING,NONE,1,0,"6.413,23.737;6.207,23.369;6.000,23.000",0,1,PASS_THROUGH,-1,0.7431586645096732,-0.25365456308766976,-0.6191724816147779,0.1557193267418038,inf,7.155001527179558,0.0,0,0,0,DIRECT_LOCAL,PASS_THROUGH,0,CORRIDOR_CLEAR,1,9,6.0,23.0,2.0,6.0,23.0,2.0,1,
642,21.433333,0.033333,6.419752597808838,23.76373863220215,2.6045079231262207,2.9218329505466945,-0.08663623780012131,-0.4083830582507602,0.008373265877481285,-0.042718971149291636,0.41069665733209093,6.0,23.0,2.0,0.7835843110716751,-0.23118168698199248,-0.5766720515565916,0.17165902044130496,-0.3920494019985199,0.01841750182211399,-0.03927498683333397,-0.16904406249523163,direct,SAFE_PROGRESSING,NONE,1,0,"6.416,23.750;6.208,23.375;6.000,23.000",1,1,PASS_THROUGH,-1,0.9591280149351162,-0.28297252687606167,0.0,0.17165902044130496,inf,7.168072904614871,0.0,0,0,0,DIRECT_LOCAL,PASS_THROUGH,0,CORRIDOR_CLEAR,1,9,6.0,23.0,2.0,6.0,23.0,2.0,1,
643,21.466667,0.033333,6.423041820526123,23.776920318603516,2.6031851768493652,2.91884166771709,-0.09290342032909393,-0.4059083262407452,0.008500681045274574,-0.042743797725891514,0.4082411825549068,6.0,23.0,2.0,0.7897237238583046,-0.22690630185501287,-0.5699561124804737,0.1742973254740619,-0.38939225673675537,0.01841806061565876,-0.039276547729969025,-0.1759600192308426,direct,SAFE_PROGRESSING,NONE,1,0,"6.420,23.764;6.210,23.382;6.000,23.000",0,1,PASS_THROUGH,-1,0.7835843110716751,-0.23118168698199248,-0.5766720515565916,0.17165902044130496,inf,7.18108587025946,0.0,0,0,0,DIRECT_LOCAL,PASS_THROUGH,0,CORRIDOR_CLEAR,1,9,6.0,23.0,2.0,6.0,23.0,2.0,1,
644,21.5,0.033333,6.426361083984375,23.79000473022461,2.601870536804199,2.915647612342349,-0.09880473464727402,-0.4032209433493999,0.008652514197626748,-0.04272188617887714,0.40557016004163926,6.0,23.0,2.0,0.7956896609098468,-0.22250624213582626,-0.5633550707429248,0.1769259238634118,-0.38662853837013245,0.01841137371957302,-0.03925460949540138,-0.18229684233665466,direct,SAFE_PROGRESSING,NONE,1,0,"6.423,23.777;6.212,23.388;6.000,23.000",0,1,PASS_THROUGH,-1,0.7835843110716751,-0.23118168698199248,-0.5766720515565916,0.17165902044130496,inf,7.194032417915219,0.0,0,0,0,DIRECT_LOCAL,PASS_THROUGH,0,CORRIDOR_CLEAR,1,9,6.0,23.0,2.0,6.0,23.0,2.0,1,
645,21.533333,0.033333,6.429708480834961,23.802988052368164,2.60056471824646,2.912263013734919,-0.10433341562747955,-0.40033840465456527,0.008827730022632305,-0.042654103324255524,0.4027010548646618,6.0,23.0,2.0,0.8014804460545525,-0.21799574557225354,-0.5568724714910883,0.17954289155670733,-0.38377586007118225,0.018398890271782875,-0.039210621267557144,-0.1880558878183365,direct,SAFE_PROGRESSING,NONE,1,0,"6.426,23.790;6.213,23.395;6.000,23.000",0,1,PASS_THROUGH,-1,0.7835843110716751,-0.23118168698199248,-0.5766720515565916,0.17165902044130496,inf,7.206908174576027,0.0,0,0,0,DIRECT_LOCAL,PASS_THROUGH,0,CORRIDOR_CLEAR,1,9,6.0,23.0,2.0,6.0,23.0,2.0,1,
646,21.566667,0.033333,6.433086395263672,23.81586265563965,2.5992681980133057,2.908700325787855,-0.10948462039232254,-0.39727979757537074,0.009025495855163435,-0.04254205361909665,0.3996530038209263,6.0,23.0,2.0,0.807098008195578,-0.21338206445171287,-0.5505096727007216,0.18214710436869508,-0.3808532953262329,0.01838267222046852,-0.03914622962474823,-0.19323210418224335,direct,SAFE_PROGRESSING,NONE,1,0,"6.430,23.803;6.215,23.401;6.000,23.000",0,1,PASS_THROUGH,-1,0.7835843110716751,-0.23118168698199248,-0.5766720515565916,0.17165902044130496,inf,7.219707672143214,0.0,0,0,0,DIRECT_LOCAL,PASS_THROUGH,0,CORRIDOR_CLEAR,1,9,6.0,23.0,2.0,6.0,23.0,2.0,1,
647,21.6,0.033333,6.436495304107666,23.8286190032959,2.5979814529418945,2.904972166234143,-0.11425495892763138,-0.3940654349377163,0.009245100701248411,-0.042388002531087335,0.3964464423578587,6.0,23.0,2.0,0.812542752134877,-0.2086778096431784,-0.5442681762840861,0.18473718614614232,-0.3778785467147827,0.0183645598590374,-0.03906305879354477,-0.19782036542892456,direct,SAFE_PROGRESSING,NONE,1,0,"6.433,23.816;6.217,23.408;6.000,23.000",0,1,PASS_THROUGH,-1,0.7835843110716751,-0.23118168698199248,-0.5766720515565916,0.17165902044130496,inf,7.2324228223322224,0.0,0,0,0,DIRECT_LOCAL,PASS_THROUGH,0,CORRIDOR_CLEAR,1,9,6.0,23.0,2.0,6.0,23.0,2.0,1,
648,21.633333,0.033333,6.439935684204102,23.841257095336914,2.5967049598693848,2.901091243288137,-0.11864179372787476,-0.3907165944427605,0.009485950641277354,-0.042194567320937244,0.3931028134520515,6.0,23.0,2.0,0.8178148263166201,-0.2038950241549165,-0.5381502847547166,0.18731124932914542,-0.37486913800239563,0.018346069380640984,-0.03896248713135719,-0.2018115073442459,direct,SAFE_PROGRESSING,NONE,1,0,"6.436,23.829;6.218,23.414;6.000,23.000",1,1,PASS_THROUGH,-1,0.970298264270483,-0.24191171603229114,0.0,0.18731124932914542,inf,7.245053742864382,0.0,0,0,0,DIRECT_LOCAL,PASS_THROUGH,0,CORRIDOR_CLEAR,1,9,6.0,23.0,2.0,6.0,23.0,2.0,1,
649,21.666667,0.033333,6.443408012390137,23.853769302368164,2.5954387187957764,2.8970703436218934,-0.1226426362991333,-0.38725511571157445,0.009747523990042686,-0.04196481274396602,0.3896441766244654,6.0,23.0,2.0,0.8229176603744744,-0.19904272209686696,-0.5321546006792298,0.1898691029831692,-0.3718414604663849,0.01832861267030239,-0.03884599357843399,-0.20519912242889404,direct,SAFE_PROGRESSING,NONE,1,0,"6.440,23.841;6.220,23.421;6.000,23.000",0,1,PASS_THROUGH,-1,0.8178148263166201,-0.2038950241549165,-0.5381502847547166,0.18731124932914542,inf,7.25759398340635,0.0,0,0,0,DIRECT_LOCAL,PASS_THROUGH,0,CORRIDOR_CLEAR,1,9,6.0,23.0,2.0,6.0,23.0,2.0,1,
650,21.7,0.033333,6.44691276550293,23.86614990234375,2.5941836833953857,2.8929223895887217,-0.12625467777252197,-0.3837031403230246,0.010029211192316496,-0.04170187711251979,0.3860929053033721,6.0,23.0,2.0,0.8278524135129319,-0.19413302009381267,-0.5262820080052794,0.19240921881427545,-0.3688111901283264,0.018313338980078697,-0.03871450573205948,-0.20796766877174377,direct,SAFE_PROGRESSING,NONE,1,0,"6.443,23.854;6.222,23.427;6.000,23.000",0,1,PASS_THROUGH,-1,0.8178148263166201,-0.2038950241549165,-0.5381502847547166,0.18731124932914542,inf,7.270038733472107,0.0,0,0,0,DIRECT_LOCAL,PASS_THROUGH,0,CORRIDOR_CLEAR,1,9,6.0,23.0,2.0,6.0,23.0,2.0,1,
651,21.733333,0.033333,6.4504499435424805,23.878398895263672,2.5929388999938965,2.8886603502312678,-0.129474475979805,-0.3800827311683445,0.010330413288887574,-0.04140885398344021,0.38247129717055794,6.0,23.0,2.0,0.8326206437662751,-0.1891775463570582,-0.520533110885904,0.19493041561537433,-0.36579155921936035,0.018301041796803474,-0.038568682968616486,-0.2101043462753296,direct,SAFE_PROGRESSING,NONE,1,0,"6.447,23.866;6.223,23.433;6.000,23.000",0,1,PASS_THROUGH,-1,0.8178148263166201,-0.2038950241549165,-0.5381502847547166,0.18731124932914542,inf,7.282387870024093,0.0,0,0,0,DIRECT_LOCAL,PASS_THROUGH,0,CORRIDOR_CLEAR,1,9,6.0,23.0,2.0,6.0,23.0,2.0,1,
652,21.766667,0.033333,6.454019546508789,23.890512466430664,2.591704845428467,2.884297391463696,-0.13229744136333466,-0.3764157646792667,0.010650302334959488,-0.041088842175384756,0.37880146487337757,6.0,23.0,2.0,0.8372263993565199,-0.1841861463569912,-0.5149052531395248,0.19743249690340878,-0.3627949655056,0.018292073160409927,-0.03840900585055351,-0.21159952878952026,direct,SAFE_PROGRESSING,NONE,1,0,"6.450,23.878;6.225,23.439;6.000,23.000",0,1,PASS_THROUGH,-1,0.8178148263166201,-0.2038950241549165,-0.5381502847547166,0.18731124932914542,inf,7.294637986395114,0.0,0,0,0,DIRECT_LOCAL,PASS_THROUGH,0,CORRIDOR_CLEAR,1,9,6.0,23.0,2.0,6.0,23.0,2.0,1,
653,21.8,0.033333,6.457622528076172,23.902488708496094,2.5904815196990967,2.879846756649913,-0.13471807539463043,-0.3727234486165426,0.010987954288122298,-0.04074480322177912,0.37510484304741776,6.0,23.0,2.0,0.841672031647521,-0.17917016192062235,-0.5093979232581071,0.19991460191596522,-0.35983169078826904,0.018286440521478653,-0.03823564574122429,-0.21244549751281738,direct,SAFE_PROGRESSING,NONE,1,0,"6.454,23.891;6.227,23.445;6.000,23.000",0,1,PASS_THROUGH,-1,0.8178148263166201,-0.2038950241549165,-0.5381502847547166,0.18731124932914542,inf,7.306787804810823,0.0,0,0,0,DIRECT_LOCAL,PASS_THROUGH,0,CORRIDOR_CLEAR,1,9,6.0,23.0,2.0,6.0,23.0,2.0,1,
654,21.833333,0.033333,6.4612579345703125,23.914325714111328,2.589268684387207,2.8753220350685305,-0.13673041760921478,-0.36902609265211656,0.011342180217994682,-0.04037980534584422,0.37140198005658814,6.0,23.0,2.0,0.8459605428578091,-0.1741415656407709,-0.5040093997574867,0.20237630762179393,-0.356911838054657,0.018283557146787643,-0.03804909437894821,-0.21264535188674927,direct,SAFE_PROGRESSING,NONE,1,0,"6.458,23.902;6.305,23.602;6.153,23.301;6.000,23.000",1,1,PASS_THROUGH,-1,0.9794631671758119,-0.20162317363320936,0.0,0.20237630762179393,inf,7.318835083223212,0.0,0,0,0,DIRECT_LOCAL,PASS_THROUGH,0,BYPASS_VISIBLE,1,9,6.0,23.0,2.0,6.0,23.0,2.0,1,
655,21.866667,0.033333,6.464926242828369,23.926023483276367,2.588066577911377,2.8707368666792807,-0.13832888007164001,-0.3653427550259208,0.011711594897366473,-0.03999674494494438,0.36771215605574004,6.0,23.0,2.0,0.8500951465154243,-0.1691111357608362,-0.49873807317328317,0.20481702992566425,-0.35404300689697266,0.018283119425177574,-0.03784964978694916,-0.21220175921916962,direct,SAFE_PROGRESSING,NONE,1,0,"6.461,23.914;6.308,23.610;6.154,23.305;6.000,23.000",0,1,PASS_THROUGH,-1,0.8459605428578091,-0.1741415656407709,-0.5040093997574867,0.20237630762179393,inf,7.330779952814699,0.0,0,0,0,DIRECT_LOCAL,PASS_THROUGH,0,BYPASS_VISIBLE,1,9,6.0,23.0,2.0,6.0,23.0,2.0,1,
656,21.9,0.033333,6.468627452850342,23.937583923339844,2.5868752002716064,2.866105040362058,-0.13950879871845245,-0.36169114694386995,0.012094622091380444,-0.03959849944377935,0.36405330216783427,6.0,23.0,2.0,0.8540792803383374,-0.164090404451003,-0.4935817278464167,0.20723666691488743,-0.3512323200702667,0.018284596502780914,-0.03763763606548309,-0.2111223340034485,direct,SAFE_PROGRESSING,NONE,1,0,"6.465,23.926;6.310,23.617;6.155,23.309;6.000,23.000",0,1,PASS_THROUGH,-1,0.8459605428578091,-0.1741415656407709,-0.5040093997574867,0.20237630762179393,inf,7.342623952633301,0.0,0,0,0,DIRECT_LOCAL,PASS_THROUGH,0,BYPASS_VISIBLE,1,9,6.0,23.0,2.0,6.0,23.0,2.0,1,
657,21.933333,0.033333,6.4723615646362305,23.949007034301758,2.5856940746307373,2.8614407670510653,-0.14026707410812378,-0.3580873936882459,0.01248936816392967,-0.03918790382962266,0.3604417534666798,6.0,23.0,2.0,0.8579168741681925,-0.15909048316736404,-0.48853746548555754,0.2096354266692854,-0.3484852612018585,0.018287260085344315,-0.03741353377699852,-0.20942290127277374,direct,SAFE_PROGRESSING,NONE,1,0,"6.469,23.938;6.312,23.625;6.156,23.313;6.000,23.000",0,1,PASS_THROUGH,-1,0.8459605428578091,-0.1741415656407709,-0.5040093997574867,0.20237630762179393,inf,7.354366981700161,0.0,0,0,0,DIRECT_LOCAL,PASS_THROUGH,0,BYPASS_VISIBLE,1,9,6.0,23.0,2.0,6.0,23.0,2.0,1,
658,21.966667,0.033333,6.476128101348877,23.960290908813477,2.5845232009887695,2.8567580046469345,-0.14060284197330475,-0.35454602775306676,0.012893780810985408,-0.038767690116209404,0.3568922374835666,6.0,23.0,2.0,0.8616115542832724,-0.15412313433788669,-0.4836027181348647,0.2120131881652465,-0.345805823802948,0.018290430307388306,-0.037178050726652145,-0.20712623000144958,direct,SAFE_PROGRESSING,NONE,1,0,"6.472,23.949;6.315,23.633;6.157,23.316;6.000,23.000",0,1,PASS_THROUGH,-1,0.8459605428578091,-0.1741415656407709,-0.5040093997574867,0.20237630762179393,inf,7.366007056401421,0.0,0,0,0,DIRECT_LOCAL,PASS_THROUGH,0,BYPASS_VISIBLE,1,9,6.0,23.0,2.0,6.0,23.0,2.0,1,
659,22.0,0.033333,6.479927062988281,23.97144317626953,2.583362579345703,2.8520708681836373,-0.14051790535449982,-0.3510798162834051,0.01330559835313871,-0.03834055896381164,0.3534177058535438,6.0,23.0,2.0,0.8651663462616083,-0.14920067443235985,-0.47877588916451064,0.21436945663446547,-0.34319692850112915,0.018293699249625206,-0.036932073533535004,-0.20426172018051147,direct,SAFE_PROGRESSING,NONE,1,0,"6.476,23.960;6.317,23.640;6.159,23.320;6.000,23.000",0,1,PASS_THROUGH,-1,0.8459605428578091,-0.1741415656407709,-0.5040093997574867,0.20237630762179393,inf,7.3775506683189045,0.0,0,0,0,DIRECT_LOCAL,PASS_THROUGH,0,BYPASS_VISIBLE,1,9,6.0,23.0,2.0,6.0,23.0,2.0,1,
660,22.033333,0.033333,6.483757972717285,23.982463836669922,2.582211971282959,2.8473933066884918,-0.1400173306465149,-0.34769972153297496,0.01372244359399301,-0.03790917996944264,0.35002929554289336,6.0,23.0,2.0,0.8685864503879364,-0.14433265383787494,-0.474052384487834,0.21670549882355944,-0.34065985679626465,0.01829635724425316,-0.03667685389518738,-0.2008635401725769,direct,SAFE_PROGRESSING,NONE,1,0,"6.480,23.971;6.320,23.648;6.160,23.324;6.000,23.000",1,1,PASS_THROUGH,-1,0.9864733252242815,-0.16392186742759157,0.0,0.21670549882355944,inf,7.38899749104518,0.0,0,0,0,DIRECT_LOCAL,PASS_THROUGH,0,BYPASS_VISIBLE,1,9,6.0,23.0,2.0,6.0,23.0,2.0,1,
661,22.066667,0.033333,6.487619876861572,23.99335479736328,2.581071138381958,2.8427390662508154,-0.13910995423793793,-0.3444150799218558,0.014141802158021917,-0.03747661746994862,0.3467365494187825,6.0,23.0,2.0,0.8718753700358393,-0.13953080211679664,-0.46942996749836047,0.21902118313366134,-0.33819282054901123,0.01829742267727852,-0.03641441836953163,-0.19697290658950806,direct,SAFE_PROGRESSING,NONE,1,0,"6.484,23.982;6.323,23.655;6.161,23.327;6.000,23.000",0,1,PASS_THROUGH,-1,0.8685864503879364,-0.14433265383787494,-0.474052384487834,0.21670549882355944,inf,7.400348608517896,0.0,0,0,0,DIRECT_LOCAL,PASS_THROUGH,0,BYPASS_VISIBLE,1,9,6.0,23.0,2.0,6.0,23.0,2.0,1,
662,22.1,0.033333,6.491512775421143,24.004121780395508,2.5799400806427,2.838121577327047,-0.13780836760997772,-0.34123318276683384,0.014561052888937498,-0.03704565141637665,0.3435469248462013,6.0,23.0,2.0,0.8750370810623749,-0.13480574665762998,-0.4649059232080376,0.22131668692216958,-0.33580121397972107,0.01829821988940239,-0.03614550828933716,-0.1926235556602478,direct,SAFE_PROGRESSING,NONE,1,0,"6.488,23.993;6.325,23.662;6.163,23.331;6.000,23.000",0,1,PASS_THROUGH,-1,0.8685864503879364,-0.14433265383787494,-0.474052384487834,0.21670549882355944,inf,7.4116088851747,0.0,0,0,0,DIRECT_LOCAL,PASS_THROUGH,0,BYPASS_VISIBLE,1,9,6.0,23.0,2.0,6.0,23.0,2.0,1,
663,22.133333,0.033333,6.49543571472168,24.014768600463867,2.5788183212280273,2.8335536586784036,-0.13612860441207886,-0.33815951537909583,0.014977689823102495,-0.03661824454765753,0.34046598195357786,6.0,23.0,2.0,0.878076259097369,-0.13016716133784312,-0.4604764850878034,0.22359296574506443,-0.333486944437027,0.018298959359526634,-0.03587093949317932,-0.18785905838012695,direct,SAFE_PROGRESSING,NONE,1,0,"6.492,24.004;6.328,23.669;6.164,23.335;6.000,23.000",0,1,PASS_THROUGH,-1,0.8685864503879364,-0.14433265383787494,-0.474052384487834,0.21670549882355944,inf,7.422781063864252,0.0,0,0,0,DIRECT_LOCAL,PASS_THROUGH,0,BYPASS_VISIBLE,1,9,6.0,23.0,2.0,6.0,23.0,2.0,1,
664,22.166667,0.033333,6.499388694763184,24.02529525756836,2.5777060985565186,2.8290476223121472,-0.13408970832824707,-0.3351983989676429,0.015389285300018095,-0.03619639473136397,0.33749811223778003,6.0,23.0,2.0,0.8809973257918068,-0.12562436412867553,-0.45613839027750214,0.22585055766228934,-0.33124372363090515,0.018298577517271042,-0.035593271255493164,-0.182743638753891,direct,SAFE_PROGRESSING,NONE,1,0,"6.495,24.015;6.330,23.677;6.165,23.338;6.000,23.000",0,1,PASS_THROUGH,-1,0.8685864503879364,-0.14433265383787494,-0.474052384487834,0.21670549882355944,inf,7.433865079208327,0.0,0,0,0,DIRECT_LOCAL,PASS_THROUGH,0,BYPASS_VISIBLE,1,9,6.0,23.0,2.0,6.0,23.0,2.0,1,
665,22.2,0.033333,6.503370761871338,24.03570556640625,2.5766031742095947,2.8246151487978266,-0.1317143738269806,-0.3323525864073557,0.01579355125404664,-0.03578268767144133,0.33464619927598915,6.0,23.0,2.0,0.8838037147235757,-0.12118809809718559,-0.45188985242025004,0.22808940647469314,-0.32906603813171387,0.018296658992767334,-0.03531499207019806,-0.17733821272850037,direct,SAFE_PROGRESSING,NONE,1,0,"6.499,24.025;6.333,23.684;6.166,23.342;6.000,23.000",0,1,PASS_THROUGH,-1,0.8685864503879364,-0.14433265383787494,-0.474052384487834,0.21670549882355944,inf,7.444863683729792,0.0,0,0,0,DIRECT_LOCAL,PASS_THROUGH,0,BYPASS_VISIBLE,1,9,6.0,23.0,2.0,6.0,23.0,2.0,1,
666,22.233333,0.033333,6.507380962371826,24.04600715637207,2.5755093097686768,2.8202671052201116,-0.12902933359146118,-0.329623250838608,0.01618827585975556,-0.03537989745365769,0.33191156188441945,6.0,23.0,2.0,0.8864998293613672,-0.11686658903442076,-0.44772787819134824,0.23031006440812113,-0.3269526958465576,0.018294349312782288,-0.035037871450185776,-0.17169560492038727,direct,SAFE_PROGRESSING,NONE,1,0,"6.503,24.036;6.336,23.690;6.168,23.345;6.000,23.000",1,1,PASS_THROUGH,-1,0.9914221718645859,-0.13069842055398895,0.0,0.23031006440812113,inf,7.455782931006742,0.0,0,0,0,DIRECT_LOCAL,PASS_THROUGH,0,BYPASS_VISIBLE,1,9,6.0,23.0,2.0,6.0,23.0,2.0,1,
667,22.266667,0.033333,6.511417388916016,24.056203842163086,2.5744235515594482,2.8160131972612517,-0.12606491148471832,-0.3270100275249533,0.01657140371997223,-0.03499039059887405,0.3292939370188629,6.0,23.0,2.0,0.8890907700376766,-0.11266591306872492,-0.4436485035094807,0.2325137769818335,-0.3249013423919678,0.018292320892214775,-0.034763261675834656,-0.1658678501844406,direct,SAFE_PROGRESSING,NONE,1,0,"6.507,24.046;6.338,23.697;6.169,23.349;6.000,23.000",0,1,PASS_THROUGH,-1,0.8864998293613672,-0.11686658903442076,-0.44772787819134824,0.23031006440812113,inf,7.4666251051482755,0.0,0,0,0,DIRECT_LOCAL,PASS_THROUGH,0,BYPASS_VISIBLE,1,9,6.0,23.0,2.0,6.0,23.0,2.0,1,
668,22.3,0.033333,6.515480041503906,24.066299438476562,2.573345899581909,2.811862317392614,-0.12285356223583221,-0.3245110041487893,0.01694103078476541,-0.03461614530037238,0.3267914745723372,6.0,23.0,2.0,0.891581093498568,-0.10859208643481644,-0.4396486238800609,0.2347010270012247,-0.3229030668735504,0.018289852887392044,-0.03449321165680885,-0.15991953015327454,direct,SAFE_PROGRESSING,NONE,1,0,"6.511,24.056;6.341,23.704;6.170,23.352;6.000,23.000",0,1,PASS_THROUGH,-1,0.8864998293613672,-0.11686658903442076,-0.44772787819134824,0.23031006440812113,inf,7.477393455510819,0.0,0,0,0,DIRECT_LOCAL,PASS_THROUGH,0,BYPASS_VISIBLE,1,9,6.0,23.0,2.0,6.0,23.0,2.0,1,
669,22.333333,0.033333,6.519567489624023,24.076295852661133,2.5722763538360596,2.8078221716279486,-0.11942978948354721,-0.32212289285423207,0.017295378253514335,-0.03425928451684826,0.32440096606717667,6.0,23.0,2.0,0.8939750144163218,-0.10465141399264921,-0.4357255502591932,0.23687246912077406,-0.32095208764076233,0.01828717067837715,-0.03422952815890312,-0.15390436351299286,direct,SAFE_PROGRESSING,NONE,1,0,"6.515,24.066;6.344,23.711;6.172,23.355;6.000,23.000",0,1,PASS_THROUGH,-1,0.8864998293613672,-0.11686658903442076,-0.44772787819134824,0.23031006440812113,inf,7.488088867126218,0.0,0,0,0,DIRECT_LOCAL,PASS_THROUGH,0,BYPASS_VISIBLE,1,9,6.0,23.0,2.0,6.0,23.0,2.0,1,
670,22.366667,0.033333,6.523678302764893,24.086198806762695,2.571214437484741,2.8038992011872375,-0.11582966148853302,-0.31984106501190274,0.01763290704417519,-0.03392170158700626,0.3221178481818955,6.0,23.0,2.0,0.8962764520525821,-0.1008487147183375,-0.4318773648105386,0.2390282944531684,-0.3190435767173767,0.01828465610742569,-0.03397385776042938,-0.14787894487380981,direct,SAFE_PROGRESSING,NONE,1,0,"6.520,24.076;6.346,23.718;6.173,23.359;6.000,23.000",0,1,PASS_THROUGH,-1,0.8864998293613672,-0.11686658903442076,-0.44772787819134824,0.23031006440812113,inf,7.498715525840555,0.0,0,0,0,DIRECT_LOCAL,PASS_THROUGH,0,BYPASS_VISIBLE,1,9,6.0,23.0,2.0,6.0,23.0,2.0,1,
671,22.4,0.033333,6.527811527252197,24.096010208129883,2.570159435272217,2.800098709317738,-0.11209014058113098,-0.3176597003728591,0.017952224938780223,-0.03360462372120956,0.31993630359287345,6.0,23.0,2.0,0.8984900503429499,-0.09718664636677637,-0.42810090539813433,0.24116938550317052,-0.31717705726623535,0.018283473327755928,-0.033726807683706284,-0.14188334345817566,direct,SAFE_PROGRESSING,NONE,1,0,"6.524,24.086;6.349,23.724;6.175,23.362;6.000,23.000",0,1,PASS_THROUGH,-1,0.8864998293613672,-0.11686658903442076,-0.44772787819134824,0.23031006440812113,inf,7.509274564685945,0.0,0,0,0,DIRECT_LOCAL,PASS_THROUGH,0,BYPASS_VISIBLE,1,9,6.0,23.0,2.0,6.0,23.0,2.0,1,
672,22.433333,0.033333,6.531965732574463,24.10573959350586,2.5691111087799072,2.7964246063314597,-0.10824801027774811,-0.315572065456066,0.018252231120126975,-0.033308560815668166,0.3178495440624088,6.0,23.0,2.0,0.9006198439722631,-0.09366815737439071,-0.42439388890211743,0.2432959830844074,-0.3153434097766876,0.018282387405633926,-0.033489715307950974,-0.13596811890602112,direct,SAFE_PROGRESSING,NONE,1,0,"6.528,24.096;6.352,23.731;6.176,23.365;6.000,23.000",1,1,PASS_THROUGH,-1,0.9946350582870218,-0.10344612523614821,0.0,0.2432959830844074,inf,7.519773475338991,0.0,0,0,0,DIRECT_LOCAL,PASS_THROUGH,0,BYPASS_VISIBLE,1,9,6.0,23.0,2.0,6.0,23.0,2.0,1,
673,22.466667,0.033333,6.536139488220215,24.115386962890625,2.5680694580078125,2.792879946124932,-0.10433913767337799,-0.313571147226871,0.018531933220996572,-0.033033982051344064,0.3158505040240588,6.0,23.0,2.0,0.9026707935266848,-0.09029274139903909,-0.4207524918102701,0.24540966478767606,-0.3135351538658142,0.018280893564224243,-0.03326360881328583,-0.13017621636390686,direct,SAFE_PROGRESSING,NONE,1,0,"6.532,24.106;6.355,23.737;6.177,23.369;6.000,23.000",0,1,PASS_THROUGH,-1,0.9006198439722631,-0.09366815737439071,-0.42439388890211743,0.2432959830844074,inf,7.530211509899879,0.0,0,0,0,DIRECT_LOCAL,PASS_THROUGH,0,BYPASS_VISIBLE,1,9,6.0,23.0,2.0,6.0,23.0,2.0,1,
674,22.5,0.033333,6.5403313636779785,24.124954223632812,2.5670337677001953,2.789466234084063,-0.1003984585404396,-0.3116492329392975,0.018790494364353684,-0.032781169004050426,0.3139314130688125,6.0,23.0,2.0,0.9046462536548716,-0.08706144667135524,-0.41717557485032186,0.24751029294277088,-0.3117460012435913,0.018279217183589935,-0.03304904326796532,-0.12453290820121765,direct,SAFE_PROGRESSING,NONE,1,0,"6.536,24.115;6.357,23.744;6.179,23.372;6.000,23.000",0,1,PASS_THROUGH,-1,0.9006198439722631,-0.09366815737439071,-0.42439388890211743,0.2432959830844074,inf,7.540589571742946,0.0,0,0,0,DIRECT_LOCAL,PASS_THROUGH,0,BYPASS_VISIBLE,1,9,6.0,23.0,2.0,6.0,23.0,2.0,1,
675,22.533333,0.033333,6.544539928436279,24.134445190429688,2.5660030841827393,2.7861840455379707,-0.09645869582891464,-0.3097981743883097,0.019027320591559323,-0.03255004077124751,0.31208404787401967,6.0,23.0,2.0,0.9065499834949036,-0.08397389514017939,-0.4136611081070787,0.24959807594157515,-0.30997228622436523,0.018277518451213837,-0.03284579515457153,-0.11906162649393082,direct,SAFE_PROGRESSING,NONE,1,0,"6.540,24.125;6.360,23.750;6.180,23.375;6.000,23.000",0,1,PASS_THROUGH,-1,0.9006198439722631,-0.09366815737439071,-0.42439388890211743,0.2432959830844074,inf,7.550910216069975,0.0,0,0,0,DIRECT_LOCAL,PASS_THROUGH,0,BYPASS_VISIBLE,1,9,6.0,23.0,2.0,6.0,23.0,2.0,1,
676,22.566667,0.033333,6.548763275146484,24.143863677978516,2.5649778842926025,2.783032778709166,-0.09254953265190125,-0.308009357954877,0.0192419151960004,-0.03234007233145211,0.31029968766756616,6.0,23.0,2.0,0.9083859779795338,-0.0810280503105803,-0.41020649686838495,0.25167356823873566,-0.30820831656455994,0.01827607862651348,-0.032653648406267166,-0.11378098279237747,direct,SAFE_PROGRESSING,NONE,1,0,"6.545,24.134;6.363,23.756;6.182,23.378;6.000,23.000",0,1,PASS_THROUGH,-1,0.9006198439722631,-0.09366815737439071,-0.42439388890211743,0.2432959830844074,inf,7.561175761521171,0.0,0,0,0,DIRECT_LOCAL,PASS_THROUGH,0,BYPASS_VISIBLE,1,9,6.0,23.0,2.0,6.0,23.0,2.0,1,
677,22.6,0.033333,6.553000450134277,24.15321159362793,2.5639569759368896,2.780011069452949,-0.0886971578001976,-0.3062740746632623,0.019433888435676935,-0.03215020484314084,0.30856947435225,6.0,23.0,2.0,0.9101576890421951,-0.0782208258693955,-0.4068101319752011,0.25373728507635873,-0.3064502775669098,0.018273595720529556,-0.03247183561325073,-0.10870794206857681,direct,SAFE_PROGRESSING,NONE,1,0,"6.549,24.144;6.366,23.763;6.183,23.381;6.000,23.000",0,1,PASS_THROUGH,-1,0.9006198439722631,-0.09366815737439071,-0.42439388890211743,0.2432959830844074,inf,7.5713873589639435,0.0,0,0,0,DIRECT_LOCAL,PASS_THROUGH,0,BYPASS_VISIBLE,1,9,6.0,23.0,2.0,6.0,23.0,2.0,1,
678,22.633333,0.033333,6.557249546051025,24.162492752075195,2.562940835952759,2.7771164793280674,-0.08492420613765717,-0.3045834396081936,0.019603236025270365,-0.03197913823398867,0.306884381858069,6.0,23.0,2.0,0.9118686348705795,-0.07554938076987466,-0.4034698053194991,0.2557894819985046,-0.3046906888484955,0.0182688906788826,-0.03230014815926552,-0.10386177897453308,direct,SAFE_PROGRESSING,NONE,1,0,"6.553,24.153;6.369,23.769;6.184,23.384;6.000,23.000",1,1,PASS_THROUGH,-1,0.9965854111345316,-0.08256826456827399,0.0,0.2557894819985046,inf,7.581547331970708,0.0,0,0,0,DIRECT_LOCAL,PASS_THROUGH,0,BYPASS_VISIBLE,1,9,6.0,23.0,2.0,6.0,23.0,2.0,1,
679,22.666667,0.033333,6.561508655548096,24.171707153320312,2.5619285106658936,2.7743461867320365,-0.08125031739473343,-0.3029287064531628,0.0197499187714586,-0.0318256917626253,0.30523554042908463,6.0,23.0,2.0,0.9135219767945314,-0.07300926869161856,-0.40018401342198406,0.25783067739905857,-0.3029225468635559,0.01826140657067299,-0.032138288021087646,-0.09925137460231781,direct,SAFE_PROGRESSING,NONE,1,0,"6.557,24.162;6.371,23.775;6.186,23.387;6.000,23.000",0,1,PASS_THROUGH,-1,0.9118686348705795,-0.07554938076987466,-0.4034698053194991,0.2557894819985046,inf,7.591654707185259,0.0,0,0,0,DIRECT_LOCAL,PASS_THROUGH,0,BYPASS_VISIBLE,1,9,6.0,23.0,2.0,6.0,23.0,2.0,1,
680,22.7,0.033333,6.565776348114014,24.180858612060547,2.560919761657715,2.7716964504167394,-0.07769220322370529,-0.30130107491910607,0.019874028859526233,-0.03168867693658815,0.3036140428512976,6.0,23.0,2.0,0.9151206412900835,-0.07059635819278076,-0.3969513397064465,0.25986070294659175,-0.3011423647403717,0.018251242116093636,-0.03198545053601265,-0.09487731009721756,direct,SAFE_PROGRESSING,NONE,1,0,"6.562,24.172;6.374,23.781;6.187,23.391;6.000,23.000",0,1,PASS_THROUGH,-1,0.9118686348705795,-0.07554938076987466,-0.4034698053194991,0.2557894819985046,inf,7.601712051674055,0.0,0,0,0,DIRECT_LOCAL,PASS_THROUGH,0,BYPASS_VISIBLE,1,9,6.0,23.0,2.0,6.0,23.0,2.0,1,
681,22.733333,0.033333,6.570050239562988,24.18994903564453,2.5599145889282227,2.769163310196078,-0.07426339387893677,-0.29969181770284725,0.01997579114466403,-0.03156677581486475,0.3020110580181425,6.0,23.0,2.0,0.9166676853879847,-0.06830544603775962,-0.39376988280849684,0.2618801204950686,-0.2993440330028534,0.018237365409731865,-0.03184095397591591,-0.09074465185403824,direct,SAFE_PROGRESSING,NONE,1,0,"6.566,24.181;6.377,23.787;6.189,23.394;6.000,23.000",0,1,PASS_THROUGH,-1,0.9118686348705795,-0.07554938076987466,-0.4034698053194991,0.2557894819985046,inf,7.611719806131885,0.0,0,0,0,DIRECT_LOCAL,PASS_THROUGH,0,BYPASS_VISIBLE,1,9,6.0,23.0,2.0,6.0,23.0,2.0,1,
682,22.766667,0.033333,6.574328899383545,24.198976516723633,2.558912754058838,2.7667422142823486,-0.07097449153661728,-0.2980923702089723,0.02005539255100004,-0.0314585326567258,0.30041790762884274,6.0,23.0,2.0,0.9181657300508237,-0.06613072554636823,-0.3906384764701872,0.26388906631819137,-0.29752403497695923,0.018219467252492905,-0.03170401602983475,-0.08685347437858582,direct,SAFE_PROGRESSING,NONE,1,0,"6.570,24.190;6.380,23.793;6.190,23.397;6.000,23.000",0,1,PASS_THROUGH,-1,0.9118686348705795,-0.07554938076987466,-0.4034698053194991,0.2557894819985046,inf,7.6216755914038705,0.0,0,0,0,DIRECT_LOCAL,PASS_THROUGH,0,BYPASS_VISIBLE,1,9,6.0,23.0,2.0,6.0,23.0,2.0,1,
683,22.8,0.033333,6.578610897064209,24.207944869995117,2.5579140186309814,2.764428296756469,-0.06783341616392136,-0.29649436330531037,0.020113207697251122,-0.03136244607358472,0.2988261227192372,6.0,23.0,2.0,0.919616878518323,-0.06406780800621215,-0.38755659292740063,0.2658870716918632,-0.2956753075122833,0.018195681273937225,-0.03157404437661171,-0.08320830762386322,direct,SAFE_PROGRESSING,NONE,1,0,"6.574,24.199;6.383,23.799;6.191,23.400;6.000,23.000",0,1,PASS_THROUGH,-1,0.9118686348705795,-0.07554938076987466,-0.4034698053194991,0.2557894819985046,inf,7.631581979309371,0.0,0,0,0,DIRECT_LOCAL,PASS_THROUGH,0,BYPASS_VISIBLE,1,9,6.0,23.0,2.0,6.0,23.0,2.0,1,
684,22.833333,0.033333,6.5828962326049805,24.21685028076172,2.5569183826446533,2.7622165753567085,-0.06484601646661758,-0.2948895242378357,0.020149617631138837,-0.0312773563893499,0.29722737360244017,6.0,23.0,2.0,0.9210237698816696,-0.06211048653924256,-0.38452243468335606,0.26787470049625584,-0.2937930226325989,0.01816551759839058,-0.03145056217908859,-0.07980555295944214,direct,SAFE_PROGRESSING,NONE,1,0,"6.579,24.208;6.386,23.805;6.193,23.403;6.000,23.000",1,1,PASS_THROUGH,-1,0.9977338951528427,-0.06728353783160052,0.0,0.26787470049625584,inf,7.641435659865238,0.0,0,0,0,DIRECT_LOCAL,PASS_THROUGH,0,BYPASS_VISIBLE,1,9,6.0,23.0,2.0,6.0,23.0,2.0,1,
685,22.866667,0.033333,6.587179660797119,24.22570037841797,2.5559256076812744,2.760101857421565,-0.06201640143990517,-0.2932699306033015,0.020165064391896807,-0.031201913273824572,0.2956136691865615,6.0,23.0,2.0,0.9223880033468008,-0.06025543960063706,-0.38153591348710003,0.2698512644976824,-0.2918764650821686,0.01812923513352871,-0.03133269026875496,-0.07663396745920181,direct,SAFE_PROGRESSING,NONE,1,0,"6.583,24.217;6.389,23.811;6.194,23.406;6.000,23.000",0,1,PASS_THROUGH,-1,0.9210237698816696,-0.06211048653924256,-0.38452243468335606,0.26787470049625584,inf,7.651240594693859,0.0,0,0,0,DIRECT_LOCAL,PASS_THROUGH,0,BYPASS_VISIBLE,1,9,6.0,23.0,2.0,6.0,23.0,2.0,1,
686,22.9,0.033333,6.591458320617676,24.2344913482666,2.5549354553222656,2.758078737776318,-0.05934658274054527,-0.29162805888476007,0.020160044814965025,-0.031134466179925883,0.2939773921922287,6.0,23.0,2.0,0.9237123765304958,-0.05849255389505048,-0.37859485810456855,0.2718176868202488,-0.2899235486984253,0.018086044117808342,-0.031219346448779106,-0.07368597388267517,direct,SAFE_PROGRESSING,NONE,1,0,"6.587,24.226;6.391,23.817;6.196,23.409;6.000,23.000",0,1,PASS_THROUGH,-1,0.9210237698816696,-0.06211048653924256,-0.38452243468335606,0.26787470049625584,inf,7.660992041714873,0.0,0,0,0,DIRECT_LOCAL,PASS_THROUGH,0,BYPASS_VISIBLE,1,9,6.0,23.0,2.0,6.0,23.0,2.0,1,
687,22.933333,0.033333,6.595733642578125,24.243221282958984,2.553948163986206,2.75614203941143,-0.05683654174208641,-0.2899569629098978,0.02013510865442421,-0.03107319376681056,0.29231148850383404,6.0,23.0,2.0,0.9249982955321137,-0.05681673673029097,-0.37569936344104365,0.27377303256332414,-0.28793084621429443,0.01803576387465,-0.03110981360077858,-0.07095585763454437,direct,SAFE_PROGRESSING,NONE,1,0,"6.591,24.234;6.394,23.823;6.197,23.411;6.000,23.000",0,1,PASS_THROUGH,-1,0.9210237698816696,-0.06211048653924256,-0.38452243468335606,0.26787470049625584,inf,7.670689060846299,0.0,0,0,0,DIRECT_LOCAL,PASS_THROUGH,0,BYPASS_VISIBLE,1,9,6.0,23.0,2.0,6.0,23.0,2.0,1,
688,22.966667,0.033333,6.600002765655518,24.25189208984375,2.5529634952545166,2.754286433929462,-0.05448472499847412,-0.2882503878306917,0.020090835849694583,-0.031016631469275753,0.29060963369679355,6.0,23.0,2.0,0.9262472101566281,-0.055224788073764575,-0.37284893517250506,0.27571708190110994,-0.2858935296535492,0.017977824434638023,-0.031003765761852264,-0.06843622028827667,direct,SAFE_PROGRESSING,NONE,1,0,"6.596,24.243;6.397,23.829;6.199,23.414;6.000,23.000",0,1,PASS_THROUGH,-1,0.9210237698816696,-0.06211048653924256,-0.38452243468335606,0.26787470049625584,inf,7.680331861821007,0.0,0,0,0,DIRECT_LOCAL,PASS_THROUGH,0,BYPASS_VISIBLE,1,9,6.0,23.0,2.0,6.0,23.0,2.0,1,
689,23.0,0.033333,6.604264259338379,24.2605037689209,2.5519814491271973,2.752506590603243,-0.05228841304779053,-0.28650273670029486,0.020027961491333655,-0.03096363470877621,0.28886620441414657,6.0,23.0,2.0,0.9274609702659559,-0.05370975820808549,-0.37004244419601495,0.27764993235422347,-0.28380876779556274,0.017911626026034355,-0.030900735408067703,-0.06611929088830948,direct,SAFE_PROGRESSING,NONE,1,0,"6.600,24.252;6.400,23.835;6.200,23.417;6.000,23.000",0,1,PASS_THROUGH,-1,0.9210237698816696,-0.06211048653924256,-0.38452243468335606,0.26787470049625584,inf,7.6899197219559055,0.0,0,0,0,DIRECT_LOCAL,PASS_THROUGH,0,BYPASS_VISIBLE,1,9,6.0,23.0,2.0,6.0,23.0,2.0,1,
690,23.033333,0.033333,6.608514785766602,24.269054412841797,2.551002264022827,2.750797470351311,-0.05024399608373642,-0.28470880976949575,0.019947213226240313,-0.030913122520077913,0.28707598091759146,6.0,23.0,2.0,0.9286410679473239,-0.05226637269647799,-0.3672791761137661,0.2795714611027062,-0.28167635202407837,0.017837662249803543,-0.03080020472407341,-0.06399168074131012,direct,SAFE_PROGRESSING,NONE,1,0,"6.604,24.261;6.403,23.840;6.201,23.420;6.000,23.000",1,1,PASS_THROUGH,-1,0.9984198851597559,-0.05619370887902042,0.0,0.2795714611027062,inf,7.699449312834198,0.0,0,0,0,DIRECT_LOCAL,PASS_THROUGH,0,BYPASS_VISIBLE,1,9,6.0,23.0,2.0,6.0,23.0,2.0,1,
691,23.066667,0.033333,6.612753391265869,24.277544021606445,2.5500264167785645,2.749154141895621,-0.048346955329179764,-0.28286388361675174,0.019849341976488966,-0.030864206820508958,0.2852342410972252,6.0,23.0,2.0,0.9297886652903236,-0.050888832048939514,-0.36455913741165963,0.2814810364660334,-0.2794933617115021,0.017755668610334396,-0.030701786279678345,-0.06204581260681152,direct,SAFE_PROGRESSING,NONE,1,0,"6.609,24.269;6.406,23.846;6.203,23.423;6.000,23.000",0,1,PASS_THROUGH,-1,0.9286410679473239,-0.05226637269647799,-0.3672791761137661,0.2795714611027062,inf,7.708920151960167,0.0,0,0,0,DIRECT_LOCAL,PASS_THROUGH,0,BYPASS_VISIBLE,1,9,6.0,23.0,2.0,6.0,23.0,2.0,1,
692,23.1,0.033333,6.616978168487549,24.285968780517578,2.549053192138672,2.74757159884278,-0.046592023223638535,-0.2809637049073622,0.019735197350885792,-0.0308160564302585,0.2833367445702418,6.0,23.0,2.0,0.930905007545802,-0.049572146989637744,-0.36188184421021746,0.2833785768649559,-0.27726054191589355,0.017666377127170563,-0.030605020001530647,-0.06026538088917732,direct,SAFE_PROGRESSING,NONE,1,0,"6.613,24.278;6.409,23.852;6.204,23.426;6.000,23.000",0,1,PASS_THROUGH,-1,0.9286410679473239,-0.05226637269647799,-0.3672791761137661,0.2795714611027062,inf,7.7183279779405956,0.0,0,0,0,DIRECT_LOCAL,PASS_THROUGH,0,BYPASS_VISIBLE,1,9,6.0,23.0,2.0,6.0,23.0,2.0,1,
693,23.133333,0.033333,6.62118673324585,24.294330596923828,2.5480828285217285,2.7460452792182153,-0.044973257929086685,-0.27900468634791487,0.019605643556348886,-0.030767845710387084,0.2813799150490581,6.0,23.0,2.0,0.9319911631467371,-0.04831223419477376,-0.3592469900270582,0.2852632303579357,-0.2749762535095215,0.01756938174366951,-0.030509725213050842,-0.058645278215408325,direct,SAFE_PROGRESSING,NONE,1,0,"6.617,24.286;6.411,23.857;6.206,23.429;6.000,23.000",0,1,PASS_THROUGH,-1,0.9286410679473239,-0.05226637269647799,-0.3672791761137661,0.2795714611027062,inf,7.72767324320004,0.0,0,0,0,DIRECT_LOCAL,PASS_THROUGH,0,BYPASS_VISIBLE,1,9,6.0,23.0,2.0,6.0,23.0,2.0,1,
694,23.166667,0.033333,6.625378131866455,24.30262565612793,2.5471155643463135,2.744570721439312,-0.04348422959446907,-0.2769837512980471,0.019461645006666424,-0.030718870084518738,0.27936070426739235,6.0,23.0,2.0,0.9330484522840358,-0.04710319910465477,-0.3566537176652904,0.28713513555076076,-0.27264052629470825,0.017464654520154,-0.030415663495659828,-0.057176850736141205,direct,SAFE_PROGRESSING,NONE,1,0,"6.621,24.294;6.414,23.863;6.207,23.431;6.000,23.000",0,1,PASS_THROUGH,-1,0.9286410679473239,-0.05226637269647799,-0.3672791761137661,0.2795714611027062,inf,7.736952164780425,0.0,0,0,0,DIRECT_LOCAL,PASS_THROUGH,0,BYPASS_VISIBLE,1,9,6.0,23.0,2.0,6.0,23.0,2.0,1,
695,23.2,0.033333,6.629549980163574,24.310853958129883,2.5461513996124268,2.743143745123942,-0.042118463665246964,-0.27489846275519914,0.019304227314010634,-0.030668405786410828,0.27727670138481253,6.0,23.0,2.0,0.9340776208994592,-0.045941838143723934,-0.35410216836780595,0.2889935229599097,-0.2702527940273285,0.017352646216750145,-0.030322663486003876,-0.05584828555583954,direct,SAFE_PROGRESSING,NONE,1,0,"6.625,24.303;6.417,23.868;6.208,23.434;6.000,23.000",0,1,PASS_THROUGH,-1,0.9286410679473239,-0.05226637269647799,-0.3672791761137661,0.2795714611027062,inf,7.746163545172746,0.0,0,0,0,DIRECT_LOCAL,PASS_THROUGH,0,BYPASS_VISIBLE,1,9,6.0,23.0,2.0,6.0,23.0,2.0,1,
696,23.233333,0.033333,6.633700370788574,24.31901741027832,2.5451900959014893,2.7417603277126323,-0.040869422256946564,-0.2727469662426627,0.01913434292110705,-0.030616025662032795,0.2751261014533826,6.0,23.0,2.0,0.9350797487595389,-0.04482318397110735,-0.3515917314705937,0.29083818711226606,-0.26781219244003296,0.017234032973647118,-0.03023058921098709,-0.054645463824272156,direct,SAFE_PROGRESSING,NONE,1,0,"6.630,24.311;6.420,23.874;6.210,23.437;6.000,23.000",1,1,PASS_THROUGH,-1,0.998853087040391,-0.047880168231547504,0.0,0.29083818711226606,inf,7.755308077271489,0.0,0,0,0,DIRECT_LOCAL,PASS_THROUGH,0,BYPASS_VISIBLE,1,9,6.0,23.0,2.0,6.0,23.0,2.0,1,
697,23.266667,0.033333,6.637828350067139,24.32710838317871,2.544232130050659,2.740416669539379,-0.03973028436303139,-0.27052795141744596,0.018953122168041226,-0.03056131387467332,0.272907653325778,6.0,23.0,2.0,0.9360560644503433,-0.043742239032882546,-0.3491212693751623,0.2926693074823462,-0.26531797647476196,0.01710924692451954,-0.030139164999127388,-0.05355742201209068,direct,SAFE_PROGRESSING,NONE,1,0,"6.634,24.319;6.422,23.879;6.211,23.440;6.000,23.000",0,1,PASS_THROUGH,-1,0.9350797487595389,-0.04482318397110735,-0.3515917314705937,0.29083818711226606,inf,7.7643786767535685,0.0,0,0,0,DIRECT_LOCAL,PASS_THROUGH,0,BYPASS_VISIBLE,1,9,6.0,23.0,2.0,6.0,23.0,2.0,1,
698,23.3,0.033333,6.641931533813477,24.335128784179688,2.5432775020599365,2.7391093991003834,-0.0386938713490963,-0.2682405371343953,0.018761569430853976,-0.030503877742479174,0.27062052547245147,6.0,23.0,2.0,0.9370067954238278,-0.04269755691298133,-0.3466917708328707,0.2944854267941,-0.26277294754981995,0.016978280618786812,-0.030048107728362083,-0.05257584527134895,direct,SAFE_PROGRESSING,NONE,1,0,"6.638,24.327;6.425,23.885;6.213,23.442;6.000,23.000",0,1,PASS_THROUGH,-1,0.9350797487595389,-0.04482318397110735,-0.3515917314705937,0.29083818711226606,inf,7.773375798231926,0.0,0,0,0,DIRECT_LOCAL,PASS_THROUGH,0,BYPASS_VISIBLE,1,9,6.0,23.0,2.0,6.0,23.0,2.0,1,
699,23.333333,0.033333,6.646008491516113,24.343074798583984,2.542325973510742,2.7378350211042073,-0.03775293380022049,-0.26588419317093664,0.018560795137674366,-0.030443483228491757,0.2682642595751178,6.0,23.0,2.0,0.9379330350662713,-0.041684128631112594,-0.34430227293998156,0.29628668309252465,-0.2601768970489502,0.0168414656072855,-0.02995760180056095,-0.051692694425582886,direct,SAFE_PROGRESSING,NONE,1,0,"6.642,24.335;6.428,23.890;6.214,23.445;6.000,23.000",0,1,PASS_THROUGH,-1,0.9350797487595389,-0.04482318397110735,-0.3515917314705937,0.29083818711226606,inf,7.782295420912086,0.0,0,0,0,DIRECT_LOCAL,PASS_THROUGH,0,BYPASS_VISIBLE,1,9,6.0,23.0,2.0,6.0,23.0,2.0,1,
700,23.366667,0.033333,6.650058269500732,24.3509464263916,2.5413780212402344,2.736590583935351,-0.036900341510772705,-0.26345892863489234,0.018351865240528713,-0.03038024044441248,0.2658389682584406,6.0,23.0,2.0,0.9388354051876711,-0.04069956405296454,-0.3419526684381922,0.298072265445971,-0.25752854347229004,0.016699161380529404,-0.02986794523894787,-0.05089959874749184,direct,SAFE_PROGRESSING,NONE,1,0,"6.646,24.343;6.431,23.895;6.215,23.448;6.000,23.000",0,1,PASS_THROUGH,-1,0.9350797487595389,-0.04482318397110735,-0.3515917314705937,0.29083818711226606,inf,7.791137065071498,0.0,0,0,0,DIRECT_LOCAL,PASS_THROUGH,0,BYPASS_VISIBLE,1,9,6.0,23.0,2.0,6.0,23.0,2.0,1,
701,23.4,0.033333,6.654078006744385,24.358739852905273,2.540433406829834,2.7353731941360118,-0.03612932935357094,-0.26096495805055153,0.018135878570671563,-0.030314294952173835,0.2633449750807932,6.0,23.0,2.0,0.9397146606151969,-0.039740746848624664,-0.3396425027360074,0.299842091823448,-0.25482743978500366,0.01655174046754837,-0.029779160395264626,-0.05018584430217743,direct,SAFE_PROGRESSING,NONE,1,0,"6.650,24.351;6.433,23.901;6.217,23.450;6.000,23.000",0,1,PASS_THROUGH,-1,0.9350797487595389,-0.04482318397110735,-0.3515917314705937,0.29083818711226606,inf,7.799895994081493,0.0,0,0,0,DIRECT_LOCAL,PASS_THROUGH,0,BYPASS_VISIBLE,1,9,6.0,23.0,2.0,6.0,23.0,2.0,1,
702,23.433333,0.033333,6.658066749572754,24.366455078125,2.539492130279541,2.7341802879339703,-0.03543335944414139,-0.2584028614124889,0.017913826064976,-0.030245739880096358,0.26078295329898893,6.0,23.0,2.0,0.9405713501866921,-0.03880481952917331,-0.33737178481504837,0.301595227202272,-0.25207552313804626,0.01639900542795658,-0.029691070318222046,-0.049544479697942734,direct,SAFE_PROGRESSING,NONE,1,0,"6.654,24.359;6.491,24.019;6.327,23.679;6.164,23.340;6.000,23.000",1,1,PASS_THROUGH,-1,0.9991500294716745,-0.04122157938206478,0.0,0.301595227202272,inf,7.808571728665785,0.0,0,0,0,DIRECT_LOCAL,PASS_THROUGH,0,BYPASS_VISIBLE,1,9,6.0,23.0,2.0,6.0,23.0,2.0,1,
703,23.466667,0.033333,6.662023544311523,24.374088287353516,2.5385544300079346,2.7330094490801637,-0.034805990755558014,-0.25577333297273164,0.017686656053596254,-0.030174746433708547,0.2581536964381424,6.0,23.0,2.0,0.9414062506185223,-0.037889113454630974,-0.33513980124419424,0.30333158934913784,-0.2492724061012268,0.01624208875000477,-0.029603708535432816,-0.04896163195371628,direct,SAFE_PROGRESSING,NONE,1,0,"6.658,24.366;6.494,24.025;6.329,23.683;6.165,23.342;6.000,23.000",0,1,PASS_THROUGH,-1,0.9405713501866921,-0.03880481952917331,-0.33737178481504837,0.301595227202272,inf,7.817160487037335,0.0,0,0,0,DIRECT_LOCAL,PASS_THROUGH,0,BYPASS_VISIBLE,1,9,6.0,23.0,2.0,6.0,23.0,2.0,1,
704,23.5,0.033333,6.665947437286377,24.381635665893555,2.5376200675964355,2.731858493251369,-0.034240853041410446,-0.253077223203133,0.017455245855788247,-0.030101456048607422,0.2554581456292607,6.0,23.0,2.0,0.9422197745151394,-0.036992187252137376,-0.3329466542780432,0.3050504085992943,-0.24641947448253632,0.016081729903817177,-0.029517093673348427,-0.04842892289161682,direct,SAFE_PROGRESSING,NONE,1,0,"6.662,24.374;6.497,24.031;6.331,23.687;6.166,23.344;6.000,23.000",0,1,PASS_THROUGH,-1,0.9405713501866921,-0.03880481952917331,-0.33737178481504837,0.301595227202272,inf,7.825658487277214,0.0,0,0,0,DIRECT_LOCAL,PASS_THROUGH,0,BYPASS_VISIBLE,1,9,6.0,23.0,2.0,6.0,23.0,2.0,1,
705,23.533333,0.033333,6.669835567474365,24.389101028442383,2.536689281463623,2.7307254218139363,-0.03373147174715996,-0.2503155755179019,0.01722049772323013,-0.030026114075054865,0.2526974483748152,6.0,23.0,2.0,0.9430124109345157,-0.036112760112557374,-0.330792172489805,0.30675091540188887,-0.2435186505317688,0.01591840200126171,-0.029431553557515144,-0.047941528260707855,direct,SAFE_PROGRESSING,NONE,1,0,"6.666,24.382;6.499,24.036;6.333,23.691;6.166,23.345;6.000,23.000",0,1,PASS_THROUGH,-1,0.9405713501866921,-0.03880481952917331,-0.33737178481504837,0.301595227202272,inf,7.834067598853282,0.0,0,0,0,DIRECT_LOCAL,PASS_THROUGH,0,BYPASS_VISIBLE,1,9,6.0,23.0,2.0,6.0,23.0,2.0,1,
706,23.566667,0.033333,6.673687934875488,24.396480560302734,2.535761833190918,2.729608479600333,-0.03327156975865364,-0.24748969280056582,0.0169833429120787,-0.029948775437225187,0.24987298999527147,6.0,23.0,2.0,0.9437850525663214,-0.035246696114181186,-0.32867528803580687,0.3084335490619262,-0.24057172238826752,0.015752023085951805,-0.029346726834774017,-0.04749142378568649,direct,SAFE_PROGRESSING,NONE,1,0,"6.670,24.389;6.502,24.042;6.335,23.695;6.167,23.347;6.000,23.000",0,1,PASS_THROUGH,-1,0.9405713501866921,-0.03880481952917331,-0.33737178481504837,0.301595227202272,inf,7.8423845174305145,0.0,0,0,0,DIRECT_LOCAL,PASS_THROUGH,0,BYPASS_VISIBLE,1,9,6.0,23.0,2.0,6.0,23.0,2.0,1,
707,23.6,0.033333,6.677502632141113,24.403772354125977,2.5348377227783203,2.7285062082203044,-0.03285522386431694,-0.24460112779242132,0.016744685248315686,-0.029869375997974925,0.24698638793240796,6.0,23.0,2.0,0.9445381267323354,-0.03439375523973215,-0.32659576964418896,0.31009762262231155,-0.237579345703125,0.015583102591335773,-0.02926267310976982,-0.04707106202840805,direct,SAFE_PROGRESSING,NONE,1,0,"6.674,24.396;6.505,24.047;6.337,23.698;6.168,23.349;6.000,23.000",0,1,PASS_THROUGH,-1,0.9405713501866921,-0.03880481952917331,-0.33737178481504837,0.301595227202272,inf,7.850606635771187,0.0,0,0,0,DIRECT_LOCAL,PASS_THROUGH,0,BYPASS_VISIBLE,1,9,6.0,23.0,2.0,6.0,23.0,2.0,1,
708,23.633333,0.033333,6.681278705596924,24.41097640991211,2.53391695022583,2.727417197192279,-0.03247677534818649,-0.24165175802517055,0.016505339565586676,-0.029788156666128055,0.2440396129082259,6.0,23.0,2.0,0.9452721182700365,-0.0335521738018405,-0.3245533454679664,0.3117426270991199,-0.23453763127326965,0.015412047505378723,-0.02917991578578949,-0.046676117926836014,direct,SAFE_PROGRESSING,NONE,1,0,"6.678,24.404;6.508,24.053;6.339,23.702;6.169,23.351;6.000,23.000",1,1,PASS_THROUGH,-1,0.9993706568599343,-0.035472386547050594,0.0,0.3117426270991199,inf,7.858733475419798,0.0,0,0,0,DIRECT_LOCAL,PASS_THROUGH,0,BYPASS_VISIBLE,1,9,6.0,23.0,2.0,6.0,23.0,2.0,1,
709,23.666667,0.033333,6.6850152015686035,24.418087005615234,2.5329995155334473,2.7263403083758253,-0.0321308970451355,-0.23864341122432262,0.016266111213050428,-0.029705790267688496,0.24103464080958248,6.0,23.0,2.0,0.9459876195966245,-0.032720471567593,-0.3225473520435509,0.31336847984622096,-0.23144632577896118,0.015239192172884941,-0.029098674654960632,-0.04629955440759659,direct,SAFE_PROGRESSING,NONE,1,0,"6.681,24.411;6.511,24.058;6.341,23.705;6.170,23.353;6.000,23.000",0,1,PASS_THROUGH,-1,0.9452721182700365,-0.0335521738018405,-0.3245533454679664,0.3117426270991199,inf,7.8667596032894265,0.0,0,0,0,DIRECT_LOCAL,PASS_THROUGH,0,BYPASS_VISIBLE,1,9,6.0,23.0,2.0,6.0,23.0,2.0,1,
710,23.7,0.033333,6.6887102127075195,24.42510414123535,2.5320851802825928,2.7252745632051454,-0.03181261941790581,-0.23557777180934283,0.016027671240162536,-0.029622882944054643,0.2379732926400664,6.0,23.0,2.0,0.9466848250149977,-0.03189880682908197,-0.3205780844181396,0.31497406762302554,-0.22830885648727417,0.015065007843077183,-0.029018670320510864,-0.045933373272418976,direct,SAFE_PROGRESSING,NONE,1,0,"6.685,24.418;6.514,24.064;6.343,23.709;6.171,23.355;6.000,23.000",0,1,PASS_THROUGH,-1,0.9452721182700365,-0.0335521738018405,-0.3245533454679664,0.3117426270991199,inf,7.874684063962481,0.0,0,0,0,DIRECT_LOCAL,PASS_THROUGH,0,BYPASS_VISIBLE,1,9,6.0,23.0,2.0,6.0,23.0,2.0,1,
711,23.733333,0.033333,6.69236421585083,24.43202781677246,2.5311739444732666,2.724218919850488,-0.03151716664433479,-0.23245623686784614,0.015790664610082706,-0.029539738643490812,0.23485706995258646,6.0,23.0,2.0,0.9473643315597684,-0.031085265298006703,-0.31864483295617074,0.3165592248192294,-0.2251252681016922,0.014888561330735683,-0.028939956799149513,-0.04557918757200241,direct,SAFE_PROGRESSING,NONE,1,0,"6.689,24.425;6.517,24.069;6.344,23.713;6.172,23.356;6.000,23.000",0,1,PASS_THROUGH,-1,0.9452721182700365,-0.0335521738018405,-0.3245533454679664,0.3117426270991199,inf,7.882507094712845,0.0,0,0,0,DIRECT_LOCAL,PASS_THROUGH,0,BYPASS_VISIBLE,1,9,6.0,23.0,2.0,6.0,23.0,2.0,1,
712,23.766667,0.033333,6.695976257324219,24.438854217529297,2.5302658081054688,2.72317284771508,-0.03124028816819191,-0.22928002622190743,0.015555642930741805,-0.029456722328816347,0.23168730423064685,6.0,23.0,2.0,0.9480266738844191,-0.030279708887282597,-0.31674684660363533,0.31812399314737866,-0.22189347445964813,0.01470993086695671,-0.028863130137324333,-0.04523535817861557,direct,SAFE_PROGRESSING,NONE,1,0,"6.692,24.432;6.519,24.074;6.346,23.716;6.173,23.358;6.000,23.000",0,1,PASS_THROUGH,-1,0.9452721182700365,-0.0335521738018405,-0.3245533454679664,0.3117426270991199,inf,7.890224914002357,0.0,0,0,0,DIRECT_LOCAL,PASS_THROUGH,0,BYPASS_VISIBLE,1,9,6.0,23.0,2.0,6.0,23.0,2.0,1,
713,23.8,0.033333,6.6995439529418945,24.445581436157227,2.52936053276062,2.7221358201900316,-0.030978387221693993,-0.22605030290770473,0.01532302226093336,-0.0293743547174211,0.22846528657749948,6.0,23.0,2.0,0.9486721209334644,-0.029482207966871787,-0.31488411579023856,0.3196676029916621,-0.2186158299446106,0.014529064297676086,-0.028788462281227112,-0.04489912465214729,direct,SAFE_PROGRESSING,NONE,1,0,"6.696,24.439;6.522,24.079;6.348,23.719;6.174,23.360;6.000,23.000",0,1,PASS_THROUGH,-1,0.9452721182700365,-0.0335521738018405,-0.3245533454679664,0.3117426270991199,inf,7.8978346765757435,0.0,0,0,0,DIRECT_LOCAL,PASS_THROUGH,0,BYPASS_VISIBLE,1,9,6.0,23.0,2.0,6.0,23.0,2.0,1,
714,23.833333,0.033333,6.703067302703857,24.45220947265625,2.5284581184387207,2.7211072940973953,-0.0307285375893116,-0.22276822591937137,0.015092991725962438,-0.02929306492292529,0.22519228346256182,6.0,23.0,2.0,0.9493010818699633,-0.028691558458172006,-0.3130563055326606,0.3211895036055793,-0.21529100835323334,0.014347882010042667,-0.028716111555695534,-0.04455740749835968,direct,SAFE_PROGRESSING,NONE,1,0,"6.700,24.446;6.525,24.084;6.350,23.723;6.175,23.361;6.000,23.000",1,1,PASS_THROUGH,-1,0.9995435713320493,-0.030210081244057718,0.0,0.3211895036055793,inf,7.905336381336094,0.0,0,0,0,DIRECT_LOCAL,PASS_THROUGH,0,BYPASS_VISIBLE,1,9,6.0,23.0,2.0,6.0,23.0,2.0,1,
715,23.866667,0.033333,6.706545352935791,24.458738327026367,2.5275585651397705,2.72008692585209,-0.030487755313515663,-0.2194348488905835,0.014865699403713791,-0.029213098116873122,0.2218694368947217,6.0,23.0,2.0,0.949914039126426,-0.027907533325589373,-0.31126273123231435,0.3226896951936223,-0.21192149817943573,0.014166858047246933,-0.028645839542150497,-0.04420606046915054,direct,SAFE_PROGRESSING,NONE,1,0,"6.703,24.452;6.527,24.089;6.352,23.726;6.176,23.363;6.000,23.000",0,1,PASS_THROUGH,-1,0.9493010818699633,-0.028691558458172006,-0.3130563055326606,0.3211895036055793,inf,7.912729550377448,0.0,0,0,0,DIRECT_LOCAL,PASS_THROUGH,0,BYPASS_VISIBLE,1,9,6.0,23.0,2.0,6.0,23.0,2.0,1,
716,23.9,0.033333,6.709977626800537,24.465164184570312,2.5266618728637695,2.7190744189502962,-0.03025277517735958,-0.2160512117495117,0.014641400302328689,-0.0291345608229749,0.21849787032278598,6.0,23.0,2.0,0.9505114466795863,-0.02712944227125408,-0.30950279981468787,0.3241680948206252,-0.2085060179233551,0.01398342102766037,-0.028577754274010658,-0.04385742172598839,direct,SAFE_PROGRESSING,NONE,1,0,"6.707,24.459;6.530,24.094;6.353,23.729;6.177,23.365;6.000,23.000",0,1,PASS_THROUGH,-1,0.9493010818699633,-0.028691558458172006,-0.3130563055326606,0.3211895036055793,inf,7.920010640719217,0.0,0,0,0,DIRECT_LOCAL,PASS_THROUGH,0,BYPASS_VISIBLE,1,9,6.0,23.0,2.0,6.0,23.0,2.0,1,
717,23.933333,0.033333,6.713362693786621,24.471485137939453,2.5257673263549805,2.718069786128857,-0.03002104163169861,-0.21261841793230601,0.014420256032163974,-0.029057613434637624,0.21507877702503975,6.0,23.0,2.0,0.9510935201976489,-0.026358110956261893,-0.30777648679660674,0.32562397444321645,-0.20504432916641235,0.01379852183163166,-0.02851218916475773,-0.043503809720277786,direct,SAFE_PROGRESSING,NONE,1,0,"6.710,24.465;6.532,24.099;6.355,23.733;6.177,23.366;6.000,23.000",0,1,PASS_THROUGH,-1,0.9493010818699633,-0.028691558458172006,-0.3130563055326606,0.3211895036055793,inf,7.927177284291791,0.0,0,0,0,DIRECT_LOCAL,PASS_THROUGH,0,BYPASS_VISIBLE,1,9,6.0,23.0,2.0,6.0,23.0,2.0,1,
718,23.966667,0.033333,6.716700077056885,24.47770118713379,2.5248749256134033,2.71707284276607,-0.02979070134460926,-0.20913747760045448,0.014202291631060763,-0.028982616510666612,0.21161328333651147,6.0,23.0,2.0,0.9516606979174329,-0.02559318725430726,-0.3060831664849775,0.3270568662519224,-0.20153653621673584,0.0136121129617095,-0.02844914421439171,-0.0431426465511322,direct,SAFE_PROGRESSING,NONE,1,0,"6.713,24.471;6.535,24.104;6.357,23.736;6.178,23.368;6.000,23.000",0,1,PASS_THROUGH,-1,0.9493010818699633,-0.028691558458172006,-0.3130563055326606,0.3211895036055793,inf,7.934229241763563,0.0,0,0,0,DIRECT_LOCAL,PASS_THROUGH,0,BYPASS_VISIBLE,1,9,6.0,23.0,2.0,6.0,23.0,2.0,1,
719,24.0,0.033333,6.7199883460998535,24.483810424804688,2.523984909057617,2.7160834992439207,-0.029560111463069916,-0.20560920289601275,0.013987533580549072,-0.028910109139224035,0.20810235419533954,6.0,23.0,2.0,0.9522133957000121,-0.024834426213513117,-0.30442224019295616,0.3284667288423565,-0.19797863066196442,0.01342606358230114,-0.028389394283294678,-0.04276760667562485,direct,SAFE_PROGRESSING,NONE,1,0,"6.717,24.478;6.538,24.108;6.358,23.739;6.179,23.369;6.000,23.000",0,1,PASS_THROUGH,-1,0.9493010818699633,-0.028691558458172006,-0.3130563055326606,0.3211895036055793,inf,7.941164145232624,0.0,0,0,0,DIRECT_LOCAL,PASS_THROUGH,0,BYPASS_VISIBLE,1,9,6.0,23.0,2.0,6.0,23.0,2.0,1,
720,24.033333,0.033333,6.723227500915527,24.489810943603516,2.523097276687622,2.715101916649876,-0.029327530413866043,-0.20203412422093225,0.013775943796679445,-0.02884027598231563,0.2045466340371908,6.0,23.0,2.0,0.95275185540451,-0.02408180414830946,-0.3027936074824333,0.32985309428766435,-0.19438162446022034,0.01324702799320221,-0.028332117944955826,-0.04234328120946884,direct,SAFE_PROGRESSING,NONE,1,0,"6.720,24.484;6.540,24.113;6.360,23.742;6.180,23.371;6.000,23.000",1,1,PASS_THROUGH,-1,0.9996807136127428,-0.025267980345042906,0.0,0.32985309428766435,inf,7.947980341998661,0.0,0,0,0,DIRECT_LOCAL,PASS_THROUGH,0,BYPASS_VISIBLE,1,9,6.0,23.0,2.0,6.0,23.0,2.0,1,
721,24.066667,0.033333,6.726416110992432,24.495702743530273,2.5222108364105225,2.714128154537609,-0.029089542105793953,-0.19841280966366398,0.013567796756009144,-0.02877247164403259,0.20094671749483334,6.0,23.0,2.0,0.9532763684892349,-0.02333594622410745,-0.3011969436993047,0.3312156195448105,-0.19074156880378723,0.013071691617369652,-0.028275994583964348,-0.041889484971761703,direct,SAFE_PROGRESSING,NONE,1,0,"6.723,24.490;6.542,24.117;6.362,23.745;6.181,23.372;6.000,23.000",0,1,PASS_THROUGH,-1,0.95275185540451,-0.02408180414830946,-0.3027936074824333,0.32985309428766435,inf,7.954677116150674,0.0,0,0,0,DIRECT_LOCAL,PASS_THROUGH,0,BYPASS_VISIBLE,1,9,6.0,23.0,2.0,6.0,23.0,2.0,1,
722,24.1,0.033333,6.729553699493408,24.501482009887695,2.521327018737793,2.71316248480503,-0.028842011466622353,-0.19474599203974233,0.013363610929057426,-0.02870662525379542,0.197303466381279,6.0,23.0,2.0,0.9537874946826421,-0.022596461826993985,-0.2996311313931014,0.332554179845231,-0.1870400309562683,0.012889254838228226,-0.028222473338246346,-0.041458263993263245,direct,SAFE_PROGRESSING,NONE,1,0,"6.726,24.496;6.545,24.122;6.363,23.748;6.182,23.374;6.000,23.000",0,1,PASS_THROUGH,-1,0.95275185540451,-0.02408180414830946,-0.3027936074824333,0.32985309428766435,inf,7.961250924749021,0.0,0,0,0,DIRECT_LOCAL,PASS_THROUGH,0,BYPASS_VISIBLE,1,9,6.0,23.0,2.0,6.0,23.0,2.0,1,
723,24.133333,0.033333,6.732639312744141,24.507152557373047,2.52044415473938,2.7122052301468744,-0.028584074229002,-0.1910338013691022,0.013163754760516492,-0.028644156049209533,0.19361736848923466,6.0,23.0,2.0,0.954285159626022,-0.021864446816837135,-0.2980969306835134,0.3338680473756607,-0.18327748775482178,0.012700149789452553,-0.028173403814435005,-0.04104599729180336,direct,SAFE_PROGRESSING,NONE,1,0,"6.730,24.501;6.547,24.126;6.365,23.751;6.182,23.375;6.000,23.000",0,1,PASS_THROUGH,-1,0.95275185540451,-0.02408180414830946,-0.3027936074824333,0.32985309428766435,inf,7.967704594297657,0.0,0,0,0,DIRECT_LOCAL,PASS_THROUGH,0,BYPASS_VISIBLE,1,9,6.0,23.0,2.0,6.0,23.0,2.0,1,
724,24.166667,0.033333,6.735672473907471,24.512712478637695,2.519563674926758,2.711256753161708,-0.028318168595433235,-0.1872754036829809,0.012967864714461772,-0.028586698382695255,0.18988797135231922,6.0,23.0,2.0,0.9547701767160346,-0.021138900577929998,-0.2965924080889268,0.33515782513761017,-0.17945745587348938,0.012509085237979889,-0.028129490092396736,-0.040624942630529404,direct,SAFE_PROGRESSING,NONE,1,0,"6.733,24.507;6.549,24.130;6.366,23.754;6.183,23.377;6.000,23.000",0,1,PASS_THROUGH,-1,0.95275185540451,-0.02408180414830946,-0.3027936074824333,0.32985309428766435,inf,7.974036233938469,0.0,0,0,0,DIRECT_LOCAL,PASS_THROUGH,0,BYPASS_VISIBLE,1,9,6.0,23.0,2.0,6.0,23.0,2.0,1,
725,24.2,0.033333,6.73865270614624,24.51815414428711,2.5186831951141357,2.710317186960951,-0.02804669737815857,-0.18346900967695776,0.012775079726951966,-0.028534888143640465,0.18611372871242907,6.0,23.0,2.0,0.9552425545014048,-0.020420266501643303,-0.29511806922930434,0.3364231283304605,-0.175583153963089,0.012315714731812477,-0.02808978408575058,-0.040193822234869,direct,SAFE_PROGRESSING,NONE,1,0,"6.736,24.513;6.552,24.135;6.368,23.756;6.184,23.378;6.000,23.000",0,1,PASS_THROUGH,-1,0.95275185540451,-0.02408180414830946,-0.3027936074824333,0.32985309428766435,inf,7.980238996814058,0.0,0,0,0,DIRECT_LOCAL,PASS_THROUGH,0,BYPASS_VISIBLE,1,9,6.0,23.0,2.0,6.0,23.0,2.0,1,
726,24.233333,0.033333,6.741578102111816,24.523481369018555,2.5178048610687256,2.7093867274988273,-0.02777082845568657,-0.17961262198426983,0.012584306879354936,-0.02848825549691128,0.18229273012645153,6.0,23.0,2.0,0.9557026270828348,-0.01971046897693801,-0.29367326401917726,0.3376625431470473,-0.17166027426719666,0.012118842452764511,-0.028053507208824158,-0.039761774241924286,direct,SAFE_PROGRESSING,NONE,1,0,"6.739,24.518;6.554,24.139;6.369,23.759;6.185,23.380;6.000,23.000",1,1,PASS_THROUGH,-1,0.9997873918829916,-0.020619675841422047,0.0,0.3376625431470473,inf,7.98631523298033,0.0,0,0,0,DIRECT_LOCAL,PASS_THROUGH,0,BYPASS_VISIBLE,1,9,6.0,23.0,2.0,6.0,23.0,2.0,1,
727,24.266667,0.033333,6.744449138641357,24.5286922454834,2.516927480697632,2.708465511059683,-0.027491357177495956,-0.17570467403339934,0.012394487395270168,-0.028445880000917013,0.17842343983905595,6.0,23.0,2.0,0.9561505517228537,-0.019007798160057265,-0.2922581496711242,0.33887658893930184,-0.16768969595432281,0.011918667703866959,-0.028020668774843216,-0.039330609142780304,direct,SAFE_PROGRESSING,NONE,1,0,"6.742,24.523;6.556,24.143;6.371,23.762;6.185,23.381;6.000,23.000",0,1,PASS_THROUGH,-1,0.9557026270828348,-0.01971046897693801,-0.29367326401917726,0.3376625431470473,inf,7.992263528301675,0.0,0,0,0,DIRECT_LOCAL,PASS_THROUGH,0,BYPASS_VISIBLE,1,9,6.0,23.0,2.0,6.0,23.0,2.0,1,
728,24.3,0.033333,6.747262954711914,24.533782958984375,2.516050100326538,2.707553629828714,-0.027209123596549034,-0.17174461832506177,0.012204752564673895,-0.028407114184770255,0.17450539832650627,6.0,23.0,2.0,0.9565867496897809,-0.01831314504013437,-0.29087182578702897,0.34006496446561113,-0.16367000341415405,0.011717889457941055,-0.027991704642772675,-0.03889095038175583,direct,SAFE_PROGRESSING,NONE,1,0,"6.744,24.529;6.558,24.147;6.372,23.764;6.186,23.382;6.000,23.000",0,1,PASS_THROUGH,-1,0.9557026270828348,-0.01971046897693801,-0.29367326401917726,0.3376625431470473,inf,7.998079148323147,0.0,0,0,0,DIRECT_LOCAL,PASS_THROUGH,0,BYPASS_VISIBLE,1,9,6.0,23.0,2.0,6.0,23.0,2.0,1,
729,24.333333,0.033333,6.750019550323486,24.53875160217285,2.5151727199554443,2.7066511165952987,-0.02692451700568199,-0.16773267648998855,0.01201451114994453,-0.028371641504786643,0.1705389963684067,6.0,23.0,2.0,0.9570114684108181,-0.017626115106290252,-0.28951402279756555,0.34122673334635695,-0.15959328413009644,0.011513790115714073,-0.027966409921646118,-0.03845607489347458,direct,SAFE_PROGRESSING,NONE,1,0,"6.747,24.534;6.560,24.150;6.374,23.767;6.187,23.383;6.000,23.000",0,1,PASS_THROUGH,-1,0.9557026270828348,-0.01971046897693801,-0.29367326401917726,0.3376625431470473,inf,8.003760440606134,0.0,0,0,0,DIRECT_LOCAL,PASS_THROUGH,0,BYPASS_VISIBLE,1,9,6.0,23.0,2.0,6.0,23.0,2.0,1,
730,24.366667,0.033333,6.752718448638916,24.543601989746094,2.5142953395843506,2.705758144646971,-0.026638036593794823,-0.16366931913194818,0.011823494133117647,-0.02833967866221008,0.16652500840807272,6.0,23.0,2.0,0.9574249202479097,-0.016947425113560677,-0.28818450144014346,0.3423615526928783,-0.1554577350616455,0.011311516165733337,-0.02794521301984787,-0.0380016453564167,direct,SAFE_PROGRESSING,NONE,1,0,"6.750,24.539;6.563,24.154;6.375,23.769;6.188,23.385;6.000,23.000",0,1,PASS_THROUGH,-1,0.9557026270828348,-0.01971046897693801,-0.29367326401917726,0.3376625431470473,inf,8.009310470572444,0.0,0,0,0,DIRECT_LOCAL,PASS_THROUGH,0,BYPASS_VISIBLE,1,9,6.0,23.0,2.0,6.0,23.0,2.0,1,
731,24.4,0.033333,6.755358695983887,24.548328399658203,2.513417959213257,2.7048747216482374,-0.026349391788244247,-0.159554590700415,0.011631636376713881,-0.028311640190618312,0.16246387705782503,6.0,23.0,2.0,0.9578275693526366,-0.016275992843110598,-0.28688227453955933,0.3434700665658931,-0.1512552797794342,0.011107484810054302,-0.027927981689572334,-0.03754137083888054,direct,SAFE_PROGRESSING,NONE,1,0,"6.753,24.544;6.565,24.158;6.376,23.772;6.188,23.386;6.000,23.000",0,1,PASS_THROUGH,-1,0.9557026270828348,-0.01971046897693801,-0.29367326401917726,0.3376625431470473,inf,8.01472380513399,0.0,0,0,0,DIRECT_LOCAL,PASS_THROUGH,0,BYPASS_VISIBLE,1,9,6.0,23.0,2.0,6.0,23.0,2.0,1,
732,24.433333,0.033333,6.757938385009766,24.55293083190918,2.512540578842163,2.7040009683357034,-0.0260577742010355,-0.15538754548382688,0.011439024960586635,-0.028288145696998702,0.1583551696993563,6.0,23.0,2.0,0.9582194247126752,-0.015612934359647834,-0.28560772115611827,0.34455116269062913,-0.14698472619056702,0.010898780077695847,-0.027914997190237045,-0.037087999284267426,direct,SAFE_PROGRESSING,NONE,1,0,"6.755,24.548;6.567,24.161;6.378,23.774;6.189,23.387;6.000,23.000",1,1,PASS_THROUGH,-1,0.9998672841882571,-0.016291531849369045,0.0,0.34455116269062913,inf,8.019999490776696,0.0,0,0,0,DIRECT_LOCAL,PASS_THROUGH,0,BYPASS_VISIBLE,1,9,6.0,23.0,2.0,6.0,23.0,2.0,1,
733,24.466667,0.033333,6.7604570388793945,24.55740737915039,2.5116631984710693,2.7031369980677624,-0.025763271376490593,-0.15116602287595327,0.01124565045172082,-0.028269679844666672,0.1541972954520781,6.0,23.0,2.0,0.9586007411162347,-0.014957485251117786,-0.2843604979007599,0.3456046738205575,-0.14265161752700806,0.010684160515666008,-0.02790616825222969,-0.0366448238492012,direct,SAFE_PROGRESSING,NONE,1,0,"6.758,24.553;6.568,24.165;6.379,23.776;6.189,23.388;6.000,23.000",0,1,PASS_THROUGH,-1,0.9582194247126752,-0.015612934359647834,-0.28560772115611827,0.34455116269062913,inf,8.025135636902709,0.0,0,0,0,DIRECT_LOCAL,PASS_THROUGH,0,BYPASS_VISIBLE,1,9,6.0,23.0,2.0,6.0,23.0,2.0,1,
734,24.5,0.033333,6.762912750244141,24.561756134033203,2.5107858180999756,2.7022828668083716,-0.02546696551144123,-0.14688734495339612,0.011051137971470488,-0.028256467219380892,0.14998815852473965,6.0,23.0,2.0,0.9589716975794762,-0.014310008093974258,-0.28314043672687955,0.3466302152215416,-0.13825267553329468,0.010462799109518528,-0.02790202386677265,-0.03621700033545494,direct,SAFE_PROGRESSING,NONE,1,0,"6.760,24.557;6.570,24.168;6.380,23.779;6.190,23.389;6.000,23.000",0,1,PASS_THROUGH,-1,0.9582194247126752,-0.015612934359647834,-0.28560772115611827,0.34455116269062913,inf,8.030129638031251,0.0,0,0,0,DIRECT_LOCAL,PASS_THROUGH,0,BYPASS_VISIBLE,1,9,6.0,23.0,2.0,6.0,23.0,2.0,1,
735,24.533333,0.033333,6.765305519104004,24.56597328186035,2.509908437728882,2.701438565891823,-0.025170693174004555,-0.14254881375043366,0.010854725075495408,-0.028248472163898836,0.1457256516119074,6.0,23.0,2.0,0.9593324513987238,-0.013670090117491485,-0.28194747086912303,0.347627276644133,-0.13378994166851044,0.010237394832074642,-0.027902526780962944,-0.03579612821340561,direct,SAFE_PROGRESSING,NONE,1,0,"6.763,24.562;6.572,24.171;6.381,23.781;6.191,23.390;6.000,23.000",0,1,PASS_THROUGH,-1,0.9582194247126752,-0.015612934359647834,-0.28560772115611827,0.34455116269062913,inf,8.034978189837945,0.0,0,0,0,DIRECT_LOCAL,PASS_THROUGH,0,BYPASS_VISIBLE,1,9,6.0,23.0,2.0,6.0,23.0,2.0,1,
736,24.566667,0.033333,6.767633438110352,24.57006072998047,2.509031057357788,2.700604084640373,-0.024876264855265617,-0.13814816022192533,0.010655444911307608,-0.02824526495181876,0.14140808912915528,6.0,23.0,2.0,0.9596830966554329,-0.01303872456215499,-0.2807816690163928,0.3485951724893234,-0.12926079332828522,0.01000734232366085,-0.027907341718673706,-0.03538583591580391,direct,SAFE_PROGRESSING,NONE,1,0,"6.765,24.566;6.574,24.174;6.383,23.783;6.191,23.391;6.000,23.000",0,1,PASS_THROUGH,-1,0.9582194247126752,-0.015612934359647834,-0.28560772115611827,0.34455116269062913,inf,8.039681991084807,0.0,0,0,0,DIRECT_LOCAL,PASS_THROUGH,0,BYPASS_VISIBLE,1,9,6.0,23.0,2.0,6.0,23.0,2.0,1,
737,24.6,0.033333,6.769896030426025,24.574016571044922,2.508151054382324,2.6997793365771114,-0.02458515204489231,-0.13368370827165277,0.010452379346543056,-0.028246333900876667,0.13703445358779015,6.0,23.0,2.0,0.9600239426520871,-0.012414503211251149,-0.2796424675273047,0.3495340779455944,-0.1246630847454071,0.009771805256605148,-0.02791626751422882,-0.034989744424819946,direct,SAFE_PROGRESSING,NONE,1,0,"6.768,24.570;6.576,24.178;6.384,23.785;6.192,23.393;6.000,23.000",0,1,PASS_THROUGH,-1,0.9582194247126752,-0.015612934359647834,-0.28560772115611827,0.34455116269062913,inf,8.044239151303916,0.0,0,0,0,DIRECT_LOCAL,PASS_THROUGH,0,BYPASS_VISIBLE,1,9,6.0,23.0,2.0,6.0,23.0,2.0,1,
738,24.633333,0.033333,6.772090911865234,24.577838897705078,2.507270574569702,2.6989641489287086,-0.024298731237649918,-0.1291541390686331,0.010244784699934053,-0.028251579009236395,0.13260429468393153,6.0,23.0,2.0,0.9603555303946452,-0.011797571427426767,-0.2785284052818218,0.3504436082219086,-0.11999164521694183,0.009530173614621162,-0.02792980708181858,-0.0346103273332119,direct,SAFE_PROGRESSING,NONE,1,0,"6.770,24.574;6.577,24.181;6.385,23.787;6.192,23.394;6.000,23.000",1,1,PASS_THROUGH,-1,0.9999245529957064,-0.012283660543045916,0.0,0.3504436082219086,inf,8.048646826863381,0.0,0,0,0,DIRECT_LOCAL,PASS_THROUGH,0,BYPASS_VISIBLE,1,9,6.0,23.0,2.0,6.0,23.0,2.0,1,
739,24.666667,0.033333,6.7742180824279785,24.581523895263672,2.5063884258270264,2.698158376505447,-0.024018436670303345,-0.12455815757637523,0.010032106255696047,-0.028261158623650515,0.12811741045423075,6.0,23.0,2.0,0.9606776669188741,-0.011187150891752984,-0.277440566497104,0.35132321092100166,-0.11524773389101028,0.009283189661800861,-0.02794785052537918,-0.03424210101366043,direct,SAFE_PROGRESSING,NONE,1,0,"6.772,24.578;6.579,24.183;6.386,23.789;6.193,23.394;6.000,23.000",0,1,PASS_THROUGH,-1,0.9603555303946452,-0.011797571427426767,-0.2785284052818218,0.3504436082219086,inf,8.052901713551567,0.0,0,0,0,DIRECT_LOCAL,PASS_THROUGH,0,BYPASS_VISIBLE,1,9,6.0,23.0,2.0,6.0,23.0,2.0,1,
740,24.7,0.033333,6.776275634765625,24.585073471069336,2.505504608154297,2.697361821313796,-0.023745369166135788,-0.11989429054355788,0.009813963606962241,-0.028274916340566517,0.1235735638423036,6.0,23.0,2.0,0.9609905990896388,-0.01058404969520138,-0.27637844770058806,0.35217220051835063,-0.11043825000524521,0.0090364720672369,-0.027969878166913986,-0.03386245667934418,direct,SAFE_PROGRESSING,NONE,1,0,"6.774,24.582;6.581,24.186;6.387,23.791;6.194,23.395;6.000,23.000",0,1,PASS_THROUGH,-1,0.9603555303946452,-0.011797571427426767,-0.2785284052818218,0.3504436082219086,inf,8.057004510274224,0.0,0,0,0,DIRECT_LOCAL,PASS_THROUGH,0,BYPASS_VISIBLE,1,9,6.0,23.0,2.0,6.0,23.0,2.0,1,
741,24.733333,0.033333,6.778261184692383,24.588481903076172,2.5046186447143555,2.696574228272706,-0.02347906120121479,-0.11516108377393025,0.009590256759752286,-0.02829232472173582,0.1189727022424233,6.0,23.0,2.0,0.9612945991421268,-0.00998670847163824,-0.2753415321270665,0.3529907517099317,-0.10555804520845413,0.00878667552024126,-0.02799537405371666,-0.033489517867565155,direct,SAFE_PROGRESSING,NONE,1,0,"6.776,24.585;6.582,24.189;6.388,23.793;6.194,23.396;6.000,23.000",0,1,PASS_THROUGH,-1,0.9603555303946452,-0.011797571427426767,-0.2785284052818218,0.3504436082219086,inf,8.060949069290297,0.0,0,0,0,DIRECT_LOCAL,PASS_THROUGH,0,BYPASS_VISIBLE,1,9,6.0,23.0,2.0,6.0,23.0,2.0,1,
742,24.766667,0.033333,6.780174255371094,24.59174919128418,2.5037310123443604,2.695795427577592,-0.02321845106780529,-0.11035728469633076,0.0093611630743207,-0.028313273722880276,0.11431536698343658,6.0,23.0,2.0,0.9615896886957632,-0.009395247697699005,-0.27433009298048955,0.35377762665263546,-0.10059353709220886,0.008526001125574112,-0.028024964034557343,-0.033154167234897614,direct,SAFE_PROGRESSING,NONE,1,0,"6.778,24.588;6.584,24.191;6.389,23.794;6.195,23.397;6.000,23.000",0,1,PASS_THROUGH,-1,0.9603555303946452,-0.011797571427426767,-0.2785284052818218,0.3504436082219086,inf,8.064735152346573,0.0,0,0,0,DIRECT_LOCAL,PASS_THROUGH,0,BYPASS_VISIBLE,1,9,6.0,23.0,2.0,6.0,23.0,2.0,1,
743,24.8,0.033333,6.782013893127441,24.594871520996094,2.502840995788574,2.695025192408431,-0.022964296862483025,-0.10548134333157168,0.009126780233211788,-0.028338314482340587,0.10960233563276969,6.0,23.0,2.0,0.9618760002138276,-0.008809295225244373,-0.2733440259641377,0.354532783065131,-0.09554226696491241,0.008255437016487122,-0.02805960178375244,-0.032847821712493896,direct,SAFE_PROGRESSING,NONE,1,0,"6.780,24.592;6.585,24.194;6.390,23.796;6.195,23.398;6.000,23.000",0,1,PASS_THROUGH,-1,0.9603555303946452,-0.011797571427426767,-0.2785284052818218,0.3504436082219086,inf,8.068358978737095,0.0,0,0,0,DIRECT_LOCAL,PASS_THROUGH,0,BYPASS_VISIBLE,1,9,6.0,23.0,2.0,6.0,23.0,2.0,1,
744,24.833333,0.033333,6.783777713775635,24.597848892211914,2.5019478797912598,2.694263340330397,-0.02271880954504013,-0.10053106404826949,0.008886710117831098,-0.02836801631534189,0.104834215812697,6.0,23.0,2.0,0.9621536757989646,-0.008229198831456674,-0.27238315739621927,0.3552554516135526,-0.09040973335504532,0.00798098836094141,-0.028099315240979195,-0.03254619985818863,direct,SAFE_PROGRESSING,NONE,1,0,"6.782,24.595;6.587,24.196;6.391,23.797;6.196,23.399;6.000,23.000",1,1,PASS_THROUGH,-1,0.999963426004868,-0.008552581634057033,0.0,0.3552554516135526,inf,8.071819357047987,0.0,0,0,0,DIRECT_LOCAL,PASS_THROUGH,0,BYPASS_VISIBLE,1,9,6.0,23.0,2.0,6.0,23.0,2.0,1,
745,24.866667,0.033333,6.785464286804199,24.600679397583008,2.501052141189575,2.6935094564419018,-0.02248326875269413,-0.0955036657412894,0.008640346355554869,-0.028402334633552996,0.10001149117878512,6.0,23.0,2.0,0.9624229797668529,-0.0076534762979234006,-0.2714469235730052,0.3559454220497408,-0.08519242703914642,0.007697799243032932,-0.028143346309661865,-0.03227056562900543,direct,SAFE_PROGRESSING,NONE,1,0,"6.784,24.598;6.588,24.198;6.392,23.799;6.196,23.399;6.000,23.000",0,1,PASS_THROUGH,-1,0.9621536757989646,-0.008229198831456674,-0.27238315739621927,0.3552554516135526,inf,8.075113920381767,0.0,0,0,0,DIRECT_LOCAL,PASS_THROUGH,0,BYPASS_VISIBLE,1,9,6.0,23.0,2.0,6.0,23.0,2.0,1,
746,24.9,0.033333,6.787071704864502,24.60335922241211,2.5001535415649414,2.692763190389662,-0.02225857600569725,-0.0903962902598779,0.008387006231728314,-0.02844098277545478,0.0951352756211536,6.0,23.0,2.0,0.9626839386464051,-0.007081626765292115,-0.2705355518866266,0.35660222543845854,-0.07988980412483215,0.007403266616165638,-0.02819174900650978,-0.0320296585559845,direct,SAFE_PROGRESSING,NONE,1,0,"6.785,24.601;6.589,24.201;6.393,23.800;6.196,23.400;6.000,23.000",0,1,PASS_THROUGH,-1,0.9621536757989646,-0.008229198831456674,-0.27238315739621927,0.3552554516135526,inf,8.078238411473114,0.0,0,0,0,DIRECT_LOCAL,PASS_THROUGH,0,BYPASS_VISIBLE,1,9,6.0,23.0,2.0,6.0,23.0,2.0,1,
747,24.933333,0.033333,6.788599014282227,24.60588836669922,2.4992516040802,2.692024137666094,-0.022046376019716263,-0.08520627819171821,0.00812591630274852,-0.028483688181002945,0.09020787577277471,6.0,23.0,2.0,0.9629365981615908,-0.006513319327225708,-0.26964918800605436,0.3572250083458479,-0.07450562715530396,0.007098605390638113,-0.02824442833662033,-0.031817808747291565,direct,SAFE_PROGRESSING,NONE,1,0,"6.787,24.603;6.590,24.203;6.394,23.802;6.197,23.401;6.000,23.000",0,1,PASS_THROUGH,-1,0.9621536757989646,-0.008229198831456674,-0.27238315739621927,0.3552554516135526,inf,8.081192353823566,0.0,0,0,0,DIRECT_LOCAL,PASS_THROUGH,0,BYPASS_VISIBLE,1,9,6.0,23.0,2.0,6.0,23.0,2.0,1,
748,24.966667,0.033333,6.790045738220215,24.60826301574707,2.4983463287353516,2.6912918857727472,-0.021848559379577637,-0.07993147770163783,0.007856283036648396,-0.02853021611789125,0.08523341799114323,6.0,23.0,2.0,0.9631811860618189,-0.0059477707787114475,-0.2687873264112569,0.35781368624616827,-0.06903699785470963,0.006782433018088341,-0.028301332145929337,-0.031638313084840775,direct,SAFE_PROGRESSING,NONE,1,0,"6.789,24.606;6.591,24.204;6.394,23.803;6.197,23.401;6.000,23.000",0,1,PASS_THROUGH,-1,0.9621536757989646,-0.008229198831456674,-0.27238315739621927,0.3552554516135526,inf,8.08397220512737,0.0,0,0,0,DIRECT_LOCAL,PASS_THROUGH,0,BYPASS_VISIBLE,1,9,6.0,23.0,2.0,6.0,23.0,2.0,1,
749,25.0,0.033333,6.791405200958252,24.61048126220703,2.497437000274658,2.6905660216144103,-0.02166692167520523,-0.07457036264363841,0.0075772841909927955,-0.028580255517584315,0.08021835965641047,6.0,23.0,2.0,0.9634177236660977,-0.00538533008454245,-0.2679501594437206,0.3583675318049773,-0.0634843185544014,0.006457739043980837,-0.02836253121495247,-0.03148014470934868,direct,SAFE_PROGRESSING,NONE,1,0,"6.790,24.608;6.593,24.206;6.395,23.804;6.198,23.402;6.000,23.000",0,1,PASS_THROUGH,-1,0.9621536757989646,-0.008229198831456674,-0.27238315739621927,0.3552554516135526,inf,8.08657297707175,0.0,0,0,0,DIRECT_LOCAL,PASS_THROUGH,0,BYPASS_VISIBLE,1,9,6.0,23.0,2.0,6.0,23.0,2.0,1,
750,25.033333,0.033333,6.79268217086792,24.61254119873047,2.49652361869812,2.689845809425584,-0.021502481773495674,-0.06912193410366543,0.007288250826362788,-0.028633611552176128,0.07517209645114575,6.0,23.0,2.0,0.9636463086526368,-0.004822591119321706,-0.2671376694422615,0.3588856134215315,-0.05785026401281357,0.006125850602984428,-0.02842772752046585,-0.03133852034807205,direct,SAFE_PROGRESSING,NONE,1,0,"6.791,24.610;6.594,24.208;6.396,23.805;6.198,23.403;6.000,23.000",1,1,PASS_THROUGH,-1,0.9999874776047777,-0.005004461373045221,0.0,0.3588856134215315,inf,8.088995400876577,0.0,0,0,0,DIRECT_LOCAL,PASS_THROUGH,0,BYPASS_VISIBLE,1,9,6.0,23.0,2.0,6.0,23.0,2.0,1,
751,25.066667,0.033333,6.793869972229004,24.61444091796875,2.4956061840057373,2.6891308018601845,-0.021355247125029564,-0.06358562829918948,0.00698881696714581,-0.02869005016291896,0.07010773614340832,6.0,23.0,2.0,0.9638670950387722,-0.004261946223751589,-0.26634950519177664,0.35936800868274155,-0.05213238671422005,0.0057856496423482895,-0.028496626764535904,-0.031215723603963852,direct,SAFE_PROGRESSING,NONE,1,0,"6.793,24.613;6.595,24.209;6.396,23.806;6.198,23.403;6.000,23.000",0,1,PASS_THROUGH,-1,0.9636463086526368,-0.004822591119321706,-0.2671376694422615,0.3588856134215315,inf,8.09123448817585,0.0,0,0,0,DIRECT_LOCAL,PASS_THROUGH,0,BYPASS_VISIBLE,1,9,6.0,23.0,2.0,6.0,23.0,2.0,1,
752,25.1,0.033333,6.79496955871582,24.616174697875977,2.4946837425231934,2.6884202461498017,-0.021224576979875565,-0.057961134269974485,0.006678950257301354,-0.028749490863766828,0.0650433293069115,6.0,23.0,2.0,0.9640800665230302,-0.003699973685568736,-0.2655860228394474,0.3598137857513889,-0.04632711783051491,0.0054352362640202045,-0.028569404035806656,-0.031116187572479248,direct,SAFE_PROGRESSING,NONE,1,0,"6.794,24.614;6.595,24.211;6.397,23.807;6.198,23.404;6.000,23.000",0,1,PASS_THROUGH,-1,0.9636463086526368,-0.004822591119321706,-0.2671376694422615,0.3588856134215315,inf,8.0932857596353,0.0,0,0,0,DIRECT_LOCAL,PASS_THROUGH,0,BYPASS_VISIBLE,1,9,6.0,23.0,2.0,6.0,23.0,2.0,1,
753,25.133333,0.033333,6.795979022979736,24.61774444580078,2.4937570095062256,2.6877139201052036,-0.021109938621520996,-0.0522481158201608,0.0063587338682466596,-0.028811941526363308,0.060003558875142596,6.0,23.0,2.0,0.96428530826141,-0.003138339549598579,-0.2648471164579081,0.3602220011792356,-0.0404345765709877,0.005076222587376833,-0.028646105900406837,-0.031032178550958633,direct,SAFE_PROGRESSING,NONE,1,0,"6.795,24.616;6.596,24.212;6.397,23.808;6.199,23.404;6.000,23.000",0,1,PASS_THROUGH,-1,0.9636463086526368,-0.004822591119321706,-0.2671376694422615,0.3588856134215315,inf,8.09514991412918,0.0,0,0,0,DIRECT_LOCAL,PASS_THROUGH,0,BYPASS_VISIBLE,1,9,6.0,23.0,2.0,6.0,23.0,2.0,1,
754,25.166667,0.033333,6.796895980834961,24.6191463470459,2.4928247928619385,2.6870110389175843,-0.021010560914874077,-0.04644602022183752,0.00602828345947812,-0.028877426536589614,0.05502252956100155,6.0,23.0,2.0,0.9644828960102738,-0.002574983516114182,-0.2641327559458066,0.36059282837810586,-0.03445228189229965,0.004708412103354931,-0.02872653678059578,-0.030963893979787827,direct,SAFE_PROGRESSING,NONE,1,0,"6.796,24.618;6.597,24.213;6.398,23.809;6.199,23.404;6.000,23.000",0,1,PASS_THROUGH,-1,0.9636463086526368,-0.004822591119321706,-0.2671376694422615,0.3588856134215315,inf,8.096822456090921,0.0,0,0,0,DIRECT_LOCAL,PASS_THROUGH,0,BYPASS_VISIBLE,1,9,6.0,23.0,2.0,6.0,23.0,2.0,1,
755,25.2,0.033333,6.797718048095703,24.620378494262695,2.4918875694274902,2.686311136793374,-0.020925575867295265,-0.04055399228814359,0.005687700474825871,-0.02894601859335605,0.05014826237872112,6.0,23.0,2.0,0.9646729521313597,-0.00200927580472654,-0.2634427038976558,0.36092537164477595,-0.02837664633989334,0.004330846015363932,-0.02881079912185669,-0.03091472014784813,direct,SAFE_PROGRESSING,NONE,1,0,"6.797,24.619;6.598,24.214;6.398,23.810;6.199,23.405;6.000,23.000",0,1,PASS_THROUGH,-1,0.9636463086526368,-0.004822591119321706,-0.2671376694422615,0.3588856134215315,inf,8.098300541943772,0.0,0,0,0,DIRECT_LOCAL,PASS_THROUGH,0,BYPASS_VISIBLE,1,9,6.0,23.0,2.0,6.0,23.0,2.0,1,
756,25.233333,0.033333,6.798443794250488,24.62143898010254,2.4909448623657227,2.6856138566217047,-0.020854299888014793,-0.03457082936170029,0.005337010145051329,-0.029017794280716637,0.04544951380336396,6.0,23.0,2.0,0.9648554302456311,-0.0014402391779145818,-0.2627773286199331,0.36121907750984905,-0.022208161652088165,0.003941246774047613,-0.02889908105134964,-0.030889879912137985,direct,SAFE_PROGRESSING,NONE,1,0,"6.798,24.620;6.598,24.215;6.399,23.810;6.199,23.405;6.000,23.000",1,1,PASS_THROUGH,-1,0.9999988859260256,-0.001492697795165976,0.0,0.36121907750984905,inf,8.099581804756808,0.0,0,0,0,DIRECT_LOCAL,PASS_THROUGH,0,BYPASS_VISIBLE,1,9,6.0,23.0,2.0,6.0,23.0,2.0,1,
757,25.266667,0.033333,6.799070358276367,24.6223201751709,2.4899959564208984,2.684918945785544,-0.020796483382582664,-0.028495119856994613,0.004976073482580004,-0.02909274761893763,0.04102585924740303,6.0,23.0,2.0,0.9650304217108824,-0.0008674529277790666,-0.2621364772364477,0.3614734766907845,-0.015951626002788544,0.003541188780218363,-0.028991151601076126,-0.03088179975748062,direct,SAFE_PROGRESSING,NONE,1,0,"6.798,24.621;6.599,24.216;6.399,23.811;6.200,23.405;6.000,23.000",0,1,PASS_THROUGH,-1,0.9648554302456311,-0.0014402391779145818,-0.2627773286199331,0.36121907750984905,inf,8.100658206627678,0.0,0,0,0,DIRECT_LOCAL,PASS_THROUGH,0,BYPASS_VISIBLE,1,9,6.0,23.0,2.0,6.0,23.0,2.0,1,
758,25.3,0.033333,6.799596786499023,24.623023986816406,2.489041328430176,2.6842256962016884,-0.020751802250742912,-0.022325611493412063,0.004604639885123823,-0.029170672956800845,0.03702112637102062,6.0,23.0,2.0,0.9651978328677682,-0.00029071809012443106,-0.26152066631598275,0.3616869468610918,-0.009610195644199848,0.003131323494017124,-0.029086580500006676,-0.030887842178344727,direct,SAFE_PROGRESSING,NONE,1,0,"6.799,24.622;6.599,24.217;6.400,23.811;6.200,23.406;6.000,23.000",0,1,PASS_THROUGH,-1,0.9648554302456311,-0.0014402391779145818,-0.2627773286199331,0.36121907750984905,inf,8.101530922933286,0.0,0,0,0,DIRECT_LOCAL,PASS_THROUGH,0,BYPASS_VISIBLE,1,9,6.0,23.0,2.0,6.0,23.0,2.0,1,
759,25.333333,0.033333,6.800021648406982,24.623550415039062,2.4880802631378174,2.6835336988940646,-0.020719723775982857,-0.016061632917445216,0.0042224512405847885,-0.02925129588472122,0.03363693590964231,6.0,23.0,2.0,0.9653577486245384,0.00029121436297924186,-0.26092974603283026,0.36185974535783816,-0.0031813960522413254,0.0027111812960356474,-0.029185330495238304,-0.030908100306987762,direct,SAFE_PROGRESSING,NONE,1,0,"6.800,24.623;6.600,24.217;6.400,23.812;6.200,23.406;6.000,23.000",0,1,PASS_THROUGH,-1,0.9648554302456311,-0.0014402391779145818,-0.2627773286199331,0.36121907750984905,inf,8.10219923866146,0.0,0,0,0,DIRECT_LOCAL,PASS_THROUGH,0,BYPASS_VISIBLE,1,9,6.0,23.0,2.0,6.0,23.0,2.0,1,
760,25.366667,0.033333,6.800342082977295,24.623891830444336,2.487112522125244,2.6828425490925523,-0.020699629560112953,-0.009703165861001376,0.0038293149599845358,-0.029334577534255862,0.031134105413551435,6.0,23.0,2.0,0.9655103342423049,0.0008793713481317078,-0.2603632485151177,0.36199174510440635,0.0033387148287147284,0.0022781728766858578,-0.02928747609257698,-0.03094904124736786,direct,SAFE_PROGRESSING,NONE,1,0,"6.800,24.624;6.600,24.218;6.400,23.812;6.200,23.406;6.000,23.000",0,1,PASS_THROUGH,-1,0.9648554302456311,-0.0014402391779145818,-0.2627773286199331,0.36121907750984905,inf,8.102655115903204,0.0,0,0,0,DIRECT_LOCAL,PASS_THROUGH,0,BYPASS_VISIBLE,1,9,6.0,23.0,2.0,6.0,23.0,2.0,1,
761,25.4,0.033333,6.80055570602417,24.62405014038086,2.486137628555298,2.6821516274255544,-0.020691225305199623,-0.0032505470197999285,0.0034250787726718837,-0.029420572268400027,0.02979710209277215,6.0,23.0,2.0,0.9656554136976571,0.0014738761468888195,-0.2598219576662269,0.3620813238358638,0.00994282215833664,0.0018363536801189184,-0.02939298376441002,-0.03099503181874752,direct,SAFE_PROGRESSING,NONE,1,0,"6.800,24.624;6.600,24.218;6.400,23.812;6.200,23.406;6.000,23.000",0,1,PASS_THROUGH,-1,0.9648554302456311,-0.0014402391779145818,-0.2627773286199331,0.36121907750984905,inf,8.10289901480548,0.0,0,0,0,DIRECT_LOCAL,PASS_THROUGH,0,BYPASS_VISIBLE,1,9,6.0,23.0,2.0,6.0,23.0,2.0,1,
762,25.433333,0.033333,6.800661563873291,24.624019622802734,2.4851558208465576,2.68146083908822,-0.020694028586149216,0.0032956682024405095,0.0030096587320619494,-0.029509148771041112,0.02984475390710219,6.0,23.0,2.0,0.9657931514514382,0.0020763702284072316,-0.25930537459947456,0.3621286123420212,0.0166315920650959,0.0013854586286470294,-0.02950153313577175,-0.03104434534907341,direct,SAFE_PROGRESSING,NONE,1,0,"6.801,24.624;6.600,24.218;6.400,23.812;6.200,23.406;6.000,23.000",1,1,PASS_THROUGH,-1,0.9999976889473353,0.0021499069719906894,0.0,0.3621286123420212,inf,8.102925502844657,0.0,0,0,0,DIRECT_LOCAL,PASS_THROUGH,0,BYPASS_VISIBLE,1,9,6.0,23.0,2.0,6.0,23.0,2.0,1,
763,25.466667,0.033333,6.800657272338867,24.62380027770996,2.4841666221618652,2.680769685477767,-0.02070685103535652,0.009934715118749571,0.0025831385843622977,-0.029600195711155484,0.03132958275456984,6.0,23.0,2.0,0.9659233886233844,0.002686405562411953,-0.25881420079947826,0.36213249923818547,0.023402631282806396,0.0009259953512810171,-0.029612911865115166,-0.031094733625650406,direct,SAFE_PROGRESSING,NONE,1,0,"6.801,24.624;6.600,24.218;6.400,23.812;6.200,23.406;6.000,23.000",0,1,PASS_THROUGH,-1,0.9657931514514382,0.0020763702284072316,-0.25930537459947456,0.3621286123420212,inf,8.102733388158445,0.0,0,0,0,DIRECT_LOCAL,PASS_THROUGH,0,BYPASS_VISIBLE,1,9,6.0,23.0,2.0,6.0,23.0,2.0,1,
764,25.5,0.033333,6.800541400909424,24.62338638305664,2.4831695556640625,2.680078027537829,-0.020727988332509995,0.01666563708433411,0.0021457655162953697,-0.02969371591376653,0.03411838996560545,6.0,23.0,2.0,0.9660462133259535,0.003305226121032512,-0.2583481937209453,0.36209277317505584,0.03025735914707184,0.0004558451473712921,-0.029727157205343246,-0.03115004301071167,direct,SAFE_PROGRESSING,NONE,1,0,"6.801,24.624;6.600,24.218;6.400,23.812;6.200,23.406;6.000,23.000",0,1,PASS_THROUGH,-1,0.9657931514514382,0.0020763702284072316,-0.25930537459947456,0.3621286123420212,inf,8.102316999886524,0.0,0,0,0,DIRECT_LOCAL,PASS_THROUGH,0,BYPASS_VISIBLE,1,9,6.0,23.0,2.0,6.0,23.0,2.0,1,
765,25.533333,0.033333,6.800311088562012,24.622777938842773,2.4821643829345703,2.6793855853474513,-0.02075577899813652,0.023487345921203273,0.0016978488963676182,-0.029789658665728354,0.037973173066228806,6.0,23.0,2.0,0.96616154312436,0.003932410387176399,-0.25790775237689634,0.36200828074858976,0.03719291836023331,-2.3581087589263916e-05,-0.02984427846968174,-0.031204065307974815,direct,SAFE_PROGRESSING,NONE,1,0,"6.801,24.623;6.600,24.218;6.400,23.812;6.200,23.406;6.000,23.000",0,1,PASS_THROUGH,-1,0.9657931514514382,0.0020763702284072316,-0.25930537459947456,0.3621286123420212,inf,8.101674907711025,0.0,0,0,0,DIRECT_LOCAL,PASS_THROUGH,0,BYPASS_VISIBLE,1,9,6.0,23.0,2.0,6.0,23.0,2.0,1,
766,25.566667,0.033333,6.799964427947998,24.621971130371094,2.4811506271362305,2.678691936071587,-0.02078869566321373,0.030398651517417455,0.0012396624859783512,-0.02988801460615695,0.042648659935036394,6.0,23.0,2.0,0.966269409073443,0.004569715982629008,-0.25749280919027057,0.361878768499624,0.04420746862888336,-0.0005104811862111092,-0.029964029788970947,-0.03125007823109627,direct,SAFE_PROGRESSING,NONE,1,0,"6.800,24.623;6.600,24.217;6.400,23.811;6.200,23.406;6.000,23.000",0,1,PASS_THROUGH,-1,0.9657931514514382,0.0020763702284072316,-0.25930537459947456,0.3621286123420212,inf,8.100802854252455,0.0,0,0,0,DIRECT_LOCAL,PASS_THROUGH,0,BYPASS_VISIBLE,1,9,6.0,23.0,2.0,6.0,23.0,2.0,1,
767,25.6,0.033333,6.799500465393066,24.6209659576416,2.480128765106201,2.677997294723245,-0.020824994891881943,0.03739824469493152,0.0007714941045255706,-0.02998880875769171,0.04794322225425299,6.0,23.0,2.0,0.9663697670517135,0.005216933645299127,-0.25710359182974807,0.36170338310496636,0.05129949748516083,-0.001006792183034122,-0.030086271464824677,-0.031293123960494995,direct,SAFE_PROGRESSING,NONE,1,0,"6.800,24.622;6.600,24.216;6.400,23.811;6.200,23.405;6.000,23.000",0,1,PASS_THROUGH,-1,0.9657931514514382,0.0020763702284072316,-0.25930537459947456,0.3621286123420212,inf,8.099700362655879,0.0,0,0,0,DIRECT_LOCAL,PASS_THROUGH,0,BYPASS_VISIBLE,1,9,6.0,23.0,2.0,6.0,23.0,2.0,1,
768,25.633333,0.033333,6.798916339874268,24.61975860595703,2.479098081588745,2.677301489079376,-0.020862869918346405,0.04448464402937784,0.0002936351520041497,-0.03009197367534444,0.05370751023553948,6.0,23.0,2.0,0.9664625713463801,0.005874679205790212,-0.2567403091272816,0.3614820399409456,0.05846823751926422,-0.001511303591541946,-0.0302110705524683,-0.03132673352956772,direct,SAFE_PROGRESSING,NONE,1,0,"6.800,24.621;6.600,24.216;6.400,23.810;6.200,23.405;6.000,23.000",1,1,PASS_THROUGH,-1,0.9999815262014593,0.006078425437589574,0.0,0.3614820399409456,inf,8.098362698722363,0.0,0,0,0,DIRECT_LOCAL,PASS_THROUGH,0,BYPASS_VISIBLE,1,9,6.0,23.0,2.0,6.0,23.0,2.0,1,
769,25.666667,0.033333,6.798210620880127,24.618345260620117,2.4780585765838623,2.6766042175965863,-0.020900601521134377,0.05165617060470664,-0.00019366701092788697,-0.030197497260288905,0.0598354937243676,6.0,23.0,2.0,0.9665477745110787,0.006543713694208364,-0.256403157934471,0.36121380149102617,0.06570614874362946,-0.002023241948336363,-0.03033803589642048,-0.03134775161743164,direct,SAFE_PROGRESSING,NONE,1,0,"6.799,24.620;6.599,24.215;6.399,23.810;6.200,23.405;6.000,23.000",0,1,PASS_THROUGH,-1,0.9664625713463801,0.005874679205790212,-0.2567403091272816,0.3614820399409456,inf,8.096785843456448,0.0,0,0,0,DIRECT_LOCAL,PASS_THROUGH,0,BYPASS_VISIBLE,1,9,6.0,23.0,2.0,6.0,23.0,2.0,1,
770,25.7,0.033333,6.7973809242248535,24.616724014282227,2.4770095348358154,2.6759057859955044,-0.020936518907546997,0.05891084147518967,-0.0006901327298829174,-0.030305319414908848,0.06625236532637484,6.0,23.0,2.0,0.9666252573060976,0.007223531845738651,-0.2560926248949667,0.3608978568990086,0.07301288843154907,-0.0025418391451239586,-0.030467066913843155,-0.0313526913523674,direct,SAFE_PROGRESSING,NONE,1,0,"6.798,24.618;6.599,24.214;6.399,23.809;6.200,23.405;6.000,23.000",0,1,PASS_THROUGH,-1,0.9664625713463801,0.005874679205790212,-0.2567403091272816,0.3614820399409456,inf,8.094966952893012,0.0,0,0,0,DIRECT_LOCAL,PASS_THROUGH,0,BYPASS_VISIBLE,1,9,6.0,23.0,2.0,6.0,23.0,2.0,1,
771,25.733333,0.033333,6.796427249908447,24.61489486694336,2.4759511947631836,2.6752063107320283,-0.02096875011920929,0.06624629006158805,-0.0011954157918070956,-0.030415501726285613,0.07290475095013386,6.0,23.0,2.0,0.9666950260450152,0.007914729564913403,-0.25580868569253346,0.36053365316843966,0.0803867056965828,-0.003068184945732355,-0.030598118901252747,-0.0313427671790123,direct,SAFE_PROGRESSING,NONE,1,0,"6.797,24.617;6.598,24.213;6.399,23.808;6.199,23.404;6.000,23.000",0,1,PASS_THROUGH,-1,0.9664625713463801,0.005874679205790212,-0.2567403091272816,0.3614820399409456,inf,8.092906026925222,0.0,0,0,0,DIRECT_LOCAL,PASS_THROUGH,0,BYPASS_VISIBLE,1,9,6.0,23.0,2.0,6.0,23.0,2.0,1,
772,25.766667,0.033333,6.795346260070801,24.612855911254883,2.4748826026916504,2.6745057481816006,-0.020995473489165306,0.07365982974845141,-0.0017091318766984567,-0.03052816411793769,0.07975374884451845,6.0,23.0,2.0,0.9667570530739302,0.008617372906316922,-0.2555514453412531,0.36012119047213775,0.08782488107681274,-0.0036001645494252443,-0.030731206759810448,-0.031310662627220154,direct,SAFE_PROGRESSING,NONE,1,0,"6.796,24.615;6.597,24.211;6.398,23.807;6.199,23.404;6.000,23.000",0,1,PASS_THROUGH,-1,0.9664625713463801,0.005874679205790212,-0.2567403091272816,0.3614820399409456,inf,8.090599744695853,0.0,0,0,0,DIRECT_LOCAL,PASS_THROUGH,0,BYPASS_VISIBLE,1,9,6.0,23.0,2.0,6.0,23.0,2.0,1,
773,25.8,0.033333,6.794135570526123,24.61060333251953,2.473804235458374,2.673804332356656,-0.021014925092458725,0.08114854629996789,-0.0022308828027101423,-0.03064325975960371,0.08677022976443016,6.0,23.0,2.0,0.9668113404300136,0.009332423779224719,-0.2553208528152867,0.35965983172316746,0.09531964361667633,-0.004136065021157265,-0.030865950509905815,-0.03125009313225746,direct,SAFE_PROGRESSING,NONE,1,0,"6.795,24.613;6.597,24.210;6.398,23.806;6.199,23.403;6.000,23.000",0,1,PASS_THROUGH,-1,0.9664625713463801,0.005874679205790212,-0.2567403091272816,0.3614820399409456,inf,8.088043610333322,0.0,0,0,0,DIRECT_LOCAL,PASS_THROUGH,0,BYPASS_VISIBLE,1,9,6.0,23.0,2.0,6.0,23.0,2.0,1,
774,25.833333,0.033333,6.792795181274414,24.608135223388672,2.4727156162261963,2.6731024344377645,-0.021025069057941437,0.08870925794440337,-0.002760162635289099,-0.030760866027771745,0.09393179345460444,6.0,23.0,2.0,0.9668576552961018,0.01005980952605523,-0.25511776619362236,0.35914868225278906,0.10286916047334671,-0.004674707539379597,-0.031002338975667953,-0.03115798719227314,direct,SAFE_PROGRESSING,NONE,1,0,"6.794,24.611;6.596,24.208;6.397,23.805;6.199,23.403;6.000,23.000",1,1,PASS_THROUGH,-1,0.9999458760879243,0.010404080677965222,0.0,0.35914868225278906,inf,8.085235971901673,0.0,0,0,0,DIRECT_LOCAL,PASS_THROUGH,0,BYPASS_VISIBLE,1,9,6.0,23.0,2.0,6.0,23.0,2.0,1,
775,25.866667,0.033333,6.791322231292725,24.605451583862305,2.471616744995117,2.6724004967058925,-0.021023480221629143,0.09633849159858354,-0.0032962863448711965,-0.03088107684491975,0.10122060745845968,6.0,23.0,2.0,0.9668959887027742,0.010798703465527137,-0.2549422190104033,0.3585874005681329,0.11047147959470749,-0.005216898396611214,-0.031140293926000595,-0.03103514015674591,direct,SAFE_PROGRESSING,NONE,1,0,"6.793,24.608;6.595,24.206;6.396,23.804;6.198,23.402;6.000,23.000",0,1,PASS_THROUGH,-1,0.9668576552961018,0.01005980952605523,-0.25511776619362236,0.35914868225278906,inf,8.082175398699308,0.0,0,0,0,DIRECT_LOCAL,PASS_THROUGH,0,BYPASS_VISIBLE,1,9,6.0,23.0,2.0,6.0,23.0,2.0,1,
776,25.9,0.033333,6.7897162437438965,24.602550506591797,2.4705066680908203,2.6716989041756896,-0.021007779985666275,0.10403246728418535,-0.0038384899382808368,-0.031003964419180716,0.10862197781272082,6.0,23.0,2.0,0.966926255248391,0.01155018235974603,-0.2547944469543628,0.3579757344773011,0.1181202307343483,-0.005759856663644314,-0.0312797948718071,-0.030873343348503113,direct,SAFE_PROGRESSING,NONE,1,0,"6.791,24.605;6.593,24.204;6.396,23.803;6.198,23.401;6.000,23.000",0,1,PASS_THROUGH,-1,0.9668576552961018,0.01005980952605523,-0.25511776619362236,0.35914868225278906,inf,8.078860000357006,0.0,0,0,0,DIRECT_LOCAL,PASS_THROUGH,0,BYPASS_VISIBLE,1,9,6.0,23.0,2.0,6.0,23.0,2.0,1,
777,25.933333,0.033333,6.787974834442139,24.599428176879883,2.469385862350464,2.6709981553478284,-0.02097552828490734,0.11178723793780054,-0.0043858878795494825,-0.031129574571763192,0.11612352471085859,6.0,23.0,2.0,0.966948483110671,0.012313620798087122,-0.2546743130997185,0.357313300721403,0.1258108764886856,-0.0063017853535711765,-0.03142061084508896,-0.030667461454868317,direct,SAFE_PROGRESSING,NONE,1,0,"6.790,24.603;6.592,24.202;6.395,23.801;6.197,23.401;6.000,23.000",0,1,PASS_THROUGH,-1,0.9668576552961018,0.01005980952605523,-0.25511776619362236,0.35914868225278906,inf,8.075285281018129,0.0,0,0,0,DIRECT_LOCAL,PASS_THROUGH,0,BYPASS_VISIBLE,1,9,6.0,23.0,2.0,6.0,23.0,2.0,1,
778,25.966667,0.033333,6.786098003387451,24.596086502075195,2.4682540893554688,2.6702987782353005,-0.020924078300595284,0.11959855170531465,-0.00493752148823805,-0.031257985405792235,0.12371440635627028,6.0,23.0,2.0,0.9669624071995999,0.013088841559272646,-0.2545827670707335,0.35659920542319895,0.13353942334651947,-0.00684127863496542,-0.03156261891126633,-0.030414104461669922,direct,SAFE_PROGRESSING,NONE,1,0,"6.788,24.599;6.591,24.200;6.394,23.800;6.197,23.400;6.000,23.000",0,1,PASS_THROUGH,-1,0.9668576552961018,0.01005980952605523,-0.25511776619362236,0.35914868225278906,inf,8.071452892327951,0.0,0,0,0,DIRECT_LOCAL,PASS_THROUGH,0,BYPASS_VISIBLE,1,9,6.0,23.0,2.0,6.0,23.0,2.0,1,
779,26.0,0.033333,6.784083843231201,24.5925235748291,2.467111110687256,2.6696015026881605,-0.020850669592618942,0.12746190477998284,-0.0054923035689664465,-0.031389341613505754,0.1313849052804943,6.0,23.0,2.0,0.9669680656025814,0.013875701976136745,-0.254519596494005,0.35583379227028844,0.14130091667175293,-0.007376230321824551,-0.031705647706985474,-0.03010806441307068,direct,SAFE_PROGRESSING,NONE,1,0,"6.786,24.596;6.590,24.197;6.393,23.798;6.197,23.399;6.000,23.000",0,1,PASS_THROUGH,-1,0.9668576552961018,0.01005980952605523,-0.25511776619362236,0.35914868225278906,inf,8.067360228644455,0.0,0,0,0,DIRECT_LOCAL,PASS_THROUGH,0,BYPASS_VISIBLE,1,9,6.0,23.0,2.0,6.0,23.0,2.0,1,
780,26.033333,0.033333,6.781931400299072,24.58873176574707,2.465956449508667,2.668907398500022,-0.02075243555009365,0.1353725941726695,-0.006048952229205867,-0.03152366795530499,0.13912609646455917,6.0,23.0,2.0,0.9669653422480038,0.01467375847634711,-0.25448518169704654,0.3550165522677878,0.14909499883651733,-0.0079085323959589,-0.03184979408979416,-0.029753025621175766,direct,SAFE_PROGRESSING,NONE,1,0,"6.784,24.593;6.588,24.194;6.392,23.796;6.196,23.398;6.000,23.000",1,1,PASS_THROUGH,-1,0.9998848786376311,0.015173314463546916,0.0,0.3550165522677878,inf,8.06300020594463,0.0,0,0,0,DIRECT_LOCAL,PASS_THROUGH,0,BYPASS_VISIBLE,1,9,6.0,23.0,2.0,6.0,23.0,2.0,1,
781,26.066667,0.033333,6.779638767242432,24.584718704223633,2.4647905826568604,2.6682169484802474,-0.020626643672585487,0.14332579008252525,-0.0066062288098876955,-0.03166102633209995,0.14692972793233716,6.0,23.0,2.0,0.9669539981221592,0.015481303569076899,-0.25448044081102433,0.35414603418745055,0.15691332519054413,-0.008435520343482494,-0.03199499100446701,-0.029342249035835266,direct,SAFE_PROGRESSING,NONE,1,0,"6.782,24.589;6.586,24.192;6.391,23.794;6.195,23.397;6.000,23.000",0,1,PASS_THROUGH,-1,0.9669653422480038,0.01467375847634711,-0.25448518169704654,0.3550165522677878,inf,8.058378477419929,0.0,0,0,0,DIRECT_LOCAL,PASS_THROUGH,0,BYPASS_VISIBLE,1,9,6.0,23.0,2.0,6.0,23.0,2.0,1,
782,26.1,0.033333,6.7772064208984375,24.580476760864258,2.4636127948760986,2.6675313015403903,-0.02047096937894821,0.15131663865269226,-0.007162953392052128,-0.031801593654215116,0.15478815973256468,6.0,23.0,2.0,0.9669340708369518,0.016300148813686965,-0.2545050251042839,0.35322344083616697,0.1647520363330841,-0.008959047496318817,-0.03214126080274582,-0.028880901634693146,direct,SAFE_PROGRESSING,NONE,1,0,"6.780,24.585;6.585,24.189;6.390,23.792;6.195,23.396;6.000,23.000",0,1,PASS_THROUGH,-1,0.9669653422480038,0.01467375847634711,-0.25448518169704654,0.3550165522677878,inf,8.053488674417622,0.0,0,0,0,DIRECT_LOCAL,PASS_THROUGH,0,BYPASS_VISIBLE,1,9,6.0,23.0,2.0,6.0,23.0,2.0,1,
783,26.133333,0.033333,6.774631500244141,24.576005935668945,2.462423324584961,2.6668515878046413,-0.020283516496419907,0.15934014811846675,-0.0077180621238375985,-0.03194544255250156,0.16269407667532804,6.0,23.0,2.0,0.966905380126586,0.017127289294376624,-0.2545597019241047,0.3522474478157499,0.17260193824768066,-0.009472510777413845,-0.032288648188114166,-0.028352871537208557,direct,SAFE_PROGRESSING,NONE,1,0,"6.777,24.580;6.583,24.185;6.389,23.790;6.194,23.395;6.000,23.000",0,1,PASS_THROUGH,-1,0.9669653422480038,0.01467375847634711,-0.25448518169704654,0.3550165522677878,inf,8.048329366240129,0.0,0,0,0,DIRECT_LOCAL,PASS_THROUGH,0,BYPASS_VISIBLE,1,9,6.0,23.0,2.0,6.0,23.0,2.0,1,
784,26.166667,0.033333,6.771914958953857,24.57131004333496,2.461221933364868,2.66617873015736,-0.02006221003830433,0.16739101041439625,-0.008270564314336929,-0.03209278193405534,0.1706402626987456,6.0,23.0,2.0,0.9668677374387403,0.017963417787162927,-0.25464503514008496,0.3512178053820299,0.18045596778392792,-0.009973704814910889,-0.03243673965334892,-0.027755700051784515,direct,SAFE_PROGRESSING,NONE,1,0,"6.775,24.576;6.581,24.182;6.387,23.788;6.194,23.394;6.000,23.000",0,1,PASS_THROUGH,-1,0.9669653422480038,0.01467375847634711,-0.25448518169704654,0.3550165522677878,inf,8.042904333265312,0.0,0,0,0,DIRECT_LOCAL,PASS_THROUGH,0,BYPASS_VISIBLE,1,9,6.0,23.0,2.0,6.0,23.0,2.0,1,
785,26.2,0.033333,6.76905632019043,24.566387176513672,2.460008382797241,2.6655138931057096,-0.01980450190603733,0.17546347703866988,-0.008819272990447607,-0.032243785039134734,0.17861935232283707,6.0,23.0,2.0,0.9668212103190417,0.018808068444440496,-0.25476067953789977,0.35013528563354207,0.1883135437965393,-0.010468344204127789,-0.032585546374320984,-0.027105046436190605,direct,SAFE_PROGRESSING,NONE,1,0,"6.772,24.571;6.579,24.178;6.386,23.786;6.193,23.393;6.000,23.000",0,1,PASS_THROUGH,-1,0.9669653422480038,0.01467375847634711,-0.25448518169704654,0.3550165522677878,inf,8.037211685309362,0.0,0,0,0,DIRECT_LOCAL,PASS_THROUGH,0,BYPASS_VISIBLE,1,9,6.0,23.0,2.0,6.0,23.0,2.0,1,
786,26.233333,0.033333,6.766055107116699,24.561235427856445,2.458782911300659,2.66485847230546,-0.019508618861436844,0.18355141212504245,-0.009362874091159396,-0.0323987408719591,0.18662385355155559,6.0,23.0,2.0,0.966765669922298,0.019659883232731268,-0.2549070976865214,0.34899950775732147,0.1961645483970642,-0.01094684936106205,-0.03273523971438408,-0.026375718414783478,direct,SAFE_PROGRESSING,NONE,1,0,"6.769,24.566;6.577,24.175;6.385,23.783;6.192,23.392;6.000,23.000",1,1,PASS_THROUGH,-1,0.9997932932024719,0.02033152398016802,0.0,0.34899950775732147,inf,8.03124953221767,0.0,0,0,0,DIRECT_LOCAL,PASS_THROUGH,0,BYPASS_VISIBLE,1,9,6.0,23.0,2.0,6.0,23.0,2.0,1,
787,26.266667,0.033333,6.76291036605835,24.55585479736328,2.457545280456543,2.664213659189945,-0.019172677770256996,0.19164840980939632,-0.009900047458747426,-0.0325577789417997,0.19464617358627648,6.0,23.0,2.0,0.9667009101586309,0.020517715603522446,-0.2550850321851278,0.3478100911896419,0.20399847626686096,-0.011407057754695415,-0.032885320484638214,-0.025566231459379196,direct,SAFE_PROGRESSING,NONE,1,0,"6.766,24.561;6.575,24.171;6.383,23.781;6.192,23.390;6.000,23.000",0,1,PASS_THROUGH,-1,0.966765669922298,0.019659883232731268,-0.2549070976865214,0.34899950775732147,inf,8.025017397180198,0.0,0,0,0,DIRECT_LOCAL,PASS_THROUGH,0,BYPASS_VISIBLE,1,9,6.0,23.0,2.0,6.0,23.0,2.0,1,
788,26.3,0.033333,6.759622573852539,24.550243377685547,2.4562952518463135,2.66358093712512,-0.01879408396780491,0.199747623824851,-0.010429163011649022,-0.03272107002520184,0.20267843765036261,6.0,23.0,2.0,0.9666268257281931,0.0213808624142095,-0.25529480704679824,0.3465669561350373,0.21181145310401917,-0.011846511624753475,-0.033035729080438614,-0.02467348426580429,direct,SAFE_PROGRESSING,NONE,1,0,"6.763,24.556;6.572,24.167;6.381,23.778;6.191,23.389;6.000,23.000",0,1,PASS_THROUGH,-1,0.966765669922298,0.019659883232731268,-0.2549070976865214,0.34899950775732147,inf,8.018513866980376,0.0,0,0,0,DIRECT_LOCAL,PASS_THROUGH,0,BYPASS_VISIBLE,1,9,6.0,23.0,2.0,6.0,23.0,2.0,1,
789,26.333333,0.033333,6.756191253662109,24.544403076171875,2.455033540725708,2.6629617680897764,-0.01836998201906681,0.20784191234700453,-0.01094823780574974,-0.03288884491828074,0.21071260180437673,6.0,23.0,2.0,0.9665432883729834,0.022247477451116104,-0.2555369277584001,0.3452698066593284,0.21959993243217468,-0.01226373016834259,-0.033186573535203934,-0.023696575313806534,direct,SAFE_PROGRESSING,NONE,1,0,"6.760,24.550;6.570,24.163;6.380,23.775;6.190,23.388;6.000,23.000",0,1,PASS_THROUGH,-1,0.966765669922298,0.019659883232731268,-0.2549070976865214,0.34899950775732147,inf,8.011740355074519,0.0,0,0,0,DIRECT_LOCAL,PASS_THROUGH,0,BYPASS_VISIBLE,1,9,6.0,23.0,2.0,6.0,23.0,2.0,1,
790,26.366667,0.033333,6.752616882324219,24.538331985473633,2.4537596702575684,2.6623576418924553,-0.01789751648902893,0.21592394887017652,-0.011455067887710344,-0.03306107668071773,0.21874049709025298,6.0,23.0,2.0,0.966450107208226,0.023117121582844402,-0.2558120188086018,0.34391894823078434,0.2273559719324112,-0.012656109407544136,-0.033337779343128204,-0.02263117954134941,direct,SAFE_PROGRESSING,NONE,1,0,"6.756,24.544;6.567,24.158;6.378,23.772;6.189,23.386;6.000,23.000",0,1,PASS_THROUGH,-1,0.966765669922298,0.019659883232731268,-0.2549070976865214,0.34899950775732147,inf,8.004695448291608,0.0,0,0,0,DIRECT_LOCAL,PASS_THROUGH,0,BYPASS_VISIBLE,1,9,6.0,23.0,2.0,6.0,23.0,2.0,1,
791,26.4,0.033333,6.748900413513184,24.532032012939453,2.4524736404418945,2.6617703869628864,-0.017374031245708466,0.22398645489030844,-0.011947298094640527,-0.03323778560641849,0.2267540965409636,6.0,23.0,2.0,0.9663471769180663,0.023987631195786285,-0.2561205325859267,0.34251408549668005,0.23507721722126007,-0.013022540137171745,-0.03348961099982262,-0.021477529779076576,direct,SAFE_PROGRESSING,NONE,1,0,"6.753,24.538;6.564,24.154;6.376,23.769;6.188,23.385;6.000,23.000",0,1,PASS_THROUGH,-1,0.966765669922298,0.019659883232731268,-0.2549070976865214,0.34899950775732147,inf,7.997381275452967,0.0,0,0,0,DIRECT_LOCAL,PASS_THROUGH,0,BYPASS_VISIBLE,1,9,6.0,23.0,2.0,6.0,23.0,2.0,1,
792,26.433333,0.033333,6.745041370391846,24.52550506591797,2.4511754512786865,2.661201743102934,-0.01679707132279873,0.23202231451378158,-0.012422528680416697,-0.03341889976366499,0.23474559955952704,6.0,23.0,2.0,0.9662344336248373,0.0248576482297313,-0.25646270021618517,0.34105565047549236,0.24275627732276917,-0.013361120596528053,-0.03364197164773941,-0.020234104245901108,direct,SAFE_PROGRESSING,NONE,1,0,"6.749,24.532;6.562,24.149;6.374,23.766;6.187,23.383;6.000,23.000",1,1,PASS_THROUGH,-1,0.999669242615828,0.025717802547983504,0.0,0.34105565047549236,inf,7.989799250130791,0.0,0,0,0,DIRECT_LOCAL,PASS_THROUGH,0,BYPASS_VISIBLE,1,9,6.0,23.0,2.0,6.0,23.0,2.0,1,
793,26.466667,0.033333,6.741042137145996,24.518754959106445,2.4498655796051025,2.6606534129628066,-0.01616457663476467,0.2400247468135277,-0.012878576912681352,-0.033604371932680496,0.24270762377639443,6.0,23.0,2.0,0.9661117613290285,0.025726602551832567,-0.2568388727254156,0.33954395001158516,0.25038811564445496,-0.01367338839918375,-0.033795084804296494,-0.01890634000301361,direct,SAFE_PROGRESSING,NONE,1,0,"6.745,24.526;6.559,24.144;6.373,23.763;6.186,23.381;6.000,23.000",0,1,PASS_THROUGH,-1,0.9662344336248373,0.0248576482297313,-0.25646270021618517,0.34105565047549236,inf,7.981953868315865,0.0,0,0,0,DIRECT_LOCAL,PASS_THROUGH,0,BYPASS_VISIBLE,1,9,6.0,23.0,2.0,6.0,23.0,2.0,1,
794,26.5,0.033333,6.736902236938477,24.511775970458984,2.4485440254211426,2.66012744136983,-0.01547510176897049,0.2479870994543637,-0.013313400601641611,-0.033794136120537346,0.2506329822020669,6.0,23.0,2.0,0.9659791126054621,0.026592638639803656,-0.2572492674044706,0.33797988548647834,0.2579585909843445,-0.013954699970781803,-0.033948782831430435,-0.017487632110714912,direct,SAFE_PROGRESSING,NONE,1,0,"6.741,24.519;6.556,24.139;6.371,23.759;6.185,23.380;6.000,23.000",0,1,PASS_THROUGH,-1,0.9662344336248373,0.0248576482297313,-0.25646270021618517,0.34105565047549236,inf,7.973839936448388,0.0,0,0,0,DIRECT_LOCAL,PASS_THROUGH,0,BYPASS_VISIBLE,1,9,6.0,23.0,2.0,6.0,23.0,2.0,1,
795,26.533333,0.033333,6.732624053955078,24.504568099975586,2.4472107887268066,2.659625551853016,-0.014727575704455376,0.2559025622219571,-0.013725273290300061,-0.03398837164487613,0.2585144365131788,6.0,23.0,2.0,0.9658361450095659,0.027453297036858504,-0.2576952802727803,0.3363623933594322,0.26546064019203186,-0.014202477410435677,-0.034102912992239,-0.01597767509520054,direct,SAFE_PROGRESSING,NONE,1,0,"6.737,24.512;6.553,24.134;6.368,23.756;6.184,23.378;6.000,23.000",0,1,PASS_THROUGH,-1,0.9662344336248373,0.0248576482297313,-0.25646270021618517,0.34105565047549236,inf,7.96545864683926,0.0,0,0,0,DIRECT_LOCAL,PASS_THROUGH,0,BYPASS_VISIBLE,1,9,6.0,23.0,2.0,6.0,23.0,2.0,1,
796,26.566667,0.033333,6.728208541870117,24.49713897705078,2.4458658695220947,2.6591498781880065,-0.013920982368290424,0.2637638674104837,-0.014112413348222658,-0.03418749786868358,0.26634436913959264,6.0,23.0,2.0,0.9656827599338504,0.02830569794779697,-0.25817744795049274,0.3346916892841959,0.27289074659347534,-0.014416199177503586,-0.03425769880414009,-0.014378944411873817,direct,SAFE_PROGRESSING,NONE,1,0,"6.733,24.505;6.549,24.128;6.366,23.752;6.183,23.376;6.000,23.000",0,1,PASS_THROUGH,-1,0.9662344336248373,0.0248576482297313,-0.25646270021618517,0.34105565047549236,inf,7.956817083843892,0.0,0,0,0,DIRECT_LOCAL,PASS_THROUGH,0,BYPASS_VISIBLE,1,9,6.0,23.0,2.0,6.0,23.0,2.0,1,
797,26.6,0.033333,6.723657608032227,24.48948097229004,2.444509744644165,2.658702153518474,-0.013054678216576576,0.27156318998161383,-0.014473073287324945,-0.03439188698886219,0.27411464370592287,6.0,23.0,2.0,0.9655190016403162,0.029150038453399363,-0.2586954439677133,0.3329692356394063,0.2802336812019348,-0.014588725753128529,-0.03441287949681282,-0.012681031599640846,direct,SAFE_PROGRESSING,NONE,1,0,"6.728,24.497;6.546,24.123;6.364,23.749;6.182,23.374;6.000,23.000",0,1,PASS_THROUGH,-1,0.9662344336248373,0.0248576482297313,-0.25646270021618517,0.34105565047549236,inf,7.947909593987988,0.0,0,0,0,DIRECT_LOCAL,PASS_THROUGH,0,BYPASS_VISIBLE,1,9,6.0,23.0,2.0,6.0,23.0,2.0,1,
798,26.633333,0.033333,6.718973159790039,24.48160171508789,2.4431424140930176,2.6582845482442443,-0.012127832509577274,0.2792923062590341,-0.014805233924321832,-0.034601835095775316,0.281816738819821,6.0,23.0,2.0,0.9653444625829485,0.029981738076860776,-0.25925115996332315,0.33119383451248025,0.28748419880867004,-0.014718558639287949,-0.03456837683916092,-0.010884838178753853,direct,SAFE_PROGRESSING,NONE,1,0,"6.724,24.489;6.543,24.117;6.362,23.745;6.181,23.372;6.000,23.000",1,1,PASS_THROUGH,-1,0.9995180467161583,0.03104310372232999,0.0,0.33119383451248025,inf,7.938743738425907,0.0,0,0,0,DIRECT_LOCAL,PASS_THROUGH,0,BYPASS_VISIBLE,1,9,6.0,23.0,2.0,6.0,23.0,2.0,1,
799,26.666667,0.033333,6.714156627655029,24.4735050201416,2.4417645931243896,2.657899123798913,-0.011139323934912682,0.2869426019338417,-0.01510649886151485,-0.03481772520693062,0.2894417680657051,6.0,23.0,2.0,0.965159206267858,0.030800217031938915,-0.2598442864239732,0.3293670321480188,0.2946391701698303,-0.014804274775087833,-0.034724365919828415,-0.008991187438368797,direct,SAFE_PROGRESSING,NONE,1,0,"6.719,24.482;6.539,24.111;6.359,23.741;6.180,23.370;6.000,23.000",0,1,PASS_THROUGH,-1,0.9653444625829485,0.029981738076860776,-0.25925115996332315,0.33119383451248025,inf,7.92932353629307,0.0,0,0,0,DIRECT_LOCAL,PASS_THROUGH,0,BYPASS_VISIBLE,1,9,6.0,23.0,2.0,6.0,23.0,2.0,1,
800,26.7,0.033333,6.70920991897583,24.465190887451172,2.440375804901123,2.657547939717135,-0.010088051669299603,0.29450531757688525,-0.015374161101058898,-0.03503943599741765,0.29698065422791503,6.0,23.0,2.0,0.9649630605095818,0.03160420308961881,-0.2604754617983261,0.32748964766576094,0.3016897439956665,-0.014842523261904716,-0.03488084673881531,-0.006996588781476021,direct,SAFE_PROGRESSING,NONE,1,0,"6.714,24.474;6.536,24.105;6.357,23.737;6.179,23.368;6.000,23.000",0,1,PASS_THROUGH,-1,0.9653444625829485,0.029981738076860776,-0.25925115996332315,0.33119383451248025,inf,7.919649941377185,0.0,0,0,0,DIRECT_LOCAL,PASS_THROUGH,0,BYPASS_VISIBLE,1,9,6.0,23.0,2.0,6.0,23.0,2.0,1,
801,26.733333,0.033333,6.704136848449707,24.4566593170166,2.438976764678955,2.6572330203780945,-0.008972951211035252,0.3019718537517422,-0.015605525204925514,-0.03526661517518023,0.3044244849237646,6.0,23.0,2.0,0.9647559265595888,0.03239125084808914,-0.26114518765745176,0.3255618556184773,0.30862951278686523,-0.014831162057816982,-0.03503783047199249,-0.00490027479827404,direct,SAFE_PROGRESSING,NONE,1,0,"6.709,24.465;6.532,24.099;6.355,23.733;6.177,23.366;6.000,23.000",0,1,PASS_THROUGH,-1,0.9653444625829485,0.029981738076860776,-0.25925115996332315,0.33119383451248025,inf,7.909724860890333,0.0,0,0,0,DIRECT_LOCAL,PASS_THROUGH,0,BYPASS_VISIBLE,1,9,6.0,23.0,2.0,6.0,23.0,2.0,1,
802,26.766667,0.033333,6.698940277099609,24.447912216186523,2.437567710876465,2.6569566731148715,-0.007792925927788019,0.3093341571375683,-0.015797710456717913,-0.03549890872586368,0.3117649129527107,6.0,23.0,2.0,0.9645375933666658,0.03315762057430821,-0.26185454584614515,0.32358399634073115,0.31545186042785645,-0.014769576489925385,-0.035195380449295044,-0.00270616146735847,direct,SAFE_PROGRESSING,NONE,1,0,"6.704,24.457;6.528,24.092;6.352,23.728;6.176,23.364;6.000,23.000",0,1,PASS_THROUGH,-1,0.9653444625829485,0.029981738076860776,-0.25925115996332315,0.33119383451248025,inf,7.899551377024834,0.0,0,0,0,DIRECT_LOCAL,PASS_THROUGH,0,BYPASS_VISIBLE,1,9,6.0,23.0,2.0,6.0,23.0,2.0,1,
803,26.8,0.033333,6.693622589111328,24.438953399658203,2.4361491203308105,2.6567209401683853,-0.006547236815094948,0.31658435702021276,-0.015948042117207413,-0.03573596073482601,0.3189938150605978,6.0,23.0,2.0,0.964307919210635,0.033900825643147225,-0.26260420973085824,0.32155666976346475,0.3221506178379059,-0.014656796120107174,-0.03535357862710953,-0.00041765905916690826,direct,SAFE_PROGRESSING,NONE,1,0,"6.699,24.448;6.524,24.086;6.349,23.724;6.175,23.362;6.000,23.000",0,1,PASS_THROUGH,-1,0.9653444625829485,0.029981738076860776,-0.25925115996332315,0.33119383451248025,inf,7.88913398545007,0.0,0,0,0,DIRECT_LOCAL,PASS_THROUGH,0,BYPASS_VISIBLE,1,9,6.0,23.0,2.0,6.0,23.0,2.0,1,
804,26.833333,0.033333,6.688188076019287,24.429786682128906,2.434720993041992,2.6565280311926522,-0.005235674791038036,0.3237148301636427,-0.016054043772913498,-0.03597749576894438,0.3261033636611912,6.0,23.0,2.0,0.9640667537550931,0.03461897973638106,-0.2633947997704755,0.3194807776698562,0.3287198543548584,-0.01449216715991497,-0.035512685775756836,0.0019608279690146446,direct,SAFE_PROGRESSING,NONE,1,0,"6.694,24.439;6.520,24.079;6.347,23.719;6.173,23.360;6.000,23.000",1,1,PASS_THROUGH,-1,0.9993558833009513,0.03588618831494067,0.0,0.3194807776698562,inf,7.878478135267003,0.0,0,0,0,DIRECT_LOCAL,PASS_THROUGH,0,BYPASS_VISIBLE,1,9,6.0,23.0,2.0,6.0,23.0,2.0,1,
805,26.866667,0.033333,6.682639122009277,24.4204158782959,2.433284044265747,2.6563801518522023,-0.0038586482405662537,0.3307181560532215,-0.01611365466961553,-0.036223461409562466,0.3330860065606849,6.0,23.0,2.0,0.9638140778373788,0.035309179014550995,-0.26422657935908256,0.3173573874588908,0.3351474106311798,-0.014273432083427906,-0.03567275404930115,0.004428861662745476,direct,SAFE_PROGRESSING,NONE,1,0,"6.688,24.430;6.516,24.072;6.344,23.715;6.172,23.357;6.000,23.000",0,1,PASS_THROUGH,-1,0.9640667537550931,0.03461897973638106,-0.2633947997704755,0.3194807776698562,inf,7.867588322055997,0.0,0,0,0,DIRECT_LOCAL,PASS_THROUGH,0,BYPASS_VISIBLE,1,9,6.0,23.0,2.0,6.0,23.0,2.0,1,
806,26.9,0.033333,6.676980972290039,24.41084098815918,2.431838035583496,2.6562794784068133,-0.002417028183117509,0.3375870509999894,-0.01612475706339429,-0.03647402029020924,0.3399343744744764,6.0,23.0,2.0,0.9635496760509487,0.035969584430234736,-0.2651003786832981,0.31518740065000733,0.34142735600471497,-0.013998869806528091,-0.03583399951457977,0.006984701380133629,direct,SAFE_PROGRESSING,NONE,1,0,"6.683,24.420;6.512,24.065;6.341,23.710;6.171,23.355;6.000,23.000",0,1,PASS_THROUGH,-1,0.9640667537550931,0.03461897973638106,-0.2633947997704755,0.3194807776698562,inf,7.856467167535395,0.0,0,0,0,DIRECT_LOCAL,PASS_THROUGH,0,BYPASS_VISIBLE,1,9,6.0,23.0,2.0,6.0,23.0,2.0,1,
807,26.933333,0.033333,6.671216011047363,24.401063919067383,2.4303841590881348,2.656228045645786,-0.000911927898414433,0.34431384490522904,-0.01608561140940942,-0.036729495543831994,0.346640774478048,6.0,23.0,2.0,0.9632734613799832,0.036595909802935755,-0.2660168753795922,0.3129712785999851,0.3475480079650879,-0.013664931990206242,-0.03599631413817406,0.00962955690920353,direct,SAFE_PROGRESSING,NONE,1,0,"6.677,24.411;6.508,24.058;6.338,23.705;6.169,23.353;6.000,23.000",0,1,PASS_THROUGH,-1,0.9640667537550931,0.03461897973638106,-0.2633947997704755,0.3194807776698562,inf,7.8451175151163595,0.0,0,0,0,DIRECT_LOCAL,PASS_THROUGH,0,BYPASS_VISIBLE,1,9,6.0,23.0,2.0,6.0,23.0,2.0,1,
808,26.966667,0.033333,6.66534948348999,24.391088485717773,2.428922176361084,2.656227948644539,0.0006555066211149096,0.35089052081814537,-0.015994369657738126,-0.03699016868306362,0.3531971829445686,6.0,23.0,2.0,0.9629850482480627,0.037185862733444985,-0.2669775429946231,0.3107095775027727,0.35350289940834045,-0.01327104028314352,-0.03615955635905266,0.012358356267213821,direct,SAFE_PROGRESSING,NONE,1,0,"6.671,24.401;6.503,24.051;6.336,23.701;6.168,23.350;6.000,23.000",0,1,PASS_THROUGH,-1,0.9640667537550931,0.03461897973638106,-0.2633947997704755,0.3194807776698562,inf,7.8335452902072396,0.0,0,0,0,DIRECT_LOCAL,PASS_THROUGH,0,BYPASS_VISIBLE,1,9,6.0,23.0,2.0,6.0,23.0,2.0,1,
809,27.0,0.033333,6.65938663482666,24.380918502807617,2.4274532794952393,2.656281229522379,0.002284042304381728,0.3573088444323337,-0.015849019191644158,-0.03725631018561584,0.3595953758984583,6.0,23.0,2.0,0.9626844249543923,0.03773612200824966,-0.2679826170594086,0.3084034442270037,0.35928842425346375,-0.012815380468964577,-0.03632393851876259,0.015169710852205753,direct,SAFE_PROGRESSING,NONE,1,0,"6.665,24.391;6.499,24.043;6.333,23.696;6.166,23.348;6.000,23.000",0,1,PASS_THROUGH,-1,0.9640667537550931,0.03461897973638106,-0.2633947997704755,0.3194807776698562,inf,7.821756418135162,0.0,0,0,0,DIRECT_LOCAL,PASS_THROUGH,0,BYPASS_VISIBLE,1,9,6.0,23.0,2.0,6.0,23.0,2.0,1,
810,27.033333,0.033333,6.653330326080322,24.37055778503418,2.4259774684906006,2.6563899287799906,0.00397230451926589,0.36356034273749277,-0.01564752251082083,-0.037527817531988986,0.36582687826462956,6.0,23.0,2.0,0.9623713351618501,0.03824332625760657,-0.2690331973113216,0.30605402435416257,0.36489546298980713,-0.012294085696339607,-0.03648956120014191,0.018066413700580597,direct,SAFE_PROGRESSING,NONE,1,0,"6.659,24.381;6.495,24.036;6.330,23.690;6.165,23.345;6.000,23.000",1,1,PASS_THROUGH,-1,0.9992113542440162,0.03970729844549259,0.0,0.30605402435416257,inf,7.809755632524502,0.0,0,0,0,DIRECT_LOCAL,PASS_THROUGH,0,BYPASS_VISIBLE,1,9,6.0,23.0,2.0,6.0,23.0,2.0,1,
811,27.066667,0.033333,6.64718770980835,24.36001205444336,2.424494981765747,2.656555998993546,0.005719075910747051,0.36963697248570565,-0.015387573349470189,-0.03780449435352216,0.3718836493250396,6.0,23.0,2.0,0.9620455897840904,0.038705531630207735,-0.27012990393180203,0.3036622569299001,0.3703169524669647,-0.01170660275965929,-0.03665658086538315,0.021044651046395302,direct,SAFE_PROGRESSING,NONE,1,0,"6.653,24.371;6.490,24.028;6.327,23.685;6.163,23.343;6.000,23.000",0,1,PASS_THROUGH,-1,0.9623713351618501,0.03824332625760657,-0.2690331973113216,0.30605402435416257,inf,7.797551464033545,0.0,0,0,0,DIRECT_LOCAL,PASS_THROUGH,0,BYPASS_VISIBLE,1,9,6.0,23.0,2.0,6.0,23.0,2.0,1,
812,27.1,0.033333,6.640962600708008,24.34928321838379,2.423006296157837,2.6567813346438562,0.0075233131647109985,0.37553077045128425,-0.01506686153772983,-0.0380858515954432,0.3777577291917167,6.0,23.0,2.0,0.9617071804225664,0.039118908351074066,-0.2712729439754315,0.3012297940083765,0.37554919719696045,-0.011054089292883873,-0.036825086921453476,0.024096932262182236,direct,SAFE_PROGRESSING,NONE,1,0,"6.647,24.360;6.485,24.020;6.324,23.680;6.162,23.340;6.000,23.000",0,1,PASS_THROUGH,-1,0.9623713351618501,0.03824332625760657,-0.2690331973113216,0.30605402435416257,inf,7.78514747100023,0.0,0,0,0,DIRECT_LOCAL,PASS_THROUGH,0,BYPASS_VISIBLE,1,9,6.0,23.0,2.0,6.0,23.0,2.0,1,
813,27.133333,0.033333,6.634659767150879,24.338376998901367,2.4215123653411865,2.6570677977758432,0.009383628144860268,0.38123422093047693,-0.014683186858692254,-0.03837132989353953,0.383441633293248,6.0,23.0,2.0,0.9613557763574938,0.03948046996565191,-0.2724635090344603,0.2987573101310486,0.38058727979660034,-0.010336135514080524,-0.03699534758925438,0.027218658477067947,direct,SAFE_PROGRESSING,NONE,1,0,"6.641,24.349;6.427,23.900;6.214,23.450;6.000,23.000",0,1,PASS_THROUGH,-1,0.9623713351618501,0.03824332625760657,-0.2690331973113216,0.30605402435416257,inf,7.772550992560089,0.0,0,0,0,DIRECT_LOCAL,PASS_THROUGH,0,BYPASS_VISIBLE,1,9,6.0,23.0,2.0,6.0,23.0,2.0,1,
814,27.166667,0.033333,6.628285884857178,24.327293395996094,2.420013427734375,2.657417244196845,0.01129819080233574,0.3867403740495924,-0.014234622753616323,-0.03866037787240815,0.3889284847143414,6.0,23.0,2.0,0.9609910982351979,0.039787708911455666,-0.27370247958739025,0.2962462496794339,0.38542672991752625,-0.009558885358273983,-0.03716766834259033,0.030392922461032867,direct,SAFE_PROGRESSING,NONE,1,0,"6.635,24.338;6.423,23.892;6.212,23.446;6.000,23.000",0,1,PASS_THROUGH,-1,0.9623713351618501,0.03824332625760657,-0.2690331973113216,0.30605402435416257,inf,7.75976536525041,0.0,0,0,0,DIRECT_LOCAL,PASS_THROUGH,0,BYPASS_VISIBLE,1,9,6.0,23.0,2.0,6.0,23.0,2.0,1,
815,27.2,0.033333,6.621846675872803,24.316043853759766,2.4185094833374023,2.657831380531913,0.0132641876116395,0.392042836474912,-0.01371972342294008,-0.03895241009609511,0.3942120072935258,6.0,23.0,2.0,0.9606128540886956,0.040035502344436424,-0.27499109642241004,0.2936971850165139,0.390060693025589,-0.008720473386347294,-0.03734227642416954,0.03361901268362999,direct,SAFE_PROGRESSING,NONE,1,0,"6.628,24.327;6.419,23.885;6.209,23.442;6.000,23.000",0,1,PASS_THROUGH,-1,0.9623713351618501,0.03824332625760657,-0.2690331973113216,0.30605402435416257,inf,7.74680336131452,0.0,0,0,0,DIRECT_LOCAL,PASS_THROUGH,0,BYPASS_VISIBLE,1,9,6.0,23.0,2.0,6.0,23.0,2.0,1,
816,27.233333,0.033333,6.6153483390808105,24.304624557495117,2.417001485824585,2.6583117927086928,0.015277971513569355,0.397135517279351,-0.013137745494214908,-0.03924715099436924,0.39928631118857977,6.0,23.0,2.0,0.9602210955683255,0.040222547277736054,-0.27632877938436873,0.2911126732598847,0.3944741189479828,-0.007813943549990654,-0.03751900792121887,0.0369042344391346,direct,SAFE_PROGRESSING,NONE,1,0,"6.622,24.316;6.415,23.877;6.207,23.439;6.000,23.000",1,1,PASS_THROUGH,-1,0.9991238154619044,0.041852137064269435,0.0,0.2911126732598847,inf,7.7336647755143835,0.0,0,0,0,DIRECT_LOCAL,PASS_THROUGH,0,BYPASS_VISIBLE,1,9,6.0,23.0,2.0,6.0,23.0,2.0,1,
817,27.266667,0.033333,6.6087965965271,24.293045043945312,2.415489912033081,2.6588599848147667,0.017336228862404823,0.4020123073716548,-0.012488100870800267,-0.03954490491041607,0.4041455770462112,6.0,23.0,2.0,0.9598151916714627,0.04034295757476719,-0.2777179209392038,0.2884925520306437,0.39865535497665405,-0.00683551374822855,-0.03769754618406296,0.04024765267968178,direct,SAFE_PROGRESSING,NONE,1,0,"6.615,24.305;6.410,23.870;6.205,23.435;6.000,23.000",0,1,PASS_THROUGH,-1,0.9602210955683255,0.040222547277736054,-0.27632877938436873,0.2911126732598847,inf,7.720360728849648,0.0,0,0,0,DIRECT_LOCAL,PASS_THROUGH,0,BYPASS_VISIBLE,1,9,6.0,23.0,2.0,6.0,23.0,2.0,1,
818,27.3,0.033333,6.602198123931885,24.281307220458984,2.4139750003814697,2.659477328815175,0.019436320289969444,0.40666645848675537,-0.011770035723261154,-0.03984653717619464,0.4087834252070656,6.0,23.0,2.0,0.959394978282386,0.04039496254245328,-0.2791585976604232,0.28583903033802194,0.40260326862335205,-0.00578661821782589,-0.03787808492779732,0.043640341609716415,direct,SAFE_PROGRESSING,NONE,1,0,"6.609,24.293;6.406,23.862;6.203,23.431;6.000,23.000",0,1,PASS_THROUGH,-1,0.9602210955683255,0.040222547277736054,-0.27632877938436873,0.2911126732598847,inf,7.706896211532814,0.0,0,0,0,DIRECT_LOCAL,PASS_THROUGH,0,BYPASS_VISIBLE,1,9,6.0,23.0,2.0,6.0,23.0,2.0,1,
819,27.333333,0.033333,6.595559597015381,24.26941680908203,2.4124577045440674,2.6601652599202774,0.021575868129730225,0.4110905938148438,-0.01098224018764794,-0.04015261745553961,0.4131928346560609,6.0,23.0,2.0,0.9589600871362591,0.04037390383552447,-0.2806519181632263,0.2831530168419479,0.40631794929504395,-0.004669142886996269,-0.03806094825267792,0.04707374423742294,direct,SAFE_PROGRESSING,NONE,1,0,"6.602,24.281;6.401,23.854;6.201,23.427;6.000,23.000",0,1,PASS_THROUGH,-1,0.9602210955683255,0.040222547277736054,-0.27632877938436873,0.2911126732598847,inf,7.693279518535781,0.0,0,0,0,DIRECT_LOCAL,PASS_THROUGH,0,BYPASS_VISIBLE,1,9,6.0,23.0,2.0,6.0,23.0,2.0,1,
820,27.366667,0.033333,6.588887691497803,24.257381439208984,2.410938262939453,2.660925039971136,0.023752208799123764,0.415277456524658,-0.010123136858027328,-0.04046284788337057,0.41736684805608154,6.0,23.0,2.0,0.9585101078651965,0.040276274517072996,-0.282198856892218,0.28043610814423514,0.40979671478271484,-0.003483088221400976,-0.03824639320373535,0.05054546892642975,direct,SAFE_PROGRESSING,NONE,1,0,"6.596,24.269;6.397,23.846;6.199,23.423;6.000,23.000",0,1,PASS_THROUGH,-1,0.9602210955683255,0.040222547277736054,-0.27632877938436873,0.2911126732598847,inf,7.679520597633068,0.0,0,0,0,DIRECT_LOCAL,PASS_THROUGH,0,BYPASS_VISIBLE,1,9,6.0,23.0,2.0,6.0,23.0,2.0,1,
821,27.4,0.033333,6.582189083099365,24.245208740234375,2.4094161987304688,2.66175780930663,0.025962531566619873,0.41922037468432843,-0.009191104596366599,-0.04077617378973006,0.42129905685047553,6.0,23.0,2.0,0.9580447903338927,0.04009915346209797,-0.28379964342069025,0.2776902444714159,0.41303619742393494,-0.0022284029982984066,-0.038434624671936035,0.05405178666114807,direct,SAFE_PROGRESSING,NONE,1,0,"6.589,24.257;6.393,23.838;6.196,23.419;6.000,23.000",0,1,PASS_THROUGH,-1,0.9602210955683255,0.040222547277736054,-0.27632877938436873,0.2911126732598847,inf,7.665629397502861,0.0,0,0,0,DIRECT_LOCAL,PASS_THROUGH,0,BYPASS_VISIBLE,1,9,6.0,23.0,2.0,6.0,23.0,2.0,1,
822,27.433333,0.033333,6.5754714012146,24.232898712158203,2.407893419265747,2.662664650111656,0.02820398472249508,0.42291372731909765,-0.00818476859389333,-0.041091205322732166,0.42498411540520264,6.0,23.0,2.0,0.9575639892929311,0.03983959447821711,-0.2854540473022208,0.2749173646924587,0.41603100299835205,-0.0009087938233278692,-0.03862583264708519,0.05758139491081238,direct,SAFE_PROGRESSING,NONE,1,0,"6.582,24.245;6.388,23.830;6.194,23.415;6.000,23.000",1,1,PASS_THROUGH,-1,0.9991356277025015,0.04156918877640636,0.0,0.2749173646924587,inf,7.65160973721239,0.0,0,0,0,DIRECT_LOCAL,PASS_THROUGH,0,BYPASS_VISIBLE,1,9,6.0,23.0,2.0,6.0,23.0,2.0,1,
823,27.466667,0.033333,6.568741321563721,24.220458984375,2.4063706398010254,2.6636463843382634,0.030473316088318825,0.42635289078088184,-0.007103349983839383,-0.04140685945333552,0.4284177553136609,6.0,23.0,2.0,0.9570668067205934,0.03949189639303902,-0.28716461758532796,0.27211810436332606,0.4187782108783722,0.00047328416258096695,-0.03882032632827759,0.06112368777394295,direct,SAFE_PROGRESSING,NONE,1,0,"6.575,24.233;6.384,23.822;6.192,23.411;6.000,23.000",0,1,PASS_THROUGH,-1,0.9575639892929311,0.03983959447821711,-0.2854540473022208,0.2749173646924587,inf,7.637471568236649,0.0,0,0,0,DIRECT_LOCAL,PASS_THROUGH,0,BYPASS_VISIBLE,1,9,6.0,23.0,2.0,6.0,23.0,2.0,1,
824,27.5,0.033333,6.562008380889893,24.207897186279297,2.4048449993133545,2.6647039767587986,0.03276665881276131,0.4295340391898203,-0.005946640859648193,-0.041722514409106536,0.4315965958726432,6.0,23.0,2.0,0.9565527653468555,0.03905294841749807,-0.2889319544930671,0.26929439826299423,0.421273410320282,0.001915543805807829,-0.03901832550764084,0.0646674782037735,direct,SAFE_PROGRESSING,NONE,1,0,"6.569,24.220;6.379,23.814;6.190,23.407;6.000,23.000",0,1,PASS_THROUGH,-1,0.9575639892929311,0.03983959447821711,-0.2854540473022208,0.2749173646924587,inf,7.623226274142179,0.0,0,0,0,DIRECT_LOCAL,PASS_THROUGH,0,BYPASS_VISIBLE,1,9,6.0,23.0,2.0,6.0,23.0,2.0,1,
825,27.533333,0.033333,6.555276393890381,24.19521713256836,2.4033191204071045,2.665838134176025,0.03507928177714348,0.4324537998742042,-0.004714955412258016,-0.042038009321298066,0.4345177948690656,6.0,23.0,2.0,0.95602219591092,0.03851794867945668,-0.2907540688540562,0.26644842148617964,0.423508882522583,0.0034161170478910208,-0.0392199270427227,0.06820376217365265,direct,SAFE_PROGRESSING,NONE,1,0,"6.562,24.208;6.375,23.805;6.187,23.403;6.000,23.000",0,1,PASS_THROUGH,-1,0.9575639892929311,0.03983959447821711,-0.2854540473022208,0.2749173646924587,inf,7.608879075689324,0.0,0,0,0,DIRECT_LOCAL,PASS_THROUGH,0,BYPASS_VISIBLE,1,9,6.0,23.0,2.0,6.0,23.0,2.0,1,
826,27.566667,0.033333,6.548554420471191,24.18242645263672,2.4017937183380127,2.667049363150658,0.03740588575601578,0.4351087911536041,-0.00340919067502956,-0.042353853342019375,0.4371786037915472,6.0,23.0,2.0,0.955473846571893,0.03788463206553977,-0.2926337013578053,0.26358117289342475,0.4254758358001709,0.004973321221768856,-0.03942511975765228,0.07172676920890808,direct,SAFE_PROGRESSING,NONE,1,0,"6.555,24.195;6.370,23.797;6.185,23.398;6.000,23.000",0,1,PASS_THROUGH,-1,0.9575639892929311,0.03983959447821711,-0.2854540473022208,0.2749173646924587,inf,7.594441122049559,0.0,0,0,0,DIRECT_LOCAL,PASS_THROUGH,0,BYPASS_VISIBLE,1,9,6.0,23.0,2.0,6.0,23.0,2.0,1,
827,27.6,0.033333,6.541849613189697,24.169532775878906,2.400270938873291,2.6683380563950245,0.03974083811044693,0.4374951808175376,-0.002030613460944375,-0.04267090725351974,0.4395758898704935,6.0,23.0,2.0,0.9549072056994194,0.03714847471804161,-0.29457124661013606,0.2606947846132361,0.42717891931533813,0.00658478494733572,-0.03963430970907211,0.0752255767583847,direct,SAFE_PROGRESSING,NONE,1,0,"6.549,24.182;6.366,23.788;6.183,23.394;6.000,23.000",0,1,PASS_THROUGH,-1,0.9575639892929311,0.03983959447821711,-0.2854540473022208,0.2749173646924587,inf,7.579922610911381,0.0,0,0,0,DIRECT_LOCAL,PASS_THROUGH,0,BYPASS_VISIBLE,1,9,6.0,23.0,2.0,6.0,23.0,2.0,1,
828,27.633333,0.033333,6.535170078277588,24.156539916992188,2.3987481594085693,2.669704292374016,0.042078375816345215,0.4396090179745617,-0.0005805683322758486,-0.0429895277927631,0.44170637899400045,6.0,23.0,2.0,0.9543213009571998,0.036306321773211414,-0.29656821397219546,0.25779122693907525,0.4286135733127594,0.008250230923295021,-0.03984767198562622,0.07869426906108856,direct,SAFE_PROGRESSING,NONE,1,0,"6.542,24.170;6.361,23.780;6.181,23.390;6.000,23.000",1,1,PASS_THROUGH,-1,0.9992771067786361,0.03801662620641433,0.0,0.25779122693907525,inf,7.565330916532308,0.0,0,0,0,DIRECT_LOCAL,PASS_THROUGH,0,BYPASS_VISIBLE,1,9,6.0,23.0,2.0,6.0,23.0,2.0,1,
829,27.666667,0.033333,6.528522968292236,24.14345359802246,2.3972253799438477,2.6711480982826936,0.044412706047296524,0.44144646765143536,0.0009395312269809076,-0.04330969888231697,0.4435669019867612,6.0,23.0,2.0,0.953715965491926,0.03535309724012331,-0.2986235350425914,0.2548718573934702,0.4297710657119751,0.00997125543653965,-0.0400652140378952,0.08213289827108383,direct,SAFE_PROGRESSING,NONE,1,0,"6.535,24.157;6.357,23.771;6.178,23.386;6.000,23.000",0,1,PASS_THROUGH,-1,0.9543213009571998,0.036306321773211414,-0.29656821397219546,0.25779122693907525,inf,7.550674591014759,0.0,0,0,0,DIRECT_LOCAL,PASS_THROUGH,0,BYPASS_VISIBLE,1,9,6.0,23.0,2.0,6.0,23.0,2.0,1,
830,27.7,0.033333,6.521916389465332,24.13028335571289,2.395705223083496,2.6726692452776457,0.046738460659980774,0.44300378791102213,0.0025284241973921994,-0.04363136399038061,0.44515440574714865,6.0,23.0,2.0,0.9530904664438117,0.03428497269078273,-0.30073759894883395,0.25193829870370626,0.4306541383266449,0.011745171621441841,-0.0402873158454895,0.08553163707256317,direct,SAFE_PROGRESSING,NONE,1,0,"6.529,24.143;6.352,23.762;6.176,23.381;6.000,23.000",0,1,PASS_THROUGH,-1,0.9543213009571998,0.036306321773211414,-0.29656821397219546,0.25779122693907525,inf,7.535965969726878,0.0,0,0,0,DIRECT_LOCAL,PASS_THROUGH,0,BYPASS_VISIBLE,1,9,6.0,23.0,2.0,6.0,23.0,2.0,1,
831,27.733333,0.033333,6.51535701751709,24.117034912109375,2.394185781478882,2.6742674504097304,0.0490507148206234,0.4442776392181759,0.004185101487339938,-0.04395420361458979,0.4464662448597068,6.0,23.0,2.0,0.9524436787022128,0.03309852254111556,-0.3029117473882306,0.24899294622893406,0.43126147985458374,0.013567691668868065,-0.040514204651117325,0.08887831121683121,direct,SAFE_PROGRESSING,NONE,1,0,"6.522,24.130;6.348,23.754;6.174,23.377;6.000,23.000",0,1,PASS_THROUGH,-1,0.9543213009571998,0.036306321773211414,-0.29656821397219546,0.25779122693907525,inf,7.521213372842895,0.0,0,0,0,DIRECT_LOCAL,PASS_THROUGH,0,BYPASS_VISIBLE,1,9,6.0,23.0,2.0,6.0,23.0,2.0,1,
832,27.766667,0.033333,6.508853912353516,24.10371208190918,2.3926687240600586,2.675942144842095,0.05134453997015953,0.4452653284281731,0.0059086364744558246,-0.044277652393302565,0.44750043037599213,6.0,23.0,2.0,0.9517751234670894,0.03179019921684384,-0.30514504351694793,0.24603738336889452,0.43159541487693787,0.015435311943292618,-0.040746383368968964,0.09216208010911942,direct,SAFE_PROGRESSING,NONE,1,0,"6.515,24.117;6.344,23.745;6.172,23.372;6.000,23.000",0,1,PASS_THROUGH,-1,0.9543213009571998,0.036306321773211414,-0.29656821397219546,0.25779122693907525,inf,7.506424667035287,0.0,0,0,0,DIRECT_LOCAL,PASS_THROUGH,0,BYPASS_VISIBLE,1,9,6.0,23.0,2.0,6.0,23.0,2.0,1,
833,27.8,0.033333,6.502413272857666,24.090328216552734,2.3911523818969727,2.6776925886465297,0.0536147877573967,0.44596474248128876,0.007697717251917544,-0.04460115070277568,0.4482555844953906,6.0,23.0,2.0,0.9510834787250445,0.030354065888241577,-0.30743917639155904,0.24307304777533645,0.4316522479057312,0.01734544150531292,-0.040984150022268295,0.0953746810555458,direct,SAFE_PROGRESSING,NONE,1,0,"6.509,24.104;6.339,23.736;6.170,23.368;6.000,23.000",0,1,PASS_THROUGH,-1,0.9543213009571998,0.036306321773211414,-0.29656821397219546,0.25779122693907525,inf,7.491614546581316,0.0,0,0,0,DIRECT_LOCAL,PASS_THROUGH,0,BYPASS_VISIBLE,1,9,6.0,23.0,2.0,6.0,23.0,2.0,1,
834,27.833333,0.033333,6.496041774749756,24.076889038085938,2.389639139175415,2.6795179606633495,0.055855896323919296,0.44637464558425877,0.00955071022369866,-0.04492421290013651,0.44873123937491394,6.0,23.0,2.0,0.9503684889003654,0.02878920068653229,-0.3097917320217998,0.2401028709994629,0.4314294159412384,0.019294418394565582,-0.04122770577669144,0.09850561618804932,direct,SAFE_PROGRESSING,NONE,1,0,"6.502,24.090;6.335,23.727;6.167,23.363;6.000,23.000",1,1,PASS_THROUGH,-1,0.9995414925552903,0.03027878234576764,0.0,0.2401028709994629,inf,7.476791343667517,0.0,0,0,0,DIRECT_LOCAL,PASS_THROUGH,0,BYPASS_VISIBLE,1,9,6.0,23.0,2.0,6.0,23.0,2.0,1,
835,27.866667,0.033333,6.489748477935791,24.063398361206055,2.388127565383911,2.6814171778270333,0.05806204304099083,0.44649420858611943,0.011465515990044651,-0.04524693925810775,0.44892741269618425,6.0,23.0,2.0,0.9496285074557053,0.02709188465886031,-0.312204624586313,0.23712844136851602,0.43092459440231323,0.02127661183476448,-0.04147729277610779,0.10154135525226593,direct,SAFE_PROGRESSING,NONE,1,0,"6.496,24.077;6.331,23.718;6.165,23.359;6.000,23.000",0,1,PASS_THROUGH,-1,0.9503684889003654,0.02878920068653229,-0.3097917320217998,0.2401028709994629,inf,7.461962939260782,0.0,0,0,0,DIRECT_LOCAL,PASS_THROUGH,0,BYPASS_VISIBLE,1,9,6.0,23.0,2.0,6.0,23.0,2.0,1,
836,27.9,0.033333,6.483538627624512,24.049867630004883,2.386617660522461,2.6833889638095205,0.06022704020142555,0.4463227893507852,0.013439467746272388,-0.045569753253463095,0.4488443538675181,6.0,23.0,2.0,0.9488626920099739,0.02525597356238679,-0.31467717983832466,0.23415120296561764,0.4301373362541199,0.023288864642381668,-0.041733160614967346,0.10447227954864502,direct,SAFE_PROGRESSING,NONE,1,0,"6.490,24.063;6.326,23.709;6.163,23.354;6.000,23.000",0,1,PASS_THROUGH,-1,0.9503684889003654,0.02878920068653229,-0.3097917320217998,0.2401028709994629,inf,7.447141911363281,0.0,0,0,0,DIRECT_LOCAL,PASS_THROUGH,0,BYPASS_VISIBLE,1,9,6.0,23.0,2.0,6.0,23.0,2.0,1,
837,27.933333,0.033333,6.477421283721924,24.03630256652832,2.385110378265381,2.6854319742722033,0.062344375997781754,0.4458595902818864,0.015469468899749915,-0.045893232856881544,0.44848218196092016,6.0,23.0,2.0,0.9480700730510697,0.02328048899160834,-0.3172083785420096,0.23117367020809837,0.4290619492530823,0.025331107899546623,-0.0419953316450119,0.10729603469371796,direct,SAFE_PROGRESSING,NONE,1,0,"6.484,24.050;6.322,23.700;6.161,23.350;6.000,23.000",0,1,PASS_THROUGH,-1,0.9503684889003654,0.02878920068653229,-0.3097917320217998,0.2401028709994629,inf,7.43233780242075,0.0,0,0,0,DIRECT_LOCAL,PASS_THROUGH,0,BYPASS_VISIBLE,1,9,6.0,23.0,2.0,6.0,23.0,2.0,1,
838,27.966667,0.033333,6.471402645111084,24.02271270751953,2.3836042881011963,2.687544413769856,0.06440765410661697,0.44510371422984013,0.01755222462047336,-0.04621802633305014,0.44784093489591753,6.0,23.0,2.0,0.9472492131918295,0.02115989208129776,-0.31979866646777566,0.22819764166562928,0.42770129442214966,0.027400117367506027,-0.04226386547088623,0.1100035160779953,direct,SAFE_PROGRESSING,NONE,1,0,"6.477,24.036;6.318,23.691;6.159,23.345;6.000,23.000",0,1,PASS_THROUGH,-1,0.9503684889003654,0.02878920068653229,-0.3097917320217998,0.2401028709994629,inf,7.417562027540893,0.0,0,0,0,DIRECT_LOCAL,PASS_THROUGH,0,BYPASS_VISIBLE,1,9,6.0,23.0,2.0,6.0,23.0,2.0,1,
839,28.0,0.033333,6.465489864349365,24.00910758972168,2.3821005821228027,2.6897245128753364,0.06641089171171188,0.4440541358768295,0.0196844576538479,-0.04654448083857519,0.4469205098884768,6.0,23.0,2.0,0.9463993066678621,0.018891811523485957,-0.32244604478261313,0.2252253747640045,0.4260539412498474,0.029494399204850197,-0.04253882169723511,0.1125897690653801,direct,SAFE_PROGRESSING,NONE,1,0,"6.471,24.023;6.314,23.682;6.157,23.341;6.000,23.000",0,1,PASS_THROUGH,-1,0.9503684889003654,0.02878920068653229,-0.3097917320217998,0.2401028709994629,inf,7.402826484716395,0.0,0,0,0,DIRECT_LOCAL,PASS_THROUGH,0,BYPASS_VISIBLE,1,9,6.0,23.0,2.0,6.0,23.0,2.0,1,
840,28.033333,0.033333,6.459689140319824,23.9954891204834,2.380598306655884,2.69197010098644,0.06834852695465088,0.44270992920908103,0.02186314193425915,-0.04687271226551154,0.44572090993207,6.0,23.0,2.0,0.9455188902408939,0.016473314473727962,-0.3251502085311924,0.2222592127625659,0.42411696910858154,0.03160854056477547,-0.0428202822804451,0.11504431068897247,direct,SAFE_PROGRESSING,NONE,1,0,"6.465,24.009;6.310,23.673;6.155,23.336;6.000,23.000",1,1,PASS_THROUGH,-1,0.9998482625763293,0.017419868630265067,0.0,0.2222592127625659,inf,7.388135999773513,0.0,0,0,0,DIRECT_LOCAL,PASS_THROUGH,0,BYPASS_VISIBLE,1,9,6.0,23.0,2.0,6.0,23.0,2.0,1,
841,28.066667,0.033333,6.454007148742676,23.981863021850586,2.3790979385375977,2.694278952073095,0.07021523267030716,0.44107008270791986,0.024085103049301594,-0.04720276952245778,0.4442420640815737,6.0,23.0,2.0,0.9446063591854529,0.013899281454941737,-0.32791101866427,0.21930004055893737,0.4218909740447998,0.03373754024505615,-0.043108370155096054,0.11735697090625763,direct,SAFE_PROGRESSING,NONE,1,0,"6.460,23.995;6.306,23.664;6.153,23.332;6.000,23.000",0,1,PASS_THROUGH,-1,0.9455188902408939,0.016473314473727962,-0.3251502085311924,0.2222592127625659,inf,7.373498945187353,0.0,0,0,0,DIRECT_LOCAL,PASS_THROUGH,0,BYPASS_VISIBLE,1,9,6.0,23.0,2.0,6.0,23.0,2.0,1,
842,28.1,0.033333,6.448450565338135,23.968257904052734,2.3775980472564697,2.6966486417185846,0.07200563699007034,0.439134041791357,0.0263472613847776,-0.04753461876108289,0.4424843780556016,6.0,23.0,2.0,0.9436599330325202,0.011165454206831016,-0.3307283831506071,0.21634948437997426,0.41937485337257385,0.0358770377933979,-0.04340311139822006,0.11951841413974762,direct,SAFE_PROGRESSING,NONE,1,0,"6.454,23.982;6.303,23.655;6.151,23.327;6.000,23.000",0,1,PASS_THROUGH,-1,0.9455188902408939,0.016473314473727962,-0.3251502085311924,0.2222592127625659,inf,7.358943491387694,0.0,0,0,0,DIRECT_LOCAL,PASS_THROUGH,0,BYPASS_VISIBLE,1,9,6.0,23.0,2.0,6.0,23.0,2.0,1,
843,28.133333,0.033333,6.443024635314941,23.95465850830078,2.376100778579712,2.6990766543718077,0.07371427118778229,0.43690119513423586,0.028646107867759323,-0.04786822125934576,0.4404482040061335,6.0,23.0,2.0,0.9426802201341375,0.008275881346668013,-0.3335948326275303,0.21341333400822796,0.41657114028930664,0.03802467882633209,-0.043704450130462646,0.12152326852083206,direct,SAFE_PROGRESSING,NONE,1,0,"6.448,23.968;6.299,23.646;6.149,23.323;6.000,23.000",0,1,PASS_THROUGH,-1,0.9455188902408939,0.016473314473727962,-0.3251502085311924,0.2222592127625659,inf,7.344459159498789,0.0,0,0,0,DIRECT_LOCAL,PASS_THROUGH,0,BYPASS_VISIBLE,1,9,6.0,23.0,2.0,6.0,23.0,2.0,1,
844,28.166667,0.033333,6.437735080718994,23.941085815429688,2.374603509902954,2.701560173350736,0.075335793197155,0.43437130751037495,0.03097791891255554,-0.0482033447447215,0.4381342564705525,6.0,23.0,2.0,0.9416630899129967,0.005219656762583791,-0.3365165378978996,0.21048930566344787,0.41347697377204895,0.040176887065172195,-0.04401225596666336,0.12336423993110657,direct,SAFE_PROGRESSING,NONE,1,0,"6.443,23.955;6.295,23.636;6.148,23.318;6.000,23.000",0,1,PASS_THROUGH,-1,0.9455188902408939,0.016473314473727962,-0.3251502085311924,0.2222592127625659,inf,7.330067053221163,0.0,0,0,0,DIRECT_LOCAL,PASS_THROUGH,0,BYPASS_VISIBLE,1,9,6.0,23.0,2.0,6.0,23.0,2.0,1,
845,28.2,0.033333,6.432588577270508,23.92754554748535,2.3731062412261963,2.7040962028507907,0.07686495035886765,0.4315443129918725,0.03333859309271297,-0.04853991939711074,0.43554343025708303,6.0,23.0,2.0,0.9406087554177216,0.0019988437262993264,-0.3394866328079539,0.20758174417756722,0.4100923538208008,0.042329613119363785,-0.04432639107108116,0.1250329464673996,direct,SAFE_PROGRESSING,NONE,1,0,"6.438,23.941;6.292,23.627;6.146,23.314;6.000,23.000",0,1,PASS_THROUGH,-1,0.9455188902408939,0.016473314473727962,-0.3251502085311924,0.2222592127625659,inf,7.315775567343231,0.0,0,0,0,DIRECT_LOCAL,PASS_THROUGH,0,BYPASS_VISIBLE,1,9,6.0,23.0,2.0,6.0,23.0,2.0,1,
846,28.233333,0.033333,6.4275898933410645,23.914047241210938,2.3716089725494385,2.7066816660042776,0.07829662412405014,0.4284202867626785,0.03572394977854716,-0.04887798290288256,0.43267678457510333,6.0,23.0,2.0,0.9395154240017702,-0.0013910878865586729,-0.3425037706905808,0.20469231737853014,0.4064182639122009,0.04447733983397484,-0.04464668780565262,0.12651821970939636,direct,SAFE_PROGRESSING,NONE,1,0,"6.433,23.928;6.288,23.618;6.144,23.309;6.000,23.000",1,1,PASS_THROUGH,-1,0.9999989038484575,-0.0014806423888075737,0.0,0.20469231737853014,inf,7.301595441075464,0.0,0,0,0,DIRECT_LOCAL,PASS_THROUGH,0,BYPASS_VISIBLE,1,9,6.0,23.0,2.0,6.0,23.0,2.0,1,
847,28.266667,0.033333,6.4227447509765625,23.90060043334961,2.3701117038726807,2.7093132245589513,0.07962565869092941,0.4249991649681301,0.03812947452115491,-0.0492174293958942,0.4295352167252495,6.0,23.0,2.0,0.9383815272993519,-0.004951623760714785,-0.3455656097551784,0.2018232371212739,0.40244606137275696,0.046618372201919556,-0.044972553849220276,0.12782013416290283,direct,SAFE_PROGRESSING,NONE,1,0,"6.428,23.914;6.285,23.609;6.143,23.305;6.000,23.000",0,1,PASS_THROUGH,-1,0.9395154240017702,-0.0013910878865586729,-0.3425037706905808,0.20469231737853014,inf,7.287537898016779,0.0,0,0,0,DIRECT_LOCAL,PASS_THROUGH,0,BYPASS_VISIBLE,1,9,6.0,23.0,2.0,6.0,23.0,2.0,1,
848,28.3,0.033333,6.418057441711426,23.88721466064453,2.368614435195923,2.711987557994723,0.08084703981876373,0.42128081632227793,0.04055080310603837,-0.04955853431631131,0.42611963362099425,6.0,23.0,2.0,0.9372055329934134,-0.008685222642891233,-0.3486694076545506,0.1989768092042628,0.39817988872528076,0.04875054210424423,-0.04530386999249458,0.1289331018924713,direct,SAFE_PROGRESSING,NONE,1,0,"6.423,23.901;6.211,23.450;6.000,23.000",0,1,PASS_THROUGH,-1,0.9395154240017702,-0.0013910878865586729,-0.3425037706905808,0.20469231737853014,inf,7.2736134460286905,0.0,0,0,0,DIRECT_LOCAL,PASS_THROUGH,0,BYPASS_VISIBLE,1,9,6.0,23.0,2.0,6.0,23.0,2.0,1,
849,28.333333,0.033333,6.413532733917236,23.873897552490234,2.367117166519165,2.714700950423516,0.08195623755455017,0.4172646156165458,0.04298349311649225,-0.049901426859589225,0.4224304588080056,6.0,23.0,2.0,0.9359858547507705,-0.0125929125354306,-0.3518123054418996,0.19615523226596765,0.3936218023300171,0.05087127909064293,-0.04564026743173599,0.12985211610794067,direct,SAFE_PROGRESSING,NONE,1,0,"6.418,23.887;6.209,23.444;6.000,23.000",0,1,PASS_THROUGH,-1,0.9395154240017702,-0.0013910878865586729,-0.3425037706905808,0.20469231737853014,inf,7.259831189689666,0.0,0,0,0,DIRECT_LOCAL,PASS_THROUGH,0,BYPASS_VISIBLE,1,9,6.0,23.0,2.0,6.0,23.0,2.0,1,
850,28.366667,0.033333,6.409173488616943,23.860658645629883,2.3656184673309326,2.7174496245905413,0.08294922858476639,0.41295003343054504,0.04542330053293706,-0.05024575867461582,0.4184682097918328,6.0,23.0,2.0,0.9347207219852783,-0.016676971771526217,-0.3549916203290603,0.19336041521154074,0.388771116733551,0.052977144718170166,-0.04598133638501167,0.13057145476341248,direct,SAFE_PROGRESSING,NONE,1,0,"6.414,23.874;6.207,23.437;6.000,23.000",0,1,PASS_THROUGH,-1,0.9395154240017702,-0.0013910878865586729,-0.3425037706905808,0.20469231737853014,inf,7.24620092331455,0.0,0,0,0,DIRECT_LOCAL,PASS_THROUGH,0,BYPASS_VISIBLE,1,9,6.0,23.0,2.0,6.0,23.0,2.0,1,
851,28.4,0.033333,6.40498685836792,23.847511291503906,2.3641180992126465,2.7202296525984173,0.08382225781679153,0.4083364409638492,0.04786606414643318,-0.050590935040636734,0.4142333301705446,6.0,23.0,2.0,0.9334089916590884,-0.02093722458059566,-0.3582028572147709,0.19059446456646362,0.38362783193588257,0.0550646111369133,-0.046326588839292526,0.13108818233013153,direct,SAFE_PROGRESSING,NONE,1,0,"6.409,23.861;6.205,23.430;6.000,23.000",0,1,PASS_THROUGH,-1,0.9395154240017702,-0.0013910878865586729,-0.3425037706905808,0.20469231737853014,inf,7.232737902072224,0.0,0,0,0,DIRECT_LOCAL,PASS_THROUGH,0,BYPASS_VISIBLE,1,9,6.0,23.0,2.0,6.0,23.0,2.0,1,
852,28.433333,0.033333,6.400975704193115,23.834463119506836,2.3626155853271484,2.723037104321658,0.08457183092832565,0.4034237880311964,0.050307860182391306,-0.05093633518286082,0.40972691367230374,6.0,23.0,2.0,0.9320498444969513,-0.025375739129723462,-0.36144039513705273,0.18786055942398733,0.37818971276283264,0.057129718363285065,-0.046675533056259155,0.13139815628528595,direct,SAFE_PROGRESSING,NONE,1,0,"6.405,23.848;6.202,23.424;6.000,23.000",1,1,PASS_THROUGH,-1,0.9996295856746841,-0.02721564704098528,0.0,0.18786055942398733,inf,7.219450278740482,0.0,0,0,0,DIRECT_LOCAL,PASS_THROUGH,0,CORRIDOR_CLEAR,1,9,6.0,23.0,2.0,6.0,23.0,2.0,1,
853,28.466667,0.033333,6.397143840789795,23.82151985168457,2.3611109256744385,2.725867810562929,0.08519484847784042,0.3982116999854147,0.05274457070752618,-0.051281438946832306,0.40494979160983996,6.0,23.0,2.0,0.9306417789058427,-0.029993024740340657,-0.36470028492159695,0.18516049396890738,0.3724600374698639,0.05916906148195267,-0.04702765867114067,0.1314973086118698,direct,SAFE_PROGRESSING,NONE,1,0,"6.401,23.834;6.200,23.417;6.000,23.000",0,1,PASS_THROUGH,-1,0.9320498444969513,-0.025375739129723462,-0.36144039513705273,0.18786055942398733,inf,7.20634504501862,0.0,0,0,0,DIRECT_LOCAL,PASS_THROUGH,0,CORRIDOR_CLEAR,1,9,6.0,23.0,2.0,6.0,23.0,2.0,1,
854,28.5,0.033333,6.393494129180908,23.808700561523438,2.3596036434173584,2.7287175282153115,0.08568841964006424,0.39270006875788954,0.055172059462027,-0.05162565683399007,0.39990312400789446,6.0,23.0,2.0,0.9291829463843545,-0.03479126455764686,-0.3679791027476552,0.1824958188002244,0.36643701791763306,0.061178840696811676,-0.04738233610987663,0.13138237595558167,direct,SAFE_PROGRESSING,NONE,1,0,"6.397,23.822;6.199,23.411;6.000,23.000",0,1,PASS_THROUGH,-1,0.9320498444969513,-0.025375739129723462,-0.36144039513705273,0.18786055942398733,inf,7.193440232008598,0.0,0,0,0,DIRECT_LOCAL,PASS_THROUGH,0,CORRIDOR_CLEAR,1,9,6.0,23.0,2.0,6.0,23.0,2.0,1,
855,28.533333,0.033333,6.390030384063721,23.796009063720703,2.358092784881592,2.7315818601129442,0.08604978024959564,0.38688907903142755,0.05758599806966425,-0.05196841704381641,0.394588422305452,6.0,23.0,2.0,0.9276736175414131,-0.039765777888657816,-0.37126855809041814,0.17987042312822465,0.3601238429546356,0.0631544440984726,-0.047738850116729736,0.13104724884033203,direct,SAFE_PROGRESSING,NONE,1,0,"6.393,23.809;6.197,23.404;6.000,23.000",0,1,PASS_THROUGH,-1,0.9320498444969513,-0.025375739129723462,-0.36144039513705273,0.18786055942398733,inf,7.180741187218727,0.0,0,0,0,DIRECT_LOCAL,PASS_THROUGH,0,CORRIDOR_CLEAR,1,9,6.0,23.0,2.0,6.0,23.0,2.0,1,
856,28.566667,0.033333,6.386754035949707,23.783458709716797,2.3565783500671387,2.734456551599302,0.08627630025148392,0.3807786627243071,0.05998179817019563,-0.052309073973492076,0.38900699906017894,6.0,23.0,2.0,0.9261122943557143,-0.04491949586079619,-0.37456408948911074,0.1772855470723323,0.35351309180259705,0.06509333103895187,-0.048096295446157455,0.1304924488067627,direct,SAFE_PROGRESSING,NONE,1,0,"6.390,23.796;6.195,23.398;6.000,23.000",0,1,PASS_THROUGH,-1,0.9320498444969513,-0.025375739129723462,-0.36144039513705273,0.18786055942398733,inf,7.168260278460159,0.0,0,0,0,DIRECT_LOCAL,PASS_THROUGH,0,CORRIDOR_CLEAR,1,9,6.0,23.0,2.0,6.0,23.0,2.0,1,
857,28.6,0.033333,6.383668422698975,23.77105712890625,2.35506010055542,2.7373370559523353,0.08636552840471268,0.3743687640698666,0.06235481227785246,-0.05264720232109313,0.38316030853631433,6.0,23.0,2.0,0.9244986499411509,-0.05024851784289225,-0.37785887936051177,0.1747439537328254,0.34660831093788147,0.0669916644692421,-0.04845390468835831,0.12971486151218414,direct,SAFE_PROGRESSING,NONE,1,0,"6.387,23.783;6.193,23.392;6.000,23.000",0,1,PASS_THROUGH,-1,0.9320498444969513,-0.025375739129723462,-0.36144039513705273,0.18786055942398733,inf,7.156005902805896,0.0,0,0,0,DIRECT_LOCAL,PASS_THROUGH,0,CORRIDOR_CLEAR,1,9,6.0,23.0,2.0,6.0,23.0,2.0,1,
858,28.633333,0.033333,6.380774974822998,23.758821487426758,2.35353684425354,2.7402188003556187,0.08631531149148941,0.3676589930170835,0.06470022293899945,-0.05298221594740324,0.3770495580177615,6.0,23.0,2.0,0.9228318164657578,-0.05575313669248716,-0.38114698774548733,0.17224756075062062,0.3394067883491516,0.06884778290987015,-0.04881051927804947,0.1287180483341217,direct,SAFE_PROGRESSING,NONE,1,0,"6.384,23.771;6.192,23.386;6.000,23.000",1,1,PASS_THROUGH,-1,0.9981799781613083,-0.0603053164977177,0.0,0.17224756075062062,inf,7.143993708505808,0.0,0,0,0,DIRECT_LOCAL,PASS_THROUGH,0,CORRIDOR_CLEAR,1,9,6.0,23.0,2.0,6.0,23.0,2.0,1,
859,28.666667,0.033333,6.378077030181885,23.746749877929688,2.3520092964172363,2.743097224342363,0.08612402528524399,0.36064873817770715,0.06701331776583094,-0.053313386640725643,0.3706758884824588,6.0,23.0,2.0,0.9211131029137889,-0.06142719573986016,-0.38441819840385905,0.16979983877872346,0.33191558718681335,0.07065769284963608,-0.049165286123752594,0.12749990820884705,direct,SAFE_PROGRESSING,NONE,1,0,"6.381,23.759;6.190,23.379;6.000,23.000",0,1,PASS_THROUGH,-1,0.9228318164657578,-0.05575313669248716,-0.38114698774548733,0.17224756075062062,inf,7.132223871507056,0.0,0,0,0,DIRECT_LOCAL,PASS_THROUGH,0,CORRIDOR_CLEAR,1,9,6.0,23.0,2.0,6.0,23.0,2.0,1,
860,28.7,0.033333,6.375575065612793,23.734859466552734,2.350475788116455,2.7459675608325984,0.08579059690237045,0.35333750295106586,0.06928942151109137,-0.05363938683757637,0.36404065534682706,6.0,23.0,2.0,0.9193401136045205,-0.06727493177567445,-0.38766975516824315,0.16740102997761477,0.3241375684738159,0.07241800427436829,-0.04951712489128113,0.1260584145784378,direct,SAFE_PROGRESSING,NONE,1,0,"6.378,23.747;6.189,23.373;6.000,23.000",0,1,PASS_THROUGH,-1,0.9228318164657578,-0.05575313669248716,-0.38114698774548733,0.17224756075062062,inf,7.12071154924775,0.0,0,0,0,DIRECT_LOCAL,PASS_THROUGH,0,CORRIDOR_CLEAR,1,9,6.0,23.0,2.0,6.0,23.0,2.0,1,
861,28.733333,0.033333,6.373271465301514,23.723161697387695,2.3489365577697754,2.7488251465078313,0.08531428128480911,0.3457252102512253,0.07152401702697177,-0.05395860786363118,0.35714582088764474,6.0,23.0,2.0,0.9175149301825258,-0.07328864261954504,-0.3908901735208233,0.16505454437757514,0.316070556640625,0.0741252452135086,-0.04986488074064255,0.12439359724521637,direct,SAFE_PROGRESSING,NONE,1,0,"6.376,23.735;6.188,23.367;6.000,23.000",0,1,PASS_THROUGH,-1,0.9228318164657578,-0.05575313669248716,-0.38114698774548733,0.17224756075062062,inf,7.109467929776025,0.0,0,0,0,DIRECT_LOCAL,PASS_THROUGH,0,CORRIDOR_CLEAR,1,9,6.0,23.0,2.0,6.0,23.0,2.0,1,
862,28.766667,0.033333,6.371166706085205,23.711668014526367,2.347391366958618,2.7516650987739766,0.08469440042972565,0.33781238665894425,0.07371254808124782,-0.05426957871679987,0.34999419352175154,6.0,23.0,2.0,0.9156383445432852,-0.07946453835792211,-0.39407081742447597,0.1627629475497408,0.30772101879119873,0.0757763683795929,-0.050207480788230896,0.12250620126724243,direct,SAFE_PROGRESSING,NONE,1,0,"6.373,23.723;6.187,23.362;6.000,23.000",0,1,PASS_THROUGH,-1,0.9228318164657578,-0.05575313669248716,-0.38114698774548733,0.17224756075062062,inf,7.09850322464099,0.0,0,0,0,DIRECT_LOCAL,PASS_THROUGH,0,CORRIDOR_CLEAR,1,9,6.0,23.0,2.0,6.0,23.0,2.0,1,
863,28.8,0.033333,6.369261741638184,23.700389862060547,2.345839738845825,2.75448281429535,0.08393055200576782,0.3295998781018351,0.07585047020629533,-0.05457074289998669,0.34258917007972856,6.0,23.0,2.0,0.913711737071267,-0.08579675357356481,-0.3972024403430132,0.160528637520667,0.2990943491458893,0.07736821472644806,-0.0505438856780529,0.12039472907781601,direct,SAFE_PROGRESSING,NONE,1,0,"6.371,23.712;6.186,23.356;6.000,23.000",0,1,PASS_THROUGH,-1,0.9228318164657578,-0.05575313669248716,-0.38114698774548733,0.17224756075062062,inf,7.087827879276502,0.0,0,0,0,DIRECT_LOCAL,PASS_THROUGH,0,CORRIDOR_CLEAR,1,9,6.0,23.0,2.0,6.0,23.0,2.0,1,
864,28.833333,0.033333,6.367557048797607,23.68933868408203,2.3442811965942383,2.757273402897417,0.08302255719900131,0.3210893493375392,0.07793318514175976,-0.054860565142506354,0.334935267196662,6.0,23.0,2.0,0.9117370807025102,-0.09227913152760059,-0.4002749774299865,0.15835405807428574,0.2901916205883026,0.0788973867893219,-0.05087297409772873,0.1180606260895729,direct,SAFE_PROGRESSING,NONE,1,0,"6.369,23.700;6.185,23.350;6.000,23.000",1,1,PASS_THROUGH,-1,0.9949170403813986,-0.10069797792765528,0.0,0.15835405807428574,inf,7.077452087015381,0.0,0,0,0,DIRECT_LOCAL,PASS_THROUGH,0,CORRIDOR_CLEAR,1,9,6.0,23.0,2.0,6.0,23.0,2.0,1,
865,28.866667,0.033333,6.366053104400635,23.67852020263672,2.34271502494812,2.760032200710576,0.08197034895420074,0.31228285653111015,0.07995606087694061,-0.055137574925170726,0.32703777507012205,6.0,23.0,2.0,0.9097168516934785,-0.09890467833007643,-0.4032779616459715,0.15624160847773594,0.2810174822807312,0.08036142587661743,-0.05119340121746063,0.11550667136907578,direct,SAFE_PROGRESSING,NONE,1,0,"6.368,23.689;6.184,23.345;6.000,23.000",0,1,PASS_THROUGH,-1,0.9117370807025102,-0.09227913152760059,-0.4002749774299865,0.15835405807428574,inf,7.06738111102788,0.0,0,0,0,DIRECT_LOCAL,PASS_THROUGH,0,CORRIDOR_CLEAR,1,9,6.0,23.0,2.0,6.0,23.0,2.0,1,
866,28.9,0.033333,6.364749908447266,23.667949676513672,2.34114146232605,2.7627543026672314,0.08077405393123627,0.3031830901415212,0.08191448990807938,-0.05540052310131819,0.31890310090145313,6.0,23.0,2.0,0.9076528608850328,-0.10566866531808339,-0.4062024338887078,0.15419267695030342,0.27157604694366455,0.08175668120384216,-0.05150407925248146,0.112733855843544,direct,SAFE_PROGRESSING,NONE,1,0,"6.366,23.679;6.183,23.339;6.000,23.000",0,1,PASS_THROUGH,-1,0.9117370807025102,-0.09227913152760059,-0.4002749774299865,0.15835405807428574,inf,7.057628163623942,0.0,0,0,0,DIRECT_LOCAL,PASS_THROUGH,0,CORRIDOR_CLEAR,1,9,6.0,23.0,2.0,6.0,23.0,2.0,1,
867,28.933333,0.033333,6.363646507263184,23.657636642456055,2.339560031890869,2.76543497104014,0.07943412661552429,0.29379305098198094,0.08380380123577853,-0.05564830482362758,0.3105385124853439,6.0,23.0,2.0,0.9055492202863207,-0.11256029634820947,-0.40903641564638227,0.15221028428683886,0.26187893748283386,0.08307772874832153,-0.05180395394563675,0.10973849892616272,direct,SAFE_PROGRESSING,NONE,1,0,"6.365,23.668;6.182,23.334;6.000,23.000",0,1,PASS_THROUGH,-1,0.9117370807025102,-0.09227913152760059,-0.4002749774299865,0.15835405807428574,inf,7.048201036209189,0.0,0,0,0,DIRECT_LOCAL,PASS_THROUGH,0,CORRIDOR_CLEAR,1,9,6.0,23.0,2.0,6.0,23.0,2.0,1,
868,28.966667,0.033333,6.362743377685547,23.647594451904297,2.337970018386841,2.7680694317881036,0.07795102149248123,0.2841164188359643,0.08561930632810069,-0.05587963180317733,0.3019525431565976,6.0,23.0,2.0,0.9034097056073547,-0.11957009708200539,-0.41176922626421775,0.15029633871063997,0.25192829966545105,0.0843217596411705,-0.05209173634648323,0.1065245270729065,direct,SAFE_PROGRESSING,NONE,1,0,"6.364,23.658;6.182,23.329;6.000,23.000",0,1,PASS_THROUGH,-1,0.9117370807025102,-0.09227913152760059,-0.4002749774299865,0.15835405807428574,inf,7.0391115171174174,0.0,0,0,0,DIRECT_LOCAL,PASS_THROUGH,0,CORRIDOR_CLEAR,1,9,6.0,23.0,2.0,6.0,23.0,2.0,1,
869,29.0,0.033333,6.362039566040039,23.63783073425293,2.336371421813965,2.77065295251888,0.07632516324520111,0.27415735206259734,0.08735613907610656,-0.056093135910466156,0.29315488844726617,6.0,23.0,2.0,0.9012397575710364,-0.12668731083015278,-0.41438777087158823,0.14845353915511023,0.24172262847423553,0.08548945933580399,-0.05236588418483734,0.10310672223567963,direct,SAFE_PROGRESSING,NONE,1,0,"6.363,23.648;6.181,23.324;6.000,23.000",0,1,PASS_THROUGH,-1,0.9117370807025102,-0.09227913152760059,-0.4002749774299865,0.15835405807428574,inf,7.030365733874402,0.0,0,0,0,DIRECT_LOCAL,PASS_THROUGH,0,CORRIDOR_CLEAR,1,9,6.0,23.0,2.0,6.0,23.0,2.0,1,
870,29.033333,0.033333,6.361533164978027,23.628358840942383,2.334764003753662,2.7731808012205694,0.07455769926309586,0.26392041743607886,0.08900951207309547,-0.05628790840570425,0.2841566620929617,6.0,23.0,2.0,0.8990437490992997,-0.13390205839945313,-0.41688196886152923,0.14668342686699015,0.2312757670879364,0.08657635748386383,-0.052625369280576706,0.09948655962944031,direct,SAFE_PROGRESSING,NONE,1,0,"6.362,23.638;6.181,23.319;6.000,23.000",1,1,PASS_THROUGH,-1,0.9890898692179145,-0.14731337553151314,0.0,0.14668342686699015,inf,7.021974225644623,0.0,0,0,0,DIRECT_LOCAL,PASS_THROUGH,0,CORRIDOR_CLEAR,1,9,6.0,23.0,2.0,6.0,23.0,2.0,1,
871,29.066667,0.033333,6.3612236976623535,23.61918830871582,2.3331475257873535,2.7756482663365354,0.07265058904886246,0.2534106244452045,0.09057476502722595,-0.05646289810753424,0.2749705284283163,6.0,23.0,2.0,0.8968284283024572,-0.14119940081891036,-0.4192391911509767,0.14498842193354394,0.22059908509254456,0.08757651597261429,-0.05286906659603119,0.09566232562065125,direct,SAFE_PROGRESSING,NONE,1,0,"6.362,23.628;6.181,23.314;6.000,23.000",0,1,PASS_THROUGH,-1,0.8990437490992997,-0.13390205839945313,-0.41688196886152923,0.14668342686699015,inf,7.013944973174362,0.0,0,0,0,DIRECT_LOCAL,PASS_THROUGH,0,CORRIDOR_CLEAR,1,9,6.0,23.0,2.0,6.0,23.0,2.0,1,
872,29.1,0.033333,6.361108779907227,23.610326766967773,2.331521511077881,2.778050793179367,0.0706060379743576,0.2426336204830919,0.09204728765717986,-0.05661682101998446,0.2656110716370565,6.0,23.0,2.0,0.8946001516169289,-0.14856742362347697,-0.42144784892659065,0.14337039044422267,0.20970416069030762,0.08848541975021362,-0.0530957393348217,0.09163807332515717,direct,SAFE_PROGRESSING,NONE,1,0,"6.361,23.619;6.181,23.310;6.000,23.000",0,1,PASS_THROUGH,-1,0.8990437490992997,-0.13390205839945313,-0.41688196886152923,0.14668342686699015,inf,7.006283328060857,0.0,0,0,0,DIRECT_LOCAL,PASS_THROUGH,0,CORRIDOR_CLEAR,1,9,6.0,23.0,2.0,6.0,23.0,2.0,1,
873,29.133333,0.033333,6.361186504364014,23.60178565979004,2.329885959625244,2.7803837387367105,0.0684262067079544,0.23159630455819985,0.09342236251461392,-0.05674834947233574,0.25609560962785105,6.0,23.0,2.0,0.8923656305202015,-0.1559924216655299,-0.4234972796243288,0.14183064737967188,0.19859707355499268,0.08930002152919769,-0.053304001688957214,0.08742178976535797,direct,SAFE_PROGRESSING,NONE,1,0,"6.361,23.610;6.181,23.305;6.000,23.000",0,1,PASS_THROUGH,-1,0.8990437490992997,-0.13390205839945313,-0.41688196886152923,0.14668342686699015,inf,6.998998143925286,0.0,0,0,0,DIRECT_LOCAL,PASS_THROUGH,0,CORRIDOR_CLEAR,1,9,6.0,23.0,2.0,6.0,23.0,2.0,1,
874,29.166667,0.033333,6.361454963684082,23.593576431274414,2.328240394592285,2.7826426700509272,0.06611345708370209,0.22030648724568758,0.09469503657076397,-0.056856284358958536,0.2464441830207795,6.0,23.0,2.0,0.8901331326561356,-0.16345824961916922,-0.4253756067044887,0.14037117528376378,0.18727385997772217,0.0900183618068695,-0.053492262959480286,0.08302932977676392,direct,SAFE_PROGRESSING,NONE,1,0,"6.361,23.602;6.181,23.301;6.000,23.000",0,1,PASS_THROUGH,-1,0.8990437490992997,-0.13390205839945313,-0.41688196886152923,0.14668342686699015,inf,6.992098256285777,0.0,0,0,0,DIRECT_LOCAL,PASS_THROUGH,0,CORRIDOR_CLEAR,1,9,6.0,23.0,2.0,6.0,23.0,2.0,1,
875,29.2,0.033333,6.361912250518799,23.58570671081543,2.326585054397583,2.7848231974892848,0.06367084383964539,0.20877254585637248,0.09586027872807813,-0.056939974109712264,0.23667980393939553,6.0,23.0,2.0,0.887911932296406,-0.1709479420171336,-0.4270704878656089,0.13899390929624653,0.1757712960243225,0.09063456952571869,-0.05366004258394241,0.07845357060432434,direct,SAFE_PROGRESSING,NONE,1,0,"6.361,23.594;6.181,23.297;6.000,23.000",0,1,PASS_THROUGH,-1,0.8990437490992997,-0.13390205839945313,-0.41688196886152923,0.14668342686699015,inf,6.9855892136966515,0.0,0,0,0,DIRECT_LOCAL,PASS_THROUGH,0,CORRIDOR_CLEAR,1,9,6.0,23.0,2.0,6.0,23.0,2.0,1,
876,29.233333,0.033333,6.362555027008057,23.578187942504883,2.3249197006225586,2.7869208886298495,0.06110178679227829,0.19700381111908924,0.09691290174842458,-0.056998488779903995,0.22682909831840006,6.0,23.0,2.0,0.8857104428878215,-0.17844596831160975,-0.4285721033301063,0.13770008397525563,0.1640934944152832,0.09114279597997665,-0.05380577594041824,0.07369602471590042,direct,SAFE_PROGRESSING,NONE,1,0,"6.362,23.586;6.181,23.293;6.000,23.000",1,1,PASS_THROUGH,-1,0.9803021686934168,-0.197503564663992,0.0,0.13770008397525563,inf,6.979479080574635,0.0,0,0,0,DIRECT_LOCAL,PASS_THROUGH,0,CORRIDOR_CLEAR,1,9,6.0,23.0,2.0,6.0,23.0,2.0,1,
877,29.266667,0.033333,6.363380432128906,23.571033477783203,2.3232438564300537,2.7889318230791846,0.0584091879427433,0.18501076628186502,0.09784767180855512,-0.057030804397127065,0.21692317342492715,6.0,23.0,2.0,0.8835392785635132,-0.18593250325426935,-0.42986910504136927,0.1364913835327113,0.15224339067935944,0.09154357761144638,-0.053927864879369736,0.06878001242876053,direct,SAFE_PROGRESSING,NONE,1,0,"6.363,23.578;6.181,23.289;6.000,23.000",0,1,PASS_THROUGH,-1,0.8857104428878215,-0.17844596831160975,-0.4285721033301063,0.13770008397525563,inf,6.973777779941893,0.0,0,0,0,DIRECT_LOCAL,PASS_THROUGH,0,CORRIDOR_CLEAR,1,9,6.0,23.0,2.0,6.0,23.0,2.0,1,
878,29.3,0.033333,6.364384651184082,23.564245223999023,2.3215577602386475,2.7908517899063554,0.05559645593166351,0.17280482784806056,0.09865932308793643,-0.05703628371264547,0.20699832902590545,6.0,23.0,2.0,0.8814106010625269,-0.1933859222899182,-0.43094922832588156,0.13536980035493448,0.14024436473846436,0.09183093160390854,-0.054025497287511826,0.06370551884174347,direct,SAFE_PROGRESSING,NONE,1,0,"6.363,23.571;6.182,23.286;6.000,23.000",0,1,PASS_THROUGH,-1,0.8857104428878215,-0.17844596831160975,-0.4285721033301063,0.13770008397525563,inf,6.968484923590704,0.0,0,0,0,DIRECT_LOCAL,PASS_THROUGH,0,CORRIDOR_CLEAR,1,9,6.0,23.0,2.0,6.0,23.0,2.0,1,
879,29.333333,0.033333,6.36556339263916,23.55783462524414,2.31986141204834,2.7926768044896377,0.052667610347270966,0.1603982985724181,0.09934268366441419,-0.057014544464262726,0.19709703514523466,6.0,23.0,2.0,0.8793328399620755,-0.20079036584751253,-0.43180665296756743,0.1343352294559031,0.1281101107597351,0.09199883043766022,-0.05409775674343109,0.05847445875406265,direct,SAFE_PROGRESSING,NONE,1,0,"6.364,23.564;6.182,23.282;6.000,23.000",0,1,PASS_THROUGH,-1,0.8857104428878215,-0.17844596831160975,-0.4285721033301063,0.13770008397525563,inf,6.963608027103863,0.0,0,0,0,DIRECT_LOCAL,PASS_THROUGH,0,CORRIDOR_CLEAR,1,9,6.0,23.0,2.0,6.0,23.0,2.0,1,
880,29.366667,0.033333,6.366913318634033,23.55181121826172,2.318154811859131,2.794402985801677,0.049626581370830536,0.14780438533957305,0.0998925162400114,-0.05696522302563706,0.18726902509686572,6.0,23.0,2.0,0.8773184559281908,-0.20812271700546753,-0.432431799887609,0.13338906449317706,0.1158561259508133,0.09204457700252533,-0.05414372682571411,0.05309818312525749,direct,SAFE_PROGRESSING,NONE,1,0,"6.366,23.558;6.183,23.279;6.000,23.000",0,1,PASS_THROUGH,-1,0.8857104428878215,-0.17844596831160975,-0.4285721033301063,0.13770008397525563,inf,6.959153446517193,0.0,0,0,0,DIRECT_LOCAL,PASS_THROUGH,0,CORRIDOR_CLEAR,1,9,6.0,23.0,2.0,6.0,23.0,2.0,1,
881,29.4,0.033333,6.368433952331543,23.546180725097656,2.3164377212524414,2.7960266579827593,0.046477243304252625,0.1350373690820101,0.10030359013931736,-0.056888237791493906,0.1775730070772266,6.0,23.0,2.0,0.8753796007083324,-0.21536171481976796,-0.43281622711447576,0.1325324117324546,0.10350397974252701,0.09196449816226959,-0.05416259542107582,0.0475822314620018,direct,SAFE_PROGRESSING,NONE,1,0,"6.367,23.552;6.183,23.276;6.000,23.000",0,1,PASS_THROUGH,-1,0.8857104428878215,-0.17844596831160975,-0.4285721033301063,0.13770008397525563,inf,6.955125741596791,0.0,0,0,0,DIRECT_LOCAL,PASS_THROUGH,0,CORRIDOR_CLEAR,1,9,6.0,23.0,2.0,6.0,23.0,2.0,1,
882,29.433333,0.033333,6.3701171875,23.540950775146484,2.3147106170654297,2.7975442385733134,0.04322357103228569,0.12211284169162864,0.10057071599990804,-0.05678338264846642,0.16807845658424245,6.0,23.0,2.0,0.8735270322689968,-0.22249152944172085,-0.43295270321595536,0.131765998906978,0.0910690501332283,0.09175501018762589,-0.054153554141521454,0.04193289950489998,direct,SAFE_PROGRESSING,NONE,1,0,"6.368,23.546;6.184,23.273;6.000,23.000",1,1,PASS_THROUGH,-1,0.9690602487578828,-0.24682429839323045,0.0,0.131765998906978,inf,6.951527136812121,0.0,0,0,0,DIRECT_LOCAL,PASS_THROUGH,0,CORRIDOR_CLEAR,1,9,6.0,23.0,2.0,6.0,23.0,2.0,1,
883,29.466667,0.033333,6.371959686279297,23.5361270904541,2.312973737716675,2.7989522418654045,0.03986956179141998,0.10904755900657592,0.1006887639542855,-0.056650741107217725,0.15886756679678676,6.0,23.0,2.0,0.8717731265645667,-0.22948597972309404,-0.4328369218428246,0.13108996507963414,0.07857050746679306,0.09141363203525543,-0.054115910083055496,0.03615819290280342,direct,SAFE_PROGRESSING,NONE,1,0,"6.370,23.541;6.185,23.270;6.000,23.000",0,1,PASS_THROUGH,-1,0.8735270322689968,-0.22249152944172085,-0.43295270321595536,0.131765998906978,inf,6.948360680040915,0.0,0,0,0,DIRECT_LOCAL,PASS_THROUGH,0,CORRIDOR_CLEAR,1,9,6.0,23.0,2.0,6.0,23.0,2.0,1,
884,29.5,0.033333,6.373956680297852,23.53171730041504,2.311227321624756,2.8002472997473893,0.03641926124691963,0.09585956950573671,0.10065283046056663,-0.05649057901892983,0.15003744487108114,6.0,23.0,2.0,0.8701291352251275,-0.23632541680751595,-0.4324645481460021,0.13050459997038777,0.06602934747934341,0.09093698114156723,-0.05404922366142273,0.030260028317570686,direct,SAFE_PROGRESSING,NONE,1,0,"6.372,23.536;6.186,23.268;6.000,23.000",0,1,PASS_THROUGH,-1,0.8735270322689968,-0.22249152944172085,-0.43295270321595536,0.131765998906978,inf,6.945630293796912,0.0,0,0,0,DIRECT_LOCAL,PASS_THROUGH,0,CORRIDOR_CLEAR,1,9,6.0,23.0,2.0,6.0,23.0,2.0,1,
885,29.533333,0.033333,6.376102447509766,23.527725219726562,2.309471368789673,2.801426228006412,0.03287653625011444,0.08256801141107031,0.10045829595081691,-0.05630338896181964,0.14170186075809485,6.0,23.0,2.0,0.8686073066305353,-0.2429871684272548,-0.43183166031192294,0.130010289792777,0.05346299707889557,0.0903235673904419,-0.053953029215335846,0.0242457278072834,direct,SAFE_PROGRESSING,NONE,1,0,"6.374,23.532;6.187,23.266;6.000,23.000",0,1,PASS_THROUGH,-1,0.8735270322689968,-0.22249152944172085,-0.43295270321595536,0.131765998906978,inf,6.94333613138578,0.0,0,0,0,DIRECT_LOCAL,PASS_THROUGH,0,CORRIDOR_CLEAR,1,9,6.0,23.0,2.0,6.0,23.0,2.0,1,
886,29.566667,0.033333,6.378392219543457,23.52415657043457,2.307706356048584,2.802485788508011,0.029245000332593918,0.06919298847046777,0.10010081373181057,-0.056089885823454845,0.13399223057675064,6.0,23.0,2.0,0.8672185681684355,-0.2494500443394134,-0.430936921605649,0.1296066292375949,0.040887944400310516,0.08957014232873917,-0.05382699891924858,0.018119659274816513,direct,SAFE_PROGRESSING,NONE,1,0,"6.376,23.528;6.188,23.264;6.000,23.000",0,1,PASS_THROUGH,-1,0.8735270322689968,-0.22249152944172085,-0.43295270321595536,0.131765998906978,inf,6.941480459182532,0.0,0,0,0,DIRECT_LOCAL,PASS_THROUGH,0,CORRIDOR_CLEAR,1,9,6.0,23.0,2.0,6.0,23.0,2.0,1,
887,29.6,0.033333,6.380820274353027,23.521018981933594,2.3059329986572266,2.803423145137254,0.02552809938788414,0.05575529345493961,0.09957648152178958,-0.055850956045512455,0.12705690737501643,6.0,23.0,2.0,0.865973975629737,-0.2556928625720392,-0.42977928470523546,0.12929358563219667,0.028334742411971092,0.08867684751749039,-0.05367124825716019,0.011885748244822025,direct,SAFE_PROGRESSING,NONE,1,0,"6.378,23.524;6.189,23.262;6.000,23.000",0,1,PASS_THROUGH,-1,0.8735270322689968,-0.22249152944172085,-0.43295270321595536,0.131765998906978,inf,6.940066663284972,0.0,0,0,0,DIRECT_LOCAL,PASS_THROUGH,0,CORRIDOR_CLEAR,1,9,6.0,23.0,2.0,6.0,23.0,2.0,1,
888,29.633333,0.033333,6.38338041305542,23.518310546875,2.3041512966156006,2.8042353094709673,0.02172904834151268,0.04227661599512957,0.09888187528107964,-0.055587624528074066,0.1210575132727282,6.0,23.0,2.0,0.8648852485001188,-0.26169186546377443,-0.42835834820507185,0.12907127657127027,0.015831954777240753,0.0876442939043045,-0.05348577722907066,0.0055465539917349815,direct,SAFE_PROGRESSING,NONE,1,0,"6.381,23.521;6.190,23.261;6.000,23.000",1,1,PASS_THROUGH,-1,0.957145514401098,-0.28960743129598304,0.0,0.12907127657127027,inf,6.939089729844481,0.0,0,0,0,DIRECT_LOCAL,PASS_THROUGH,0,CORRIDOR_CLEAR,1,9,6.0,23.0,2.0,6.0,23.0,2.0,1,
889,29.666667,0.033333,6.386066913604736,23.51603889465332,2.3023619651794434,2.8049194451835824,0.017850542441010475,0.028779962352581304,0.09801416157025075,-0.05530081791255753,0.1161604173681081,6.0,23.0,2.0,0.8639600038361214,-0.26743014816664457,-0.42667813117507636,0.1289381811747639,0.003400778165087104,0.08647512644529343,-0.05327042564749718,-0.0008882441325113177,direct,SAFE_PROGRESSING,NONE,1,0,"6.383,23.518;6.192,23.259;6.000,23.000",0,1,PASS_THROUGH,-1,0.8648852485001188,-0.26169186546377443,-0.42835834820507185,0.12907127657127027,inf,6.938553025041409,0.0,0,0,0,DIRECT_LOCAL,PASS_THROUGH,0,CORRIDOR_CLEAR,1,9,6.0,23.0,2.0,6.0,23.0,2.0,1,
890,29.7,0.033333,6.38887357711792,23.514202117919922,2.300565719604492,2.8054728175637447,0.013895190320909023,0.015289863735427546,0.09697132923257938,-0.05499164536323746,0.11252244081043267,6.0,23.0,2.0,0.8632090536382586,-0.27288467176609477,-0.42474002122716514,0.12889434472858885,-0.008939038030803204,0.08516989648342133,-0.05302544683218002,-0.007416987791657448,direct,SAFE_PROGRESSING,NONE,1,0,"6.386,23.516;6.193,23.258;6.000,23.000",0,1,PASS_THROUGH,-1,0.8648852485001188,-0.26169186546377443,-0.42835834820507185,0.12907127657127027,inf,6.93845152156783,0.0,0,0,0,DIRECT_LOCAL,PASS_THROUGH,0,CORRIDOR_CLEAR,1,9,6.0,23.0,2.0,6.0,23.0,2.0,1,
891,29.733333,0.033333,6.391794681549072,23.512800216674805,2.2987632751464844,2.805892745347138,0.009865570813417435,0.0018319936538693854,0.09575229121212975,-0.054661506266902284,0.11027120086625933,6.0,23.0,2.0,0.862638487622446,-0.2780393212643675,-0.42255055970062194,0.12893819869283424,-0.02116132341325283,0.08372880518436432,-0.05275146663188934,-0.014047072269022465,direct,SAFE_PROGRESSING,NONE,1,0,"6.389,23.514;6.194,23.257;6.000,23.000",0,1,PASS_THROUGH,-1,0.8648852485001188,-0.26169186546377443,-0.42835834820507185,0.12907127657127027,inf,6.938782065353275,0.0,0,0,0,DIRECT_LOCAL,PASS_THROUGH,0,CORRIDOR_CLEAR,1,9,6.0,23.0,2.0,6.0,23.0,2.0,1,
892,29.766667,0.033333,6.394822597503662,23.511837005615234,2.2969553470611572,2.8061765339243445,0.0057634999975562096,-0.011567081725329612,0.09435680405399115,-0.054312196923854396,0.10948433032000185,6.0,23.0,2.0,0.8622544472422785,-0.28287762506743297,-0.4201160761588656,0.12906852981449282,-0.03323541581630707,0.08215557038784027,-0.05244933441281319,-0.020783133804798126,direct,SAFE_PROGRESSING,NONE,1,0,"6.392,23.513;6.196,23.256;6.000,23.000",0,1,PASS_THROUGH,-1,0.8648852485001188,-0.26169186546377443,-0.42835834820507185,0.12907127657127027,inf,6.939543754258227,0.0,0,0,0,DIRECT_LOCAL,PASS_THROUGH,0,CORRIDOR_CLEAR,1,9,6.0,23.0,2.0,6.0,23.0,2.0,1,
893,29.8,0.033333,6.397952556610107,23.51131248474121,2.295142412185669,2.8063216767049477,0.0015895531978458166,-0.02488000158473328,0.0927854838561007,-0.053945565162134265,0.11017388299378911,6.0,23.0,2.0,0.862064403876938,-0.2873788618182912,-0.4174426347994695,0.12928449308663562,-0.04513246566057205,0.0804591178894043,-0.05211973935365677,-0.0276161078363657,direct,SAFE_PROGRESSING,NONE,1,0,"6.395,23.512;6.197,23.256;6.000,23.000",0,1,PASS_THROUGH,-1,0.8648852485001188,-0.26169186546377443,-0.42835834820507185,0.12907127657127027,inf,6.940733925406122,0.0,0,0,0,DIRECT_LOCAL,PASS_THROUGH,0,CORRIDOR_CLEAR,1,9,6.0,23.0,2.0,6.0,23.0,2.0,1,
894,29.833333,0.033333,6.401176452636719,23.5112247467041,2.293325662612915,2.8063256028833488,-0.002656200435012579,-0.03807838729124357,0.09103999331295082,-0.05356348467734266,0.11228219294217583,6.0,23.0,2.0,0.862072858457021,-0.2915289318340937,-0.41453741521775017,0.12958498282822,-0.056819625198841095,0.07864241302013397,-0.05176365748047829,-0.03456033766269684,direct,SAFE_PROGRESSING,NONE,1,0,"6.398,23.511;6.199,23.256;6.000,23.000",1,1,PASS_THROUGH,-1,0.9472992194079471,-0.3203501036508249,0.0,0.12958498282822,inf,6.942346544565121,0.0,0,0,0,DIRECT_LOCAL,PASS_THROUGH,0,CORRIDOR_CLEAR,1,9,6.0,23.0,2.0,6.0,23.0,2.0,1,
895,29.866667,0.033333,6.404489994049072,23.511568069458008,2.291506290435791,2.806185831121304,-0.006974548101425171,-0.05113265428176574,0.08912314040617425,-0.053168023763996305,0.11569062728123707,6.0,23.0,2.0,0.8622828986800668,-0.2953121433958301,-0.41141091454513246,0.1299681942311817,-0.0682668536901474,0.07671350985765457,-0.05138218030333519,-0.04161769896745682,direct,SAFE_PROGRESSING,NONE,1,0,"6.401,23.511;6.201,23.256;6.000,23.000",0,1,PASS_THROUGH,-1,0.862072858457021,-0.2915289318340937,-0.41453741521775017,0.12958498282822,inf,6.944374325974901,0.0,0,0,0,DIRECT_LOCAL,PASS_THROUGH,0,CORRIDOR_CLEAR,1,9,6.0,23.0,2.0,6.0,23.0,2.0,1,
896,29.9,0.033333,6.4078826904296875,23.51234245300293,2.289684772491455,2.805899564549155,-0.011367223225533962,-0.06401188581407737,0.08703900577864448,-0.052761397124160385,0.12023757764901433,6.0,23.0,2.0,0.8626942582915715,-0.2987203527659035,-0.4080744632468066,0.13043221150847847,-0.07944954931735992,0.0746808797121048,-0.050976481288671494,-0.04879113286733627,direct,SAFE_PROGRESSING,NONE,1,0,"6.404,23.512;6.202,23.256;6.000,23.000",0,1,PASS_THROUGH,-1,0.862072858457021,-0.2915289318340937,-0.41453741521775017,0.12958498282822,inf,6.946811615662447,0.0,0,0,0,DIRECT_LOCAL,PASS_THROUGH,0,CORRIDOR_CLEAR,1,9,6.0,23.0,2.0,6.0,23.0,2.0,1,
897,29.933333,0.033333,6.411349296569824,23.513538360595703,2.287863254547119,2.8054642261246143,-0.015836503356695175,-0.0766841590856737,0.08479298233339962,-0.0523457882687383,0.12573937989804435,6.0,23.0,2.0,0.8633100557280835,-0.30173541071526844,-0.4045386132364395,0.13097527679699242,-0.09034182876348495,0.07255348563194275,-0.05054794251918793,-0.05608498305082321,direct,SAFE_PROGRESSING,NONE,1,0,"6.408,23.512;6.204,23.256;6.000,23.000",0,1,PASS_THROUGH,-1,0.862072858457021,-0.2915289318340937,-0.41453741521775017,0.12958498282822,inf,6.949647387562578,0.0,0,0,0,DIRECT_LOCAL,PASS_THROUGH,0,CORRIDOR_CLEAR,1,9,6.0,23.0,2.0,6.0,23.0,2.0,1,
898,29.966667,0.033333,6.414883136749268,23.51515769958496,2.286041736602783,2.8048770514792505,-0.020385002717375755,-0.08911707607840569,0.08239181566932519,-0.05192347387570121,0.1320087560632742,6.0,23.0,2.0,0.8641262676848556,-0.3043524866986205,-0.40081835953135625,0.13159481624924466,-0.10091852396726608,0.07034122943878174,-0.05009829252958298,-0.06350541859865189,direct,SAFE_PROGRESSING,NONE,1,0,"6.411,23.514;6.206,23.257;6.000,23.000",0,1,PASS_THROUGH,-1,0.862072858457021,-0.2915289318340937,-0.41453741521775017,0.12958498282822,inf,6.952879618301521,0.0,0,0,0,DIRECT_LOCAL,PASS_THROUGH,0,CORRIDOR_CLEAR,1,9,6.0,23.0,2.0,6.0,23.0,2.0,1,
899,30.0,0.033333,6.418478012084961,23.517187118530273,2.284221887588501,2.8041351297562183,-0.02501569129526615,-0.1012782957493663,0.07984361137241171,-0.0514966216435135,0.13886755383306779,6.0,23.0,2.0,0.8651446216083816,-0.30655749327886117,-0.3969222682297772,0.13228990476987731,-0.11115428060293198,0.06805501133203506,-0.04962936043739319,-0.07105723023414612,direct,SAFE_PROGRESSING,NONE,1,0,"6.415,23.515;6.207,23.258;6.000,23.000",0,1,PASS_THROUGH,-1,0.862072858457021,-0.2915289318340937,-0.41453741521775017,0.12958498282822,inf,6.956493549370183,0.0,0,0,0,DIRECT_LOCAL,PASS_THROUGH,0,CORRIDOR_CLEAR,1,9,6.0,23.0,2.0,6.0,23.0,2.0,1,
