episode_frame_index,trajectory_time_s,control_dt_s,x,y,z,yaw,yaw_rate,state_vx_flu,state_vy_flu,state_vz_flu,speed_world_mps,effective_target_world_x,effective_target_world_y,effective_target_world_z,goal_direction_flu_x,goal_direction_flu_y,goal_direction_flu_z,goal_distance_norm,target_velocity_flu_x,target_velocity_flu_y,target_velocity_flu_z,target_yaw_rate,hierarchical_mode,planner_status,planner_failure_reason,plan_valid,plan_terminal,plan_points_xy,macro_update_mask,macro_label_valid,macro_correction_type,macro_direction_token,macro_direction_flu_x,macro_direction_flu_y,macro_direction_flu_z,macro_distance_norm,min_observed_clearance_m,truth_minimum_clearance_m,truth_brake_risk,truth_brake_would_trigger,emergency_brake,local_corridor_blocked,fsm_state,effective_target_source,target_correction_active,observability_reason,scene_id,task_id,navigation_goal_world_x,navigation_goal_world_y,navigation_goal_world_z,original_navigation_goal_world_x,original_navigation_goal_world_y,original_navigation_goal_world_z,episode_valid,failure_taxonomy
0,0.033333,0.033333,-2.0,7.0,2.000579595565796,0.42809555986028536,0.0,1.1573465524978875e-05,-8.76556082050659e-06,0.03083012782471496,0.03083013124312682,2.0,17.0,2.0,0.6905103579016575,-0.7233225045790606,0.0,0.9,0.06303529441356659,-0.04739347845315933,0.009164351969957352,-0.4262121915817261,blocked,NO_SAFE_CANDIDATE,NO_SAFE_CANDIDATE,0,0,,1,1,PASS_THROUGH,-1,0.6905103579016575,-0.7233225045790606,0.0,0.9,4.150301193889427,4.435871324805669,0.0,0,0,0,DIRECT_LOCAL,PASS_THROUGH,0,BYPASS_VISIBLE,1,20,2.0,17.0,2.0,2.0,17.0,2.0,1,
1,0.066667,0.033333,-1.999999761581421,7.000004768371582,2.001826047897339,0.4280452646906034,-0.004408290609717369,0.0002607721298479819,-0.0001491330024182637,0.041503153836849146,0.04150424100211063,2.0,17.0,2.0,0.6905467356564887,-0.7232877732812923,-5.381409722027288e-05,0.9,0.11595945060253143,-0.052738357335329056,0.005355974659323692,-0.7245274186134338,blocked,NO_SAFE_CANDIDATE,NO_SAFE_CANDIDATE,0,0,,0,1,PASS_THROUGH,-1,0.6905103579016575,-0.7233225045790606,0.0,0.9,4.150301193889427,4.435866561993544,0.0,0,0,0,DIRECT_LOCAL,PASS_THROUGH,0,BYPASS_VISIBLE,1,20,2.0,17.0,2.0,2.0,17.0,2.0,1,
2,0.1,0.033333,-2.0000033378601074,7.00005578994751,2.003232479095459,0.4276493916928041,-0.02173420414328575,0.0024403905938159753,-0.0008331173826670369,0.04186145170844814,0.04194080030188293,2.0,17.0,2.0,0.6908328986871449,-0.7230144378546164,-0.00016954435956300536,0.9,0.1427282691001892,-0.05876808613538742,0.0015571037074550986,-1.0156452655792236,blocked,NO_SAFE_CANDIDATE,NO_SAFE_CANDIDATE,0,0,,0,1,PASS_THROUGH,-1,0.6905103579016575,-0.7233225045790606,0.0,0.9,4.150296422991593,4.435816329958897,0.0,0,0,0,DIRECT_LOCAL,PASS_THROUGH,0,BYPASS_VISIBLE,1,20,2.0,17.0,2.0,2.0,17.0,2.0,1,
3,0.133333,0.033333,-2.0000338554382324,7.000274658203125,2.0045595169067383,0.42639134811380824,-0.054576028138399124,0.009313861931562544,-0.0026156751599381535,0.037620325483272266,0.038844287483359406,2.0,17.0,2.0,0.6917404210616843,-0.7221461761940309,-0.0003001295447946011,0.9,0.1457129865884781,-0.06059299781918526,-0.0024326767306774855,-1.2461415529251099,blocked,NO_SAFE_CANDIDATE,NO_SAFE_CANDIDATE,0,0,,0,1,PASS_THROUGH,-1,0.6905103579016575,-0.7233225045790606,0.0,0.9,4.150245367779274,4.4356026571879115,0.0,0,0,0,DIRECT_LOCAL,PASS_THROUGH,0,BYPASS_VISIBLE,1,20,2.0,17.0,2.0,2.0,17.0,2.0,1,
4,0.166667,0.033333,-2.0001256465911865,7.000838279724121,2.0056934356689453,0.42372614214183746,-0.10140988230705261,0.021870701852975905,-0.005715064298235119,0.031728475794043004,0.03895748625986921,2.0,17.0,2.0,0.693655267891827,-0.7203070110034249,-0.0004233500086009392,0.9,0.13481970131397247,-0.061707668006420135,-0.005935365799814463,-1.3655223846435547,blocked,NO_SAFE_CANDIDATE,NO_SAFE_CANDIDATE,0,0,,0,1,PASS_THROUGH,-1,0.6905103579016575,-0.7233225045790606,0.0,0.9,4.150026147863837,4.435053991484915,0.0,0,0,0,DIRECT_LOCAL,PASS_THROUGH,0,BYPASS_VISIBLE,1,20,2.0,17.0,2.0,2.0,17.0,2.0,1,
5,0.2,0.033333,-2.0003013610839844,7.001902103424072,2.0066027641296387,0.41923975253908363,-0.15990884602069855,0.038339399806174436,-0.009812187736627606,0.026381765513629106,0.04756244482038979,2.0,17.0,2.0,0.6968602033456861,-0.7172067885300962,-0.0005286580699307369,0.9,0.12201380729675293,-0.06330473721027374,-0.006719538941979408,-1.4120670557022095,blocked,NO_SAFE_CANDIDATE,NO_SAFE_CANDIDATE,0,0,,0,1,PASS_THROUGH,-1,0.6905103579016575,-0.7233225045790606,0.0,0.9,4.149461462904632,4.434018703568353,0.0,0,0,0,DIRECT_LOCAL,PASS_THROUGH,0,BYPASS_VISIBLE,1,20,2.0,17.0,2.0,2.0,17.0,2.0,1,
6,0.233333,0.033333,-2.0005593299865723,7.003538608551025,2.0073235034942627,0.412664276167274,-0.22776347398757935,0.05536895998999204,-0.014308815655780129,0.02229188345117379,0.061379084415174805,2.0,17.0,2.0,0.7015241022821853,-0.7126454644281426,-0.0006131453096645791,0.9,0.11064570397138596,-0.06341996043920517,-0.005518084391951561,-1.425779938697815,blocked,NO_SAFE_CANDIDATE,NO_SAFE_CANDIDATE,0,0,,1,1,PASS_THROUGH,-1,0.7015242341502232,-0.7126455983867035,0.0,0.9,4.148395607254417,4.432424658658503,0.0,0,0,0,DIRECT_LOCAL,PASS_THROUGH,0,BYPASS_VISIBLE,1,20,2.0,17.0,2.0,2.0,17.0,2.0,1,
7,0.266667,0.033333,-2.0008676052093506,7.00571346282959,2.007910966873169,0.4037755751184175,-0.3029222786426544,0.06983881377993773,-0.01861419124229379,0.0188685837957654,0.07469920669091024,2.0,17.0,2.0,0.7077751698848291,-0.7064374326653781,-0.0006801644291979389,0.9,0.10234080255031586,-0.06211245805025101,-0.004325043875724077,-1.4249513149261475,direct,SAFE_PROGRESSING,NONE,1,0,"-2.001,7.004;-1.815,7.468;-1.629,7.932;-1.443,8.396;-1.257,8.860;-1.072,9.325;-0.886,9.789",0,1,PASS_THROUGH,-1,0.7015241022821853,-0.7126454644281426,-0.0006131453096645791,0.9,4.146756135900488,4.43030216730085,0.0,0,0,0,DIRECT_LOCAL,PASS_THROUGH,0,BYPASS_VISIBLE,1,20,2.0,17.0,2.0,2.0,17.0,2.0,1,
8,0.3,0.033333,-2.0011770725250244,7.0083136558532715,2.0084033012390137,0.39235181003950864,-0.38359397649765015,0.08001102081536549,-0.022283900723980576,0.015641044387135043,0.084516140191761,2.0,17.0,2.0,0.7157279744504917,-0.6983787844556552,-0.0007348545691707053,0.9,0.09791907668113708,-0.06094852462410927,-0.0037316717207431793,-1.419244408607483,direct,SAFE_PROGRESSING,NONE,1,0,"-2.001,7.006;-1.815,7.470;-1.629,7.934;-1.443,8.398;-1.258,8.862;-1.072,9.327;-0.886,9.791",0,1,PASS_THROUGH,-1,0.7015241022821853,-0.7126454644281426,-0.0006131453096645791,0.9,4.144598703786851,4.427757594680823,0.0,0,0,0,DIRECT_LOCAL,PASS_THROUGH,0,BYPASS_VISIBLE,1,20,2.0,17.0,2.0,2.0,17.0,2.0,1,
9,0.333333,0.033333,-2.001438617706299,7.011196613311768,2.008824348449707,0.3781947359528474,-0.4681590497493744,0.08581807918522427,-0.02510600953853458,0.012978173178384322,0.09035201939657214,2.0,17.0,2.0,0.7254627347171385,-0.6882610049676853,-0.0007807545086548986,0.9,0.09518064558506012,-0.06076173484325409,-0.0028453220147639513,-1.4179331064224243,direct,SAFE_PROGRESSING,NONE,1,0,"-2.001,7.008;-1.815,7.472;-1.629,7.937;-1.444,8.401;-1.258,8.865;-1.072,9.329;-0.886,9.793",0,1,PASS_THROUGH,-1,0.7015241022821853,-0.7126454644281426,-0.0006131453096645791,0.9,4.142002518835995,4.42492663049924,0.0,0,0,0,DIRECT_LOCAL,PASS_THROUGH,0,BYPASS_VISIBLE,1,20,2.0,17.0,2.0,2.0,17.0,2.0,1,
10,0.366667,0.033333,-2.001617908477783,7.014232635498047,2.0092015266418457,0.36116329818783816,-0.5552401542663574,0.08842109917516743,-0.027137262053856734,0.011483636342177082,0.09320190810688296,2.0,17.0,2.0,0.7369964396010009,-0.6758961277441514,-0.0008200706737721963,0.9,0.09247736632823944,-0.062015779316425323,-0.0011255427962169051,-1.4259889125823975,direct,SAFE_PROGRESSING,NONE,1,0,"-2.001,7.011;-1.816,7.475;-1.630,7.939;-1.444,8.404;-1.258,8.868;-1.072,9.332;-0.886,9.796",0,1,PASS_THROUGH,-1,0.7015241022821853,-0.7126454644281426,-0.0006131453096645791,0.9,4.139123023667395,4.421933922378304,0.0,0,0,0,DIRECT_LOCAL,PASS_THROUGH,0,BYPASS_VISIBLE,1,20,2.0,17.0,2.0,2.0,17.0,2.0,1,
11,0.4,0.033333,-2.001694679260254,7.0173420906066895,2.009564161300659,0.34118773953073117,-0.6434150338172913,0.08939347615698018,-0.028659168569307093,0.011141457744356587,0.09453398120877926,2.0,17.0,2.0,0.7502702813599869,-0.6611306779289703,-0.0008553415611607551,0.9,0.0887061282992363,-0.063661590218544,0.0009336228831671178,-1.4385511875152588,local_avoidance,SAFE_PROGRESSING,NONE,1,0,"-2.002,7.014;-1.857,7.493;-1.712,7.971;-1.567,8.450;-1.422,8.928;-1.277,9.407;-1.133,9.886",0,1,PASS_THROUGH,-1,0.7015241022821853,-0.7126454644281426,-0.0006131453096645791,0.9,4.13854560002069,4.4188560777422,0.0,0,0,1,DIRECT_LOCAL,PASS_THROUGH,0,BYPASS_VISIBLE,1,20,2.0,17.0,2.0,2.0,17.0,2.0,1,
12,0.433333,0.033333,-2.0016579627990723,7.020488739013672,2.0099282264709473,0.3183357370847885,-0.7260671257972717,0.09000861587379459,-0.030053482612398263,0.011344147478326821,0.09556909767628897,2.0,17.0,2.0,0.7651077006685445,-0.6439017126443347,-0.0008892870094440658,0.9,0.08382982760667801,-0.06463836133480072,0.00273915589787066,-1.4492874145507812,local_avoidance,SAFE_PROGRESSING,NONE,1,0,"-2.002,7.017;-1.857,7.496;-1.712,7.974;-1.567,8.453;-1.422,8.932;-1.277,9.410;-1.132,9.889",1,1,PASS_THROUGH,-1,0.7651080032043155,-0.6439019672533275,0.0,0.9,4.232933543296129,4.415727734086968,0.0,0,0,1,DIRECT_LOCAL,PASS_THROUGH,0,BLOCKED_UNKNOWN_OCCLUDED,1,20,2.0,17.0,2.0,2.0,17.0,2.0,1,
13,0.466667,0.033333,-2.0014967918395996,7.023670673370361,2.0102970600128174,0.29291332378218904,-0.796991765499115,0.09089747202269609,-0.03162565779641889,0.011518574200100232,0.09692889250773591,2.0,17.0,2.0,0.7811622160981032,-0.6243274297124686,-0.0009233901248928135,0.9,0.07823105901479721,-0.0643552616238594,0.003957631066441536,-1.455698847770691,local_avoidance,SAFE_PROGRESSING,NONE,1,0,"-2.002,7.020;-1.857,7.499;-1.712,7.978;-1.567,8.456;-1.422,8.935;-1.277,9.413;-1.132,9.892",0,1,PASS_THROUGH,-1,0.7651077006685445,-0.6439017126443347,-0.0008892870094440658,0.9,4.229826716537063,4.412549446904991,0.0,0,0,1,DIRECT_LOCAL,PASS_THROUGH,0,BLOCKED_UNKNOWN_OCCLUDED,1,20,2.0,17.0,2.0,2.0,17.0,2.0,1,
14,0.5,0.033333,-2.0011980533599854,7.026894569396973,2.010662794113159,0.26535553303834436,-0.854000449180603,0.09206615031109525,-0.03348184233376985,0.011385913817552147,0.09862478812463593,2.0,17.0,2.0,0.7980104911631462,-0.6026427949468868,-0.0009579625039430864,0.9,0.07310660183429718,-0.06395561993122101,0.004705741535872221,-1.458573341369629,local_avoidance,SAFE_PROGRESSING,NONE,1,0,"-2.001,7.024;-1.857,7.502;-1.712,7.981;-1.567,8.459;-1.422,8.938;-1.277,9.416;-1.132,9.895",0,1,PASS_THROUGH,-1,0.7651077006685445,-0.6439017126443347,-0.0008892870094440658,0.9,4.226643052908479,4.409312999130436,0.0,0,0,1,DIRECT_LOCAL,PASS_THROUGH,0,BLOCKED_UNKNOWN_OCCLUDED,1,20,2.0,17.0,2.0,2.0,17.0,2.0,1,
15,0.533333,0.033333,-2.0007472038269043,7.030160427093506,2.0110185146331787,0.23612708213989322,-0.8973281383514404,0.09315421523215012,-0.035544908854584174,0.010928009583797374,0.10030239156900503,2.0,17.0,2.0,0.815231689151602,-0.5791341022552767,-0.0009922741557386672,0.9,0.0704188197851181,-0.06515657901763916,0.005115666426718235,-1.4589240550994873,local_avoidance,SAFE_PROGRESSING,NONE,1,0,"-2.001,7.027;-1.856,7.505;-1.711,7.984;-1.566,8.462;-1.421,8.941;-1.276,9.419;-1.131,9.898",0,1,PASS_THROUGH,-1,0.7651077006685445,-0.6439017126443347,-0.0008892870094440658,0.9,4.225811203701442,4.406016638339634,0.0,0,0,1,DIRECT_LOCAL,PASS_THROUGH,0,BLOCKED_UNKNOWN_OCCLUDED,1,20,2.0,17.0,2.0,2.0,17.0,2.0,1,
16,0.566667,0.033333,-2.000131607055664,7.03345251083374,2.0113580226898193,0.2056621452426863,-0.9285256862640381,0.09379623119728264,-0.037706987429349643,0.010234845778064734,0.1016085722560454,2.0,17.0,2.0,0.8324527940700284,-0.554095022193996,-0.001025682620414081,0.9,0.07010522484779358,-0.06852267682552338,0.0051672146655619144,-1.4568899869918823,local_avoidance,SAFE_PROGRESSING,NONE,1,0,"-2.001,7.030;-1.856,7.509;-1.711,7.987;-1.566,8.466;-1.421,8.944;-1.275,9.423;-1.130,9.901",0,1,PASS_THROUGH,-1,0.7651077006685445,-0.6439017126443347,-0.0008892870094440658,0.9,4.227282836680635,4.402674475511164,0.0,0,0,1,DIRECT_LOCAL,PASS_THROUGH,0,BLOCKED_UNKNOWN_OCCLUDED,1,20,2.0,17.0,2.0,2.0,17.0,2.0,1,
17,0.6,0.033333,-1.999341607093811,7.036746501922607,2.0116758346557617,0.17433103630367386,-0.9496846795082092,0.09389397416419969,-0.03999238731410731,0.00941082323904388,0.10248918489999566,2.0,17.0,2.0,0.8493696113948375,-0.5277974466597002,-0.0010576097975834777,0.9,0.07185295969247818,-0.07454044371843338,0.004832074977457523,-1.4519832134246826,local_avoidance,SAFE_PROGRESSING,NONE,1,0,"-2.000,7.033;-1.855,7.512;-1.710,7.990;-1.565,8.469;-1.420,8.947;-1.275,9.426;-1.130,9.904",0,1,PASS_THROUGH,-1,0.7651077006685445,-0.6439017126443347,-0.0008892870094440658,0.9,4.316838589089652,4.399309517140469,0.0,0,0,1,DIRECT_LOCAL,PASS_THROUGH,0,BLOCKED_UNKNOWN_OCCLUDED,1,20,2.0,17.0,2.0,2.0,17.0,2.0,1,
18,0.633333,0.033333,-1.9983657598495483,7.04002046585083,2.0119664669036865,0.14243410932896844,-0.9629048705101013,0.09368637632815094,-0.04263015257817362,0.008562516919877023,0.10328496364109085,2.0,17.0,2.0,0.8657467844728041,-0.5004810909779956,-0.0010875424017668701,0.9,0.07597555220127106,-0.08371672034263611,0.004196053370833397,-1.443657636642456,local_avoidance,SAFE_PROGRESSING,NONE,1,0,"-1.999,7.037;-1.854,7.515;-1.709,7.994;-1.564,8.472;-1.419,8.951;-1.274,9.429;-1.129,9.908",1,1,PASS_THROUGH,-1,0.8657472964536028,-0.5004813869498819,0.0,0.9,4.315838117247476,4.395942209607608,0.0,0,0,1,DIRECT_LOCAL,PASS_THROUGH,0,BLOCKED_UNKNOWN_OCCLUDED,1,20,2.0,17.0,2.0,2.0,17.0,2.0,1,
19,0.666667,0.033333,-1.9971851110458374,7.043264865875244,2.0122225284576416,0.11020742404482065,-0.9700207710266113,0.09367483270817337,-0.046030440471079334,0.007758422692156496,0.10466120988950976,2.0,17.0,2.0,0.8814094680071927,-0.4723516767800608,-0.001114966520728127,0.9,0.0818132609128952,-0.09521565586328506,0.0032811337150633335,-1.4309574365615845,local_avoidance,SAFE_PROGRESSING,NONE,1,0,"-1.998,7.040;-1.853,7.518;-1.708,7.997;-1.563,8.475;-1.418,8.954;-1.273,9.432;-1.128,9.911",0,1,PASS_THROUGH,-1,0.8657467844728041,-0.5004810909779956,-0.0010875424017668701,0.9,4.31253243274534,4.392579818763201,0.0,0,0,1,DIRECT_LOCAL,PASS_THROUGH,0,BLOCKED_UNKNOWN_OCCLUDED,1,20,2.0,17.0,2.0,2.0,17.0,2.0,1,
20,0.7,0.033333,-1.9957679510116577,7.04649019241333,2.012437105178833,0.07782915794036771,-0.9724246859550476,0.0944730587894431,-0.05066944251534993,0.007009418354387656,0.10743222601955499,2.0,17.0,2.0,0.8962340534993817,-0.44358000810643594,-0.0011391910997326238,0.9,0.08902198821306229,-0.10763361304998398,0.0021645561791956425,-1.4117368459701538,local_avoidance,SAFE_PROGRESSING,NONE,1,0,"-1.997,7.043;-1.852,7.522;-1.707,8.000;-1.562,8.479;-1.417,8.957;-1.272,9.436;-1.126,9.914",0,1,PASS_THROUGH,-1,0.8657467844728041,-0.5004810909779956,-0.0010875424017668701,0.9,4.313822897920977,4.389208240323304,0.0,0,0,1,DIRECT_LOCAL,PASS_THROUGH,0,BLOCKED_UNKNOWN_OCCLUDED,1,20,2.0,17.0,2.0,2.0,17.0,2.0,1,
21,0.733333,0.033333,-1.994067907333374,7.0497212409973145,2.012603759765625,0.04543067164417568,-0.9709390997886658,0.0966449631602794,-0.05691421850834264,0.006422294555061972,0.11234199143694716,2.0,17.0,2.0,0.9101368941202803,-0.4143060334535429,-0.0011595710765838758,0.9,0.09795594215393066,-0.12002657353878021,0.0013305036118254066,-1.3852306604385376,local_avoidance,SAFE_PROGRESSING,NONE,1,0,"-1.996,7.046;-1.809,7.510;-1.623,7.975;-1.437,8.439;-1.251,8.903;-1.064,9.367;-0.878,9.831",0,1,PASS_THROUGH,-1,0.8657467844728041,-0.5004810909779956,-0.0010875424017668701,0.9,4.31052184192809,4.385797475866486,0.0,0,0,1,DIRECT_LOCAL,PASS_THROUGH,0,BLOCKED_UNKNOWN_OCCLUDED,1,20,2.0,17.0,2.0,2.0,17.0,2.0,1,
22,0.766667,0.033333,-1.9920272827148438,7.052997589111328,2.0127217769622803,0.01311888331039164,-0.9658976197242737,0.10060675547088066,-0.0648748029263868,0.006135578520243313,0.11986702893161726,2.0,17.0,2.0,0.9230598591393956,-0.38465453933187227,-0.001175507100995042,0.9,0.10780198872089386,-0.13110750913619995,0.0009350710897706449,-1.3521984815597534,local_avoidance,SAFE_PROGRESSING,NONE,1,0,"-1.994,7.050;-1.808,7.514;-1.622,7.978;-1.435,8.442;-1.249,8.906;-1.063,9.370;-0.877,9.834",0,1,PASS_THROUGH,-1,0.8657467844728041,-0.5004810909779956,-0.0010875424017668701,0.9,4.314021340928491,4.382301592318258,0.0,0,0,1,DIRECT_LOCAL,PASS_THROUGH,0,BLOCKED_UNKNOWN_OCCLUDED,1,20,2.0,17.0,2.0,2.0,17.0,2.0,1,
23,0.8,0.033333,-1.989586591720581,7.056363105773926,2.012794256210327,-0.018997607783146523,-0.9573113918304443,0.10658287188283454,-0.07433923043464738,0.006158291768567869,0.13009286805169273,2.0,17.0,2.0,0.9349577503939998,-0.35475709459266014,-0.0011869348617046121,0.9,0.11774491518735886,-0.1400996297597885,0.0009388778707943857,-1.3140718936920166,local_avoidance,SAFE_PROGRESSING,NONE,1,0,"-1.992,7.053;-1.806,7.517;-1.620,7.981;-1.433,8.445;-1.247,8.909;-1.061,9.373;-0.875,9.837",0,1,PASS_THROUGH,-1,0.8657467844728041,-0.5004810909779956,-0.0010875424017668701,0.9,4.319677978489524,4.378670313556615,0.0,0,0,1,DIRECT_LOCAL,PASS_THROUGH,0,BLOCKED_UNKNOWN_OCCLUDED,1,20,2.0,17.0,2.0,2.0,17.0,2.0,1,
24,0.833333,0.033333,-1.9866927862167358,7.0598602294921875,2.012826681137085,-0.05079078752191063,-0.9450817108154297,0.11458445060676707,-0.08480476546948225,0.00639030629733816,0.14269646310179634,2.0,17.0,2.0,0.9457928750070124,-0.3247682429062006,-0.001194146385143334,0.9,0.12837138772010803,-0.14806914329528809,0.0012638721382245421,-1.2753920555114746,local_avoidance,SAFE_PROGRESSING,NONE,1,0,"-1.990,7.056;-1.803,7.520;-1.617,7.984;-1.431,8.448;-1.245,8.913;-1.059,9.377;-0.872,9.841",1,1,PASS_THROUGH,-1,0.9457935493512386,-0.3247684744638653,0.0,0.9,4.327409325384412,4.37485571424456,0.0,0,0,1,DIRECT_LOCAL,PASS_THROUGH,0,BYPASS_VISIBLE,1,20,2.0,17.0,2.0,2.0,17.0,2.0,1,
25,0.866667,0.033333,-1.9833089113235474,7.0635294914245605,2.0128228664398193,-0.0821172524923374,-0.9294054508209229,0.12444561266437826,-0.0956246411486391,0.00660948654595168,0.15708108676291865,2.0,17.0,2.0,0.9555391083792094,-0.2948619642781755,-0.0011976559945835392,0.9,0.13927635550498962,-0.1556967794895172,0.001491054310463369,-1.2368193864822388,local_avoidance,SAFE_PROGRESSING,NONE,1,0,"-1.987,7.060;-1.801,7.524;-1.614,7.988;-1.428,8.452;-1.242,8.916;-1.056,9.380;-0.870,9.844",0,1,PASS_THROUGH,-1,0.9457928750070124,-0.3247682429062006,-0.001194146385143334,0.9,4.323579350176185,4.370813853692826,0.0,0,0,1,DIRECT_LOCAL,PASS_THROUGH,0,BYPASS_VISIBLE,1,20,2.0,17.0,2.0,2.0,17.0,2.0,1,
26,0.9,0.033333,-1.9794154167175293,7.067403316497803,2.0127811431884766,-0.11284657329237152,-0.9107855558395386,0.13589775249952973,-0.10621228723500072,0.006558477108352428,0.1726043531203501,2.0,17.0,2.0,0.9641914538441166,-0.2652044599124828,-0.0011978215629928532,0.9,0.15061752498149872,-0.1637597233057022,0.0013392138062044978,-1.19526207447052,local_avoidance,SAFE_PROGRESSING,NONE,1,0,"-1.983,7.064;-1.797,7.528;-1.611,7.992;-1.425,8.456;-1.239,8.920;-1.053,9.384;-0.867,9.848",0,1,PASS_THROUGH,-1,0.9457928750070124,-0.3247682429062006,-0.001194146385143334,0.9,4.319519396389384,4.366511075919073,0.0,0,0,1,DIRECT_LOCAL,PASS_THROUGH,0,BYPASS_VISIBLE,1,20,2.0,17.0,2.0,2.0,17.0,2.0,1,
27,0.933333,0.033333,-1.9750076532363892,7.071505069732666,2.012695074081421,-0.14288143814356713,-0.8896797895431519,0.14864297241080854,-0.11620544746501407,0.006138213296877353,0.18877530805203974,2.0,17.0,2.0,0.9717687004883042,-0.2359325453435672,-0.0011944869100243183,0.9,0.16302764415740967,-0.1731300950050354,0.0008114171214401722,-1.151456594467163,local_avoidance,SAFE_PROGRESSING,NONE,1,0,"-1.979,7.067;-1.793,7.532;-1.608,7.996;-1.422,8.460;-1.236,8.924;-1.050,9.388;-0.864,9.852",0,1,PASS_THROUGH,-1,0.9457928750070124,-0.3247682429062006,-0.001194146385143334,0.9,4.315195828349187,4.361924634549706,0.0,0,0,1,DIRECT_LOCAL,PASS_THROUGH,0,BYPASS_VISIBLE,1,20,2.0,17.0,2.0,2.0,17.0,2.0,1,
28,0.966667,0.033333,-1.9700870513916016,7.075850963592529,2.0125534534454346,-0.17215780753760088,-0.8664370775222778,0.16242930731509897,-0.12554375930162326,0.005385796138364263,0.20536192971067158,2.0,17.0,2.0,0.9783082794631595,-0.20715091419623682,-0.0011870473857673953,0.9,0.17542019486427307,-0.18238931894302368,-0.00014185672625899315,-1.1026866436004639,local_avoidance,SAFE_PROGRESSING,NONE,1,0,"-1.975,7.072;-1.789,7.536;-1.603,8.000;-1.417,8.464;-1.232,8.928;-1.046,9.392;-0.860,9.857",0,1,PASS_THROUGH,-1,0.9457928750070124,-0.3247682429062006,-0.001194146385143334,0.9,4.310586027940989,4.357039739493421,0.0,0,0,1,DIRECT_LOCAL,PASS_THROUGH,0,BYPASS_VISIBLE,1,20,2.0,17.0,2.0,2.0,17.0,2.0,1,
29,1.0,0.033333,-1.9646522998809814,7.08045768737793,2.012346029281616,-0.20063086609044575,-0.8411368131637573,0.17707289226149853,-0.13440335743028445,0.004439314913813801,0.22234832848323616,2.0,17.0,2.0,0.9838586505047505,-0.17894350084961533,-0.0011744490858145071,0.9,0.1880580186843872,-0.1912650316953659,-0.0011841509258374572,-1.0516319274902344,local_avoidance,SAFE_PROGRESSING,NONE,1,0,"-1.970,7.076;-1.784,7.540;-1.599,8.004;-1.413,8.469;-1.227,8.933;-1.042,9.397;-0.856,9.861",0,1,PASS_THROUGH,-1,0.9457928750070124,-0.3247682429062006,-0.001194146385143334,0.9,4.305675385633261,4.35184094912587,0.0,0,0,1,DIRECT_LOCAL,PASS_THROUGH,0,BYPASS_VISIBLE,1,20,2.0,17.0,2.0,2.0,17.0,2.0,1,
30,1.033333,0.033333,-1.958695411682129,7.085330486297607,2.0120654106140137,-0.22824786339010206,-0.8137722611427307,0.19244026338369,-0.14304020544982934,0.0034509342623458474,0.23980338674338275,2.0,17.0,2.0,0.9884720687308531,-0.15139892219197915,-0.0011557240391150596,0.9,0.20261622965335846,-0.20064957439899445,-0.0022406941279768944,-1.0012843608856201,direct,SAFE_PROGRESSING,NONE,1,0,"-1.965,7.080;-1.779,7.545;-1.594,8.009;-1.408,8.473;-1.222,8.938;-1.037,9.402;-0.851,9.866",1,1,PASS_THROUGH,-1,0.9884727288816241,-0.15139902330370336,0.0,0.9,4.300448645088442,4.346323583425409,0.0,0,0,0,DIRECT_LOCAL,PASS_THROUGH,0,BYPASS_VISIBLE,1,20,2.0,17.0,2.0,2.0,17.0,2.0,1,
31,1.066667,0.033333,-1.9522005319595337,7.090473175048828,2.011706590652466,-0.25494711652195595,-0.7846445441246033,0.2084753849987007,-0.15168130755718293,0.002545108021011242,0.2578287858006778,2.0,17.0,2.0,0.9922050762911769,-0.12461063077919868,-0.0011301676114013769,0.9,0.21849468350410461,-0.20990556478500366,-0.0032401415519416332,-0.9507298469543457,direct,SAFE_PROGRESSING,NONE,1,0,"-1.959,7.085;-1.773,7.550;-1.588,8.014;-1.402,8.478;-1.217,8.943;-1.032,9.407;-0.846,9.871",0,1,PASS_THROUGH,-1,0.9884720687308531,-0.15139892219197915,-0.0011557240391150596,0.9,4.294901289083262,4.340483688102971,0.0,0,0,0,DIRECT_LOCAL,PASS_THROUGH,0,BYPASS_VISIBLE,1,20,2.0,17.0,2.0,2.0,17.0,2.0,1,
32,1.1,0.033333,-1.9451463222503662,7.095888137817383,2.0112686157226562,-0.2806727546359473,-0.7541742920875549,0.22520865611693058,-0.16046826624500066,0.0018506329001116793,0.27653648602634934,2.0,17.0,2.0,0.9951203613994826,-0.09866236501890552,-0.0010972953290782183,0.9,0.23330526053905487,-0.21759384870529175,-0.0038822474889457226,-0.8987529873847961,direct,SAFE_PROGRESSING,NONE,1,0,"-1.952,7.090;-1.767,7.555;-1.582,8.019;-1.397,8.484;-1.211,8.948;-1.026,9.413;-0.841,9.877",0,1,PASS_THROUGH,-1,0.9884720687308531,-0.15139892219197915,-0.0011557240391150596,0.9,4.289029511064136,4.334318359151886,0.0,0,0,0,DIRECT_LOCAL,PASS_THROUGH,0,BYPASS_VISIBLE,1,20,2.0,17.0,2.0,2.0,17.0,2.0,1,
33,1.133333,0.033333,-1.937508225440979,7.1015801429748535,2.010755777359009,-0.30537223759485427,-0.7225443124771118,0.24264595953738866,-0.16939815379839093,0.0014187136690274257,0.29593041232458356,2.0,17.0,2.0,0.9972850281834,-0.0736305324764085,-0.0010569997518808313,0.9,0.24501553177833557,-0.22301533818244934,-0.003867406863719225,-0.8463830947875977,local_avoidance,SAFE_PROGRESSING,NONE,1,0,"-1.945,7.096;-1.760,7.560;-1.575,8.025;-1.390,8.489;-1.205,8.954;-1.020,9.418;-0.835,9.883",0,1,PASS_THROUGH,-1,0.9884720687308531,-0.15139892219197915,-0.0011557240391150596,0.9,4.282830561252795,4.327822256140634,0.0,0,0,0,DIRECT_LOCAL,PASS_THROUGH,0,BYPASS_VISIBLE,1,20,2.0,17.0,2.0,2.0,17.0,2.0,1,
34,1.166667,0.033333,-1.9292662143707275,7.107551097869873,2.010179281234741,-0.32898526470633593,-0.689764142036438,0.2606023602996206,-0.17829398292297147,0.0011222960710823605,0.3157587593222732,2.0,17.0,2.0,0.9987688762905524,-0.04959548701599742,-0.0010096637823630086,0.9,0.2560293674468994,-0.22787094116210938,-0.0032481858506798744,-0.7967120409011841,local_avoidance,SAFE_PROGRESSING,NONE,1,0,"-1.938,7.102;-1.753,7.566;-1.568,8.031;-1.383,8.495;-1.198,8.960;-1.013,9.425;-0.829,9.889",0,1,PASS_THROUGH,-1,0.9884720687308531,-0.15139892219197915,-0.0011557240391150596,0.9,4.205003551747554,4.32099369900314,0.0,0,0,0,DIRECT_LOCAL,PASS_THROUGH,0,BYPASS_VISIBLE,1,20,2.0,17.0,2.0,2.0,17.0,2.0,1,
35,1.2,0.033333,-1.9204105138778687,7.113800048828125,2.0095551013946533,-0.3514530689989958,-0.6561269164085388,0.2786945640866409,-0.18688374550407746,0.0008077645197121681,0.33555453635526206,2.0,17.0,2.0,0.9996448276973066,-0.02663276014363547,-0.0009563185420546892,0.9,0.2677195370197296,-0.2318969964981079,-0.0022193691693246365,-0.7484999895095825,local_avoidance,SAFE_PROGRESSING,NONE,1,0,"-1.929,7.108;-1.745,7.572;-1.560,8.037;-1.376,8.502;-1.191,8.966;-1.006,9.431;-0.822,9.896",0,1,PASS_THROUGH,-1,0.9884720687308531,-0.15139892219197915,-0.0011557240391150596,0.9,4.197771491725655,4.313835270517996,0.0,0,0,0,DIRECT_LOCAL,PASS_THROUGH,0,BYPASS_VISIBLE,1,20,2.0,17.0,2.0,2.0,17.0,2.0,1,
36,1.233333,0.033333,-1.9109467267990112,7.120316028594971,2.008898973464966,-0.37274832789757656,-0.6221504807472229,0.2965135723250678,-0.1949252623465831,0.0005325188096947549,0.354847065720065,2.0,17.0,2.0,0.9999881545686996,-0.004783672221613411,-0.0008984444125952685,0.9,0.28175070881843567,-0.23635005950927734,-0.0007507530972361565,-0.702722430229187,local_avoidance,SAFE_PROGRESSING,NONE,1,0,"-1.920,7.114;-1.736,7.579;-1.552,8.043;-1.367,8.508;-1.183,8.973;-0.999,9.438;-0.815,9.903",1,1,PASS_THROUGH,-1,0.9999885581653444,-0.004783674152310291,0.0,0.9,4.1901790287757645,4.306361403159554,0.0,0,0,0,DIRECT_LOCAL,PASS_THROUGH,0,BYPASS_VISIBLE,1,20,2.0,17.0,2.0,2.0,17.0,2.0,1,
37,1.266667,0.033333,-1.9008909463882446,7.127082824707031,2.0082292556762695,-0.39287971167439933,-0.588390588760376,0.31383248553151966,-0.2023054360164027,0.0005917738653145391,0.3733880938286409,2.0,17.0,2.0,0.9998724576100827,0.015948890353454315,-0.0008375018012465916,0.9,0.2985152304172516,-0.2416435182094574,0.0010077165206894279,-0.6595396995544434,local_avoidance,SAFE_PROGRESSING,NONE,1,0,"-1.911,7.120;-1.941,7.619;-1.970,8.119;-2.000,8.618;-2.030,9.117;-2.059,9.616;-2.089,10.115",0,1,PASS_THROUGH,-1,0.9999881545686996,-0.004783672221613411,-0.0008984444125952685,0.9,4.18224105944958,4.298593016105637,0.0,0,0,1,DIRECT_LOCAL,PASS_THROUGH,0,BYPASS_VISIBLE,1,20,2.0,17.0,2.0,2.0,17.0,2.0,1,
38,1.3,0.033333,-1.8902630805969238,7.134087085723877,2.0075621604919434,-0.41188694509643664,-0.5553598999977112,0.3307283399338471,-0.20909504442561663,0.0013262277422686278,0.39128471899471523,2.0,17.0,2.0,0.9993659816780144,0.03559541721073167,-0.000775202123699124,0.9,0.3182929754257202,-0.24896612763404846,0.0028375873807817698,-0.6207403540611267,local_avoidance,SAFE_PROGRESSING,NONE,1,0,"-1.901,7.127;-1.931,7.626;-1.961,8.125;-1.991,8.624;-2.021,9.123;-2.051,9.623;-2.081,10.122",0,1,PASS_THROUGH,-1,0.9999881545686996,-0.004783672221613411,-0.0008984444125952685,0.9,4.173979522999117,4.290548678575395,0.0,0,0,1,DIRECT_LOCAL,PASS_THROUGH,0,BYPASS_VISIBLE,1,20,2.0,17.0,2.0,2.0,17.0,2.0,1,
39,1.333333,0.033333,-1.8790760040283203,7.141319751739502,2.006908416748047,-0.42982816485902514,-0.523571789264679,0.34756745900897873,-0.2155504003379118,0.00293826523250295,0.40899113321729696,2.0,17.0,2.0,0.9985294704654927,0.054206901367805205,-0.0007130610098509447,0.9,0.3403362035751343,-0.25871992111206055,0.004410452675074339,-0.5868781805038452,local_avoidance,SAFE_PROGRESSING,NONE,1,0,"-1.890,7.134;-1.921,7.633;-1.951,8.132;-1.981,8.631;-2.012,9.130;-2.042,9.629;-2.072,10.129",0,1,PASS_THROUGH,-1,0.9999881545686996,-0.004783672221613411,-0.0008984444125952685,0.9,4.165414256743311,4.2822420641005134,0.0,0,0,1,DIRECT_LOCAL,PASS_THROUGH,0,BYPASS_VISIBLE,1,20,2.0,17.0,2.0,2.0,17.0,2.0,1,
40,1.366667,0.033333,-1.8673274517059326,7.148783206939697,2.006269931793213,-0.4467768768766269,-0.4935477375984192,0.36486716270357783,-0.22207052960020396,0.005402661084542876,0.4271680644466164,2.0,17.0,2.0,0.9974150821398864,0.07185213084742964,-0.0006520832519574587,0.9,0.3598161041736603,-0.26919764280319214,0.005798042751848698,-0.5565270781517029,local_avoidance,SAFE_PROGRESSING,NONE,1,0,"-1.879,7.141;-1.910,7.640;-1.941,8.139;-1.971,8.638;-2.002,9.138;-2.033,9.637;-2.063,10.136",0,1,PASS_THROUGH,-1,0.9999881545686996,-0.004783672221613411,-0.0008984444125952685,0.9,4.1426048327694165,4.273674108964227,0.0,0,0,1,DIRECT_LOCAL,PASS_THROUGH,0,BYPASS_VISIBLE,1,20,2.0,17.0,2.0,2.0,17.0,2.0,1,
41,1.4,0.033333,-1.8549952507019043,7.156488418579102,2.0056416988372803,-0.4628135785625151,-0.4654703438282013,0.3830138149221779,-0.22908073625971553,0.008290470253258755,0.4463701356985633,2.0,17.0,2.0,0.9960662874832293,0.08860925429966698,-0.0005924456375641559,0.9,0.3778012990951538,-0.28201794624328613,0.006940814666450024,-0.5323413610458374,local_avoidance,SAFE_PROGRESSING,NONE,1,0,"-1.867,7.149;-1.898,7.648;-1.930,8.147;-1.961,8.646;-1.992,9.145;-2.023,9.644;-2.054,10.143",0,1,PASS_THROUGH,-1,0.9999881545686996,-0.004783672221613411,-0.0008984444125952685,0.9,4.083841327522396,4.264835569422636,0.0,0,0,1,DIRECT_LOCAL,PASS_THROUGH,0,BYPASS_VISIBLE,1,20,2.0,17.0,2.0,2.0,17.0,2.0,1,
42,1.433333,0.033333,-1.8420419692993164,7.164445400238037,2.0050106048583984,-0.47800961162471206,-0.4395165741443634,0.4020670232802535,-0.23695007447124863,0.011020224317290578,0.4668240293144491,2.0,17.0,2.0,0.9945195117636004,0.10454977721138264,-0.0005336726899809345,0.9,0.39733898639678955,-0.2988211512565613,0.007583650294691324,-0.5158283710479736,local_avoidance,SAFE_PROGRESSING,NONE,1,0,"-1.855,7.156;-1.887,7.655;-1.918,8.155;-1.950,8.654;-1.981,9.153;-2.013,9.652;-2.044,10.151",1,1,PASS_THROUGH,-1,0.9945196533864613,0.10454979209961607,0.0,0.9,4.055262390333712,4.255717185947005,0.0,0,0,1,DIRECT_LOCAL,PASS_THROUGH,0,BYPASS_VISIBLE,1,20,2.0,17.0,2.0,2.0,17.0,2.0,1,
43,1.466667,0.033333,-1.8284204006195068,7.172656536102295,2.004356622695923,-0.4924467656306369,-0.41627147793769836,0.4218649449577398,-0.24602892807809126,0.013301802996661245,0.48854600929535125,2.0,17.0,2.0,0.9928030391421675,0.11975767324724251,-0.0004745192121052914,0.9,0.420533686876297,-0.3200109302997589,0.007578509394079447,-0.5064882636070251,local_avoidance,SAFE_PROGRESSING,NONE,1,0,"-1.842,7.164;-1.874,7.663;-1.906,8.162;-1.938,8.661;-1.970,9.160;-2.002,9.659;-2.034,10.158",0,1,PASS_THROUGH,-1,0.9945195117636004,0.10454977721138264,-0.0005336726899809345,0.9,4.045190669789919,4.246317050926701,0.0,0,0,1,DIRECT_LOCAL,PASS_THROUGH,0,BYPASS_VISIBLE,1,20,2.0,17.0,2.0,2.0,17.0,2.0,1,
44,1.5,0.033333,-1.8140758275985718,7.181110858917236,2.0036532878875732,-0.5062392708645619,-0.39659383893013,0.44229056337873,-0.25670647450304374,0.015313184482985843,0.5116186569356773,2.0,17.0,2.0,0.990933781141042,0.13435055176671257,-0.00041307807619872663,0.9,0.44402435421943665,-0.3418848216533661,0.007159794680774212,-0.4989873468875885,local_avoidance,SAFE_PROGRESSING,NONE,1,0,"-1.828,7.173;-1.861,7.672;-1.893,8.171;-1.926,8.670;-1.958,9.168;-1.990,9.667;-2.023,10.166",0,1,PASS_THROUGH,-1,0.9945195117636004,0.10454977721138264,-0.0005336726899809345,0.9,4.034788131957678,4.236646704592638,0.0,0,0,1,DIRECT_LOCAL,PASS_THROUGH,0,BYPASS_VISIBLE,1,20,2.0,17.0,2.0,2.0,17.0,2.0,1,
45,1.533333,0.033333,-1.7989431619644165,7.189785003662109,2.0028762817382812,-0.519522997270719,-0.38076120615005493,0.46336856206712856,-0.2693301898774995,0.017245182098850922,0.5362336914044388,2.0,17.0,2.0,0.988917091065767,0.14846840308096132,-0.0003468207185497414,0.9,0.46231624484062195,-0.36125633120536804,0.006939408369362354,-0.4906594455242157,local_avoidance,SAFE_PROGRESSING,NONE,1,0,"-1.814,7.181;-1.847,7.680;-1.880,8.179;-1.913,8.678;-1.946,9.177;-1.979,9.676;-2.011,10.175",0,1,PASS_THROUGH,-1,0.9945195117636004,0.10454977721138264,-0.0005336726899809345,0.9,4.0240623403477995,4.22673015171473,0.0,0,0,1,DIRECT_LOCAL,PASS_THROUGH,0,BYPASS_VISIBLE,1,20,2.0,17.0,2.0,2.0,17.0,2.0,1,
46,1.566667,0.033333,-1.7829500436782837,7.198648929595947,2.0020077228546143,-0.5323934553484798,-0.3679511547088623,0.4850506373691643,-0.28399760542637376,0.018733085237784646,0.5623874902437579,2.0,17.0,2.0,0.9867558673318386,0.16221215593783145,-0.0002734084699997977,0.9,0.4772975742816925,-0.3796917498111725,0.006983255036175251,-0.48423516750335693,local_avoidance,SAFE_PROGRESSING,NONE,1,0,"-1.799,7.190;-1.832,7.689;-1.866,8.188;-1.899,8.686;-1.933,9.185;-1.966,9.684;-1.999,10.183",0,1,PASS_THROUGH,-1,0.9945195117636004,0.10454977721138264,-0.0005336726899809345,0.9,3.998079715599354,4.21659867927808,0.0,0,0,1,DIRECT_LOCAL,PASS_THROUGH,0,BYPASS_VISIBLE,1,20,2.0,17.0,2.0,2.0,17.0,2.0,1,
47,1.6,0.033333,-1.7660309076309204,7.207669734954834,2.00103497505188,-0.5448737737655911,-0.35727474093437195,0.5070263306006401,-0.3004677909466473,0.01915883387133521,0.5896809766594282,2.0,17.0,2.0,0.9844594571890095,0.17561190344432837,-0.0001911014932027223,0.9,0.4906657040119171,-0.3972177505493164,0.007097061723470688,-0.47891974449157715,local_avoidance,SAFE_PROGRESSING,NONE,1,0,"-1.783,7.199;-1.817,7.697;-1.851,8.196;-1.885,8.695;-1.919,9.194;-1.953,9.693;-1.987,10.192",0,1,PASS_THROUGH,-1,0.9945195117636004,0.10454977721138264,-0.0005336726899809345,0.9,3.987130676393732,4.2062883803002284,0.0,0,0,1,DIRECT_LOCAL,PASS_THROUGH,0,BYPASS_VISIBLE,1,20,2.0,17.0,2.0,2.0,17.0,2.0,1,
48,1.633333,0.033333,-1.748138666152954,7.216804504394531,1.9999490976333618,-0.5569649606955579,-0.3482924997806549,0.5287902341247721,-0.3182643695024938,0.018186534516267984,0.6174480307185882,2.0,17.0,2.0,0.9820394610974741,0.1886756134636286,-9.864839603912681e-05,0.9,0.5039361715316772,-0.41353839635849,0.0072732665576040745,-0.4729517698287964,local_avoidance,SAFE_PROGRESSING,NONE,1,0,"-1.766,7.208;-1.801,7.706;-1.835,8.205;-1.870,8.704;-1.904,9.203;-1.939,9.702;-1.973,10.200",1,1,PASS_THROUGH,-1,0.9820394658758356,0.18867561438167757,0.0,0.9,3.975959735249023,4.195848171079982,0.0,0,0,1,DIRECT_LOCAL,PASS_THROUGH,0,BYPASS_VISIBLE,1,20,2.0,17.0,2.0,2.0,17.0,2.0,1,
49,1.666667,0.033333,-1.7292519807815552,7.226003170013428,1.998746395111084,-0.5686838568651394,-0.34074681997299194,0.5498486809548419,-0.3368241317499364,0.01604174481541739,0.645012717125485,2.0,17.0,2.0,0.9795037869744133,0.20142574631654409,4.858665478580887e-06,0.9,0.5185889005661011,-0.42871829867362976,0.007609070744365454,-0.4646053612232208,local_avoidance,SAFE_PROGRESSING,NONE,1,0,"-1.748,7.217;-1.783,7.716;-1.819,8.214;-1.854,8.713;-1.889,9.212;-1.924,9.711;-1.959,10.209",0,1,PASS_THROUGH,-1,0.9820394610974741,0.1886756134636286,-9.864839603912681e-05,0.9,3.9154071356550495,4.185337250348237,0.0,0,0,1,DIRECT_LOCAL,PASS_THROUGH,0,BYPASS_VISIBLE,1,20,2.0,17.0,2.0,2.0,17.0,2.0,1,
50,1.7,0.033333,-1.7093720436096191,7.2352166175842285,1.9974318742752075,-0.5800722503800646,-0.33437395095825195,0.5699339523777627,-0.35562740008911503,0.01346719832340313,0.6719203250369519,2.0,17.0,2.0,0.9768539806734045,0.21390719034807743,0.00011983286336889667,0.9,0.5346671342849731,-0.44308122992515564,0.008325263857841492,-0.4531433582305908,local_avoidance,SAFE_PROGRESSING,NONE,1,0,"-1.729,7.226;-1.765,7.725;-1.801,8.223;-1.837,8.722;-1.873,9.221;-1.909,9.720;-1.945,10.218",0,1,PASS_THROUGH,-1,0.9820394610974741,0.1886756134636286,-9.864839603912681e-05,0.9,3.883855688506336,4.174816409320119,0.0,0,0,1,DIRECT_LOCAL,PASS_THROUGH,0,BYPASS_VISIBLE,1,20,2.0,17.0,2.0,2.0,17.0,2.0,1,
51,1.733333,0.033333,-1.688513994216919,7.244400501251221,1.9960200786590576,-0.5911851101435023,-0.3287374675273895,0.5891068792337835,-0.3742909401548634,0.01140372754473086,0.6980477548452495,2.0,17.0,2.0,0.9740865540094804,0.22617542937312918,0.00024585730884286213,0.9,0.5547105669975281,-0.45949989557266235,0.009395661763846874,-0.44164061546325684,local_avoidance,SAFE_PROGRESSING,NONE,1,0,"-1.709,7.235;-1.746,7.734;-1.783,8.233;-1.819,8.731;-1.856,9.230;-1.892,9.729;-1.929,10.227",0,1,PASS_THROUGH,-1,0.9820394610974741,0.1886756134636286,-9.864839603912681e-05,0.9,3.871349086126107,4.164343282904649,0.0,0,0,1,DIRECT_LOCAL,PASS_THROUGH,0,BYPASS_VISIBLE,1,20,2.0,17.0,2.0,2.0,17.0,2.0,1,
52,1.766667,0.033333,-1.666696310043335,7.253523826599121,1.994528889656067,-0.6020763375483156,-0.32360371947288513,0.6077741054689119,-0.3926673011382357,0.01083222778511745,0.7236672645771055,2.0,17.0,2.0,0.971195669125105,0.23828308092587963,0.00038159810025406105,0.9,0.5784965753555298,-0.4790187478065491,0.010593286715447903,-0.4324527978897095,local_avoidance,SAFE_PROGRESSING,NONE,1,0,"-1.689,7.244;-1.726,7.743;-1.763,8.242;-1.801,8.740;-1.838,9.239;-1.875,9.737;-1.913,10.236",0,1,PASS_THROUGH,-1,0.9820394610974741,0.1886756134636286,-9.864839603912681e-05,0.9,3.8587935505398328,4.153962871800009,0.0,0,0,1,DIRECT_LOCAL,PASS_THROUGH,0,BYPASS_VISIBLE,1,20,2.0,17.0,2.0,2.0,17.0,2.0,1,
53,1.8,0.033333,-1.6439270973205566,7.262569904327393,1.99297297000885,-0.6128085029745842,-0.3190549314022064,0.6266191490879133,-0.4109153774164471,0.012403315889655743,0.7494376876338822,2.0,17.0,2.0,0.9681707922537808,0.25028991387901767,0.000525392348979424,0.9,0.6051129698753357,-0.5014384984970093,0.011588962748646736,-0.42694538831710815,local_avoidance,SAFE_PROGRESSING,NONE,1,0,"-1.667,7.254;-1.705,7.752;-1.743,8.251;-1.781,8.749;-1.820,9.248;-1.858,9.746;-1.896,10.245",0,1,PASS_THROUGH,-1,0.9820394610974741,0.1886756134636286,-9.864839603912681e-05,0.9,3.8314757485873487,4.1437057602882374,0.0,0,0,1,DIRECT_LOCAL,PASS_THROUGH,0,BYPASS_VISIBLE,1,20,2.0,17.0,2.0,2.0,17.0,2.0,1,
54,1.833333,0.033333,-1.6201924085617065,7.271536350250244,1.9913549423217773,-0.6234485150900624,-0.3153243362903595,0.6464218085158253,-0.4294424407296634,0.01615431675892027,0.7762363856291897,2.0,17.0,2.0,0.9649971133360081,0.26225963174689476,0.0006758765821532327,0.9,0.6336158514022827,-0.5260956883430481,0.012143449857831001,-0.42538130283355713,local_avoidance,SAFE_PROGRESSING,NONE,1,0,"-1.644,7.263;-1.683,7.761;-1.722,8.260;-1.761,8.758;-1.800,9.256;-1.839,9.755;-1.878,10.253",1,1,PASS_THROUGH,-1,0.9649973337458413,0.26225969164821566,0.0,0.9,3.8195013689059114,4.13358777079215,0.0,0,0,1,DIRECT_LOCAL,PASS_THROUGH,0,BYPASS_VISIBLE,1,20,2.0,17.0,2.0,2.0,17.0,2.0,1,
55,1.866667,0.033333,-1.5954515933990479,7.28043270111084,1.9896619319915771,-0.634064081539275,-0.3126955032348633,0.6678474596122925,-0.44874707161497634,0.021476773474404673,0.804894661053532,2.0,17.0,2.0,0.9616559798637805,0.2742573294734715,0.0008328399077590593,0.9,0.6592917442321777,-0.5496299862861633,0.012507215142250061,-0.42413967847824097,local_avoidance,SAFE_PROGRESSING,NONE,1,0,"-1.620,7.272;-1.660,7.770;-1.700,8.268;-1.740,8.767;-1.780,9.265;-1.820,9.764;-1.860,10.262",0,1,PASS_THROUGH,-1,0.9649971133360081,0.26225963174689476,0.0006758765821532327,0.9,3.8076066568842575,4.123612686716191,0.0,0,0,1,DIRECT_LOCAL,PASS_THROUGH,0,BYPASS_VISIBLE,1,20,2.0,17.0,2.0,2.0,17.0,2.0,1,
56,1.9,0.033333,-1.5696415901184082,7.289267539978027,1.9878731966018677,-0.6447043640673915,-0.31083568930625916,0.69119502769053,-0.46920137464306894,0.02690149123966818,0.835837416308923,2.0,17.0,2.0,0.9581301479210406,0.2863313194581198,0.0009975681316714531,0.9,0.6776276230812073,-0.5692272186279297,0.013191272504627705,-0.4195428192615509,local_avoidance,SAFE_PROGRESSING,NONE,1,0,"-1.595,7.280;-1.636,7.779;-1.677,8.277;-1.718,8.775;-1.759,9.274;-1.800,9.772;-1.841,10.270",0,1,PASS_THROUGH,-1,0.9649971133360081,0.26225963174689476,0.0006758765821532327,0.9,3.795795666644383,4.113786013280893,0.0,0,0,1,DIRECT_LOCAL,PASS_THROUGH,0,BYPASS_VISIBLE,1,20,2.0,17.0,2.0,2.0,17.0,2.0,1,
57,1.933333,0.033333,-1.5426942110061646,7.298045635223389,1.9859681129455566,-0.6553423653832925,-0.3085837662220001,0.716140662344502,-0.4908298722375311,0.030336318326990484,0.8687299372955727,2.0,17.0,2.0,0.9544219240649124,0.29845840078931485,0.0011721188144916057,0.9,0.6917884349822998,-0.5865411758422852,0.01428775954991579,-0.4123964309692383,local_avoidance,SAFE_PROGRESSING,NONE,1,0,"-1.570,7.289;-1.612,7.788;-1.654,8.286;-1.696,8.784;-1.738,9.282;-1.780,9.780;-1.822,10.279",0,1,PASS_THROUGH,-1,0.9649971133360081,0.26225963174689476,0.0006758765821532327,0.9,3.7840728983490832,4.104119097801044,0.0,0,0,1,DIRECT_LOCAL,PASS_THROUGH,0,BYPASS_VISIBLE,1,20,2.0,17.0,2.0,2.0,17.0,2.0,1,
58,1.966667,0.033333,-1.5145618915557861,7.306754112243652,1.9839324951171875,-0.6658575172110379,-0.3051260709762573,0.7417496426327586,-0.513248810104893,0.03031326768874741,0.9025163531027476,2.0,17.0,2.0,0.9505635002262722,0.3105272715360086,0.0013585543712436054,0.9,0.7059990167617798,-0.6030128002166748,0.01564893126487732,-0.4033503532409668,local_avoidance,SAFE_PROGRESSING,NONE,1,0,"-1.543,7.298;-1.586,7.796;-1.629,8.294;-1.672,8.792;-1.715,9.291;-1.758,9.789;-1.801,10.287",0,1,PASS_THROUGH,-1,0.9649971133360081,0.26225963174689476,0.0006758765821532327,0.9,3.6850397919113353,4.094643904487188,0.0,0,0,1,DIRECT_LOCAL,PASS_THROUGH,0,BYPASS_VISIBLE,1,20,2.0,17.0,2.0,2.0,17.0,2.0,1,
59,2.0,0.033333,-1.4852344989776611,7.315367221832275,1.9817628860473633,-0.6761241157264839,-0.30051517486572266,0.7668733875423496,-0.5358349991014146,0.026948054081764233,0.9359167358272239,2.0,17.0,2.0,0.9465946312919928,0.3224223559671386,0.0015583265946688587,0.9,0.7225571870803833,-0.6180440783500671,0.017235878854990005,-0.3905791640281677,local_avoidance,SAFE_PROGRESSING,NONE,1,0,"-1.515,7.307;-1.559,7.805;-1.603,8.303;-1.647,8.801;-1.691,9.299;-1.736,9.797;-1.780,10.295",0,1,PASS_THROUGH,-1,0.9649971133360081,0.26225963174689476,0.0006758765821532327,0.9,3.672745342348069,4.085408113078244,0.0,0,0,1,DIRECT_LOCAL,PASS_THROUGH,0,BYPASS_VISIBLE,1,20,2.0,17.0,2.0,2.0,17.0,2.0,1,
60,2.033333,0.033333,-1.4547380208969116,7.323843955993652,1.9794702529907227,-0.6860893077268181,-0.29509595036506653,0.7906753613461386,-0.5579630000400945,0.021806872938126748,0.9679699252357633,2.0,17.0,2.0,0.9425374004863667,0.33409595810678905,0.0017718524512980874,0.9,0.7408577799797058,-0.6297644972801208,0.019322093576192856,-0.371779203414917,local_avoidance,SAFE_PROGRESSING,NONE,1,0,"-1.485,7.315;-1.531,7.813;-1.576,8.311;-1.621,8.809;-1.667,9.307;-1.712,9.805;-1.758,10.303",1,1,PASS_THROUGH,-1,0.9425388800196066,0.3340964825486574,0.0,0.9,3.6605989265735706,4.076476408454212,0.0,0,0,1,DIRECT_LOCAL,PASS_THROUGH,0,BYPASS_VISIBLE,1,20,2.0,17.0,2.0,2.0,17.0,2.0,1,
61,2.066667,0.033333,-1.4231226444244385,7.332149028778076,1.9770832061767578,-0.6957554345075158,-0.2888260781764984,0.8129193894689603,-0.5791196975097453,0.016784857490258986,0.9982481100705045,2.0,17.0,2.0,0.9383980309234262,0.34555049267218196,0.001998142399536427,0.9,0.7598005533218384,-0.637948751449585,0.022106286138296127,-0.34805381298065186,local_avoidance,SAFE_PROGRESSING,NONE,1,0,"-1.455,7.324;-1.246,7.778;-1.038,8.233;-0.829,8.687;-0.621,9.142;-0.412,9.596;-0.204,10.050",0,1,PASS_THROUGH,-1,0.9425374004863667,0.33409595810678905,0.0017718524512980874,0.9,3.6486738030472554,4.0679082409814615,0.0,0,0,1,DIRECT_LOCAL,PASS_THROUGH,0,BYPASS_VISIBLE,1,20,2.0,17.0,2.0,2.0,17.0,2.0,1,
62,2.1,0.033333,-1.3904478549957275,7.3402581214904785,1.974643588066101,-0.7051185598065364,-0.2812242805957794,0.833881163821799,-0.5988977667278019,0.013111649615856522,1.0267464369180912,2.0,17.0,2.0,0.9341856408546559,0.35678031831824253,0.00223447571234183,0.9,0.7797605991363525,-0.6442787647247314,0.02536146156489849,-0.32271042466163635,local_avoidance,SAFE_PROGRESSING,NONE,1,0,"-1.423,7.332;-1.216,7.787;-1.008,8.242;-0.801,8.697;-0.594,9.152;-0.386,9.607;-0.179,10.062",0,1,PASS_THROUGH,-1,0.9425374004863667,0.33409595810678905,0.0017718524512980874,0.9,3.6370408518125985,4.059751669113885,0.0,0,0,1,DIRECT_LOCAL,PASS_THROUGH,0,BYPASS_VISIBLE,1,20,2.0,17.0,2.0,2.0,17.0,2.0,1,
63,2.133333,0.033333,-1.3567739725112915,7.348171234130859,1.9721945524215698,-0.7141472435231576,-0.2718895971775055,0.8540807542884359,-0.6170000788009109,0.011240846721045306,1.0536932137587485,2.0,17.0,2.0,0.9299201037896172,0.36775326775663686,0.002476816953866748,0.9,0.8019036054611206,-0.650848388671875,0.028595013543963432,-0.2994433045387268,local_avoidance,SAFE_PROGRESSING,NONE,1,0,"-1.390,7.340;-1.184,7.796;-0.978,8.251;-0.772,8.707;-0.566,9.162;-0.360,9.618;-0.154,10.074",0,1,PASS_THROUGH,-1,0.9425374004863667,0.33409595810678905,0.0017718524512980874,0.9,3.6177412290595776,4.052029595393829,0.0,0,0,1,DIRECT_LOCAL,PASS_THROUGH,0,BYPASS_VISIBLE,1,20,2.0,17.0,2.0,2.0,17.0,2.0,1,
64,2.166667,0.033333,-1.3221560716629028,7.355909824371338,1.9697706699371338,-0.7228017243570579,-0.2609134912490845,0.8740777996690186,-0.6333059658516825,0.011253823676530314,1.079451293391651,2.0,17.0,2.0,0.9256261829668485,0.378429340435255,0.00272097481792983,0.9,0.826631486415863,-0.6590426564216614,0.031372807919979095,-0.2802775204181671,local_avoidance,SAFE_PROGRESSING,NONE,1,0,"-1.357,7.348;-1.152,7.804;-0.947,8.260;-0.742,8.717;-0.538,9.173;-0.333,9.629;-0.128,10.085",0,1,PASS_THROUGH,-1,0.9425374004863667,0.33409595810678905,0.0017718524512980874,0.9,3.607759129203407,4.044742537164963,0.0,0,0,1,DIRECT_LOCAL,PASS_THROUGH,0,BYPASS_VISIBLE,1,20,2.0,17.0,2.0,2.0,17.0,2.0,1,
65,2.2,0.033333,-1.286638855934143,7.363514423370361,1.9673906564712524,-0.7310605394094989,-0.24885748326778412,0.8943714094524242,-0.6479362648941684,0.013141919681478514,1.1044882667841411,2.0,17.0,2.0,0.9213233002636915,0.3887860512255382,0.0029635727885636985,0.9,0.8524656295776367,-0.6678242087364197,0.03375519812107086,-0.262702614068985,local_avoidance,SAFE_PROGRESSING,NONE,1,0,"-1.322,7.356;-1.119,7.813;-0.915,8.269;-0.712,8.726;-0.508,9.183;-0.305,9.640;-0.102,10.096",0,1,PASS_THROUGH,-1,0.9425374004863667,0.33409595810678905,0.0017718524512980874,0.9,3.5982109309434427,4.037871198219998,0.0,0,0,1,DIRECT_LOCAL,PASS_THROUGH,0,BYPASS_VISIBLE,1,20,2.0,17.0,2.0,2.0,17.0,2.0,1,
66,2.233333,0.033333,-1.2502506971359253,7.371033191680908,1.9650633335113525,-0.7389267762925672,-0.2362828105688095,0.9153207480891514,-0.6612137947482517,0.016561656910816125,1.1292874048387764,2.0,17.0,2.0,0.9170217664339584,0.3988242998254349,0.003202773031936249,0.9,0.8771203756332397,-0.6760629415512085,0.03601682186126709,-0.24550461769104004,local_avoidance,SAFE_PROGRESSING,NONE,1,0,"-1.287,7.364;-1.085,7.821;-0.883,8.278;-0.681,8.736;-0.479,9.193;-0.276,9.650;-0.074,10.108",1,1,PASS_THROUGH,-1,0.9170264697624908,0.39882634536216843,0.0,0.9,3.5890874840721603,4.031388405891706,0.0,0,0,1,DIRECT_LOCAL,PASS_THROUGH,0,BYPASS_VISIBLE,1,20,2.0,17.0,2.0,2.0,17.0,2.0,1,
67,2.266667,0.033333,-1.2130050659179688,7.378513813018799,1.9627916812896729,-0.7464072050372375,-0.22344385087490082,0.9370452528920071,-0.6735136750655991,0.020590037163200597,1.1541656839891734,2.0,17.0,2.0,0.912729626321616,0.40854964377673153,0.003437703406175216,0.9,0.8996187448501587,-0.682917594909668,0.03835684806108475,-0.22752588987350464,local_avoidance,SAFE_PROGRESSING,NONE,1,0,"-1.250,7.371;-1.050,7.829;-0.849,8.287;-0.648,8.745;-0.448,9.203;-0.247,9.661;-0.047,10.119",0,1,PASS_THROUGH,-1,0.9170217664339584,0.3988242998254349,0.003202773031936249,0.9,3.4918992732489507,4.025267741637276,0.0,0,0,1,DIRECT_LOCAL,PASS_THROUGH,0,BYPASS_VISIBLE,1,20,2.0,17.0,2.0,2.0,17.0,2.0,1,
68,2.3,0.033333,-1.1749080419540405,7.385997295379639,1.9605761766433716,-0.7534921788746229,-0.2103727012872696,0.9593673608324517,-0.6851045407157809,0.023971641235676827,1.1791219632945256,2.0,17.0,2.0,0.9084607592871079,0.4179540574437198,0.0036680651334413815,0.9,0.9204031229019165,-0.688495397567749,0.040760792791843414,-0.20937326550483704,local_avoidance,SAFE_PROGRESSING,NONE,1,0,"-1.213,7.379;-1.014,7.837;-0.815,8.296;-0.616,8.754;-0.417,9.213;-0.217,9.672;-0.018,10.130",0,1,PASS_THROUGH,-1,0.9170217664339584,0.3988242998254349,0.003202773031936249,0.9,3.4814347632980005,4.019489944552426,0.0,0,0,1,DIRECT_LOCAL,PASS_THROUGH,0,BYPASS_VISIBLE,1,20,2.0,17.0,2.0,2.0,17.0,2.0,1,
69,2.333333,0.033333,-1.1359683275222778,7.3935136795043945,1.95841646194458,-0.7601522991054123,-0.19709664583206177,0.9818655564953025,-0.6960676980433214,0.02573671812676452,1.2038407660280885,2.0,17.0,2.0,0.9042372062789369,0.42701277856656256,0.003893805558478127,0.9,0.9404972195625305,-0.6927850246429443,0.043171923607587814,-0.19069528579711914,local_avoidance,SAFE_PROGRESSING,NONE,1,0,"-1.175,7.386;-0.977,7.845;-0.780,8.305;-0.582,8.764;-0.385,9.223;-0.187,9.683;0.011,10.142",0,1,PASS_THROUGH,-1,0.9170217664339584,0.3988242998254349,0.003202773031936249,0.9,3.4662539948137066,4.014046916209731,0.0,0,0,1,DIRECT_LOCAL,PASS_THROUGH,0,BYPASS_VISIBLE,1,20,2.0,17.0,2.0,2.0,17.0,2.0,1,
70,2.366667,0.033333,-1.0962060689926147,7.401082992553711,1.9563140869140625,-0.7663535863571794,-0.1836949586868286,1.004028418848851,-0.706311114083127,0.025654179833136934,1.227846322907058,2.0,17.0,2.0,0.9000836947705106,0.43569761254848693,0.0041149517390750906,0.9,0.9599482417106628,-0.6952465772628784,0.04570735618472099,-0.17016929388046265,local_avoidance,SAFE_PROGRESSING,NONE,1,0,"-1.136,7.394;-0.940,7.853;-0.744,8.313;-0.548,8.773;-0.352,9.233;-0.156,9.693;0.040,10.153",0,1,PASS_THROUGH,-1,0.9170217664339584,0.3988242998254349,0.003202773031936249,0.9,3.4575552399217337,4.008940051019937,0.0,0,0,1,DIRECT_LOCAL,PASS_THROUGH,0,BYPASS_VISIBLE,1,20,2.0,17.0,2.0,2.0,17.0,2.0,1,
71,2.4,0.033333,-1.0556567907333374,7.40872049331665,1.954277515411377,-0.772071898835946,-0.17015306651592255,1.025414320850518,-0.7156279534055898,0.024120673461880134,1.2506717011226633,2.0,17.0,2.0,0.8960217072186016,0.4439891211625264,0.0043313372519402735,0.9,0.9786034822463989,-0.6954987049102783,0.04851505905389786,-0.14647191762924194,local_avoidance,SAFE_PROGRESSING,NONE,1,0,"-1.096,7.401;-0.902,7.862;-0.707,8.322;-0.513,8.783;-0.319,9.244;-0.124,9.704;0.070,10.165",0,1,PASS_THROUGH,-1,0.9170217664339584,0.3988242998254349,0.003202773031936249,0.9,3.4492265111273896,4.0041741663688795,0.0,0,0,1,DIRECT_LOCAL,PASS_THROUGH,0,BYPASS_VISIBLE,1,20,2.0,17.0,2.0,2.0,17.0,2.0,1,
72,2.433333,0.033333,-1.0143691301345825,7.416440010070801,1.9523229598999023,-0.7772918330964147,-0.15626683831214905,1.045737356068226,-0.7237606611380032,0.021746898688822902,1.2719548105534508,2.0,17.0,2.0,0.8920697453930218,0.45187491482962416,0.004542103273714358,0.9,0.9968275427818298,-0.6944884061813354,0.0513913631439209,-0.1226678192615509,local_avoidance,SAFE_PROGRESSING,NONE,1,0,"-1.056,7.409;-0.717,7.776;-0.378,8.144;-0.039,8.512;0.300,8.879;0.639,9.247;0.978,9.614",1,1,PASS_THROUGH,-1,0.892078947548014,0.4518795761501373,0.0,0.9,3.441284156009237,3.9997536183009754,0.0,0,0,1,DIRECT_LOCAL,PASS_THROUGH,0,BYPASS_VISIBLE,1,20,2.0,17.0,2.0,2.0,17.0,2.0,1,
73,2.466667,0.033333,-0.9724021553993225,7.424256801605225,1.95046865940094,-0.7820024669323979,-0.1418568193912506,1.0648826055447604,-0.7304735770201328,0.01909736954545059,1.29148415392522,2.0,17.0,2.0,0.8882448727474549,0.45934575781949005,0.0047456096653812965,0.9,1.0140923261642456,-0.6939542293548584,0.053845472633838654,-0.10568895936012268,local_avoidance,SAFE_PROGRESSING,NONE,1,0,"-1.014,7.416;-0.646,7.754;-0.278,8.093;0.091,8.431;0.459,8.769;0.828,9.107;1.196,9.445",0,1,PASS_THROUGH,-1,0.8920697453930218,0.45187491482962416,0.004542103273714358,0.9,3.433744859964115,3.995679028648889,0.0,0,0,1,DIRECT_LOCAL,PASS_THROUGH,0,BYPASS_VISIBLE,1,20,2.0,17.0,2.0,2.0,17.0,2.0,1,
74,2.5,0.033333,-0.9298206567764282,7.432193756103516,1.9487277269363403,-0.7862077218638407,-0.12718303501605988,1.0828686154915454,-0.7356517354967567,0.01665420305598842,1.3092231577677647,2.0,17.0,2.0,0.884557627122481,0.46640476059756486,0.004939999126926759,0.9,1.0318893194198608,-0.694054126739502,0.05555306375026703,-0.09418060630559921,local_avoidance,SAFE_PROGRESSING,NONE,1,0,"-0.972,7.424;-0.605,7.764;-0.238,8.103;0.129,8.443;0.496,8.782;0.863,9.121;1.230,9.461",0,1,PASS_THROUGH,-1,0.8920697453930218,0.45187491482962416,0.004542103273714358,0.9,3.4258164454498448,3.9919410380114697,0.0,0,0,1,DIRECT_LOCAL,PASS_THROUGH,0,BYPASS_VISIBLE,1,20,2.0,17.0,2.0,2.0,17.0,2.0,1,
75,2.533333,0.033333,-0.8866883516311646,7.440278053283691,1.9471049308776855,-0.7899389746396848,-0.11289680004119873,1.0998114986622463,-0.7393655465179677,0.015008664108693413,1.3253195855965596,2.0,17.0,2.0,0.8810054188883295,0.47307842626920227,0.005123913353469724,0.9,1.0505754947662354,-0.6936535239219666,0.05678360164165497,-0.08257134258747101,local_avoidance,SAFE_PROGRESSING,NONE,1,0,"-0.930,7.432;-0.595,7.804;-0.260,8.175;0.074,8.546;0.409,8.918;0.744,9.289;1.079,9.661",0,1,PASS_THROUGH,-1,0.8920697453930218,0.45187491482962416,0.004542103273714358,0.9,3.4178658146145438,3.9885240633255363,0.0,0,0,1,DIRECT_LOCAL,PASS_THROUGH,0,BYPASS_VISIBLE,1,20,2.0,17.0,2.0,2.0,17.0,2.0,1,
76,2.566667,0.033333,-0.8430618047714233,7.4485344886779785,1.9456037282943726,-0.7932427967484369,-0.09948498010635376,1.1159079694853957,-0.7418244190957591,0.014547579241911968,1.3400618258832608,2.0,17.0,2.0,0.8775772116001151,0.47940607148404407,0.0052968202161755166,0.9,1.0675195455551147,-0.6928214430809021,0.057864271104335785,-0.07236998528242111,local_avoidance,SAFE_PROGRESSING,NONE,1,0,"-0.887,7.440;-0.553,7.813;-0.220,8.186;0.113,8.558;0.446,8.931;0.780,9.304;1.113,9.677",0,1,PASS_THROUGH,-1,0.8920697453930218,0.45187491482962416,0.004542103273714358,0.9,3.4099193229553504,3.9854136622619225,0.0,0,0,1,DIRECT_LOCAL,PASS_THROUGH,0,BYPASS_VISIBLE,1,20,2.0,17.0,2.0,2.0,17.0,2.0,1,
77,2.6,0.033333,-0.7989869117736816,7.45698881149292,1.9442288875579834,-0.7961581229921719,-0.08715725690126419,1.131342994023153,-0.7432650041452522,0.015096480466406971,1.3537384312468883,2.0,17.0,2.0,0.8742638734171311,0.4854203193556825,0.005458314236275126,0.9,1.084201693534851,-0.6903363466262817,0.05918103829026222,-0.057261474430561066,local_avoidance,SAFE_PROGRESSING,NONE,1,0,"-0.843,7.449;-0.700,7.928;-0.558,8.407;-0.415,8.886;-0.272,9.365;-0.130,9.845;0.013,10.324",0,1,PASS_THROUGH,-1,0.8920697453930218,0.45187491482962416,0.004542103273714358,0.9,3.401472587463586,3.982593958787954,0.0,0,0,0,DIRECT_LOCAL,PASS_THROUGH,0,BYPASS_VISIBLE,1,20,2.0,17.0,2.0,2.0,17.0,2.0,1,
78,2.633333,0.033333,-0.7545017004013062,7.465662956237793,1.9429905414581299,-0.798711361805543,-0.07573054730892181,1.1462042887721497,-0.7438521502886885,0.016217951596469896,1.366515025545918,2.0,17.0,2.0,0.8710607913293698,0.4911432069718247,0.005607856460680488,0.9,1.0999209880828857,-0.6865146160125732,0.06094450503587723,-0.03825002908706665,local_avoidance,SAFE_PROGRESSING,NONE,1,0,"-0.799,7.457;-0.658,7.937;-0.518,8.417;-0.377,8.896;-0.236,9.376;-0.095,9.856;0.045,10.336",1,1,PASS_THROUGH,-1,0.8710744882358643,0.49115092990304643,0.0,0.9,3.3933647966081337,3.9800524539811764,0.0,0,0,0,DIRECT_LOCAL,PASS_THROUGH,0,BYPASS_VISIBLE,1,20,2.0,17.0,2.0,2.0,17.0,2.0,1,
79,2.666667,0.033333,-0.7096409797668457,7.474579811096191,1.941901683807373,-0.8009061062006818,-0.06468579918146133,1.1604793793331962,-0.7436281700248984,0.017394390132227728,1.378404080783357,2.0,17.0,2.0,0.8679734610099892,0.4965773588179524,0.005744361733701154,0.9,1.1140193939208984,-0.6816884875297546,0.06316171586513519,-0.016638116911053658,local_avoidance,SAFE_PROGRESSING,NONE,1,0,"-0.755,7.466;-0.616,7.946;-0.477,8.426;-0.338,8.907;-0.199,9.387;-0.061,9.867;0.078,10.348",0,1,PASS_THROUGH,-1,0.8710607913293698,0.4911432069718247,0.005607856460680488,0.9,3.3843400377455612,3.977774946735091,0.0,0,0,0,DIRECT_LOCAL,PASS_THROUGH,0,BYPASS_VISIBLE,1,20,2.0,17.0,2.0,2.0,17.0,2.0,1,
80,2.7,0.033333,-0.6644418239593506,7.48375940322876,1.9409757852554321,-0.8027291844646555,-0.053478699177503586,1.1740627215679476,-0.7425398765946934,0.018140565060983462,1.389286803582878,2.0,17.0,2.0,0.865015371834313,0.501711063547225,0.005866447362580867,0.9,1.128324031829834,-0.6768104434013367,0.06527657061815262,0.003911146428436041,local_avoidance,SAFE_PROGRESSING,NONE,1,0,"-0.710,7.475;-0.573,7.956;-0.436,8.436;-0.299,8.917;-0.162,9.398;-0.026,9.879;0.111,10.360",0,1,PASS_THROUGH,-1,0.8710607913293698,0.4911432069718247,0.005607856460680488,0.9,3.3756614614285025,3.9757485680776754,0.0,0,0,0,DIRECT_LOCAL,PASS_THROUGH,0,BYPASS_VISIBLE,1,20,2.0,17.0,2.0,2.0,17.0,2.0,1,
81,2.733333,0.033333,-0.6189468502998352,7.493223667144775,1.9402192831039429,-0.8041633712142067,-0.04180191457271576,1.1868259448905008,-0.7405171431332449,0.018447569110942454,1.3990217208984126,2.0,17.0,2.0,0.8622021837784516,0.5065290924769728,0.005972667923427123,0.9,1.1429442167282104,-0.6722111105918884,0.06696348637342453,0.021181348711252213,local_avoidance,SAFE_PROGRESSING,NONE,1,0,"-0.664,7.484;-0.530,7.965;-0.395,8.447;-0.260,8.928;-0.125,9.410;0.010,9.891;0.144,10.373",0,1,PASS_THROUGH,-1,0.8710607913293698,0.4911432069718247,0.005607856460680488,0.9,3.3662715757392596,3.9739563768187094,0.0,0,0,0,DIRECT_LOCAL,PASS_THROUGH,0,BYPASS_VISIBLE,1,20,2.0,17.0,2.0,2.0,17.0,2.0,1,
82,2.766667,0.033333,-0.5732025504112244,7.502994060516357,1.939631700515747,-0.805199950492535,-0.029717428609728813,1.1987201477890874,-0.7375542801393009,0.01877912090391151,1.4075755625362416,2.0,17.0,2.0,0.8595455848753485,0.511023126978607,0.006062277979587679,0.9,1.156998634338379,-0.6672334671020508,0.06841433793306351,0.03666836395859718,local_avoidance,SAFE_PROGRESSING,NONE,1,0,"-0.619,7.493;-0.486,7.975;-0.353,8.457;-0.221,8.939;-0.088,9.421;0.045,9.903;0.178,10.385",0,1,PASS_THROUGH,-1,0.8710607913293698,0.4911432069718247,0.005607856460680488,0.9,3.3569199643308862,3.9723797351486083,0.0,0,0,0,DIRECT_LOCAL,PASS_THROUGH,0,BYPASS_VISIBLE,1,20,2.0,17.0,2.0,2.0,17.0,2.0,1,
83,2.8,0.033333,-0.5272542238235474,7.513089179992676,1.939212679862976,-0.8058411738643091,-0.017503168433904648,1.2097903061816515,-0.7337274045905657,0.019634844231516492,1.4150385211315974,2.0,17.0,2.0,0.8570516837669269,0.5151939152897358,0.00613522621489912,0.9,1.1706154346466064,-0.6609293222427368,0.07005824148654938,0.055395517498254776,local_avoidance,SAFE_PROGRESSING,NONE,1,0,"-0.573,7.503;-0.442,7.986;-0.312,8.468;-0.181,8.951;-0.050,9.433;0.081,9.916;0.211,10.399",0,1,PASS_THROUGH,-1,0.8710607913293698,0.4911432069718247,0.005607856460680488,0.9,3.3478868868589524,3.9710014106902913,0.0,0,0,0,DIRECT_LOCAL,PASS_THROUGH,0,BYPASS_VISIBLE,1,20,2.0,17.0,2.0,2.0,17.0,2.0,1,
84,2.833333,0.033333,-0.4811439514160156,7.523532390594482,1.9389663934707642,-0.8060904360628427,-0.005236699245870113,1.2201260868601853,-0.7291436652927772,0.021178189118571368,1.4215507969002288,2.0,17.0,2.0,0.8547255843947906,0.519043197988906,0.006191445908089522,0.9,1.1826084852218628,-0.6537251472473145,0.07204212993383408,0.07625385373830795,local_avoidance,SAFE_PROGRESSING,NONE,1,0,"-0.527,7.513;-0.399,7.996;-0.270,8.479;-0.141,8.963;-0.012,9.446;0.116,9.929;0.245,10.412",1,1,PASS_THROUGH,-1,0.8547419673921274,0.5190531467765468,0.0,0.9,3.339167612781832,3.969798539987963,0.0,0,0,0,DIRECT_LOCAL,PASS_THROUGH,0,BYPASS_VISIBLE,1,20,2.0,17.0,2.0,2.0,17.0,2.0,1,
85,2.866667,0.033333,-0.43490973114967346,7.534344673156738,1.9388988018035889,-0.8059404763250132,0.0072039286606013775,1.2297934204640046,-0.7238816549027645,0.023036410716237327,1.427209579403112,2.0,17.0,2.0,0.8525775281286181,0.5225636234266656,0.006230409399831558,0.9,1.1948596239089966,-0.646740198135376,0.07373011112213135,0.09562976658344269,direct,SAFE_PROGRESSING,NONE,1,0,"-0.481,7.524;-0.355,8.007;-0.228,8.491;-0.101,8.975;0.025,9.458;0.152,9.942;0.279,10.426",0,1,PASS_THROUGH,-1,0.8547255843947906,0.519043197988906,0.006191445908089522,0.9,3.3307505342741397,3.9687500178050006,0.0,0,0,0,DIRECT_LOCAL,PASS_THROUGH,0,BYPASS_VISIBLE,1,20,2.0,17.0,2.0,2.0,17.0,2.0,1,
86,2.9,0.033333,-0.3885878622531891,7.545544147491455,1.9390084743499756,-0.8053795728444088,0.01988237351179123,1.2388208243693248,-0.7179965142371458,0.024928284209740116,1.432067543344736,2.0,17.0,2.0,0.8506196559621447,0.5257443493755186,0.0062513990878162815,0.9,1.2056643962860107,-0.6401256322860718,0.07512496411800385,0.1125151589512825,direct,SAFE_PROGRESSING,NONE,1,0,"-0.435,7.534;-0.310,8.019;-0.186,8.503;-0.061,8.987;0.063,9.471;0.188,9.956;0.312,10.440",0,1,PASS_THROUGH,-1,0.8547255843947906,0.519043197988906,0.006191445908089522,0.9,3.3226245755694714,3.9678366273684964,0.0,0,0,0,DIRECT_LOCAL,PASS_THROUGH,0,BYPASS_VISIBLE,1,20,2.0,17.0,2.0,2.0,17.0,2.0,1,
87,2.933333,0.033333,-0.34221357107162476,7.55715274810791,1.939288854598999,-0.8044020665468634,0.03261953964829445,1.2472130489981443,-0.7115556051446449,0.026701247972482682,1.4361631959660075,2.0,17.0,2.0,0.8488605815039911,0.5285797906468821,0.006254445491366388,0.9,1.216274380683899,-0.6335031986236572,0.07626694440841675,0.12857381999492645,direct,SAFE_PROGRESSING,NONE,1,0,"-0.389,7.546;-0.266,8.030;-0.144,8.515;-0.021,9.000;0.101,9.485;0.224,9.969;0.346,10.454",0,1,PASS_THROUGH,-1,0.8547255843947906,0.519043197988906,0.006191445908089522,0.9,3.3147797493859743,3.9670344681062066,0.0,0,0,0,DIRECT_LOCAL,PASS_THROUGH,0,BYPASS_VISIBLE,1,20,2.0,17.0,2.0,2.0,17.0,2.0,1,
88,2.966667,0.033333,-0.2958204746246338,7.569184303283691,1.9397324323654175,-0.8030130227077076,0.04519246146082878,1.2549558873419955,-0.7046523209851354,0.02846113988158788,1.439534372332746,2.0,17.0,2.0,0.8473029116283483,0.5310732877982045,0.0062401068363539735,0.9,1.227013349533081,-0.626283586025238,0.0774153396487236,0.1461564302444458,direct,SAFE_PROGRESSING,NONE,1,0,"-0.342,7.557;-0.222,8.042;-0.101,8.528;0.019,9.013;0.139,9.498;0.260,9.984;0.380,10.469",0,1,PASS_THROUGH,-1,0.8547255843947906,0.519043197988906,0.006191445908089522,0.9,3.307200554868994,3.966326769135756,0.0,0,0,0,DIRECT_LOCAL,PASS_THROUGH,0,BYPASS_VISIBLE,1,20,2.0,17.0,2.0,2.0,17.0,2.0,1,
89,3.0,0.033333,-0.24944040179252625,7.581655025482178,1.9403332471847534,-0.8012202356946788,0.057581424713134766,1.262062141829065,-0.6973821012831948,0.030367248950538533,1.442242980512353,2.0,17.0,2.0,0.84594718093898,0.5332305457398162,0.0062090378812092945,0.9,1.2373937368392944,-0.6194663047790527,0.07840071618556976,0.1605241745710373,direct,SAFE_PROGRESSING,NONE,1,0,"-0.296,7.569;-0.178,8.055;-0.059,8.541;0.059,9.027;0.177,9.512;0.296,9.998;0.414,10.484",0,1,PASS_THROUGH,-1,0.8547255843947906,0.519043197988906,0.006191445908089522,0.9,3.299877993504494,3.965693781110845,0.0,0,0,0,DIRECT_LOCAL,PASS_THROUGH,0,BYPASS_VISIBLE,1,20,2.0,17.0,2.0,2.0,17.0,2.0,1,
90,3.033333,0.033333,-0.20310260355472565,7.594576358795166,1.941084861755371,-0.7990286882023646,0.06968783587217331,1.2685927337659115,-0.6898207830929136,0.03252216297884115,1.4443815036324068,2.0,17.0,2.0,0.8447949302264015,0.5350547250840713,0.006161739119637675,0.9,1.2472138404846191,-0.6129588484764099,0.07927686721086502,0.17223158478736877,direct,SAFE_PROGRESSING,NONE,1,0,"-0.249,7.582;-0.133,8.068;-0.017,8.554;0.099,9.041;0.215,9.527;0.331,10.013;0.447,10.500",1,1,PASS_THROUGH,-1,0.8448109678598773,0.5350648825924361,0.0,0.9,3.2927992444380885,3.965120024282377,0.0,0,0,0,DIRECT_LOCAL,PASS_THROUGH,0,BYPASS_VISIBLE,1,20,2.0,17.0,2.0,2.0,17.0,2.0,1,
91,3.066667,0.033333,-0.15683281421661377,7.6079607009887695,1.941981315612793,-0.7964507365657083,0.08124520629644394,1.2746346389889878,-0.6820384152355918,0.03506698920785959,1.4460634690426866,2.0,17.0,2.0,0.8438431418386467,0.5365552693747186,0.006098760374420755,0.9,1.2572569847106934,-0.6054278016090393,0.08046068251132965,0.18792007863521576,direct,SAFE_PROGRESSING,NONE,1,0,"-0.203,7.595;-0.089,8.081;0.025,8.568;0.139,9.055;0.253,9.542;0.367,10.029;0.481,10.516",0,1,PASS_THROUGH,-1,0.8447949302264015,0.5350547250840713,0.006161739119637675,0.9,3.2859550159222985,3.9645891223490906,0.0,0,0,0,DIRECT_LOCAL,PASS_THROUGH,0,BYPASS_VISIBLE,1,20,2.0,17.0,2.0,2.0,17.0,2.0,1,
92,3.1,0.033333,-0.11065341532230377,7.621818542480469,1.9430218935012817,-0.7935043064378474,0.09230368584394455,1.2802806076817121,-0.6740927109794026,0.038098202746444494,1.4474014268522482,2.0,17.0,2.0,0.8430851967311493,0.5377463187735293,0.006020606141961185,0.9,1.2679082155227661,-0.5969638228416443,0.08193980157375336,0.20825999975204468,local_avoidance,SAFE_PROGRESSING,NONE,1,0,"-0.157,7.608;0.184,7.974;0.524,8.340;0.865,8.706;1.205,9.072;1.546,9.438;1.887,9.804",0,1,PASS_THROUGH,-1,0.8447949302264015,0.5350547250840713,0.006161739119637675,0.9,3.2793341838651857,3.9640867093415184,0.0,0,0,1,DIRECT_LOCAL,PASS_THROUGH,0,BYPASS_VISIBLE,1,20,2.0,17.0,2.0,2.0,17.0,2.0,1,
93,3.133333,0.033333,-0.06458401679992676,7.636162281036377,1.944206953048706,-0.7901935200838672,0.10333722084760666,1.2856413166150409,-0.6659956628205106,0.041512725128930526,1.4484982306620249,2.0,17.0,2.0,0.8425212879572499,0.5386304365686926,0.005927237187439824,0.9,1.277624487876892,-0.5890594720840454,0.08334870636463165,0.22749391198158264,local_avoidance,SAFE_PROGRESSING,NONE,1,0,"-0.111,7.622;0.228,7.989;0.567,8.357;0.906,8.724;1.245,9.092;1.584,9.460;1.923,9.827",0,1,PASS_THROUGH,-1,0.8447949302264015,0.5350547250840713,0.006161739119637675,0.9,3.2729268646085616,3.963596770710122,0.0,0,0,1,DIRECT_LOCAL,PASS_THROUGH,0,BYPASS_VISIBLE,1,20,2.0,17.0,2.0,2.0,17.0,2.0,1,
94,3.166667,0.033333,-0.018642282113432884,7.651007652282715,1.9455313682556152,-0.7865079319601103,0.11464149504899979,1.2908253201788336,-0.6577310913134043,0.04496902777970355,1.4494352035032685,2.0,17.0,2.0,0.8421589955693178,0.539197896163684,0.005818501038492137,0.9,1.2866053581237793,-0.5823280811309814,0.08436564356088638,0.24286700785160065,local_avoidance,SAFE_PROGRESSING,NONE,1,0,"-0.065,7.636;0.273,8.005;0.610,8.374;0.948,8.743;1.285,9.112;1.622,9.481;1.960,9.850",0,1,PASS_THROUGH,-1,0.8447949302264015,0.5350547250840713,0.006161739119637675,0.9,3.266720795724578,3.963100216439289,0.0,0,0,1,DIRECT_LOCAL,PASS_THROUGH,0,BYPASS_VISIBLE,1,20,2.0,17.0,2.0,2.0,17.0,2.0,1,
95,3.2,0.033333,0.02715570665895939,7.666372299194336,1.94698166847229,-0.7824408171248303,0.12607958912849426,1.295893539371274,-0.6493223875157574,0.048206523167817206,1.4502701462794099,2.0,17.0,2.0,0.8420035014010865,0.5394420012329182,0.005694816426788225,0.9,1.295461654663086,-0.5765747427940369,0.08496779203414917,0.2542847990989685,local_avoidance,SAFE_PROGRESSING,NONE,1,0,"-0.019,7.651;0.284,8.049;0.586,8.448;0.888,8.846;1.190,9.244;1.492,9.643;1.795,10.041",0,1,PASS_THROUGH,-1,0.8447949302264015,0.5350547250840713,0.006161739119637675,0.9,3.260700018199879,3.9458806080834594,0.0,0,0,1,DIRECT_LOCAL,PASS_THROUGH,0,BYPASS_VISIBLE,1,20,2.0,17.0,2.0,2.0,17.0,2.0,1,
96,3.233333,0.033333,0.07279600203037262,7.682270050048828,1.948541522026062,-0.7780005687551964,0.13727885484695435,1.3008593266539743,-0.6408715454673625,0.05126415663583902,1.451061452622852,2.0,17.0,2.0,0.8420514017171215,0.5393686599083332,0.005557479187511638,0.9,1.3043147325515747,-0.5709057450294495,0.08548497408628464,0.2649279832839966,local_avoidance,SAFE_PROGRESSING,NONE,1,0,"0.027,7.666;0.361,8.038;0.695,8.410;1.030,8.782;1.364,9.154;1.698,9.526;2.032,9.898",1,1,PASS_THROUGH,-1,0.8420644056391745,0.5393769894568583,0.0,0.9,3.25484641548537,3.9171077442243845,0.0,0,0,1,DIRECT_LOCAL,PASS_THROUGH,0,BYPASS_VISIBLE,1,20,2.0,17.0,2.0,2.0,17.0,2.0,1,
97,3.266667,0.033333,0.11826786398887634,7.698713302612305,1.9501979351043701,-0.7732069301446686,0.1479293555021286,1.305722255890425,-0.632530531927721,0.054321769149520596,1.4518802767280363,2.0,17.0,2.0,0.8422926446068639,0.538993370423015,0.005408094046325504,0.9,1.3132171630859375,-0.5647872090339661,0.08618426322937012,0.2772010266780853,local_avoidance,SAFE_PROGRESSING,NONE,1,0,"0.073,7.682;0.405,8.056;0.738,8.429;1.070,8.802;1.403,9.176;1.735,9.549;2.068,9.923",0,1,PASS_THROUGH,-1,0.8420514017171215,0.5393686599083332,0.005557479187511638,0.9,3.2491455948246997,3.888196132257144,0.0,0,0,1,DIRECT_LOCAL,PASS_THROUGH,0,BYPASS_VISIBLE,1,20,2.0,17.0,2.0,2.0,17.0,2.0,1,
98,3.3,0.033333,0.16356387734413147,7.715707302093506,1.9519435167312622,-0.76808035125312,0.1579911708831787,1.3104940884100664,-0.6244289516962378,0.05744670462565381,1.452792619525079,2.0,17.0,2.0,0.8427162925734193,0.5383323411143512,0.005247927367348726,0.9,1.321663737297058,-0.5587373375892639,0.08702587336301804,0.2893446385860443,local_avoidance,SAFE_PROGRESSING,NONE,1,0,"0.118,7.699;0.449,8.074;0.780,8.448;1.111,8.823;1.442,9.198;1.773,9.573;2.104,9.948",0,1,PASS_THROUGH,-1,0.8420514017171215,0.5393686599083332,0.005557479187511638,0.9,3.2435849549488736,3.859140971840113,0.0,0,0,1,DIRECT_LOCAL,PASS_THROUGH,0,BYPASS_VISIBLE,1,20,2.0,17.0,2.0,2.0,17.0,2.0,1,
99,3.333333,0.033333,0.2086791694164276,7.733257293701172,1.9537726640701294,-0.7626342377936659,0.1675346940755844,1.315202764975905,-0.6166250042366332,0.06050115914509875,1.4538380580752432,2.0,17.0,2.0,0.8433146765733472,0.537396104971182,0.005077660661491432,0.9,1.329323172569275,-0.5534771680831909,0.08782633394002914,0.29854974150657654,local_avoidance,SAFE_PROGRESSING,NONE,1,0,"0.164,7.716;0.459,8.119;0.754,8.523;1.049,8.926;1.344,9.330;1.640,9.733;1.935,10.137",0,1,PASS_THROUGH,-1,0.8420514017171215,0.5393686599083332,0.005557479187511638,0.9,3.238159492469325,3.829936640984449,0.0,0,0,1,DIRECT_LOCAL,PASS_THROUGH,0,BYPASS_VISIBLE,1,20,2.0,17.0,2.0,2.0,17.0,2.0,1,
100,3.366667,0.033333,0.25360989570617676,7.75136661529541,1.9556785821914673,-0.7568819248473804,0.17647850513458252,1.3198691331682977,-0.6091194209855371,0.06328933065628897,1.4550211466116603,2.0,17.0,2.0,0.8440797943347361,0.5361952185891883,0.004897791126846385,0.9,1.3365370035171509,-0.5492781400680542,0.08847808837890625,0.3033360540866852,local_avoidance,SAFE_PROGRESSING,NONE,1,0,"0.209,7.733;0.502,8.138;0.796,8.543;1.089,8.948;1.383,9.353;1.676,9.757;1.970,10.162",0,1,PASS_THROUGH,-1,0.8420514017171215,0.5393686599083332,0.005557479187511638,0.9,3.2328648306504615,3.8005790424498884,0.0,0,0,1,DIRECT_LOCAL,PASS_THROUGH,0,BYPASS_VISIBLE,1,20,2.0,17.0,2.0,2.0,17.0,2.0,1,
101,3.4,0.033333,0.29835250973701477,7.770036697387695,1.9576530456542969,-0.7508468933682826,0.18454842269420624,1.3244910375230858,-0.6019093984049151,0.06583104536801915,1.4563327775276478,2.0,17.0,2.0,0.8449979433237936,0.5347488210535463,0.004708944722687336,0.9,1.3436836004257202,-0.5450437068939209,0.08927129209041595,0.3081905245780945,local_avoidance,SAFE_PROGRESSING,NONE,1,0,"0.254,7.751;0.545,8.157;0.837,8.564;1.129,8.970;1.420,9.376;1.712,9.782;2.004,10.188",0,1,PASS_THROUGH,-1,0.8420514017171215,0.5393686599083332,0.005557479187511638,0.9,3.2276988236859956,3.7710658579172116,0.0,0,0,1,DIRECT_LOCAL,PASS_THROUGH,0,BYPASS_VISIBLE,1,20,2.0,17.0,2.0,2.0,17.0,2.0,1,
102,3.433333,0.033333,0.34290385246276855,7.789268493652344,1.9596915245056152,-0.7445640232408028,0.19159089028835297,1.329055031347091,-0.595013435732433,0.06830501430108789,1.457770160220672,2.0,17.0,2.0,0.8460492142744936,0.5330857058216668,0.004511903603475,0.9,1.3515187501907349,-0.5404203534126282,0.09027228504419327,0.3146854639053345,local_avoidance,SAFE_PROGRESSING,NONE,1,0,"0.298,7.770;0.588,8.177;0.878,8.585;1.168,8.992;1.458,9.399;1.748,9.807;2.038,10.214",1,1,PASS_THROUGH,-1,0.8460578260338678,0.5330911319904368,0.0,0.9,3.222661389001798,3.741395177093057,0.0,0,0,1,DIRECT_LOCAL,PASS_THROUGH,0,BYPASS_VISIBLE,1,20,2.0,17.0,2.0,2.0,17.0,2.0,1,
103,3.466667,0.033333,0.38726142048835754,7.8090596199035645,1.9617935419082642,-0.7380654535990845,0.19777338206768036,1.3335719436144724,-0.5884443010966202,0.07091408415624272,1.459352469974437,2.0,17.0,2.0,0.8472151770777689,0.5312324283670733,0.004307061679027561,0.9,1.359076738357544,-0.5357253551483154,0.09145129472017288,0.3220549523830414,local_avoidance,SAFE_PROGRESSING,NONE,1,0,"0.343,7.789;0.631,8.198;0.919,8.606;1.208,9.015;1.496,9.424;1.784,9.832;2.072,10.241",0,1,PASS_THROUGH,-1,0.8460492142744936,0.5330857058216668,0.004511903603475,0.9,3.217753162407677,3.7115682413657924,0.0,0,0,1,DIRECT_LOCAL,PASS_THROUGH,0,BYPASS_VISIBLE,1,20,2.0,17.0,2.0,2.0,17.0,2.0,1,
104,3.5,0.033333,0.4314236342906952,7.829410076141357,1.9639575481414795,-0.7313719642651972,0.20335997641086578,1.3380929305115083,-0.5821827144483498,0.07364644966803137,1.4611136859382405,2.0,17.0,2.0,0.8484834415182494,0.5292060898404425,0.004094379701116328,0.9,1.3662896156311035,-0.5315444469451904,0.09259873628616333,0.32817718386650085,local_avoidance,SAFE_PROGRESSING,NONE,1,0,"0.387,7.809;0.674,8.219;0.960,8.629;1.247,9.039;1.533,9.448;1.820,9.858;2.106,10.268",0,1,PASS_THROUGH,-1,0.8460492142744936,0.5330857058216668,0.004511903603475,0.9,3.2129783145447135,3.681583876231071,0.0,0,0,1,DIRECT_LOCAL,PASS_THROUGH,0,BYPASS_VISIBLE,1,20,2.0,17.0,2.0,2.0,17.0,2.0,1,
105,3.533333,0.033333,0.47538962960243225,7.850319862365723,1.9661810398101807,-0.7244982958144907,0.20849499106407166,1.3426773039556943,-0.5761910397223963,0.07633009784251159,1.4630805653315047,2.0,17.0,2.0,0.8498448282271489,0.5270187478463082,0.003873932637168264,0.9,1.3726485967636108,-0.5284257531166077,0.09358078241348267,0.3306651711463928,local_avoidance,SAFE_PROGRESSING,NONE,1,0,"0.431,7.829;0.716,8.240;1.001,8.651;1.285,9.063;1.570,9.474;1.855,9.885;2.140,10.296",0,1,PASS_THROUGH,-1,0.8460492142744936,0.5330857058216668,0.004511903603475,0.9,3.208339222233033,3.651440883009331,0.0,0,0,1,DIRECT_LOCAL,PASS_THROUGH,0,BYPASS_VISIBLE,1,20,2.0,17.0,2.0,2.0,17.0,2.0,1,
106,3.566667,0.033333,0.5191591382026672,7.871789455413818,1.9684569835662842,-0.717462057157756,0.21306727826595306,1.3473536807517479,-0.5704521507965501,0.07876038874549073,1.4652579282225482,2.0,17.0,2.0,0.851288645344874,0.5246850004906712,0.0036458972823520657,0.9,1.3786897659301758,-0.526148796081543,0.09437906742095947,0.32983219623565674,local_avoidance,SAFE_PROGRESSING,NONE,1,0,"0.475,7.850;0.758,8.263;1.041,8.675;1.324,9.087;1.607,9.499;1.890,9.912;2.173,10.324",0,1,PASS_THROUGH,-1,0.8460492142744936,0.5330857058216668,0.004511903603475,0.9,3.2038387516437687,3.6211376338902297,0.0,0,0,1,DIRECT_LOCAL,PASS_THROUGH,0,BYPASS_VISIBLE,1,20,2.0,17.0,2.0,2.0,17.0,2.0,1,
107,3.6,0.033333,0.5627326369285583,7.893818378448486,1.9707776308059692,-0.7102912963781497,0.21681654453277588,1.3521021714441241,-0.5649982126298074,0.08087919716964506,1.4676323472973736,2.0,17.0,2.0,0.8527988030574655,0.522228462444644,0.0034109406997912886,0.9,1.3846367597579956,-0.5243368744850159,0.09510448575019836,0.32678383588790894,local_avoidance,SAFE_PROGRESSING,NONE,1,0,"0.519,7.872;0.800,8.285;1.081,8.699;1.363,9.112;1.644,9.526;1.925,9.939;2.206,10.353",0,1,PASS_THROUGH,-1,0.8460492142744936,0.5330857058216668,0.004511903603475,0.9,3.199479823084861,3.5906734717026123,0.0,0,0,1,DIRECT_LOCAL,PASS_THROUGH,0,BYPASS_VISIBLE,1,20,2.0,17.0,2.0,2.0,17.0,2.0,1,
108,3.633333,0.033333,0.6061120629310608,7.916402339935303,1.973136067390442,-0.7030217900645309,0.21951429545879364,1.3568777308773787,-0.5598986041001358,0.08281071568698489,1.4701908849046832,2.0,17.0,2.0,0.8543553609655893,0.5196795834659829,0.0031698135560614986,0.9,1.3908833265304565,-0.522208571434021,0.09596879780292511,0.3246714472770691,local_avoidance,SAFE_PROGRESSING,NONE,1,0,"0.563,7.894;0.842,8.308;1.121,8.723;1.401,9.138;1.680,9.552;1.960,9.967;2.239,10.382",1,1,PASS_THROUGH,-1,0.8543596531587953,0.5196821942826049,0.0,0.9,3.1952668477406765,3.5600514306808093,0.0,0,0,1,DIRECT_LOCAL,PASS_THROUGH,0,BYPASS_VISIBLE,1,20,2.0,17.0,2.0,2.0,17.0,2.0,1,
109,3.666667,0.033333,0.6493011116981506,7.939532279968262,1.975530743598938,-0.6956899018407456,0.2211579829454422,1.3616469599197105,-0.555215920683505,0.08473987846906227,1.472931773383266,2.0,17.0,2.0,0.8559382909747707,0.5170697216512292,0.00292318229146527,0.9,1.396928071975708,-0.5196950435638428,0.09707605838775635,0.3243843913078308,local_avoidance,SAFE_PROGRESSING,NONE,1,0,"0.606,7.916;0.884,8.332;1.161,8.748;1.439,9.164;1.716,9.580;1.994,9.996;2.272,10.412",0,1,PASS_THROUGH,-1,0.8543553609655893,0.5196795834659829,0.0031698135560614986,0.9,3.1912086653457807,3.529279226005112,0.0,0,0,1,DIRECT_LOCAL,PASS_THROUGH,0,BYPASS_VISIBLE,1,20,2.0,17.0,2.0,2.0,17.0,2.0,1,
110,3.7,0.033333,0.6923043131828308,7.963198661804199,1.9779629707336426,-0.688322507880194,0.2219754457473755,1.3664079872313595,-0.5509531052517137,0.08665377180452188,1.4758485653765807,2.0,17.0,2.0,0.8575326774191739,0.5144225619106289,0.002671133768271131,0.9,1.4024806022644043,-0.5177148580551147,0.09817328304052353,0.3226390480995178,local_avoidance,SAFE_PROGRESSING,NONE,1,0,"0.649,7.940;0.925,8.357;1.201,8.774;1.477,9.191;1.753,9.608;2.028,10.025;2.304,10.442",0,1,PASS_THROUGH,-1,0.8543553609655893,0.5196795834659829,0.0031698135560614986,0.9,3.187319520883779,3.4983653118284894,0.0,0,0,1,DIRECT_LOCAL,PASS_THROUGH,0,BYPASS_VISIBLE,1,20,2.0,17.0,2.0,2.0,17.0,2.0,1,
111,3.733333,0.033333,0.7351260185241699,7.987391948699951,1.9804328680038452,-0.6809375234163779,0.22214677929878235,1.3711728476324083,-0.5470540402592465,0.0884250481737773,1.4789192304493397,2.0,17.0,2.0,0.8591284296443655,0.511754351886298,0.002413441990542742,0.9,1.4076822996139526,-0.5161911845207214,0.09918425977230072,0.3196319341659546,local_avoidance,SAFE_PROGRESSING,NONE,1,0,"0.692,7.963;0.966,8.381;1.240,8.800;1.514,9.218;1.788,9.636;2.062,10.054;2.336,10.473",0,1,PASS_THROUGH,-1,0.8543553609655893,0.5196795834659829,0.0031698135560614986,0.9,3.183614743557754,3.4673186234424143,0.0,0,0,1,DIRECT_LOCAL,PASS_THROUGH,0,BYPASS_VISIBLE,1,20,2.0,17.0,2.0,2.0,17.0,2.0,1,
112,3.766667,0.033333,0.7777696251869202,8.012103080749512,1.9829381704330444,-0.6735536121993573,0.22173327207565308,1.3759434399621493,-0.5434542924251311,0.08998436845778046,1.4821133912413444,2.0,17.0,2.0,0.8607152862400359,0.5090820891527645,0.0021500085092809357,0.9,1.4128552675247192,-0.5148748755455017,0.1001134067773819,0.3160986304283142,local_avoidance,SAFE_PROGRESSING,NONE,1,0,"0.735,7.987;1.007,8.407;1.280,8.826;1.552,9.246;1.824,9.665;2.096,10.084;2.369,10.504",0,1,PASS_THROUGH,-1,0.8543553609655893,0.5196795834659829,0.0031698135560614986,0.9,3.1801098947301316,3.4361482229853206,0.0,0,0,1,DIRECT_LOCAL,PASS_THROUGH,0,BYPASS_VISIBLE,1,20,2.0,17.0,2.0,2.0,17.0,2.0,1,
113,3.8,0.033333,0.8202378153800964,8.037324905395508,1.9854766130447388,-0.6661907564553441,0.220786452293396,1.380707661654597,-0.5401127105057842,0.09138828724851761,1.4854047280279632,2.0,17.0,2.0,0.8622825849732373,0.5064239385196554,0.0018809960425130263,0.9,1.4179775714874268,-0.5132747888565063,0.10109041631221771,0.31391066312789917,local_avoidance,SAFE_PROGRESSING,NONE,1,0,"0.778,8.012;1.048,8.433;1.319,8.853;1.589,9.274;1.860,9.694;2.130,10.115;2.400,10.535",0,1,PASS_THROUGH,-1,0.8543553609655893,0.5196795834659829,0.0031698135560614986,0.9,3.176819955064784,3.4048618073678854,0.0,0,0,1,DIRECT_LOCAL,PASS_THROUGH,0,BYPASS_VISIBLE,1,20,2.0,17.0,2.0,2.0,17.0,2.0,1,
114,3.833333,0.033333,0.8625327348709106,8.063048362731934,1.9880467653274536,-0.6588662432290318,0.2194499969482422,1.3854523355929291,-0.5370107944437178,0.09269052907818104,1.4887747652784045,2.0,17.0,2.0,0.8638212981101678,0.5037957759509365,0.0016065694066115517,0.9,1.4229347705841064,-0.5116433501243591,0.10205806791782379,0.31220942735671997,local_avoidance,SAFE_PROGRESSING,NONE,1,0,"0.820,8.037;1.089,8.459;1.358,8.881;1.626,9.302;1.895,9.724;2.163,10.146;2.432,10.568",1,1,PASS_THROUGH,-1,0.8638224129018968,0.5037964261170823,0.0,0.9,3.1737580912196246,3.3734694229694346,0.0,0,0,1,DIRECT_LOCAL,PASS_THROUGH,0,BYPASS_VISIBLE,1,20,2.0,17.0,2.0,2.0,17.0,2.0,1,
115,3.866667,0.033333,0.9046562314033508,8.089262008666992,1.9906483888626099,-0.651589475865368,0.21790651977062225,1.3901677017049316,-0.5341311995448769,0.09388596488031012,1.4922053985937485,2.0,17.0,2.0,0.8653265539964936,0.5012067383270427,0.0013268022162075906,0.9,1.4275836944580078,-0.5099434852600098,0.10299001634120941,0.311276376247406,local_avoidance,SAFE_PROGRESSING,NONE,1,0,"0.863,8.063;1.129,8.486;1.396,8.909;1.663,9.332;1.930,9.754;2.197,10.177;2.464,10.600",0,1,PASS_THROUGH,-1,0.8638212981101678,0.5037957759509365,0.0016065694066115517,0.9,3.1625751613923847,3.3419839022937246,0.0,0,0,1,DIRECT_LOCAL,PASS_THROUGH,0,BYPASS_VISIBLE,1,20,2.0,17.0,2.0,2.0,17.0,2.0,1,
116,3.9,0.033333,0.9466094374656677,8.115960121154785,1.9932801723480225,-0.6443641282389342,0.21631945669651031,1.394842438896144,-0.5314557682951473,0.09492445220430415,1.495674200695531,2.0,17.0,2.0,0.8667964416224644,0.498661051001014,0.0010416358278175315,0.9,1.4319108724594116,-0.5080401301383972,0.10388121753931046,0.3117533326148987,local_avoidance,SAFE_PROGRESSING,NONE,1,0,"0.905,8.089;1.170,8.513;1.435,8.937;1.700,9.361;1.965,9.785;2.230,10.209;2.495,10.633",0,1,PASS_THROUGH,-1,0.8638212981101678,0.5037957759509365,0.0016065694066115517,0.9,3.128032229894018,3.310412866009822,0.0,0,0,1,DIRECT_LOCAL,PASS_THROUGH,0,BYPASS_VISIBLE,1,20,2.0,17.0,2.0,2.0,17.0,2.0,1,
117,3.933333,0.033333,0.9883933067321777,8.143133163452148,1.9959406852722168,-0.6371878025405734,0.21486562490463257,1.3994556192796388,-0.5289605299637837,0.09566173425706818,1.4991419012201594,2.0,17.0,2.0,0.8682321827477831,0.4961575482069632,0.0007511313301860259,0.9,1.4349772930145264,-0.5067762136459351,0.10458645224571228,0.3107154667377472,local_avoidance,SAFE_PROGRESSING,NONE,1,0,"0.947,8.116;1.210,8.541;1.473,8.966;1.736,9.391;1.999,9.816;2.263,10.242;2.526,10.667",0,1,PASS_THROUGH,-1,0.8638212981101678,0.5037957759509365,0.0016065694066115517,0.9,3.093457314620421,3.278768085978524,0.0,0,0,1,DIRECT_LOCAL,PASS_THROUGH,0,BYPASS_VISIBLE,1,20,2.0,17.0,2.0,2.0,17.0,2.0,1,
118,3.966667,0.033333,1.0300062894821167,8.17077350616455,1.9986265897750854,-0.6300549447926898,0.21356253325939178,1.4039569019268632,-0.5266246591663801,0.09591599218835495,1.5025406455958716,2.0,17.0,2.0,0.8696365192194248,0.4936923303882117,0.00045536334938293396,0.9,1.4377655982971191,-0.5055109262466431,0.10516095161437988,0.31015193462371826,local_avoidance,SAFE_PROGRESSING,NONE,1,0,"0.988,8.143;1.250,8.569;1.511,8.996;1.772,9.422;2.034,9.848;2.295,10.274;2.557,10.701",0,1,PASS_THROUGH,-1,0.8638212981101678,0.5037957759509365,0.0016065694066115517,0.9,3.058864209253903,3.2470600316233846,0.0,0,0,1,DIRECT_LOCAL,PASS_THROUGH,0,BYPASS_VISIBLE,1,20,2.0,17.0,2.0,2.0,17.0,2.0,1,
119,4.0,0.033333,1.0714460611343384,8.198867797851562,2.001335620880127,-0.622963035338133,0.21238520741462708,1.4082520062041861,-0.5244549334635814,0.09573390904166013,1.5057860643374283,2.0,17.0,2.0,0.871010801033568,0.49126384008470864,0.00015462240553194633,0.9,1.44092857837677,-0.5036625266075134,0.10571901500225067,0.3119104206562042,local_avoidance,SAFE_PROGRESSING,NONE,1,0,"1.030,8.171;1.290,8.598;1.549,9.026;1.809,9.453;2.068,9.880;2.328,10.308;2.587,10.735",0,1,PASS_THROUGH,-1,0.8638212981101678,0.5037957759509365,0.0016065694066115517,0.9,3.0242658548066212,3.215305192111631,0.0,0,0,1,DIRECT_LOCAL,PASS_THROUGH,0,BYPASS_VISIBLE,1,20,2.0,17.0,2.0,2.0,17.0,2.0,1,
120,4.033333,0.033333,1.1127086877822876,8.227405548095703,2.0040671825408936,-0.6159065851240865,0.211471289396286,1.4122518523082885,-0.522466187129616,0.09536395985101799,1.50881426818559,2.0,17.0,2.0,0.8723578175415178,0.4888678915596419,-0.0001509179582532002,0.9,1.4445693492889404,-0.5013196468353271,0.10622304677963257,0.3155726194381714,local_avoidance,SAFE_PROGRESSING,NONE,1,0,"1.071,8.199;1.329,8.627;1.587,9.056;1.845,9.484;2.102,9.913;2.360,10.341;2.618,10.770",1,1,PASS_THROUGH,-1,0.8723578274760292,0.48886789712692585,0.0,0.9,2.9896814457331953,3.183517569222437,0.0,0,0,1,DIRECT_LOCAL,PASS_THROUGH,0,BYPASS_VISIBLE,1,20,2.0,17.0,2.0,2.0,17.0,2.0,1,
121,4.066667,0.033333,1.153788685798645,8.256373405456543,2.0068211555480957,-0.6088707504275302,0.21104608476161957,1.4159319697088444,-0.5206418256353571,0.09501786540583254,1.511608298531986,2.0,17.0,2.0,0.873684969473022,0.4864918923750885,-0.00046127023507470596,0.9,1.44767165184021,-0.499715656042099,0.10645897686481476,0.3166179955005646,local_avoidance,SAFE_PROGRESSING,NONE,1,0,"1.113,8.227;1.369,8.657;1.624,9.087;1.880,9.516;2.136,9.946;2.392,10.375;2.648,10.805",0,1,PASS_THROUGH,-1,0.8723578175415178,0.4888678915596419,-0.0001509179582532002,0.9,2.9551280889401172,3.1517142869112247,0.0,0,0,1,DIRECT_LOCAL,PASS_THROUGH,0,BYPASS_VISIBLE,1,20,2.0,17.0,2.0,2.0,17.0,2.0,1,
122,4.1,0.033333,1.1946804523468018,8.285758018493652,2.0095949172973633,-0.6018368700766805,0.21108070015907288,1.4193332515104067,-0.5189381454091663,0.09475101878534176,1.5141933275393433,2.0,17.0,2.0,0.8750014417124489,0.4841196897957878,-0.0007765005897702361,0.9,1.4503297805786133,-0.49878183007240295,0.10647032409906387,0.3150126338005066,local_avoidance,SAFE_PROGRESSING,NONE,1,0,"1.154,8.256;1.408,8.687;1.662,9.118;1.916,9.548;2.170,9.979;2.424,10.410;2.678,10.841",0,1,PASS_THROUGH,-1,0.8723578175415178,0.4888678915596419,-0.0001509179582532002,0.9,2.920626349629533,3.1199125814772466,0.0,0,0,1,DIRECT_LOCAL,PASS_THROUGH,0,BYPASS_VISIBLE,1,20,2.0,17.0,2.0,2.0,17.0,2.0,1,
123,4.133333,0.033333,1.235378623008728,8.31554889678955,2.0123841762542725,-0.5947962237952353,0.21127977967262268,1.4225097215675426,-0.5173311204014809,0.09451634426113614,1.5166076405657822,2.0,17.0,2.0,0.8763114713588128,0.48174371100811575,-0.0010963891104130079,0.9,1.4526504278182983,-0.4991248548030853,0.10620690882205963,0.30807608366012573,local_avoidance,SAFE_PROGRESSING,NONE,1,0,"1.195,8.286;1.447,8.718;1.699,9.149;1.951,9.581;2.203,10.013;2.455,10.445;2.707,10.876",0,1,PASS_THROUGH,-1,0.8723578175415178,0.4888678915596419,-0.0001509179582532002,0.9,2.886197170944474,3.0881269134495897,0.0,0,0,1,DIRECT_LOCAL,PASS_THROUGH,0,BYPASS_VISIBLE,1,20,2.0,17.0,2.0,2.0,17.0,2.0,1,
124,4.166667,0.033333,1.2758793830871582,8.345736503601074,2.0151853561401367,-0.5877553045370639,0.21114052832126617,1.425493381425213,-0.5158491140260801,0.09444304012519031,1.5188980139419064,2.0,17.0,2.0,0.877611933048644,0.47936966642893664,-0.0014205204793694875,0.9,1.4564905166625977,-0.4985162019729614,0.10609640181064606,0.30354857444763184,local_avoidance,SAFE_PROGRESSING,NONE,1,0,"1.235,8.316;1.486,8.748;1.736,9.181;1.986,9.614;2.236,10.047;2.487,10.480;2.737,10.913",0,1,PASS_THROUGH,-1,0.8723578175415178,0.4888678915596419,-0.0001509179582532002,0.9,2.851858984478514,3.056370827563381,0.0,0,0,1,DIRECT_LOCAL,PASS_THROUGH,0,BYPASS_VISIBLE,1,20,2.0,17.0,2.0,2.0,17.0,2.0,1,
125,4.2,0.033333,1.3161818981170654,8.376314163208008,2.0179991722106934,-0.580734188954406,0.21044042706489563,1.428317979476965,-0.5145617555338001,0.09489072817136271,1.5211411180584387,2.0,17.0,2.0,0.8788932125135436,0.4770153703537601,-0.0017485547998395492,0.9,1.460951328277588,-0.4969950020313263,0.10632351040840149,0.3022955358028412,local_avoidance,SAFE_PROGRESSING,NONE,1,0,"1.276,8.346;1.524,8.780;1.773,9.214;2.021,9.648;2.269,10.082;2.518,10.516;2.766,10.949",0,1,PASS_THROUGH,-1,0.8723578175415178,0.4888678915596419,-0.0001509179582532002,0.9,2.829109399304802,3.024655089518193,0.0,0,0,1,DIRECT_LOCAL,PASS_THROUGH,0,BYPASS_VISIBLE,1,20,2.0,17.0,2.0,2.0,17.0,2.0,1,
126,4.233333,0.033333,1.3562883138656616,8.407269477844238,2.0208311080932617,-0.573746212733492,0.20937588810920715,1.43107597791961,-0.5134877964231018,0.09594720092994054,1.5234349467635009,2.0,17.0,2.0,0.880148940831037,0.47469307228846014,-0.002080643012723787,0.9,1.465269923210144,-0.49574941396713257,0.10662920027971268,0.3008239269256592,local_avoidance,SAFE_PROGRESSING,NONE,1,0,"1.316,8.376;1.563,8.811;1.809,9.246;2.056,9.681;2.302,10.116;2.549,10.551;2.795,10.987",1,1,PASS_THROUGH,-1,0.8801508459527629,0.47469409978283433,0.0,0.9,2.7937014239831037,2.992996425872745,0.0,0,0,1,DIRECT_LOCAL,PASS_THROUGH,0,BYPASS_VISIBLE,1,20,2.0,17.0,2.0,2.0,17.0,2.0,1,
127,4.266667,0.033333,1.3962019681930542,8.438600540161133,2.023683547973633,-0.5667944045499654,0.20814983546733856,1.43389165441634,-0.5125699061108752,0.09737964783113921,1.5258623729114813,2.0,17.0,2.0,0.8813775575604099,0.4724063470902046,-0.0024174899658870506,0.9,1.4689767360687256,-0.49470746517181396,0.10695430636405945,0.29993951320648193,local_avoidance,SAFE_PROGRESSING,NONE,1,0,"1.356,8.407;1.601,8.843;1.845,9.279;2.090,9.716;2.335,10.152;2.579,10.588;2.824,11.024",0,1,PASS_THROUGH,-1,0.880148940831037,0.47469307228846014,-0.002080643012723787,0.9,2.7584120924431677,2.9614014850317254,0.0,0,0,1,DIRECT_LOCAL,PASS_THROUGH,0,BYPASS_VISIBLE,1,20,2.0,17.0,2.0,2.0,17.0,2.0,1,
128,4.3,0.033333,1.4359253644943237,8.470303535461426,2.0265583992004395,-0.559879967896991,0.20687727630138397,1.4368524702519876,-0.5117348129087121,0.09886778881118677,1.5284607877457528,2.0,17.0,2.0,0.8825783710970193,0.4701572123153405,-0.002759452771856031,0.9,1.4736945629119873,-0.49283549189567566,0.1072923019528389,0.3028276860713959,local_avoidance,SAFE_PROGRESSING,NONE,1,0,"1.396,8.439;1.639,8.876;1.882,9.313;2.124,9.750;2.367,10.187;2.610,10.624;2.852,11.062",0,1,PASS_THROUGH,-1,0.880148940831037,0.47469307228846014,-0.002080643012723787,0.9,2.723251819381304,2.929879284563448,0.0,0,0,1,DIRECT_LOCAL,PASS_THROUGH,0,BYPASS_VISIBLE,1,20,2.0,17.0,2.0,2.0,17.0,2.0,1,
129,4.333333,0.033333,1.4754606485366821,8.502381324768066,2.0294525623321533,-0.5530003176240896,0.20586322247982025,1.4399912274609168,-0.5109218529249853,0.10018817516966202,1.531226157497489,2.0,17.0,2.0,0.883752508874174,0.46794428152764495,-0.0031068382930895906,0.9,1.4777824878692627,-0.49188458919525146,0.10734234750270844,0.3033923804759979,local_avoidance,SAFE_PROGRESSING,NONE,1,0,"1.436,8.470;1.677,8.909;1.917,9.347;2.158,9.785;2.399,10.223;2.640,10.661;2.880,11.100",0,1,PASS_THROUGH,-1,0.880148940831037,0.47469307228846014,-0.002080643012723787,0.9,2.6882338238381394,2.8984326071554904,0.0,0,0,1,DIRECT_LOCAL,PASS_THROUGH,0,BYPASS_VISIBLE,1,20,2.0,17.0,2.0,2.0,17.0,2.0,1,
130,4.366667,0.033333,1.5148078203201294,8.534838676452637,2.0323586463928223,-0.546143586553126,0.20522914826869965,1.4433160447101918,-0.5100857439308304,0.1011462598372647,1.5341379458700604,2.0,17.0,2.0,0.8849054406975704,0.46575787031549143,-0.0034593732114824014,0.9,1.4822185039520264,-0.4909382462501526,0.1070876345038414,0.30407264828681946,local_avoidance,SAFE_PROGRESSING,NONE,1,0,"1.475,8.502;1.675,8.961;1.875,9.419;2.074,9.878;2.274,10.336;2.474,10.794;2.673,11.253",0,1,PASS_THROUGH,-1,0.880148940831037,0.47469307228846014,-0.002080643012723787,0.9,2.6533655297840397,2.8670627098186694,0.0,0,0,1,DIRECT_LOCAL,PASS_THROUGH,0,BYPASS_VISIBLE,1,20,2.0,17.0,2.0,2.0,17.0,2.0,1,
131,4.4,0.033333,1.5539668798446655,8.56767749786377,2.035266399383545,-0.539301387585312,0.20491962134838104,1.4468068970121024,-0.5092333907510581,0.10169462884156448,1.537176190627747,2.0,17.0,2.0,0.8860410379395915,0.4635911076867358,-0.00381627576528426,0.9,1.4856213331222534,-0.49069714546203613,0.10661685466766357,0.30295759439468384,local_avoidance,SAFE_PROGRESSING,NONE,1,0,"1.515,8.535;1.712,8.994;1.910,9.453;2.108,9.913;2.305,10.372;2.503,10.831;2.701,11.291",0,1,PASS_THROUGH,-1,0.880148940831037,0.47469307228846014,-0.002080643012723787,0.9,2.6186534084572157,2.835774084360003,0.0,0,0,1,DIRECT_LOCAL,PASS_THROUGH,0,BYPASS_VISIBLE,1,20,2.0,17.0,2.0,2.0,17.0,2.0,1,
132,4.433333,0.033333,1.5929371118545532,8.600900650024414,2.0381665229797363,-0.5324684290053537,0.2047627568244934,1.450421227772938,-0.508412405495028,0.10176392296877242,1.5403119190779484,2.0,17.0,2.0,0.8871616578550315,0.4614398665144972,-0.004176412694525438,0.9,1.4881588220596313,-0.4903726577758789,0.1061699241399765,0.30304229259490967,local_avoidance,SAFE_PROGRESSING,NONE,1,0,"1.554,8.568;1.750,9.028;1.945,9.488;2.141,9.948;2.336,10.408;2.532,10.868;2.728,11.329",1,1,PASS_THROUGH,-1,0.8871693950806994,0.4614438908818126,0.0,0.9,2.584107556818387,2.804570621992622,0.0,0,0,1,DIRECT_LOCAL,PASS_THROUGH,0,BYPASS_VISIBLE,1,20,2.0,17.0,2.0,2.0,17.0,2.0,1,
133,4.466667,0.033333,1.6317188739776611,8.634505271911621,2.0410537719726562,-0.5256452569951969,0.2046234905719757,1.4540633575478097,-0.5077010732734426,0.10125811272682513,1.5434745974453916,2.0,17.0,2.0,0.888266969690103,0.45930511681798386,-0.004538746785147582,0.9,1.490401268005371,-0.489863783121109,0.10574572533369064,0.30410754680633545,local_avoidance,SAFE_PROGRESSING,NONE,1,0,"1.593,8.601;1.786,9.062;1.980,9.523;2.174,9.984;2.367,10.445;2.561,10.906;2.754,11.367",0,1,PASS_THROUGH,-1,0.8871616578550315,0.4614398665144972,-0.004176412694525438,0.9,2.549737960899013,2.7734623758607633,0.0,0,0,1,DIRECT_LOCAL,PASS_THROUGH,0,BYPASS_VISIBLE,1,20,2.0,17.0,2.0,2.0,17.0,2.0,1,
134,4.5,0.033333,1.6703124046325684,8.668485641479492,2.0439255237579346,-0.5188304214143683,0.20452995598316193,1.4576008474309858,-0.5071599830830511,0.10016057366684547,1.546558637552938,2.0,17.0,2.0,0.8893574824493813,0.45718621139967736,-0.004902705101060372,0.9,1.492210865020752,-0.48942670226097107,0.10526591539382935,0.3048940598964691,local_avoidance,SAFE_PROGRESSING,NONE,1,0,"1.632,8.635;1.823,9.096;2.015,9.558;2.206,10.020;2.398,10.482;2.589,10.944;2.781,11.406",0,1,PASS_THROUGH,-1,0.8871616578550315,0.4614398665144972,-0.004176412694525438,0.9,2.5155611554102744,2.742462672510577,0.0,0,0,1,DIRECT_LOCAL,PASS_THROUGH,0,BYPASS_VISIBLE,1,20,2.0,17.0,2.0,2.0,17.0,2.0,1,
135,4.533333,0.033333,1.7087160348892212,8.70283031463623,2.046781063079834,-0.5120189406130337,0.2045143097639084,1.4609034430233896,-0.5068092067761873,0.09862600599913819,1.5494584637769562,2.0,17.0,2.0,0.8904353005177666,0.4550793596534841,-0.005268017578717847,0.9,1.4947378635406494,-0.4884102940559387,0.10476997494697571,0.30745992064476013,local_avoidance,SAFE_PROGRESSING,NONE,1,0,"1.670,8.668;1.860,9.131;2.049,9.594;2.239,10.057;2.428,10.519;2.618,10.982;2.807,11.445",0,1,PASS_THROUGH,-1,0.8871616578550315,0.4614398665144972,-0.004176412694525438,0.9,2.4827935122355407,2.711590784544422,0.0,0,0,1,DIRECT_LOCAL,PASS_THROUGH,0,BYPASS_VISIBLE,1,20,2.0,17.0,2.0,2.0,17.0,2.0,1,
136,4.566667,0.033333,1.7469269037246704,8.737530708312988,2.049621105194092,-0.5052034771123846,0.20468977093696594,1.4638932979490211,-0.5066221964564971,0.09698181195903266,1.552113111075776,2.0,17.0,2.0,0.8915036496211474,0.4529784692508154,-0.0056346346254804456,0.9,1.4970223903656006,-0.48802804946899414,0.10415751487016678,0.3079301416873932,local_avoidance,SAFE_PROGRESSING,NONE,1,0,"1.709,8.703;1.896,9.166;2.083,9.630;2.271,10.094;2.458,10.557;2.646,11.021;2.833,11.484",0,1,PASS_THROUGH,-1,0.8871616578550315,0.4614398665144972,-0.004176412694525438,0.9,2.447517892628914,2.6808633247559612,0.0,0,0,1,DIRECT_LOCAL,PASS_THROUGH,0,BYPASS_VISIBLE,1,20,2.0,17.0,2.0,2.0,17.0,2.0,1,
137,4.6,0.033333,1.7849398851394653,8.772576332092285,2.0524466037750244,-0.49837462867967797,0.20504923164844513,1.4665770686670305,-0.5065392439891748,0.09553115146161296,1.5545277433808269,2.0,17.0,2.0,0.8925667034336029,0.4508754237757261,-0.006002679129365529,0.9,1.498854637145996,-0.4873400926589966,0.10368846356868744,0.3099839985370636,local_avoidance,SAFE_PROGRESSING,NONE,1,0,"1.747,8.738;1.932,9.202;2.118,9.666;2.303,10.131;2.488,10.595;2.673,11.059;2.859,11.524",0,1,PASS_THROUGH,-1,0.8871616578550315,0.4614398665144972,-0.004176412694525438,0.9,2.4124712490004003,2.6502987935483824,0.0,0,0,1,DIRECT_LOCAL,PASS_THROUGH,0,BYPASS_VISIBLE,1,20,2.0,17.0,2.0,2.0,17.0,2.0,1,
138,4.633333,0.033333,1.8227492570877075,8.807952880859375,2.0552597045898438,-0.4915282683481941,0.20555226504802704,1.469007792160476,-0.5064953682398307,0.09409046122677049,1.5567191353518028,2.0,17.0,2.0,0.8936263167270686,0.4487665315239182,-0.006372302315911534,0.9,1.497720718383789,-0.4912124574184418,0.10267630964517593,0.2980254292488098,local_avoidance,SAFE_PROGRESSING,NONE,1,0,"1.785,8.773;1.968,9.238;2.151,9.703;2.335,10.168;2.518,10.633;2.701,11.099;2.884,11.564",1,1,PASS_THROUGH,-1,0.8936444606805549,0.44877564316143576,0.0,0.9,2.477670039751636,2.6199195246437714,0.0,0,0,1,DIRECT_LOCAL,PASS_THROUGH,0,BYPASS_VISIBLE,1,20,2.0,17.0,2.0,2.0,17.0,2.0,1,
139,4.666667,0.033333,1.860350251197815,8.843652725219727,2.0580568313598633,-0.48467197329334527,0.20549987256526947,1.4711911610047825,-0.5064888788303136,0.09235572145883839,1.5586737939298174,2.0,17.0,2.0,0.8946791175793772,0.44665847998755803,-0.00674379882493648,0.9,1.4961233139038086,-0.49535244703292847,0.10178010165691376,0.28513598442077637,local_avoidance,SAFE_PROGRESSING,NONE,1,0,"1.823,8.808;2.004,9.274;2.185,9.740;2.366,10.206;2.547,10.672;2.728,11.138;2.910,11.604",0,1,PASS_THROUGH,-1,0.8936263167270686,0.4487665315239182,-0.006372302315911534,0.9,2.4421991595879926,2.5897414429371466,0.0,0,0,1,DIRECT_LOCAL,PASS_THROUGH,0,BYPASS_VISIBLE,1,20,2.0,17.0,2.0,2.0,17.0,2.0,1,
140,4.7,0.033333,1.8977419137954712,8.879659652709961,2.060840368270874,-0.4778493294008207,0.2041146457195282,1.4730047088481073,-0.5066904775858232,0.09050172143463803,1.5603424861060087,2.0,17.0,2.0,0.8957057603902294,0.44459030846182646,-0.007116770726845547,0.9,1.496302843093872,-0.49764081835746765,0.10139009356498718,0.277241975069046,local_avoidance,SAFE_PROGRESSING,NONE,1,0,"1.860,8.844;2.039,9.311;2.218,9.777;2.397,10.244;2.576,10.711;2.755,11.178;2.935,11.645",0,1,PASS_THROUGH,-1,0.8936263167270686,0.4487665315239182,-0.006372302315911534,0.9,2.4063695340787348,2.5597896916843847,0.0,0,0,1,DIRECT_LOCAL,PASS_THROUGH,0,BYPASS_VISIBLE,1,20,2.0,17.0,2.0,2.0,17.0,2.0,1,
141,4.733333,0.033333,1.9349285364151,8.915950775146484,2.0636239051818848,-0.47110727682737574,0.20142626762390137,1.4743125106607182,-0.5073043659523429,0.08932249459039673,1.5617085537464632,2.0,17.0,2.0,0.8966855601276847,0.4426046578133129,-0.007491537923588206,0.9,1.4997289180755615,-0.49468815326690674,0.10215382277965546,0.28722643852233887,local_avoidance,SAFE_PROGRESSING,NONE,1,0,"1.898,8.880;2.075,9.347;2.252,9.815;2.428,10.283;2.605,10.750;2.782,11.218;2.959,11.686",0,1,PASS_THROUGH,-1,0.8936263167270686,0.4487665315239182,-0.006372302315911534,0.9,2.370821092432729,2.5300971487145203,0.0,0,0,1,DIRECT_LOCAL,PASS_THROUGH,0,BYPASS_VISIBLE,1,20,2.0,17.0,2.0,2.0,17.0,2.0,1,
142,4.766667,0.033333,1.9719157218933105,8.95250129699707,2.0664305686950684,-0.4644607604269441,0.19869349896907806,1.4751456283342272,-0.5083401101886487,0.08941943958021273,1.562837204764152,2.0,17.0,2.0,0.8976120044707588,0.4407161848996917,-0.00786980288490247,0.9,1.505331039428711,-0.4911034107208252,0.10282453894615173,0.30049508810043335,local_avoidance,SAFE_PROGRESSING,NONE,1,0,"1.935,8.916;2.110,9.384;2.285,9.853;2.459,10.321;2.634,10.790;2.809,11.258;2.984,11.727",0,1,PASS_THROUGH,-1,0.8936263167270686,0.4487665315239182,-0.006372302315911534,0.9,2.334097884205778,2.500699265932329,0.0,0,0,1,DIRECT_LOCAL,PASS_THROUGH,0,BYPASS_VISIBLE,1,20,2.0,17.0,2.0,2.0,17.0,2.0,1,
143,4.8,0.033333,2.008704900741577,8.989299774169922,2.069270133972168,-0.45787164881274145,0.1973428577184677,1.4757922684605598,-0.5095027299141034,0.09065982886009968,1.5638973930558333,2.0,17.0,2.0,0.8985018989550618,0.4388920153832051,-0.008254477997813068,0.9,1.50877845287323,-0.4913879930973053,0.10242339968681335,0.30131471157073975,local_avoidance,SAFE_PROGRESSING,NONE,1,0,"1.972,8.953;2.145,9.422;2.317,9.891;2.490,10.360;2.663,10.829;2.835,11.299;3.008,11.768",0,1,PASS_THROUGH,-1,0.8936263167270686,0.4487665315239182,-0.006372302315911534,0.9,2.2976032270969347,2.4716180599156687,0.0,0,0,1,DIRECT_LOCAL,PASS_THROUGH,0,BYPASS_VISIBLE,1,20,2.0,17.0,2.0,2.0,17.0,2.0,1,
144,4.833333,0.033333,2.0452921390533447,9.026350021362305,2.072129487991333,-0.4512865822725926,0.1973237544298172,1.4766476366727057,-0.5104283914808349,0.09219644457787854,1.5650960258442934,2.0,17.0,2.0,0.8993786650625561,0.43708494417723187,-0.008646872491275963,0.9,1.509507656097412,-0.49531328678131104,0.10099664330482483,0.28885096311569214,local_avoidance,SAFE_PROGRESSING,NONE,1,0,"2.009,8.989;2.179,9.459;2.350,9.929;2.520,10.399;2.691,10.869;2.861,11.339;3.032,11.809",1,1,PASS_THROUGH,-1,0.8994122895017376,0.437101285165398,0.0,0.9,2.2614623093121065,2.4428598620666064,0.0,0,0,1,DIRECT_LOCAL,PASS_THROUGH,0,BYPASS_VISIBLE,1,20,2.0,17.0,2.0,2.0,17.0,2.0,1,
145,4.866667,0.033333,2.081671953201294,9.063666343688965,2.074985980987549,-0.4446903231606487,0.19733089208602905,1.4779287397461043,-0.511011434499981,0.09325996274452919,1.5665578401732723,2.0,17.0,2.0,0.900249059088574,0.43528130119397523,-0.009045465218394635,0.9,1.5095176696777344,-0.4987684488296509,0.09964248538017273,0.27689629793167114,local_avoidance,SAFE_PROGRESSING,NONE,1,0,"2.045,9.026;2.214,9.497;2.382,9.968;2.550,10.439;2.719,10.910;2.887,11.380;3.055,11.851",0,1,PASS_THROUGH,-1,0.8993786650625561,0.43708494417723187,-0.008646872491275963,0.9,2.2256908633637296,2.414420672860077,0.0,0,0,1,DIRECT_LOCAL,PASS_THROUGH,0,BYPASS_VISIBLE,1,20,2.0,17.0,2.0,2.0,17.0,2.0,1,
146,4.9,0.033333,2.1178436279296875,9.101258277893066,2.0778253078460693,-0.43811695776364823,0.19632457196712494,1.4795583623592816,-0.5114538091080191,0.09352502227864035,1.5682553606701306,2.0,17.0,2.0,0.9010984319517693,0.433511661106854,-0.009447519168477402,0.9,1.5103099346160889,-0.5013035535812378,0.0987330824136734,0.26675671339035034,local_avoidance,SAFE_PROGRESSING,NONE,1,0,"2.082,9.064;2.248,9.535;2.414,10.007;2.580,10.478;2.746,10.950;2.913,11.422;3.079,11.893",0,1,PASS_THROUGH,-1,0.8993786650625561,0.43708494417723187,-0.008646872491275963,0.9,2.1902950394817187,2.3863025710136485,0.0,0,0,1,DIRECT_LOCAL,PASS_THROUGH,0,BYPASS_VISIBLE,1,20,2.0,17.0,2.0,2.0,17.0,2.0,1,
147,4.933333,0.033333,2.153813600540161,9.13912582397461,2.080646514892578,-0.4316142500802803,0.19404849410057068,1.4812910213691306,-0.512044486315183,0.09318614528359116,1.5700625158341295,2.0,17.0,2.0,0.9019061899941889,0.43181961088478144,-0.009851299684909188,0.9,1.511889100074768,-0.5023350715637207,0.09844490885734558,0.2604411840438843,local_avoidance,SAFE_PROGRESSING,NONE,1,0,"2.118,9.101;2.282,9.574;2.446,10.046;2.610,10.518;2.774,10.991;2.938,11.463;3.102,11.935",0,1,PASS_THROUGH,-1,0.8993786650625561,0.43708494417723187,-0.008646872491275963,0.9,2.1552870972934604,2.3585192234305796,0.0,0,0,1,DIRECT_LOCAL,PASS_THROUGH,0,BYPASS_VISIBLE,1,20,2.0,17.0,2.0,2.0,17.0,2.0,1,
148,4.966667,0.033333,2.1895911693573,9.17725944519043,2.0834579467773438,-0.425216696762208,0.19078050553798676,1.4829081792297314,-0.5129526070490554,0.09267635498989638,1.5718543036423807,2.0,17.0,2.0,0.902657350996133,0.43023773224357553,-0.010256726892597491,0.9,1.5141925811767578,-0.5022941827774048,0.0985611155629158,0.2565873861312866,local_avoidance,SAFE_PROGRESSING,NONE,1,0,"2.154,9.139;2.316,9.612;2.477,10.085;2.639,10.558;2.801,11.032;2.963,11.505;3.125,11.978",0,1,PASS_THROUGH,-1,0.8993786650625561,0.43708494417723187,-0.008646872491275963,0.9,2.1206908711021546,2.331095094754462,0.0,0,0,1,DIRECT_LOCAL,PASS_THROUGH,0,BYPASS_VISIBLE,1,20,2.0,17.0,2.0,2.0,17.0,2.0,1,
149,5.0,0.033333,2.2251853942871094,9.215643882751465,2.086270332336426,-0.41893768319993213,0.18702322244644165,1.4843325362458335,-0.5141309232050303,0.0923369965693974,1.5735627744990355,2.0,17.0,2.0,0.9033460107733109,0.42877994921357676,-0.010664894389900833,0.9,1.515971302986145,-0.5025475025177002,0.09874396026134491,0.2515385150909424,local_avoidance,SAFE_PROGRESSING,NONE,1,0,"2.190,9.177;2.349,9.651;2.509,10.125;2.668,10.599;2.828,11.073;2.987,11.547;3.147,12.020",0,1,PASS_THROUGH,-1,0.8993786650625561,0.43708494417723187,-0.008646872491275963,0.9,2.086541956440436,2.304060936448151,0.0,0,0,1,DIRECT_LOCAL,PASS_THROUGH,0,BYPASS_VISIBLE,1,20,2.0,17.0,2.0,2.0,17.0,2.0,1,
150,5.033333,0.033333,2.26060152053833,9.254268646240234,2.0890913009643555,-0.41277904711272045,0.18309086561203003,1.485622619782393,-0.5153751267675897,0.09223997412730542,1.5751807205926616,2.0,17.0,2.0,0.9039712537006217,0.4274497255167498,-0.011077212581763442,0.9,1.5170300006866455,-0.5030373930931091,0.09891891479492188,0.24621127545833588,local_avoidance,SAFE_PROGRESSING,NONE,1,0,"2.225,9.216;2.383,9.690;2.540,10.165;2.697,10.639;2.855,11.114;3.012,11.589;3.169,12.063",1,1,PASS_THROUGH,-1,0.9040267195380972,0.4274759529624871,0.0,0.9,2.0686635521207672,2.2774425527145317,0.0,0,0,1,DIRECT_LOCAL,PASS_THROUGH,0,BYPASS_VISIBLE,1,20,2.0,17.0,2.0,2.0,17.0,2.0,1,
151,5.066667,0.033333,2.2958383560180664,9.293127059936523,2.0919246673583984,-0.40674350280033356,0.1790955364704132,1.4868722044000118,-0.5164690399963332,0.09229279637130734,1.5767203879426817,2.0,17.0,2.0,0.9045319596584241,0.4262508713144807,-0.01149472314311897,0.9,1.518532633781433,-0.5035071969032288,0.09901319444179535,0.2411462962627411,local_avoidance,SAFE_PROGRESSING,NONE,1,0,"2.261,9.254;2.374,9.741;2.487,10.228;2.600,10.715;2.713,11.202;2.826,11.689;2.939,12.177",0,1,PASS_THROUGH,-1,0.9039712537006217,0.4274497255167498,-0.011077212581763442,0.9,2.037532145770509,2.251260681481271,0.0,0,0,1,DIRECT_LOCAL,PASS_THROUGH,0,BYPASS_VISIBLE,1,20,2.0,17.0,2.0,2.0,17.0,2.0,1,
152,5.1,0.033333,2.3308918476104736,9.3322172164917,2.094770669937134,-0.400834687706132,0.17513279616832733,1.4881504344321992,-0.5172798314562189,0.09251184137450397,1.5782042264316172,2.0,17.0,2.0,0.9050269286234123,0.4251872761527839,-0.011917997493253733,0.9,1.5205401182174683,-0.5037775039672852,0.09905540943145752,0.2367885857820511,local_avoidance,SAFE_PROGRESSING,NONE,1,0,"2.296,9.293;2.449,9.769;2.602,10.245;2.754,10.721;2.907,11.197;3.060,11.673;3.213,12.149",0,1,PASS_THROUGH,-1,0.9039712537006217,0.4274497255167498,-0.011077212581763442,0.9,2.0070185707286234,2.225530854889208,0.0,0,0,1,DIRECT_LOCAL,PASS_THROUGH,0,BYPASS_VISIBLE,1,20,2.0,17.0,2.0,2.0,17.0,2.0,1,
153,5.133333,0.033333,2.3657565116882324,9.371540069580078,2.0976293087005615,-0.3950534918593865,0.17131170630455017,1.4895099283562563,-0.5177798959158522,0.09304099917536256,1.579681130739378,2.0,17.0,2.0,0.9054562371649248,0.4242600031157718,-0.012347158998764323,0.9,1.5234558582305908,-0.502722442150116,0.09922033548355103,0.23638536036014557,local_avoidance,SAFE_PROGRESSING,NONE,1,0,"2.331,9.332;2.439,9.820;2.548,10.308;2.656,10.796;2.765,11.285;2.873,11.773;2.982,12.261",0,1,PASS_THROUGH,-1,0.9039712537006217,0.4274497255167498,-0.011077212581763442,0.9,1.9771564869324485,2.2002655669938385,0.0,0,0,1,DIRECT_LOCAL,PASS_THROUGH,0,BYPASS_VISIBLE,1,20,2.0,17.0,2.0,2.0,17.0,2.0,1,
154,5.166667,0.033333,2.4004290103912354,9.41109848022461,2.1005003452301025,-0.3893940998892022,0.1678973138332367,1.4910097540881493,-0.5180021532921121,0.09391510676164498,1.5812198976990266,2.0,17.0,2.0,0.9058228156680118,0.42346385824626287,-0.012782307086906562,0.9,1.5268105268478394,-0.5017101168632507,0.09919439256191254,0.2358325570821762,local_avoidance,SAFE_PROGRESSING,NONE,1,0,"2.366,9.372;2.472,9.860;2.578,10.349;2.684,10.837;2.790,11.326;2.896,11.815;3.003,12.303",0,1,PASS_THROUGH,-1,0.9039712537006217,0.4274497255167498,-0.011077212581763442,0.9,1.9479775382539788,2.1754764066602537,0.0,0,0,1,DIRECT_LOCAL,PASS_THROUGH,0,BYPASS_VISIBLE,1,20,2.0,17.0,2.0,2.0,17.0,2.0,1,
155,5.2,0.033333,2.4349050521850586,9.450898170471191,2.103379726409912,-0.3838382064602563,0.1650964617729187,1.4927319464272162,-0.5179692615967032,0.0948873488083365,1.5828911613902248,2.0,17.0,2.0,0.9061346717422791,0.42278256267519015,-0.013223515580629008,0.9,1.5281054973602295,-0.5026136636734009,0.09877167642116547,0.23083989322185516,local_avoidance,SAFE_PROGRESSING,NONE,1,0,"2.400,9.411;2.504,9.900;2.608,10.389;2.712,10.878;2.816,11.368;2.919,11.857;3.023,12.346",0,1,PASS_THROUGH,-1,0.9039712537006217,0.4274497255167498,-0.011077212581763442,0.9,1.9195131921694406,2.1511722236794406,0.0,0,0,1,DIRECT_LOCAL,PASS_THROUGH,0,BYPASS_VISIBLE,1,20,2.0,17.0,2.0,2.0,17.0,2.0,1,
156,5.233333,0.033333,2.4691834449768066,9.490945816040039,2.1062569618225098,-0.37836899245392136,0.16265660524368286,1.4947193867845225,-0.517725205217284,0.09545283656013133,1.584719747259481,2.0,17.0,2.0,0.9063991321944889,0.42220105917272716,-0.013670361754720849,0.9,1.5286892652511597,-0.5044706463813782,0.09809751808643341,0.22390305995941162,local_avoidance,SAFE_PROGRESSING,NONE,1,0,"2.435,9.451;2.536,9.941;2.638,10.430;2.739,10.920;2.841,11.409;2.942,11.899;3.043,12.389",1,1,PASS_THROUGH,-1,0.9064838374536558,0.42224051491453835,0.0,0.9,1.8917931475416419,2.1273624872868395,0.0,0,0,1,DIRECT_LOCAL,PASS_THROUGH,0,BYPASS_VISIBLE,1,20,2.0,17.0,2.0,2.0,17.0,2.0,1,
157,5.266667,0.033333,2.503264904022217,9.531245231628418,2.1091227531433105,-0.372986203231183,0.16015839576721191,1.4968925127816193,-0.5173963187869988,0.09533266763899553,1.5866551178612114,2.0,17.0,2.0,0.9066162896332918,0.42171967567312757,-0.014121562297259365,0.9,1.5289078950881958,-0.5066267848014832,0.09741362184286118,0.2164420634508133,local_avoidance,SAFE_PROGRESSING,NONE,1,0,"2.469,9.491;2.568,9.981;2.667,10.471;2.766,10.961;2.865,11.451;2.964,11.941;3.063,12.432",0,1,PASS_THROUGH,-1,0.9063991321944889,0.42220105917272716,-0.013670361754720849,0.9,1.8340728097992804,2.1040605678875934,0.0,0,0,1,DIRECT_LOCAL,PASS_THROUGH,0,BYPASS_VISIBLE,1,20,2.0,17.0,2.0,2.0,17.0,2.0,1,
158,5.3,0.033333,2.537153959274292,9.571792602539062,2.111971378326416,-0.36770048042258663,0.1573307365179062,1.4990846705868452,-0.5171604076556966,0.09457171369043345,1.588601128623992,2.0,17.0,2.0,0.906781504140211,0.4213488400889651,-0.014575963258056877,0.9,1.5288006067276,-0.5083913207054138,0.09696907550096512,0.21038973331451416,local_avoidance,SAFE_PROGRESSING,NONE,1,0,"2.503,9.531;2.600,10.022;2.697,10.512;2.793,11.003;2.890,11.494;2.986,11.984;3.083,12.475",0,1,PASS_THROUGH,-1,0.9063991321944889,0.42220105917272716,-0.013670361754720849,0.9,1.8056079330305244,2.0812889236666043,0.0,0,0,1,DIRECT_LOCAL,PASS_THROUGH,0,BYPASS_VISIBLE,1,20,2.0,17.0,2.0,2.0,17.0,2.0,1,
159,5.333333,0.033333,2.5708584785461426,9.612576484680176,2.1148037910461426,-0.3625234937255542,0.15412302315235138,1.5011130634902587,-0.5171678332139139,0.09338708560332451,1.5904477812395372,2.0,17.0,2.0,0.9068894816451136,0.421100322287882,-0.01503285237401944,0.9,1.5289268493652344,-0.5095682144165039,0.09677833318710327,0.2059805989265442,local_avoidance,SAFE_PROGRESSING,NONE,1,0,"2.537,9.572;2.631,10.063;2.726,10.554;2.820,11.045;2.914,11.536;3.008,12.027;3.103,12.518",0,1,PASS_THROUGH,-1,0.9063991321944889,0.42220105917272716,-0.013670361754720849,0.9,1.777956647610984,2.0590789041104918,0.0,0,0,1,DIRECT_LOCAL,PASS_THROUGH,0,BYPASS_VISIBLE,1,20,2.0,17.0,2.0,2.0,17.0,2.0,1,
160,5.366667,0.033333,2.6043875217437744,9.653582572937012,2.1176276206970215,-0.3574607059710646,0.15068505704402924,1.5028436634615958,-0.5174760077979812,0.09213508793507506,1.5921084667452814,2.0,17.0,2.0,0.9069373333925621,0.42098059251959136,-0.01549238589250352,0.9,1.528740406036377,-0.5095863342285156,0.09703201055526733,0.20579329133033752,local_avoidance,SAFE_PROGRESSING,NONE,1,0,"2.571,9.613;2.663,10.104;2.754,10.596;2.846,11.087;2.938,11.579;3.030,12.070;3.122,12.562",0,1,PASS_THROUGH,-1,0.9063991321944889,0.42220105917272716,-0.013670361754720849,0.9,1.7511770381389085,2.037465458457609,0.0,0,0,1,DIRECT_LOCAL,PASS_THROUGH,0,BYPASS_VISIBLE,1,20,2.0,17.0,2.0,2.0,17.0,2.0,1,
161,5.4,0.033333,2.6377480030059814,9.694790840148926,2.1204543113708496,-0.3525085224775344,0.1473686844110489,1.5042196170533677,-0.5180302370495798,0.09108782402590121,1.5935272117261123,2.0,17.0,2.0,0.9069258646326851,0.4209879977920899,-0.015955618924498646,0.9,1.531430721282959,-0.5080450177192688,0.09727124124765396,0.20843449234962463,local_avoidance,SAFE_PROGRESSING,NONE,1,0,"2.604,9.654;2.694,10.146;2.783,10.637;2.873,11.129;2.962,11.621;3.051,12.113;3.141,12.605",0,1,PASS_THROUGH,-1,0.9063991321944889,0.42220105917272716,-0.013670361754720849,0.9,1.7253323245231247,2.0164879876671686,0.0,0,0,1,DIRECT_LOCAL,PASS_THROUGH,0,BYPASS_VISIBLE,1,20,2.0,17.0,2.0,2.0,17.0,2.0,1,
162,5.433333,0.033333,2.6709420680999756,9.736188888549805,2.123290538787842,-0.347650464839821,0.14467673003673553,1.5053037662851836,-0.5186671361561901,0.09067214275545919,1.5947339791929838,2.0,17.0,2.0,0.9068613947312393,0.4211088441662957,-0.016424131972131103,0.9,1.5338611602783203,-0.5064995288848877,0.0973026379942894,0.21026760339736938,local_avoidance,SAFE_PROGRESSING,NONE,1,0,"2.638,9.695;2.725,10.187;2.812,10.680;2.898,11.172;2.985,11.664;3.072,12.157;3.159,12.649",1,1,PASS_THROUGH,-1,0.9069837333704492,0.4211656531596588,0.0,0.9,1.7004919425046972,1.9961768985937018,0.0,0,0,1,DIRECT_LOCAL,PASS_THROUGH,0,BYPASS_VISIBLE,1,20,2.0,17.0,2.0,2.0,17.0,2.0,1,
163,5.466667,0.033333,2.7039666175842285,9.777770042419434,2.12613844871521,-0.3428590210853052,0.14283567667007446,1.5062992373400985,-0.5191717438067358,0.09102518740519192,1.5958578497851368,2.0,17.0,2.0,0.906755103840587,0.4213188921710564,-0.01689889815343097,0.9,1.5367212295532227,-0.5033989548683167,0.09735037386417389,0.21576882898807526,local_avoidance,SAFE_PROGRESSING,NONE,1,0,"2.671,9.736;2.755,10.229;2.840,10.722;2.924,11.215;3.009,11.707;3.093,12.200;3.178,12.693",0,1,PASS_THROUGH,-1,0.9068613947312393,0.4211088441662957,-0.016424131972131103,0.9,1.6767174916205605,1.9765548556439816,0.0,0,0,1,DIRECT_LOCAL,PASS_THROUGH,0,BYPASS_VISIBLE,1,20,2.0,17.0,2.0,2.0,17.0,2.0,1,
164,5.5,0.033333,2.736813545227051,9.819539070129395,2.128998279571533,-0.33810491389565184,0.14199209213256836,1.5074275680481917,-0.5193597973652684,0.09186966926724333,1.5970324067351453,2.0,17.0,2.0,0.9066191926150899,0.42159170391419976,-0.017380298406077486,0.9,1.5389715433120728,-0.5004487633705139,0.09718158096075058,0.22095291316509247,local_avoidance,SAFE_PROGRESSING,NONE,1,0,"2.704,9.778;2.743,10.276;2.781,10.775;2.820,11.273;2.859,11.772;2.897,12.270;2.936,12.769",0,1,PASS_THROUGH,-1,0.9068613947312393,0.4211088441662957,-0.016424131972131103,0.9,1.6540636953966064,1.957631779868772,0.0,0,0,1,DIRECT_LOCAL,PASS_THROUGH,0,BYPASS_VISIBLE,1,20,2.0,17.0,2.0,2.0,17.0,2.0,1,
165,5.533333,0.033333,2.7694709300994873,9.861509323120117,2.1318650245666504,-0.33335392531026803,0.14219331741333008,1.5088410885443062,-0.5190997356842495,0.09260859028151282,1.5983248471637277,2.0,17.0,2.0,0.9064681919740277,0.42189588072399276,-0.017868485315320107,0.9,1.5396697521209717,-0.49837633967399597,0.09679359197616577,0.22490477561950684,local_avoidance,SAFE_PROGRESSING,NONE,1,0,"2.737,9.820;2.773,10.318;2.809,10.817;2.845,11.316;2.881,11.814;2.917,12.313;2.953,12.812",0,1,PASS_THROUGH,-1,0.9068613947312393,0.4211088441662957,-0.016424131972131103,0.9,1.6325728243600761,1.9394080025647185,0.0,0,0,1,DIRECT_LOCAL,PASS_THROUGH,0,BYPASS_VISIBLE,1,20,2.0,17.0,2.0,2.0,17.0,2.0,1,
166,5.566667,0.033333,2.801924705505371,9.903693199157715,2.134730100631714,-0.3285768034367477,0.14322467148303986,1.510544839000062,-0.5183656917560013,0.09259187633206327,1.5996943322341595,2.0,17.0,2.0,0.9063147483726877,0.42220419283985994,-0.018362909099435644,0.9,1.540379524230957,-0.4973633885383606,0.09598291665315628,0.22538572549819946,local_avoidance,SAFE_PROGRESSING,NONE,1,0,"2.769,9.862;2.803,10.360;2.837,10.859;2.870,11.358;2.904,11.857;2.937,12.356;2.971,12.855",0,1,PASS_THROUGH,-1,0.9068613947312393,0.4211088441662957,-0.016424131972131103,0.9,1.6122775707242447,1.92188324138211,0.0,0,0,1,DIRECT_LOCAL,PASS_THROUGH,0,BYPASS_VISIBLE,1,20,2.0,17.0,2.0,2.0,17.0,2.0,1,
167,5.6,0.033333,2.8341610431671143,9.9461030960083,2.137582540512085,-0.3237579422539433,0.1446903645992279,1.5123965741712122,-0.517266098572317,0.09171144670045059,1.6010367277963784,2.0,17.0,2.0,0.906165909738079,0.42250153814272806,-0.018862510320436423,0.9,1.5401997566223145,-0.49626216292381287,0.09526699036359787,0.2268344610929489,local_avoidance,SAFE_PROGRESSING,NONE,1,0,"2.802,9.904;2.833,10.403;2.864,10.902;2.895,11.401;2.926,11.900;2.957,12.399;2.988,12.898",0,1,PASS_THROUGH,-1,0.9068613947312393,0.4211088441662957,-0.016424131972131103,0.9,1.5932098750147765,1.9050569634171741,0.0,0,0,1,DIRECT_LOCAL,PASS_THROUGH,0,BYPASS_VISIBLE,1,20,2.0,17.0,2.0,2.0,17.0,2.0,1,
168,5.633333,0.033333,2.8661694526672363,9.988738059997559,2.140418529510498,-0.3188945783216444,0.14626696705818176,1.5141869321160957,-0.5160031212165044,0.09024002083046866,1.6022373569030937,2.0,17.0,2.0,0.9060232997636899,0.42278451147191737,-0.019365875781054993,0.9,1.5413445234298706,-0.4935157597064972,0.09490610659122467,0.23273228108882904,local_avoidance,SAFE_PROGRESSING,NONE,1,0,"2.834,9.946;2.863,10.445;2.891,10.944;2.919,11.444;2.948,11.943;2.976,12.442;3.005,12.941",1,1,PASS_THROUGH,-1,0.906193243762386,0.4228638137266001,0.0,0.9,1.575400865333486,1.8889410308878207,0.0,0,0,1,DIRECT_LOCAL,PASS_THROUGH,0,BYPASS_VISIBLE,1,20,2.0,17.0,2.0,2.0,17.0,2.0,1,
169,5.666667,0.033333,2.897942543029785,10.031594276428223,2.143242597579956,-0.3139832264892226,0.14805251359939575,1.5157343423857916,-0.514749150245685,0.0886803517480081,1.603209745838795,2.0,17.0,2.0,0.9058887272085323,0.42304928327268077,-0.019872539821991275,0.9,1.5417885780334473,-0.49055564403533936,0.09487465769052505,0.2394317090511322,local_avoidance,SAFE_PROGRESSING,NONE,1,0,"2.866,9.989;2.892,10.488;2.918,10.987;2.944,11.487;2.969,11.986;2.995,12.485;3.021,12.985",0,1,PASS_THROUGH,-1,0.9060232997636899,0.42278451147191737,-0.019365875781054993,0.9,1.5588932443561694,1.8735506776309783,0.0,0,0,1,DIRECT_LOCAL,PASS_THROUGH,0,BYPASS_VISIBLE,1,20,2.0,17.0,2.0,2.0,17.0,2.0,1,
170,5.7,0.033333,2.929474353790283,10.074664115905762,2.146064281463623,-0.30900797896301696,0.15023936331272125,1.51696763896002,-0.5135440079126216,0.08725302333459924,1.6039112680556626,2.0,17.0,2.0,0.9057690841302171,0.4232811018581967,-0.020383204939820224,0.9,1.5401711463928223,-0.48802584409713745,0.09522373974323273,0.24626272916793823,local_avoidance,SAFE_PROGRESSING,NONE,1,0,"2.898,10.032;2.921,10.531;2.944,11.031;2.967,11.530;2.991,12.029;3.014,12.529;3.037,13.028",0,1,PASS_THROUGH,-1,0.9060232997636899,0.42278451147191737,-0.019365875781054993,0.9,1.5437317034116518,1.8589042408119814,0.0,0,0,1,DIRECT_LOCAL,PASS_THROUGH,0,BYPASS_VISIBLE,1,20,2.0,17.0,2.0,2.0,17.0,2.0,1,
171,5.733333,0.033333,2.960754871368408,10.117937088012695,2.1488964557647705,-0.3039508830727217,0.15283827483654022,1.5178493314029595,-0.5123343936595836,0.08577227983815593,1.6042786565168718,2.0,17.0,2.0,0.9056720766298832,0.42346346851532,-0.02089929295190193,0.9,1.5383613109588623,-0.48603248596191406,0.09569728374481201,0.25195297598838806,local_avoidance,SAFE_PROGRESSING,NONE,1,0,"2.929,10.075;2.950,10.574;2.971,11.074;2.991,11.573;3.012,12.073;3.032,12.573;3.053,13.072",0,1,PASS_THROUGH,-1,0.9060232997636899,0.42278451147191737,-0.019365875781054993,0.9,1.529962238152457,1.845018726549625,0.0,0,0,1,DIRECT_LOCAL,PASS_THROUGH,0,BYPASS_VISIBLE,1,20,2.0,17.0,2.0,2.0,17.0,2.0,1,
172,5.766667,0.033333,2.991774320602417,10.161404609680176,2.1517491340637207,-0.29879900589882175,0.15578176081180573,1.5183080544185283,-0.5110617085924993,0.0842885208866665,1.6042281548629307,2.0,17.0,2.0,0.9056035574555751,0.4235838328145784,-0.021422728629158894,0.9,1.5384107828140259,-0.48358267545700073,0.0962086096405983,0.25821712613105774,local_avoidance,SAFE_PROGRESSING,NONE,1,0,"2.961,10.118;2.935,10.617;2.909,11.117;2.884,11.616;2.858,12.115;2.832,12.615;2.807,13.114",0,1,PASS_THROUGH,-1,0.9060232997636899,0.42278451147191737,-0.019365875781054993,0.9,1.5176270446628648,1.8319084063826483,0.0,0,0,1,DIRECT_LOCAL,PASS_THROUGH,0,BYPASS_VISIBLE,1,20,2.0,17.0,2.0,2.0,17.0,2.0,1,
173,5.8,0.033333,3.022519111633301,10.205053329467773,2.1546316146850586,-0.29354272321631925,0.1590764969587326,1.5183149253318062,-0.5097014335074251,0.08331536060573236,1.6037509822655498,2.0,17.0,2.0,0.9055679646164818,0.4236326667857041,-0.021955069856299025,0.9,1.5384321212768555,-0.4807119369506836,0.09689295291900635,0.2642705738544464,local_avoidance,SAFE_PROGRESSING,NONE,1,0,"2.992,10.161;2.963,10.661;2.935,11.160;2.907,11.659;2.878,12.158;2.850,12.657;2.822,13.157",0,1,PASS_THROUGH,-1,0.9060232997636899,0.42278451147191737,-0.019365875781054993,0.9,1.5067626418557754,1.8195871171896334,0.0,0,0,1,DIRECT_LOCAL,PASS_THROUGH,0,BYPASS_VISIBLE,1,20,2.0,17.0,2.0,2.0,17.0,2.0,1,
174,5.833333,0.033333,3.0529754161834717,10.248873710632324,2.1575510501861572,-0.28817121313663513,0.16268303990364075,1.5179491572363046,-0.5082350227088656,0.08309630635110432,1.602927783273933,2.0,17.0,2.0,0.9055705212995685,0.4235987256524595,-0.022497790532401925,0.9,1.53828763961792,-0.4782463312149048,0.09752091765403748,0.2674153447151184,local_avoidance,SAFE_PROGRESSING,NONE,1,0,"3.023,10.205;2.991,10.704;2.960,11.203;2.929,11.702;2.898,12.201;2.867,12.700;2.836,13.199",1,1,PASS_THROUGH,-1,0.9057997858567998,0.4237059687351308,0.0,0.9,1.4974013453563704,1.8080637466274698,0.0,0,0,1,DIRECT_LOCAL,PASS_THROUGH,0,BYPASS_VISIBLE,1,20,2.0,17.0,2.0,2.0,17.0,2.0,1,
175,5.866667,0.033333,3.0831308364868164,10.292859077453613,2.1605143547058105,-0.2826774520397949,0.16636477410793304,1.5173419736476303,-0.5066401562717449,0.08357518135142236,1.6018725679272579,2.0,17.0,2.0,0.905614829096429,0.42347418133678183,-0.02305209452063285,0.9,1.5383487939834595,-0.47649163007736206,0.09809455275535583,0.26709452271461487,local_avoidance,SAFE_PROGRESSING,NONE,1,0,"3.053,10.249;3.019,10.748;2.986,11.247;2.952,11.745;2.918,12.244;2.884,12.743;2.851,13.242",0,1,PASS_THROUGH,-1,0.9055705212995685,0.4235987256524595,-0.022497790532401925,0.9,1.4894424428641198,1.7973442685950092,0.0,0,0,1,DIRECT_LOCAL,PASS_THROUGH,0,BYPASS_VISIBLE,1,20,2.0,17.0,2.0,2.0,17.0,2.0,1,
176,5.9,0.033333,3.112974166870117,10.337010383605957,2.1635217666625977,-0.27706542782438864,0.1697416603565216,1.5166251883560251,-0.5049085058445091,0.08459697500907604,1.600700224717536,2.0,17.0,2.0,0.9056997035500887,0.4232613625747642,-0.023619185858859786,0.9,1.5368049144744873,-0.4770967364311218,0.09873975813388824,0.2583196461200714,local_avoidance,SAFE_PROGRESSING,NONE,1,0,"3.083,10.293;3.047,10.792;3.010,11.290;2.974,11.789;2.938,12.288;2.901,12.786;2.865,13.285",0,1,PASS_THROUGH,-1,0.9055705212995685,0.4235987256524595,-0.022497790532401925,0.9,1.4781428399928662,1.7874285247099606,0.0,0,0,1,DIRECT_LOCAL,PASS_THROUGH,0,BYPASS_VISIBLE,1,20,2.0,17.0,2.0,2.0,17.0,2.0,1,
177,5.933333,0.033333,3.1424970626831055,10.381326675415039,2.166579008102417,-0.27135720948235414,0.1720973700284958,1.5158701568601243,-0.5031004684437261,0.08612475251757283,1.5994967604855121,2.0,17.0,2.0,0.9058161717569813,0.42297926094262084,-0.024199334618153576,0.9,1.5371334552764893,-0.47319474816322327,0.10037213563919067,0.2627090811729431,local_avoidance,SAFE_PROGRESSING,NONE,1,0,"3.113,10.337;3.074,10.835;3.035,11.334;2.996,11.832;2.957,12.331;2.918,12.829;2.878,13.328",0,1,PASS_THROUGH,-1,0.9055705212995685,0.4235987256524595,-0.022497790532401925,0.9,1.4683535140950805,1.7783185962318382,0.0,0,0,1,DIRECT_LOCAL,PASS_THROUGH,0,BYPASS_VISIBLE,1,20,2.0,17.0,2.0,2.0,17.0,2.0,1,
178,5.966667,0.033333,3.1716954708099365,10.42580509185791,2.1697020530700684,-0.26559000308535335,0.1735910326242447,1.5150725008491859,-0.5013139414917664,0.08819929586803671,1.5982926723710629,2.0,17.0,2.0,0.9059486961721606,0.42266089954517105,-0.024793626189594166,0.9,1.5376224517822266,-0.4665663540363312,0.10278560221195221,0.278530478477478,local_avoidance,SAFE_PROGRESSING,NONE,1,0,"3.142,10.381;3.101,10.880;3.059,11.378;3.017,11.876;2.975,12.374;2.934,12.873;2.892,13.371",0,1,PASS_THROUGH,-1,0.9055705212995685,0.4235987256524595,-0.022497790532401925,0.9,1.458462578921402,1.7700199260995522,0.0,0,0,1,DIRECT_LOCAL,PASS_THROUGH,0,BYPASS_VISIBLE,1,20,2.0,17.0,2.0,2.0,17.0,2.0,1,
179,6.0,0.033333,3.20056414604187,10.470440864562988,2.1729061603546143,-0.2597701224952251,0.17539836466312408,1.5142405798293799,-0.4994713941008336,0.09033204199895122,1.5970460497239105,2.0,17.0,2.0,0.9060945439834055,0.4223118264785114,-0.025404696020377905,0.9,1.5390470027923584,-0.4621361494064331,0.10445503890514374,0.2888641059398651,local_avoidance,SAFE_PROGRESSING,NONE,1,0,"3.172,10.426;3.084,10.918;2.996,11.410;2.909,11.903;2.821,12.395;2.733,12.887;2.645,13.379",0,1,PASS_THROUGH,-1,0.9055705212995685,0.4235987256524595,-0.022497790532401925,0.9,1.4466640401066597,1.762537278607537,0.0,0,0,0,DIRECT_LOCAL,PASS_THROUGH,0,BYPASS_VISIBLE,1,20,2.0,17.0,2.0,2.0,17.0,2.0,1,
180,6.033333,0.033333,3.2290897369384766,10.515240669250488,2.1761868000030518,-0.25386860646605075,0.17820417881011963,1.5134277174793438,-0.4973596138735071,0.09224230561639689,1.5957251281134135,2.0,17.0,2.0,0.9062659642878229,0.4219054090155734,-0.026035126595893736,0.9,1.5394189357757568,-0.45978105068206787,0.10529626905918121,0.293637216091156,local_avoidance,SAFE_PROGRESSING,NONE,1,0,"3.201,10.470;3.110,10.962;3.020,11.454;2.929,11.946;2.839,12.437;2.748,12.929;2.658,13.421",1,1,PASS_THROUGH,-1,0.9065732666602582,0.42204847135956824,0.0,0.9,1.4363917031112339,1.7558606783978976,0.0,0,0,0,DIRECT_LOCAL,PASS_THROUGH,0,BYPASS_VISIBLE,1,20,2.0,17.0,2.0,2.0,17.0,2.0,1,
181,6.066667,0.033333,3.2572553157806396,10.560209274291992,2.1795284748077393,-0.24785532549979444,0.1817479282617569,1.512711505703896,-0.49486186015466627,0.09390907429999702,1.5943661042434911,2.0,17.0,2.0,0.9064760848467901,0.4214131450616826,-0.02668461673055125,0.9,1.5400350093841553,-0.45754945278167725,0.10570839047431946,0.2981952726840973,local_avoidance,SAFE_PROGRESSING,NONE,1,0,"3.229,10.515;3.136,11.006;3.043,11.498;2.950,11.989;2.857,12.480;2.764,12.972;2.670,13.463",0,1,PASS_THROUGH,-1,0.9062659642878229,0.4219054090155734,-0.026035126595893736,0.9,1.4245503099404506,1.7499775832612179,0.0,0,0,0,DIRECT_LOCAL,PASS_THROUGH,0,BYPASS_VISIBLE,1,20,2.0,17.0,2.0,2.0,17.0,2.0,1,
182,6.1,0.033333,3.2850453853607178,10.605356216430664,2.1829137802124023,-0.2417171205997216,0.18561296164989471,1.5121311063909755,-0.49205261295069536,0.09548004293177834,1.5930388242051907,2.0,17.0,2.0,0.9067310980367044,0.4208213734071373,-0.02735118894825832,0.9,1.5410361289978027,-0.4550751745700836,0.10599672794342041,0.30350738763809204,local_avoidance,SAFE_PROGRESSING,NONE,1,0,"3.257,10.560;3.161,11.051;3.066,11.542;2.970,12.032;2.874,12.523;2.778,13.014;2.682,13.505",0,1,PASS_THROUGH,-1,0.9062659642878229,0.4219054090155734,-0.026035126595893736,0.9,1.4121787959978518,1.7448725739191735,0.0,0,0,0,DIRECT_LOCAL,PASS_THROUGH,0,BYPASS_VISIBLE,1,20,2.0,17.0,2.0,2.0,17.0,2.0,1,
183,6.133333,0.033333,3.312448263168335,10.650687217712402,2.1863315105438232,-0.2354501585637242,0.18961110711097717,1.511697707203845,-0.48911366346828566,0.09707181420788878,1.5918181651402086,2.0,17.0,2.0,0.9070330789869723,0.42012518334394294,-0.028032551500555277,0.9,1.5420728921890259,-0.4526650905609131,0.10626960545778275,0.3086772561073303,local_avoidance,SAFE_PROGRESSING,NONE,1,0,"3.285,10.605;3.187,11.096;3.088,11.586;2.990,12.076;2.891,12.566;2.793,13.056;2.694,13.547",0,1,PASS_THROUGH,-1,0.9062659642878229,0.4219054090155734,-0.026035126595893736,0.9,1.40131039659053,1.7405348413856778,0.0,0,0,0,DIRECT_LOCAL,PASS_THROUGH,0,BYPASS_VISIBLE,1,20,2.0,17.0,2.0,2.0,17.0,2.0,1,
184,6.166667,0.033333,3.339458465576172,10.696207046508789,2.1897737979888916,-0.22905297849431136,0.19363783299922943,1.511415725757328,-0.48622442759857243,0.09866441087979287,1.590762822055622,2.0,17.0,2.0,0.9073828434967051,0.41932221204833275,-0.02872730079083436,0.9,1.5430173873901367,-0.4504689872264862,0.10655640065670013,0.31327372789382935,local_avoidance,SAFE_PROGRESSING,NONE,1,0,"3.312,10.651;3.211,11.140;3.110,11.630;3.009,12.120;2.908,12.609;2.806,13.099;2.705,13.589",0,1,PASS_THROUGH,-1,0.9062659642878229,0.4219054090155734,-0.026035126595893736,0.9,1.3874194377040872,1.7369585373447287,0.0,0,0,0,DIRECT_LOCAL,PASS_THROUGH,0,BYPASS_VISIBLE,1,20,2.0,17.0,2.0,2.0,17.0,2.0,1,
185,6.2,0.033333,3.366074800491333,10.741920471191406,2.193235158920288,-0.22252575363651353,0.1975882202386856,1.5112821500330533,-0.4835046543042697,0.1001606799959435,1.58990020113203,2.0,17.0,2.0,0.9077800842962034,0.41841238990425994,-0.029434512562355474,0.9,1.5439571142196655,-0.44844579696655273,0.10687083750963211,0.31738340854644775,local_avoidance,SAFE_PROGRESSING,NONE,1,0,"3.339,10.696;3.236,11.185;3.132,11.674;3.028,12.163;2.924,12.653;2.820,13.142;2.716,13.631",0,1,PASS_THROUGH,-1,0.9062659642878229,0.4219054090155734,-0.026035126595893736,0.9,1.3743176682375298,1.7341410030103765,0.0,0,0,0,DIRECT_LOCAL,PASS_THROUGH,0,BYPASS_VISIBLE,1,20,2.0,17.0,2.0,2.0,17.0,2.0,1,
186,6.233333,0.033333,3.3922979831695557,10.787829399108887,2.196712017059326,-0.2158712785624604,0.20137296617031097,1.511284324018789,-0.48100451415756734,0.10148598889316433,1.5892278177173054,2.0,17.0,2.0,0.9082230716662276,0.41739862453895626,-0.030153612157575307,0.9,1.545011043548584,-0.44653981924057007,0.10721522569656372,0.3210986256599426,local_avoidance,SAFE_PROGRESSING,NONE,1,0,"3.366,10.742;3.259,11.230;3.153,11.719;3.046,12.207;2.940,12.696;2.833,13.184;2.726,13.673",1,1,PASS_THROUGH,-1,0.9086362499673154,0.417588511869441,0.0,0.9,1.3627239011754146,1.7320825069894505,0.0,0,0,0,DIRECT_LOCAL,PASS_THROUGH,0,BYPASS_VISIBLE,1,20,2.0,17.0,2.0,2.0,17.0,2.0,1,
187,6.266667,0.033333,3.4181294441223145,10.83393669128418,2.2002010345458984,-0.2090945076682645,0.20493640005588531,1.511407751983254,-0.47871734429988105,0.10263773689646509,1.5887284832606963,2.0,17.0,2.0,0.908709050947075,0.41628598444061604,-0.03088429835973783,0.9,1.5462380647659302,-0.44474539160728455,0.10757916420698166,0.3243539333343506,local_avoidance,SAFE_PROGRESSING,NONE,1,0,"3.392,10.788;3.283,11.276;3.174,11.764;3.064,12.252;2.955,12.739;2.846,13.227;2.736,13.715",0,1,PASS_THROUGH,-1,0.9082230716662276,0.41739862453895626,-0.030153612157575307,0.9,1.3526726251241532,1.7307831501807986,0.0,0,0,0,DIRECT_LOCAL,PASS_THROUGH,0,BYPASS_VISIBLE,1,20,2.0,17.0,2.0,2.0,17.0,2.0,1,
188,6.3,0.033333,3.4435691833496094,10.880245208740234,2.203700304031372,-0.202202291005278,0.20824655890464783,1.511646420316335,-0.47660369963210747,0.1036731444709372,1.5883872662051575,2.0,17.0,2.0,0.9092343988850892,0.41508141928407716,-0.03162630628427324,0.9,1.5476360321044922,-0.44309669733047485,0.10794501006603241,0.3269748389720917,local_avoidance,SAFE_PROGRESSING,NONE,1,0,"3.418,10.834;3.306,11.321;3.194,11.808;3.082,12.296;2.970,12.783;2.858,13.270;2.746,13.758",0,1,PASS_THROUGH,-1,0.9082230716662276,0.41739862453895626,-0.030153612157575307,0.9,1.344194864308467,1.7302415753920002,0.0,0,0,0,DIRECT_LOCAL,PASS_THROUGH,0,BYPASS_VISIBLE,1,20,2.0,17.0,2.0,2.0,17.0,2.0,1,
189,6.333333,0.033333,3.468616247177124,10.926756858825684,2.207207441329956,-0.1952031801828373,0.2112743854522705,1.5120084101459816,-0.47461626803733586,0.10466597918664908,1.5882018138249834,2.0,17.0,2.0,0.9097948652519234,0.4137932635170599,-0.032379595876652525,0.9,1.549159288406372,-0.4416334927082062,0.1082979142665863,0.32879891991615295,local_avoidance,SAFE_PROGRESSING,NONE,1,0,"3.444,10.880;3.329,11.367;3.214,11.854;3.099,12.340;2.984,12.827;2.870,13.313;2.755,13.800",0,1,PASS_THROUGH,-1,0.9082230716662276,0.41739862453895626,-0.030153612157575307,0.9,1.3373167154564765,1.7304557533158365,0.0,0,0,0,DIRECT_LOCAL,PASS_THROUGH,0,BYPASS_VISIBLE,1,20,2.0,17.0,2.0,2.0,17.0,2.0,1,
190,6.366667,0.033333,3.493269681930542,10.973472595214844,2.210719347000122,-0.1881074134196324,0.21397928893566132,1.5125133726057005,-0.472718399624256,0.10566469028754225,1.588182739620334,2.0,17.0,2.0,0.9103855905084891,0.41243126531183805,-0.03314404905538918,0.9,1.5507502555847168,-0.4403725862503052,0.10863117128610611,0.3297596573829651,local_avoidance,SAFE_PROGRESSING,NONE,1,0,"3.469,10.927;3.351,11.413;3.234,11.899;3.116,12.385;2.999,12.871;2.881,13.357;2.763,13.843",0,1,PASS_THROUGH,-1,0.9082230716662276,0.41739862453895626,-0.030153612157575307,0.9,1.3320596644686475,1.7314237011029419,0.0,0,0,0,DIRECT_LOCAL,PASS_THROUGH,0,BYPASS_VISIBLE,1,20,2.0,17.0,2.0,2.0,17.0,2.0,1,
191,6.4,0.033333,3.5175273418426514,11.020398139953613,2.214235305786133,-0.1809273654279338,0.21630926430225372,1.5131850204076358,-0.4708934508457862,0.10667186945189976,1.5883477061927822,2.0,17.0,2.0,0.9110008827247994,0.41100713389921634,-0.033919427450768785,0.9,1.5523581504821777,-0.43929949402809143,0.10894722491502762,0.3299138844013214,local_avoidance,SAFE_PROGRESSING,NONE,1,0,"3.493,10.973;3.373,11.459;3.253,11.944;3.133,12.429;3.012,12.915;2.892,13.400;2.772,13.885",0,1,PASS_THROUGH,-1,0.9082230716662276,0.41739862453895626,-0.030153612157575307,0.9,1.3284407758898786,1.7331399117193005,0.0,0,0,0,DIRECT_LOCAL,PASS_THROUGH,0,BYPASS_VISIBLE,1,20,2.0,17.0,2.0,2.0,17.0,2.0,1,
192,6.433333,0.033333,3.541388988494873,11.067535400390625,2.2177512645721436,-0.1736772218038153,0.21821239590644836,1.5140405869555837,-0.4691431448787588,0.10764839005402027,1.5887109130413761,2.0,17.0,2.0,0.9116343427854379,0.40953427865565284,-0.03470590238211439,0.9,1.5539493560791016,-0.4383745789527893,0.10925348103046417,0.329409122467041,local_avoidance,SAFE_PROGRESSING,NONE,1,0,"3.518,11.020;3.395,11.505;3.272,11.990;3.149,12.474;3.026,12.959;2.903,13.444;2.780,13.928",1,1,PASS_THROUGH,-1,0.9121838708931476,0.40978114363937457,0.0,0.9,1.326468467821244,1.7356020700392794,0.0,0,0,0,DIRECT_LOCAL,PASS_THROUGH,0,BYPASS_VISIBLE,1,20,2.0,17.0,2.0,2.0,17.0,2.0,1,
193,6.466667,0.033333,3.5648539066314697,11.114889144897461,2.221264600753784,-0.1663725784559492,0.21965181827545166,1.5150840578819058,-0.4674803449965314,0.10853423553165345,1.5892757015975607,2.0,17.0,2.0,0.9122790131481807,0.40802761303157914,-0.035503086811337924,0.9,1.5555105209350586,-0.4375492334365845,0.1095568835735321,0.3284282386302948,local_avoidance,SAFE_PROGRESSING,NONE,1,0,"3.541,11.068;3.416,11.551;3.290,12.035;3.164,12.519;3.038,13.003;2.913,13.487;2.787,13.971",0,1,PASS_THROUGH,-1,0.9116343427854379,0.40953427865565284,-0.03470590238211439,0.9,1.3261495887361077,1.7388060336158455,0.0,0,0,0,DIRECT_LOCAL,PASS_THROUGH,0,BYPASS_VISIBLE,1,20,2.0,17.0,2.0,2.0,17.0,2.0,1,
194,6.5,0.033333,3.587924003601074,11.16246223449707,2.224773645401001,-0.15902925698587234,0.22061723470687866,1.5163044023446637,-0.46591754801151886,0.10927433088276815,1.5900311574006185,2.0,17.0,2.0,0.9129278978424392,0.4065023694610314,-0.036310838100379925,0.9,1.5570452213287354,-0.43677467107772827,0.10986074060201645,0.3271516263484955,local_avoidance,SAFE_PROGRESSING,NONE,1,0,"3.565,11.115;3.436,11.598;3.308,12.081;3.179,12.565;3.051,13.048;2.922,13.531;2.794,14.014",0,1,PASS_THROUGH,-1,0.9116343427854379,0.40953427865565284,-0.03470590238211439,0.9,1.3274839515814552,1.7427507238665818,0.0,0,0,0,DIRECT_LOCAL,PASS_THROUGH,0,BYPASS_VISIBLE,1,20,2.0,17.0,2.0,2.0,17.0,2.0,1,
195,6.533333,0.033333,3.610600471496582,11.21025562286377,2.2282769680023193,-0.15166269067346852,0.22112874686717987,1.5176792807387935,-0.4644595809972846,0.10983704830244073,1.5909548324021607,2.0,17.0,2.0,0.913574097257621,0.40497381964209683,-0.03712915598843596,0.9,1.5585625171661377,-0.43602046370506287,0.11016211658716202,0.3257004916667938,local_avoidance,SAFE_PROGRESSING,NONE,1,0,"3.588,11.162;3.457,11.645;3.325,12.127;3.194,12.610;3.063,13.092;2.932,13.575;2.800,14.057",0,1,PASS_THROUGH,-1,0.9116343427854379,0.40953427865565284,-0.03470590238211439,0.9,1.3304694327504496,1.7474349034210093,0.0,0,0,0,DIRECT_LOCAL,PASS_THROUGH,0,BYPASS_VISIBLE,1,20,2.0,17.0,2.0,2.0,17.0,2.0,1,
196,6.566667,0.033333,3.632885217666626,11.258269309997559,2.2317728996276855,-0.14428677973974854,0.22123222053050995,1.5191817008690334,-0.46309965414404836,0.11022071715805454,1.5920185100728261,2.0,17.0,2.0,0.9142114905552619,0.40345574144004775,-0.0379580720768035,0.9,1.560072898864746,-0.43527621030807495,0.11045285314321518,0.3241272270679474,local_avoidance,SAFE_PROGRESSING,NONE,1,0,"3.611,11.210;3.477,11.692;3.343,12.174;3.209,12.655;3.075,13.137;2.941,13.619;2.807,14.101",0,1,PASS_THROUGH,-1,0.9116343427854379,0.40953427865565284,-0.03470590238211439,0.9,1.3350987476439102,1.7528580092656747,0.0,0,0,0,DIRECT_LOCAL,PASS_THROUGH,0,BYPASS_VISIBLE,1,20,2.0,17.0,2.0,2.0,17.0,2.0,1,
197,6.6,0.033333,3.654780149459839,11.306504249572754,2.235260486602783,-0.13691348565576056,0.2209884226322174,1.520785518718946,-0.46182086563753555,0.11044856475029703,1.5931936452731843,2.0,17.0,2.0,0.9148347829360143,0.40196028188061006,-0.03879757364676233,0.9,1.561582088470459,-0.43454331159591675,0.11072330176830292,0.32244470715522766,local_avoidance,SAFE_PROGRESSING,NONE,1,0,"3.633,11.258;3.496,11.739;3.359,12.220;3.223,12.701;3.086,13.182;2.949,13.663;2.812,14.144",0,1,PASS_THROUGH,-1,0.9116343427854379,0.40953427865565284,-0.03470590238211439,0.9,1.3413602853809772,1.759018838046611,0.0,0,0,0,DIRECT_LOCAL,PASS_THROUGH,0,BYPASS_VISIBLE,1,20,2.0,17.0,2.0,2.0,17.0,2.0,1,
198,6.633333,0.033333,3.676286458969116,11.354959487915039,2.238739013671875,-0.12955289907078338,0.22046105563640594,1.5224701027933238,-0.4606011170105402,0.11055716102333343,1.5944564869398006,2.0,17.0,2.0,0.9154394674265105,0.40049798425416494,-0.03964777529972689,0.9,1.5630911588668823,-0.43382585048675537,0.1109655573964119,0.3206561505794525,local_avoidance,SAFE_PROGRESSING,NONE,1,0,"3.655,11.307;3.515,11.787;3.376,12.267;3.236,12.747;3.097,13.227;2.957,13.707;2.817,14.187",1,1,PASS_THROUGH,-1,0.9161598275573107,0.40081313647404204,0.0,0.9,1.3492370321726341,1.7659157435371586,0.0,0,0,0,DIRECT_LOCAL,PASS_THROUGH,0,BYPASS_VISIBLE,1,20,2.0,17.0,2.0,2.0,17.0,2.0,1,
199,6.666667,0.033333,3.6974053382873535,11.403632164001465,2.2422080039978027,-0.12221338748278233,0.21970844268798828,1.524221541082872,-0.4594197151695662,0.11058301552355834,1.5957902068598535,2.0,17.0,2.0,0.9160218510738701,0.39907769093708617,-0.04050882560040282,0.9,1.5645954608917236,-0.4331294298171997,0.11117476224899292,0.31876060366630554,local_avoidance,SAFE_PROGRESSING,NONE,1,0,"3.676,11.355;3.534,11.834;3.392,12.314;3.249,12.793;3.107,13.272;2.965,13.752;2.822,14.231",0,1,PASS_THROUGH,-1,0.9154394674265105,0.40049798425416494,-0.03964777529972689,0.9,1.3587069864456407,1.7735471101717795,0.0,0,0,0,DIRECT_LOCAL,PASS_THROUGH,0,BYPASS_VISIBLE,1,20,2.0,17.0,2.0,2.0,17.0,2.0,1,
200,6.7,0.033333,3.718137502670288,11.452521324157715,2.245666980743408,-0.11490174642621824,0.21877890825271606,1.5260308059638503,-0.4582615679939987,0.11055287303458525,1.5971836535562207,2.0,17.0,2.0,0.9165789362244885,0.39770676924915727,-0.041380905777696736,0.9,1.566088080406189,-0.4324529767036438,0.11135033518075943,0.31678083539009094,local_avoidance,SAFE_PROGRESSING,NONE,1,0,"3.697,11.404;3.552,11.882;3.407,12.361;3.262,12.839;3.117,13.318;2.972,13.796;2.827,14.274",0,1,PASS_THROUGH,-1,0.9154394674265105,0.40049798425416494,-0.03964777529972689,0.9,1.369743865202491,1.781909818147711,0.0,0,0,0,DIRECT_LOCAL,PASS_THROUGH,0,BYPASS_VISIBLE,1,20,2.0,17.0,2.0,2.0,17.0,2.0,1,
201,6.733333,0.033333,3.738483190536499,11.50162410736084,2.249114751815796,-0.10762346014339226,0.21771074831485748,1.5278920953234043,-0.45711914951364224,0.11048036570075867,1.5986300644643185,2.0,17.0,2.0,0.9171082608581004,0.3963914402500275,-0.04226421609754144,0.9,1.5675632953643799,-0.43178772926330566,0.111495241522789,0.31476593017578125,local_avoidance,SAFE_PROGRESSING,NONE,1,0,"3.718,11.453;3.570,11.930;3.422,12.408;3.274,12.885;3.126,13.363;2.979,13.841;2.831,14.318",0,1,PASS_THROUGH,-1,0.9154394674265105,0.40049798425416494,-0.03964777529972689,0.9,1.3823161916237963,1.7910002431588423,0.0,0,0,0,DIRECT_LOCAL,PASS_THROUGH,0,BYPASS_VISIBLE,1,20,2.0,17.0,2.0,2.0,17.0,2.0,1,
202,6.766667,0.033333,3.7584431171417236,11.550939559936523,2.2525522708892822,-0.1003829014754911,0.2165352702140808,1.529798375270166,-0.4559918711939455,0.1103676013959068,1.6001227024863065,2.0,17.0,2.0,0.9176078874019516,0.3951367872271134,-0.04315882711059377,0.9,1.5690159797668457,-0.43112409114837646,0.11161356419324875,0.31276804208755493,local_avoidance,SAFE_PROGRESSING,NONE,1,0,"3.738,11.502;3.588,11.978;3.437,12.455;3.286,12.932;3.136,13.409;2.985,13.885;2.834,14.362",0,1,PASS_THROUGH,-1,0.9154394674265105,0.40049798425416494,-0.03964777529972689,0.9,1.3963885476180635,1.8008142817850725,0.0,0,0,0,DIRECT_LOCAL,PASS_THROUGH,0,BYPASS_VISIBLE,1,20,2.0,17.0,2.0,2.0,17.0,2.0,1,
203,6.8,0.033333,3.7780182361602783,11.6004638671875,2.255978584289551,-0.09318329888119391,0.21528050303459167,1.5317409211019817,-0.4548828395671713,0.11021042165721015,1.6016538278145185,2.0,17.0,2.0,0.9180762461340637,0.39394703276434573,-0.04406519783858334,0.9,1.5704472064971924,-0.43045133352279663,0.11170949786901474,0.31083983182907104,local_avoidance,SAFE_PROGRESSING,NONE,1,0,"3.758,11.551;3.605,12.027;3.451,12.503;3.298,12.978;3.144,13.454;2.991,13.930;2.837,14.406",0,1,PASS_THROUGH,-1,0.9154394674265105,0.40049798425416494,-0.03964777529972689,0.9,1.4119224429866768,1.811348140135225,0.0,0,0,0,DIRECT_LOCAL,PASS_THROUGH,0,BYPASS_VISIBLE,1,20,2.0,17.0,2.0,2.0,17.0,2.0,1,
204,6.833333,0.033333,3.7972095012664795,11.650195121765137,2.2593939304351807,-0.08602685255969998,0.21397386491298676,1.53370911045287,-0.45379607486130463,0.11000510631363485,1.6032141580153085,2.0,17.0,2.0,0.9185122217207711,0.39282539156961893,-0.04498344459630533,0.9,1.5718564987182617,-0.429762065410614,0.11178641021251678,0.3090228736400604,local_avoidance,SAFE_PROGRESSING,NONE,1,0,"3.778,11.600;3.622,12.075;3.465,12.550;3.309,13.025;3.152,13.500;2.996,13.975;2.840,14.450",1,1,PASS_THROUGH,-1,0.9194429439186897,0.3932234388717604,0.0,0.9,1.4288771505137632,1.8225971282487707,0.0,0,0,0,DIRECT_LOCAL,PASS_THROUGH,0,BYPASS_VISIBLE,1,20,2.0,17.0,2.0,2.0,17.0,2.0,1,
205,6.866667,0.033333,3.8160176277160645,11.700129508972168,2.26279878616333,-0.07891471567014312,0.2126428186893463,1.5356906405980029,-0.4527341857421179,0.10975225822169332,1.6047926796769245,2.0,17.0,2.0,0.9189150461732071,0.39177423429712543,-0.045913911371107494,0.9,1.5732496976852417,-0.42904937267303467,0.1118464320898056,0.3073533773422241,local_avoidance,SAFE_PROGRESSING,NONE,1,0,"3.797,11.650;3.638,12.124;3.479,12.598;3.320,13.072;3.160,13.546;3.001,14.020;2.842,14.494",0,1,PASS_THROUGH,-1,0.9185122217207711,0.39282539156961893,-0.04498344459630533,0.9,1.4472095144202435,1.8345561174111458,0.0,0,0,0,DIRECT_LOCAL,PASS_THROUGH,0,BYPASS_VISIBLE,1,20,2.0,17.0,2.0,2.0,17.0,2.0,1,
206,6.9,0.033333,3.834444284439087,11.750262260437012,2.26619291305542,-0.07184705438549781,0.2113150805234909,1.5376729289720814,-0.45169737774416285,0.10945861964300985,1.6063778344364334,2.0,17.0,2.0,0.9192843719304205,0.3907949167169088,-0.046856980192034686,0.9,1.5746290683746338,-0.42831674218177795,0.11188992112874985,0.3058297634124756,local_avoidance,SAFE_PROGRESSING,NONE,1,0,"3.816,11.700;3.654,12.173;3.492,12.646;3.330,13.119;3.168,13.592;3.006,14.065;2.844,14.538",0,1,PASS_THROUGH,-1,0.9185122217207711,0.39282539156961893,-0.04498344459630533,0.9,1.4668656211969777,1.847220446261466,0.0,0,0,0,DIRECT_LOCAL,PASS_THROUGH,0,BYPASS_VISIBLE,1,20,2.0,17.0,2.0,2.0,17.0,2.0,1,
207,6.933333,0.033333,3.852489709854126,11.800589561462402,2.2695772647857666,-0.06482315923037114,0.21001647412776947,1.5396450696752741,-0.45068372391614775,0.10913566239070861,1.607959375228045,2.0,17.0,2.0,0.9196201330745783,0.38988810829705606,-0.04781290466430459,0.9,1.5759966373443604,-0.4275662302970886,0.11191744357347488,0.3044556975364685,local_avoidance,SAFE_PROGRESSING,NONE,1,0,"3.834,11.750;3.670,12.222;3.505,12.694;3.340,13.166;3.175,13.638;3.010,14.110;2.845,14.582",0,1,PASS_THROUGH,-1,0.9185122217207711,0.39282539156961893,-0.04498344459630533,0.9,1.4844443076061864,1.860583325136162,0.0,0,0,0,DIRECT_LOCAL,PASS_THROUGH,0,BYPASS_VISIBLE,1,20,2.0,17.0,2.0,2.0,17.0,2.0,1,
208,6.966667,0.033333,3.8701565265655518,11.851107597351074,2.2729525566101074,-0.05784158050259985,0.2087688446044922,1.541598543533844,-0.44969045723712925,0.1087968335013576,1.6095292254990992,2.0,17.0,2.0,0.9199225866498544,0.38905363941936294,-0.04878217118978682,0.9,1.5773509740829468,-0.42680346965789795,0.11192947626113892,0.30322080850601196,local_avoidance,SAFE_PROGRESSING,NONE,1,0,"3.852,11.801;3.685,12.272;3.517,12.743;3.349,13.214;3.181,13.685;3.013,14.156;2.846,14.627",0,1,PASS_THROUGH,-1,0.9185122217207711,0.39282539156961893,-0.04498344459630533,0.9,1.5033019389510593,1.8746398148621468,0.0,0,0,0,DIRECT_LOCAL,PASS_THROUGH,0,BYPASS_VISIBLE,1,20,2.0,17.0,2.0,2.0,17.0,2.0,1,
209,7.0,0.033333,3.887444019317627,11.901813507080078,2.2763195037841797,-0.0509002721036567,0.2075890451669693,1.543527043888771,-0.44871521403869286,0.10845411990892223,1.6110814301738494,2.0,17.0,2.0,0.9201920324923336,0.3882911862593116,-0.04976522893511736,0.9,1.5786916017532349,-0.4260316491127014,0.11192735284566879,0.30212128162384033,local_avoidance,SAFE_PROGRESSING,NONE,1,0,"3.870,11.851;3.699,12.321;3.529,12.791;3.358,13.261;3.187,13.731;3.017,14.201;2.846,14.671",0,1,PASS_THROUGH,-1,0.9185122217207711,0.39282539156961893,-0.04498344459630533,0.9,1.5201569300673323,1.8893811151832387,0.0,0,0,0,DIRECT_LOCAL,PASS_THROUGH,0,BYPASS_VISIBLE,1,20,2.0,17.0,2.0,2.0,17.0,2.0,1,
210,7.033333,0.033333,3.904353141784668,11.952701568603516,2.2796785831451416,-0.04399681714612958,0.206488698720932,1.5454256775698283,-0.44775705273093186,0.10811608835109696,1.61261154396302,2.0,17.0,2.0,0.9204290766251232,0.3875996357794025,-0.05076255752715401,0.9,1.580014944076538,-0.42525696754455566,0.11191259324550629,0.30114445090293884,local_avoidance,SAFE_PROGRESSING,NONE,1,0,"3.887,11.902;3.714,12.371;3.540,12.840;3.367,13.309;3.193,13.777;3.019,14.246;2.846,14.715",1,1,PASS_THROUGH,-1,0.9216172714211175,0.38809999358192987,0.0,0.9,1.5381989632799338,1.904799752550951,0.0,0,0,0,DIRECT_LOCAL,PASS_THROUGH,0,BYPASS_VISIBLE,1,20,2.0,17.0,2.0,2.0,17.0,2.0,1,
211,7.066667,0.033333,3.920884132385254,12.003769874572754,2.2830305099487305,-0.037128505869356426,0.20547457039356232,1.547291106415327,-0.44681676532408077,0.10778729356213124,1.614116814366324,2.0,17.0,2.0,0.9206343660721614,0.3869777219870086,-0.05177457573611698,0.9,1.5813207626342773,-0.42447662353515625,0.11188803613185883,0.300302654504776,local_avoidance,SAFE_PROGRESSING,NONE,1,0,"3.904,11.953;3.728,12.421;3.551,12.888;3.375,13.356;3.198,13.824;3.022,14.292;2.845,14.760",0,1,PASS_THROUGH,-1,0.9204290766251232,0.3875996357794025,-0.05076255752715401,0.9,1.5543554895353857,1.920886951226899,0.0,0,0,0,DIRECT_LOCAL,PASS_THROUGH,0,BYPASS_VISIBLE,1,20,2.0,17.0,2.0,2.0,17.0,2.0,1,
212,7.1,0.033333,3.937037706375122,12.05500316619873,2.2863762378692627,-0.03029245371129897,0.2045503407716751,1.5491204414361817,-0.44589645992072724,0.10746933573582092,1.6155950771058836,2.0,17.0,2.0,0.9208085294452819,0.38642414860365926,-0.05280179425696089,0.9,1.5826056003570557,-0.42369160056114197,0.11185619235038757,0.29959970712661743,local_avoidance,SAFE_PROGRESSING,NONE,1,0,"3.921,12.004;3.741,12.470;3.562,12.937;3.383,13.404;3.203,13.871;3.024,14.337;2.844,14.804",0,1,PASS_THROUGH,-1,0.9204290766251232,0.3875996357794025,-0.05076255752715401,0.9,1.5715642468180524,1.9376338726973645,0.0,0,0,0,DIRECT_LOCAL,PASS_THROUGH,0,BYPASS_VISIBLE,1,20,2.0,17.0,2.0,2.0,17.0,2.0,1,
213,7.133333,0.033333,3.9528145790100098,12.106414794921875,2.2897160053253174,-0.023485641768781807,0.2037181556224823,1.55091006504532,-0.44499892326062357,0.10716163814617297,1.6170435022757317,2.0,17.0,2.0,0.9209525329661215,0.3859367629165374,-0.05384465667816493,0.9,1.5838696956634521,-0.42290109395980835,0.11181911826133728,0.2990415096282959,local_avoidance,SAFE_PROGRESSING,NONE,1,0,"3.937,12.055;3.755,12.521;3.572,12.986;3.390,13.452;3.208,13.917;3.025,14.383;2.843,14.848",0,1,PASS_THROUGH,-1,0.9204290766251232,0.3875996357794025,-0.05076255752715401,0.9,1.5870455926432678,1.955031581680414,0.0,0,0,0,DIRECT_LOCAL,PASS_THROUGH,0,BYPASS_VISIBLE,1,20,2.0,17.0,2.0,2.0,17.0,2.0,1,
214,7.166667,0.033333,3.968214750289917,12.157987594604492,2.2930517196655273,-0.016704966474069122,0.20297949016094208,1.5526569442662925,-0.44412655211319263,0.10686314599482502,1.618459672911934,2.0,17.0,2.0,0.9210665855628192,0.3855151397251916,-0.05490375216973868,0.9,1.585111141204834,-0.42210790514945984,0.11177796870470047,0.29862260818481445,local_avoidance,SAFE_PROGRESSING,NONE,1,0,"3.953,12.106;3.767,12.571;3.582,13.035;3.397,13.500;3.212,13.964;3.026,14.428;2.841,14.893",0,1,PASS_THROUGH,-1,0.9204290766251232,0.3875996357794025,-0.05076255752715401,0.9,1.603407073948702,1.9730695839124937,0.0,0,0,0,DIRECT_LOCAL,PASS_THROUGH,0,BYPASS_VISIBLE,1,20,2.0,17.0,2.0,2.0,17.0,2.0,1,
215,7.2,0.033333,3.983238697052002,12.209717750549316,2.2963833808898926,-0.009947261151996845,0.20233534276485443,1.554357315703705,-0.44328098236660723,0.10657350967453635,1.6198403029847974,2.0,17.0,2.0,0.9211517365639381,0.3851567856646528,-0.055979716699122446,0.9,1.5863287448883057,-0.42131340503692627,0.11173375695943832,0.29834073781967163,local_avoidance,SAFE_PROGRESSING,NONE,1,0,"3.968,12.158;3.780,12.621;3.592,13.084;3.403,13.548;3.215,14.011;3.027,14.474;2.839,14.937",0,1,PASS_THROUGH,-1,0.9204290766251232,0.3875996357794025,-0.05076255752715401,0.9,1.6182344637670478,1.9917375833294524,0.0,0,0,0,DIRECT_LOCAL,PASS_THROUGH,0,BYPASS_VISIBLE,1,20,2.0,17.0,2.0,2.0,17.0,2.0,1,
216,7.233333,0.033333,3.997887134552002,12.261604309082031,2.2997117042541504,-0.003209325531531283,0.20178598165512085,1.556008630118084,-0.4424628851492684,0.10629355044534683,1.6211830805318839,2.0,17.0,2.0,0.921208648278142,0.3848601086285921,-0.057072963160736775,0.9,1.5875248908996582,-0.42052027583122253,0.11168694496154785,0.2981860935688019,local_avoidance,SAFE_PROGRESSING,NONE,1,0,"3.983,12.210;3.792,12.672;3.601,13.134;3.409,13.596;3.218,14.058;3.027,14.520;2.836,14.982",1,1,PASS_THROUGH,-1,0.9227126606839314,0.38548845094708073,0.0,0.9,1.6343300925084847,2.011025541506842,0.0,0,0,0,DIRECT_LOCAL,PASS_THROUGH,0,BYPASS_VISIBLE,1,20,2.0,17.0,2.0,2.0,17.0,2.0,1,
217,7.266667,0.033333,4.012160301208496,12.313641548156738,2.303037166595459,0.0035120280839870694,0.20133095979690552,1.5576081567544078,-0.44167232828072406,0.10602553360541088,1.622485448111351,2.0,17.0,2.0,0.9212378366952867,0.38462379120806206,-0.05818408268354438,0.9,1.5886980295181274,-0.41972804069519043,0.11163841187953949,0.2981613278388977,local_avoidance,SAFE_PROGRESSING,NONE,1,0,"3.998,12.262;3.804,12.722;3.609,13.183;3.415,13.644;3.221,14.104;3.027,14.565;2.832,15.026",0,1,PASS_THROUGH,-1,0.921208648278142,0.3848601086285921,-0.057072963160736775,0.9,1.6516620507923787,2.030922359162242,0.0,0,0,0,DIRECT_LOCAL,PASS_THROUGH,0,BYPASS_VISIBLE,1,20,2.0,17.0,2.0,2.0,17.0,2.0,1,
218,7.3,0.033333,4.026057243347168,12.365824699401855,2.3063623905181885,0.01021993881822359,0.20096929371356964,1.559153785505349,-0.4409091045905443,0.10577193331619585,1.6237453825165882,2.0,17.0,2.0,0.9212399374193018,0.38444619355846105,-0.059313590028687566,0.9,1.5898460149765015,-0.4189394414424896,0.11158861219882965,0.2982593774795532,local_avoidance,SAFE_PROGRESSING,NONE,1,0,"4.012,12.314;3.815,12.773;3.618,13.233;3.420,13.692;3.223,14.151;3.026,14.611;2.829,15.070",0,1,PASS_THROUGH,-1,0.921208648278142,0.3848601086285921,-0.057072963160736775,0.9,1.6701962229620368,2.0514155381660917,0.0,0,0,0,DIRECT_LOCAL,PASS_THROUGH,0,BYPASS_VISIBLE,1,20,2.0,17.0,2.0,2.0,17.0,2.0,1,
219,7.333333,0.033333,4.039578914642334,12.4181489944458,2.3096845149993896,0.01691750209504693,0.20069938898086548,1.5606447058718254,-0.4401727851353977,0.1055342217281673,1.6249619843846745,2.0,17.0,2.0,0.9212155714207617,0.38432559499363067,-0.06046245119668241,0.9,1.590968370437622,-0.41815853118896484,0.11153743416070938,0.298467218875885,local_avoidance,SAFE_PROGRESSING,NONE,1,0,"4.026,12.366;3.826,12.824;3.625,13.282;3.425,13.740;3.225,14.198;3.025,14.656;2.824,15.115",0,1,PASS_THROUGH,-1,0.921208648278142,0.3848601086285921,-0.057072963160736775,0.9,1.689895909175595,2.072494233516779,0.0,0,0,0,DIRECT_LOCAL,PASS_THROUGH,0,BYPASS_VISIBLE,1,20,2.0,17.0,2.0,2.0,17.0,2.0,1,
220,7.366667,0.033333,4.052725791931152,12.470610618591309,2.3130064010620117,0.023607730770100914,0.2005189210176468,1.5620804486871505,-0.43946300162541757,0.1053129649600743,1.626134643428075,2.0,17.0,2.0,0.9211652263608958,0.3842607177376653,-0.06163056504052085,0.9,1.592063307762146,-0.417385995388031,0.11148521304130554,0.29878318309783936,local_avoidance,SAFE_PROGRESSING,NONE,1,0,"4.040,12.418;3.836,12.875;3.633,13.332;3.430,13.789;3.226,14.245;3.023,14.702;2.820,15.159",0,1,PASS_THROUGH,-1,0.921208648278142,0.3848601086285921,-0.057072963160736775,0.9,1.7107252239989514,2.094147078670289,0.0,0,0,0,DIRECT_LOCAL,PASS_THROUGH,0,BYPASS_VISIBLE,1,20,2.0,17.0,2.0,2.0,17.0,2.0,1,
221,7.4,0.033333,4.065496921539307,12.523202896118164,2.316328287124634,0.030293545045349087,0.20042473077774048,1.5634606464522203,-0.4387797213481125,0.10510777707972921,1.6272628803219729,2.0,17.0,2.0,0.921089263929648,0.38425036572664967,-0.06281898051127077,0.9,1.5931285619735718,-0.4166235029697418,0.11143231391906738,0.29920098185539246,local_avoidance,SAFE_PROGRESSING,NONE,1,0,"4.053,12.471;3.846,12.926;3.640,13.381;3.434,13.837;3.227,14.292;3.021,14.748;2.814,15.203",0,1,PASS_THROUGH,-1,0.921208648278142,0.3848601086285921,-0.057072963160736775,0.9,1.732647191802495,2.1163606368157293,0.0,0,0,0,DIRECT_LOCAL,PASS_THROUGH,0,BYPASS_VISIBLE,1,20,2.0,17.0,2.0,2.0,17.0,2.0,1,
222,7.433333,0.033333,4.077892303466797,12.575923919677734,2.319653272628784,0.03697774249924765,0.20041333138942719,1.5647852508230062,-0.43812298637867214,0.104917245646249,1.6283464805810155,2.0,17.0,2.0,0.9209881905284002,0.38429303846350377,-0.06402822421175755,0.9,1.594162940979004,-0.4158724844455719,0.11137905716896057,0.29971787333488464,local_avoidance,SAFE_PROGRESSING,NONE,1,0,"4.065,12.523;3.856,12.977;3.647,13.431;3.437,13.885;3.228,14.339;3.018,14.793;2.809,15.247",1,1,PASS_THROUGH,-1,0.9228818628226633,0.3850831952617132,0.0,0.9,1.755622422242842,2.1391231352795503,0.0,0,0,0,DIRECT_LOCAL,PASS_THROUGH,0,BYPASS_VISIBLE,1,20,2.0,17.0,2.0,2.0,17.0,2.0,1,
223,7.466667,0.033333,4.089911460876465,12.628767967224121,2.3229784965515137,0.04366300674304565,0.2004810869693756,1.5660541123409222,-0.437492937663999,0.10473961979200123,1.6293851420827312,2.0,17.0,2.0,0.9208621819903708,0.3843878814165073,-0.0652594698113769,0.9,1.5951664447784424,-0.41513171792030334,0.11132582277059555,0.3003368377685547,local_avoidance,SAFE_PROGRESSING,NONE,1,0,"4.078,12.576;3.865,13.028;3.653,13.481;3.440,13.934;3.228,14.386;3.015,14.839;2.803,15.291",0,1,PASS_THROUGH,-1,0.9209881905284002,0.38429303846350377,-0.06402822421175755,0.9,1.7796131595752598,2.162421550734375,0.0,0,0,0,DIRECT_LOCAL,PASS_THROUGH,0,BYPASS_VISIBLE,1,20,2.0,17.0,2.0,2.0,17.0,2.0,1,
224,7.5,0.033333,4.1015543937683105,12.681730270385742,2.326305866241455,0.050351939785931665,0.20062485337257385,1.567266956557034,-0.4368896022139228,0.10457353226035082,1.630378441125739,2.0,17.0,2.0,0.9207115832085535,0.38453380369555773,-0.06651266316292789,0.9,1.5961391925811768,-0.41440123319625854,0.11127261817455292,0.30105751752853394,local_avoidance,SAFE_PROGRESSING,NONE,1,0,"4.090,12.629;3.874,13.080;3.659,13.531;3.443,13.982;3.227,14.433;3.012,14.884;2.796,15.335",0,1,PASS_THROUGH,-1,0.9209881905284002,0.38429303846350377,-0.06402822421175755,0.9,1.8045804659613247,2.1862434035900526,0.0,0,0,0,DIRECT_LOCAL,PASS_THROUGH,0,BYPASS_VISIBLE,1,20,2.0,17.0,2.0,2.0,17.0,2.0,1,
225,7.533333,0.033333,4.112819671630859,12.734807014465332,2.3296351432800293,0.05704701653614248,0.2008422166109085,1.5684235951308794,-0.4363129430101051,0.10441770954152652,1.6313260299729515,2.0,17.0,2.0,0.920536538806208,0.3847299931033856,-0.06778873895681625,0.9,1.597076416015625,-0.41368749737739563,0.11121875047683716,0.30186060070991516,local_avoidance,SAFE_PROGRESSING,NONE,1,0,"4.102,12.682;3.883,13.131;3.664,13.581;3.445,14.030;3.226,14.480;3.008,14.930;2.789,15.379",0,1,PASS_THROUGH,-1,0.9209881905284002,0.38429303846350377,-0.06402822421175755,0.9,1.8304862399847668,2.21057501577432,0.0,0,0,0,DIRECT_LOCAL,PASS_THROUGH,0,BYPASS_VISIBLE,1,20,2.0,17.0,2.0,2.0,17.0,2.0,1,
226,7.566667,0.033333,4.123707294464111,12.787995338439941,2.3329672813415527,0.06375066642638191,0.20113031566143036,1.5695240162055444,-0.43576246758226644,0.10427105022283706,1.6322276242956864,2.0,17.0,2.0,0.9203372403700404,0.38497555756229745,-0.06908823393065348,0.9,1.5979797840118408,-0.41298654675483704,0.11116453260183334,0.30275610089302063,local_avoidance,SAFE_PROGRESSING,NONE,1,0,"4.113,12.735;3.891,13.183;3.669,13.631;3.447,14.079;3.225,14.527;3.003,14.975;2.781,15.423",0,1,PASS_THROUGH,-1,0.9209881905284002,0.38429303846350377,-0.06402822421175755,0.9,1.8572916946071198,2.235404394318399,0.0,0,0,0,DIRECT_LOCAL,PASS_THROUGH,0,BYPASS_VISIBLE,1,20,2.0,17.0,2.0,2.0,17.0,2.0,1,
227,7.6,0.033333,4.134216785430908,12.841287612915039,2.3363022804260254,0.07046518733633649,0.20148637890815735,1.5705683168197457,-0.43523766679416487,0.10413270392298873,1.6330830610905098,2.0,17.0,2.0,0.9201136421500484,0.38527008985321476,-0.07041195490730749,0.9,1.5988487005233765,-0.41230157017707825,0.11110954731702805,0.3037353754043579,local_avoidance,SAFE_PROGRESSING,NONE,1,0,"4.124,12.788;3.899,13.234;3.673,13.681;3.448,14.127;3.223,14.574;2.998,15.020;2.773,15.467",0,1,PASS_THROUGH,-1,0.9209881905284002,0.38429303846350377,-0.06402822421175755,0.9,1.8849603757920999,2.260717790586204,0.0,0,0,0,DIRECT_LOCAL,PASS_THROUGH,0,BYPASS_VISIBLE,1,20,2.0,17.0,2.0,2.0,17.0,2.0,1,
228,7.633333,0.033333,4.144347190856934,12.894681930541992,2.3396406173706055,0.07719279188100316,0.20190799236297607,1.571556202688685,-0.43473809307369427,0.10400217421189711,1.6338918446517299,2.0,17.0,2.0,0.919865858159002,0.3856128083216236,-0.07176046997974561,0.9,1.5996818542480469,-0.41163113713264465,0.11105380952358246,0.3048015534877777,local_avoidance,SAFE_PROGRESSING,NONE,1,0,"4.134,12.841;3.906,13.286;3.678,13.731;3.449,14.176;3.221,14.621;2.993,15.065;2.764,15.510",1,1,PASS_THROUGH,-1,0.9222434995116588,0.38660952860539916,0.0,0.9,1.91345449415009,2.286502600172515,0.0,0,0,0,DIRECT_LOCAL,PASS_THROUGH,0,BYPASS_VISIBLE,1,20,2.0,17.0,2.0,2.0,17.0,2.0,1,
229,7.666667,0.033333,4.154096603393555,12.948172569274902,2.342982530593872,0.08393564965871457,0.20239296555519104,1.5724883578418416,-0.43426317490886923,0.10387893932309612,1.6346543899751267,2.0,17.0,2.0,0.919593767423478,0.386003421187597,-0.07313454551280564,0.9,1.6004798412322998,-0.4109749495983124,0.11099715530872345,0.3059549927711487,local_avoidance,SAFE_PROGRESSING,NONE,1,0,"4.144,12.895;3.913,13.338;3.681,13.781;3.450,14.224;3.218,14.667;2.987,15.111;2.755,15.554",0,1,PASS_THROUGH,-1,0.919865858159002,0.3856128083216236,-0.07176046997974561,0.9,1.9427385359362999,2.312744293951888,0.0,0,0,0,DIRECT_LOCAL,PASS_THROUGH,0,BYPASS_VISIBLE,1,20,2.0,17.0,2.0,2.0,17.0,2.0,1,
230,7.7,0.033333,4.1634650230407715,13.001757621765137,2.346328020095825,0.09069581634509875,0.20293965935707092,1.5733649465464095,-0.4338125999941732,0.10376226113795252,1.6353706716739025,2.0,17.0,2.0,0.9192973905611446,0.386441276509171,-0.07453487450471158,0.9,1.6012403964996338,-0.4103337228298187,0.110939159989357,0.30719566345214844,local_avoidance,SAFE_PROGRESSING,NONE,1,0,"4.154,12.948;3.919,13.390;3.685,13.831;3.450,14.273;3.215,14.714;2.981,15.156;2.746,15.597",0,1,PASS_THROUGH,-1,0.919865858159002,0.3856128083216236,-0.07176046997974561,0.9,1.9727757106977621,2.3394314529062035,0.0,0,0,0,DIRECT_LOCAL,PASS_THROUGH,0,BYPASS_VISIBLE,1,20,2.0,17.0,2.0,2.0,17.0,2.0,1,
231,7.733333,0.033333,4.172451496124268,13.055428504943848,2.349677324295044,0.09747532587130352,0.20354685187339783,1.5741868527249863,-0.4333859817921275,0.10365087595454714,1.636041307727977,2.0,17.0,2.0,0.9189764161073963,0.38692647499615973,-0.07596215890462557,0.9,1.6019628047943115,-0.40970876812934875,0.11087928712368011,0.3085179328918457,direct,SAFE_PROGRESSING,NONE,1,0,"4.163,13.002;3.926,13.442;3.688,13.881;3.450,14.321;3.212,14.761;2.974,15.201;2.736,15.640",0,1,PASS_THROUGH,-1,0.919865858159002,0.3856128083216236,-0.07176046997974561,0.9,2.0035334876231214,2.3665496165427093,0.0,0,0,0,DIRECT_LOCAL,PASS_THROUGH,0,BYPASS_VISIBLE,1,20,2.0,17.0,2.0,2.0,17.0,2.0,1,
232,7.766667,0.033333,4.181056499481201,13.109187126159668,2.3530304431915283,0.1042762071801149,0.20421350002288818,1.574954158483061,-0.43298266400345137,0.10354330675852527,1.6366660639926225,2.0,17.0,2.0,0.9186308353816431,0.3874583636287482,-0.07741708299953576,0.9,1.6026465892791748,-0.4091014266014099,0.11081709712743759,0.30991989374160767,direct,SAFE_PROGRESSING,NONE,1,0,"4.172,13.055;3.931,13.493;3.690,13.931;3.449,14.369;3.208,14.807;2.966,15.245;2.725,15.683",0,1,PASS_THROUGH,-1,0.919865858159002,0.3856128083216236,-0.07176046997974561,0.9,2.034976715662966,2.3940893998250914,0.0,0,0,0,DIRECT_LOCAL,PASS_THROUGH,0,BYPASS_VISIBLE,1,20,2.0,17.0,2.0,2.0,17.0,2.0,1,
233,7.8,0.033333,4.1892781257629395,13.16302490234375,2.3563880920410156,0.11110040562408587,0.20493841171264648,1.5756660530718376,-0.4326032028284987,0.10345910442305056,1.6372455002804185,2.0,17.0,2.0,0.9182600265216526,0.388037683503074,-0.0789004427999113,0.8920859212692654,1.6037629842758179,-0.40821123123168945,0.11074512451887131,0.3117883503437042,direct,SAFE_PROGRESSING,NONE,1,0,"4.181,13.109;3.937,13.545;3.692,13.981;3.448,14.418;3.203,14.854;2.959,15.290;2.714,15.726",0,1,PASS_THROUGH,-1,0.919865858159002,0.3856128083216236,-0.07176046997974561,0.9,2.067077126592715,2.4220356361782542,0.0,0,0,0,DIRECT_LOCAL,PASS_THROUGH,0,BYPASS_VISIBLE,1,20,2.0,17.0,2.0,2.0,17.0,2.0,1,
234,7.833333,0.033333,4.197114944458008,13.216938018798828,2.3597495555877686,0.11795038306884639,0.20575451850891113,1.5763311541528369,-0.43224403639412773,0.10346804033198685,1.637791332838602,2.0,17.0,2.0,0.9178641385378316,0.3886632988365502,-0.08041307930737945,0.8835228715087862,1.6049015522003174,-0.4073271155357361,0.11065217852592468,0.31331104040145874,direct,SAFE_PROGRESSING,NONE,1,0,"4.189,13.163;3.941,13.597;3.694,14.032;3.446,14.466;3.198,14.900;2.950,15.334;2.703,15.769",1,1,PASS_THROUGH,-1,0.920846183981959,0.3899260256072479,0.0,0.8835228715087862,2.099800818334586,2.4503754119957666,0.0,0,0,0,DIRECT_LOCAL,PASS_THROUGH,0,BYPASS_VISIBLE,1,20,2.0,17.0,2.0,2.0,17.0,2.0,1,
235,7.866667,0.033333,4.204564571380615,13.270923614501953,2.363114356994629,0.12482987842619923,0.2066650241613388,1.57697808406184,-0.4318890062276102,0.10358996339054442,1.6383280720987718,2.0,17.0,2.0,0.9174435677845102,0.3893335058641595,-0.08195560470371152,0.8749599312601795,1.6059905290603638,-0.40649864077568054,0.11054039746522903,0.31441956758499146,direct,SAFE_PROGRESSING,NONE,1,0,"4.197,13.217;3.946,13.649;3.695,14.082;3.444,14.514;3.193,14.946;2.942,15.379;2.690,15.811",0,1,PASS_THROUGH,-1,0.9178641385378316,0.3886632988365502,-0.08041307930737945,0.8835228715087862,2.1331175199689487,2.4790955277389566,0.0,0,0,0,DIRECT_LOCAL,PASS_THROUGH,0,BYPASS_VISIBLE,1,20,2.0,17.0,2.0,2.0,17.0,2.0,1,
236,7.9,0.033333,4.2116241455078125,13.324981689453125,2.3664815425872803,0.13174135156821426,0.20761917531490326,1.5776390397042614,-0.4315185780268152,0.1037897879216455,1.6388793557971522,2.0,17.0,2.0,0.9169981997668689,0.39004775754333904,-0.08352872834979604,0.8663974985713144,1.6070835590362549,-0.40566879510879517,0.11043034493923187,0.31534522771835327,direct,SAFE_PROGRESSING,NONE,1,0,"4.205,13.271;3.950,13.701;3.696,14.132;3.441,14.562;3.187,14.993;2.932,15.423;2.678,15.853",0,1,PASS_THROUGH,-1,0.9178641385378316,0.3886632988365502,-0.08041307930737945,0.8835228715087862,2.1669978077903744,2.508183844785986,0.0,0,0,0,DIRECT_LOCAL,PASS_THROUGH,0,BYPASS_VISIBLE,1,20,2.0,17.0,2.0,2.0,17.0,2.0,1,
237,7.933333,0.033333,4.218290328979492,13.379108428955078,2.3698511123657227,0.13868526968904613,0.20856361091136932,1.5783383405250087,-0.4311188436435649,0.10402011904553489,1.6394619726245712,2.0,17.0,2.0,0.9165270044423894,0.39080762653220824,-0.08513312617378724,0.8578354374551793,1.6082165241241455,-0.4047936797142029,0.11034230887889862,0.31627321243286133,direct,SAFE_PROGRESSING,NONE,1,0,"4.212,13.325;3.954,13.753;3.696,14.182;3.438,14.610;3.180,15.039;2.923,15.467;2.665,15.895",0,1,PASS_THROUGH,-1,0.9178641385378316,0.3886632988365502,-0.08041307930737945,0.8835228715087862,2.201414642834878,2.537626561150048,0.0,0,0,0,DIRECT_LOCAL,PASS_THROUGH,0,BYPASS_VISIBLE,1,20,2.0,17.0,2.0,2.0,17.0,2.0,1,
238,7.966667,0.033333,4.224560260772705,13.433300971984863,2.373220682144165,0.1456603498262073,0.20946842432022095,1.5790866528160559,-0.4306831945481401,0.1042470495164596,1.6400823511338976,2.0,17.0,2.0,0.916028409904487,0.39161585542925015,-0.08676966073619066,0.8492742255104202,1.6093924045562744,-0.4038572311401367,0.11028730869293213,0.31730207800865173,direct,SAFE_PROGRESSING,NONE,1,0,"4.218,13.379;3.957,13.805;3.696,14.232;3.435,14.658;3.173,15.085;2.912,15.511;2.651,15.937",0,1,PASS_THROUGH,-1,0.9178641385378316,0.3886632988365502,-0.08041307930737945,0.8835228715087862,2.236339930217837,2.567410984231305,0.0,0,0,0,DIRECT_LOCAL,PASS_THROUGH,0,BYPASS_VISIBLE,1,20,2.0,17.0,2.0,2.0,17.0,2.0,1,
239,8.0,0.033333,4.230428695678711,13.487560272216797,2.3765923976898193,0.1526650511803946,0.21032863855361938,1.57988577272854,-0.4302087972467098,0.10445497095769886,1.6407405355680982,2.0,17.0,2.0,0.915500646669674,0.3924756892555321,-0.08843867531122433,0.840714227553055,1.6105952262878418,-0.40286684036254883,0.11026664078235626,0.31845319271087646,direct,SAFE_PROGRESSING,NONE,1,0,"4.225,13.433;3.960,13.858;3.695,14.282;3.431,14.706;3.166,15.130;2.902,15.555;2.637,15.979",0,1,PASS_THROUGH,-1,0.9178641385378316,0.3886632988365502,-0.08041307930737945,0.8835228715087862,2.271747687566893,2.597524380641874,0.0,0,0,0,DIRECT_LOCAL,PASS_THROUGH,0,BYPASS_VISIBLE,1,20,2.0,17.0,2.0,2.0,17.0,2.0,1,
240,8.033333,0.033333,4.235893726348877,13.541884422302246,2.379965305328369,0.15969803721163348,0.21115566790103912,1.580733781811709,-0.4296933223331335,0.10464073600508078,1.6414339230837527,2.0,17.0,2.0,0.9149418631717768,0.3933902157720668,-0.09014169485074293,0.8321549136505,1.6118099689483643,-0.40182608366012573,0.11027687788009644,0.3197518587112427,direct,SAFE_PROGRESSING,NONE,1,0,"4.230,13.488;3.962,13.910;3.694,14.332;3.426,14.754;3.158,15.176;2.890,15.598;2.622,16.020",1,1,PASS_THROUGH,-1,0.918681862321058,0.39499827321434267,0.0,0.8321549136505,2.3076133907881125,2.6279561333579564,0.0,0,0,0,DIRECT_LOCAL,PASS_THROUGH,0,BYPASS_VISIBLE,1,20,2.0,17.0,2.0,2.0,17.0,2.0,1,
241,8.066667,0.033333,4.240951061248779,13.596272468566895,2.383338212966919,0.1667585602970467,0.21196937561035156,1.5816269378541534,-0.42913337063963675,0.10480604649235375,1.6421581920520933,2.0,17.0,2.0,0.9143502995802755,0.39436238708633453,-0.09187947164099601,0.823596602815775,1.6130238771438599,-0.4007498621940613,0.11031099408864975,0.3211824297904968,direct,SAFE_PROGRESSING,NONE,1,0,"4.236,13.542;3.964,13.962;3.693,14.382;3.421,14.802;3.150,15.221;2.878,15.641;2.607,16.061",0,1,PASS_THROUGH,-1,0.9149418631717768,0.3933902157720668,-0.09014169485074293,0.8321549136505,2.3439149711817002,2.6586943284566003,0.0,0,0,0,DIRECT_LOCAL,PASS_THROUGH,0,BYPASS_VISIBLE,1,20,2.0,17.0,2.0,2.0,17.0,2.0,1,
242,8.1,0.033333,4.245596408843994,13.650721549987793,2.3867111206054688,0.1738466378105903,0.2127918154001236,1.5825621218574024,-0.42852507837023934,0.10495244991131991,1.6429095011814898,2.0,17.0,2.0,0.9137245617511591,0.3953942125236391,-0.09365277334635339,0.8150392080666483,1.6142295598983765,-0.3996461033821106,0.11036231368780136,0.3227400779724121,direct,SAFE_PROGRESSING,NONE,1,0,"4.241,13.596;3.966,14.014;3.691,14.432;3.416,14.849;3.141,15.267;2.866,15.684;2.591,16.102",0,1,PASS_THROUGH,-1,0.9149418631717768,0.3933902157720668,-0.09014169485074293,0.8321549136505,2.3806301622411796,2.6897265171469704,0.0,0,0,0,DIRECT_LOCAL,PASS_THROUGH,0,BYPASS_VISIBLE,1,20,2.0,17.0,2.0,2.0,17.0,2.0,1,
243,8.133333,0.033333,4.249825477600098,13.705230712890625,2.3900840282440186,0.18096291948538087,0.21364295482635498,1.5835366523248355,-0.427865840145291,0.10507947568325147,1.6436846420859599,2.0,17.0,2.0,0.9130635066027828,0.3964869668603748,-0.09546265248823771,0.8064829661469414,1.6154205799102783,-0.3985214829444885,0.11042538285255432,0.32441848516464233,direct,SAFE_PROGRESSING,NONE,1,0,"4.246,13.651;3.967,14.066;3.689,14.481;3.410,14.897;3.132,15.312;2.853,15.727;2.575,16.142",0,1,PASS_THROUGH,-1,0.9149418631717768,0.3933902157720668,-0.09014169485074293,0.8321549136505,2.4177367341834413,2.721041559054041,0.0,0,0,0,DIRECT_LOCAL,PASS_THROUGH,0,BYPASS_VISIBLE,1,20,2.0,17.0,2.0,2.0,17.0,2.0,1,
244,8.166667,0.033333,4.253634929656982,13.759797096252441,2.393458604812622,0.18810855383127964,0.21453894674777985,1.5845471108759943,-0.4271554673724217,0.10518496275567271,1.6444802267833825,2.0,17.0,2.0,0.9123660030306067,0.3976417907660163,-0.09731023969937953,0.7979277996144194,1.616595983505249,-0.3973711133003235,0.11049724370241165,0.32624197006225586,direct,SAFE_PROGRESSING,NONE,1,0,"4.250,13.705;3.968,14.118;3.686,14.531;3.404,14.944;3.122,15.357;2.840,15.770;2.558,16.183",0,1,PASS_THROUGH,-1,0.9149418631717768,0.3933902157720668,-0.09014169485074293,0.8321549136505,2.4552147392146213,2.7526285406732636,0.0,0,0,0,DIRECT_LOCAL,PASS_THROUGH,0,BYPASS_VISIBLE,1,20,2.0,17.0,2.0,2.0,17.0,2.0,1,
245,8.2,0.033333,4.257018566131592,13.814417839050293,2.3968346118927,0.195285176709348,0.21549317240715027,1.5855889575605635,-0.4263969074562775,0.1052657755265343,1.6452925419278708,2.0,17.0,2.0,0.911631021832332,0.3988593991731493,-0.0991970751795263,0.7893740622448686,1.6177518367767334,-0.3961920738220215,0.11057564616203308,0.32822808623313904,direct,SAFE_PROGRESSING,NONE,1,0,"4.254,13.760;3.968,14.170;3.683,14.581;3.397,14.991;3.112,15.402;2.826,15.812;2.541,16.223",0,1,PASS_THROUGH,-1,0.9149418631717768,0.3933902157720668,-0.09014169485074293,0.8321549136505,2.4930448524872024,2.784474432151106,0.0,0,0,0,DIRECT_LOCAL,PASS_THROUGH,0,BYPASS_VISIBLE,1,20,2.0,17.0,2.0,2.0,17.0,2.0,1,
246,8.233333,0.033333,4.259974479675293,13.869091033935547,2.4002106189727783,0.2024948791238574,0.21651756763458252,1.5866568206444402,-0.42559537263863145,0.1053184393036038,1.6461176329066785,2.0,17.0,2.0,0.9108579081396947,0.40013965468842905,-0.10112431915817312,0.7808217853524251,1.6188842058181763,-0.39498376846313477,0.11065874248743057,0.3303888440132141,direct,SAFE_PROGRESSING,NONE,1,0,"4.257,13.814;3.968,14.222;3.679,14.630;3.390,15.038;3.101,15.446;2.812,15.854;2.523,16.262",1,1,PASS_THROUGH,-1,0.9155512094420791,0.40220142079453935,0.0,0.7808217853524251,2.5312065412604006,2.816570695526761,0.0,0,0,0,DIRECT_LOCAL,PASS_THROUGH,0,BYPASS_VISIBLE,1,20,2.0,17.0,2.0,2.0,17.0,2.0,1,
247,8.266667,0.033333,4.262497425079346,13.923812866210938,2.4035866260528564,0.20974018528202668,0.21762293577194214,1.5877437737116316,-0.4247567448457954,0.10533970314077405,1.646950222778404,2.0,17.0,2.0,0.910045715537693,0.4014830805009021,-0.10309283051209038,0.7722713409823362,1.6199897527694702,-0.3937462270259857,0.11074456572532654,0.33273324370384216,direct,SAFE_PROGRESSING,NONE,1,0,"4.260,13.869;3.967,14.275;3.675,14.680;3.382,15.085;3.089,15.491;2.797,15.896;2.504,16.302",0,1,PASS_THROUGH,-1,0.9108579081396947,0.40013965468842905,-0.10112431915817312,0.7808217853524251,2.56968412377251,2.848905254248749,0.0,0,0,0,DIRECT_LOCAL,PASS_THROUGH,0,BYPASS_VISIBLE,1,20,2.0,17.0,2.0,2.0,17.0,2.0,1,
248,8.3,0.033333,4.264584064483643,13.978581428527832,2.4069626331329346,0.21702389854030205,0.2188190370798111,1.58884211859805,-0.4238869854669749,0.10532733949267371,1.6477843617184942,2.0,17.0,2.0,0.9091938814643545,0.40288914225152955,-0.10510387701511283,0.7637230356766788,1.6210660934448242,-0.3924814462661743,0.1108311265707016,0.33526235818862915,direct,SAFE_PROGRESSING,NONE,1,0,"4.262,13.924;3.966,14.327;3.670,14.729;3.374,15.132;3.078,15.535;2.781,15.938;2.485,16.341",0,1,PASS_THROUGH,-1,0.9108579081396947,0.40013965468842905,-0.10112431915817312,0.7808217853524251,2.608459025031942,2.881468990499393,0.0,0,0,0,DIRECT_LOCAL,PASS_THROUGH,0,BYPASS_VISIBLE,1,20,2.0,17.0,2.0,2.0,17.0,2.0,1,
249,8.333333,0.033333,4.266231060028076,14.033392906188965,2.4103355407714844,0.2243493074272856,0.2201143056154251,1.5899446626736973,-0.42299137094845246,0.10528098365728368,1.6486145140029775,2.0,17.0,2.0,0.9083016712941187,0.4043575994228733,-0.10715878738247324,0.7551770962933178,1.6221115589141846,-0.3911915421485901,0.1109166294336319,0.3379753828048706,direct,SAFE_PROGRESSING,NONE,1,0,"4.265,13.979;3.965,14.379;3.665,14.779;3.365,15.179;3.065,15.579;2.765,15.979;2.465,16.379",0,1,PASS_THROUGH,-1,0.9108579081396947,0.40013965468842905,-0.10112431915817312,0.7808217853524251,2.647516228605897,2.9142520115110235,0.0,0,0,0,DIRECT_LOCAL,PASS_THROUGH,0,BYPASS_VISIBLE,1,20,2.0,17.0,2.0,2.0,17.0,2.0,1,
250,8.366667,0.033333,4.2674336433410645,14.088242530822754,2.413708448410034,0.23171987757927853,0.22151567041873932,1.5910432626852333,-0.4220740453127721,0.10520240867731474,1.6494340575646755,2.0,17.0,2.0,0.9073685323038715,0.40588793783612837,-0.10925808209855033,0.7466340701169732,1.6231253147125244,-0.38987791538238525,0.11099961400032043,0.34087297320365906,direct,SAFE_PROGRESSING,NONE,1,0,"4.266,14.033;3.963,14.431;3.659,14.828;3.356,15.225;3.052,15.623;2.749,16.020;2.445,16.417",0,1,PASS_THROUGH,-1,0.9108579081396947,0.40013965468842905,-0.10112431915817312,0.7808217853524251,2.6868402100793487,2.947242952843973,0.0,0,0,0,DIRECT_LOCAL,PASS_THROUGH,0,BYPASS_VISIBLE,1,20,2.0,17.0,2.0,2.0,17.0,2.0,1,
251,8.4,0.033333,4.268187999725342,14.143128395080566,2.417081356048584,0.2391392375406434,0.22302846610546112,1.5921308001966052,-0.421138747664747,0.10509467092395404,1.6502373221982127,2.0,17.0,2.0,0.9063939157715387,0.407479115960344,-0.11140394745480636,0.738094489513759,1.6241052150726318,-0.3885446786880493,0.11107873916625977,0.3439481258392334,direct,SAFE_PROGRESSING,NONE,1,0,"4.267,14.088;3.960,14.483;3.653,14.877;3.346,15.272;3.039,15.666;2.731,16.061;2.424,16.455",0,1,PASS_THROUGH,-1,0.9108579081396947,0.40013965468842905,-0.10112431915817312,0.7808217853524251,2.7264144741594927,2.9804331748503645,0.0,0,0,0,DIRECT_LOCAL,PASS_THROUGH,0,BYPASS_VISIBLE,1,20,2.0,17.0,2.0,2.0,17.0,2.0,1,
252,8.433333,0.033333,4.268490314483643,14.198044776916504,2.420454263687134,0.24661117658053805,0.22465626895427704,1.593199924424377,-0.42018877291561835,0.10496142677429685,1.6510183236962181,2.0,17.0,2.0,0.9053770413286775,0.4091307074372532,-0.11359787527424525,0.7295585560897216,1.6250479221343994,-0.3871954083442688,0.11115296930074692,0.34719401597976685,direct,SAFE_PROGRESSING,NONE,1,0,"4.268,14.143;3.957,14.535;3.646,14.926;3.335,15.318;3.025,15.709;2.714,16.101;2.403,16.493",1,1,PASS_THROUGH,-1,0.9112759031424744,0.4117963432958913,0.0,0.7295585560897216,2.766225949116728,3.0138120490164386,0.0,0,0,0,DIRECT_LOCAL,PASS_THROUGH,0,BYPASS_VISIBLE,1,20,2.0,17.0,2.0,2.0,17.0,2.0,1,
253,8.466667,0.033333,4.268336772918701,14.2529878616333,2.4238271713256836,0.2541395975835894,0.22640079259872437,1.594244457179722,-0.4192275819590147,0.1048058080861212,1.6517722034627094,2.0,17.0,2.0,0.904317342590715,0.41084173593833667,-0.11584132207827082,0.7210270835154802,1.6259485483169556,-0.38583341240882874,0.11122159659862518,0.3506072163581848,direct,SAFE_PROGRESSING,NONE,1,0,"4.268,14.198;3.954,14.587;3.639,14.975;3.325,15.364;3.010,15.752;2.695,16.141;2.381,16.530",0,1,PASS_THROUGH,-1,0.9053770413286775,0.4091307074372532,-0.11359787527424525,0.7295585560897216,2.8062595202551237,3.047370305788084,0.0,0,0,0,DIRECT_LOCAL,PASS_THROUGH,0,BYPASS_VISIBLE,1,20,2.0,17.0,2.0,2.0,17.0,2.0,1,
254,8.5,0.033333,4.267723560333252,14.307951927185059,2.4272000789642334,0.26172841178744805,0.22826208174228668,1.5952586370543345,-0.4182585628876921,0.10462949367846892,1.6524943798611669,2.0,17.0,2.0,0.9032140203361446,0.41261162812637975,-0.11813584470056798,0.7125005937880814,1.626802921295166,-0.38446423411369324,0.11128373444080353,0.3541768491268158,direct,SAFE_PROGRESSING,NONE,1,0,"4.268,14.253;3.950,14.639;3.632,15.024;3.313,15.410;2.995,15.795;2.677,16.181;2.358,16.566",0,1,PASS_THROUGH,-1,0.9053770413286775,0.4091307074372532,-0.11359787527424525,0.7295585560897216,2.8465020499745193,3.0810977325639763,0.0,0,0,0,DIRECT_LOCAL,PASS_THROUGH,0,BYPASS_VISIBLE,1,20,2.0,17.0,2.0,2.0,17.0,2.0,1,
255,8.533333,0.033333,4.266647815704346,14.362932205200195,2.430572986602783,0.2693813660041592,0.23023860156536102,1.5962363533301944,-0.41728546190537913,0.10443327204530016,1.6531799541249437,2.0,17.0,2.0,0.9020662444555106,0.41443978460388975,-0.12048300938892698,0.7039799137031443,1.6276121139526367,-0.3830874264240265,0.11133871972560883,0.3579019010066986,direct,SAFE_PROGRESSING,NONE,1,0,"4.268,14.308;3.946,14.690;3.623,15.073;3.301,15.455;2.979,15.838;2.657,16.220;2.335,16.602",0,1,PASS_THROUGH,-1,0.9053770413286775,0.4091307074372532,-0.11359787527424525,0.7295585560897216,2.8869395861186553,3.114985640033452,0.0,0,0,0,DIRECT_LOCAL,PASS_THROUGH,0,BYPASS_VISIBLE,1,20,2.0,17.0,2.0,2.0,17.0,2.0,1,
256,8.566667,0.033333,4.265103816986084,14.417925834655762,2.433945894241333,0.27710231153679427,0.23232804238796234,1.5971717775119278,-0.4163120716663793,0.10421793622022298,1.6538242972352797,2.0,17.0,2.0,0.9008729629011025,0.4163259763521,-0.12288444217336726,0.6954658546559302,1.6283695697784424,-0.38170546293258667,0.11138647049665451,0.3617767095565796,direct,SAFE_PROGRESSING,NONE,1,0,"4.267,14.363;3.941,14.742;3.615,15.121;3.289,15.500;2.963,15.880;2.637,16.259;2.311,16.638",0,1,PASS_THROUGH,-1,0.9053770413286775,0.4091307074372532,-0.11359787527424525,0.7295585560897216,2.92756004110188,3.149024569671955,0.0,0,0,0,DIRECT_LOCAL,PASS_THROUGH,0,BYPASS_VISIBLE,1,20,2.0,17.0,2.0,2.0,17.0,2.0,1,
257,8.6,0.033333,4.263088226318359,14.472921371459961,2.437318801879883,0.28489496391106467,0.2345276027917862,1.5980595324475104,-0.41534221016478545,0.10398385017514414,1.6544231810175325,2.0,17.0,2.0,0.8996330406409553,0.41826999532103654,-0.12534194509919439,0.6869585809075558,1.6290698051452637,-0.3803183436393738,0.11142660677433014,0.36580127477645874,direct,SAFE_PROGRESSING,NONE,1,0,"4.265,14.418;3.935,14.794;3.606,15.170;3.276,15.546;2.946,15.921;2.616,16.297;2.287,16.673",0,1,PASS_THROUGH,-1,0.9053770413286775,0.4091307074372532,-0.11359787527424525,0.7295585560897216,2.968351431575059,3.183201594034638,0.0,0,0,0,DIRECT_LOCAL,PASS_THROUGH,0,BYPASS_VISIBLE,1,20,2.0,17.0,2.0,2.0,17.0,2.0,1,
258,8.633333,0.033333,4.2605977058410645,14.52791690826416,2.4406917095184326,0.29276303040171675,0.23683416843414307,1.5988940981081703,-0.4143787964915341,0.1037307205546273,1.6549719593798844,2.0,17.0,2.0,0.8983457204626638,0.42027078019661845,-0.1278570992919172,0.678459865133512,1.6297087669372559,-0.3789225220680237,0.1114594042301178,0.3699928820133209,direct,SAFE_PROGRESSING,NONE,1,0,"4.263,14.473;3.930,14.845;3.596,15.218;3.262,15.590;2.929,15.963;2.595,16.335;2.262,16.708",1,1,PASS_THROUGH,-1,0.9057798173953497,0.4237486547462386,0.0,0.678459865133512,3.0092973033024424,3.2175100693712637,0.0,0,0,0,DIRECT_LOCAL,PASS_THROUGH,0,BYPASS_VISIBLE,1,20,2.0,17.0,2.0,2.0,17.0,2.0,1,
259,8.666667,0.033333,4.257628917694092,14.582907676696777,2.4440670013427734,0.30070992333738045,0.23924565315246582,1.5996695172509177,-0.4134244043147335,0.10345776093733787,1.6554654363057368,2.0,17.0,2.0,0.8970092064661397,0.42232928935308434,-0.13043180160338616,0.6699700530650639,1.6302886009216309,-0.37752217054367065,0.11148275434970856,0.3743339776992798,direct,SAFE_PROGRESSING,NONE,1,0,"4.261,14.528;3.923,14.897;3.586,15.266;3.248,15.635;2.911,16.004;2.574,16.373;2.236,16.742",0,1,PASS_THROUGH,-1,0.8983457204626638,0.42027078019661845,-0.1278570992919172,0.678459865133512,3.0503888958907717,3.2519417308132597,0.0,0,0,0,DIRECT_LOCAL,PASS_THROUGH,0,BYPASS_VISIBLE,1,20,2.0,17.0,2.0,2.0,17.0,2.0,1,
260,8.7,0.033333,4.254177093505859,14.637885093688965,2.4474430084228516,0.30873927897085596,0.24176089465618134,1.6003805546964587,-0.41248056068695493,0.10316486312355512,1.6558988863389186,2.0,17.0,2.0,0.895621795326499,0.42444591740705784,-0.13306863992924742,0.6614899433666386,1.6307896375656128,-0.37611615657806396,0.11149712651968002,0.37884682416915894,direct,SAFE_PROGRESSING,NONE,1,0,"4.258,14.583;3.916,14.948;3.575,15.314;3.234,15.679;2.892,16.045;2.551,16.410;2.210,16.775",0,1,PASS_THROUGH,-1,0.8983457204626638,0.42027078019661845,-0.1278570992919172,0.678459865133512,3.091615734685157,3.2864848704967313,0.0,0,0,0,DIRECT_LOCAL,PASS_THROUGH,0,BYPASS_VISIBLE,1,20,2.0,17.0,2.0,2.0,17.0,2.0,1,
261,8.733333,0.033333,4.250239372253418,14.692843437194824,2.4508190155029297,0.3168544872771121,0.24437908828258514,1.6010216293094532,-0.4115481547594752,0.10284992754544015,1.656266961814649,2.0,17.0,2.0,0.8941821480183604,0.4266205089838531,-0.13576902253323114,0.6530207102229857,1.631218433380127,-0.3747056722640991,0.11149992048740387,0.38353508710861206,direct,SAFE_PROGRESSING,NONE,1,0,"4.254,14.638;3.909,15.000;3.564,15.361;3.219,15.723;2.873,16.085;2.528,16.446;2.183,16.808",0,1,PASS_THROUGH,-1,0.8983457204626638,0.42027078019661845,-0.1278570992919172,0.678459865133512,3.1329638751240285,3.3211312470238474,0.0,0,0,0,DIRECT_LOCAL,PASS_THROUGH,0,BYPASS_VISIBLE,1,20,2.0,17.0,2.0,2.0,17.0,2.0,1,
262,8.766667,0.033333,4.2458109855651855,14.74777603149414,2.4541969299316406,0.3250589918654072,0.24710097908973694,1.6015867199916525,-0.410627769312645,0.10251082921172755,1.6565638100266389,2.0,17.0,2.0,0.8926883439556828,0.4288538823624383,-0.13853471820567131,0.644563375867244,1.6315553188323975,-0.3733026683330536,0.11148916184902191,0.38838881254196167,direct,SAFE_PROGRESSING,NONE,1,0,"4.250,14.693;3.901,15.051;3.552,15.409;3.203,15.767;2.854,16.125;2.505,16.483;2.156,16.840",0,1,PASS_THROUGH,-1,0.8983457204626638,0.42027078019661845,-0.1278570992919172,0.678459865133512,3.17442316302456,3.355870736616299,0.0,0,0,0,DIRECT_LOCAL,PASS_THROUGH,0,BYPASS_VISIBLE,1,20,2.0,17.0,2.0,2.0,17.0,2.0,1,
263,8.8,0.033333,4.240889072418213,14.802675247192383,2.457576036453247,0.3333563672120176,0.24992743134498596,1.6020705436637794,-0.4097198285469356,0.10214444467676795,1.6567841900374392,2.0,17.0,2.0,0.8911385203423218,0.4311462844809178,-0.1413683802708257,0.6361188501277903,1.6318113803863525,-0.37191617488861084,0.11146035045385361,0.39337706565856934,direct,SAFE_PROGRESSING,NONE,1,0,"4.246,14.748;3.893,15.102;3.540,15.456;3.187,15.810;2.834,16.164;2.481,16.518;2.128,16.872",0,1,PASS_THROUGH,-1,0.8983457204626638,0.42027078019661845,-0.1278570992919172,0.678459865133512,3.2159819033687187,3.3906940828645458,0.0,0,0,0,DIRECT_LOCAL,PASS_THROUGH,0,BYPASS_VISIBLE,1,20,2.0,17.0,2.0,2.0,17.0,2.0,1,
264,8.833333,0.033333,4.235469341278076,14.85753345489502,2.460956335067749,0.3417499473064764,0.2528579533100128,1.6024662649653345,-0.408825448727758,0.1017504764251522,1.6569217052510803,2.0,17.0,2.0,0.889530563421066,0.4334985651879498,-0.14427186392290664,0.6276884547029494,1.631965160369873,-0.37055283784866333,0.11141316592693329,0.39848917722702026,direct,SAFE_PROGRESSING,NONE,1,0,"4.241,14.803;3.884,15.153;3.527,15.503;3.170,15.853;2.813,16.203;2.456,16.553;2.099,16.903",1,1,PASS_THROUGH,-1,0.898935143019079,0.43808173740212897,0.0,0.6276884547029494,3.2576291150555763,3.4255911157458843,0.0,0,0,0,DIRECT_LOCAL,PASS_THROUGH,0,BYPASS_VISIBLE,1,20,2.0,17.0,2.0,2.0,17.0,2.0,1,
265,8.866667,0.033333,4.229548931121826,14.912342071533203,2.464338779449463,0.3502432835286208,0.255889356136322,1.6027682161130306,-0.40794674560505584,0.10132913706315412,1.6569713624109097,2.0,17.0,2.0,0.8878623902693669,0.4359112226979067,-0.1472473492840614,0.6192733184204954,1.6320278644561768,-0.3692016005516052,0.11134713143110275,0.40374624729156494,direct,SAFE_PROGRESSING,NONE,1,0,"4.235,14.858;3.874,15.203;3.514,15.549;3.153,15.895;2.792,16.241;2.431,16.587;2.070,16.933",0,1,PASS_THROUGH,-1,0.889530563421066,0.4334985651879498,-0.14427186392290664,0.6276884547029494,3.299353276973435,3.4605521170445503,0.0,0,0,0,DIRECT_LOCAL,PASS_THROUGH,0,BYPASS_VISIBLE,1,20,2.0,17.0,2.0,2.0,17.0,2.0,1,
266,8.9,0.033333,4.223121166229248,14.967094421386719,2.4677212238311768,0.35883952774910133,0.2590186893939972,1.6029699373263981,-0.4070865399507733,0.10088234704671478,1.6569276746216,2.0,17.0,2.0,0.8861314950706081,0.43838532371089634,-0.15029731001858174,0.6108749155942402,1.6319900751113892,-0.3678617477416992,0.1112624853849411,0.40914711356163025,direct,SAFE_PROGRESSING,NONE,1,0,"4.230,14.912;3.865,15.254;3.500,15.596;3.135,15.938;2.770,16.279;2.405,16.621;2.040,16.963",0,1,PASS_THROUGH,-1,0.889530563421066,0.4334985651879498,-0.14427186392290664,0.6276884547029494,3.341143203252974,3.4955661909723514,0.0,0,0,0,DIRECT_LOCAL,PASS_THROUGH,0,BYPASS_VISIBLE,1,20,2.0,17.0,2.0,2.0,17.0,2.0,1,
267,8.933333,0.033333,4.216184616088867,15.021780967712402,2.471106767654419,0.36754187600547844,0.26224398612976074,1.6030653578703487,-0.4062478794234991,0.10041134270832604,1.6567855379875116,2.0,17.0,2.0,0.8843354837244946,0.4409217379329947,-0.15342350942379016,0.6024939107175604,1.6318416595458984,-0.36653292179107666,0.11115895211696625,0.41469305753707886,direct,SAFE_PROGRESSING,NONE,1,0,"4.223,14.967;3.854,15.305;3.485,15.642;3.116,15.979;2.747,16.317;2.378,16.654;2.009,16.992",0,1,PASS_THROUGH,-1,0.889530563421066,0.4334985651879498,-0.14427186392290664,0.6276884547029494,3.3829874197791794,3.530624166966114,0.0,0,0,0,DIRECT_LOCAL,PASS_THROUGH,0,BYPASS_VISIBLE,1,20,2.0,17.0,2.0,2.0,17.0,2.0,1,
268,8.966667,0.033333,4.208738803863525,15.076395034790039,2.474492311477661,0.37635363885131445,0.26556333899497986,1.6030491841789933,-0.40543266537889894,0.09991522473276361,1.6565401852012442,2.0,17.0,2.0,0.8824714070756445,0.4435217218980974,-0.15662917320371303,0.5941321331924015,1.6315823793411255,-0.3652097284793854,0.11103584617376328,0.4203989803791046,direct,SAFE_PROGRESSING,NONE,1,0,"4.216,15.022;3.847,15.351;3.477,15.681;3.108,16.011;2.739,16.341;2.369,16.670;2.000,17.000",0,1,PASS_THROUGH,-1,0.889530563421066,0.4334985651879498,-0.14427186392290664,0.6276884547029494,3.4248753185834273,3.5657196351182248,0.0,0,0,0,DIRECT_LOCAL,PASS_THROUGH,0,BYPASS_VISIBLE,1,20,2.0,17.0,2.0,2.0,17.0,2.0,1,
269,9.0,0.033333,4.200777053833008,15.130926132202148,2.4778802394866943,0.38527788160084403,0.26897644996643066,1.6029161156982847,-0.4046418242766341,0.09939251952641355,1.6561865694591922,2.0,17.0,2.0,0.880535853901635,0.44618784479481366,-0.15991565636634034,0.5857911971299293,1.6312050819396973,-0.3638852834701538,0.11089257150888443,0.42628929018974304,direct,SAFE_PROGRESSING,NONE,1,0,"4.209,15.076;3.841,15.397;3.472,15.718;3.104,16.038;2.736,16.359;2.368,16.679;2.000,17.000",0,1,PASS_THROUGH,-1,0.889530563421066,0.4334985651879498,-0.14427186392290664,0.6276884547029494,3.4667993655000866,3.6008392674064322,0.0,0,0,0,DIRECT_LOCAL,PASS_THROUGH,0,BYPASS_VISIBLE,1,20,2.0,17.0,2.0,2.0,17.0,2.0,1,
270,9.033333,0.033333,4.192297458648682,15.185364723205566,2.481268882751465,0.3943178495674145,0.2724853456020355,1.6026602616611756,-0.40387455443435316,0.09884058962612352,1.6557185848401457,2.0,17.0,2.0,0.8785260468703011,0.4489204617847234,-0.16328626384798045,0.5774723115081004,1.6306990385055542,-0.3625512421131134,0.11072824895381927,0.43240436911582947,direct,SAFE_PROGRESSING,NONE,1,0,"4.201,15.131;3.834,15.442;3.467,15.754;3.100,16.065;2.734,16.377;2.367,16.688;2.000,17.000",1,1,PASS_THROUGH,-1,0.8904773817346947,0.4550275075409429,0.0,0.5774723115081004,3.5087456887954205,3.6359737389906424,0.0,0,0,0,DIRECT_LOCAL,PASS_THROUGH,0,BYPASS_VISIBLE,1,20,2.0,17.0,2.0,2.0,17.0,2.0,1,
271,9.066667,0.033333,4.183296203613281,15.239700317382812,2.484659433364868,0.40347675996855603,0.27609536051750183,1.6022767223547305,-0.40312959825329625,0.09825469492968267,1.655130856779429,2.0,17.0,2.0,0.8764386092237437,0.45172134496249544,-0.16674288820583616,0.5691772776555395,1.6300568580627441,-0.36121469736099243,0.11053942888975143,0.43873947858810425,direct,SAFE_PROGRESSING,NONE,1,0,"4.192,15.185;3.827,15.488;3.462,15.790;3.096,16.093;2.731,16.395;2.365,16.698;2.000,17.000",0,1,PASS_THROUGH,-1,0.8785260468703011,0.4489204617847234,-0.16328626384798045,0.5774723115081004,3.5507040047044467,3.6711117877548465,0.0,0,0,0,DIRECT_LOCAL,PASS_THROUGH,0,BYPASS_VISIBLE,1,20,2.0,17.0,2.0,2.0,17.0,2.0,1,
272,9.1,0.033333,4.173770904541016,15.293925285339355,2.488051414489746,0.41275825578062175,0.2798139452934265,1.60175878309985,-0.40240398684430345,0.09762991276816196,1.6544158388182886,2.0,17.0,2.0,0.8742702885284259,0.45459135218116986,-0.17028847617651122,0.5609077387711578,1.6292822360992432,-0.35988032817840576,0.11032157391309738,0.4452764391899109,direct,SAFE_PROGRESSING,NONE,1,0,"4.183,15.240;3.819,15.533;3.456,15.826;3.092,16.120;2.728,16.413;2.364,16.707;2.000,17.000",0,1,PASS_THROUGH,-1,0.8785260468703011,0.4489204617847234,-0.16328626384798045,0.5774723115081004,3.592662386228119,3.706245326996157,0.0,0,0,0,DIRECT_LOCAL,PASS_THROUGH,0,BYPASS_VISIBLE,1,20,2.0,17.0,2.0,2.0,17.0,2.0,1,
273,9.133333,0.033333,4.163717269897461,15.348027229309082,2.491443395614624,0.42216600606364924,0.28364863991737366,1.6011004798454065,-0.40169546479068785,0.09696458192882579,1.6535670906084308,2.0,17.0,2.0,0.8720171717542519,0.45753247373761274,-0.1739255232599762,0.5526652106812393,1.6283705234527588,-0.3585483431816101,0.11007189750671387,0.4520112872123718,direct,SAFE_PROGRESSING,NONE,1,0,"4.174,15.294;3.811,15.578;3.449,15.863;3.087,16.147;2.725,16.431;2.362,16.716;2.000,17.000",0,1,PASS_THROUGH,-1,0.8785260468703011,0.4489204617847234,-0.16328626384798045,0.5774723115081004,3.6346122918471653,3.741361477247031,0.0,0,0,0,DIRECT_LOCAL,PASS_THROUGH,0,BYPASS_VISIBLE,1,20,2.0,17.0,2.0,2.0,17.0,2.0,1,
274,9.166667,0.033333,4.153132438659668,15.401997566223145,2.4948363304138184,0.4317040875038832,0.2876049280166626,1.6002953898078207,-0.4010019233002791,0.096260350017494,1.6525779655181712,2.0,17.0,2.0,0.8696761463183877,0.4605449933786437,-0.17765615553271324,0.5444515206758724,1.6273198127746582,-0.35720986127853394,0.10979002714157104,0.4589643180370331,direct,SAFE_PROGRESSING,NONE,1,0,"4.164,15.348;3.803,15.623;3.442,15.899;3.082,16.174;2.721,16.449;2.361,16.725;2.000,17.000",0,1,PASS_THROUGH,-1,0.8785260468703011,0.4489204617847234,-0.16328626384798045,0.5774723115081004,3.6765402887125584,3.776451263911016,0.0,0,0,0,DIRECT_LOCAL,PASS_THROUGH,0,BYPASS_VISIBLE,1,20,2.0,17.0,2.0,2.0,17.0,2.0,1,
275,9.2,0.033333,4.1420135498046875,15.45582389831543,2.4982314109802246,0.4413765666083303,0.29168760776519775,1.599337867610002,-0.4003222077696356,0.09552027357659118,1.6514428865295374,2.0,17.0,2.0,0.8672430567141904,0.4636304956511486,-0.1814834540207394,0.5362682566315213,1.6261301040649414,-0.35586512088775635,0.10947448015213013,0.46612000465393066,direct,SAFE_PROGRESSING,NONE,1,0,"4.153,15.402;3.794,15.668;3.435,15.935;3.077,16.201;2.718,16.467;2.359,16.734;2.000,17.000",0,1,PASS_THROUGH,-1,0.8785260468703011,0.4489204617847234,-0.16328626384798045,0.5774723115081004,3.7184371397225493,3.8115028191627123,0.0,0,0,0,DIRECT_LOCAL,PASS_THROUGH,0,BYPASS_VISIBLE,1,20,2.0,17.0,2.0,2.0,17.0,2.0,1,
276,9.233333,0.033333,4.130357265472412,15.50949478149414,2.501626491546631,0.45118766792804804,0.2959004342556,1.5982234404052977,-0.3996558298448286,0.09474602958987681,1.6501574948813071,2.0,17.0,2.0,0.864714064645647,0.46678959923887287,-0.18541050791801464,0.5281174824055964,1.624760389328003,-0.3545425832271576,0.109125517308712,0.47342419624328613,direct,SAFE_PROGRESSING,NONE,1,0,"4.142,15.456;3.785,15.713;3.428,15.971;3.071,16.228;2.714,16.485;2.357,16.743;2.000,17.000",1,1,PASS_THROUGH,-1,0.8799717594797167,0.4750260019390219,0.0,0.5281174824055964,3.7602904421543055,3.8465047417553255,0.0,0,0,0,DIRECT_LOCAL,PASS_THROUGH,0,BYPASS_VISIBLE,1,20,2.0,17.0,2.0,2.0,17.0,2.0,1,
277,9.266667,0.033333,4.118160724639893,15.562999725341797,2.505018711090088,0.4611417932362693,0.30024126172065735,1.5969472816930592,-0.39900169286136217,0.09393314458868766,1.6487165939194652,2.0,17.0,2.0,0.8620852587427097,0.47002313744424096,-0.189439322543097,0.5200010724967514,1.6232198476791382,-0.3532452881336212,0.10874225944280624,0.48085522651672363,direct,SAFE_PROGRESSING,NONE,1,0,"4.130,15.509;3.775,15.758;3.420,16.006;3.065,16.255;2.710,16.503;2.355,16.752;2.000,17.000",0,1,PASS_THROUGH,-1,0.864714064645647,0.46678959923887287,-0.18541050791801464,0.5281174824055964,3.8020885286388015,3.8814467270916633,0.0,0,0,0,DIRECT_LOCAL,PASS_THROUGH,0,BYPASS_VISIBLE,1,20,2.0,17.0,2.0,2.0,17.0,2.0,1,
278,9.3,0.033333,4.10542106628418,15.616323471069336,2.508410692214966,0.4712430183682657,0.30470332503318787,1.5955034947881757,-0.3983598551444452,0.09307697761313322,1.6471142339964102,2.0,17.0,2.0,0.8593521573406326,0.47333274143146487,-0.19357165485415082,0.5119208784480175,1.621492862701416,-0.35195982456207275,0.10832715034484863,0.4884518086910248,direct,SAFE_PROGRESSING,NONE,1,0,"4.118,15.563;3.765,15.802;3.412,16.042;3.059,16.281;2.706,16.521;2.353,16.760;2.000,17.000",0,1,PASS_THROUGH,-1,0.864714064645647,0.46678959923887287,-0.18541050791801464,0.5281174824055964,3.8438209470970746,3.916314713713073,0.0,0,0,0,DIRECT_LOCAL,PASS_THROUGH,0,BYPASS_VISIBLE,1,20,2.0,17.0,2.0,2.0,17.0,2.0,1,
279,9.333333,0.033333,4.092134952545166,15.66945743560791,2.5118019580841064,0.481495232677797,0.3092796504497528,1.5938855196894781,-0.3977315144883007,0.09217366211616895,1.6453441559384654,2.0,17.0,2.0,0.8565103200725941,0.47671882900651796,-0.1978110959471093,0.5038792951914902,1.6196022033691406,-0.35068345069885254,0.10787785798311234,0.49618959426879883,direct,SAFE_PROGRESSING,NONE,1,0,"4.105,15.616;3.755,15.847;3.404,16.078;3.053,16.308;2.702,16.539;2.351,16.769;2.000,17.000",0,1,PASS_THROUGH,-1,0.864714064645647,0.46678959923887287,-0.18541050791801464,0.5281174824055964,3.8854731405635086,3.9510996994631467,0.0,0,0,0,DIRECT_LOCAL,PASS_THROUGH,0,BYPASS_VISIBLE,1,20,2.0,17.0,2.0,2.0,17.0,2.0,1,
280,9.366667,0.033333,4.078301429748535,15.72238826751709,2.515190601348877,0.4919022425262432,0.3139651119709015,1.5920855236608822,-0.39711733362381707,0.09122449852356523,1.643399038713943,2.0,17.0,2.0,0.8535541202404242,0.4801838373326004,-0.20216044663864002,0.4958778952653664,1.6175116300582886,-0.34937307238578796,0.10739836096763611,0.5042029619216919,direct,SAFE_PROGRESSING,NONE,1,0,"4.092,15.669;3.674,15.936;3.255,16.202;2.837,16.468;2.418,16.734;2.000,17.000",0,1,PASS_THROUGH,-1,0.864714064645647,0.46678959923887287,-0.18541050791801464,0.5281174824055964,3.9270363932532324,3.9857903313106164,0.0,0,0,0,DIRECT_LOCAL,PASS_THROUGH,0,BYPASS_VISIBLE,1,20,2.0,17.0,2.0,2.0,17.0,2.0,1,
281,9.4,0.033333,4.063917636871338,15.775100708007812,2.5185770988464355,0.5024675849776319,0.3187601566314697,1.5900963166250848,-0.39651704136707566,0.09022669466933969,1.641271737607796,2.0,17.0,2.0,0.8504781265824701,0.48372974270373037,-0.20662161607284704,0.48791919707561365,1.6152191162109375,-0.348029762506485,0.10688477009534836,0.512505054473877,direct,SAFE_PROGRESSING,NONE,1,0,"4.078,15.722;3.663,15.978;3.247,16.233;2.831,16.489;2.416,16.744;2.000,17.000",0,1,PASS_THROUGH,-1,0.864714064645647,0.46678959923887287,-0.18541050791801464,0.5281174824055964,3.968498931077667,4.020372553337584,0.0,0,0,0,DIRECT_LOCAL,PASS_THROUGH,0,BYPASS_VISIBLE,1,20,2.0,17.0,2.0,2.0,17.0,2.0,1,
282,9.433333,0.033333,4.048980712890625,15.827583312988281,2.521960973739624,0.5131951195164554,0.32367265224456787,1.5879105402835665,-0.3959272618712047,0.08917328355166348,1.6389539820067747,2.0,17.0,2.0,0.8472771191190605,0.48735728499286834,-0.21119744359647408,0.48000559527203557,1.6127104759216309,-0.3466598391532898,0.10633137822151184,0.5210946798324585,direct,SAFE_PROGRESSING,NONE,1,0,"4.064,15.775;3.651,16.020;3.238,16.265;2.826,16.510;2.413,16.755;2.000,17.000",1,1,PASS_THROUGH,-1,0.8668298354188173,0.49860408785707533,0.0,0.48000559527203557,4.009846481996209,4.054835425139419,0.0,0,0,0,DIRECT_LOCAL,PASS_THROUGH,0,BYPASS_VISIBLE,1,20,2.0,17.0,2.0,2.0,17.0,2.0,1,
283,9.466667,0.033333,4.033489227294922,15.8798189163208,2.525341510772705,0.5240889743181176,0.3287142813205719,1.585520348469421,-0.3953423143269082,0.08805618821476666,1.6364364372595914,2.0,17.0,2.0,0.8439450765623331,0.49106819517141936,-0.21589056356701306,0.47213908331258947,1.6099774837493896,-0.34526777267456055,0.10573200136423111,0.5299615859985352,direct,SAFE_PROGRESSING,NONE,1,0,"4.049,15.828;3.639,16.062;3.229,16.297;2.820,16.531;2.410,16.766;2.000,17.000",0,1,PASS_THROUGH,-1,0.8472771191190605,0.48735728499286834,-0.21119744359647408,0.48000559527203557,4.051068314252945,4.089164140198029,0.0,0,0,0,DIRECT_LOCAL,PASS_THROUGH,0,BYPASS_VISIBLE,1,20,2.0,17.0,2.0,2.0,17.0,2.0,1,
284,9.5,0.033333,4.017440319061279,15.931796073913574,2.5287179946899414,0.5351539658148319,0.3338965177536011,1.582917087828635,-0.3947542843627572,0.08686957506224496,1.6337085955072077,2.0,17.0,2.0,0.8404769481582341,0.4948622295884499,-0.22070313396363234,0.464322478359909,1.60703444480896,-0.3438870310783386,0.10507818311452866,0.5389844179153442,direct,SAFE_PROGRESSING,NONE,1,0,"4.033,15.880;3.627,16.104;3.220,16.328;2.813,16.552;2.407,16.776;2.000,17.000",0,1,PASS_THROUGH,-1,0.8472771191190605,0.48735728499286834,-0.21119744359647408,0.48000559527203557,4.092149206341642,4.123347773633634,0.0,0,0,0,DIRECT_LOCAL,PASS_THROUGH,0,BYPASS_VISIBLE,1,20,2.0,17.0,2.0,2.0,17.0,2.0,1,
285,9.533333,0.033333,4.0008344650268555,15.983498573303223,2.5320892333984375,0.5463946310396757,0.33922481536865234,1.5800928493196371,-0.3941567005775536,0.08561706162093793,1.630761539380248,2.0,17.0,2.0,0.8368662849751537,0.4987409007072713,-0.22563761883512326,0.4565577759136528,1.6038721799850464,-0.3424793481826782,0.10437147319316864,0.548248291015625,direct,SAFE_PROGRESSING,NONE,1,0,"4.017,15.932;3.614,16.145;3.210,16.359;2.807,16.573;2.403,16.786;2.000,17.000",0,1,PASS_THROUGH,-1,0.8472771191190605,0.48735728499286834,-0.21119744359647408,0.48000559527203557,4.133078605869879,4.157373308663127,0.0,0,0,0,DIRECT_LOCAL,PASS_THROUGH,0,BYPASS_VISIBLE,1,20,2.0,17.0,2.0,2.0,17.0,2.0,1,
286,9.566667,0.033333,3.983668327331543,16.034910202026367,2.535454511642456,0.5578156427849654,0.34470054507255554,1.5770395136078892,-0.3935461578697915,0.08430539657048111,1.627587050128376,2.0,17.0,2.0,0.8331070594066072,0.5027047890674011,-0.23069573601515808,0.44884802358552883,1.6004770994186401,-0.34106045961380005,0.10361108183860779,0.5576980113983154,direct,SAFE_PROGRESSING,NONE,1,0,"4.001,15.983;3.601,16.187;3.201,16.390;2.800,16.593;2.400,16.797;2.000,17.000",0,1,PASS_THROUGH,-1,0.8472771191190605,0.48735728499286834,-0.21119744359647408,0.48000559527203557,4.173843042381726,4.19122555971566,0.0,0,0,0,DIRECT_LOCAL,PASS_THROUGH,0,BYPASS_VISIBLE,1,20,2.0,17.0,2.0,2.0,17.0,2.0,1,
287,9.6,0.033333,3.9659414291381836,16.086015701293945,2.5388123989105225,0.5694224049743697,0.35032185912132263,1.573751222219428,-0.3929199657037891,0.08293933884716267,1.6241791597032067,2.0,17.0,2.0,0.8291936344317399,0.506753119586513,-0.23587961422560297,0.4411955734597123,1.5968538522720337,-0.33962544798851013,0.10279658436775208,0.5673093795776367,direct,SAFE_PROGRESSING,NONE,1,0,"3.984,16.035;3.587,16.228;3.190,16.421;2.793,16.614;2.397,16.807;2.000,17.000",0,1,PASS_THROUGH,-1,0.8472771191190605,0.48735728499286834,-0.21119744359647408,0.48000559527203557,4.21442753900631,4.224891680544586,0.0,0,0,0,DIRECT_LOCAL,PASS_THROUGH,0,BYPASS_VISIBLE,1,20,2.0,17.0,2.0,2.0,17.0,2.0,1,
288,9.633333,0.033333,3.947652816772461,16.136796951293945,2.5421624183654785,0.5812193875621878,0.3560832142829895,1.570222459760209,-0.39227642654972844,0.08152036630419357,1.6205323008457426,2.0,17.0,2.0,0.8251192399844616,0.5108867307543332,-0.24119077127165112,0.4336031826951035,1.5929561853408813,-0.33813878893852234,0.10193130373954773,0.5771862268447876,direct,SAFE_PROGRESSING,NONE,1,0,"3.966,16.086;3.573,16.269;3.180,16.452;2.786,16.634;2.393,16.817;2.000,17.000",1,1,PASS_THROUGH,-1,0.8502196598491463,0.5264280862625037,0.0,0.4336031826951035,4.254819185727828,4.258356089362279,0.0,0,0,0,DIRECT_LOCAL,PASS_THROUGH,0,BYPASS_VISIBLE,1,20,2.0,17.0,2.0,2.0,17.0,2.0,1,
289,9.666667,0.033333,3.9288015365600586,16.187244415283203,2.5455029010772705,0.5932112410723995,0.3619794547557831,1.5664478884266704,-0.3916130556680398,0.08004032723294094,1.6166404134839603,2.0,17.0,2.0,0.8208775137345208,0.5151051450891311,-0.24663089211965455,0.4260737493898036,1.588823676109314,-0.33655211329460144,0.10101230442523956,0.5874233245849609,direct,SAFE_PROGRESSING,NONE,1,0,"3.948,16.137;3.558,16.309;3.169,16.482;2.779,16.655;2.390,16.827;2.000,17.000",0,1,PASS_THROUGH,-1,0.8251192399844616,0.5108867307543332,-0.24119077127165112,0.4336031826951035,4.295002264701111,4.291610471473469,0.0,0,0,0,DIRECT_LOCAL,PASS_THROUGH,0,BYPASS_VISIBLE,1,20,2.0,17.0,2.0,2.0,17.0,2.0,1,
290,9.7,0.033333,3.9093871116638184,16.237329483032227,2.548833131790161,0.6054023159181703,0.3680168688297272,1.5624207160922767,-0.3909249857783111,0.07849018744690428,1.612495441266587,2.0,17.0,2.0,0.8164597844030144,0.5194110987333831,-0.25220136987170194,0.4186094603768427,1.5844178199768066,-0.334806889295578,0.1000390276312828,0.598175048828125,direct,SAFE_PROGRESSING,NONE,1,0,"3.929,16.187;3.543,16.350;3.157,16.512;2.772,16.675;2.386,16.837;2.000,17.000",0,1,PASS_THROUGH,-1,0.8251192399844616,0.5108867307543332,-0.24119077127165112,0.4336031826951035,4.334969061086805,4.324630425114014,0.0,0,0,0,DIRECT_LOCAL,PASS_THROUGH,0,BYPASS_VISIBLE,1,20,2.0,17.0,2.0,2.0,17.0,2.0,1,
291,9.733333,0.033333,3.8894095420837402,16.287038803100586,2.5521512031555176,0.6177980843636609,0.37421587109565735,1.5581340439671034,-0.390200976579334,0.07685446062792137,1.6080874072049547,2.0,17.0,2.0,0.8118620575108322,0.5237996579249544,-0.25790292346535926,0.41121407853524616,1.5797019004821777,-0.3330422639846802,0.0989992618560791,0.609099805355072,direct,SAFE_PROGRESSING,NONE,1,0,"3.909,16.237;3.528,16.390;3.146,16.542;2.764,16.695;2.382,16.847;2.000,17.000",0,1,PASS_THROUGH,-1,0.8251192399844616,0.5108867307543332,-0.24119077127165112,0.4336031826951035,4.374694328394581,4.357404720971215,0.0,0,0,0,DIRECT_LOCAL,PASS_THROUGH,0,BYPASS_VISIBLE,1,20,2.0,17.0,2.0,2.0,17.0,2.0,1,
292,9.766667,0.033333,3.868868827819824,16.336353302001953,2.5554561614990234,0.6304039854630897,0.380588173866272,1.5535800281962677,-0.38942579435369007,0.07512069624701104,1.603404650212464,2.0,17.0,2.0,0.8070766739480726,0.5282712241391109,-0.2637361486703747,0.4038901873530148,1.5746973752975464,-0.3312903046607971,0.09788792580366135,0.6200817823410034,direct,SAFE_PROGRESSING,NONE,1,0,"3.889,16.287;3.512,16.430;3.134,16.572;2.756,16.715;2.378,16.857;2.000,17.000",0,1,PASS_THROUGH,-1,0.8251192399844616,0.5108867307543332,-0.24119077127165112,0.4336031826951035,4.4141671690839255,4.389917158507111,0.0,0,0,0,DIRECT_LOCAL,PASS_THROUGH,0,BYPASS_VISIBLE,1,20,2.0,17.0,2.0,2.0,17.0,2.0,1,
293,9.8,0.033333,3.847764730453491,16.385255813598633,2.558745861053467,0.6432258794313765,0.38712650537490845,1.5487489845865183,-0.3885854272053467,0.07329316393949584,1.5984348405156823,2.0,17.0,2.0,0.8020972923613086,0.5328236185685721,-0.2697015481641703,0.39664077628808436,1.5694172382354736,-0.32947152853012085,0.09670931845903397,0.6312749981880188,direct,SAFE_PROGRESSING,NONE,1,0,"3.869,16.336;3.402,16.502;2.934,16.668;2.467,16.834;2.000,17.000",0,1,PASS_THROUGH,-1,0.8251192399844616,0.5108867307543332,-0.24119077127165112,0.4336031826951035,4.4533713617107455,4.422152997107183,0.0,0,0,0,DIRECT_LOCAL,PASS_THROUGH,0,BYPASS_VISIBLE,1,20,2.0,17.0,2.0,2.0,17.0,2.0,1,
294,9.833333,0.033333,3.8260979652404785,16.433727264404297,2.562018632888794,0.6562688908621513,0.3938194215297699,1.5436322111626972,-0.3876731091540722,0.0713857411881897,1.593168781687995,2.0,17.0,2.0,0.7969166868535258,0.5374558137528134,-0.2757989167449734,0.38946860791710247,1.5638483762741089,-0.3275357484817505,0.09546595811843872,0.6427760720252991,direct,SAFE_PROGRESSING,NONE,1,0,"3.848,16.385;3.386,16.539;2.924,16.693;2.462,16.846;2.000,17.000",1,1,PASS_THROUGH,-1,0.8290719485605305,0.5591419355673882,0.0,0.38946860791710247,4.49229239858799,4.454096238900284,0.0,0,0,0,DIRECT_LOCAL,PASS_THROUGH,0,BYPASS_VISIBLE,1,20,2.0,17.0,2.0,2.0,17.0,2.0,1,
295,9.866667,0.033333,3.8038690090179443,16.48174476623535,2.5652730464935303,0.669538227332608,0.4006620943546295,1.5382217573573673,-0.38668464992850715,0.06940694069497819,1.5875983486746752,2.0,17.0,2.0,0.7915279432721625,0.5421659049605709,-0.28202774068808417,0.38237670377440397,1.5579595565795898,-0.3254830539226532,0.0941556990146637,0.6545748710632324,direct,SAFE_PROGRESSING,NONE,1,0,"3.826,16.434;3.370,16.575;2.913,16.717;2.457,16.858;2.000,17.000",0,1,PASS_THROUGH,-1,0.7969166868535258,0.5374558137528134,-0.2757989167449734,0.38946860791710247,4.530914309362714,4.485727318898928,0.0,0,0,0,DIRECT_LOCAL,PASS_THROUGH,0,BYPASS_VISIBLE,1,20,2.0,17.0,2.0,2.0,17.0,2.0,1,
296,9.9,0.033333,3.7810800075531006,16.529287338256836,2.5685064792633057,0.6830390550275749,0.40765437483787537,1.532512134742504,-0.3856134934777307,0.0673532129183806,1.5817166828403737,2.0,17.0,2.0,0.7859251502752276,0.5469501930464067,-0.28838714342244764,0.3753681866658298,1.5517407655715942,-0.32331183552742004,0.09277424216270447,0.6666561365127563,direct,SAFE_PROGRESSING,NONE,1,0,"3.804,16.482;3.353,16.611;2.902,16.741;2.451,16.870;2.000,17.000",0,1,PASS_THROUGH,-1,0.7969166868535258,0.5374558137528134,-0.2757989167449734,0.38946860791710247,4.569217418244636,4.517029000783831,0.0,0,0,0,DIRECT_LOCAL,PASS_THROUGH,0,BYPASS_VISIBLE,1,20,2.0,17.0,2.0,2.0,17.0,2.0,1,
297,9.933333,0.033333,3.7577321529388428,16.57633399963379,2.571718454360962,0.6967761381579056,0.41479796171188354,1.5264977190099103,-0.38445041148801107,0.06521368067895883,1.5755158612922489,2.0,17.0,2.0,0.7801017738136413,0.551805996177161,-0.29487516863198493,0.3684462730565034,1.5451819896697998,-0.32101988792419434,0.09131696075201035,0.6790010333061218,direct,SAFE_PROGRESSING,NONE,1,0,"3.781,16.529;3.336,16.647;2.891,16.765;2.445,16.882;2.000,17.000",0,1,PASS_THROUGH,-1,0.7969166868535258,0.5374558137528134,-0.2757989167449734,0.38946860791710247,4.607184343938804,4.547983467456537,0.0,0,0,0,DIRECT_LOCAL,PASS_THROUGH,0,BYPASS_VISIBLE,1,20,2.0,17.0,2.0,2.0,17.0,2.0,1,
298,9.966667,0.033333,3.733828067779541,16.622865676879883,2.5749058723449707,0.7107547440252023,0.42209455370903015,1.5201718481352173,-0.3831817134249868,0.06297750954570278,1.5689859273029603,2.0,17.0,2.0,0.774051440957777,0.5567295547900787,-0.30149057957825154,0.3616138936125835,1.5382840633392334,-0.31860408186912537,0.08978015929460526,0.6915913820266724,direct,SAFE_PROGRESSING,NONE,1,0,"3.758,16.576;3.318,16.682;2.879,16.788;2.439,16.894;2.000,17.000",0,1,PASS_THROUGH,-1,0.7969166868535258,0.5374558137528134,-0.2757989167449734,0.38946860791710247,4.765160638553368,4.578575143456903,0.0,0,0,0,DIRECT_LOCAL,PASS_THROUGH,0,BYPASS_VISIBLE,1,20,2.0,17.0,2.0,2.0,17.0,2.0,1,
299,10.0,0.033333,3.7093706130981445,16.668855667114258,2.578066349029541,0.7249798280348916,0.4295446276664734,1.5135270686771094,-0.3817927391092808,0.06063977043572837,1.562116213670861,2.0,17.0,2.0,0.7677673964006964,0.561718167573872,-0.3082303120096194,0.35487406590481674,1.5310418605804443,-0.31605061888694763,0.08816172182559967,0.7044309377670288,direct,SAFE_PROGRESSING,NONE,1,0,"3.734,16.623;3.300,16.717;2.867,16.811;2.433,16.906;2.000,17.000",0,1,PASS_THROUGH,-1,0.7969166868535258,0.5374558137528134,-0.2757989167449734,0.38946860791710247,4.71689605188134,4.6087816107978865,0.0,0,0,0,DIRECT_LOCAL,PASS_THROUGH,0,BYPASS_VISIBLE,1,20,2.0,17.0,2.0,2.0,17.0,2.0,1,
300,10.033333,0.033333,3.6843628883361816,16.714284896850586,2.581198215484619,0.7394567581871268,0.43714773654937744,1.506555741375163,-0.3802675754713499,0.058201209407345696,1.554895820176324,2.0,17.0,2.0,0.7612456707537332,0.5667651974935425,-0.315090843517873,0.3482300654524747,1.523447036743164,-0.3133280575275421,0.08646062016487122,0.7175687551498413,direct,SAFE_PROGRESSING,NONE,1,0,"3.709,16.669;3.282,16.752;2.855,16.834;2.427,16.917;2.000,17.000",1,1,PASS_THROUGH,-1,0.802103613166292,0.5971848907545962,0.0,0.3482300654524747,4.714060750117305,4.638587204035184,0.0,0,0,0,DIRECT_LOCAL,PASS_THROUGH,0,BYPASS_VISIBLE,1,20,2.0,17.0,2.0,2.0,17.0,2.0,1,
301,10.066667,0.033333,3.658808946609497,16.759126663208008,2.5842981338500977,0.7541906509145022,0.4449045658111572,1.4992519042343697,-0.37859118622302845,0.05566458987769693,1.5473157742369188,2.0,17.0,2.0,0.7544799794660242,0.5718668572789645,-0.3220687164734083,0.3416847353787924,1.515502691268921,-0.31043800711631775,0.08467350155115128,0.7309701442718506,direct,SAFE_PROGRESSING,NONE,1,0,"3.684,16.714;3.263,16.786;2.842,16.857;2.421,16.929;2.000,17.000",0,1,PASS_THROUGH,-1,0.7612456707537332,0.5667651974935425,-0.315090843517873,0.3482300654524747,4.749040904104683,4.667969670920714,0.0,0,0,0,DIRECT_LOCAL,PASS_THROUGH,0,BYPASS_VISIBLE,1,20,2.0,17.0,2.0,2.0,17.0,2.0,1,
302,10.1,0.033333,3.6327126026153564,16.803356170654297,2.5873639583587646,0.769186478021131,0.4528171420097351,1.4916094909316455,-0.3767486693564061,0.05303474651451409,1.5393671159398739,2.0,17.0,2.0,0.747467088205295,0.5770160159877691,-0.32915872970878424,0.3352412316961634,1.5072033405303955,-0.30738192796707153,0.08279742300510406,0.7445964813232422,direct,SAFE_PROGRESSING,NONE,1,0,"3.659,16.759;3.244,16.819;2.829,16.880;2.415,16.940;2.000,17.000",0,1,PASS_THROUGH,-1,0.7612456707537332,0.5667651974935425,-0.315090843517873,0.3482300654524747,4.697429447008195,4.696908161186123,0.0,0,0,0,DIRECT_LOCAL,PASS_THROUGH,0,BYPASS_VISIBLE,1,20,2.0,17.0,2.0,2.0,17.0,2.0,1,
303,10.133333,0.033333,3.606078863143921,16.846948623657227,2.590392589569092,0.7844498375362384,0.4608849287033081,1.4836251109938028,-0.37472486571949815,0.05031698798854302,1.5310434331657963,2.0,17.0,2.0,0.7402039449232581,0.5822051738197952,-0.33635584653385836,0.32890237082506735,1.4985404014587402,-0.30413365364074707,0.08083176612854004,0.7584807872772217,direct,SAFE_PROGRESSING,NONE,1,0,"3.633,16.803;3.225,16.853;2.816,16.902;2.408,16.951;2.000,17.000",0,1,PASS_THROUGH,-1,0.7612456707537332,0.5667651974935425,-0.315090843517873,0.3482300654524747,4.6626022115228345,4.725382137535584,0.0,0,0,0,DIRECT_LOCAL,PASS_THROUGH,0,BYPASS_VISIBLE,1,20,2.0,17.0,2.0,2.0,17.0,2.0,1,
304,10.166667,0.033333,3.578914165496826,16.889867782592773,2.5933802127838135,0.7999858482696481,0.46910539269447327,1.4752970541540869,-0.3725053937368069,0.04751374689326405,1.5223400482489378,2.0,17.0,2.0,0.7326880213655719,0.587426865452669,-0.3436538099481151,0.32267098031512453,1.489510416984558,-0.3006589710712433,0.07877524942159653,0.7726673483848572,direct,SAFE_PROGRESSING,NONE,1,0,"3.606,16.847;3.205,16.885;2.803,16.923;2.402,16.962;2.000,17.000",0,1,PASS_THROUGH,-1,0.7612456707537332,0.5667651974935425,-0.315090843517873,0.3482300654524747,4.696460763556118,4.753360988373706,0.0,0,0,0,DIRECT_LOCAL,PASS_THROUGH,0,BYPASS_VISIBLE,1,20,2.0,17.0,2.0,2.0,17.0,2.0,1,
305,10.2,0.033333,3.5512237548828125,16.93210792541504,2.596325397491455,0.8157996715255539,0.4774785041809082,1.46662403158554,-0.3700745893417372,0.04462392701483019,1.5132523076350828,2.0,17.0,2.0,0.7249220452032866,0.5926680591481074,-0.35104501142146965,0.3165500938125005,1.4801198244094849,-0.29698577523231506,0.07662373781204224,0.7870595455169678,direct,SAFE_PROGRESSING,NONE,1,0,"3.579,16.890;3.184,16.917;2.789,16.945;2.395,16.972;2.000,17.000",0,1,PASS_THROUGH,-1,0.7612456707537332,0.5667651974935425,-0.315090843517873,0.3482300654524747,4.670311598321369,4.780841219689906,0.0,0,0,0,DIRECT_LOCAL,PASS_THROUGH,0,BYPASS_VISIBLE,1,20,2.0,17.0,2.0,2.0,17.0,2.0,1,
306,10.233333,0.033333,3.523015260696411,16.973634719848633,2.5992233753204346,0.8318964089150375,0.48600369691848755,1.4576061986400628,-0.3674159817144379,0.041648716184514045,1.5037768948527361,2.0,17.0,2.0,0.7168978230760586,0.5979285924565239,-0.3585232343820529,0.31054175059107153,1.4703751802444458,-0.2931070625782013,0.07437649369239807,0.8016343116760254,direct,SAFE_PROGRESSING,NONE,1,0,"3.551,16.932;3.163,16.949;2.776,16.966;2.388,16.983;2.000,17.000",1,1,PASS_THROUGH,-1,0.7679505592737234,0.6405091244558312,0.0,0.31054175059107153,4.676848262144267,4.807794016383542,0.0,0,0,0,DIRECT_LOCAL,PASS_THROUGH,0,BYPASS_VISIBLE,1,20,2.0,17.0,2.0,2.0,17.0,2.0,1,
307,10.266667,0.033333,3.494295835494995,17.014419555664062,2.6020712852478027,0.8482811044750669,0.4946764409542084,1.4482448897433915,-0.3645140935388782,0.03859241174626148,1.4939120319820414,2.0,17.0,2.0,0.7086192650645642,0.6031955372676785,-0.3660790638642338,0.3046486902851622,1.4602607488632202,-0.2889706492424011,0.072035051882267,0.8164656758308411,direct,SAFE_PROGRESSING,NONE,1,0,"3.523,16.974;3.142,16.980;2.762,16.987;2.381,16.993;2.000,17.000",0,1,PASS_THROUGH,-1,0.7168978230760586,0.5979285924565239,-0.3585232343820529,0.31054175059107153,4.626655953607163,4.834195297079215,0.0,0,0,0,DIRECT_LOCAL,PASS_THROUGH,0,BYPASS_VISIBLE,1,20,2.0,17.0,2.0,2.0,17.0,2.0,1,
308,10.3,0.033333,3.465074062347412,17.054433822631836,2.6048648357391357,0.864958861561716,0.5034912824630737,1.4385432730081886,-0.3613533721130109,0.035454391976089475,1.4836576497847977,2.0,17.0,2.0,0.7000891162301717,0.6084576243389204,-0.3737038248665572,0.2988730812611423,1.4497575759887695,-0.2845216691493988,0.06959980726242065,0.8316421508789062,direct,SAFE_PROGRESSING,NONE,1,0,"3.494,17.014;2.996,17.010;2.498,17.005;2.000,17.000",0,1,PASS_THROUGH,-1,0.7168978230760586,0.5979285924565239,-0.3585232343820529,0.31054175059107153,4.635269235850303,4.86002125914769,0.0,0,0,0,DIRECT_LOCAL,PASS_THROUGH,0,BYPASS_VISIBLE,1,20,2.0,17.0,2.0,2.0,17.0,2.0,1,
309,10.333333,0.033333,3.435359239578247,17.09364891052246,2.607600212097168,0.8819346036625156,0.5124470591545105,1.428504491543313,-0.35791625381542197,0.03222589736050565,1.4730131145259278,2.0,17.0,2.0,0.6913116044566089,0.6137034483622654,-0.3813873923085204,0.29321698785776124,1.4388692378997803,-0.2797502875328064,0.06706921011209488,0.8471574783325195,direct,SAFE_PROGRESSING,NONE,1,0,"3.465,17.054;2.977,17.036;2.488,17.018;2.000,17.000",0,1,PASS_THROUGH,-1,0.7168978230760586,0.5979285924565239,-0.3585232343820529,0.31054175059107153,4.645627121047136,4.885248076231666,0.0,0,0,0,DIRECT_LOCAL,PASS_THROUGH,0,BYPASS_VISIBLE,1,20,2.0,17.0,2.0,2.0,17.0,2.0,1,
310,10.366667,0.033333,3.4051613807678223,17.13204002380371,2.6102733612060547,0.899213082942949,0.5215498208999634,1.4181310889616632,-0.35418169917729503,0.02890010054724365,1.4619766336447888,2.0,17.0,2.0,0.6822922091758595,0.6189211920776727,-0.38911938951313857,0.2876822041826493,1.4276299476623535,-0.27472323179244995,0.0644414946436882,0.862852156162262,direct,SAFE_PROGRESSING,NONE,1,0,"3.435,17.094;2.957,17.062;2.478,17.031;2.000,17.000",0,1,PASS_THROUGH,-1,0.7168978230760586,0.5979285924565239,-0.3585232343820529,0.31054175059107153,4.657703428830902,4.909855439922714,0.0,0,0,0,DIRECT_LOCAL,PASS_THROUGH,0,BYPASS_VISIBLE,1,20,2.0,17.0,2.0,2.0,17.0,2.0,1,
311,10.4,0.033333,3.3744916915893555,17.16957664489746,2.612879753112793,0.9167992355173771,0.5308046936988831,1.4074268068985676,-0.3501274866225772,0.02548621823873764,1.4505478347801748,2.0,17.0,2.0,0.673036415417329,0.6241003671113011,-0.3968887946185077,0.2822703012282672,1.4160817861557007,-0.2694111466407776,0.061717718839645386,0.8787261843681335,direct,SAFE_PROGRESSING,NONE,1,0,"3.405,17.132;2.937,17.088;2.468,17.044;2.000,17.000",0,1,PASS_THROUGH,-1,0.7168978230760586,0.5979285924565239,-0.3585232343820529,0.31054175059107153,4.627541530734432,4.933817861804334,0.0,0,0,0,DIRECT_LOCAL,PASS_THROUGH,0,BYPASS_VISIBLE,1,20,2.0,17.0,2.0,2.0,17.0,2.0,1,
312,10.433333,0.033333,3.3433616161346436,17.206228256225586,2.61541485786438,0.9346985573155423,0.5402137637138367,1.3963987584224178,-0.345734171762723,0.022004577403215916,1.4387306250562752,2.0,17.0,2.0,0.6635541789035625,0.6292271322971451,-0.40468391077571886,0.2769825733682787,1.4041692018508911,-0.2637231647968292,0.0589030459523201,0.8949083089828491,direct,SAFE_PROGRESSING,NONE,1,0,"3.374,17.170;2.916,17.113;2.458,17.057;2.000,17.000",1,1,PASS_THROUGH,-1,0.7256267333683194,0.688088543591028,0.0,0.2769825733682787,4.622995030923016,4.957109592853749,0.0,0,0,0,DIRECT_LOCAL,PASS_THROUGH,0,BYPASS_VISIBLE,1,20,2.0,17.0,2.0,2.0,17.0,2.0,1,
313,10.466667,0.033333,3.3117830753326416,17.241966247558594,2.6178739070892334,0.952916542277894,0.549774169921875,1.385058417672088,-0.34098369910241083,0.01846582925316919,1.4265334522077915,2.0,17.0,2.0,0.6538571128131961,0.6342873557476135,-0.4124929409848021,0.27181983190118614,1.391940712928772,-0.25775688886642456,0.05599448084831238,0.9111523032188416,direct,SAFE_PROGRESSING,NONE,1,0,"3.343,17.206;2.896,17.137;2.448,17.069;2.000,17.000",0,1,PASS_THROUGH,-1,0.6635541789035625,0.6292271322971451,-0.40468391077571886,0.2769825733682787,4.574916350458796,4.979706503721487,0.0,0,0,0,DIRECT_LOCAL,PASS_THROUGH,0,BYPASS_VISIBLE,1,20,2.0,17.0,2.0,2.0,17.0,2.0,1,
314,10.5,0.033333,3.2797701358795166,17.276763916015625,2.620252847671509,0.9714582187085617,0.5594778656959534,1.3734204012880584,-0.3358598640847975,0.014878338241772517,1.413968462139855,2.0,17.0,2.0,0.6439573739119849,0.6392680030797186,-0.42030384345476673,0.26678249580411,1.3793565034866333,-0.25145354866981506,0.052998267114162445,0.9275169968605042,direct,SAFE_PROGRESSING,NONE,1,0,"3.312,17.242;2.875,17.161;2.437,17.081;2.000,17.000",0,1,PASS_THROUGH,-1,0.6635541789035625,0.6292271322971451,-0.40468391077571886,0.2769825733682787,4.5911283791237,5.001586667106834,0.0,0,0,0,DIRECT_LOCAL,PASS_THROUGH,0,BYPASS_VISIBLE,1,20,2.0,17.0,2.0,2.0,17.0,2.0,1,
315,10.533333,0.033333,3.247337579727173,17.310588836669922,2.6225457191467285,0.9903286765631888,0.5693073868751526,1.3615003961035184,-0.3303484129219412,0.011239048418594848,1.401049506162947,2.0,17.0,2.0,0.6338680315755185,0.6441567125088679,-0.42810448289681025,0.26187095034748553,1.3663969039916992,-0.24475660920143127,0.04991937056183815,0.9440524578094482,blocked,NO_SAFE_CANDIDATE,NO_SAFE_CANDIDATE,0,0,,0,1,PASS_THROUGH,-1,0.6635541789035625,0.6292271322971451,-0.40468391077571886,0.2769825733682787,4.60899945447583,5.022722643491803,0.0,0,0,0,DIRECT_LOCAL,PASS_THROUGH,0,BYPASS_VISIBLE,1,20,2.0,17.0,2.0,2.0,17.0,2.0,1,
316,10.566667,0.033333,3.2145001888275146,17.343408584594727,2.6247477531433105,1.0095321213725026,0.5792419910430908,1.349312641979111,-0.32443416435932965,0.007534078178173816,1.387789211350982,2.0,17.0,2.0,0.6236062670723013,0.6489391854419178,-0.435882045129333,0.25708492474383765,1.3530950546264648,-0.23771776258945465,0.04675858095288277,0.9605971574783325,blocked,NO_SAFE_CANDIDATE,NO_SAFE_CANDIDATE,0,0,,0,1,PASS_THROUGH,-1,0.6635541789035625,0.6292271322971451,-0.40468391077571886,0.2769825733682787,4.623270975890248,5.0430865877793964,0.0,0,0,0,DIRECT_LOCAL,PASS_THROUGH,0,BYPASS_VISIBLE,1,20,2.0,17.0,2.0,2.0,17.0,2.0,1,
317,10.6,0.033333,3.181274890899658,17.375200271606445,2.6268539428710938,1.029071805149351,0.5892626643180847,1.3368694366691687,-0.3181009366651702,0.0037546105224682547,1.3741987460726248,2.0,17.0,2.0,0.61318996215372,0.6536015290863801,-0.4436249671624278,0.2524234667882859,1.339421033859253,-0.23027630150318146,0.04352553188800812,0.9771984815597534,blocked,NO_SAFE_CANDIDATE,NO_SAFE_CANDIDATE,0,0,,0,1,PASS_THROUGH,-1,0.6635541789035625,0.6292271322971451,-0.40468391077571886,0.2769825733682787,4.5768557147370545,5.0626599930445755,0.0,0,0,0,DIRECT_LOCAL,PASS_THROUGH,0,BYPASS_VISIBLE,1,20,2.0,17.0,2.0,2.0,17.0,2.0,1,
318,10.633333,0.033333,3.147679090499878,17.40593147277832,2.628859043121338,1.0489504601098005,0.5993470549583435,1.3241806284919362,-0.31133169522831033,-0.00010568649992451912,1.3602873859948377,2.0,17.0,2.0,0.6026340317650808,0.658134991076042,-0.4513209027730728,0.2478859101831768,1.325369119644165,-0.2224275767803192,0.04022572189569473,0.9937945604324341,blocked,NO_SAFE_CANDIDATE,NO_SAFE_CANDIDATE,0,0,,1,1,PASS_THROUGH,-1,0.6753248340583516,0.737520419042117,0.0,0.2478859101831768,4.5309155480394,5.0814150782833725,0.0,0,0,0,DIRECT_LOCAL,PASS_THROUGH,0,BYPASS_VISIBLE,1,20,2.0,17.0,2.0,2.0,17.0,2.0,1,
319,10.666667,0.033333,3.113732099533081,17.435571670532227,2.6307575702667236,1.0691700236542843,0.6094701290130615,1.311254734689395,-0.3041072699464083,-0.004048792364854899,1.3460633728020484,2.0,17.0,2.0,0.5919587693895797,0.6625267862307477,-0.45895868318349925,0.24347054486016195,1.310926079750061,-0.21417108178138733,0.03687037527561188,1.0103445053100586,blocked,NO_SAFE_CANDIDATE,NO_SAFE_CANDIDATE,0,0,,0,1,PASS_THROUGH,-1,0.6026340317650808,0.658134991076042,-0.4513209027730728,0.2478859101831768,4.555121532421542,5.099326021071488,0.0,0,0,0,DIRECT_LOCAL,PASS_THROUGH,0,BYPASS_VISIBLE,1,20,2.0,17.0,2.0,2.0,17.0,2.0,1,
320,10.7,0.033333,3.0794551372528076,17.464092254638672,2.632544994354248,1.0897317310700105,0.6196051836013794,1.29809913072429,-0.29640723006364195,-0.008072195419951002,1.3315343628911933,2.0,17.0,2.0,0.5811847874397132,0.666765681161525,-0.4665273510458557,0.23917540590124223,1.2960602045059204,-0.20544223487377167,0.033474117517471313,1.0269157886505127,blocked,NO_SAFE_CANDIDATE,NO_SAFE_CANDIDATE,0,0,,0,1,PASS_THROUGH,-1,0.6026340317650808,0.658134991076042,-0.4513209027730728,0.2478859101831768,4.580883834240681,5.116368928371154,0.0,0,0,0,DIRECT_LOCAL,PASS_THROUGH,0,BYPASS_VISIBLE,1,20,2.0,17.0,2.0,2.0,17.0,2.0,1,
321,10.733333,0.033333,3.0448696613311768,17.49146270751953,2.63421630859375,1.1106356325519213,0.6297261714935303,1.2847182828609338,-0.2882106053501541,-0.01217253608062218,1.3167059618563601,2.0,17.0,2.0,0.5703323492974783,0.6708420000751578,-0.47401690083791437,0.23499829907104294,1.2808210849761963,-0.19631320238113403,0.030041631311178207,1.0433224439620972,blocked,NO_SAFE_CANDIDATE,NO_SAFE_CANDIDATE,0,0,,0,1,PASS_THROUGH,-1,0.6026340317650808,0.658134991076042,-0.4513209027730728,0.2478859101831768,4.53645110692068,5.132517672964077,0.0,0,0,0,DIRECT_LOCAL,PASS_THROUGH,0,BYPASS_VISIBLE,1,20,2.0,17.0,2.0,2.0,17.0,2.0,1,
322,10.766667,0.033333,3.009999990463257,17.517656326293945,2.6357674598693848,1.1318814464103857,0.6398119330406189,1.2711175257359988,-0.27949600044199735,-0.016331555106669067,1.3015853787548795,2.0,17.0,2.0,0.559423369313162,0.6747456695844454,-0.48141850322079255,0.23093619915922722,1.265238642692566,-0.18688204884529114,0.026581205427646637,1.0593650341033936,blocked,NO_SAFE_CANDIDATE,NO_SAFE_CANDIDATE,0,0,,0,1,PASS_THROUGH,-1,0.6026340317650808,0.658134991076042,-0.4513209027730728,0.2478859101831768,4.563469890267748,5.147750108032124,0.0,0,0,0,DIRECT_LOCAL,PASS_THROUGH,0,BYPASS_VISIBLE,1,20,2.0,17.0,2.0,2.0,17.0,2.0,1,
323,10.8,0.033333,2.974872350692749,17.542640686035156,2.637193202972412,1.153467654529464,0.6498369574546814,1.257304833449561,-0.27025007841089815,-0.020512845084688265,1.2861847946194174,2.0,17.0,2.0,0.5484784273060944,0.6784690466417691,-0.4887240197993571,0.22698617163941265,1.2492694854736328,-0.17707127332687378,0.023118745535612106,1.0751618146896362,blocked,NO_SAFE_CANDIDATE,NO_SAFE_CANDIDATE,0,0,,0,1,PASS_THROUGH,-1,0.6026340317650808,0.658134991076042,-0.4513209027730728,0.2478859101831768,4.520970783805928,5.162038588509172,0.0,0,0,0,DIRECT_LOCAL,PASS_THROUGH,0,BYPASS_VISIBLE,1,20,2.0,17.0,2.0,2.0,17.0,2.0,1,
324,10.833333,0.033333,2.939514636993408,17.56638526916504,2.638490676879883,1.175392962319163,0.659764289855957,1.243291211549072,-0.2604670196473303,-0.024686304633698912,1.2705217505716262,2.0,17.0,2.0,0.5375223705145548,0.682001923016309,-0.4959264846713372,0.22314434918105466,1.2329095602035522,-0.1669646054506302,0.019662847742438316,1.0905585289001465,blocked,NO_SAFE_CANDIDATE,NO_SAFE_CANDIDATE,0,0,,1,1,PASS_THROUGH,-1,0.6190054573584467,0.7853866842266045,0.0,0.22314434918105466,4.483189287961443,5.175357156254018,0.0,0,0,0,DIRECT_LOCAL,PASS_THROUGH,0,BYPASS_VISIBLE,1,20,2.0,17.0,2.0,2.0,17.0,2.0,1,
325,10.866667,0.033333,2.9039552211761475,17.588863372802734,2.639655828475952,1.1976538731412802,0.6695522665977478,1.2290887563083657,-0.2501492558295565,-0.028837212285086886,1.2546176333401744,2.0,17.0,2.0,0.5265779735995896,0.6853357119313526,-0.5030214703879905,0.21940647449444234,1.2160546779632568,-0.156465083360672,0.016234630718827248,1.1056746244430542,blocked,NO_SAFE_CANDIDATE,NO_SAFE_CANDIDATE,0,0,,0,1,PASS_THROUGH,-1,0.5375223705145548,0.682001923016309,-0.4959264846713372,0.22314434918105466,4.515613616824178,5.18768305171931,0.0,0,0,0,DIRECT_LOCAL,PASS_THROUGH,0,BYPASS_VISIBLE,1,20,2.0,17.0,2.0,2.0,17.0,2.0,1,
326,10.9,0.033333,2.8682267665863037,17.610048294067383,2.640686273574829,1.2202459990276255,0.6791523098945618,1.2147035105325683,-0.23930296487592428,-0.03297666683053139,1.238490205069788,2.0,17.0,2.0,0.5156659157033952,0.6884646278635035,-0.5100050191542691,0.21576794142969707,1.1987261772155762,-0.14569057524204254,0.012837919406592846,1.1203079223632812,blocked,NO_SAFE_CANDIDATE,NO_SAFE_CANDIDATE,0,0,,0,1,PASS_THROUGH,-1,0.5375223705145548,0.682001923016309,-0.4959264846713372,0.22314434918105466,4.47407484856746,5.1989940248192035,0.0,0,0,0,DIRECT_LOCAL,PASS_THROUGH,0,BYPASS_VISIBLE,1,20,2.0,17.0,2.0,2.0,17.0,2.0,1,
327,10.933333,0.033333,2.8323631286621094,17.62991714477539,2.6415793895721436,1.2431628373469532,0.6885197162628174,1.2001342828841273,-0.2279349449792689,-0.03711982932537167,1.2221515936354401,2.0,17.0,2.0,0.504806635370258,0.6913831253649494,-0.5168748734914034,0.21222409281808058,1.1808791160583496,-0.13470444083213806,0.009484262205660343,1.134342074394226,blocked,NO_SAFE_CANDIDATE,NO_SAFE_CANDIDATE,0,0,,0,1,PASS_THROUGH,-1,0.5375223705145548,0.682001923016309,-0.4959264846713372,0.22314434918105466,4.508612897668546,5.209271140976861,0.0,0,0,0,DIRECT_LOCAL,PASS_THROUGH,0,BYPASS_VISIBLE,1,20,2.0,17.0,2.0,2.0,17.0,2.0,1,
328,10.966667,0.033333,2.796400547027588,17.648439407348633,2.6423330307006836,1.2663959074374225,0.697608232498169,1.1853701985327039,-0.21605702598101398,-0.04127101150857156,1.2056062551414384,2.0,17.0,2.0,0.4940176312965846,0.6940883569529428,-0.5236295758553715,0.2087701115809594,1.1625093221664429,-0.12348751723766327,0.006196395494043827,1.1477985382080078,blocked,NO_SAFE_CANDIDATE,NO_SAFE_CANDIDATE,0,0,,0,1,PASS_THROUGH,-1,0.5375223705145548,0.682001923016309,-0.4959264846713372,0.22314434918105466,4.481040087992647,5.21848796735268,0.0,0,0,0,DIRECT_LOCAL,PASS_THROUGH,0,BYPASS_VISIBLE,1,20,2.0,17.0,2.0,2.0,17.0,2.0,1,
329,11.0,0.033333,2.7603790760040283,17.665605545043945,2.642946243286133,1.2899357338002715,0.7063717842102051,1.1703931779232306,-0.20368525509515364,-0.04542176337627193,1.188852812866516,2.0,17.0,2.0,0.4833195569273644,0.6965735957941398,-0.5302710924932252,0.2053998535840264,1.1435269117355347,-0.11205421388149261,0.0029980959370732307,1.1607052087783813,blocked,NO_SAFE_CANDIDATE,NO_SAFE_CANDIDATE,0,0,,0,1,PASS_THROUGH,-1,0.5375223705145548,0.682001923016309,-0.4959264846713372,0.22314434918105466,4.5051892971749155,5.226638604072015,0.0,0,0,0,DIRECT_LOCAL,PASS_THROUGH,0,BYPASS_VISIBLE,1,20,2.0,17.0,2.0,2.0,17.0,2.0,1,
330,11.033333,0.033333,2.7243404388427734,17.681385040283203,2.6434452533721924,1.3137714132443563,0.7147658467292786,1.1553641353094262,-0.19071648028879065,-0.04574599215253587,1.1718923827771313,-1.054454677409003,14.433416900515187,2.642946243286133,0.573576436351046,0.8191520442889918,0.0,1.0,1.1667189598083496,-0.03525683283805847,0.010765242390334606,1.271261215209961,macro_turn_left,SAFE_HOLD,NONE,0,0,,1,1,TURN_LEFT,0,0.5735764363510462,0.8191520442889918,0.0,1.0,4.480581852621034,5.233696390275042,0.0,0,0,0,DIRECT_LOCAL,TURN_LEFT,1,GOAL_OUTSIDE_FOV,1,20,2.0,17.0,2.0,2.0,17.0,2.0,1,
331,11.066667,0.033333,2.6883013248443604,17.69571876525879,2.643925189971924,1.3379635282677262,0.7347197532653809,1.1417849655388228,-0.17580799188241134,-0.03726511405797432,1.155841704674983,-1.0904933145702578,14.449196395754445,2.6434452533721924,0.5932236868354299,0.8050376745080814,0.0,1.0,1.1925259828567505,-0.009534676559269428,0.013264351524412632,1.3223878145217896,macro_turn_left,SAFE_HOLD,NONE,0,0,,0,1,TURN_LEFT,0,0.573576436351046,0.8191520442889918,0.0,1.0,4.521187716509281,5.239600376439885,0.0,0,0,0,DIRECT_LOCAL,TURN_LEFT,1,GOAL_OUTSIDE_FOV,1,20,2.0,17.0,2.0,2.0,17.0,2.0,1,
332,11.1,0.033333,2.6521999835968018,17.708511352539062,2.644376039505005,1.3629172018228526,0.769389808177948,1.1322855551376407,-0.15776337002456342,-0.020650893962929386,1.143409952167782,-1.1265324285686709,14.46353012073003,2.643925189971924,0.613125563003942,0.7899854707468353,0.0,1.0,1.2307946681976318,-0.026387285441160202,0.011281720362603664,1.337091326713562,macro_turn_left,SAFE_HOLD,NONE,0,0,,0,1,TURN_LEFT,0,0.573576436351046,0.8191520442889918,0.0,1.0,4.4839314652928115,5.244237046953793,0.0,0,0,0,DIRECT_LOCAL,TURN_LEFT,1,GOAL_OUTSIDE_FOV,1,20,2.0,17.0,2.0,2.0,17.0,2.0,1,
333,11.133333,0.033333,2.61588191986084,17.71967124938965,2.644685983657837,1.3892731606166406,0.8086258769035339,1.129535053006115,-0.13798420196606714,0.0039646068130864826,1.137938835820679,-1.1626337698162295,14.476322708010304,2.644376039505005,0.6337310397274514,0.7735534689250404,0.0,1.0,1.2810982465744019,-0.0660567358136177,0.007841167971491814,1.330966830253601,macro_turn_left,SAFE_HOLD,NONE,0,0,,0,1,TURN_LEFT,0,0.573576436351046,0.8191520442889918,0.0,1.0,4.526765371209558,5.24747877671557,0.0,0,0,0,DIRECT_LOCAL,TURN_LEFT,1,GOAL_OUTSIDE_FOV,1,20,2.0,17.0,2.0,2.0,17.0,2.0,1,
334,11.166667,0.033333,2.5791244506835938,17.72920036315918,2.644745111465454,1.4171786182599335,0.8448395729064941,1.135601840813739,-0.12017367445159109,0.034833682513118906,1.142473911443134,-1.1989518335521914,14.48748260486089,2.644685983657837,0.6550678700117081,0.7555700402201796,0.0,1.0,1.3338031768798828,-0.11602778732776642,0.004106046166270971,1.3089854717254639,macro_turn_left,SAFE_HOLD,NONE,0,0,,0,1,TURN_LEFT,0,0.573576436351046,0.8191520442889918,0.0,1.0,4.51190864121272,5.249279551485222,0.0,0,0,0,DIRECT_LOCAL,TURN_LEFT,1,GOAL_OUTSIDE_FOV,1,20,2.0,17.0,2.0,2.0,17.0,2.0,1,
335,11.2,0.033333,2.5416665077209473,17.737258911132812,2.644467353820801,1.4457571367170297,0.8732696175575256,1.1515552652672332,-0.1088242936795414,0.06667725926313621,1.1586061076838767,-1.2357093027294375,14.497011718630421,2.644745111465454,0.6763905140337588,0.7365431912149807,0.0,1.0,1.3774468898773193,-0.16860461235046387,0.000661404337733984,1.2737276554107666,macro_turn_left,SAFE_HOLD,NONE,0,0,,0,1,TURN_LEFT,0,0.573576436351046,0.8191520442889918,0.0,1.0,4.640127670149596,5.249747193531069,0.0,0,0,0,DIRECT_LOCAL,TURN_LEFT,1,GOAL_OUTSIDE_FOV,1,20,2.0,17.0,2.0,2.0,17.0,2.0,1,
336,11.233333,0.033333,2.5032448768615723,17.74416160583496,2.643779993057251,1.473626214220892,0.8912192583084106,1.1771881096835015,-0.10800058520337737,0.09258342269864853,1.1857519395485232,-1.273167245692084,14.505070266604054,2.644467353820801,0.6966519819307564,0.7174092389089711,0.0,1.0,1.4053499698638916,-0.21936917304992676,-0.0018405725713819265,1.2278510332107544,macro_turn_left,SAFE_HOLD,NONE,0,0,,1,1,TURN_LEFT,0,0.6966519819307565,0.7174092389089711,0.0,1.0,4.770725050379244,5.249148810918541,0.0,0,0,0,DIRECT_LOCAL,TURN_LEFT,1,GOAL_OUTSIDE_FOV,1,20,2.0,17.0,2.0,2.0,17.0,2.0,1,
337,11.266667,0.033333,2.463636875152588,17.75031280517578,2.6426258087158203,1.500000591586343,0.8976531624794006,1.2106875576919165,-0.12041742619780246,0.10636027312673575,1.2213014478750586,-1.311588876551459,14.511972961306203,2.643779993057251,0.7153287261498908,0.6987881034654027,0.0,1.0,1.4166560173034668,-0.26561617851257324,-0.002904724096879363,1.1744141578674316,macro_turn_left,SAFE_HOLD,NONE,0,0,,0,1,TURN_LEFT,0,0.6966519819307564,0.7174092389089711,0.0,1.0,inf,5.247856082322215,0.0,0,0,0,DIRECT_LOCAL,TURN_LEFT,1,GOAL_OUTSIDE_FOV,1,20,2.0,17.0,2.0,2.0,17.0,2.0,1,
338,11.3,0.033333,2.4227070808410645,17.7561092376709,2.640976905822754,1.5252510722364474,0.892791211605072,1.248427070626682,-0.14660746293160287,0.10407684172442949,1.2613072139031358,-1.3511968782604433,14.518124160647023,2.6426258087158203,0.7327435567354481,0.6805048714466967,0.0,1.0,1.414923906326294,-0.30352139472961426,-0.0022107521072030067,1.1191129684448242,macro_turn_left,SAFE_HOLD,NONE,0,0,,0,1,TURN_LEFT,0,0.6966519819307564,0.7174092389089711,0.0,1.0,4.9764530283980015,5.24625720689765,0.0,0,0,0,DIRECT_LOCAL,TURN_LEFT,1,GOAL_OUTSIDE_FOV,1,20,2.0,17.0,2.0,2.0,17.0,2.0,1,
339,11.333333,0.033333,2.380436658859253,17.761890411376953,2.6388487815856934,1.5504560306228932,0.8774547576904297,1.2853808365998312,-0.1844441692544408,0.08535798041467597,1.3013491197563067,-1.3921266725719668,14.52392059314214,2.640976905822754,0.7496610976887246,0.6618219085313939,0.0,1.0,1.4072132110595703,-0.32827281951904297,0.00043268315494060516,1.0715444087982178,macro_turn_left,SAFE_HOLD,NONE,0,0,,0,1,TURN_LEFT,0,0.6966519819307564,0.7174092389089711,0.0,1.0,4.945672586949638,5.244710185693793,0.0,0,0,0,DIRECT_LOCAL,TURN_LEFT,1,GOAL_OUTSIDE_FOV,1,20,2.0,17.0,2.0,2.0,17.0,2.0,1,
340,11.366667,0.033333,2.3369240760803223,17.767873764038086,2.63631272315979,1.5764901919314602,0.8527625799179077,1.3165113106888355,-0.22936619410120734,0.05425583371738894,1.3374432988581149,-1.4343970945537783,14.529701766848195,2.6388487815856934,0.7666350923461085,0.642083043837379,0.0,1.0,1.4008969068527222,-0.33843010663986206,0.004838855005800724,1.038731575012207,macro_turn_left,SAFE_HOLD,NONE,0,0,,0,1,TURN_LEFT,0,0.6966519819307564,0.7174092389089711,0.0,1.0,4.914204709873996,5.243474521397167,0.0,0,0,0,DIRECT_LOCAL,TURN_LEFT,1,GOAL_OUTSIDE_FOV,1,20,2.0,17.0,2.0,2.0,17.0,2.0,1,
341,11.4,0.033333,2.2923600673675537,17.774150848388672,2.633491277694702,1.603430815631302,0.8209131360054016,1.3386743573937399,-0.2754670625144,0.018426168491185307,1.3668469780334305,-1.477909677332709,14.535685119509328,2.63631272315979,0.7836529236254143,0.621198917653066,0.0,1.0,1.4004766941070557,-0.3396313786506653,0.010184839367866516,1.0140736103057861,macro_turn_left,SAFE_HOLD,NONE,0,0,,0,1,TURN_LEFT,0,0.6966519819307564,0.7174092389089711,0.0,1.0,4.881964677897188,5.242698392847251,0.0,0,0,0,DIRECT_LOCAL,TURN_LEFT,1,GOAL_OUTSIDE_FOV,1,20,2.0,17.0,2.0,2.0,17.0,2.0,1,
342,11.433333,0.033333,2.2469778060913086,17.780683517456055,2.630549669265747,1.6306121413831978,0.7857283353805542,1.3517279509720055,-0.317194798042668,-0.01376736079464716,1.3885137858759473,-0.32554793419592487,13.514273186371849,2.633491277694702,0.5735764363510462,0.8191520442889919,0.0,1.0,1.388649821281433,-0.2852250933647156,0.018702566623687744,1.101315975189209,macro_turn_left,SAFE_HOLD,NONE,0,0,,1,1,TURN_LEFT,0,0.5735764363510462,0.8191520442889919,0.0,1.0,4.849019653005821,5.242403044381597,0.0,0,0,0,DIRECT_LOCAL,TURN_LEFT,1,GOAL_OUTSIDE_FOV,1,20,2.0,17.0,2.0,2.0,17.0,2.0,1,
343,11.466667,0.033333,2.2010040283203125,17.78729820251465,2.6276583671569824,1.657307967146283,0.7536810040473938,1.3574732723100247,-0.34975504311666933,-0.042240221753147504,1.4024430510916959,-0.37093019547217,13.520805855439232,2.630549669265747,0.5952374068707893,0.80354989232887,0.0,1.0,1.3712924718856812,-0.26615244150161743,0.021438954398036003,1.1436891555786133,macro_turn_left,SAFE_HOLD,NONE,0,0,,0,1,TURN_LEFT,0,0.5735764363510462,0.8191520442889919,0.0,1.0,4.815560477844852,5.2424676240621695,0.0,0,0,0,DIRECT_LOCAL,TURN_LEFT,1,GOAL_OUTSIDE_FOV,1,20,2.0,17.0,2.0,2.0,17.0,2.0,1,
344,11.5,0.033333,2.1546483039855957,17.79369354248047,2.6248698234558105,1.6832866778767366,0.7317872047424316,1.3578904929632944,-0.3705941523566068,-0.06740753366585006,1.4091665594371456,-0.4169039732431661,13.527420540497825,2.6276583671569824,0.6159093994666516,0.7878169912159985,0.0,1.0,1.3665813207626343,-0.27489280700683594,0.02006339840590954,1.1453710794448853,macro_turn_left,SAFE_HOLD,NONE,0,0,,0,1,TURN_LEFT,0,0.5735764363510462,0.8191520442889919,0.0,1.0,4.781877203772825,5.2426345878283565,0.0,0,0,0,DIRECT_LOCAL,TURN_LEFT,1,GOAL_OUTSIDE_FOV,1,20,2.0,17.0,2.0,2.0,17.0,2.0,1,
345,11.533333,0.033333,2.108091115951538,17.799549102783203,2.6221764087677,1.708457268964401,0.7219215035438538,1.3549646924998688,-0.38151382513601684,-0.0837351682401313,1.4101396012776117,-0.4632596975778829,13.533815880463646,2.6248698234558105,0.6355420279137112,0.7720662735512592,0.0,1.0,1.3712018728256226,-0.29194092750549316,0.017464494332671165,1.1273943185806274,macro_turn_left,SAFE_HOLD,NONE,0,0,,0,1,TURN_LEFT,0,0.5735764363510462,0.8191520442889919,0.0,1.0,4.748349183942703,5.242616094189567,0.0,0,0,0,DIRECT_LOCAL,TURN_LEFT,1,GOAL_OUTSIDE_FOV,1,20,2.0,17.0,2.0,2.0,17.0,2.0,1,
346,11.566667,0.033333,2.0614640712738037,17.804603576660156,2.6195855140686035,1.733042517364129,0.7207754254341125,1.3508183777274412,-0.3872116454845223,-0.08700968778219496,1.4079111597586624,-0.5098168856119405,13.53967144076638,2.6221764087677,0.6543294948448821,0.7562095689529733,0.0,1.0,1.3778939247131348,-0.3081294596195221,0.015480974689126015,1.10011887550354,macro_turn_left,SAFE_HOLD,NONE,0,0,,0,1,TURN_LEFT,0,0.5735764363510462,0.8191520442889919,0.0,1.0,4.715354362030005,5.242170606868821,0.0,0,0,0,DIRECT_LOCAL,TURN_LEFT,1,GOAL_OUTSIDE_FOV,1,20,2.0,17.0,2.0,2.0,17.0,2.0,1,
347,11.6,0.033333,2.0148258209228516,17.808719635009766,2.617121458053589,1.7573737136613723,0.7232729196548462,1.3471658719510649,-0.392237574082825,-0.07877273718350594,1.4053153899375879,-0.5564439302896749,13.544725914643333,2.6195855140686035,0.6725334886224683,0.7400666906984076,0.0,1.0,1.3822340965270996,-0.3220618963241577,0.014905676245689392,1.0656012296676636,macro_turn_left,SAFE_HOLD,NONE,0,0,,0,1,TURN_LEFT,0,0.5735764363510462,0.8191520442889919,0.0,1.0,4.683195980527653,5.241167228236275,0.0,0,0,0,DIRECT_LOCAL,TURN_LEFT,1,GOAL_OUTSIDE_FOV,1,20,2.0,17.0,2.0,2.0,17.0,2.0,1,
348,11.633333,0.033333,1.9681700468063354,17.81189727783203,2.6148109436035156,1.7815869820732413,0.7249414920806885,1.3448315602922738,-0.39929915558192436,-0.0645295179390698,1.4043417674811347,-0.603082180640627,13.548841972992943,2.617121458053589,0.6902540334926673,0.7235671145423234,0.0,1.0,1.383044958114624,-0.3342711925506592,0.015891242772340775,1.0245811939239502,macro_turn_left,SAFE_HOLD,NONE,0,0,,1,1,TURN_LEFT,0,0.6902540334926673,0.7235671145423234,0.0,1.0,4.652036176719092,5.23960334013872,0.0,0,0,0,DIRECT_LOCAL,TURN_LEFT,1,GOAL_OUTSIDE_FOV,1,20,2.0,17.0,2.0,2.0,17.0,2.0,1,
349,11.666667,0.033333,1.921449899673462,17.8142032623291,2.6126811504364014,1.805625149124394,0.7226261496543884,1.3437508475263398,-0.40916830324361153,-0.050312385900117614,1.40556621216575,-0.6497379547571431,13.552019615815208,2.6148109436035156,0.7074461693075997,0.7067672300920601,0.0,1.0,1.3812651634216309,-0.34566646814346313,0.01821799762547016,0.9774163961410522,macro_turn_left,SAFE_HOLD,NONE,0,0,,0,1,TURN_LEFT,0,0.6902540334926673,0.7235671145423234,0.0,1.0,4.621889263584183,5.237539684965562,0.0,0,0,0,DIRECT_LOCAL,TURN_LEFT,1,GOAL_OUTSIDE_FOV,1,20,2.0,17.0,2.0,2.0,17.0,2.0,1,
350,11.7,0.033333,1.8746192455291748,17.81572914123535,2.6107561588287354,1.8294033239915486,0.7146245837211609,1.3432657773454644,-0.42119829455973495,-0.04010658003702938,1.408325065348839,-0.6964581018900167,13.554325600312279,2.6126811504364014,0.7240502343093567,0.6897472422536866,0.0,1.0,1.3794176578521729,-0.3533291220664978,0.021820848807692528,0.9332168698310852,macro_turn_left,SAFE_HOLD,NONE,0,0,,0,1,TURN_LEFT,0,0.6902540334926673,0.7235671145423234,0.0,1.0,4.592692220436493,5.235063741934681,0.0,0,0,0,DIRECT_LOCAL,TURN_LEFT,1,GOAL_OUTSIDE_FOV,1,20,2.0,17.0,2.0,2.0,17.0,2.0,1,
351,11.733333,0.033333,1.8276615142822266,17.816537857055664,2.6090593338012695,1.852857306791239,0.700810968875885,1.3425508810928395,-0.4338870964433017,-0.03478179756074884,1.41135064892631,-0.7432887560343038,13.555851479218529,2.6107561588287354,0.7400269341265577,0.6725772347970509,0.0,1.0,1.3813087940216064,-0.35902056097984314,0.02631278708577156,0.8912088871002197,macro_turn_left,SAFE_HOLD,NONE,0,0,,0,1,TURN_LEFT,0,0.6902540334926673,0.7235671145423234,0.0,1.0,4.5643624999139805,5.232238593658516,0.0,0,0,0,DIRECT_LOCAL,TURN_LEFT,1,GOAL_OUTSIDE_FOV,1,20,2.0,17.0,2.0,2.0,17.0,2.0,1,
352,11.766667,0.033333,1.78059983253479,17.816659927368164,2.607609748840332,1.8758998494536352,0.6823563575744629,1.3411107433112084,-0.4455139459425536,-0.032260659009813834,1.4135421649083528,-0.790246487281252,13.556660195038841,2.6090593338012695,0.7553269991291782,0.6553480940588066,0.0,1.0,1.3871067762374878,-0.36706313490867615,0.031168831512331963,0.8420925140380859,macro_turn_left,SAFE_HOLD,NONE,0,0,,0,1,TURN_LEFT,0,0.6902540334926673,0.7235671145423234,0.0,1.0,4.536857773284309,5.2290984674455565,0.0,0,0,0,DIRECT_LOCAL,TURN_LEFT,1,GOAL_OUTSIDE_FOV,1,20,2.0,17.0,2.0,2.0,17.0,2.0,1,
353,11.8,0.033333,1.7334812879562378,17.81608772277832,2.6064200401306152,1.8983879854047065,0.6604282259941101,1.3390943078175768,-0.45483131781317493,-0.029025689110004492,1.4145273357278805,-0.8373081690286885,13.556782265351341,2.607609748840332,0.7698723315014819,0.6381979263429742,0.0,1.0,1.3949453830718994,-0.37711861729621887,0.036253467202186584,0.7859704494476318,macro_turn_left,SAFE_HOLD,NONE,0,0,,0,1,TURN_LEFT,0,0.6902540334926673,0.7235671145423234,0.0,1.0,4.510184431965482,5.225640408441776,0.0,0,0,0,DIRECT_LOCAL,TURN_LEFT,1,GOAL_OUTSIDE_FOV,1,20,2.0,17.0,2.0,2.0,17.0,2.0,1,
354,11.833333,0.033333,1.6863538026809692,17.814775466918945,2.605494260787964,1.9201476781536089,0.6354751586914062,1.3371289740919834,-0.4613357573081527,-0.024141592614801987,1.414682788055805,0.440764978918998,12.986089322742442,2.6064200401306152,0.5735764363510462,0.8191520442889919,0.0,1.0,1.3926368951797485,-0.338812917470932,0.04034047946333885,0.8432431221008301,macro_turn_left,SAFE_HOLD,NONE,0,0,,1,1,TURN_LEFT,0,0.573576436351046,0.8191520442889918,0.0,1.0,4.484392957983897,5.221822071395887,0.0,0,0,0,DIRECT_LOCAL,TURN_LEFT,1,GOAL_OUTSIDE_FOV,1,20,2.0,17.0,2.0,2.0,17.0,2.0,1,
355,11.866667,0.033333,1.6392573118209839,17.812660217285156,2.604799270629883,1.9411173994274662,0.6120624542236328,1.3355952457964686,-0.4641579023178075,-0.022894218904076107,1.4141362608099068,0.39363749364372946,12.984777066883067,2.605494260787964,0.5906264629927348,0.8069450918201883,0.0,1.0,1.3751027584075928,-0.32638415694236755,0.03974965214729309,0.8640223145484924,macro_turn_left,SAFE_HOLD,NONE,0,0,,0,1,TURN_LEFT,0,0.5735764363510462,0.8191520442889919,0.0,1.0,4.45956524387396,5.217582217972456,0.0,0,0,0,DIRECT_LOCAL,TURN_LEFT,1,GOAL_OUTSIDE_FOV,1,20,2.0,17.0,2.0,2.0,17.0,2.0,1,
356,11.9,0.033333,1.5922478437423706,17.809642791748047,2.604243755340576,1.9615017589347121,0.5931118130683899,1.3340172784785296,-0.4623511920150086,-0.02885124481024808,1.4121625679659064,0.3465410027837441,12.982661817249278,2.604799270629883,0.6069516777838905,0.7947387374699441,0.0,1.0,1.3565486669540405,-0.3376034200191498,0.03648627921938896,0.8434591293334961,macro_turn_left,SAFE_HOLD,NONE,0,0,,0,1,TURN_LEFT,0,0.5735764363510462,0.8191520442889919,0.0,1.0,4.435792956569668,5.2128227739312365,0.0,0,0,0,DIRECT_LOCAL,TURN_LEFT,1,GOAL_OUTSIDE_FOV,1,20,2.0,17.0,2.0,2.0,17.0,2.0,1,
357,11.933333,0.033333,1.5454154014587402,17.805631637573242,2.6037356853485107,1.9813635560971985,0.5780614614486694,1.3312212972658402,-0.45661392751308166,-0.03935195470976427,1.4079044702793393,0.29953153470513083,12.979644391712169,2.604243755340576,0.6226158650216267,0.7825276254697798,0.0,1.0,1.3412219285964966,-0.35117805004119873,0.03301914781332016,0.8184185028076172,macro_turn_left,SAFE_HOLD,NONE,0,0,,0,1,TURN_LEFT,0,0.5735764363510462,0.8191520442889919,0.0,1.0,4.413207111255729,5.20745248367757,0.0,0,0,0,DIRECT_LOCAL,TURN_LEFT,1,GOAL_OUTSIDE_FOV,1,20,2.0,17.0,2.0,2.0,17.0,2.0,1,
358,11.966667,0.033333,1.498869776725769,17.800582885742188,2.6032354831695557,2.000652190420491,0.5655531287193298,1.3261742727263695,-0.4491772571405715,-0.049623181200199415,1.4010570545434862,0.25269909242150046,12.975633237537364,2.6037356853485107,0.6375929993385805,0.7703733946564052,0.0,1.0,1.330323338508606,-0.3555701673030853,0.030640676617622375,0.8129988312721252,macro_turn_left,SAFE_HOLD,NONE,0,0,,0,1,TURN_LEFT,0,0.5735764363510462,0.8191520442889919,0.0,1.0,4.391950170345337,5.201425432349792,0.0,0,0,0,DIRECT_LOCAL,TURN_LEFT,1,GOAL_OUTSIDE_FOV,1,20,2.0,17.0,2.0,2.0,17.0,2.0,1,
359,12.0,0.033333,1.4527136087417603,17.794527053833008,2.6027557849884033,2.019424034781575,0.5550126433372498,1.3186175583783115,-0.44220062989183906,-0.056301288091165684,1.391927978517941,0.20615346768852927,12.97058448570631,2.6032354831695557,0.6519411446047012,0.7582695720992055,0.0,1.0,1.3222002983093262,-0.35126304626464844,0.029494568705558777,0.8266843557357788,macro_turn_left,SAFE_HOLD,NONE,0,0,,0,1,TURN_LEFT,0,0.5735764363510462,0.8191520442889919,0.0,1.0,4.372132656880392,5.194766820343095,0.0,0,0,0,DIRECT_LOCAL,TURN_LEFT,1,GOAL_OUTSIDE_FOV,1,20,2.0,17.0,2.0,2.0,17.0,2.0,1,
360,12.033333,0.033333,1.4070243835449219,17.787548065185547,2.6023385524749756,2.037860990579584,0.5473859906196594,1.3090797823884186,-0.43657682179586804,-0.058205839613218915,1.3811868511365764,0.15999729970452048,12.96452865379713,2.6027557849884033,0.6658097339601179,0.7461215706330687,0.0,1.0,1.3153622150421143,-0.3436179459095001,0.029244907200336456,0.8476265072822571,macro_turn_left,SAFE_HOLD,NONE,0,0,,1,1,TURN_LEFT,0,0.6658097339601179,0.7461215706330686,0.0,1.0,4.353794240835038,5.187552327953257,0.0,0,0,0,DIRECT_LOCAL,TURN_LEFT,1,GOAL_OUTSIDE_FOV,1,20,2.0,17.0,2.0,2.0,17.0,2.0,1,
361,12.066667,0.033333,1.3618499040603638,17.77973175048828,2.60202956199646,2.056130945441061,0.5438229441642761,1.2984854571906286,-0.43196342569625434,-0.05578378476518799,1.3695870597802569,0.1143080745076821,12.957549665149669,2.6023385524749756,0.679329465396533,0.7338334125972058,0.0,1.0,1.310149908065796,-0.3380199670791626,0.029639078304171562,0.8634797930717468,macro_turn_left,SAFE_HOLD,NONE,0,0,,0,1,TURN_LEFT,0,0.6658097339601179,0.7461215706330687,0.0,1.0,4.33691119957469,5.179857657193864,0.0,0,0,0,DIRECT_LOCAL,TURN_LEFT,1,GOAL_OUTSIDE_FOV,1,20,2.0,17.0,2.0,2.0,17.0,2.0,1,
362,12.1,0.033333,1.3172171115875244,17.7711238861084,2.601865530014038,2.074349864919889,0.5445410013198853,1.2877783936830516,-0.4275357625400549,-0.04993930117943355,1.3578121936740355,0.069133595023124,12.949733350452403,2.60202956199646,0.6925856361688778,0.7213356615144929,0.0,1.0,1.308034896850586,-0.3368300199508667,0.030687080696225166,0.8684139847755432,macro_turn_left,SAFE_HOLD,NONE,0,0,,0,1,TURN_LEFT,0,0.6658097339601179,0.7461215706330687,0.0,1.0,4.3214387292377445,5.171717587982352,0.0,0,0,0,DIRECT_LOCAL,TURN_LEFT,1,GOAL_OUTSIDE_FOV,1,20,2.0,17.0,2.0,2.0,17.0,2.0,1,
363,12.133333,0.033333,1.2731374502182007,17.761734008789062,2.6018686294555664,2.092627780398036,0.5486136674880981,1.2777588594053246,-0.4227115562981387,-0.041125742601976274,1.3464932563222713,0.02450080255028464,12.94112548607252,2.601865530014038,0.7056537272715039,0.7085568552966193,0.0,1.0,1.3102021217346191,-0.3398182988166809,0.03247968107461929,0.8620135188102722,macro_turn_left,SAFE_HOLD,NONE,0,0,,0,1,TURN_LEFT,0,0.6658097339601179,0.7461215706330687,0.0,1.0,4.307353162973842,5.163130476969407,0.0,0,0,0,DIRECT_LOCAL,TURN_LEFT,1,GOAL_OUTSIDE_FOV,1,20,2.0,17.0,2.0,2.0,17.0,2.0,1,
364,12.166667,0.033333,1.2296075820922852,17.75153923034668,2.6020500659942627,2.1110666265090665,0.5543680787086487,1.2690817652401094,-0.41747758701237275,-0.029324127438056707,1.3363068386312436,-0.01957885881903909,12.931735608753185,2.6018686294555664,0.7185980031952601,0.6954257040143003,0.0,1.0,1.316490888595581,-0.3454202711582184,0.03506110981106758,0.846785306930542,macro_turn_left,SAFE_HOLD,NONE,0,0,,0,1,TURN_LEFT,0,0.6658097339601179,0.7461215706330687,0.0,1.0,4.294652996767119,5.154062659921016,0.0,0,0,0,DIRECT_LOCAL,TURN_LEFT,1,GOAL_OUTSIDE_FOV,1,20,2.0,17.0,2.0,2.0,17.0,2.0,1,
365,12.2,0.033333,1.1866028308868408,17.740510940551758,2.602414846420288,2.1297102255403337,0.5599504113197327,1.2622814426207014,-0.4123081671939876,-0.014672082319136897,1.3279938761602192,-0.06310872694495462,12.921540830310802,2.6020500659942627,0.7314376072160488,0.681908371227441,0.0,1.0,1.3252602815628052,-0.35230323672294617,0.0383494533598423,0.8250812888145447,macro_turn_left,SAFE_HOLD,NONE,0,0,,0,1,TURN_LEFT,0,0.6658097339601179,0.7461215706330687,0.0,1.0,4.28335737449872,5.144475973522733,0.0,0,0,0,DIRECT_LOCAL,TURN_LEFT,1,GOAL_OUTSIDE_FOV,1,20,2.0,17.0,2.0,2.0,17.0,2.0,1,
366,12.233333,0.033333,1.1440726518630981,17.72863006591797,2.602943181991577,2.148513560991328,0.563706636428833,1.2576845841638469,-0.4077941549994066,-0.0011228069641280626,1.322145168576638,1.0208931614621999,12.743257664455061,2.602414846420288,0.573576436351046,0.8191520442889916,0.0,1.0,1.3141906261444092,-0.3185321092605591,0.03801756352186203,0.8952922821044922,macro_turn_left,SAFE_HOLD,NONE,0,0,,1,1,TURN_LEFT,0,0.5735764363510462,0.8191520442889917,0.0,1.0,4.273480714669809,5.134344011276591,0.0,0,0,0,DIRECT_LOCAL,TURN_LEFT,1,GOAL_OUTSIDE_FOV,1,20,2.0,17.0,2.0,2.0,17.0,2.0,1,
367,12.266667,0.033333,1.1019601821899414,17.715890884399414,2.6035497188568115,2.1674084103905993,0.5669896602630615,1.2548479584655403,-0.40353766036148664,0.003195106789679533,1.3181412105319197,0.9783629824384572,12.731376789821272,2.602943181991577,0.5889508851681661,0.808168828191012,0.0,1.0,1.2882716655731201,-0.30256783962249756,0.03387930989265442,0.9358339905738831,macro_turn_left,SAFE_HOLD,NONE,0,0,,0,1,TURN_LEFT,0,0.573576436351046,0.8191520442889916,0.0,1.0,4.265018098864508,5.123655854029011,0.0,0,0,0,DIRECT_LOCAL,TURN_LEFT,1,GOAL_OUTSIDE_FOV,1,20,2.0,17.0,2.0,2.0,17.0,2.0,1,
368,12.3,0.033333,1.060259461402893,17.702274322509766,2.6041250228881836,2.1864751265175437,0.5711100697517395,1.2521244271039864,-0.39823904817358247,-0.0050451894904651046,1.31393887771756,0.9362505127653005,12.718637608302718,2.6035497188568115,0.6042520269165713,0.7967932529629094,0.0,1.0,1.2646498680114746,-0.303784042596817,0.028387412428855896,0.9458571672439575,macro_turn_left,SAFE_HOLD,NONE,0,0,,0,1,TURN_LEFT,0,0.573576436351046,0.8191520442889916,0.0,1.0,4.257951294548649,5.1123861986669334,0.0,0,0,0,DIRECT_LOCAL,TURN_LEFT,1,GOAL_OUTSIDE_FOV,1,20,2.0,17.0,2.0,2.0,17.0,2.0,1,
369,12.333333,0.033333,1.0190414190292358,17.687772750854492,2.6045889854431152,2.2057574415134797,0.5766035318374634,1.2472849679329523,-0.3913289071505436,-0.021524054257922566,1.3074101841866013,0.8945497919782521,12.70502104641307,2.6041250228881836,0.6195027640587589,0.7849944747089355,0.0,1.0,1.2499635219573975,-0.3071911036968231,0.02325502038002014,0.9527946710586548,macro_turn_left,SAFE_HOLD,NONE,0,0,,0,1,TURN_LEFT,0,0.573576436351046,0.8191520442889916,0.0,1.0,4.252297285799334,5.100516494650124,0.0,0,0,0,DIRECT_LOCAL,TURN_LEFT,1,GOAL_OUTSIDE_FOV,1,20,2.0,17.0,2.0,2.0,17.0,2.0,1,
370,12.366667,0.033333,0.9784250855445862,17.67241096496582,2.60491681098938,2.2252262873029993,0.5838655233383179,1.2390003548260857,-0.3834968805404144,-0.03828793599457557,1.2975583619576112,0.8533317496045949,12.690519474757796,2.6045889854431152,0.6346673317841353,0.7727854669738595,0.0,1.0,1.243376612663269,-0.3029654026031494,0.019435381516814232,0.9757426977157593,macro_turn_left,SAFE_HOLD,NONE,0,0,,0,1,TURN_LEFT,0,0.573576436351046,0.8191520442889916,0.0,1.0,4.248094498276028,5.088055165341012,0.0,0,0,0,DIRECT_LOCAL,TURN_LEFT,1,GOAL_OUTSIDE_FOV,1,20,2.0,17.0,2.0,2.0,17.0,2.0,1,
371,12.4,0.033333,0.938528299331665,17.656251907348633,2.6051371097564697,2.2449373331571016,0.5934739708900452,1.2276674641247474,-0.3757693717114991,-0.04878589702201818,1.2848151956352263,0.8127154161199452,12.675157688869124,2.60491681098938,0.6497754670403224,0.7601262016484701,0.0,1.0,1.2420941591262817,-0.2912287414073944,0.01729707419872284,1.01320219039917,macro_turn_left,SAFE_HOLD,NONE,0,0,,0,1,TURN_LEFT,0,0.573576436351046,0.8191520442889916,0.0,1.0,4.245368064250392,5.075045530205267,0.0,0,0,0,DIRECT_LOCAL,TURN_LEFT,1,GOAL_OUTSIDE_FOV,1,20,2.0,17.0,2.0,2.0,17.0,2.0,1,
372,12.433333,0.033333,0.8994312882423401,17.639358520507812,2.60530948638916,2.265032502597817,0.6066421270370483,1.2149631061797186,-0.3685718673245192,-0.05019931268845724,1.2706299783002704,0.7728186299070241,12.658998631251936,2.6051371097564697,0.6649181134442924,0.7469162619823475,0.0,1.0,1.244228720664978,-0.2799171507358551,0.016780931502580643,1.0472090244293213,macro_turn_left,SAFE_HOLD,NONE,0,0,,1,1,TURN_LEFT,0,0.6649181134442925,0.7469162619823476,0.0,1.0,4.244102028305877,5.061531025969458,0.0,0,0,0,DIRECT_LOCAL,TURN_LEFT,1,GOAL_OUTSIDE_FOV,1,20,2.0,17.0,2.0,2.0,17.0,2.0,1,
373,12.466667,0.033333,0.861167311668396,17.621755599975586,2.6054961681365967,2.2856373677893442,0.62380051612854,1.2028744561244602,-0.361762053802372,-0.042905675987557144,1.2568291999313093,0.7337216188176992,12.642105244411116,2.60530948638916,0.6801659893701599,0.7330581333728664,0.0,1.0,1.251057505607605,-0.2747059464454651,0.017912307754158974,1.0660321712493896,macro_turn_left,SAFE_HOLD,NONE,0,0,,0,1,TURN_LEFT,0,0.6649181134442924,0.7469162619823475,0.0,1.0,4.244259694664976,5.047519516732238,0.0,0,0,0,DIRECT_LOCAL,TURN_LEFT,1,GOAL_OUTSIDE_FOV,1,20,2.0,17.0,2.0,2.0,17.0,2.0,1,
374,12.5,0.033333,0.8237263560295105,17.603418350219727,2.6057510375976562,2.3068550063921776,0.6438058018684387,1.1930587382951074,-0.3552014649927172,-0.02866795915549892,1.2451421949469978,0.6954576422437551,12.62450232387889,2.6054961681365967,0.6955654893216812,0.7184626991463717,0.0,1.0,1.2638001441955566,-0.2797701954841614,0.020550280809402466,1.060314655303955,macro_turn_left,SAFE_HOLD,NONE,0,0,,0,1,TURN_LEFT,0,0.6649181134442924,0.7469162619823475,0.0,1.0,4.245817256137143,5.032973328564071,0.0,0,0,0,DIRECT_LOCAL,TURN_LEFT,1,GOAL_OUTSIDE_FOV,1,20,2.0,17.0,2.0,2.0,17.0,2.0,1,
375,12.533333,0.033333,0.7870602607727051,17.584293365478516,2.606106996536255,2.3287577916676905,0.663960874080658,1.1866702448283053,-0.34919193727986175,-0.009438986148380924,1.2370167232020923,0.6580166866048696,12.60616507412303,2.6057510375976562,0.7111337295330968,0.7030567677793507,0.0,1.0,1.2802300453186035,-0.292459100484848,0.02441185526549816,1.0330774784088135,macro_turn_left,SAFE_HOLD,NONE,0,0,,0,1,TURN_LEFT,0,0.6649181134442924,0.7469162619823475,0.0,1.0,4.248778808321788,5.017831211032545,0.0,0,0,0,DIRECT_LOCAL,TURN_LEFT,1,GOAL_OUTSIDE_FOV,1,20,2.0,17.0,2.0,2.0,17.0,2.0,1,
376,12.566667,0.033333,0.7510819435119629,17.564306259155273,2.6065783500671387,2.351287928395265,0.6807426810264587,1.1843541773194715,-0.34449645576783267,0.012524581458378772,1.2335029349423483,0.6213505913480641,12.58704008938182,2.606106996536255,0.7267918739761645,0.6868577523200963,0.0,1.0,1.2973289489746094,-0.3087834417819977,0.029062263667583466,0.990304708480835,macro_turn_left,SAFE_HOLD,NONE,0,0,,0,1,TURN_LEFT,0,0.6649181134442924,0.7469162619823475,0.0,1.0,4.25316157185856,5.0020173857022945,0.0,0,0,0,DIRECT_LOCAL,TURN_LEFT,1,GOAL_OUTSIDE_FOV,1,20,2.0,17.0,2.0,2.0,17.0,2.0,1,
377,12.6,0.033333,0.715667724609375,17.54340362548828,2.6071600914001465,2.374191871730783,0.6910313367843628,1.1862584875927382,-0.342061543238383,0.034564086109666284,1.2350748863113645,0.585372274087322,12.567052983058577,2.6065783500671387,0.7423316238296906,0.6700326561163825,0.0,1.0,1.313138723373413,-0.3254483938217163,0.034157246351242065,0.9383224248886108,macro_turn_left,SAFE_HOLD,NONE,0,0,,0,1,TURN_LEFT,0,0.6649181134442924,0.7469162619823475,0.0,1.0,4.258990678194364,4.985484259956153,0.0,0,0,0,DIRECT_LOCAL,TURN_LEFT,1,GOAL_OUTSIDE_FOV,1,20,2.0,17.0,2.0,2.0,17.0,2.0,1,
378,12.633333,0.033333,0.6806700229644775,17.52155876159668,2.607811689376831,2.3971048659732648,0.6928867101669312,1.1920394478137821,-0.34266396693853063,0.05071951340807483,1.2413497123786628,1.7845702341937004,12.658995020037224,2.6071600914001465,0.573576436351046,0.8191520442889917,0.0,1.0,1.3046318292617798,-0.2959941625595093,0.03479960560798645,0.9824264645576477,macro_turn_left,SAFE_HOLD,NONE,0,0,,1,1,TURN_LEFT,0,0.573576436351046,0.8191520442889917,0.0,1.0,4.266262578324508,4.968217558036592,0.0,0,0,0,DIRECT_LOCAL,TURN_LEFT,1,GOAL_OUTSIDE_FOV,1,20,2.0,17.0,2.0,2.0,17.0,2.0,1,
379,12.666667,0.033333,0.6459596753120422,17.498775482177734,2.6084249019622803,2.4198162078164875,0.688362181186676,1.2004484517902207,-0.3457853945492071,0.05275072975306411,1.2503706106505261,1.749572532548803,12.637150156145623,2.607811689376831,0.5920309586961829,0.8059152213138046,0.0,1.0,1.2811057567596436,-0.2853491008281708,0.031630367040634155,0.999516487121582,macro_turn_left,SAFE_HOLD,NONE,0,0,,0,1,TURN_LEFT,0,0.573576436351046,0.8191520442889917,0.0,1.0,4.271668866389575,4.9502350053537825,0.0,0,0,0,DIRECT_LOCAL,TURN_LEFT,1,GOAL_OUTSIDE_FOV,1,20,2.0,17.0,2.0,2.0,17.0,2.0,1,
380,12.7,0.033333,0.6115008592605591,17.475072860717773,2.6088905334472656,2.4425438716307726,0.680508017539978,1.2088595053245499,-0.3492436926876961,0.038731280016493744,1.2588933920500853,1.7148621848963677,12.614366876726677,2.6084249019622803,0.6101930528178241,0.792252761618957,0.0,1.0,1.262343168258667,-0.2922259569168091,0.02742716111242771,0.9883942008018494,macro_turn_left,SAFE_HOLD,NONE,0,0,,0,1,TURN_LEFT,0,0.573576436351046,0.8191520442889917,0.0,1.0,4.248777403227689,4.9315597913350935,0.0,0,0,0,DIRECT_LOCAL,TURN_LEFT,1,GOAL_OUTSIDE_FOV,1,20,2.0,17.0,2.0,2.0,17.0,2.0,1,
381,12.733333,0.033333,0.5773673057556152,17.450496673583984,2.6091442108154297,2.4652898651137254,0.6719661951065063,1.2141773293253053,-0.3513049441237359,0.01519306520258812,1.264069847770906,1.6804033688448845,12.590664255266717,2.6088905334472656,0.6280542309935339,0.7781695720928187,0.0,1.0,1.253781795501709,-0.29949671030044556,0.02383486181497574,0.9791409373283386,macro_turn_left,SAFE_HOLD,NONE,0,0,,0,1,TURN_LEFT,0,0.573576436351046,0.8191520442889917,0.0,1.0,4.225248260423468,4.912226277865401,0.0,0,0,0,DIRECT_LOCAL,TURN_LEFT,1,GOAL_OUTSIDE_FOV,1,20,2.0,17.0,2.0,2.0,17.0,2.0,1,
382,12.766667,0.033333,0.5436921119689941,17.425132751464844,2.6091911792755127,2.4878090710711387,0.6644923090934753,1.214797148550153,-0.35182232035059363,-0.007601973217106364,1.2647406244836337,1.6462698153399407,12.566088068132927,2.6091442108154297,0.6454172697851901,0.7638301826080396,0.0,1.0,1.2557032108306885,-0.29742127656936646,0.021785985678434372,0.990766704082489,macro_turn_left,SAFE_HOLD,NONE,0,0,,0,1,TURN_LEFT,0,0.573576436351046,0.8191520442889917,0.0,1.0,4.201124589090797,4.892297203367698,0.0,0,0,0,DIRECT_LOCAL,TURN_LEFT,1,GOAL_OUTSIDE_FOV,1,20,2.0,17.0,2.0,2.0,17.0,2.0,1,
383,12.8,0.033333,0.5106038451194763,17.39908218383789,2.609092950820923,2.5100245049022516,0.6597781777381897,1.211511502947323,-0.351456620323422,-0.021463265273958514,1.2616427979024267,1.6125946215533196,12.540724146013787,2.6091911792755127,0.6622254345516095,0.749304660223685,0.0,1.0,1.2640453577041626,-0.2905377447605133,0.021379662677645683,1.0108463764190674,macro_turn_left,SAFE_HOLD,NONE,0,0,,0,1,TURN_LEFT,0,0.573576436351046,0.8191520442889917,0.0,1.0,4.27513740505481,4.871847398105323,0.0,0,0,0,DIRECT_LOCAL,TURN_LEFT,1,GOAL_OUTSIDE_FOV,1,20,2.0,17.0,2.0,2.0,17.0,2.0,1,
384,12.833333,0.033333,0.4781893193721771,17.372413635253906,2.6089348793029785,2.532097712541399,0.6595276594161987,1.2066964624450036,-0.3506894533242692,-0.023194107894104653,1.256836270876666,1.5795063547038017,12.514673578386834,2.609092950820923,0.6786023285106066,0.734505874544229,0.0,1.0,1.2753194570541382,-0.28580042719841003,0.02244432456791401,1.0234100818634033,macro_turn_left,SAFE_HOLD,NONE,0,0,,1,1,TURN_LEFT,0,0.6786023285106065,0.734505874544229,0.0,1.0,4.249264814297638,4.8509231510985025,0.0,0,0,0,DIRECT_LOCAL,TURN_LEFT,1,GOAL_OUTSIDE_FOV,1,20,2.0,17.0,2.0,2.0,17.0,2.0,1,
385,12.866667,0.033333,0.44648313522338867,17.345144271850586,2.608795166015625,2.5542293187585883,0.6637012362480164,1.2028849708549478,-0.3497326250392577,-0.01416272297538268,1.2527752172068363,1.5470918289565025,12.48800502980285,2.6089348793029785,0.694690610647239,0.7193086649544589,0.0,1.0,1.2888998985290527,-0.29018309712409973,0.024693766608834267,1.0129361152648926,macro_turn_left,SAFE_HOLD,NONE,0,0,,0,1,TURN_LEFT,0,0.6786023285106066,0.734505874544229,0.0,1.0,4.223024234009359,4.829526839266065,0.0,0,0,0,DIRECT_LOCAL,TURN_LEFT,1,GOAL_OUTSIDE_FOV,1,20,2.0,17.0,2.0,2.0,17.0,2.0,1,
386,12.9,0.033333,0.4154726564884186,17.317228317260742,2.6087212562561035,2.5765460233684037,0.6699462532997131,1.2018978961012055,-0.3489108703769871,0.0019470588569406992,1.2515195320720822,1.515385644807714,12.460735666399529,2.608795166015625,0.7105688941738475,0.7036276335055036,0.0,1.0,1.3031662702560425,-0.30785927176475525,0.027694594115018845,0.9674620628356934,macro_turn_left,SAFE_HOLD,NONE,0,0,,0,1,TURN_LEFT,0,0.6786023285106066,0.734505874544229,0.0,1.0,4.200077924978212,4.807606778233924,0.0,0,0,0,DIRECT_LOCAL,TURN_LEFT,1,GOAL_OUTSIDE_FOV,1,20,2.0,17.0,2.0,2.0,17.0,2.0,1,
387,12.933333,0.033333,0.38510239124298096,17.288576126098633,2.608729362487793,2.599019038573425,0.6739376783370972,1.2046273576595028,-0.3489469855870001,0.020986253464384298,1.2543251143170344,1.484375166072744,12.432819711809685,2.6087212562561035,0.7262007736901559,0.6874826807213539,0.0,1.0,1.3156687021255493,-0.3326477110385895,0.031181124970316887,0.8950873017311096,macro_turn_left,SAFE_HOLD,NONE,0,0,,0,1,TURN_LEFT,0,0.6786023285106066,0.734505874544229,0.0,1.0,4.267368000194254,4.7850770280285815,0.0,0,0,0,DIRECT_LOCAL,TURN_LEFT,1,GOAL_OUTSIDE_FOV,1,20,2.0,17.0,2.0,2.0,17.0,2.0,1,
388,12.966667,0.033333,0.3552760183811188,17.25912094116211,2.6088109016418457,2.621380244006483,0.6711291670799255,1.2110833681760713,-0.35090000172323554,0.03908711677940328,1.2614997180262035,1.4540049008273064,12.404167520647576,2.608729362487793,0.7413908828746157,0.6710734377029074,0.0,1.0,1.3257349729537964,-0.3543969988822937,0.03512657433748245,0.8191405534744263,macro_turn_left,SAFE_HOLD,NONE,0,0,,0,1,TURN_LEFT,0,0.6786023285106066,0.734505874544229,0.0,1.0,4.239072926520097,4.76188411582528,0.0,0,0,0,DIRECT_LOCAL,TURN_LEFT,1,GOAL_OUTSIDE_FOV,1,20,2.0,17.0,2.0,2.0,17.0,2.0,1,
389,13.0,0.033333,0.32586556673049927,17.22882843017578,2.608948230743408,2.6432266290151114,0.6590573191642761,1.2205486889172927,-0.35572906695945417,0.05315842116104609,1.272441782101602,1.4241785279654442,12.374712335711052,2.6088109016418457,0.7558733326809306,0.6547178819475019,0.0,1.0,1.333775281906128,-0.3716711401939392,0.03933858498930931,0.7480058670043945,macro_turn_left,SAFE_HOLD,NONE,0,0,,0,1,TURN_LEFT,0,0.6786023285106066,0.734505874544229,0.0,1.0,4.2136227318480834,4.738015692460047,0.0,0,0,0,DIRECT_LOCAL,TURN_LEFT,1,GOAL_OUTSIDE_FOV,1,20,2.0,17.0,2.0,2.0,17.0,2.0,1,
390,13.033333,0.033333,0.29673582315444946,17.19770050048828,2.609112024307251,2.664266404429746,0.6376354098320007,1.2318306953728315,-0.36380045018409446,0.05950799864332663,1.2858066851278218,2.646305995006916,12.799883158576643,2.608948230743408,0.573576436351046,0.8191520442889917,0.0,1.0,1.3279852867126465,-0.34219229221343994,0.041447896510362625,0.783657431602478,macro_turn_left,SAFE_HOLD,NONE,0,0,,1,1,TURN_LEFT,0,0.573576436351046,0.8191520442889919,0.0,1.0,4.191380462291191,4.713500008157224,0.0,0,0,0,DIRECT_LOCAL,TURN_LEFT,1,GOAL_OUTSIDE_FOV,1,20,2.0,17.0,2.0,2.0,17.0,2.0,1,
391,13.066667,0.033333,0.26779231429100037,17.165781021118164,2.609243631362915,2.68453009973729,0.6114572882652283,1.2433046607065943,-0.3738033872655342,0.05323334478910545,1.299372633490241,2.617176251430866,12.768755228889143,2.609112024307251,0.5900565916462849,0.8073618882847824,0.0,1.0,1.3064754009246826,-0.3310495913028717,0.03976386785507202,0.7945659756660461,macro_turn_left,SAFE_HOLD,NONE,0,0,,0,1,TURN_LEFT,0,0.573576436351046,0.8191520442889917,0.0,1.0,4.162717264046778,4.688401251959155,0.0,0,0,0,DIRECT_LOCAL,TURN_LEFT,1,GOAL_OUTSIDE_FOV,1,20,2.0,17.0,2.0,2.0,17.0,2.0,1,
392,13.1,0.033333,0.23904383182525635,17.13312530517578,2.60927152633667,2.7044078091142087,0.5853959918022156,1.2527435990939908,-0.3826561446381777,0.03347360719801029,1.310310166517518,2.588232742567417,12.736835749519026,2.609243631362915,0.6059874710636504,0.7954741887163164,0.0,1.0,1.2867019176483154,-0.3381499946117401,0.03600059077143669,0.7772252559661865,macro_turn_left,SAFE_HOLD,NONE,0,0,,0,1,TURN_LEFT,0,0.573576436351046,0.8191520442889917,0.0,1.0,4.225216064995178,4.6627744225891865,0.0,0,0,0,DIRECT_LOCAL,TURN_LEFT,1,GOAL_OUTSIDE_FOV,1,20,2.0,17.0,2.0,2.0,17.0,2.0,1,
393,13.133333,0.033333,0.2106013149023056,17.09982681274414,2.6091463565826416,2.7238626639982053,0.5622674226760864,1.257884047642594,-0.38816078626839756,0.006514430891441371,1.3164283159823233,2.559484260101673,12.704180033576643,2.60927152633667,0.6213476528429827,0.7835349987757512,0.0,1.0,1.2735189199447632,-0.345697820186615,0.032066088169813156,0.7681329846382141,macro_turn_left,SAFE_HOLD,NONE,0,0,,0,1,TURN_LEFT,0,0.573576436351046,0.8191520442889917,0.0,1.0,4.194666978119703,4.63668814730228,0.0,0,0,0,DIRECT_LOCAL,TURN_LEFT,1,GOAL_OUTSIDE_FOV,1,20,2.0,17.0,2.0,2.0,17.0,2.0,1,
394,13.166667,0.033333,0.18261732161045074,17.065996170043945,2.6088738441467285,2.7426184018723485,0.5432904958724976,1.2577617307220812,-0.3903184698684931,-0.018474271472779136,1.31706278434095,2.531041743178722,12.670881541145002,2.6091463565826416,0.6359332833812285,0.7717440372869557,0.0,1.0,1.2702852487564087,-0.34231245517730713,0.029077371582388878,0.793670654296875,macro_turn_left,SAFE_HOLD,NONE,0,0,,0,1,TURN_LEFT,0,0.573576436351046,0.8191520442889917,0.0,1.0,4.163682750068289,4.61021475378346,0.0,0,0,0,DIRECT_LOCAL,TURN_LEFT,1,GOAL_OUTSIDE_FOV,1,20,2.0,17.0,2.0,2.0,17.0,2.0,1,
395,13.2,0.033333,0.1552269160747528,17.031761169433594,2.6085078716278076,2.760665435556103,0.5302098393440247,1.2533033089374994,-0.3902933136120049,-0.03473535459292489,1.3131277926015505,2.5030577498868674,12.637050898444807,2.6088738441467285,0.6497566605291375,0.760142277536267,0.0,1.0,1.2694705724716187,-0.33271995186805725,0.027006570249795914,0.8370974063873291,macro_turn_left,SAFE_HOLD,NONE,0,0,,0,1,TURN_LEFT,0,0.573576436351046,0.8191520442889917,0.0,1.0,4.154918480012925,4.583442919207706,0.0,0,0,0,DIRECT_LOCAL,TURN_LEFT,1,GOAL_OUTSIDE_FOV,1,20,2.0,17.0,2.0,2.0,17.0,2.0,1,
396,13.233333,0.033333,0.1285228133201599,16.997217178344727,2.6081159114837646,2.7783041776888315,0.5251184701919556,1.2465631880145407,-0.3890740210729734,-0.04063484596509515,1.3065027999562324,2.4756673443511694,12.602815897834455,2.6085078716278076,0.663062843676182,0.7485637349859096,0.0,1.0,1.2669624090194702,-0.32675597071647644,0.02546808496117592,0.8700363636016846,macro_turn_left,SAFE_HOLD,NONE,0,0,,1,1,TURN_LEFT,0,0.663062843676182,0.7485637349859097,0.0,1.0,4.200353826283502,4.556436149492294,0.0,0,0,0,DIRECT_LOCAL,TURN_LEFT,1,GOAL_OUTSIDE_FOV,1,20,2.0,17.0,2.0,2.0,17.0,2.0,1,
397,13.266667,0.033333,0.1025581955909729,16.9624080657959,2.607752561569214,2.795880699440832,0.5278702974319458,1.2394668541022325,-0.3872613164006758,-0.03843251593044091,1.2991252702796643,2.4489632415965765,12.568271906745588,2.6081159114837646,0.6761168942785296,0.7367943710908462,0.0,1.0,1.2640323638916016,-0.32911598682403564,0.024454448372125626,0.8792343735694885,macro_turn_left,SAFE_HOLD,NONE,0,0,,0,1,TURN_LEFT,0,0.663062843676182,0.7485637349859096,0.0,1.0,4.168579295545323,4.529215246731643,0.0,0,0,0,DIRECT_LOCAL,TURN_LEFT,1,GOAL_OUTSIDE_FOV,1,20,2.0,17.0,2.0,2.0,17.0,2.0,1,
398,13.3,0.033333,0.07735565304756165,16.927339553833008,2.6074531078338623,2.8136455072305826,0.5358667373657227,1.2331815573821212,-0.38543068435689465,-0.03147692523978361,1.2923948168937263,2.4229986238673895,12.53346279419676,2.607752561569214,0.6890985316984825,0.7246676573512822,0.0,1.0,1.262180209159851,-0.33915549516677856,0.024113468825817108,0.8642848134040833,macro_turn_left,SAFE_HOLD,NONE,0,0,,0,1,TURN_LEFT,0,0.663062843676182,0.7485637349859096,0.0,1.0,4.148685650761909,4.50177058944172,0.0,0,0,0,DIRECT_LOCAL,TURN_LEFT,1,GOAL_OUTSIDE_FOV,1,20,2.0,17.0,2.0,2.0,17.0,2.0,1,
399,13.333333,0.033333,0.052909690886735916,16.891983032226562,2.6072378158569336,2.8317144645120362,0.5453168749809265,1.2281283888794352,-0.3843277332788815,-0.022421630562386625,1.287054729083404,2.3977960813239783,12.49839428223387,2.6074531078338623,0.7020793202802382,0.7120987487946026,0.0,1.0,1.262779951095581,-0.35107526183128357,0.024719342589378357,0.8380615711212158,macro_turn_left,SAFE_HOLD,NONE,0,0,,0,1,TURN_LEFT,0,0.663062843676182,0.7485637349859096,0.0,1.0,4.11735587305102,4.474066445022125,0.0,0,0,0,DIRECT_LOCAL,TURN_LEFT,1,GOAL_OUTSIDE_FOV,1,20,2.0,17.0,2.0,2.0,17.0,2.0,1,
400,13.366667,0.033333,0.029185621067881584,16.856319427490234,2.607123613357544,2.850056775653643,0.5528613924980164,1.2242598017660988,-0.38470581033076745,-0.012813886074872384,1.2833451672870242,2.3733501191631525,12.463037760627424,2.6072378158569336,0.7150220240970189,0.6991019275157253,0.0,1.0,1.2659618854522705,-0.36049172282218933,0.026417050510644913,0.8122071027755737,macro_turn_left,SAFE_HOLD,NONE,0,0,,0,1,TURN_LEFT,0,0.663062843676182,0.7485637349859096,0.0,1.0,4.171704952973912,4.446084664698575,0.0,0,0,0,DIRECT_LOCAL,TURN_LEFT,1,GOAL_OUTSIDE_FOV,1,20,2.0,17.0,2.0,2.0,17.0,2.0,1,
401,13.4,0.033333,0.006125005893409252,16.82033348083496,2.6071255207061768,2.8685514193514603,0.5566929578781128,1.22136402712304,-0.3869949484902303,-0.003307796295171854,1.2812127529897201,2.349626049344298,12.427374155891096,2.607123613357544,0.7278286442504369,0.6857590426735698,0.0,1.0,1.2718288898468018,-0.36543869972229004,0.029232056811451912,0.7943141460418701,macro_turn_left,SAFE_HOLD,NONE,0,0,,0,1,TURN_LEFT,0,0.663062843676182,0.7485637349859096,0.0,1.0,4.139215729807542,4.41781848671852,0.0,0,0,0,DIRECT_LOCAL,TURN_LEFT,1,GOAL_OUTSIDE_FOV,1,20,2.0,17.0,2.0,2.0,17.0,2.0,1,
402,13.433333,0.033333,-0.016339240595698357,16.784032821655273,2.60724139213562,2.887073104063614,0.5567346811294556,1.2192276553266794,-0.3909979566753126,0.0028928654773251903,1.2803920674185438,3.2478610436937885,13.01360950066168,2.6071255207061768,0.5735764363510463,0.8191520442889917,0.0,1.0,1.2574249505996704,-0.3281751871109009,0.02888011932373047,0.877862811088562,macro_turn_left,SAFE_HOLD,NONE,0,0,,1,1,TURN_LEFT,0,0.5735764363510463,0.8191520442889918,0.0,1.0,4.106508815821597,4.380109148983605,0.0,0,0,0,DIRECT_LOCAL,TURN_LEFT,1,GOAL_OUTSIDE_FOV,1,20,2.0,17.0,2.0,2.0,17.0,2.0,1,
403,13.466667,0.033333,-0.03824562951922417,16.74741554260254,2.6074113845825195,2.9055903576716955,0.5560485124588013,1.2171460785031065,-0.39507091142970335,-0.0009289820034089928,1.279658729693565,3.225396797204681,12.977308841481992,2.60724139213562,0.5886456820414316,0.8083911559474026,0.0,1.0,1.2280049324035645,-0.30555927753448486,0.024790670722723007,0.939640998840332,macro_turn_left,SAFE_HOLD,NONE,0,0,,0,1,TURN_LEFT,0,0.5735764363510463,0.8191520442889917,0.0,1.0,4.088695242953388,4.338859109112919,0.0,0,0,0,DIRECT_LOCAL,TURN_LEFT,1,GOAL_OUTSIDE_FOV,1,20,2.0,17.0,2.0,2.0,17.0,2.0,1,
404,13.5,0.033333,-0.05954725295305252,16.710508346557617,2.6075475215911865,2.9242491321762007,0.5580558776855469,1.2134363592150283,-0.39657624482510256,-0.01686806332714948,1.2767086775709686,3.203490408281155,12.940691562429258,2.6074113845825195,0.6036259296372176,0.7972676696502905,0.0,1.0,1.204659104347229,-0.30158933997154236,0.019098272547125816,0.9695958495140076,macro_turn_left,SAFE_HOLD,NONE,0,0,,0,1,TURN_LEFT,0,0.5735764363510463,0.8191520442889917,0.0,1.0,4.056231387235282,4.2975200305924925,0.0,0,0,0,DIRECT_LOCAL,TURN_LEFT,1,GOAL_OUTSIDE_FOV,1,20,2.0,17.0,2.0,2.0,17.0,2.0,1,
405,13.533333,0.033333,-0.08011472225189209,16.673372268676758,2.6075825691223145,2.943114325721727,0.5647953152656555,1.2062308527884456,-0.3940947498931197,-0.03874847670843106,1.2695688191505357,3.1821887848473267,12.903784366384336,2.6075475215911865,0.618558235702379,0.7857389573164615,0.0,1.0,1.1939661502838135,-0.2984786927700043,0.013951350003480911,1.003002405166626,macro_turn_left,SAFE_HOLD,NONE,0,0,,0,1,TURN_LEFT,0,0.5735764363510463,0.8191520442889917,0.0,1.0,4.042399425825754,4.2561821946929825,0.0,0,0,0,DIRECT_LOCAL,TURN_LEFT,1,GOAL_OUTSIDE_FOV,1,20,2.0,17.0,2.0,2.0,17.0,2.0,1,
406,13.566667,0.033333,-0.09979330748319626,16.6361141204834,2.607503890991211,2.9622124686436657,0.5772773623466492,1.1950701451258914,-0.38823084519539697,-0.057144310967841866,1.2578478895352734,3.161621315548487,12.866648288503477,2.6075825691223145,0.6334506756563887,0.7737830713516967,0.0,1.0,1.1927952766418457,-0.2894144356250763,0.010308809578418732,1.0477038621902466,macro_turn_left,SAFE_HOLD,NONE,0,0,,0,1,TURN_LEFT,0,0.5735764363510463,0.8191520442889917,0.0,1.0,4.01022947108032,4.214986145505618,0.0,0,0,0,DIRECT_LOCAL,TURN_LEFT,1,GOAL_OUTSIDE_FOV,1,20,2.0,17.0,2.0,2.0,17.0,2.0,1,
407,13.6,0.033333,-0.1184559091925621,16.598840713500977,2.6073477268218994,2.9817389603242925,0.5959126353263855,1.181373155066959,-0.38052368564101,-0.06552654303688418,1.2428734990694121,3.141942730317183,12.829390140310117,2.607503890991211,0.6484382257987731,0.761267277191749,0.0,1.0,1.1964129209518433,-0.27891117334365845,0.008348346687853336,1.0884064435958862,macro_turn_left,SAFE_HOLD,NONE,0,0,,0,1,TURN_LEFT,0,0.5735764363510463,0.8191520442889917,0.0,1.0,4.038729642346351,4.1740644282244075,0.0,0,0,0,DIRECT_LOCAL,TURN_LEFT,1,GOAL_OUTSIDE_FOV,1,20,2.0,17.0,2.0,2.0,17.0,2.0,1,
408,13.633333,0.033333,-0.13602375984191895,16.561614990234375,2.6071720123291016,3.0019920075693274,0.6201488375663757,1.167480924063176,-0.37232990208120476,-0.062377046002214914,1.2270012876534275,3.123280128607817,12.792116733327695,2.6073477268218994,0.6637221683414254,0.7479791997456591,0.0,1.0,1.20212721824646,-0.275162935256958,0.007874242961406708,1.1083450317382812,macro_turn_left,SAFE_HOLD,NONE,0,0,,1,1,TURN_LEFT,0,0.6637221683414254,0.7479791997456591,0.0,1.0,4.022917780041728,4.133494190850468,0.0,0,0,0,DIRECT_LOCAL,TURN_LEFT,1,GOAL_OUTSIDE_FOV,1,20,2.0,17.0,2.0,2.0,17.0,2.0,1,
409,13.666667,0.033333,-0.15246441960334778,16.524433135986328,2.607029438018799,3.023174849793231,0.6473618745803833,1.1554954600170873,-0.3646474637286654,-0.04998057467852775,1.2126976493623811,3.1057122779584603,12.754891010061094,2.6071720123291016,0.6794164040679408,0.7337529215501555,0.0,1.0,1.2086774110794067,-0.28337734937667847,0.008649235591292381,1.0981769561767578,macro_turn_left,SAFE_HOLD,NONE,0,0,,0,1,TURN_LEFT,0,0.6637221683414254,0.7479791997456591,0.0,1.0,3.9898076623895413,4.093276065433046,0.0,0,0,0,DIRECT_LOCAL,TURN_LEFT,1,GOAL_OUTSIDE_FOV,1,20,2.0,17.0,2.0,2.0,17.0,2.0,1,
410,13.7,0.033333,-0.16778653860092163,16.48723602294922,2.60695481300354,3.0453115700481717,0.6731628775596619,1.1467088738272757,-0.3583913136117694,-0.03219477110244135,1.2018411202288461,3.0892716181970314,12.717709155813047,2.607029438018799,0.6954914987642745,0.7185343242647654,0.0,1.0,1.2147080898284912,-0.29905977845191956,0.010706169530749321,1.0646328926086426,macro_turn_left,SAFE_HOLD,NONE,0,0,,0,1,TURN_LEFT,0,0.6637221683414254,0.7479791997456591,0.0,1.0,3.9566628956682917,4.053346875111099,0.0,0,0,0,DIRECT_LOCAL,TURN_LEFT,1,GOAL_OUTSIDE_FOV,1,20,2.0,17.0,2.0,2.0,17.0,2.0,1,
411,13.733333,0.033333,-0.18203972280025482,16.449926376342773,2.6069679260253906,3.0682238198892917,0.6931331753730774,1.1415261856533914,-0.3544658402854905,-0.012967458911960163,1.1953644713861598,3.0739494991994576,12.680512042775938,2.60695481300354,0.7117707477902117,0.7024118468463947,0.0,1.0,1.220682144165039,-0.3159540593624115,0.013995859771966934,1.01885986328125,macro_turn_left,SAFE_HOLD,NONE,0,0,,0,1,TURN_LEFT,0,0.6637221683414254,0.7479791997456591,0.0,1.0,3.9454673267252125,4.013596427052068,0.0,0,0,0,DIRECT_LOCAL,TURN_LEFT,1,GOAL_OUTSIDE_FOV,1,20,2.0,17.0,2.0,2.0,17.0,2.0,1,
412,13.766667,0.033333,-0.19531075656414032,16.41240692138672,2.6070799827575684,3.0915707611296535,0.7044697999954224,1.1396387209827759,-0.3535667936831772,0.004681559033385982,1.1932341802653998,3.0596963150001244,12.643202396169492,2.6069679260253906,0.727974449067665,0.685604260127247,0.0,1.0,1.2277592420578003,-0.33000025153160095,0.018409639596939087,0.9714415669441223,macro_turn_left,SAFE_HOLD,NONE,0,0,,0,1,TURN_LEFT,0,0.6637221683414254,0.7479791997456591,0.0,1.0,3.9125616302498156,3.9739054442731416,0.0,0,0,0,DIRECT_LOCAL,TURN_LEFT,1,GOAL_OUTSIDE_FOV,1,20,2.0,17.0,2.0,2.0,17.0,2.0,1,
413,13.8,0.033333,-0.2077096849679947,16.374601364135742,2.6072988510131836,3.1149908732014144,0.7064412236213684,1.140328466642299,-0.3559127607720598,0.01919726447683405,1.1947348827579103,3.046425281236239,12.605682941213438,2.6070799827575684,0.7438302713740556,0.6683685565521458,0.0,1.0,1.235409140586853,-0.33994215726852417,0.02371171861886978,0.9289897084236145,macro_turn_left,SAFE_HOLD,NONE,0,0,,0,1,TURN_LEFT,0,0.6637221683414254,0.7479791997456591,0.0,1.0,3.8816410696547945,3.934169525990114,0.0,0,0,0,DIRECT_LOCAL,TURN_LEFT,1,GOAL_OUTSIDE_FOV,1,20,2.0,17.0,2.0,2.0,17.0,2.0,1,
414,13.833333,0.033333,-0.21934744715690613,16.336450576782227,2.607607126235962,3.1382244463713405,0.6999166011810303,1.1427335351793197,-0.3610362386664456,0.026464681649139295,1.1987024140413791,3.878367700466139,13.4929401071099,2.6072988510131836,0.5735764363510462,0.8191520442889918,0.0,1.0,1.216463565826416,-0.30115243792533875,0.024038206785917282,1.0014607906341553,macro_turn_left,SAFE_HOLD,NONE,0,0,,1,1,TURN_LEFT,0,0.5735764363510462,0.8191520442889918,0.0,1.0,3.8186526807918186,3.8943012866751396,0.0,0,0,0,DIRECT_LOCAL,TURN_LEFT,1,GOAL_OUTSIDE_FOV,1,20,2.0,17.0,2.0,2.0,17.0,2.0,1,
415,13.866667,0.033333,-0.23029503226280212,16.297943115234375,2.6079137325286865,-3.1219801300939785,0.6886249780654907,1.14540171833955,-0.36686113878066495,0.019495773002995816,1.202876667280409,3.8667299382772278,13.454789319756385,2.607607126235962,0.5922480418032332,0.8057557055213668,0.0,1.0,1.1791127920150757,-0.27655547857284546,0.0200774148106575,1.0569350719451904,macro_turn_left,SAFE_HOLD,NONE,0,0,,0,1,TURN_LEFT,0,0.5735764363510462,0.8191520442889918,0.0,1.0,3.778875695045122,3.8542703929307707,0.0,0,0,0,DIRECT_LOCAL,TURN_LEFT,1,GOAL_OUTSIDE_FOV,1,20,2.0,17.0,2.0,2.0,17.0,2.0,1,
416,13.9,0.033333,-0.24052561819553375,16.259145736694336,2.6081173419952393,-3.099068273738575,0.6771522164344788,1.1456933542506345,-0.3699093484050209,-0.0029599066119403972,1.203933116522113,3.8557823531713318,13.416281858208533,2.6079137325286865,0.6105523411625398,0.791975907904364,0.0,1.0,1.1451349258422852,-0.26455116271972656,0.01505785807967186,1.1003848314285278,macro_turn_left,SAFE_HOLD,NONE,0,0,,0,1,TURN_LEFT,0,0.5735764363510462,0.8191520442889918,0.0,1.0,3.738904278812031,3.8141480773148504,0.0,0,0,0,DIRECT_LOCAL,TURN_LEFT,1,GOAL_OUTSIDE_FOV,1,20,2.0,17.0,2.0,2.0,17.0,2.0,1,
417,13.933333,0.033333,-0.24992263317108154,16.220197677612305,2.608156681060791,-3.0762653533749647,0.6702175140380859,1.1407210578934044,-0.36776774051135186,-0.03379395026600238,1.1990161274798818,3.8455517672386,13.377484479668494,2.6081173419952393,0.6284514111547104,0.7778488438107067,0.0,1.0,1.1229735612869263,-0.25014492869377136,0.010879523120820522,1.1567307710647583,macro_turn_left,SAFE_HOLD,NONE,0,0,,0,1,TURN_LEFT,0,0.5735764363510462,0.8191520442889918,0.0,1.0,3.678217890111423,3.774099494503575,0.0,0,0,0,DIRECT_LOCAL,TURN_LEFT,1,GOAL_OUTSIDE_FOV,1,20,2.0,17.0,2.0,2.0,17.0,2.0,1,
418,13.966667,0.033333,-0.25833430886268616,16.181310653686523,2.6080329418182373,-3.0536802033802455,0.671759307384491,1.129419488928402,-0.360234411804197,-0.06201597226667799,1.1870986455368355,3.8361547522630524,13.338536420586463,2.608156681060791,0.645857474214188,0.7634580034302276,0.0,1.0,1.1153414249420166,-0.23204253613948822,0.00843298900872469,1.2149990797042847,macro_turn_left,SAFE_HOLD,NONE,0,0,,0,1,TURN_LEFT,0,0.5735764363510462,0.8191520442889918,0.0,1.0,3.638189079305033,3.7343695427308066,0.0,0,0,0,DIRECT_LOCAL,TURN_LEFT,1,GOAL_OUTSIDE_FOV,1,20,2.0,17.0,2.0,2.0,17.0,2.0,1,
419,14.0,0.033333,-0.2656182646751404,16.1427059173584,2.607799530029297,-3.0311018536944903,0.6842513680458069,1.1135236860092983,-0.3486147191625701,-0.07809233566375962,1.1694296193486613,3.8277430765714477,13.299649396660682,2.6080329418182373,0.6629290152285972,0.7486822562129025,0.0,1.0,1.1215813159942627,-0.21665461361408234,0.00812624767422676,1.2566943168640137,macro_turn_left,SAFE_HOLD,NONE,0,0,,0,1,TURN_LEFT,0,0.5735764363510462,0.8191520442889918,0.0,1.0,3.5984102547008723,3.6952106163906477,0.0,0,0,0,DIRECT_LOCAL,TURN_LEFT,1,GOAL_OUTSIDE_FOV,1,20,2.0,17.0,2.0,2.0,17.0,2.0,1,
420,14.033333,0.033333,-0.27166011929512024,16.10453987121582,2.607536554336548,-3.0080189794770003,0.7078320980072021,1.0966476457059833,-0.3347452554656376,-0.077189325398631,1.149194777592,3.8204591207589935,13.261044660332557,2.607799530029297,0.6800326161721271,0.733181860756315,0.0,1.0,1.1402806043624878,-0.20863032341003418,0.009854493662714958,1.2778613567352295,macro_turn_left,SAFE_HOLD,NONE,0,0,,1,1,TURN_LEFT,0,0.6800326161721271,0.733181860756315,0.0,1.0,3.541256364305141,3.656806131454601,0.0,0,0,0,DIRECT_LOCAL,TURN_LEFT,1,GOAL_OUTSIDE_FOV,1,20,2.0,17.0,2.0,2.0,17.0,2.0,1,
421,14.066667,0.033333,-0.27637892961502075,16.066850662231445,2.6073226928710938,-2.9839140319812647,0.739581823348999,1.0825916542496827,-0.32048105352068823,-0.059822214671949786,1.130615537167719,3.8144172661390137,13.222878614189979,2.607536554336548,0.6975066585742493,0.7165783008468687,0.0,1.0,1.167853593826294,-0.20888873934745789,0.01316449698060751,1.2813881635665894,macro_turn_left,SAFE_HOLD,NONE,0,0,,0,1,TURN_LEFT,0,0.6800326161721271,0.733181860756315,0.0,1.0,3.5026165561524927,3.619217773320717,0.0,0,0,0,DIRECT_LOCAL,TURN_LEFT,1,GOAL_OUTSIDE_FOV,1,20,2.0,17.0,2.0,2.0,17.0,2.0,1,
422,14.1,0.033333,-0.2797294855117798,16.029550552368164,2.607210397720337,-2.958518640507287,0.7745820879936218,1.074193530420707,-0.3074832442530543,-0.03065955386908523,1.1177556506399493,3.809698455819113,13.185189405205604,2.6073226928710938,0.715477581101965,0.6986356925755233,0.0,1.0,1.1988282203674316,-0.2183525264263153,0.017220884561538696,1.2679699659347534,macro_turn_left,SAFE_HOLD,NONE,0,0,,0,1,TURN_LEFT,0,0.6800326161721271,0.733181860756315,0.0,1.0,3.4646658685046487,3.5823777543070254,0.0,0,0,0,DIRECT_LOCAL,TURN_LEFT,1,GOAL_OUTSIDE_FOV,1,20,2.0,17.0,2.0,2.0,17.0,2.0,1,
423,14.133333,0.033333,-0.281704843044281,15.99244499206543,2.6072072982788086,-2.931928382436813,0.8072928190231323,1.0730182968133333,-0.29718396905231914,0.003640095204733575,1.1134180827752782,3.806347899922354,13.147889295342322,2.607210397720337,0.733799374049856,0.679366233076122,0.0,1.0,1.2308040857315063,-0.23838472366333008,0.021076781675219536,1.2340128421783447,macro_turn_left,SAFE_HOLD,NONE,0,0,,0,1,TURN_LEFT,0,0.6800326161721271,0.733181860756315,0.0,1.0,3.4273270044900324,3.5461067367759536,0.0,0,0,0,DIRECT_LOCAL,TURN_LEFT,1,GOAL_OUTSIDE_FOV,1,20,2.0,17.0,2.0,2.0,17.0,2.0,1,
424,14.166667,0.033333,-0.2823396921157837,15.955278396606445,2.607273578643799,-2.904556581906058,0.8326839208602905,1.0795064348513688,-0.29085616973473843,0.036740112263781405,1.118606852387125,3.804372542389853,13.110783735039588,2.6072072982788086,0.7521176593954384,0.6590288509811443,0.0,1.0,1.2591921091079712,-0.26741495728492737,0.02434271201491356,1.1753671169281006,macro_turn_left,SAFE_HOLD,NONE,0,0,,0,1,TURN_LEFT,0,0.6800326161721271,0.733181860756315,0.0,1.0,3.3105993329578034,3.5101571452295457,0.0,0,0,0,DIRECT_LOCAL,TURN_LEFT,1,GOAL_OUTSIDE_FOV,1,20,2.0,17.0,2.0,2.0,17.0,2.0,1,
425,14.2,0.033333,-0.2817130982875824,15.91778564453125,2.60733699798584,-2.8769886956625337,0.8466816544532776,1.0931101309378408,-0.2896322916186262,0.06371373960363681,1.1326235311529953,3.80373769331835,13.073617139580604,2.607273578643799,0.7699976083988374,0.6380467718436249,0.0,1.0,1.2800984382629395,-0.2991732656955719,0.027254892513155937,1.094724416732788,macro_turn_left,SAFE_HOLD,NONE,0,0,,0,1,TURN_LEFT,0,0.6800326161721271,0.733181860756315,0.0,1.0,3.2525559782861944,3.4742618903350704,0.0,0,0,0,DIRECT_LOCAL,TURN_LEFT,1,GOAL_OUTSIDE_FOV,1,20,2.0,17.0,2.0,2.0,17.0,2.0,1,
426,14.233333,0.033333,-0.27994829416275024,15.879744529724121,2.607297897338867,-2.849801335128526,0.8466503024101257,1.1123453158263346,-0.29440783106080937,0.07755265081784596,1.1532573374054866,4.465918526113654,14.349348856201777,2.60733699798584,0.573576436351046,0.8191520442889917,0.0,1.0,1.263244390487671,-0.25833094120025635,0.027614569291472435,1.143907070159912,macro_turn_left,SAFE_HOLD,NONE,0,0,,1,1,TURN_LEFT,0,0.5735764363510463,0.8191520442889917,0.0,1.0,3.202211503322927,3.43818442368265,0.0,0,0,0,DIRECT_LOCAL,TURN_LEFT,1,GOAL_OUTSIDE_FOV,1,20,2.0,17.0,2.0,2.0,17.0,2.0,1,
427,14.266667,0.033333,-0.27717673778533936,15.841017723083496,2.6070337295532227,-2.8230850914737555,0.8338929414749146,1.1342247379573462,-0.304123708818317,0.07004588307311921,1.1763772405972983,4.467683330238486,14.311307741394648,2.607297897338867,0.5952538135413791,0.8035377386684741,0.0,1.0,1.2322041988372803,-0.24195954203605652,0.02430574968457222,1.1692724227905273,macro_turn_left,SAFE_HOLD,NONE,0,0,,0,1,TURN_LEFT,0,0.573576436351046,0.8191520442889917,0.0,1.0,3.102953625803749,3.4017682625574275,0.0,0,0,0,DIRECT_LOCAL,TURN_LEFT,1,GOAL_OUTSIDE_FOV,1,20,2.0,17.0,2.0,2.0,17.0,2.0,1,
428,14.3,0.033333,-0.27346569299697876,15.801630973815918,2.6064627170562744,-2.7960372471253723,0.814519464969635,1.1537919271801047,-0.31466873831700704,0.04102801522794666,1.1966350839472917,4.470454886615897,14.272580934754023,2.6070337295532227,0.6167674009089854,0.7871454587152078,0.0,1.0,1.2095075845718384,-0.24634867906570435,0.02010546438395977,1.1692090034484863,macro_turn_left,SAFE_HOLD,NONE,0,0,,0,1,TURN_LEFT,0,0.573576436351046,0.8191520442889917,0.0,1.0,3.065758986283291,3.3650318543400557,0.0,0,0,0,DIRECT_LOCAL,TURN_LEFT,1,GOAL_OUTSIDE_FOV,1,20,2.0,17.0,2.0,2.0,17.0,2.0,1,
429,14.333333,0.033333,-0.26881933212280273,15.76177978515625,2.6055636405944824,-2.7686733245592516,0.7959915399551392,1.1662462025096771,-0.3223173861025333,0.0012920418948308837,1.2099670952651849,4.474165931404258,14.233194185486445,2.6064627170562744,0.638073201879058,0.7699757067880822,0.0,1.0,1.2017426490783691,-0.24334058165550232,0.017433421686291695,1.1839747428894043,macro_turn_left,SAFE_HOLD,NONE,0,0,,0,1,TURN_LEFT,0,0.573576436351046,0.8191520442889917,0.0,1.0,3.007410383160394,3.328174748580987,0.0,0,0,0,DIRECT_LOCAL,TURN_LEFT,1,GOAL_OUTSIDE_FOV,1,20,2.0,17.0,2.0,2.0,17.0,2.0,1,
430,14.366667,0.033333,-0.26321670413017273,15.721749305725098,2.604400396347046,-2.7416332631097267,0.7827081680297852,1.170068381416676,-0.32573952001076123,-0.0345893671512552,1.2150566556370144,4.478812292278434,14.193342996826777,2.6055636405944824,0.6586576010734819,0.7524427981900856,0.0,1.0,1.1947449445724487,-0.22445572912693024,0.016734585165977478,1.2210066318511963,macro_turn_left,SAFE_HOLD,NONE,0,0,,0,1,TURN_LEFT,0,0.573576436351046,0.8191520442889917,0.0,1.0,2.969214119250876,3.2914899661227333,0.0,0,0,0,DIRECT_LOCAL,TURN_LEFT,1,GOAL_OUTSIDE_FOV,1,20,2.0,17.0,2.0,2.0,17.0,2.0,1,
431,14.4,0.033333,-0.2566272020339966,15.681827545166016,2.603097677230835,-2.7151275126167818,0.7763367891311646,1.1672887272292545,-0.3249824114697585,-0.0578904808464195,1.213065475666429,4.484414920271064,14.153312517395625,2.604400396347046,0.678367968938209,0.7347223276304109,0.0,1.0,1.1925972700119019,-0.20458318293094635,0.01761438325047493,1.2533221244812012,macro_turn_left,SAFE_HOLD,NONE,0,0,,0,1,TURN_LEFT,0,0.573576436351046,0.8191520442889917,0.0,1.0,2.9310849034520357,3.2552763101328828,0.0,0,0,0,DIRECT_LOCAL,TURN_LEFT,1,GOAL_OUTSIDE_FOV,1,20,2.0,17.0,2.0,2.0,17.0,2.0,1,
432,14.433333,0.033333,-0.24900096654891968,15.642241477966309,2.6017799377441406,-2.688906897240401,0.7778217196464539,1.1614449202910273,-0.3205823909479204,-0.06566486853812015,1.206664513116982,4.49100442236724,14.113390756836543,2.603097677230835,0.6973974504355444,0.7166845862204672,0.0,1.0,1.2021934986114502,-0.19897106289863586,0.020172197371721268,1.2610976696014404,macro_turn_left,SAFE_HOLD,NONE,0,0,,1,1,TURN_LEFT,0,0.6973974504355445,0.7166845862204672,0.0,1.0,2.874484990973823,3.219780328608377,0.0,0,0,0,DIRECT_LOCAL,TURN_LEFT,1,GOAL_OUTSIDE_FOV,1,20,2.0,17.0,2.0,2.0,17.0,2.0,1,
433,14.466667,0.033333,-0.24026381969451904,15.603133201599121,2.6005477905273438,-2.6626064224742656,0.7868083715438843,1.1560488837682452,-0.3138015637429452,-0.05787824947566985,1.1992790896333065,4.498630657852317,14.073804689636836,2.6017799377441406,0.7160032361204645,0.6980969602175777,0.0,1.0,1.2236510515213013,-0.20845742523670197,0.024376774206757545,1.244701862335205,macro_turn_left,SAFE_HOLD,NONE,0,0,,0,1,TURN_LEFT,0,0.6973974504355444,0.7166845862204672,0.0,1.0,2.836831419523265,3.185175937307998,0.0,0,0,0,DIRECT_LOCAL,TURN_LEFT,1,GOAL_OUTSIDE_FOV,1,20,2.0,17.0,2.0,2.0,17.0,2.0,1,
434,14.5,0.033333,-0.23033437132835388,15.564522743225098,2.599468946456909,-2.6359320569063502,0.8002192378044128,1.1538688034541815,-0.3066349618276063,-0.0370553388108399,1.1944920734497106,4.507367804706718,14.034696413269648,2.6005477905273438,0.7343676106303305,0.6787519520834537,0.0,1.0,1.2501616477966309,-0.2293645590543747,0.0292646624147892,1.2050533294677734,macro_turn_left,SAFE_HOLD,NONE,0,0,,0,1,TURN_LEFT,0,0.6973974504355444,0.7166845862204672,0.0,1.0,2.783455795086163,3.1515250325520703,0.0,0,0,0,DIRECT_LOCAL,TURN_LEFT,1,GOAL_OUTSIDE_FOV,1,20,2.0,17.0,2.0,2.0,17.0,2.0,1,
435,14.533333,0.033333,-0.21915379166603088,15.526326179504395,2.5985665321350098,-2.608859836315954,0.8128279447555542,1.156594206388769,-0.3012794736382621,-0.008594941270843374,1.1952210475486382,4.517297253072883,13.996085954895625,2.599468946456909,0.75247159426613,0.6586247033194158,0.0,1.0,1.2723082304000854,-0.25411584973335266,0.03406178951263428,1.1472738981246948,macro_turn_left,SAFE_HOLD,NONE,0,0,,0,1,TURN_LEFT,0,0.6973974504355444,0.7166845862204672,0.0,1.0,2.746771370786923,3.1187866424406185,0.0,0,0,0,DIRECT_LOCAL,TURN_LEFT,1,GOAL_OUTSIDE_FOV,1,20,2.0,17.0,2.0,2.0,17.0,2.0,1,
436,14.566667,0.033333,-0.20670920610427856,15.488375663757324,2.5978212356567383,-2.5817278760827,0.8193522691726685,1.1647253916260454,-0.2995830101726316,0.020358040713656777,1.2028090736705634,4.528477832735206,13.957889391174922,2.5985665321350098,0.7700622346944395,0.6379687725096002,0.0,1.0,1.2877471446990967,-0.28029996156692505,0.03868413716554642,1.0721681118011475,macro_turn_left,SAFE_HOLD,NONE,0,0,,0,1,TURN_LEFT,0,0.6973974504355444,0.7166845862204672,0.0,1.0,2.710784070031462,3.08682894779384,0.0,0,0,0,DIRECT_LOCAL,TURN_LEFT,1,GOAL_OUTSIDE_FOV,1,20,2.0,17.0,2.0,2.0,17.0,2.0,1,
437,14.6,0.033333,-0.1930415779352188,15.450461387634277,2.597188949584961,-2.5550223195503556,0.8159549236297607,1.1776263809274559,-0.30273566392454,0.04335062113331861,1.2166889707812651,4.540922418296958,13.919938875427851,2.5978212356567383,0.7868229379845546,0.6171787944034967,0.0,1.0,1.2956392765045166,-0.3035195767879486,0.043153777718544006,0.989851713180542,macro_turn_left,SAFE_HOLD,NONE,0,0,,0,1,TURN_LEFT,0,0.6973974504355444,0.7166845862204672,0.0,1.0,2.6753565876457652,3.055466101627557,0.0,0,0,0,DIRECT_LOCAL,TURN_LEFT,1,GOAL_OUTSIDE_FOV,1,20,2.0,17.0,2.0,2.0,17.0,2.0,1,
438,14.633333,0.033333,-0.17824053764343262,15.412395477294922,2.59659743309021,-2.5290697631512864,0.8008930087089539,1.1936285534383564,-0.3110293248699709,0.0526465335831023,1.2346092588388964,4.806951552538979,15.458749645040973,2.597188949584961,0.573576436351046,0.8191520442889919,0.0,1.0,1.2770967483520508,-0.25976163148880005,0.0434318371117115,1.054172396659851,macro_turn_left,SAFE_HOLD,NONE,0,0,,1,1,TURN_LEFT,0,0.5735764363510462,0.8191520442889919,0.0,1.0,2.6403049876998526,3.0245191511869054,0.0,0,0,0,DIRECT_LOCAL,TURN_LEFT,1,GOAL_OUTSIDE_FOV,1,20,2.0,17.0,2.0,2.0,17.0,2.0,1,
439,14.666667,0.033333,-0.16241413354873657,15.3740816116333,2.5959298610687256,-2.503727280889411,0.7766696214675903,1.2097796156783587,-0.3223604519209674,0.04051030908364627,1.2526468235762303,4.821752592830765,15.420683734701617,2.59659743309021,0.5941493830779985,0.8043547168930099,0.0,1.0,1.2352687120437622,-0.2356889545917511,0.03883577510714531,1.103311538696289,macro_turn_left,SAFE_HOLD,NONE,0,0,,0,1,TURN_LEFT,0,0.573576436351046,0.8191520442889919,0.0,1.0,2.605461105521328,2.9938900231924035,0.0,0,0,0,DIRECT_LOCAL,TURN_LEFT,1,GOAL_OUTSIDE_FOV,1,20,2.0,17.0,2.0,2.0,17.0,2.0,1,
440,14.7,0.033333,-0.14563730359077454,15.335592269897461,2.5950841903686523,-2.4783362835797607,0.7494199872016907,1.2215846711682923,-0.33193219066710966,0.006394943331857944,1.2658945387885312,4.837578996925461,15.382369869039996,2.5959298610687256,0.614379042521666,0.7890110215390918,0.0,1.0,1.2042059898376465,-0.23456966876983643,0.03218165040016174,1.1274975538253784,macro_turn_left,SAFE_HOLD,NONE,0,0,,0,1,TURN_LEFT,0,0.573576436351046,0.8191520442889919,0.0,1.0,2.5707446312981737,2.9636500340441283,0.0,0,0,0,DIRECT_LOCAL,TURN_LEFT,1,GOAL_OUTSIDE_FOV,1,20,2.0,17.0,2.0,2.0,17.0,2.0,1,
441,14.733333,0.033333,-0.12796181440353394,15.297174453735352,2.5939972400665283,-2.453047450511597,0.72758948802948,1.2248619228984536,-0.3360840493188468,-0.03797191044986462,1.2707010208370266,4.854355826883423,15.343880527304156,2.5950841903686523,0.6341336389108528,0.773223465759854,0.0,1.0,1.1978974342346191,-0.2410268485546112,0.02578331157565117,1.1441377401351929,macro_turn_left,SAFE_HOLD,NONE,0,0,,0,1,TURN_LEFT,0,0.573576436351046,0.8191520442889919,0.0,1.0,2.5362473581461233,2.9340402550028437,0.0,0,0,0,DIRECT_LOCAL,TURN_LEFT,1,GOAL_OUTSIDE_FOV,1,20,2.0,17.0,2.0,2.0,17.0,2.0,1,
442,14.766667,0.033333,-0.10944291204214096,15.259156227111816,2.5926852226257324,-2.428384293921324,0.7165820598602295,1.219205273344782,-0.33475760046803943,-0.07449444706458196,1.2665202612932422,4.872031316070664,15.305462711142047,2.5939972400665283,0.6530089842143435,0.757350161111326,0.0,1.0,1.202093482017517,-0.24010297656059265,0.021112637594342232,1.1697347164154053,macro_turn_left,SAFE_HOLD,NONE,0,0,,0,1,TURN_LEFT,0,0.573576436351046,0.8191520442889919,0.0,1.0,2.5022363346086554,2.9053725779152204,0.0,0,0,0,DIRECT_LOCAL,TURN_LEFT,1,GOAL_OUTSIDE_FOV,1,20,2.0,17.0,2.0,2.0,17.0,2.0,1,
443,14.8,0.033333,-0.09013659507036209,15.221824645996094,2.5912463665008545,-2.404275886864754,0.7168725728988647,1.2082218961894762,-0.33018635820030434,-0.09187446574935262,1.255891754503549,4.890550218432057,15.267444484518512,2.5926852226257324,0.6710759613349296,0.7413885985894308,0.0,1.0,1.2075308561325073,-0.23272185027599335,0.01866045407950878,1.1984959840774536,macro_turn_left,SAFE_HOLD,NONE,0,0,,0,1,TURN_LEFT,0,0.573576436351046,0.8191520442889919,0.0,1.0,2.4690556275574504,2.877915494821822,0.0,0,0,0,DIRECT_LOCAL,TURN_LEFT,1,GOAL_OUTSIDE_FOV,1,20,2.0,17.0,2.0,2.0,17.0,2.0,1,
444,14.833333,0.033333,-0.07007502019405365,15.185358047485352,2.589801073074341,-2.3801590365592804,0.7263578176498413,1.1964591946146126,-0.324568006348019,-0.08932766825373747,1.2429152937502317,4.9098565354038355,15.23011290340279,2.5912463665008545,0.6887590390349483,0.7249903352098254,0.0,1.0,1.2172735929489136,-0.23128019273281097,0.018625224009156227,1.2110791206359863,macro_turn_left,SAFE_HOLD,NONE,0,0,,1,1,TURN_LEFT,0,0.6887590390349483,0.7249903352098253,0.0,1.0,2.437006192756575,2.851841007722044,0.0,0,0,0,DIRECT_LOCAL,TURN_LEFT,1,GOAL_OUTSIDE_FOV,1,20,2.0,17.0,2.0,2.0,17.0,2.0,1,
445,14.866667,0.033333,-0.0492466576397419,15.149801254272461,2.588454008102417,-2.3555889525523055,0.7418648600578308,1.1872366619203831,-0.3194390917448693,-0.07173995221793994,1.2315513978258776,4.929918110280144,15.193646304892047,2.589801073074341,0.7063624325910671,0.7078503470536905,0.0,1.0,1.2331963777542114,-0.24128007888793945,0.0208448339253664,1.2005970478057861,macro_turn_left,SAFE_HOLD,NONE,0,0,,0,1,TURN_LEFT,0,0.6887590390349483,0.7249903352098254,0.0,1.0,2.40628555914661,2.827212064246065,0.0,0,0,0,DIRECT_LOCAL,TURN_LEFT,1,GOAL_OUTSIDE_FOV,1,20,2.0,17.0,2.0,2.0,17.0,2.0,1,
446,14.9,0.033333,-0.027600249275565147,15.115095138549805,2.5872788429260254,-2.330419714018167,0.7593597173690796,1.1823490539427866,-0.31599300519118845,-0.045331173720247524,1.2246859924078564,4.950746472834456,15.158089511679156,2.588454008102417,0.723952880673295,0.6898494231097377,0.0,1.0,1.255143404006958,-0.25994008779525757,0.024719683453440666,1.1700103282928467,macro_turn_left,SAFE_HOLD,NONE,0,0,,0,1,TURN_LEFT,0,0.6887590390349483,0.7249903352098254,0.0,1.0,2.376970842797656,2.804012161847416,0.0,0,0,0,DIRECT_LOCAL,TURN_LEFT,1,GOAL_OUTSIDE_FOV,1,20,2.0,17.0,2.0,2.0,17.0,2.0,1,
447,14.933333,0.033333,-0.0050681158900260925,15.08110523223877,2.5863101482391357,-2.304750806331509,0.7745991349220276,1.1824786212358922,-0.3152551582223887,-0.015637796719432977,1.2238815486606527,4.972392881198632,15.1233833959565,2.5872788429260254,0.7414201267367221,0.6710411281506544,0.0,1.0,1.2796550989151,-0.2829494774341583,0.029618799686431885,1.1233975887298584,macro_turn_left,SAFE_HOLD,NONE,0,0,,0,1,TURN_LEFT,0,0.6887590390349483,0.7249903352098254,0.0,1.0,2.349050326490216,2.7821656395622796,0.0,0,0,0,DIRECT_LOCAL,TURN_LEFT,1,GOAL_OUTSIDE_FOV,1,20,2.0,17.0,2.0,2.0,17.0,2.0,1,
448,14.966667,0.033333,0.01840873807668686,15.047658920288086,2.5855469703674316,-2.278857726740058,0.783959150314331,1.1875539792570984,-0.3180230455319273,0.012680770148899616,1.2294648889131967,4.9949250145841715,15.089393489645465,2.5863101482391357,0.7585449773319992,0.6516206851876304,0.0,1.0,1.2987117767333984,-0.3062855899333954,0.03482026606798172,1.063730001449585,macro_turn_left,SAFE_HOLD,NONE,0,0,,0,1,TURN_LEFT,0,0.6887590390349483,0.7249903352098254,0.0,1.0,2.3224486415128425,2.746194750673426,0.0,0,0,0,DIRECT_LOCAL,TURN_LEFT,1,GOAL_OUTSIDE_FOV,1,20,2.0,17.0,2.0,2.0,17.0,2.0,1,
449,15.0,0.033333,0.042863763868808746,15.014564514160156,2.58495831489563,-2.2530778368656406,0.7846317887306213,1.1968765452145198,-0.3247149830896824,0.03572545561938931,1.2406569199044477,5.018401868550884,15.055947177694781,2.5855469703674316,0.7750897745848374,0.6318511227607546,0.0,1.0,1.314337968826294,-0.32618796825408936,0.040007978677749634,0.9977034330368042,macro_turn_left,SAFE_HOLD,NONE,0,0,,0,1,TURN_LEFT,0,0.6887590390349483,0.7249903352098254,0.0,1.0,2.2970578945814704,2.7059670254638046,0.0,0,0,0,DIRECT_LOCAL,TURN_LEFT,1,GOAL_OUTSIDE_FOV,1,20,2.0,17.0,2.0,2.0,17.0,2.0,1,
450,15.033333,0.033333,0.06829721480607986,14.981649398803711,2.584486246109009,-2.227683464792992,0.775317370891571,1.2092058960299668,-0.335193792058902,0.04853522445567917,1.2557425871735914,4.815026342410948,16.50669866495292,2.58495831489563,0.5735764363510463,0.8191520442889919,0.0,1.0,1.3071722984313965,-0.2838956117630005,0.04269962012767792,1.0599167346954346,macro_turn_left,SAFE_HOLD,NONE,0,0,,1,1,TURN_LEFT,0,0.5735764363510462,0.8191520442889919,0.0,1.0,2.2727515771073263,2.665526825104913,0.0,0,0,0,DIRECT_LOCAL,TURN_LEFT,1,GOAL_OUTSIDE_FOV,1,20,2.0,17.0,2.0,2.0,17.0,2.0,1,
451,15.066667,0.033333,0.09468666464090347,14.948813438415527,2.5840375423431396,-2.2026340311366917,0.7596696615219116,1.2225447052417062,-0.3475149686997593,0.0448541539591763,1.2717681018614673,4.840459793348219,16.473783549596476,2.584486246109009,0.5939136425411717,0.8045287970007522,0.0,1.0,1.2868297100067139,-0.2648085653781891,0.04157184064388275,1.0974788665771484,macro_turn_left,SAFE_HOLD,NONE,0,0,,0,1,TURN_LEFT,0,0.5735764363510463,0.8191520442889919,0.0,1.0,2.2494177131467574,2.6248013269108985,0.0,0,0,0,DIRECT_LOCAL,TURN_LEFT,1,GOAL_OUTSIDE_FOV,1,20,2.0,17.0,2.0,2.0,17.0,2.0,1,
452,15.1,0.033333,0.122007817029953,14.91610050201416,2.5835204124450684,-2.1774173235049776,0.7432178258895874,1.2339797498166887,-0.35781410602420133,0.025022755567263976,1.2850537326212221,4.866849243183043,16.440947589208292,2.5840375423431396,0.6140102403868627,0.789298058213795,0.0,1.0,1.279645562171936,-0.2736482620239258,0.03923734650015831,1.0929503440856934,macro_turn_left,SAFE_HOLD,NONE,0,0,,0,1,TURN_LEFT,0,0.5735764363510463,0.8191520442889919,0.0,1.0,2.227010569747615,2.583850837834553,0.0,0,0,0,DIRECT_LOCAL,TURN_LEFT,1,GOAL_OUTSIDE_FOV,1,20,2.0,17.0,2.0,2.0,17.0,2.0,1,
453,15.133333,0.033333,0.1502237170934677,14.883679389953613,2.582880735397339,-2.152127420336023,0.7306394577026367,1.241047401280847,-0.36365968198104204,-0.000267369874396621,1.2932312585191976,4.894170395572092,16.408234652806925,2.5835204124450684,0.6337730404914664,0.7735190580368413,0.0,1.0,1.284353256225586,-0.28525444865226746,0.0381307452917099,1.0793476104736328,macro_turn_left,SAFE_HOLD,NONE,0,0,,0,1,TURN_LEFT,0,0.5735764363510463,0.8191520442889919,0.0,1.0,2.205621761313238,2.542856595735623,0.0,0,0,0,DIRECT_LOCAL,TURN_LEFT,1,GOAL_OUTSIDE_FOV,1,20,2.0,17.0,2.0,2.0,17.0,2.0,1,
454,15.166667,0.033333,0.1792774498462677,14.851757049560547,2.582146406173706,-2.1272194659976753,0.7231476306915283,1.2435961093449295,-0.36564070473215926,-0.018500327206606108,1.2963667190427357,4.922386295635607,16.37581354074638,2.582880735397339,0.6528412375315857,0.7574947647200132,0.0,1.0,1.2958825826644897,-0.2839876711368561,0.03905226290225983,1.081193447113037,macro_turn_left,SAFE_HOLD,NONE,0,0,,0,1,TURN_LEFT,0,0.5735764363510463,0.8191520442889919,0.0,1.0,2.185454153836447,2.502044779524001,0.0,0,0,0,DIRECT_LOCAL,TURN_LEFT,1,GOAL_OUTSIDE_FOV,1,20,2.0,17.0,2.0,2.0,17.0,2.0,1,
455,15.2,0.033333,0.20911018550395966,14.820497512817383,2.581399917602539,-2.1027802679377503,0.7202624678611755,1.2435980190846356,-0.3656647997639203,-0.023697020364993986,1.2964599213364816,4.951440028388407,16.343891200353312,2.582146406173706,0.6711570063479906,0.7413152317536742,0.0,1.0,1.3074111938476562,-0.2759186327457428,0.04140079393982887,1.0884727239608765,macro_turn_left,SAFE_HOLD,NONE,0,0,,0,1,TURN_LEFT,0,0.5735764363510463,0.8191520442889919,0.0,1.0,2.1667331109965686,2.461604933703801,0.0,0,0,0,DIRECT_LOCAL,TURN_LEFT,1,GOAL_OUTSIDE_FOV,1,20,2.0,17.0,2.0,2.0,17.0,2.0,1,
456,15.233333,0.033333,0.23969267308712006,14.789984703063965,2.5807230472564697,-2.0785550829725086,0.7213017344474792,1.2435420077031,-0.36511414697232025,-0.017221862648416124,1.2961487791895896,4.981272764046099,16.312631663610148,2.581399917602539,0.6889168206561906,0.7248404060322289,0.0,1.0,1.315513253211975,-0.2733114957809448,0.044387150555849075,1.0816357135772705,macro_turn_left,SAFE_HOLD,NONE,0,0,,1,1,TURN_LEFT,0,0.6889168206561904,0.7248404060322289,0.0,1.0,2.1496350292215034,2.4216432178896685,0.0,0,0,0,DIRECT_LOCAL,TURN_LEFT,1,BYPASS_VISIBLE,1,20,2.0,17.0,2.0,2.0,17.0,2.0,1,
457,15.266667,0.033333,0.271040678024292,14.760236740112305,2.5801661014556885,-2.054327613984508,0.7240957617759705,1.2451780518240279,-0.3646373063215661,-0.004274149147387081,1.297477172923155,5.011855251629259,16.28211885385673,2.5807230472564697,0.7062739742453197,0.7079386084285286,0.0,1.0,1.3208715915679932,-0.2804991602897644,0.04763605073094368,1.0534083843231201,macro_turn_left,SAFE_HOLD,NONE,0,0,,0,1,TURN_LEFT,0,0.6889168206561906,0.7248404060322289,0.0,1.0,2.1342665486454777,2.3821898014951453,0.0,0,0,0,DIRECT_LOCAL,TURN_LEFT,1,BYPASS_VISIBLE,1,20,2.0,17.0,2.0,2.0,17.0,2.0,1,
458,15.3,0.033333,0.30319908261299133,14.731236457824707,2.579742908477783,-2.030060280402807,0.7255183458328247,1.2491652627299412,-0.3646451534970333,0.009785974125762943,1.3013361237088703,5.043203256566431,16.25237089090507,2.5801661014556885,0.7232441170608038,0.6905924609615561,0.0,1.0,1.3247406482696533,-0.29437002539634705,0.05098668858408928,1.0074795484542847,macro_turn_left,SAFE_HOLD,NONE,0,0,,0,1,TURN_LEFT,0,0.6889168206561906,0.7248404060322289,0.0,1.0,2.1206886461360437,2.3432337387526387,0.0,0,0,0,DIRECT_LOCAL,TURN_LEFT,1,BYPASS_VISIBLE,1,20,2.0,17.0,2.0,2.0,17.0,2.0,1,
459,15.333333,0.033333,0.33620887994766235,14.702948570251465,2.5794451236724854,-2.005883054040216,0.7227336764335632,1.2552328824496253,-0.3656120329045733,0.021300673414890024,1.3075685322289377,5.075361661155131,16.223370608617472,2.579742908477783,0.7397277290890751,0.6729062986900332,0.0,1.0,1.3280532360076904,-0.3087131977081299,0.054324328899383545,0.9553498029708862,macro_turn_left,SAFE_HOLD,NONE,0,0,,0,1,TURN_LEFT,0,0.6889168206561906,0.7248404060322289,0.0,1.0,2.1060585432066525,2.3047517140930727,0.0,0,0,0,DIRECT_LOCAL,TURN_LEFT,1,BYPASS_VISIBLE,1,20,2.0,17.0,2.0,2.0,17.0,2.0,1,
460,15.366667,0.033333,0.3700805604457855,14.675318717956543,2.579256057739258,-1.9820177334927198,0.7140345573425293,1.2625308348774904,-0.36800432193775723,0.028804809289943833,1.315386257727954,5.108371458489802,16.19508272104423,2.5794451236724854,0.7555746819577568,0.6550625160886822,0.0,1.0,1.332811713218689,-0.32031014561653137,0.05779073014855385,0.9057628512382507,macro_turn_left,SAFE_HOLD,NONE,0,0,,0,1,TURN_LEFT,0,0.6889168206561906,0.7248404060322289,0.0,1.0,2.0660185418053363,2.2667166400989665,0.0,0,0,0,DIRECT_LOCAL,TURN_LEFT,1,BYPASS_VISIBLE,1,20,2.0,17.0,2.0,2.0,17.0,2.0,1,
461,15.4,0.033333,0.4047875702381134,14.648297309875488,2.5791678428649902,-1.9586574045009537,0.6992548704147339,1.2700859267223206,-0.3720097068753721,0.032811749089651426,1.3238527463981475,5.142243138987925,16.167452868749308,2.579256057739258,0.7706696150541351,0.6372349209140312,0.0,1.0,1.3379449844360352,-0.32871949672698975,0.06150316074490547,0.8616616129875183,macro_turn_left,SAFE_HOLD,NONE,0,0,,0,1,TURN_LEFT,0,0.6889168206561906,0.7248404060322289,0.0,1.0,2.0263382349025334,2.229121139478885,0.0,0,0,0,DIRECT_LOCAL,TURN_LEFT,1,BYPASS_VISIBLE,1,20,2.0,17.0,2.0,2.0,17.0,2.0,1,
462,15.433333,0.033333,0.4402765929698944,14.62183666229248,2.5791609287261963,-1.9359093044043023,0.6793217062950134,1.2771505635728797,-0.37728178169900534,0.031173260627159066,1.3320761528586231,4.546039747857228,17.450087880450837,2.5791678428649902,0.5735764363510463,0.8191520442889918,0.0,1.0,1.3227567672729492,-0.2771757245063782,0.061012059450149536,0.9623998403549194,macro_turn_left,SAFE_HOLD,NONE,0,0,,1,1,TURN_LEFT,0,0.5735764363510462,0.8191520442889919,0.0,1.0,1.9870222107790856,2.1919700037325702,0.0,0,0,0,DIRECT_LOCAL,TURN_LEFT,1,BYPASS_VISIBLE,1,20,2.0,17.0,2.0,2.0,17.0,2.0,1,
463,15.466667,0.033333,0.4764825701713562,14.595935821533203,2.579160213470459,-1.9137079823822845,0.6577500700950623,1.2827697508392037,-0.3817355306227599,0.017630474942583924,1.3384808861745523,4.581528770589009,17.42362723286783,2.5791609287261963,0.5916198489773125,0.8062170640069968,0.0,1.0,1.285240650177002,-0.25207605957984924,0.05553041398525238,1.0183637142181396,macro_turn_left,SAFE_HOLD,NONE,0,0,,0,1,TURN_LEFT,0,0.5735764363510463,0.8191520442889918,0.0,1.0,1.9480906431006217,2.1553161765424615,0.0,0,0,0,DIRECT_LOCAL,TURN_LEFT,1,BYPASS_VISIBLE,1,20,2.0,17.0,2.0,2.0,17.0,2.0,1,
464,15.5,0.033333,0.5133307576179504,14.570693016052246,2.5790693759918213,-1.8917444166819402,0.6398026943206787,1.2849800648708454,-0.38195172965819907,-0.00956650391698366,1.3405791319058957,4.617734747790471,17.397726392108552,2.579160213470459,0.6091831343517211,0.7930295762589268,0.0,1.0,1.2543489933013916,-0.25172436237335205,0.04830470681190491,1.0312399864196777,macro_turn_left,SAFE_HOLD,NONE,0,0,,0,1,TURN_LEFT,0,0.5735764363510463,0.8191520442889918,0.0,1.0,1.9096128160340584,2.1193096418330426,0.0,0,0,0,DIRECT_LOCAL,TURN_LEFT,1,BYPASS_VISIBLE,1,20,2.0,17.0,2.0,2.0,17.0,2.0,1,
465,15.533333,0.033333,0.5507096648216248,14.546303749084473,2.5788209438323975,-1.8700885238084228,0.6291403770446777,1.2815303296320344,-0.3764776741236092,-0.04273137637868598,1.3363687348211686,4.654582935237065,17.372483586627595,2.5790693759918213,0.6262127145113109,0.7796522533696516,0.0,1.0,1.2358084917068481,-0.2511221170425415,0.0412474125623703,1.0473978519439697,macro_turn_left,SAFE_HOLD,NONE,0,0,,0,1,TURN_LEFT,0,0.5735764363510463,0.8191520442889918,0.0,1.0,1.871754799155785,2.0842050696675614,0.0,0,0,0,DIRECT_LOCAL,TURN_LEFT,1,BYPASS_VISIBLE,1,20,2.0,17.0,2.0,2.0,17.0,2.0,1,
466,15.566667,0.033333,0.5884639620780945,14.522978782653809,2.578411102294922,-1.8488510856260092,0.6268944144248962,1.2718656185344341,-0.3666639702951781,-0.07107637949073412,1.3255702434967795,4.691961842440739,17.348094319659822,2.5788209438323975,0.6426280717280776,0.7661782830562693,0.0,1.0,1.2271292209625244,-0.23898476362228394,0.03531964123249054,1.0870280265808105,macro_turn_left,SAFE_HOLD,NONE,0,0,,0,1,TURN_LEFT,0,0.5735764363510463,0.8191520442889918,0.0,1.0,1.8321868808302213,2.050285395682374,0.0,0,0,0,DIRECT_LOCAL,TURN_LEFT,1,BYPASS_VISIBLE,1,20,2.0,17.0,2.0,2.0,17.0,2.0,1,
467,15.6,0.033333,0.6264283061027527,14.500880241394043,2.577888011932373,-1.8277680697964924,0.6330326795578003,1.2577044866158296,-0.3547134921305289,-0.08744475745270959,1.3096903537703046,4.729716139697209,17.324769353229158,2.578411102294922,0.6586374072196655,0.7524604745838526,0.0,1.0,1.2230262756347656,-0.22167371213436127,0.03102564439177513,1.1331422328948975,macro_turn_left,SAFE_HOLD,NONE,0,0,,0,1,TURN_LEFT,0,0.5735764363510463,0.8191520442889918,0.0,1.0,1.7934621811784133,2.0177882166810557,0.0,0,0,0,DIRECT_LOCAL,TURN_LEFT,1,BYPASS_VISIBLE,1,20,2.0,17.0,2.0,2.0,17.0,2.0,1,
468,15.633333,0.033333,0.6644771695137024,14.48011302947998,2.577360153198242,-1.8063827996412576,0.6474420428276062,1.242138669162427,-0.3424016411896511,-0.08426042175888623,1.2912192594571057,3.882847491941925,15.783741919868595,2.0,0.8082095784827414,0.5659144393069075,-0.1629052627532264,0.7000000000000001,1.2672638893127441,-0.2740497887134552,0.03986935317516327,1.0435880422592163,macro_normal,SAFE_PROGRESSING,NONE,1,0,"0.626,14.501;1.092,14.684;1.557,14.867;2.022,15.051;2.487,15.234;2.952,15.417;3.418,15.600",1,1,NORMAL_CORRECTION,1,0.8191520442889917,0.573576436351046,0.0,0.7000000000000001,1.7559897090060705,1.986881225175006,0.0,0,0,0,DIRECT_LOCAL,NORMAL_CORRECTION,1,BYPASS_VISIBLE,1,20,2.0,17.0,2.0,2.0,17.0,2.0,1,
469,15.666667,0.033333,0.7025695443153381,14.460711479187012,2.577049970626831,-1.7843623576112697,0.6637805104255676,1.2293088931606333,-0.3323246927551367,-0.054156395126640465,1.2745873729767332,3.882847491941925,15.783741919868595,2.0,0.815033849227611,0.5557130625372314,-0.1640207814233158,0.6944740690952425,1.3271658420562744,-0.3026899993419647,0.05129614844918251,0.9700049757957458,macro_normal,SAFE_PROGRESSING,NONE,1,0,"0.664,14.480;1.128,14.668;1.591,14.856;2.055,15.043;2.518,15.231;2.982,15.419;3.445,15.606",0,1,NORMAL_CORRECTION,1,0.8082095784827414,0.5659144393069075,-0.1629052627532264,0.7000000000000001,1.7199686044226525,1.9576376256849302,0.0,0,0,0,DIRECT_LOCAL,NORMAL_CORRECTION,1,BYPASS_VISIBLE,1,20,2.0,17.0,2.0,2.0,17.0,2.0,1,
470,15.7,0.033333,0.7407918572425842,14.442573547363281,2.5771191120147705,-1.7617039010495292,0.6756748557090759,1.2227934126556035,-0.32657937640067985,-0.003562879453842191,1.2656581344242201,3.882847491941925,15.783741919868595,2.0,0.8221772357177657,0.5447248415388029,-0.16522542200890075,0.6888999164212485,1.3709533214569092,-0.3135982155799866,0.06148805469274521,0.9046949744224548,macro_normal,SAFE_PROGRESSING,NONE,1,0,"0.703,14.461;1.164,14.653;1.626,14.845;2.088,15.037;2.549,15.229;3.011,15.421;3.472,15.613",0,1,NORMAL_CORRECTION,1,0.8082095784827414,0.5659144393069075,-0.1629052627532264,0.7000000000000001,1.6854973922947458,1.9299646064236797,0.0,0,0,0,DIRECT_LOCAL,NORMAL_CORRECTION,1,BYPASS_VISIBLE,1,20,2.0,17.0,2.0,2.0,17.0,2.0,1,
471,15.733333,0.033333,0.7793630957603455,14.425469398498535,2.577582597732544,-1.7389980230561504,0.6803507208824158,1.2245181173998139,-0.32579291789570713,0.051694348041318,1.2681711047058282,3.882847491941925,15.783741919868595,2.0,0.8292690793997696,0.5334484289227404,-0.16657000819871162,0.6832641133545484,1.3900268077850342,-0.3272637724876404,0.06888454407453537,0.8145366907119751,macro_normal,SAFE_PROGRESSING,NONE,1,0,"0.741,14.443;1.201,14.639;1.661,14.835;2.120,15.031;2.580,15.228;3.040,15.424;3.500,15.620",0,1,NORMAL_CORRECTION,1,0.8082095784827414,0.5659144393069075,-0.1629052627532264,0.7000000000000001,1.652498709240655,1.9036157792195327,0.0,0,0,0,DIRECT_LOCAL,NORMAL_CORRECTION,1,BYPASS_VISIBLE,1,20,2.0,17.0,2.0,2.0,17.0,2.0,1,
472,15.766667,0.033333,0.8185638785362244,14.409143447875977,2.578331708908081,-1.7168800864985438,0.6735454797744751,1.2349519405003726,-0.32962870580083625,0.095177032591199,1.2817254177734152,3.882847491941925,15.783741919868595,2.0,0.8359203053398634,0.5224845881179883,-0.16806873088021348,0.6775402464695812,1.3885328769683838,-0.3482253849506378,0.0730840265750885,0.700798511505127,macro_normal,SAFE_PROGRESSING,NONE,1,0,"0.779,14.425;1.237,14.626;1.695,14.826;2.154,15.027;2.612,15.227;3.070,15.428;3.528,15.628",0,1,NORMAL_CORRECTION,1,0.8082095784827414,0.5659144393069075,-0.1629052627532264,0.7000000000000001,1.6207294046921512,1.8783139663461905,0.0,0,0,0,DIRECT_LOCAL,NORMAL_CORRECTION,1,BYPASS_VISIBLE,1,20,2.0,17.0,2.0,2.0,17.0,2.0,1,
473,15.8,0.033333,0.8586252927780151,14.393388748168945,2.5792012214660645,-1.6955973522048242,0.6524112820625305,1.252684050010908,-0.3371328825191688,0.11668427393465033,1.3024941955383416,3.882847491941925,15.783741919868595,2.0,0.8419671137750665,0.5121447896540438,-0.16970295740351587,0.6716950207524583,1.3813502788543701,-0.3676106929779053,0.07560914754867554,0.5968752503395081,macro_normal,SAFE_PROGRESSING,NONE,1,0,"0.819,14.409;1.275,14.614;1.731,14.818;2.187,15.023;2.643,15.228;3.100,15.432;3.556,15.637",0,1,NORMAL_CORRECTION,1,0.8082095784827414,0.5659144393069075,-0.1629052627532264,0.7000000000000001,1.589909172553139,1.853853352073306,0.0,0,0,0,DIRECT_LOCAL,NORMAL_CORRECTION,1,BYPASS_VISIBLE,1,20,2.0,17.0,2.0,2.0,17.0,2.0,1,
474,15.833333,0.033333,0.899648129940033,14.378067970275879,2.5800552368164062,-1.6752723829008074,0.6168971657752991,1.27394505417112,-0.34702335420017016,0.11581770089209228,1.3254338720763568,3.882847491941925,15.783741919868595,2.0,0.8473319060368864,0.5026314877982597,-0.17143578531218398,0.6657026919570348,1.3823288679122925,-0.37821468710899353,0.07853090018033981,0.5276558995246887,macro_normal,SAFE_PROGRESSING,NONE,1,0,"0.859,14.393;1.313,14.602;1.767,14.811;2.221,15.020;2.676,15.229;3.130,15.438;3.584,15.647",1,1,NORMAL_CORRECTION,2,0.8600649123745661,0.5101846200172346,0.0,0.6657026919570348,1.5598381719532963,1.8301356474741373,0.0,0,0,0,DIRECT_LOCAL,NORMAL_CORRECTION,1,BYPASS_VISIBLE,1,20,2.0,17.0,2.0,2.0,17.0,2.0,1,
475,15.866667,0.033333,0.941591739654541,14.363103866577148,2.580831289291382,-1.6561055436990106,0.5702545642852783,1.2940887811735609,-0.35791096840731496,0.10103706353991142,1.3464674236959104,3.882847491941925,15.783741919868595,2.0,0.851920010997329,0.4941888729552387,-0.17323294348807328,0.6595573572029071,1.394108533859253,-0.3796703815460205,0.0826764851808548,0.492241770029068,macro_normal,SAFE_PROGRESSING,NONE,1,0,"0.900,14.378;1.352,14.591;1.804,14.804;2.257,15.017;2.709,15.231;3.161,15.444;3.613,15.657",0,1,NORMAL_CORRECTION,2,0.8473319060368864,0.5026314877982597,-0.17143578531218398,0.6657026919570348,1.5304461142445915,1.807155586451532,0.0,0,0,0,DIRECT_LOCAL,NORMAL_CORRECTION,1,BYPASS_VISIBLE,1,20,2.0,17.0,2.0,2.0,17.0,2.0,1,
476,15.9,0.033333,0.9843286275863647,14.348464012145996,2.5815486907958984,-1.6382592839015784,0.519225537776947,1.3103228747600768,-0.3683208670171092,0.08418333006789226,1.3637056611531195,3.882847491941925,15.783741919868595,2.0,0.8556743808795637,0.4870011262284274,-0.1750750038087063,0.6532747623725667,1.4109994173049927,-0.37641167640686035,0.08742795884609222,0.47579196095466614,macro_normal,SAFE_PROGRESSING,NONE,1,0,"0.942,14.363;1.392,14.581;1.842,14.798;2.292,15.015;2.743,15.233;3.193,15.450;3.643,15.668",0,1,NORMAL_CORRECTION,2,0.8473319060368864,0.5026314877982597,-0.17143578531218398,0.6657026919570348,1.5017794435012024,1.7849666467665966,0.0,0,0,0,DIRECT_LOCAL,NORMAL_CORRECTION,1,BYPASS_VISIBLE,1,20,2.0,17.0,2.0,2.0,17.0,2.0,1,
477,15.933333,0.033333,1.0277208089828491,14.334165573120117,2.5822668075561523,-1.6217873743261968,0.4703308939933777,1.3228343517371797,-0.3768543929741607,0.07393591812279593,1.3774528941595454,3.882847491941925,15.783741919868595,2.0,0.8585991666862158,0.48113583963514295,-0.17696263669012607,0.6468828110074222,1.4263417720794678,-0.37520986795425415,0.09159034490585327,0.46057453751564026,macro_normal,SAFE_PROGRESSING,NONE,1,0,"0.984,14.348;1.432,14.570;1.880,14.792;2.329,15.014;2.777,15.236;3.225,15.458;3.673,15.680",0,1,NORMAL_CORRECTION,2,0.8473319060368864,0.5026314877982597,-0.17143578531218398,0.6657026919570348,1.4739577403552224,1.7636667952153386,0.0,0,0,0,DIRECT_LOCAL,NORMAL_CORRECTION,1,BYPASS_VISIBLE,1,20,2.0,17.0,2.0,2.0,17.0,2.0,1,
478,15.966667,0.033333,1.071678638458252,14.320246696472168,2.583038091659546,-1.6066667667582009,0.4272751212120056,1.3336148819437295,-0.3826527284903389,0.07275661846319577,1.3893326777604738,3.882847491941925,15.783741919868595,2.0,0.8607364136334366,0.4765757382455956,-0.17890889290673948,0.6404067445240581,1.437077283859253,-0.38059231638908386,0.09438774734735489,0.4359753131866455,macro_normal,SAFE_PROGRESSING,NONE,1,0,"1.028,14.334;1.474,14.561;1.919,14.787;2.365,15.013;2.811,15.240;3.257,15.466;3.703,15.692",0,1,NORMAL_CORRECTION,2,0.8473319060368864,0.5026314877982597,-0.17143578531218398,0.6657026919570348,1.4471468650337602,1.743360759450972,0.0,0,0,0,DIRECT_LOCAL,NORMAL_CORRECTION,1,BYPASS_VISIBLE,1,20,2.0,17.0,2.0,2.0,17.0,2.0,1,
479,16.0,0.033333,1.1161785125732422,14.306761741638184,2.583878993988037,-1.5928213608865551,0.39064690470695496,1.3447272547388829,-0.3857616636058132,0.07826328893128552,1.4011525945234657,3.882847491941925,15.783741919868595,2.0,0.8621465855550612,0.4732529201856135,-0.18092799272511326,0.6338608235788316,1.443941354751587,-0.3916524052619934,0.09592120349407196,0.40369683504104614,macro_normal,SAFE_PROGRESSING,NONE,1,0,"1.072,14.320;1.515,14.551;1.959,14.782;2.402,15.013;2.846,15.244;3.289,15.475;3.733,15.706",0,1,NORMAL_CORRECTION,2,0.8473319060368864,0.5026314877982597,-0.17143578531218398,0.6657026919570348,1.4215143551127751,1.724156700700442,0.0,0,0,0,DIRECT_LOCAL,NORMAL_CORRECTION,1,BYPASS_VISIBLE,1,20,2.0,17.0,2.0,2.0,17.0,2.0,1,
480,16.033333,0.033333,1.1612436771392822,14.293745040893555,2.58477783203125,-1.5801824099019952,0.359275221824646,1.3573236015587635,-0.38712367800617487,0.08586157636883811,1.4140595149137196,4.001926827496561,16.287281032863902,2.0,0.8079861627232626,0.5657580019079657,-0.16454860717989592,0.7,1.4412002563476562,-0.39504486322402954,0.09750103950500488,0.3967205286026001,macro_normal,SAFE_PROGRESSING,NONE,1,0,"1.116,14.307;1.528,14.590;1.941,14.873;2.353,15.156;2.765,15.438;3.177,15.721;3.590,16.004",1,1,NORMAL_CORRECTION,1,0.8191520442889918,0.573576436351046,0.0,0.7,1.3972255397897966,1.7061376572810536,0.0,0,0,0,DIRECT_LOCAL,NORMAL_CORRECTION,1,BYPASS_VISIBLE,1,20,2.0,17.0,2.0,2.0,17.0,2.0,1,
481,16.066667,0.033333,1.2069065570831299,14.281193733215332,2.5857186317443848,-1.5686882224146153,0.3325994908809662,1.3713159643906698,-0.3880466536583429,0.0903231568806672,1.4280216918090007,4.001926827496561,16.287281032863902,2.0,0.8083599411832937,0.5647516101827101,-0.16616204225447612,0.6940797219917882,1.440203070640564,-0.4048749804496765,0.0988444983959198,0.38736408948898315,macro_normal,SAFE_PROGRESSING,NONE,1,0,"1.161,14.294;1.571,14.581;1.980,14.868;2.389,15.155;2.798,15.443;3.208,15.730;3.617,16.017",0,1,NORMAL_CORRECTION,1,0.8079861627232626,0.5657580019079657,-0.16454860717989592,0.7,1.3744202228278153,1.689351420415484,0.0,0,0,0,DIRECT_LOCAL,NORMAL_CORRECTION,1,BYPASS_VISIBLE,1,20,2.0,17.0,2.0,2.0,17.0,2.0,1,
482,16.1,0.033333,1.2531719207763672,14.269072532653809,2.5866858959198,-1.558169734883369,0.31077834963798523,1.3855822057257052,-0.3896386178820021,0.08967739372310823,1.4421159233271357,4.001926827496561,16.287281032863902,2.0,0.8080761550667914,0.5646641633055811,-0.1678311958215122,0.6880850111965312,1.4400231838226318,-0.41642826795578003,0.09992662817239761,0.37793922424316406,macro_normal,SAFE_PROGRESSING,NONE,1,0,"1.207,14.281;1.613,14.573;2.019,14.864;2.426,15.156;2.832,15.447;3.238,15.739;3.644,16.030",0,1,NORMAL_CORRECTION,1,0.8079861627232626,0.5657580019079657,-0.16454860717989592,0.7,1.35320773621087,1.6738180761205306,0.0,0,0,0,DIRECT_LOCAL,NORMAL_CORRECTION,1,BYPASS_VISIBLE,1,20,2.0,17.0,2.0,2.0,17.0,2.0,1,
483,16.133333,0.033333,1.3000041246414185,14.257322311401367,2.587674140930176,-1.548420517541685,0.29344671964645386,1.3987397693552206,-0.39275753381062817,0.0848779205005436,1.4553129162243423,4.001926827496561,16.287281032863902,2.0,0.8072417689032213,0.5653430183342134,-0.16955234636760258,0.682021087285096,1.439895749092102,-0.4241187572479248,0.10099434852600098,0.37543708086013794,macro_normal,SAFE_PROGRESSING,NONE,1,0,"1.253,14.269;1.656,14.565;2.059,14.861;2.462,15.157;2.865,15.453;3.268,15.749;3.671,16.045",0,1,NORMAL_CORRECTION,1,0.8079861627232626,0.5657580019079657,-0.16454860717989592,0.7,1.3336767371340759,1.6595360569460138,0.0,0,0,0,DIRECT_LOCAL,NORMAL_CORRECTION,1,BYPASS_VISIBLE,1,20,2.0,17.0,2.0,2.0,17.0,2.0,1,
484,16.166667,0.033333,1.347335934638977,14.245869636535645,2.5886902809143066,-1.5392124459990901,0.2799372673034668,1.4097664601123545,-0.39780334761494923,0.07796178558770005,1.4668902533739197,4.001926827496561,16.287281032863902,2.0,0.805974609609163,0.566615987844013,-0.17132206800325145,0.6759029132366823,1.4390816688537598,-0.42705681920051575,0.10204225778579712,0.3803641200065613,macro_normal,SAFE_PROGRESSING,NONE,1,0,"1.300,14.257;1.700,14.558;2.100,14.858;2.499,15.158;2.899,15.459;3.299,15.759;3.699,16.059",0,1,NORMAL_CORRECTION,1,0.8079861627232626,0.5657580019079657,-0.16454860717989592,0.7,1.315899079911677,1.6464870193466727,0.0,0,0,0,DIRECT_LOCAL,NORMAL_CORRECTION,1,BYPASS_VISIBLE,1,20,2.0,17.0,2.0,2.0,17.0,2.0,1,
485,16.2,0.033333,1.3950854539871216,14.234646797180176,2.589752197265625,-1.5303208571306506,0.26987552642822266,1.4182399469411873,-0.40451935939177913,0.07063158613305966,1.476492221510885,4.001926827496561,16.287281032863902,2.0,0.8043912428916493,0.5683113669665083,-0.1731384374882898,0.6697525900659529,1.4371285438537598,-0.4269922077655792,0.1028132438659668,0.3892541527748108,macro_normal,SAFE_PROGRESSING,NONE,1,0,"1.347,14.246;1.744,14.551;2.140,14.855;2.536,15.160;2.933,15.465;3.329,15.770;3.725,16.075",0,1,NORMAL_CORRECTION,1,0.8079861627232626,0.5657580019079657,-0.16454860717989592,0.7,1.2999300078125258,1.6346522013302494,0.0,0,0,0,DIRECT_LOCAL,NORMAL_CORRECTION,1,BYPASS_VISIBLE,1,20,2.0,17.0,2.0,2.0,17.0,2.0,1,
486,16.233333,0.033333,1.443170189857483,14.223611831665039,2.590880870819092,-1.52158000389711,0.26311564445495605,1.4242350766226815,-0.41211195429523534,0.06380481064368103,1.484032637854279,4.001926827496561,16.287281032863902,2.0,0.8025776130087796,0.570301242402884,-0.17500190859203943,0.6635941305388858,1.4347542524337769,-0.42562559247016907,0.10311226546764374,0.39923256635665894,macro_normal,SAFE_PROGRESSING,NONE,1,0,"1.395,14.235;1.788,14.544;2.181,14.853;2.574,15.163;2.966,15.472;3.359,15.781;3.752,16.091",1,1,NORMAL_CORRECTION,1,0.8151570397105712,0.5792400198624905,0.0,0.6635941305388858,1.2858199721847074,1.6240308548248787,0.0,0,0,0,DIRECT_LOCAL,NORMAL_CORRECTION,1,BYPASS_VISIBLE,1,20,2.0,17.0,2.0,2.0,17.0,2.0,1,
487,16.266667,0.033333,1.49151611328125,14.212751388549805,2.592092275619507,-1.5128972251601593,0.25948718190193176,1.4280900977057025,-0.4196232042807436,0.057958394051287256,1.4895919361277856,4.001926827496561,16.287281032863902,2.0,0.8005826295350726,0.5725109293675352,-0.1769143551027722,0.6574485866632857,1.433224081993103,-0.4237176477909088,0.1029612198472023,0.4094168543815613,macro_normal,SAFE_PROGRESSING,NONE,1,0,"1.443,14.224;1.832,14.538;2.222,14.851;2.611,15.165;3.000,15.479;3.389,15.793;3.778,16.107",0,1,NORMAL_CORRECTION,1,0.8025776130087796,0.570301242402884,-0.17500190859203943,0.6635941305388858,1.273630144140659,1.6146430652633832,0.0,0,0,0,DIRECT_LOCAL,NORMAL_CORRECTION,1,BYPASS_VISIBLE,1,20,2.0,17.0,2.0,2.0,17.0,2.0,1,
488,16.3,0.033333,1.540061593055725,14.202085494995117,2.593397617340088,-1.504222091462359,0.2586900293827057,1.4302342806397983,-0.42629808874330877,0.053541888682303695,1.4933743307781566,4.001926827496561,16.287281032863902,2.0,0.7984352146810452,0.5748948696001636,-0.17887732350592725,0.6513320259033791,1.4332351684570312,-0.4214740991592407,0.10251801460981369,0.4197733998298645,macro_normal,SAFE_PROGRESSING,NONE,1,0,"1.492,14.213;1.877,14.531;2.262,14.850;2.648,15.168;3.033,15.487;3.419,15.805;3.804,16.124",0,1,NORMAL_CORRECTION,1,0.8025776130087796,0.570301242402884,-0.17500190859203943,0.6635941305388858,1.2634336773042099,1.6065352426637554,0.0,0,0,0,DIRECT_LOCAL,NORMAL_CORRECTION,1,BYPASS_VISIBLE,1,20,2.0,17.0,2.0,2.0,17.0,2.0,1,
489,16.333333,0.033333,1.5887577533721924,14.191652297973633,2.5948047637939453,-1.495511207915889,0.2603228688240051,1.43111633426049,-0.4317659256666867,0.050982499309366,1.495698830643998,4.001926827496561,16.287281032863902,2.0,0.7961644159904341,0.5774080975095957,-0.1808925416952286,0.6452540852624282,1.4345000982284546,-0.41905248165130615,0.10194377601146698,0.42991530895233154,macro_normal,SAFE_PROGRESSING,NONE,1,0,"1.540,14.202;1.922,14.525;2.303,14.848;2.685,15.172;3.066,15.495;3.448,15.818;3.829,16.141",0,1,NORMAL_CORRECTION,1,0.8025776130087796,0.570301242402884,-0.17500190859203943,0.6635941305388858,1.2521249373404217,1.5997657340433373,0.0,0,0,0,DIRECT_LOCAL,NORMAL_CORRECTION,1,BYPASS_VISIBLE,1,20,2.0,17.0,2.0,2.0,17.0,2.0,1,
490,16.366667,0.033333,1.637569785118103,14.181497573852539,2.5963196754455566,-1.4867155827239529,0.2639140188694,1.4311672042994064,-0.43601949574240106,0.05041238179477839,1.4969615811930042,4.001926827496561,16.287281032863902,2.0,0.7938045249214044,0.5799993911002136,-0.18296197019513302,0.6392196735022493,1.4362019300460815,-0.416662335395813,0.1013500988483429,0.43912220001220703,macro_normal,SAFE_PROGRESSING,NONE,1,0,"1.589,14.192;1.966,14.519;2.344,14.847;2.721,15.175;3.099,15.503;3.476,15.831;3.854,16.159",0,1,NORMAL_CORRECTION,1,0.8025776130087796,0.570301242402884,-0.17500190859203943,0.6635941305388858,1.2422570557294734,1.5943953762997167,0.0,0,0,0,DIRECT_LOCAL,NORMAL_CORRECTION,1,BYPASS_VISIBLE,1,20,2.0,17.0,2.0,2.0,17.0,2.0,1,
491,16.4,0.033333,1.6864746809005737,14.171664237976074,2.59794545173645,-1.4777869811416227,0.26892033219337463,1.4307506037363005,-0.43928172131528787,0.051496515269234565,1.4975538761121032,4.001926827496561,16.287281032863902,2.0,0.7913897354766009,0.5826188458334469,-0.18508799815757448,0.633230075094052,1.4376699924468994,-0.41442787647247314,0.10081426054239273,0.4469660520553589,macro_normal,SAFE_PROGRESSING,NONE,1,0,"1.638,14.181;2.011,14.514;2.384,14.847;2.758,15.179;3.131,15.512;3.504,15.844;3.878,16.177",0,1,NORMAL_CORRECTION,1,0.8025776130087796,0.570301242402884,-0.17500190859203943,0.6635941305388858,1.231560304916774,1.590477871447527,0.0,0,0,0,DIRECT_LOCAL,NORMAL_CORRECTION,1,BYPASS_VISIBLE,1,20,2.0,17.0,2.0,2.0,17.0,2.0,1,
492,16.433333,0.033333,1.735459566116333,14.162193298339844,2.5996828079223633,-1.4686875300573905,0.2747591733932495,1.4301086757759844,-0.44185023223134406,0.05354892736659167,1.4977683198261154,4.001926827496561,16.287281032863902,2.0,0.7889472823779938,0.5852274040098869,-0.1872727188466773,0.6272847221473646,1.4386714696884155,-0.4122932553291321,0.10040111094713211,0.4536392390727997,macro_normal,SAFE_PROGRESSING,NONE,1,0,"1.686,14.172;2.056,14.509;2.425,14.846;2.794,15.183;3.163,15.521;3.532,15.858;3.901,16.195",1,1,NORMAL_CORRECTION,1,0.8031567637658714,0.5957677507360833,0.0,0.6272847221473646,1.2222086207748897,1.5880614662035182,0.0,0,0,0,DIRECT_LOCAL,NORMAL_CORRECTION,1,BYPASS_VISIBLE,1,20,2.0,17.0,2.0,2.0,17.0,2.0,1,
493,16.466667,0.033333,1.7845170497894287,14.153106689453125,2.601530075073242,-1.459395355098678,0.28089916706085205,1.4293430956646578,-0.44397826909507027,0.055837010878091814,1.4977503664952583,4.001926827496561,16.287281032863902,2.0,0.7864941211137213,0.5878009145747035,-0.18951802626319567,0.6213814199453661,1.4393260478973389,-0.4100577235221863,0.10016323626041412,0.45982563495635986,macro_normal,SAFE_PROGRESSING,NONE,1,0,"1.735,14.162;2.100,14.504;2.465,14.846;2.830,15.188;3.194,15.530;3.559,15.872;3.924,16.214",0,1,NORMAL_CORRECTION,1,0.7889472823779938,0.5852274040098869,-0.1872727188466773,0.6272847221473646,1.2152020120049254,1.5871720960515572,0.0,0,0,0,DIRECT_LOCAL,NORMAL_CORRECTION,1,BYPASS_VISIBLE,1,20,2.0,17.0,2.0,2.0,17.0,2.0,1,
494,16.5,0.033333,1.8336396217346191,14.144430160522461,2.603484630584717,-1.4499046993273552,0.2869590222835541,1.4284392974667828,-0.4458133238219368,0.05786129294162644,1.4975100251635836,4.001926827496561,16.287281032863902,2.0,0.7840348424446595,0.5903326637614874,-0.19182469061370783,0.6155194960468439,1.4398974180221558,-0.4075523018836975,0.10012014210224152,0.4661833643913269,macro_normal,SAFE_PROGRESSING,NONE,1,0,"1.785,14.153;2.145,14.500;2.505,14.847;2.865,15.193;3.226,15.540;3.586,15.887;3.946,16.233",0,1,NORMAL_CORRECTION,1,0.7889472823779938,0.5852274040098869,-0.1872727188466773,0.6272847221473646,1.210603379679285,1.587835467967491,0.0,0,0,0,DIRECT_LOCAL,NORMAL_CORRECTION,1,BYPASS_VISIBLE,1,20,2.0,17.0,2.0,2.0,17.0,2.0,1,
495,16.533333,0.033333,1.8828186988830566,14.136178970336914,2.6055445671081543,-1.4402182197124875,0.2927526533603668,1.4273296227296004,-0.44738333791187374,0.05947374071796415,1.4969832426575727,4.001926827496561,16.287281032863902,2.0,0.7815696752435985,0.5928218674266981,-0.1941933990647946,0.6096976059577537,1.4405767917633057,-0.4047604203224182,0.10024737566709518,0.4729667901992798,macro_normal,SAFE_PROGRESSING,NONE,1,0,"1.834,14.144;2.189,14.496;2.545,14.847;2.901,15.199;3.256,15.550;3.612,15.902;3.967,16.253",0,1,NORMAL_CORRECTION,1,0.7889472823779938,0.5852274040098869,-0.1872727188466773,0.6272847221473646,1.2084646949896978,1.5900626678935024,0.0,0,0,0,DIRECT_LOCAL,NORMAL_CORRECTION,1,BYPASS_VISIBLE,1,20,2.0,17.0,2.0,2.0,17.0,2.0,1,
496,16.566667,0.033333,1.9320422410964966,14.128373146057129,2.6077072620391846,-1.430342544821554,0.2982577681541443,1.4259597893089537,-0.44862326907958905,0.060817393548105995,1.4961025745729066,4.001926827496561,16.287281032863902,2.0,0.7790951955897062,0.5952725723610108,-0.1966246190174129,0.6039158664636554,1.441401481628418,-0.40180113911628723,0.10048981755971909,0.4800335168838501,macro_normal,SAFE_PROGRESSING,NONE,1,0,"1.883,14.136;2.234,14.492;2.585,14.849;2.936,15.205;3.286,15.561;3.637,15.917;3.988,16.273",0,1,NORMAL_CORRECTION,1,0.7889472823779938,0.5852274040098869,-0.1872727188466773,0.6272847221473646,1.2088114394805909,1.5938644432070324,0.0,0,0,0,DIRECT_LOCAL,NORMAL_CORRECTION,1,BYPASS_VISIBLE,1,20,2.0,17.0,2.0,2.0,17.0,2.0,1,
497,16.6,0.033333,1.9812968969345093,14.121031761169434,2.609971284866333,-1.4202849694795223,0.3035375475883484,1.4243320591180229,-0.4494271925303479,0.06216121564175841,1.4948480299840377,4.001926827496561,16.287281032863902,2.0,0.7766087073020472,0.5976877671375721,-0.19911868007986222,0.5981740704755782,1.4422905445098877,-0.3988935351371765,0.10078154504299164,0.4869241714477539,macro_normal,SAFE_PROGRESSING,NONE,1,0,"1.932,14.128;2.277,14.488;2.622,14.848;2.967,15.208;3.312,15.568;3.657,15.927;4.002,16.287",0,1,NORMAL_CORRECTION,1,0.7889472823779938,0.5852274040098869,-0.1872727188466773,0.6272847221473646,1.2116563444769755,1.5992457375825917,0.0,0,0,0,DIRECT_LOCAL,NORMAL_CORRECTION,1,BYPASS_VISIBLE,1,20,2.0,17.0,2.0,2.0,17.0,2.0,1,
498,16.633333,0.033333,2.030569314956665,14.114182472229004,2.6123335361480713,-1.4100519429115508,0.3086569607257843,1.4225103680504652,-0.4497050726165896,0.0637344348257419,1.4932623606488973,4.001926827496561,16.287281032863902,2.0,0.7741080207540171,0.6000695551811944,-0.20167622851724912,0.592472150346327,1.443108081817627,-0.3962347209453583,0.10107053816318512,0.4931684136390686,macro_normal,SAFE_PROGRESSING,NONE,1,0,"1.981,14.121;2.318,14.482;2.655,14.843;2.992,15.204;3.328,15.565;3.665,15.926;4.002,16.287",1,1,NORMAL_CORRECTION,1,0.7903478962495061,0.612658308434628,0.0,0.592472150346327,1.2169934344876383,1.606215127054762,0.0,0,0,0,DIRECT_LOCAL,NORMAL_CORRECTION,1,GOAL_OUTSIDE_FOV,1,20,2.0,17.0,2.0,2.0,17.0,2.0,1,
499,16.666667,0.033333,2.079848289489746,14.107847213745117,2.6147892475128174,-1.3996487361934475,0.31362804770469666,1.4205954717648992,-0.4494215975982719,0.06562829971875259,1.4914349937260738,4.001926827496561,16.287281032863902,2.0,0.7715928592456561,0.6024175016553753,-0.20429785427264996,0.5868085819577267,1.4437263011932373,-0.3939070999622345,0.10133251547813416,0.4985354542732239,macro_normal,SAFE_PROGRESSING,NONE,1,0,"2.031,14.114;2.359,14.476;2.688,14.839;3.016,15.201;3.345,15.563;3.673,15.925;4.002,16.287",0,1,NORMAL_CORRECTION,1,0.7741080207540171,0.6000695551811944,-0.20167622851724912,0.592472150346327,1.2248076714863514,1.6147716751880288,0.0,0,0,0,DIRECT_LOCAL,NORMAL_CORRECTION,1,GOAL_OUTSIDE_FOV,1,20,2.0,17.0,2.0,2.0,17.0,2.0,1,
500,16.7,0.033333,2.1291251182556152,14.10204792022705,2.61733341217041,-1.3890824398315749,0.31840234994888306,1.4186862897681671,-0.44861189501833254,0.06778014175583263,1.4894688881425313,4.001926827496561,16.287281032863902,2.0,0.7690608336634263,0.6047340394879248,-0.2069835153086658,0.5811821634628891,1.4440536499023438,-0.3918837308883667,0.10156773030757904,0.503054141998291,macro_normal,SAFE_PROGRESSING,NONE,1,0,"2.080,14.108;2.400,14.471;2.721,14.834;3.041,15.198;3.361,15.561;3.682,15.924;4.002,16.287",0,1,NORMAL_CORRECTION,1,0.7741080207540171,0.6000695551811944,-0.20167622851724912,0.592472150346327,1.235062639040866,1.6249109863098194,0.0,0,0,0,DIRECT_LOCAL,NORMAL_CORRECTION,1,GOAL_OUTSIDE_FOV,1,20,2.0,17.0,2.0,2.0,17.0,2.0,1,
501,16.733333,0.033333,2.178393602371216,14.096810340881348,2.619957208633423,-1.378362005968582,0.3228980004787445,1.4168496566044169,-0.4473670397574452,0.07002140875269393,1.4874485588971154,4.001926827496561,16.287281032863902,2.0,0.7665079608753047,0.6070234789881194,-0.2097332636277382,0.575591174313865,1.4440627098083496,-0.3900475800037384,0.10178941488265991,0.5069867372512817,macro_normal,SAFE_PROGRESSING,NONE,1,0,"2.129,14.102;2.441,14.466;2.753,14.830;3.066,15.195;3.378,15.559;3.690,15.923;4.002,16.287",0,1,NORMAL_CORRECTION,1,0.7741080207540171,0.6000695551811944,-0.20167622851724912,0.592472150346327,1.2477080144981547,1.6366292061580952,0.0,0,0,0,DIRECT_LOCAL,NORMAL_CORRECTION,1,GOAL_OUTSIDE_FOV,1,20,2.0,17.0,2.0,2.0,17.0,2.0,1,
502,16.766667,0.033333,2.2276480197906494,14.092151641845703,2.622654438018799,-1.3674991800180942,0.327041357755661,1.4151070685407041,-0.44580403412371283,0.07215411100510802,1.485420973330382,4.001926827496561,16.287281032863902,2.0,0.7639286947646693,0.6092922313888511,-0.2125462916268907,0.5700328157420614,1.4437562227249146,-0.38826286792755127,0.10200992971658707,0.510665774345398,macro_normal,SAFE_PROGRESSING,NONE,1,0,"2.178,14.097;2.482,14.462;2.786,14.827;3.090,15.192;3.394,15.557;3.698,15.922;4.002,16.287",0,1,NORMAL_CORRECTION,1,0.7741080207540171,0.6000695551811944,-0.20167622851724912,0.592472150346327,1.2626851377042578,1.6499110509398043,0.0,0,0,0,DIRECT_LOCAL,NORMAL_CORRECTION,1,GOAL_OUTSIDE_FOV,1,20,2.0,17.0,2.0,2.0,17.0,2.0,1,
503,16.8,0.033333,2.276883125305176,14.08808708190918,2.625417947769165,-1.3565067677797946,0.3307993412017822,1.4134383703921642,-0.4440303591725981,0.07401865575453663,1.483391299746467,4.001926827496561,16.287281032863902,2.0,0.7613153097738146,0.6115490571802231,-0.2154222592165936,0.5645053881332308,1.4431703090667725,-0.38642123341560364,0.10223206877708435,0.5143837928771973,macro_normal,SAFE_PROGRESSING,NONE,1,0,"2.228,14.092;2.523,14.458;2.819,14.824;3.115,15.190;3.411,15.556;3.706,15.921;4.002,16.287",0,1,NORMAL_CORRECTION,1,0.7741080207540171,0.6000695551811944,-0.20167622851724912,0.592472150346327,1.2799170315840362,1.6647365579865943,0.0,0,0,0,DIRECT_LOCAL,NORMAL_CORRECTION,1,GOAL_OUTSIDE_FOV,1,20,2.0,17.0,2.0,2.0,17.0,2.0,1,
504,16.833333,0.033333,2.326092481613159,14.084624290466309,2.6282408237457275,-1.345397402432448,0.33419179916381836,1.4117978912024085,-0.44212022769861214,0.07553433695952239,1.481333526726427,4.001926827496561,16.287281032863902,2.0,0.7586596896932727,0.6138030516701158,-0.21836045657343792,0.5590073276223131,1.4423614740371704,-0.3844658136367798,0.10244697332382202,0.5183299779891968,macro_normal,SAFE_PROGRESSING,NONE,1,0,"2.277,14.088;2.564,14.455;2.852,14.821;3.139,15.188;3.427,15.554;3.714,15.921;4.002,16.287",1,1,NORMAL_CORRECTION,1,0.7774202528013344,0.6289815184362012,0.0,0.5590073276223131,1.299316997041497,1.6810755614189068,0.0,0,0,0,DIRECT_LOCAL,NORMAL_CORRECTION,1,GOAL_OUTSIDE_FOV,1,20,2.0,17.0,2.0,2.0,17.0,2.0,1,
505,16.866667,0.033333,2.3752682209014893,14.081770896911621,2.631117343902588,-1.334181170603145,0.33728542923927307,1.4101351187608682,-0.44010594198715064,0.0767057298719723,1.479208593245157,4.001926827496561,16.287281032863902,2.0,0.7559543108182978,0.6160624472560429,-0.22135975477969694,0.553538344820737,1.441371202468872,-0.3823988437652588,0.10263688862323761,0.5225552320480347,macro_normal,SAFE_PROGRESSING,NONE,1,0,"2.326,14.085;2.605,14.452;2.885,14.819;3.164,15.186;3.443,15.553;3.723,15.920;4.002,16.287",0,1,NORMAL_CORRECTION,1,0.7586596896932727,0.6138030516701158,-0.21836045657343792,0.5590073276223131,1.3207851165916473,1.6988949888867415,0.0,0,0,0,DIRECT_LOCAL,NORMAL_CORRECTION,1,GOAL_OUTSIDE_FOV,1,20,2.0,17.0,2.0,2.0,17.0,2.0,1,
506,16.9,0.033333,2.4243998527526855,14.079532623291016,2.6340420246124268,-1.322865218212159,0.34017354249954224,1.4084110379626402,-0.4379847180416692,0.07759903004784197,1.4769813385948403,4.001926827496561,16.287281032863902,2.0,0.753193499738879,0.6183328549719024,-0.22441932272733486,0.5480982825077294,1.4402306079864502,-0.38025957345962524,0.10278154164552689,0.5270168781280518,macro_normal,SAFE_PROGRESSING,NONE,1,0,"2.375,14.082;2.646,14.449;2.917,14.817;3.189,15.185;3.460,15.552;3.731,15.920;4.002,16.287",0,1,NORMAL_CORRECTION,1,0.7586596896932727,0.6138030516701158,-0.21836045657343792,0.5590073276223131,1.3390915750490973,1.7181568086847223,0.0,0,0,0,DIRECT_LOCAL,NORMAL_CORRECTION,1,GOAL_OUTSIDE_FOV,1,20,2.0,17.0,2.0,2.0,17.0,2.0,1,
507,16.933333,0.033333,2.4734771251678467,14.077917098999023,2.6370108127593994,-1.3114542654301877,0.34295162558555603,1.4066059945000113,-0.4357372089087163,0.0783056612523781,1.474631857642814,4.001926827496561,16.287281032863902,2.0,0.750373223950946,0.620617772817083,-0.22753813931081407,0.5426875490009394,1.4389575719833374,-0.37809938192367554,0.10286366939544678,0.5316308736801147,macro_normal,SAFE_PROGRESSING,NONE,1,0,"2.424,14.080;2.687,14.447;2.950,14.815;3.213,15.183;3.476,15.551;3.739,15.919;4.002,16.287",0,1,NORMAL_CORRECTION,1,0.7586596896932727,0.6138030516701158,-0.21836045657343792,0.5590073276223131,1.3570871978539885,1.7388229109043594,0.0,0,0,0,DIRECT_LOCAL,NORMAL_CORRECTION,1,GOAL_OUTSIDE_FOV,1,20,2.0,17.0,2.0,2.0,17.0,2.0,1,
508,16.966667,0.033333,2.5224881172180176,14.07692813873291,2.6400177478790283,-1.2999505997777983,0.3456989526748657,1.4047196254346357,-0.4333474375657635,0.07890728614584963,1.4721594979936583,4.001926827496561,16.287281032863902,2.0,0.7474910037605722,0.6229184791269795,-0.23071577245421077,0.5373061505254384,1.4375457763671875,-0.37595367431640625,0.10287268459796906,0.5363384485244751,macro_normal,SAFE_PROGRESSING,NONE,1,0,"2.473,14.078;2.728,14.446;2.983,14.814;3.238,15.183;3.492,15.551;3.747,15.919;4.002,16.287",0,1,NORMAL_CORRECTION,1,0.7586596896932727,0.6138030516701158,-0.21836045657343792,0.5590073276223131,1.3771362051815126,1.7608494375449273,0.0,0,0,0,DIRECT_LOCAL,NORMAL_CORRECTION,1,GOAL_OUTSIDE_FOV,1,20,2.0,17.0,2.0,2.0,17.0,2.0,1,
509,17.0,0.033333,2.5714213848114014,14.07657527923584,2.6430583000183105,-1.2883544181916027,0.34846994280815125,1.4027627845289279,-0.43081533090568697,0.07945092423432273,1.4695773978815865,4.001926827496561,16.287281032863902,2.0,0.7445456176328924,0.625235039311038,-0.23395078303220043,0.5319548407172884,1.4359761476516724,-0.37384212017059326,0.1028047427535057,0.5411159992218018,macro_normal,SAFE_PROGRESSING,NONE,1,0,"2.522,14.077;2.769,14.445;3.016,14.814;3.262,15.182;3.509,15.550;3.755,15.919;4.002,16.287",0,1,NORMAL_CORRECTION,1,0.7586596896932727,0.6138030516701158,-0.21836045657343792,0.5590073276223131,1.3991400664029439,1.7841965001079227,0.0,0,0,0,DIRECT_LOCAL,NORMAL_CORRECTION,1,GOAL_OUTSIDE_FOV,1,20,2.0,17.0,2.0,2.0,17.0,2.0,1,
510,17.033333,0.033333,2.620265483856201,14.076863288879395,2.646127939224243,-1.27666487753159,0.3512941002845764,1.4007495028025145,-0.4281613462411996,0.07994162374335347,1.4669055767919392,4.001926827496561,16.287281032863902,2.0,0.7415369905417242,0.6275658053752992,-0.23724260068962122,0.5266332974917588,1.4342327117919922,-0.37176573276519775,0.10266084223985672,0.5459904670715332,macro_normal,SAFE_PROGRESSING,NONE,1,0,"2.571,14.077;2.810,14.445;3.048,14.813;3.287,15.182;3.525,15.550;3.764,15.919;4.002,16.287",1,1,NORMAL_CORRECTION,1,0.7633297217521693,0.6460090834421415,0.0,0.5266332974917588,1.4230023647540702,1.8088189993824244,0.0,0,0,0,DIRECT_LOCAL,NORMAL_CORRECTION,1,GOAL_OUTSIDE_FOV,1,20,2.0,17.0,2.0,2.0,17.0,2.0,1,
511,17.066667,0.033333,2.6690096855163574,14.077796936035156,2.649221658706665,-1.264880435143637,0.35418444871902466,1.3986878012031803,-0.4254219165988327,0.08035232339229348,1.4641611483138566,4.001926827496561,16.287281032863902,2.0,0.7384649116542821,0.6299094185260041,-0.24059031299631528,0.5213419097456733,1.4323110580444336,-0.3697008490562439,0.10244505107402802,0.5510610342025757,macro_normal,SAFE_PROGRESSING,NONE,1,0,"2.620,14.077;2.851,14.445;3.081,14.814;3.311,15.182;3.541,15.550;3.772,15.919;4.002,16.287",0,1,NORMAL_CORRECTION,1,0.7415369905417242,0.6275658053752992,-0.23724260068962122,0.5266332974917588,1.4486208769792701,1.8346715773038893,0.0,0,0,0,DIRECT_LOCAL,NORMAL_CORRECTION,1,GOAL_OUTSIDE_FOV,1,20,2.0,17.0,2.0,2.0,17.0,2.0,1,
512,17.1,0.033333,2.7176430225372314,14.079379081726074,2.6523351669311523,-1.2529990439951975,0.35714957118034363,1.396575880334635,-0.4226404648762946,0.08064254407614786,1.4613529252026647,4.001926827496561,16.287281032863902,2.0,0.7353293698564589,0.632264353003932,-0.24399283954047152,0.5160809270462845,1.4302077293395996,-0.36762577295303345,0.10216132551431656,0.5564416646957397,macro_normal,SAFE_PROGRESSING,NONE,1,0,"2.669,14.078;2.891,14.446;3.113,14.814;3.335,15.183;3.558,15.551;3.780,15.919;4.002,16.287",0,1,NORMAL_CORRECTION,1,0.7415369905417242,0.6275658053752992,-0.23724260068962122,0.5266332974917588,1.4758936889582925,1.8617068266471177,0.0,0,0,0,DIRECT_LOCAL,NORMAL_CORRECTION,1,GOAL_OUTSIDE_FOV,1,20,2.0,17.0,2.0,2.0,17.0,2.0,1,
513,17.133333,0.033333,2.7661547660827637,14.081611633300781,2.655463457107544,-1.2410180063571703,0.3602037727832794,1.394401874436446,-0.41985704316762856,0.08077682384814931,1.4584791460286062,4.001926827496561,16.287281032863902,2.0,0.732130555455685,0.6346288398174162,-0.24744915728316907,0.5108508947831663,1.427941083908081,-0.3655245304107666,0.10181170701980591,0.5622559189796448,macro_normal,SAFE_PROGRESSING,NONE,1,0,"2.718,14.079;2.932,14.447;3.146,14.815;3.360,15.183;3.574,15.551;3.788,15.919;4.002,16.287",0,1,NORMAL_CORRECTION,1,0.7415369905417242,0.6275658053752992,-0.23724260068962122,0.5266332974917588,1.5047183594092235,1.889876670998746,0.0,0,0,0,DIRECT_LOCAL,NORMAL_CORRECTION,1,GOAL_OUTSIDE_FOV,1,20,2.0,17.0,2.0,2.0,17.0,2.0,1,
514,17.166667,0.033333,2.8145339488983154,14.084495544433594,2.6586029529571533,-1.228933977343422,0.3633735775947571,1.3921469753329445,-0.4171030259585815,0.08073905465371349,1.4555297764521502,4.001926827496561,16.287281032863902,2.0,0.7288689786559481,0.6370009087681003,-0.25095787332070124,0.5056524532894128,1.4255350828170776,-0.3633989095687866,0.10139521211385727,0.5685988664627075,macro_normal,SAFE_PROGRESSING,NONE,1,0,"2.766,14.082;2.972,14.449;3.178,14.817;3.384,15.184;3.590,15.552;3.796,15.920;4.002,16.287",0,1,NORMAL_CORRECTION,1,0.7415369905417242,0.6275658053752992,-0.23724260068962122,0.5266332974917588,1.5349940621051206,1.9191323838475354,0.0,0,0,0,DIRECT_LOCAL,NORMAL_CORRECTION,1,GOAL_OUTSIDE_FOV,1,20,2.0,17.0,2.0,2.0,17.0,2.0,1,
515,17.2,0.033333,2.862769365310669,14.088030815124512,2.661749839782715,-1.2167416447834427,0.36669906973838806,1.3897920907555188,-0.41439754696050535,0.08053746954388973,1.4524922259530388,4.001926827496561,16.287281032863902,2.0,0.7255462880537085,0.6393771918419358,-0.25451795701640695,0.5004863936685984,1.4230186939239502,-0.3612629771232605,0.10090860724449158,0.5755471587181091,macro_normal,SAFE_PROGRESSING,NONE,1,0,"2.815,14.084;3.012,14.452;3.210,14.819;3.408,15.186;3.606,15.553;3.804,15.920;4.002,16.287",0,1,NORMAL_CORRECTION,1,0.7415369905417242,0.6275658053752992,-0.23724260068962122,0.5266332974917588,1.5666221585959297,1.949424817679649,0.0,0,0,0,DIRECT_LOCAL,NORMAL_CORRECTION,1,GOAL_OUTSIDE_FOV,1,20,2.0,17.0,2.0,2.0,17.0,2.0,1,
516,17.233333,0.033333,2.91084885597229,14.092217445373535,2.664900064468384,-1.2044350019342505,0.37023022770881653,1.3873211693490926,-0.4117514820651823,0.08019997663823576,1.4493554933693051,4.001926827496561,16.287281032863902,2.0,0.7221646068394902,0.641753959441394,-0.25812813905046894,0.49535366129183134,1.4204126596450806,-0.3591320514678955,0.10034822672605515,0.5831807851791382,macro_normal,SAFE_PROGRESSING,NONE,1,0,"2.863,14.088;3.091,14.528;3.318,14.968;3.546,15.408;3.774,15.847;4.002,16.287",1,1,NORMAL_CORRECTION,1,0.7474967567334616,0.6642654579857034,0.0,0.49535366129183134,1.5995068260278338,1.980704962663911,0.0,0,0,0,DIRECT_LOCAL,NORMAL_CORRECTION,1,GOAL_OUTSIDE_FOV,1,20,2.0,17.0,2.0,2.0,17.0,2.0,1,
517,17.266667,0.033333,2.9587604999542236,14.097053527832031,2.6680502891540527,-1.192006038642453,0.3740227520465851,1.3847255809368906,-0.40917240881429073,0.07976241372049349,1.446115153533223,4.001926827496561,16.287281032863902,2.0,0.7187276746571649,0.6441258597115616,-0.26178694874410074,0.49025525160151406,1.4177310466766357,-0.35703104734420776,0.09970970451831818,0.5915610790252686,macro_normal,SAFE_PROGRESSING,NONE,1,0,"2.911,14.092;3.129,14.531;3.347,14.970;3.565,15.409;3.784,15.848;4.002,16.287",0,1,NORMAL_CORRECTION,1,0.7221646068394902,0.641753959441394,-0.25812813905046894,0.49535366129183134,1.6335557770728446,2.0129232278829603,0.0,0,0,0,DIRECT_LOCAL,NORMAL_CORRECTION,1,GOAL_OUTSIDE_FOV,1,20,2.0,17.0,2.0,2.0,17.0,2.0,1,
518,17.3,0.033333,3.00649094581604,14.1025390625,2.671198844909668,-1.1794450879139948,0.3781335651874542,1.3820034820733562,-0.4066697053521314,0.07925613451453596,1.442773512569543,4.001926827496561,16.287281032863902,2.0,0.7152401227184615,0.6464867087414468,-0.26549294204240487,0.4851924364915966,1.414992094039917,-0.3549959063529968,0.09898771345615387,0.6007187366485596,macro_normal,SAFE_PROGRESSING,NONE,1,0,"2.959,14.097;3.167,14.535;3.376,14.973;3.585,15.411;3.793,15.849;4.002,16.287",0,1,NORMAL_CORRECTION,1,0.7221646068394902,0.641753959441394,-0.25812813905046894,0.49535366129183134,1.6686798217564243,2.0460316831677003,0.0,0,0,0,DIRECT_LOCAL,NORMAL_CORRECTION,1,GOAL_OUTSIDE_FOV,1,20,2.0,17.0,2.0,2.0,17.0,2.0,1,
519,17.333333,0.033333,3.0540294647216797,14.108672142028809,2.6743412017822266,-1.1667406925790356,0.38261714577674866,1.3791585639792574,-0.4042588388343725,0.07870187705765108,1.4393392716192526,4.001926827496561,16.287281032863902,2.0,0.7117083055377431,0.6488283604848466,-0.2692453276458861,0.48016622420185373,1.4122045040130615,-0.35305097699165344,0.09817744791507721,0.61069655418396,macro_normal,SAFE_PROGRESSING,NONE,1,0,"3.006,14.103;3.206,14.539;3.405,14.976;3.604,15.413;3.803,15.850;4.002,16.287",0,1,NORMAL_CORRECTION,1,0.7221646068394902,0.641753959441394,-0.25812813905046894,0.49535366129183134,1.7047948295448503,2.079983520982144,0.0,0,0,0,DIRECT_LOCAL,NORMAL_CORRECTION,1,GOAL_OUTSIDE_FOV,1,20,2.0,17.0,2.0,2.0,17.0,2.0,1,
520,17.366667,0.033333,3.10136342048645,14.115450859069824,2.677474021911621,-1.153879416611399,0.3875228464603424,1.3761984372962421,-0.40196225736502866,0.07810615966483063,1.4358260226574093,4.001926827496561,16.287281032863902,2.0,0.7081394009109339,0.6511425249250284,-0.2730421233285491,0.47517769769134965,1.4093674421310425,-0.3511975407600403,0.09727581590414047,0.6215828657150269,macro_normal,SAFE_PROGRESSING,NONE,1,0,"3.054,14.109;3.244,14.544;3.433,14.980;3.623,15.416;3.812,15.852;4.002,16.287",0,1,NORMAL_CORRECTION,1,0.7221646068394902,0.641753959441394,-0.25812813905046894,0.49535366129183134,1.741821607696196,2.114731998873666,0.0,0,0,0,DIRECT_LOCAL,NORMAL_CORRECTION,1,GOAL_OUTSIDE_FOV,1,20,2.0,17.0,2.0,2.0,17.0,2.0,1,
521,17.4,0.033333,3.1484813690185547,14.12287425994873,2.6805930137634277,-1.1408466125584933,0.3928958773612976,1.3731298849663132,-0.39980811491139384,0.07746091312822825,1.4322473259878201,4.001926827496561,16.287281032863902,2.0,0.7045419570077225,0.6534196221286646,-0.27688161411144896,0.47022806185288746,1.406489610671997,-0.3494250774383545,0.09628039598464966,0.6334882974624634,macro_normal,SAFE_PROGRESSING,NONE,1,0,"3.101,14.115;3.281,14.550;3.462,14.984;3.642,15.419;3.822,15.853;4.002,16.287",0,1,NORMAL_CORRECTION,1,0.7221646068394902,0.641753959441394,-0.25812813905046894,0.49535366129183134,1.779684322247095,2.150233121274971,0.0,0,0,0,DIRECT_LOCAL,NORMAL_CORRECTION,1,GOAL_OUTSIDE_FOV,1,20,2.0,17.0,2.0,2.0,17.0,2.0,1,
522,17.433333,0.033333,3.1953723430633545,14.130942344665527,2.6836953163146973,-1.1276260545293777,0.398781955242157,1.3699583897777652,-0.3978276876679724,0.07674835445843808,1.4286158226443566,4.001926827496561,16.287281032863902,2.0,0.7009256008353896,0.6556493897087095,-0.28076178491408826,0.4653182063593816,1.4035859107971191,-0.34772801399230957,0.09518687427043915,0.6464916467666626,macro_normal,SAFE_PROGRESSING,NONE,1,0,"3.148,14.123;3.319,14.556;3.490,14.989;3.661,15.422;3.831,15.854;4.002,16.287",1,1,NORMAL_CORRECTION,1,0.7303001081093909,0.6831264539566683,0.0,0.4653182063593816,1.8183131598622735,2.186445249152657,0.0,0,0,0,DIRECT_LOCAL,NORMAL_CORRECTION,1,GOAL_OUTSIDE_FOV,1,20,2.0,17.0,2.0,2.0,17.0,2.0,1,
523,17.466667,0.033333,3.242025375366211,14.139650344848633,2.6867759227752686,-1.1141997162440866,0.4052295982837677,1.366686816063479,-0.3960507637037171,0.07594859658782932,1.424941139119679,4.001926827496561,16.287281032863902,2.0,0.6973011548963326,0.6578204260656617,-0.2846812014008513,0.4604487669472208,1.40067720413208,-0.34612929821014404,0.09398762136697769,0.6605579853057861,macro_normal,SAFE_PROGRESSING,NONE,1,0,"3.195,14.131;3.357,14.562;3.518,14.993;3.679,15.425;3.841,15.856;4.002,16.287",0,1,NORMAL_CORRECTION,1,0.7009256008353896,0.6556493897087095,-0.28076178491408826,0.4653182063593816,1.8576436773065486,2.2233244733299613,0.0,0,0,0,DIRECT_LOCAL,NORMAL_CORRECTION,1,GOAL_OUTSIDE_FOV,1,20,2.0,17.0,2.0,2.0,17.0,2.0,1,
524,17.5,0.033333,3.28843092918396,14.148998260498047,2.689831256866455,-1.1005477305487177,0.4122847020626068,1.3633166191863966,-0.3945021324205132,0.075046633177611,1.4212304998786978,4.001926827496561,16.287281032863902,2.0,0.6936806508080342,0.6599210756679291,-0.2886370187343012,0.4556212369525702,1.397758960723877,-0.3445717692375183,0.09267992526292801,0.6758154630661011,macro_normal,SAFE_PROGRESSING,NONE,1,0,"3.242,14.140;3.394,14.569;3.546,14.999;3.698,15.428;3.850,15.858;4.002,16.287",0,1,NORMAL_CORRECTION,1,0.7009256008353896,0.6556493897087095,-0.28076178491408826,0.4653182063593816,1.897487194035343,2.260832902831311,0.0,0,0,0,DIRECT_LOCAL,NORMAL_CORRECTION,1,GOAL_OUTSIDE_FOV,1,20,2.0,17.0,2.0,2.0,17.0,2.0,1,
525,17.533333,0.033333,3.334577798843384,14.15898323059082,2.692856788635254,-1.086649078784427,0.41999006271362305,1.3598492854073636,-0.3932006858659722,0.07403006646742902,1.4174897915433322,4.001926827496561,16.287281032863902,2.0,0.6900769383610061,0.6619388391753209,-0.2926273950496245,0.4508360948950522,1.3948709964752197,-0.3430621027946472,0.0912570208311081,0.6921947598457336,macro_normal,SAFE_PROGRESSING,NONE,1,0,"3.288,14.149;3.431,14.577;3.574,15.004;3.717,15.432;3.859,15.860;4.002,16.287",0,1,NORMAL_CORRECTION,1,0.7009256008353896,0.6556493897087095,-0.28076178491408826,0.4653182063593816,1.9361284784519845,2.298930811480344,0.0,0,0,0,DIRECT_LOCAL,NORMAL_CORRECTION,1,GOAL_OUTSIDE_FOV,1,20,2.0,17.0,2.0,2.0,17.0,2.0,1,
526,17.566667,0.033333,3.3804562091827393,14.169604301452637,2.695847272872925,-1.072481534471769,0.42838433384895325,1.3562870806582743,-0.3921589088245582,0.07289252156781273,1.4137243630324572,4.001926827496561,16.287281032863902,2.0,0.6865041958105056,0.6638606593517832,-0.29664964874340694,0.4460944411760706,1.3920133113861084,-0.3415790796279907,0.08971370756626129,0.7096256613731384,macro_normal,SAFE_PROGRESSING,NONE,1,0,"3.335,14.159;3.468,14.585;3.602,15.010;3.735,15.436;3.868,15.862;4.002,16.287",0,1,NORMAL_CORRECTION,1,0.7009256008353896,0.6556493897087095,-0.28076178491408826,0.4653182063593816,1.9754213285109916,2.33758227482606,0.0,0,0,0,DIRECT_LOCAL,NORMAL_CORRECTION,1,GOAL_OUTSIDE_FOV,1,20,2.0,17.0,2.0,2.0,17.0,2.0,1,
527,17.6,0.033333,3.426056146621704,14.180858612060547,2.6987967491149902,-1.0580208722194824,0.4374935030937195,1.3526348606829532,-0.3913812859875209,0.07162980509614258,1.4099401428195983,4.001926827496561,16.287281032863902,2.0,0.6829779069454271,0.6656726662790903,-0.3007009810315396,0.4413968947869056,1.3891992568969727,-0.3400975465774536,0.08804644644260406,0.7279964089393616,macro_normal,SAFE_PROGRESSING,NONE,1,0,"3.380,14.170;3.505,14.593;3.629,15.017;3.753,15.440;3.878,15.864;4.002,16.287",0,1,NORMAL_CORRECTION,1,0.7009256008353896,0.6556493897087095,-0.28076178491408826,0.4653182063593816,2.0153117225611226,2.3767512148418186,0.0,0,0,0,DIRECT_LOCAL,NORMAL_CORRECTION,1,GOAL_OUTSIDE_FOV,1,20,2.0,17.0,2.0,2.0,17.0,2.0,1,
528,17.633333,0.033333,3.4713668823242188,14.192748069763184,2.70170259475708,-1.0432426949752005,0.4473256766796112,1.3489004296813079,-0.3908645718831935,0.07023742128161635,1.4061439393234751,4.001926827496561,16.287281032863902,2.0,0.6795138635192004,0.6673614468231575,-0.30477796603316254,0.43674443126177753,1.3864390850067139,-0.33861875534057617,0.08625257760286331,0.7470681071281433,macro_normal,SAFE_PROGRESSING,NONE,1,0,"3.426,14.181;3.541,14.602;3.656,15.023;3.772,15.445;3.887,15.866;4.002,16.287",1,1,NORMAL_CORRECTION,1,0.7134577348563753,0.7006982664268625,0.0,0.43674443126177753,2.0557475807325045,2.4164059505709305,0.0,0,0,0,DIRECT_LOCAL,NORMAL_CORRECTION,1,GOAL_OUTSIDE_FOV,1,20,2.0,17.0,2.0,2.0,17.0,2.0,1,
529,17.666667,0.033333,3.5163772106170654,14.205272674560547,2.7045578956604004,-1.0281230929683978,0.45786431431770325,1.345094501288731,-0.3905989883615176,0.0687111357904873,1.4023437550357756,4.001926827496561,16.287281032863902,2.0,0.6761278542490368,0.6689132378217086,-0.3088789487412041,0.4321371166163237,1.3837413787841797,-0.33713865280151367,0.08433256298303604,0.7665600776672363,macro_normal,SAFE_PROGRESSING,NONE,1,0,"3.471,14.193;3.577,14.612;3.684,15.031;3.790,15.449;3.896,15.868;4.002,16.287",0,1,NORMAL_CORRECTION,1,0.6795138635192004,0.6673614468231575,-0.30477796603316254,0.43674443126177753,2.0966829000681773,2.456514365544958,0.0,0,0,0,DIRECT_LOCAL,NORMAL_CORRECTION,1,GOAL_OUTSIDE_FOV,1,20,2.0,17.0,2.0,2.0,17.0,2.0,1,
530,17.7,0.033333,3.5610768795013428,14.21843433380127,2.7073569297790527,-1.0126387859881056,0.469061017036438,1.3412297219460705,-0.39056796343868516,0.06704788742688159,1.3985477897821665,4.001926827496561,16.287281032863902,2.0,0.6728357568754184,0.6703155074593383,-0.313000263145916,0.4275753610533168,1.3811063766479492,-0.33564358949661255,0.08229206502437592,0.7861863374710083,macro_normal,SAFE_PROGRESSING,NONE,1,0,"3.516,14.205;3.613,14.622;3.711,15.038;3.808,15.454;3.905,15.871;4.002,16.287",0,1,NORMAL_CORRECTION,1,0.6795138635192004,0.6673614468231575,-0.30477796603316254,0.43674443126177753,2.1380729929689264,2.4970476542190214,0.0,0,0,0,DIRECT_LOCAL,NORMAL_CORRECTION,1,GOAL_OUTSIDE_FOV,1,20,2.0,17.0,2.0,2.0,17.0,2.0,1,
531,17.733333,0.033333,3.6054534912109375,14.23223876953125,2.7100939750671387,-0.9967688571923402,0.4808334410190582,1.337320533967002,-0.3907490140092571,0.06524588957417116,1.3947645065118766,4.001926827496561,16.287281032863902,2.0,0.6696515936936638,0.6715576341830207,-0.31713890810501427,0.42305911364109566,1.3785480260849,-0.33413535356521606,0.08013926446437836,0.8056032657623291,macro_normal,NO_SAFE_CANDIDATE,NO_SAFE_CANDIDATE,0,0,,0,1,NORMAL_CORRECTION,1,0.6795138635192004,0.6673614468231575,-0.30477796603316254,0.43674443126177753,2.1798780021712587,2.53797944959697,0.0,0,0,0,DIRECT_LOCAL,NORMAL_CORRECTION,1,GOAL_OUTSIDE_FOV,1,20,2.0,17.0,2.0,2.0,17.0,2.0,1,
532,17.766667,0.033333,3.649496078491211,14.246688842773438,2.7127633094787598,-0.9804954324093025,0.49306681752204895,1.33338341311096,-0.3911139001838295,0.06330684684212179,1.3910029353432478,4.001926827496561,16.287281032863902,2.0,0.6665880999463834,0.6726303409370259,-0.32129228042517727,0.4185876161794012,1.3760560750961304,-0.33261996507644653,0.077886663377285,0.824465274810791,macro_normal,NO_SAFE_CANDIDATE,NO_SAFE_CANDIDATE,0,0,,0,1,NORMAL_CORRECTION,1,0.6795138635192004,0.6673614468231575,-0.30477796603316254,0.43674443126177753,2.222061662390131,2.57928346697648,0.0,0,0,0,DIRECT_LOCAL,NORMAL_CORRECTION,1,GOAL_OUTSIDE_FOV,1,20,2.0,17.0,2.0,2.0,17.0,2.0,1,
533,17.8,0.033333,3.693190813064575,14.26179027557373,2.715359926223755,-0.9638051194431149,0.5056147575378418,1.3294357345835008,-0.3916284801802961,0.06123537816779967,1.3872714263673327,4.001926827496561,16.287281032863902,2.0,0.66365430992923,0.6735283380085919,-0.3254574239616318,0.4141605446733269,1.3736352920532227,-0.3311203718185425,0.0755486935377121,0.8424162268638611,macro_normal,NO_SAFE_CANDIDATE,NO_SAFE_CANDIDATE,0,0,,0,1,NORMAL_CORRECTION,1,0.6795138635192004,0.6673614468231575,-0.30477796603316254,0.43674443126177753,2.2645892371221525,2.6209345469605028,0.0,0,0,0,DIRECT_LOCAL,NORMAL_CORRECTION,1,GOAL_OUTSIDE_FOV,1,20,2.0,17.0,2.0,2.0,17.0,2.0,1,
534,17.833333,0.033333,3.736525774002075,14.27755069732666,2.717878818511963,-0.9466897763776587,0.5183039903640747,1.3255231620989503,-0.3922499957760531,0.061177565506839504,1.3836959228705046,4.681834094217127,17.094206993260574,2.0,0.7968118660116321,0.5579336751162898,-0.23195013333536024,0.5999999999999999,1.4061880111694336,-0.3491753935813904,0.07393229007720947,0.8072830438613892,macro_normal,SAFE_PROGRESSING,NONE,1,0,"3.693,14.262;3.858,14.734;4.023,15.206;4.188,15.678;4.352,16.150;4.517,16.622;4.682,17.094",1,1,NORMAL_CORRECTION,1,0.819152044288992,0.5735764363510459,0.0,0.5999999999999999,2.3074280157942146,2.6629112570631084,0.0,0,0,0,DIRECT_LOCAL,NORMAL_CORRECTION,1,GOAL_OUTSIDE_FOV,1,20,2.0,17.0,2.0,2.0,17.0,2.0,1,
535,17.866667,0.033333,3.779505729675293,14.293983459472656,2.720325469970703,-0.9291676509165112,0.5298939347267151,1.3224777314241365,-0.39331484109823334,0.06935876067524244,1.3814682595062635,4.681834094217127,17.094206993260574,2.0,0.7992924424751687,0.5531453326956829,-0.23486556222456592,0.5942107541837982,1.428323745727539,-0.35657042264938354,0.07325129210948944,0.7804049253463745,macro_normal,SAFE_PROGRESSING,NONE,1,0,"3.737,14.278;3.894,14.747;4.052,15.216;4.209,15.686;4.367,16.155;4.524,16.625;4.682,17.094",0,1,NORMAL_CORRECTION,1,0.7968118660116321,0.5579336751162898,-0.23195013333536024,0.5999999999999999,2.350550036497176,2.7052091658307624,0.0,0,0,0,DIRECT_LOCAL,NORMAL_CORRECTION,1,GOAL_OUTSIDE_FOV,1,20,2.0,17.0,2.0,2.0,17.0,2.0,1,
536,17.9,0.033333,3.822190761566162,14.31110668182373,2.722712516784668,-0.911342014952519,0.5382216572761536,1.321974966791136,-0.395499650222605,0.08426327782488491,1.382439179905728,4.681834094217127,17.094206993260574,2.0,0.8018687248217178,0.5481330885176394,-0.23781645322581427,0.5884028659561894,1.4393410682678223,-0.36118388175964355,0.07297766208648682,0.7533128261566162,macro_normal,SAFE_PROGRESSING,NONE,1,0,"3.780,14.294;3.930,14.761;4.080,15.227;4.231,15.694;4.381,16.161;4.531,16.628;4.682,17.094",0,1,NORMAL_CORRECTION,1,0.7968118660116321,0.5579336751162898,-0.23195013333536024,0.5999999999999999,2.393945725792436,2.747868303889321,0.0,0,0,0,DIRECT_LOCAL,NORMAL_CORRECTION,1,GOAL_OUTSIDE_FOV,1,20,2.0,17.0,2.0,2.0,17.0,2.0,1,
537,17.933333,0.033333,3.8646888732910156,14.328959465026855,2.725029945373535,-0.8933870260192214,0.5413280129432678,1.325161779535033,-0.3990699023826355,0.09919250138058999,1.3874976328838473,4.681834094217127,17.094206993260574,2.0,0.8044279407903556,0.5430521450302843,-0.24081124528101888,0.5825679017210307,1.4428751468658447,-0.3716941475868225,0.07239428162574768,0.7115379571914673,macro_normal,SAFE_PROGRESSING,NONE,1,0,"3.822,14.311;3.965,14.775;4.109,15.239;4.252,15.703;4.395,16.167;4.539,16.630;4.682,17.094",0,1,NORMAL_CORRECTION,1,0.7968118660116321,0.5579336751162898,-0.23195013333536024,0.5999999999999999,2.4376530351402312,2.7909797156371656,0.0,0,0,0,DIRECT_LOCAL,NORMAL_CORRECTION,1,GOAL_OUTSIDE_FOV,1,20,2.0,17.0,2.0,2.0,17.0,2.0,1,
538,17.966667,0.033333,3.9071152210235596,14.347577095031738,2.727243661880493,-0.8755002750809933,0.5377255082130432,1.3320151266993776,-0.4038769368819107,0.10827675279954369,1.3961034106032,4.681834094217127,17.094206993260574,2.0,0.8068410674778002,0.5380916852519443,-0.2438541164180059,0.5766912589760685,1.443160891532898,-0.38572007417678833,0.07159736007452011,0.6627771854400635,macro_normal,SAFE_PROGRESSING,NONE,1,0,"3.865,14.329;4.001,14.790;4.137,15.251;4.273,15.712;4.409,16.172;4.546,16.633;4.682,17.094",0,1,NORMAL_CORRECTION,1,0.7968118660116321,0.5579336751162898,-0.23195013333536024,0.5999999999999999,2.481762775468741,2.834638983736961,0.0,0,0,0,DIRECT_LOCAL,NORMAL_CORRECTION,1,GOAL_OUTSIDE_FOV,1,20,2.0,17.0,2.0,2.0,17.0,2.0,1,
539,18.0,0.033333,3.949556827545166,14.366974830627441,2.7293174266815186,-0.8579014070716618,0.5269628167152405,1.341362257285081,-0.40972168433585493,0.10931836570913502,1.406796029623788,4.681834094217127,17.094206993260574,2.0,0.8089705367379152,0.5334665621566969,-0.2469414864916072,0.5707596737796691,1.4442594051361084,-0.3972149193286896,0.07114968448877335,0.6229636073112488,macro_normal,SAFE_PROGRESSING,NONE,1,0,"3.907,14.348;4.036,14.805;4.165,15.263;4.294,15.721;4.424,16.179;4.553,16.636;4.682,17.094",0,1,NORMAL_CORRECTION,1,0.7968118660116321,0.5579336751162898,-0.23195013333536024,0.5999999999999999,2.526371422204609,2.8789092925378172,0.0,0,0,0,DIRECT_LOCAL,NORMAL_CORRECTION,1,GOAL_OUTSIDE_FOV,1,20,2.0,17.0,2.0,2.0,17.0,2.0,1,
540,18.033333,0.033333,3.9920578002929688,14.387136459350586,2.731233596801758,-0.840800847556785,0.5101749300956726,1.3514517386116756,-0.4164717953515977,0.10371562106068562,1.4179659686226278,4.681834094217127,17.094206993260574,2.0,0.8106914447599287,0.5293827264230023,-0.2500666118417413,0.5647663327141642,1.4475901126861572,-0.4036121964454651,0.07129715383052826,0.599087119102478,macro_normal,SAFE_PROGRESSING,NONE,1,0,"3.950,14.367;4.072,14.822;4.194,15.276;4.316,15.731;4.438,16.185;4.560,16.640;4.682,17.094",1,1,NORMAL_CORRECTION,1,0.8372933989464764,0.5467538423099162,0.0,0.5647663327141642,2.5715433322161085,2.9238025080331154,0.0,0,0,0,DIRECT_LOCAL,NORMAL_CORRECTION,1,GOAL_OUTSIDE_FOV,1,20,2.0,17.0,2.0,2.0,17.0,2.0,1,
541,18.066667,0.033333,4.034623622894287,14.408011436462402,2.7329983711242676,-0.8243148871301876,0.4897981882095337,1.3608030526200894,-0.4238534348674178,0.09473405509696588,1.428429635461326,4.681834094217127,17.094206993260574,2.0,0.8119363108851125,0.5259625500946778,-0.2532248466564399,0.5587136014533189,1.4519996643066406,-0.4062011241912842,0.07174414396286011,0.587460994720459,macro_normal,SAFE_PROGRESSING,NONE,1,0,"3.992,14.387;4.107,14.838;4.222,15.289;4.337,15.741;4.452,16.192;4.567,16.643;4.682,17.094",0,1,NORMAL_CORRECTION,1,0.8106914447599287,0.5293827264230023,-0.2500666118417413,0.5647663327141642,2.617291700646362,2.969280139250258,0.0,0,0,0,DIRECT_LOCAL,NORMAL_CORRECTION,1,GOAL_OUTSIDE_FOV,1,20,2.0,17.0,2.0,2.0,17.0,2.0,1,
542,18.1,0.033333,4.077230930328369,14.42955207824707,2.7346346378326416,-0.8084530659763898,0.4686116576194763,1.3687589261305113,-0.43129932532494175,0.08547799001579721,1.4376461987098361,4.681834094217127,17.094206993260574,2.0,0.8126982059038816,0.5232330970587886,-0.25641519507018323,0.5526129916515597,1.4558019638061523,-0.407717227935791,0.0719616562128067,0.5800585150718689,macro_normal,SAFE_PROGRESSING,NONE,1,0,"4.035,14.408;4.142,14.856;4.250,15.303;4.358,15.751;4.466,16.199;4.574,16.647;4.682,17.094",0,1,NORMAL_CORRECTION,1,0.8106914447599287,0.5293827264230023,-0.2500666118417413,0.5647663327141642,2.6635798415983363,3.0152854320539566,0.0,0,0,0,DIRECT_LOCAL,NORMAL_CORRECTION,1,GOAL_OUTSIDE_FOV,1,20,2.0,17.0,2.0,2.0,17.0,2.0,1,
543,18.133333,0.033333,4.11984395980835,14.451717376708984,2.736166000366211,-0.7931791837486469,0.4487224519252777,1.3754388481074074,-0.4381025765233017,0.07770917366442247,1.4456156502027064,4.681834094217127,17.094206993260574,2.0,0.8129970354660934,0.5211738312354469,-0.25964140262814356,0.5464771102942892,1.458268404006958,-0.4101499617099762,0.07157716900110245,0.5706677436828613,macro_normal,SAFE_PROGRESSING,NONE,1,0,"4.077,14.430;4.178,14.874;4.279,15.318;4.380,15.762;4.480,16.206;4.581,16.650;4.682,17.094",0,1,NORMAL_CORRECTION,1,0.8106914447599287,0.5293827264230023,-0.2500666118417413,0.5647663327141642,2.7103517510629036,3.0617576737084535,0.0,0,0,0,DIRECT_LOCAL,NORMAL_CORRECTION,1,GOAL_OUTSIDE_FOV,1,20,2.0,17.0,2.0,2.0,17.0,2.0,1,
544,18.166667,0.033333,4.16241979598999,14.474492073059082,2.7376065254211426,-0.7784536221767171,0.43110907077789307,1.3813313453797527,-0.44373577928614644,0.0718187030962853,1.4526305977989569,4.681834094217127,17.094206993260574,2.0,0.8128553021373041,0.5197555530734475,-0.2629076317579743,0.5403178429315754,1.459641456604004,-0.4138239026069641,0.07055512070655823,0.5577578544616699,macro_normal,SAFE_PROGRESSING,NONE,1,0,"4.120,14.452;4.214,14.892;4.307,15.333;4.401,15.773;4.495,16.213;4.588,16.654;4.682,17.094",0,1,NORMAL_CORRECTION,1,0.8106914447599287,0.5293827264230023,-0.2500666118417413,0.5647663327141642,2.7575468881072687,3.10864856098682,0.0,0,0,0,DIRECT_LOCAL,NORMAL_CORRECTION,1,GOAL_OUTSIDE_FOV,1,20,2.0,17.0,2.0,2.0,17.0,2.0,1,
545,18.2,0.033333,4.204920291900635,14.497875213623047,2.7389628887176514,-0.7642439589515975,0.41580507159233093,1.3868961738133798,-0.44806379138923724,0.06738685773052441,1.4590350052987369,4.681834094217127,17.094206993260574,2.0,0.8122929390652378,0.5189496155094182,-0.2662169748670901,0.5341422086421966,1.460435390472412,-0.4178771674633026,0.06912128627300262,0.5434601902961731,macro_normal,SAFE_PROGRESSING,NONE,1,0,"4.162,14.474;4.249,14.911;4.336,15.348;4.422,15.784;4.509,16.221;4.595,16.658;4.682,17.094",0,1,NORMAL_CORRECTION,1,0.8106914447599287,0.5293827264230023,-0.2500666118417413,0.5647663327141642,2.8051157308981023,3.15592311246494,0.0,0,0,0,DIRECT_LOCAL,NORMAL_CORRECTION,1,GOAL_OUTSIDE_FOV,1,20,2.0,17.0,2.0,2.0,17.0,2.0,1,
546,18.233333,0.033333,4.247318267822266,14.52187442779541,2.7402403354644775,-0.7505225441616571,0.4023979604244232,1.3923604125629905,-0.45133655105453546,0.06386711083614915,1.4650772022787542,4.622531587921697,17.468666489602498,2.0,0.7953779634705596,0.5569296457479731,-0.2391720404070313,0.6000000000000002,1.460316777229309,-0.4180411696434021,0.06833967566490173,0.5477505922317505,macro_normal,SAFE_PROGRESSING,NONE,1,0,"4.205,14.498;4.275,14.993;4.344,15.488;4.414,15.983;4.483,16.478;4.553,16.974;4.623,17.469",1,1,NORMAL_CORRECTION,1,0.8191520442889919,0.5735764363510463,0.0,0.6000000000000002,2.8530217814140593,3.2035604304181646,0.0,0,0,0,DIRECT_LOCAL,NORMAL_CORRECTION,1,GOAL_OUTSIDE_FOV,1,20,2.0,17.0,2.0,2.0,17.0,2.0,1,
547,18.266667,0.033333,4.289589881896973,14.546489715576172,2.741452693939209,-0.7372447685653696,0.39122655987739563,1.397683892313071,-0.45395319031436676,0.06053606865048823,1.4708019504459682,4.622531587921697,17.468666489602498,2.0,0.7949947777921331,0.5563434215405512,-0.2417959896106411,0.5941167727344283,1.4615166187286377,-0.42018765211105347,0.06770401448011398,0.5528221726417542,macro_normal,SAFE_PROGRESSING,NONE,1,0,"4.247,14.522;4.310,15.013;4.372,15.504;4.435,15.995;4.497,16.486;4.560,16.978;4.623,17.469",0,1,NORMAL_CORRECTION,1,0.7953779634705596,0.5569296457479731,-0.2391720404070313,0.6000000000000002,2.901242873588008,3.2515372978976296,0.0,0,0,0,DIRECT_LOCAL,NORMAL_CORRECTION,1,GOAL_OUTSIDE_FOV,1,20,2.0,17.0,2.0,2.0,17.0,2.0,1,
548,18.3,0.033333,4.331717014312744,14.571717262268066,2.7426133155822754,-0.7243165377145889,0.38293731212615967,1.4026823510231865,-0.4562487828191655,0.05716038431238765,1.4761260241695635,4.622531587921697,17.468666489602498,2.0,0.794297414088846,0.5561781481276467,-0.24445344243244693,0.5882165342208449,1.4626288414001465,-0.42383503913879395,0.06691566854715347,0.555321455001831,macro_normal,SAFE_PROGRESSING,NONE,1,0,"4.290,14.546;4.345,15.034;4.401,15.521;4.456,16.008;4.512,16.495;4.567,16.982;4.623,17.469",0,1,NORMAL_CORRECTION,1,0.7953779634705596,0.5569296457479731,-0.2391720404070313,0.6000000000000002,2.949755263347392,3.2998326026969913,0.0,0,0,0,DIRECT_LOCAL,NORMAL_CORRECTION,1,GOAL_OUTSIDE_FOV,1,20,2.0,17.0,2.0,2.0,17.0,2.0,1,
549,18.333333,0.033333,4.373682975769043,14.597538948059082,2.743729829788208,-0.7116362936647677,0.37745198607444763,1.4071899012270122,-0.45852170643064316,0.053813574753176455,1.480986655649224,4.622531587921697,17.468666489602498,2.0,0.7933397327413232,0.5563538571601802,-0.24714864773434583,0.5823019128245044,1.462971568107605,-0.42707520723342896,0.06599025428295135,0.5578430891036987,macro_normal,SAFE_PROGRESSING,NONE,1,0,"4.332,14.572;4.380,15.055;4.429,15.537;4.477,16.020;4.526,16.503;4.574,16.986;4.623,17.469",0,1,NORMAL_CORRECTION,1,0.7953779634705596,0.5569296457479731,-0.2391720404070313,0.6000000000000002,2.9985379303774473,3.3484172812739175,0.0,0,0,0,DIRECT_LOCAL,NORMAL_CORRECTION,1,GOAL_OUTSIDE_FOV,1,20,2.0,17.0,2.0,2.0,17.0,2.0,1,
550,18.366667,0.033333,4.415472030639648,14.623934745788574,2.744810104370117,-0.6991164749977551,0.37421807646751404,1.4110926292618025,-0.46100982261682094,0.050489919032488034,1.485349015157746,4.622531587921697,17.468666489602498,2.0,0.7921673768811488,0.5568027685225507,-0.24988302057335296,0.5763783129708974,1.462562084197998,-0.42898696660995483,0.06501799076795578,0.5620713829994202,macro_normal,SAFE_PROGRESSING,NONE,1,0,"4.374,14.598;4.415,15.076;4.457,15.555;4.498,16.033;4.540,16.512;4.581,16.990;4.623,17.469",0,1,NORMAL_CORRECTION,1,0.7953779634705596,0.5569296457479731,-0.2391720404070313,0.6000000000000002,3.0475628511366155,3.397262202774113,0.0,0,0,0,DIRECT_LOCAL,NORMAL_CORRECTION,1,GOAL_OUTSIDE_FOV,1,20,2.0,17.0,2.0,2.0,17.0,2.0,1,
551,18.4,0.033333,4.457072734832764,14.65088176727295,2.7458608150482178,-0.6866814168391938,0.3727186918258667,1.4143093375144802,-0.4638107046068233,0.04705187529083408,1.4891625669673916,4.622531587921697,17.468666489602498,2.0,0.790819079657634,0.5574667608812928,-0.25265785909401683,0.5704514827581553,1.461578607559204,-0.4296236038208008,0.06404349207878113,0.5678486227989197,macro_normal,SAFE_PROGRESSING,NONE,1,0,"4.415,14.624;4.450,15.098;4.484,15.572;4.519,16.046;4.554,16.520;4.588,16.995;4.623,17.469",0,1,NORMAL_CORRECTION,1,0.7953779634705596,0.5569296457479731,-0.2391720404070313,0.6000000000000002,3.0968021837598982,3.446340056164092,0.0,0,0,0,DIRECT_LOCAL,NORMAL_CORRECTION,1,GOAL_OUTSIDE_FOV,1,20,2.0,17.0,2.0,2.0,17.0,2.0,1,
552,18.433333,0.033333,4.498469352722168,14.678354263305664,2.7468905448913574,-0.6742651390774675,0.37260645627975464,1.4167764827608815,-0.4668429023658448,0.04338147348691897,1.4923403934208699,4.622531587921697,17.468666489602498,2.0,0.7893275276423958,0.5582966872743171,-0.2554738011704252,0.56452767420063,1.4603972434997559,-0.42926135659217834,0.06308063119649887,0.5746731758117676,macro_normal,SAFE_PROGRESSING,NONE,1,0,"4.457,14.651;4.485,15.121;4.512,15.590;4.540,16.060;4.567,16.529;4.595,16.999;4.623,17.469",1,1,NORMAL_CORRECTION,1,0.8164196133786694,0.5774591023532524,0.0,0.56452767420063,3.146230314343271,3.495618865266415,0.0,0,0,0,DIRECT_LOCAL,NORMAL_CORRECTION,1,GOAL_OUTSIDE_FOV,1,20,2.0,17.0,2.0,2.0,17.0,2.0,1,
553,18.466667,0.033333,4.5396409034729,14.706331253051758,2.7479069232940674,-0.6618149600946939,0.3736632168292999,1.4184554616347786,-0.4698879137732173,0.03954431727247443,1.4947823591346754,4.622531587921697,17.468666489602498,2.0,0.787718957585824,0.5592526842151644,-0.25833172290300843,0.5586137756419652,1.4594286680221558,-0.4281080961227417,0.06214270740747452,0.5822689533233643,macro_normal,SAFE_PROGRESSING,NONE,1,0,"4.498,14.678;4.519,15.143;4.540,15.608;4.561,16.074;4.581,16.539;4.602,17.004;4.623,17.469",0,1,NORMAL_CORRECTION,1,0.7893275276423958,0.5582966872743171,-0.2554738011704252,0.56452767420063,3.1958169857758234,3.5450662062269678,0.0,0,0,0,DIRECT_LOCAL,NORMAL_CORRECTION,1,GOAL_OUTSIDE_FOV,1,20,2.0,17.0,2.0,2.0,17.0,2.0,1,
554,18.5,0.033333,4.580558776855469,14.734795570373535,2.748918056488037,-0.6492919597715779,0.3757516145706177,1.4193579949197064,-0.4726811859141392,0.03582356128095969,1.4964250561931045,4.622531587921697,17.468666489602498,2.0,0.786013322771581,0.5603040608132138,-0.2612324938858119,0.5527157252931464,1.4589275121688843,-0.42636072635650635,0.06124139577150345,0.5903224349021912,macro_normal,SAFE_PROGRESSING,NONE,1,0,"4.540,14.706;4.553,15.167;4.567,15.627;4.581,16.087;4.595,16.548;4.609,17.008;4.623,17.469",0,1,NORMAL_CORRECTION,1,0.7893275276423958,0.5582966872743171,-0.2554738011704252,0.56452767420063,3.2455310783609814,3.594646700827981,0.0,0,0,0,DIRECT_LOCAL,NORMAL_CORRECTION,1,GOAL_OUTSIDE_FOV,1,20,2.0,17.0,2.0,2.0,17.0,2.0,1,
555,18.533333,0.033333,4.621190547943115,14.763739585876465,2.749933958053589,-0.6366677055488165,0.3787689208984375,1.4195646025346482,-0.47499601164645683,0.03260717626177123,1.4972802342224254,4.622531587921697,17.468666489602498,2.0,0.7842265222315243,0.5614259118402808,-0.2641774164135866,0.5468386204310962,1.4588854312896729,-0.424296110868454,0.06038045510649681,0.5982265472412109,macro_normal,SAFE_PROGRESSING,NONE,1,0,"4.581,14.735;4.588,15.190;4.595,15.646;4.602,16.102;4.609,16.557;4.616,17.013;4.623,17.469",0,1,NORMAL_CORRECTION,1,0.7893275276423958,0.5582966872743171,-0.2554738011704252,0.56452767420063,3.2953380607557916,3.644328574073722,0.0,0,0,0,DIRECT_LOCAL,NORMAL_CORRECTION,1,GOAL_OUTSIDE_FOV,1,20,2.0,17.0,2.0,2.0,17.0,2.0,1,
556,18.566667,0.033333,4.661499500274658,14.793158531188965,2.7509608268737793,-0.6239197572148191,0.38258692622184753,1.419220500979977,-0.4766966654959086,0.0302130854109977,1.4974442800407726,4.622531587921697,17.468666489602498,2.0,0.7823719219689254,0.56259642026373,-0.26716931639147184,0.5409854472308522,1.4591354131698608,-0.4221954941749573,0.05955960974097252,0.6053357720375061,macro_normal,SAFE_PROGRESSING,NONE,1,0,"4.621,14.764;4.621,15.215;4.622,15.665;4.622,16.116;4.622,16.567;4.622,17.018;4.623,17.469",0,1,NORMAL_CORRECTION,1,0.7893275276423958,0.5582966872743171,-0.2554738011704252,0.56452767420063,3.34520643057294,3.694078896648912,0.0,0,0,0,DIRECT_LOCAL,NORMAL_CORRECTION,1,GOAL_OUTSIDE_FOV,1,20,2.0,17.0,2.0,2.0,17.0,2.0,1,
557,18.6,0.033333,4.701448917388916,14.8230562210083,2.752004623413086,-0.6110304504695998,0.387008398771286,1.4185054381293334,-0.4777526937222537,0.028763073860384923,1.4970746904477612,4.622531587921697,17.468666489602498,2.0,0.7804615858338255,0.5637962241557318,-0.27021016018183025,0.5351583441833754,1.4594708681106567,-0.42027556896209717,0.058784276247024536,0.6112030148506165,macro_normal,SAFE_PROGRESSING,NONE,1,0,"4.661,14.793;4.655,15.239;4.649,15.685;4.642,16.131;4.636,16.577;4.629,17.023;4.623,17.469",0,1,NORMAL_CORRECTION,1,0.7893275276423958,0.5582966872743171,-0.2554738011704252,0.56452767420063,3.3951032861401966,3.7438705529863703,0.0,0,0,0,DIRECT_LOCAL,NORMAL_CORRECTION,1,GOAL_OUTSIDE_FOV,1,20,2.0,17.0,2.0,2.0,17.0,2.0,1,
558,18.633333,0.033333,4.741006851196289,14.853440284729004,2.7530710697174072,-0.5979885141806052,0.3917652666568756,1.417598531156472,-0.4782310446293044,0.02865660465843295,1.496366174629316,4.656381628786755,18.322766057480184,2.0,0.8008747486429371,0.5607785361615911,-0.21006444336578148,0.7000000000000002,1.4650499820709229,-0.42181041836738586,0.058573801070451736,0.6116299629211426,macro_normal,SAFE_PROGRESSING,NONE,1,0,"4.701,14.823;4.695,15.323;4.689,15.823;4.682,16.323;4.676,16.823;4.669,17.323;4.663,17.823",1,1,NORMAL_CORRECTION,1,0.8191520442889917,0.573576436351046,0.0,0.7000000000000002,3.4450011960029636,3.7936827648630804,0.0,0,0,0,DIRECT_LOCAL,NORMAL_CORRECTION,1,GOAL_OUTSIDE_FOV,1,20,2.0,17.0,2.0,2.0,17.0,2.0,1,
559,18.666667,0.033333,4.780146598815918,14.884320259094238,2.754171371459961,-0.5847911379299645,0.39666417241096497,1.416769797235321,-0.4783461704986869,0.031066040693863727,1.49566601087053,4.656381628786755,18.322766057480184,2.0,0.801465029837288,0.5591798179812456,-0.21206540762315748,0.6940715451808535,1.4733344316482544,-0.4210958480834961,0.05912858247756958,0.6203007698059082,macro_normal,SAFE_PROGRESSING,NONE,1,0,"4.741,14.853;4.729,15.353;4.717,15.853;4.704,16.353;4.692,16.853;4.680,17.353;4.668,17.853",0,1,NORMAL_CORRECTION,1,0.8008747486429371,0.5607785361615911,-0.21006444336578148,0.7000000000000002,3.49487915024904,3.8435002404082605,0.0,0,0,0,DIRECT_LOCAL,NORMAL_CORRECTION,1,GOAL_OUTSIDE_FOV,1,20,2.0,17.0,2.0,2.0,17.0,2.0,1,
560,18.7,0.033333,4.818858623504639,14.915708541870117,2.755316734313965,-0.5714371983731807,0.40190428495407104,1.416447070950838,-0.47838409544837135,0.0360957310923099,1.4954853892252686,4.656381628786755,18.322766057480184,2.0,0.8020832665345149,0.5575118036555987,-0.2141098370696769,0.6881345006971903,1.4793312549591064,-0.42228445410728455,0.05977366492152214,0.6230942010879517,macro_normal,SAFE_PROGRESSING,NONE,1,0,"4.780,14.884;4.762,15.384;4.744,15.884;4.726,16.383;4.708,16.883;4.690,17.383;4.672,17.882",0,1,NORMAL_CORRECTION,1,0.8008747486429371,0.5607785361615911,-0.21006444336578148,0.7000000000000002,3.544721814073623,3.8933228894267544,0.0,0,0,0,DIRECT_LOCAL,NORMAL_CORRECTION,1,GOAL_OUTSIDE_FOV,1,20,2.0,17.0,2.0,2.0,17.0,2.0,1,
561,18.733333,0.033333,4.857146739959717,14.947626113891602,2.756509304046631,-0.5579159917338256,0.40715348720550537,1.4170248458717414,-0.4785497317992006,0.04222645991387618,1.4962460805428288,4.656381628786755,18.322766057480184,2.0,0.8027329922102335,0.5557662377577084,-0.2162027571189778,0.6821858892849542,1.4819304943084717,-0.42660343647003174,0.06009077653288841,0.6152260303497314,macro_normal,SAFE_PROGRESSING,NONE,1,0,"4.819,14.916;4.795,15.415;4.771,15.915;4.747,16.414;4.724,16.913;4.700,17.413;4.676,17.912",0,1,NORMAL_CORRECTION,1,0.8008747486429371,0.5607785361615911,-0.21006444336578148,0.7000000000000002,3.5945296340392177,3.9431666587205227,0.0,0,0,0,DIRECT_LOCAL,NORMAL_CORRECTION,1,GOAL_OUTSIDE_FOV,1,20,2.0,17.0,2.0,2.0,17.0,2.0,1,
562,18.766667,0.033333,4.895020008087158,14.980095863342285,2.7577362060546875,-0.5442478191313481,0.41125741600990295,1.4186075805338383,-0.47901605050409146,0.0474529318360025,1.4980506082667706,4.656381628786755,18.322766057480184,2.0,0.8033983436043094,0.5539634688980488,-0.21834737603253343,0.6762211552050535,1.482422947883606,-0.43195053935050964,0.0601990669965744,0.6023123860359192,macro_normal,SAFE_PROGRESSING,NONE,1,0,"4.857,14.948;4.827,15.447;4.798,15.946;4.768,16.445;4.738,16.944;4.709,17.443;4.679,17.942",0,1,NORMAL_CORRECTION,1,0.8008747486429371,0.5607785361615911,-0.21006444336578148,0.7000000000000002,3.6443192374045257,3.993053038191412,0.0,0,0,0,DIRECT_LOCAL,NORMAL_CORRECTION,1,GOAL_OUTSIDE_FOV,1,20,2.0,17.0,2.0,2.0,17.0,2.0,1,
563,18.8,0.033333,4.932497501373291,15.013134002685547,2.7589802742004395,-0.5304986169036472,0.4131890535354614,1.4209321411595168,-0.4799606758040635,0.05042695059326884,1.500650951235696,4.656381628786755,18.322766057480184,2.0,0.8040379421398823,0.5521628289617481,-0.2205429616025474,0.6702355497242152,1.4823663234710693,-0.43603989481925964,0.0603913851082325,0.5912482142448425,macro_normal,SAFE_PROGRESSING,NONE,1,0,"4.895,14.980;4.859,15.479;4.824,15.978;4.788,16.476;4.753,16.975;4.717,17.474;4.681,17.972",0,1,NORMAL_CORRECTION,1,0.8008747486429371,0.5607785361615911,-0.21006444336578148,0.7000000000000002,3.694112939222358,4.043007119889907,0.0,0,0,0,DIRECT_LOCAL,NORMAL_CORRECTION,1,GOAL_OUTSIDE_FOV,1,20,2.0,17.0,2.0,2.0,17.0,2.0,1,
564,18.833333,0.033333,4.969595909118652,15.046737670898438,2.7602295875549316,-0.5167491215911298,0.4127024710178375,1.4235035089869508,-0.48148629579632946,0.05087268463390696,1.5035888145299874,4.656381628786755,18.322766057480184,2.0,0.8046011802347519,0.5504387783945457,-0.22278710017495296,0.6642259950715086,1.4825422763824463,-0.43806880712509155,0.06080455332994461,0.5849826335906982,macro_normal,SAFE_PROGRESSING,NONE,1,0,"4.932,15.013;4.891,15.511;4.849,16.010;4.808,16.508;4.766,17.006;4.725,17.504;4.683,18.003",1,1,NORMAL_CORRECTION,1,0.8253444608446494,0.5646295431103965,0.0,0.6642259950715086,3.7439373472067374,4.093040101007902,0.0,0,0,0,DIRECT_LOCAL,NORMAL_CORRECTION,1,GOAL_OUTSIDE_FOV,1,20,2.0,17.0,2.0,2.0,17.0,2.0,1,
565,18.866667,0.033333,5.006324291229248,15.080887794494629,2.761482000350952,-0.5030570710148723,0.41031119227409363,1.425829994438955,-0.48350777277848783,0.049387235740402755,1.506389736566564,4.656381628786755,18.322766057480184,2.0,0.8050510011907744,0.5488469677105656,-0.2250775233483987,0.6581934419330909,1.483107566833496,-0.43837305903434753,0.06137003004550934,0.5830129384994507,macro_normal,SAFE_PROGRESSING,NONE,1,0,"4.970,15.047;4.922,15.544;4.874,16.042;4.827,16.540;4.779,17.038;4.732,17.535;4.684,18.033",0,1,NORMAL_CORRECTION,1,0.8046011802347519,0.5504387783945457,-0.22278710017495296,0.6642259950715086,3.7938059232504333,4.143147108806148,0.0,0,0,0,DIRECT_LOCAL,NORMAL_CORRECTION,1,GOAL_OUTSIDE_FOV,1,20,2.0,17.0,2.0,2.0,17.0,2.0,1,
566,18.9,0.033333,5.042680263519287,15.115556716918945,2.762740135192871,-0.48944850872652834,0.40690019726753235,1.427614424651548,-0.48573340499698825,0.04696744095702996,1.508716615774212,4.656381628786755,18.322766057480184,2.0,0.8053691402541775,0.5474153983327664,-0.22741356510645028,0.6521421482779833,1.483921766281128,-0.4377773404121399,0.06191880255937576,0.5831459164619446,macro_normal,SAFE_PROGRESSING,NONE,1,0,"5.006,15.081;4.953,15.578;4.899,16.075;4.845,16.572;4.792,17.069;4.738,17.566;4.684,18.064",0,1,NORMAL_CORRECTION,1,0.8046011802347519,0.5504387783945457,-0.22278710017495296,0.6642259950715086,3.8437164416332785,4.193309207486171,0.0,0,0,0,DIRECT_LOCAL,NORMAL_CORRECTION,1,GOAL_OUTSIDE_FOV,1,20,2.0,17.0,2.0,2.0,17.0,2.0,1,
567,18.933333,0.033333,5.078650951385498,15.150723457336426,2.764009714126587,-0.4759294658349969,0.40330880880355835,1.4288130422086802,-0.48776694492065914,0.04456017729605977,1.5104333522348854,4.656381628786755,18.322766057480184,2.0,0.8055502883126934,0.5461527700040147,-0.22979531069253364,0.6460779640068054,1.4848806858062744,-0.4371090233325958,0.06229209154844284,0.5829194784164429,macro_normal,SAFE_PROGRESSING,NONE,1,0,"5.043,15.116;4.983,15.612;4.923,16.108;4.863,16.605;4.804,17.101;4.744,17.598;4.684,18.094",0,1,NORMAL_CORRECTION,1,0.8046011802347519,0.5504387783945457,-0.22278710017495296,0.6642259950715086,3.893652500329486,4.243504013288255,0.0,0,0,0,DIRECT_LOCAL,NORMAL_CORRECTION,1,GOAL_OUTSIDE_FOV,1,20,2.0,17.0,2.0,2.0,17.0,2.0,1,
568,18.966667,0.033333,5.114211559295654,15.186368942260742,2.7652945518493652,-0.46249777018574384,0.40006327629089355,1.429575760185834,-0.48926528211414166,0.04280880585069169,1.5115885565363012,4.656381628786755,18.322766057480184,2.0,0.8055950169584469,0.545058337930524,-0.23222419534607985,0.6400051761645299,1.4859014749526978,-0.4367874562740326,0.062429029494524,0.581013560295105,macro_normal,SAFE_PROGRESSING,NONE,1,0,"5.079,15.151;5.013,15.646;4.947,16.142;4.881,16.638;4.815,17.133;4.749,17.629;4.683,18.124",0,1,NORMAL_CORRECTION,1,0.8046011802347519,0.5504387783945457,-0.22278710017495296,0.6642259950715086,3.9435935254803756,4.2937015176049815,0.0,0,0,0,DIRECT_LOCAL,NORMAL_CORRECTION,1,GOAL_OUTSIDE_FOV,1,20,2.0,17.0,2.0,2.0,17.0,2.0,1,
569,19.0,0.033333,5.1493377685546875,15.222487449645996,2.7665951251983643,-0.4491495154062332,0.3973160684108734,1.4301355775395939,-0.4900566995660511,0.04197439716304263,1.5123508815586677,4.656381628786755,18.322766057480184,2.0,0.8055068640221983,0.5441267901497513,-0.2347013597200748,0.6339272863547245,1.4869139194488525,-0.43686050176620483,0.062363654375076294,0.5772953033447266,macro_normal,SAFE_PROGRESSING,NONE,1,0,"5.114,15.186;5.042,15.681;4.970,16.176;4.898,16.671;4.825,17.165;4.753,17.660;4.681,18.155",0,1,NORMAL_CORRECTION,1,0.8046011802347519,0.5504387783945457,-0.22278710017495296,0.6642259950715086,3.993510788115259,4.343880972053899,0.0,0,0,0,DIRECT_LOCAL,NORMAL_CORRECTION,1,GOAL_OUTSIDE_FOV,1,20,2.0,17.0,2.0,2.0,17.0,2.0,1,
570,19.033333,0.033333,5.1840033531188965,15.259078025817871,2.7679097652435303,-0.4358826235687136,0.3949466347694397,1.4307057503553824,-0.4901689168715957,0.04197473550679178,1.512926432311861,4.656381628786755,18.322766057480184,2.0,0.8052879512642662,0.543354592514316,-0.23722795438607702,0.6278449872995464,1.4878243207931519,-0.43714311718940735,0.06218326836824417,0.5724627375602722,macro_normal,SAFE_PROGRESSING,NONE,1,0,"5.149,15.222;5.071,15.716;4.992,16.210;4.914,16.704;4.835,17.198;4.757,17.691;4.678,18.185",1,1,NORMAL_CORRECTION,1,0.8289511816514662,0.5593209619159986,0.0,0.6278449872995464,4.043384268896222,4.394023523651442,0.0,0,0,0,DIRECT_LOCAL,NORMAL_CORRECTION,1,GOAL_OUTSIDE_FOV,1,20,2.0,17.0,2.0,2.0,17.0,2.0,1,
571,19.066667,0.033333,5.2181878089904785,15.296143531799316,2.769235849380493,-0.4226987245631525,0.3927249610424042,1.431418113944564,-0.4897717433023682,0.04249560796894697,1.5134860601150921,4.656381628786755,18.322766057480184,2.0,0.804938521537907,0.5427407870726431,-0.2398049511418321,0.6217577997689492,1.4885586500167847,-0.43737974762916565,0.06197724491357803,0.5675198435783386,macro_normal,SAFE_PROGRESSING,NONE,1,0,"5.184,15.259;5.099,15.752;5.014,16.245;4.929,16.737;4.845,17.230;4.760,17.723;4.675,18.216",0,1,NORMAL_CORRECTION,1,0.8052879512642662,0.543354592514316,-0.23722795438607702,0.6278449872995464,4.09319560094877,4.444117398212098,0.0,0,0,0,DIRECT_LOCAL,NORMAL_CORRECTION,1,GOAL_OUTSIDE_FOV,1,20,2.0,17.0,2.0,2.0,17.0,2.0,1,
572,19.1,0.033333,5.25187873840332,15.333683967590332,2.7705702781677246,-0.40960237208390904,0.3904567062854767,1.4323052341050813,-0.4890831803981988,0.04313946256777703,1.5141207528542318,4.656381628786755,18.322766057480184,2.0,0.8044559951422878,0.5422883218334932,-0.24243334729909818,0.6156645221896071,1.4890803098678589,-0.4373026490211487,0.061808373779058456,0.5635413527488708,macro_normal,SAFE_PROGRESSING,NONE,1,0,"5.218,15.296;5.127,15.788;5.036,16.279;4.944,16.771;4.853,17.263;4.762,17.754;4.671,18.246",0,1,NORMAL_CORRECTION,1,0.8052879512642662,0.543354592514316,-0.23722795438607702,0.6278449872995464,4.142933554784276,4.494155338339456,0.0,0,0,0,DIRECT_LOCAL,NORMAL_CORRECTION,1,GOAL_OUTSIDE_FOV,1,20,2.0,17.0,2.0,2.0,17.0,2.0,1,
573,19.133333,0.033333,5.285068035125732,15.371698379516602,2.7719109058380127,-0.3965967755726663,0.3880736827850342,1.4333202609957054,-0.4882811066189748,0.043561160276527316,1.5148343092056258,4.656381628786755,18.322766057480184,2.0,0.8038370975950196,0.5420010728512721,-0.24511376452187528,0.6095647151094613,1.4893996715545654,-0.4369002878665924,0.06168298050761223,0.5607720613479614,macro_normal,SAFE_PROGRESSING,NONE,1,0,"5.252,15.334;5.154,15.824;5.056,16.314;4.959,16.805;4.861,17.295;4.763,17.786;4.666,18.276",0,1,NORMAL_CORRECTION,1,0.8052879512642662,0.543354592514316,-0.23722795438607702,0.6278449872995464,4.192591805494928,4.54413292985228,0.0,0,0,0,DIRECT_LOCAL,NORMAL_CORRECTION,1,GOAL_OUTSIDE_FOV,1,20,2.0,17.0,2.0,2.0,17.0,2.0,1,
574,19.166667,0.033333,5.317753791809082,15.410179138183594,2.77325701713562,-0.3836804427343665,0.3856329917907715,1.434371838564117,-0.4874565706119448,0.04356810660373077,1.5155641389963004,4.656381628786755,18.322766057480184,2.0,0.803080132204803,0.5418802063157833,-0.24784701584057908,0.603458268231923,1.4895631074905396,-0.4361148178577423,0.06158912181854248,0.5595098733901978,macro_normal,SAFE_PROGRESSING,NONE,1,0,"5.285,15.372;5.181,15.861;5.077,16.350;4.973,16.839;4.868,17.328;4.764,17.817;4.660,18.306",0,1,NORMAL_CORRECTION,1,0.8052879512642662,0.543354592514316,-0.23722795438607702,0.6278449872995464,4.242167039624604,4.59404625775869,0.0,0,0,0,DIRECT_LOCAL,NORMAL_CORRECTION,1,GOAL_OUTSIDE_FOV,1,20,2.0,17.0,2.0,2.0,17.0,2.0,1,
575,19.2,0.033333,5.349930763244629,15.449115753173828,2.7746076583862305,-0.3708463459626491,0.38327932357788086,1.4353638645853182,-0.48661092324223726,0.04314476834411685,1.5162193394794268,4.656381628786755,18.322766057480184,2.0,0.8021853662374072,0.5419237566147806,-0.25063375712597286,0.5973466564894603,1.4896732568740845,-0.4350240230560303,0.06149112433195114,0.5595382452011108,macro_normal,SAFE_PROGRESSING,NONE,1,0,"5.318,15.410;5.208,15.896;5.097,16.381;4.987,16.866;4.877,17.352;4.767,17.837;4.656,18.323",0,1,NORMAL_CORRECTION,1,0.8052879512642662,0.543354592514316,-0.23722795438607702,0.6278449872995464,4.291656865299421,4.643887156796775,0.0,0,0,0,DIRECT_LOCAL,NORMAL_CORRECTION,1,GOAL_OUTSIDE_FOV,1,20,2.0,17.0,2.0,2.0,17.0,2.0,1,
576,19.233333,0.033333,5.381590366363525,15.48849868774414,2.7759652137756348,-0.3580831028514272,0.381193608045578,1.4362235835108799,-0.48569161962478513,0.04257174303783888,1.5167224151148622,4.474585509992838,18.83788701833906,2.0,0.7997987338125949,0.56002510246616,-0.2160876442546795,0.7000000000000003,1.4895622730255127,-0.4333634376525879,0.06190253421664238,0.5675682425498962,macro_normal,SAFE_PROGRESSING,NONE,1,0,"5.350,15.449;5.225,15.933;5.100,16.417;4.975,16.901;4.850,17.386;4.725,17.870;4.600,18.354",1,1,NORMAL_CORRECTION,1,0.8191520442889919,0.573576436351046,0.0,0.7000000000000003,4.341054600426989,4.693645713486258,0.0,0,0,0,DIRECT_LOCAL,NORMAL_CORRECTION,1,GOAL_OUTSIDE_FOV,1,20,2.0,17.0,2.0,2.0,17.0,2.0,1,
577,19.266667,0.033333,5.412724018096924,15.528315544128418,2.7773380279541016,-0.3453726862804403,0.3798537850379944,1.436908642979799,-0.48464845559624975,0.04222101539386197,1.5170277479079828,4.474585509992838,18.83788701833906,2.0,0.7999888760793901,0.5589217762262286,-0.218229801377704,0.694004610895502,1.4918491840362549,-0.43155595660209656,0.06250616163015366,0.5799002647399902,macro_normal,SAFE_PROGRESSING,NONE,1,0,"5.382,15.488;5.251,15.971;5.120,16.454;4.990,16.936;4.859,17.419;4.728,17.902;4.597,18.384",0,1,NORMAL_CORRECTION,1,0.7997987338125949,0.56002510246616,-0.2160876442546795,0.7000000000000003,4.390351638000689,4.743310268396375,0.0,0,0,0,DIRECT_LOCAL,NORMAL_CORRECTION,1,GOAL_OUTSIDE_FOV,1,20,2.0,17.0,2.0,2.0,17.0,2.0,1,
578,19.3,0.033333,5.443319320678711,15.56855583190918,2.7787322998046875,-0.3326772932891768,0.3800364136695862,1.4374592028463422,-0.48346771201191274,0.04253361021058388,1.5171812997803598,4.474585509992838,18.83788701833906,2.0,0.8001074662772439,0.5578935815410113,-0.22041504958317165,0.6879932326206869,1.4937243461608887,-0.43151524662971497,0.06287696957588196,0.5876713991165161,macro_normal,SAFE_PROGRESSING,NONE,1,0,"5.413,15.528;5.276,16.009;5.140,16.490;5.004,16.971;4.867,17.453;4.731,17.934;4.595,18.415",0,1,NORMAL_CORRECTION,1,0.7997987338125949,0.56002510246616,-0.2160876442546795,0.7000000000000003,4.439537688571963,4.792867683749229,0.0,0,0,0,DIRECT_LOCAL,NORMAL_CORRECTION,1,GOAL_OUTSIDE_FOV,1,20,2.0,17.0,2.0,2.0,17.0,2.0,1,
579,19.333333,0.033333,5.473362922668457,15.609214782714844,2.780148983001709,-0.3199443458167915,0.38183698058128357,1.4380096850741804,-0.4822053969377267,0.043522171944073804,1.5173292584847047,4.474585509992838,18.83788701833906,2.0,0.8001830929747835,0.5568983985489222,-0.22264588792734233,0.6819669083622455,1.4944374561309814,-0.4328404664993286,0.06290271878242493,0.5901215672492981,macro_normal,SAFE_PROGRESSING,NONE,1,0,"5.443,15.569;5.301,16.048;5.159,16.527;5.017,17.007;4.875,17.486;4.733,17.966;4.591,18.445",0,1,NORMAL_CORRECTION,1,0.7997987338125949,0.56002510246616,-0.2160876442546795,0.7000000000000003,4.488600767924946,4.842308044160811,0.0,0,0,0,DIRECT_LOCAL,NORMAL_CORRECTION,1,GOAL_OUTSIDE_FOV,1,20,2.0,17.0,2.0,2.0,17.0,2.0,1,
580,19.366667,0.033333,5.502847671508789,15.650288581848145,2.7815816402435303,-0.3071383860502582,0.384565144777298,1.43866975229884,-0.4810200538786735,0.044775488227485866,1.5176151662259632,4.474585509992838,18.83788701833906,2.0,0.8002346547352459,0.5559080571246535,-0.22492383018403136,0.6759254611319706,1.4944171905517578,-0.4343451261520386,0.06272299587726593,0.5900847911834717,macro_normal,SAFE_PROGRESSING,NONE,1,0,"5.473,15.609;5.326,16.087;5.178,16.565;5.030,17.042;4.882,17.520;4.735,17.998;4.587,18.475",0,1,NORMAL_CORRECTION,1,0.7997987338125949,0.56002510246616,-0.2160876442546795,0.7000000000000003,4.5375318685966155,4.891626876106573,0.0,0,0,0,DIRECT_LOCAL,NORMAL_CORRECTION,1,GOAL_OUTSIDE_FOV,1,20,2.0,17.0,2.0,2.0,17.0,2.0,1,
581,19.4,0.033333,5.531771183013916,15.69177532196045,2.783022880554199,-0.2942496033244146,0.3874471187591553,1.4394415263154778,-0.48011937705976626,0.04577930753297139,1.5180916536585953,4.474585509992838,18.83788701833906,2.0,0.8002659839336123,0.5549166939253289,-0.22724836140608395,0.6698688488092213,1.4940862655639648,-0.43525099754333496,0.06251595169305801,0.5900002717971802,macro_normal,SAFE_PROGRESSING,NONE,1,0,"5.503,15.650;5.349,16.126;5.196,16.602;5.042,17.078;4.889,17.554;4.735,18.030;4.582,18.505",0,1,NORMAL_CORRECTION,1,0.7997987338125949,0.56002510246616,-0.2160876442546795,0.7000000000000003,4.586327554257779,4.9408246801916045,0.0,0,0,0,DIRECT_LOCAL,NORMAL_CORRECTION,1,GOAL_OUTSIDE_FOV,1,20,2.0,17.0,2.0,2.0,17.0,2.0,1,
582,19.433333,0.033333,5.56013822555542,15.733665466308594,2.7844676971435547,-0.28128266115549116,0.3900037407875061,1.440226269051134,-0.4796532833162055,0.04617457732028156,1.5187004542870435,4.474585509992838,18.83788701833906,2.0,0.800271985641476,0.5539313997012592,-0.2296187131364793,0.6637969675535234,1.4937188625335693,-0.4353382885456085,0.062374964356422424,0.5909397602081299,macro_normal,SAFE_PROGRESSING,NONE,1,0,"5.532,15.692;5.373,16.166;5.213,16.640;5.054,17.114;4.895,17.588;4.735,18.062;4.576,18.536",1,1,NORMAL_CORRECTION,1,0.822241740820394,0.5691384011403975,0.0,0.6637969675535234,4.634989412324952,4.989902313102865,0.0,0,0,0,DIRECT_LOCAL,NORMAL_CORRECTION,1,GOAL_OUTSIDE_FOV,1,20,2.0,17.0,2.0,2.0,17.0,2.0,1,
583,19.466667,0.033333,5.587954521179199,15.775948524475098,2.785914182662964,-0.26824448110320076,0.39209261536598206,1.4408865371095647,-0.4796363502553836,0.04587418391075028,1.5193121739982787,4.474585509992838,18.83788701833906,2.0,0.8002455299481124,0.5529622604569892,-0.23203411453568987,0.6577116736794546,1.4934837818145752,-0.43473225831985474,0.062305476516485214,0.5929328799247742,macro_normal,SAFE_PROGRESSING,NONE,1,0,"5.560,15.734;5.395,16.206;5.230,16.678;5.065,17.150;4.900,17.622;4.735,18.094;4.570,18.566",0,1,NORMAL_CORRECTION,1,0.800271985641476,0.5539313997012592,-0.2296187131364793,0.6637969675535234,4.683519789907897,5.038860729877176,0.0,0,0,0,DIRECT_LOCAL,NORMAL_CORRECTION,1,GOAL_OUTSIDE_FOV,1,20,2.0,17.0,2.0,2.0,17.0,2.0,1,
584,19.5,0.033333,5.615223407745361,15.818608283996582,2.787362575531006,-0.2551395030481559,0.3937969505786896,1.4413127594729092,-0.47994144220572954,0.04504998612981586,1.519788064111646,4.474585509992838,18.83788701833906,2.0,0.8001806053233513,0.5520175031507164,-0.23449450970034225,0.6516151592857861,1.493508219718933,-0.433687299489975,0.06226368248462677,0.5954629778862,macro_normal,SAFE_PROGRESSING,NONE,1,0,"5.588,15.776;5.417,16.246;5.246,16.716;5.075,17.186;4.905,17.656;4.734,18.125;4.563,18.595",0,1,NORMAL_CORRECTION,1,0.800271985641476,0.5539313997012592,-0.2296187131364793,0.6637969675535234,4.731921128985689,5.0876952804991005,0.0,0,0,0,DIRECT_LOCAL,NORMAL_CORRECTION,1,GOAL_OUTSIDE_FOV,1,20,2.0,17.0,2.0,2.0,17.0,2.0,1,
585,19.533333,0.033333,5.641941070556641,15.8616304397583,2.7888150215148926,-0.24197036887435489,0.39528602361679077,1.4414681376609224,-0.48035697615163503,0.044030712464735354,1.5200368153664379,4.474585509992838,18.83788701833906,2.0,0.8000728469384683,0.5511028974263213,-0.23700007603392845,0.6455106161618727,1.493819236755371,-0.43247613310813904,0.06219730153679848,0.5978133678436279,macro_normal,SAFE_PROGRESSING,NONE,1,0,"5.615,15.819;5.439,16.286;5.262,16.754;5.085,17.222;4.908,17.690;4.732,18.157;4.555,18.625",0,1,NORMAL_CORRECTION,1,0.800271985641476,0.5539313997012592,-0.2296187131364793,0.6637969675535234,4.7801903130834615,5.136397275236706,0.0,0,0,0,DIRECT_LOCAL,NORMAL_CORRECTION,1,GOAL_OUTSIDE_FOV,1,20,2.0,17.0,2.0,2.0,17.0,2.0,1,
586,19.566667,0.033333,5.668097972869873,15.905000686645508,2.7902727127075195,-0.2287399918552338,0.396700382232666,1.4413955727220022,-0.4806693503164558,0.04315982310289943,1.5200417730202374,4.474585509992838,18.83788701833906,2.0,0.799918633086821,0.5502227928946919,-0.23955178692649476,0.6394004137103597,1.4943593740463257,-0.431338369846344,0.06207246333360672,0.5993233323097229,macro_normal,SAFE_PROGRESSING,NONE,1,0,"5.642,15.862;5.459,16.327;5.277,16.793;5.094,17.258;4.912,17.724;4.729,18.189;4.547,18.654",0,1,NORMAL_CORRECTION,1,0.800271985641476,0.5539313997012592,-0.2296187131364793,0.6637969675535234,4.828319879843645,5.184953817336644,0.0,0,0,0,DIRECT_LOCAL,NORMAL_CORRECTION,1,GOAL_OUTSIDE_FOV,1,20,2.0,17.0,2.0,2.0,17.0,2.0,1,
587,19.6,0.033333,5.693678855895996,15.948708534240723,2.791736602783203,-0.21545274890350583,0.39808598160743713,1.4411945158055182,-0.48073159757973877,0.04267427322677102,1.5198570968663152,4.474585509992838,18.83788701833906,2.0,0.7997144997736451,0.5493813406693012,-0.24215049323961738,0.6332864828394071,1.495055079460144,-0.4303692579269409,0.061881452798843384,0.5997262597084045,macro_normal,SAFE_PROGRESSING,NONE,1,0,"5.668,15.905;5.480,16.368;5.291,16.831;5.103,17.294;4.914,17.757;4.726,18.221;4.537,18.684",0,1,NORMAL_CORRECTION,1,0.800271985641476,0.5539313997012592,-0.2296187131364793,0.6637969675535234,4.848412801513455,5.233350427151953,0.0,0,0,0,DIRECT_LOCAL,NORMAL_CORRECTION,1,GOAL_OUTSIDE_FOV,1,20,2.0,17.0,2.0,2.0,17.0,2.0,1,
588,19.633333,0.033333,5.7186689376831055,15.99274730682373,2.793205738067627,-0.20211532999649454,0.39939215779304504,1.4409819791440452,-0.4804928894181702,0.04264410186038763,1.5195792182123282,4.474585509992838,18.83788701833906,2.0,0.7994563325826523,0.5485834455711467,-0.2447974173450047,0.6271695432337934,1.4957716464996338,-0.4295717179775238,0.06164293736219406,0.5991020202636719,macro_normal,SAFE_PROGRESSING,NONE,1,0,"5.694,15.949;5.499,16.409;5.305,16.870;5.111,17.331;4.916,17.791;4.722,18.252;4.527,18.713",1,1,NORMAL_CORRECTION,1,0.8245436936354427,0.565798283212331,0.0,0.6271695432337934,4.9016150505316025,5.281575677440279,0.0,0,0,0,DIRECT_LOCAL,NORMAL_CORRECTION,1,GOAL_OUTSIDE_FOV,1,20,2.0,17.0,2.0,2.0,17.0,2.0,1,
589,19.666667,0.033333,5.743052005767822,16.037111282348633,2.794677972793579,-0.18873723128948333,0.40050941705703735,1.4408564631114558,-0.4799861902014291,0.04297308594628004,1.5193093089262248,4.474585509992838,18.83788701833906,2.0,0.7991381887182983,0.5478367500248845,-0.24749353659077508,0.6210495488475971,1.4964320659637451,-0.4289160370826721,0.06137586757540703,0.597594141960144,macro_normal,SAFE_PROGRESSING,NONE,1,0,"5.719,15.993;5.518,16.451;5.318,16.909;5.118,17.367;4.917,17.825;4.717,18.283;4.517,18.741",0,1,NORMAL_CORRECTION,1,0.7994563325826523,0.5485834455711467,-0.2447974173450047,0.6271695432337934,4.857353740549894,5.329617882365652,0.0,0,0,0,DIRECT_LOCAL,NORMAL_CORRECTION,1,GOAL_OUTSIDE_FOV,1,20,2.0,17.0,2.0,2.0,17.0,2.0,1,
590,19.7,0.033333,5.766817569732666,16.081798553466797,2.7961530685424805,-0.1753305384820598,0.401317298412323,1.4408741464078967,-0.47929222781366737,0.04346271888737636,1.5191209146616198,4.474585509992838,18.83788701833906,2.0,0.7987528728897904,0.5471507689789851,-0.25023965324466757,0.6149260760194315,1.4968197345733643,-0.4283568561077118,0.061121322214603424,0.5956300497055054,macro_normal,SAFE_PROGRESSING,NONE,1,0,"5.743,16.037;5.537,16.493;5.330,16.948;5.124,17.404;4.918,17.859;4.712,18.314;4.505,18.770",0,1,NORMAL_CORRECTION,1,0.7994563325826523,0.5485834455711467,-0.2447974173450047,0.6271695432337934,4.814076825515576,5.377472301768495,0.0,0,0,0,DIRECT_LOCAL,NORMAL_CORRECTION,1,GOAL_OUTSIDE_FOV,1,20,2.0,17.0,2.0,2.0,17.0,2.0,1,
591,19.733333,0.033333,5.789956569671631,16.126815795898438,2.7976250648498535,-0.16190897456840514,0.4017195701599121,1.4410395271850218,-0.47849866625761955,0.04388553100610713,1.5190397731302627,4.474585509992838,18.83788701833906,2.0,0.7982908729330308,0.5465380251524357,-0.25303728826853794,0.6087984008658822,1.497178554534912,-0.4276345372200012,0.06089244410395622,0.5939983129501343,macro_normal,SAFE_PROGRESSING,NONE,1,0,"5.767,16.082;5.555,16.535;5.342,16.987;5.130,17.440;4.918,17.893;4.706,18.345;4.493,18.798",0,1,NORMAL_CORRECTION,1,0.7994563325826523,0.5485834455711467,-0.2447974173450047,0.6271695432337934,4.77660311555539,5.425141267794471,0.0,0,0,0,DIRECT_LOCAL,NORMAL_CORRECTION,1,GOAL_OUTSIDE_FOV,1,20,2.0,17.0,2.0,2.0,17.0,2.0,1,
592,19.766667,0.033333,5.812463283538818,16.172147750854492,2.7990949153900146,-0.14848605297896963,0.40171581506729126,1.4413164854453542,-0.47766804566046883,0.04408651413643469,1.5190469360063703,4.474585509992838,18.83788701833906,2.0,0.7977419954152994,0.5460124650846123,-0.25588688267091964,0.6026643575917262,1.4973331689834595,-0.4267045557498932,0.06070060655474663,0.5930498838424683,macro_normal,SAFE_PROGRESSING,NONE,1,0,"5.790,16.127;5.572,16.577;5.353,17.027;5.135,17.476;4.917,17.926;4.699,18.376;4.480,18.826",0,1,NORMAL_CORRECTION,1,0.7994563325826523,0.5485834455711467,-0.2447974173450047,0.6271695432337934,4.736887194941119,5.472614682617231,0.0,0,0,0,DIRECT_LOCAL,NORMAL_CORRECTION,1,GOAL_OUTSIDE_FOV,1,20,2.0,17.0,2.0,2.0,17.0,2.0,1,
593,19.8,0.033333,5.834333896636963,16.217790603637695,2.80056095123291,-0.13507165932514162,0.4013917148113251,1.441649110040178,-0.47681863264716534,0.043988767980616045,1.5190928795263317,4.474585509992838,18.83788701833906,2.0,0.7970989520498504,0.5455835017533894,-0.25878930282285584,0.5965260356147922,1.4973185062408447,-0.425497829914093,0.06053958833217621,0.5931688547134399,macro_normal,SAFE_PROGRESSING,NONE,1,0,"5.812,16.172;5.589,16.616;5.367,17.061;5.144,17.505;4.921,17.949;4.698,18.394;4.475,18.838",0,1,NORMAL_CORRECTION,1,0.7994563325826523,0.5485834455711467,-0.2447974173450047,0.6271695432337934,4.708635405972688,5.5198917215092935,0.0,0,0,0,DIRECT_LOCAL,NORMAL_CORRECTION,1,GOAL_OUTSIDE_FOV,1,20,2.0,17.0,2.0,2.0,17.0,2.0,1,
594,19.833333,0.033333,5.855564594268799,16.263736724853516,2.8020246028900146,-0.12167112254827361,0.40089473128318787,1.4419782203385532,-0.4759321178917715,0.04379966039882348,1.5191217788652562,3.9546751879099,19.748637972005028,2.0,0.8032229958124477,0.5624227965312618,-0.19624835525433423,0.8000000000000002,1.4963154792785645,-0.42618033289909363,0.061075903475284576,0.5972639918327332,macro_normal,SAFE_PROGRESSING,NONE,1,0,"5.834,16.218;5.599,16.659;5.364,17.101;5.129,17.542;4.895,17.983;4.660,18.425;4.425,18.866",1,1,NORMAL_CORRECTION,1,0.8191520442889919,0.573576436351046,0.0,0.8000000000000002,4.672944322648994,5.566969005319086,0.0,0,0,0,DIRECT_LOCAL,NORMAL_CORRECTION,1,GOAL_OUTSIDE_FOV,1,20,2.0,17.0,2.0,2.0,17.0,2.0,1,
595,19.866667,0.033333,5.876149654388428,16.30997657775879,2.803497552871704,-0.10828525139019318,0.4005039632320404,1.442233393319925,-0.47503648407001803,0.04399726798962202,1.5190893922331432,3.9546751879099,19.748637972005028,2.0,0.8047374231244808,0.5596233493493659,-0.19803885145588915,0.7939248638909265,1.5005457401275635,-0.4244515895843506,0.06211315095424652,0.6131376028060913,macro_normal,SAFE_PROGRESSING,NONE,1,0,"5.856,16.264;5.616,16.703;5.377,17.142;5.137,17.581;4.898,18.020;4.658,18.458;4.419,18.897",0,1,NORMAL_CORRECTION,1,0.8032229958124477,0.5624227965312618,-0.19624835525433423,0.8000000000000002,4.672667923572454,5.613840505622188,0.0,0,0,0,DIRECT_LOCAL,NORMAL_CORRECTION,1,GOAL_OUTSIDE_FOV,1,20,2.0,17.0,2.0,2.0,17.0,2.0,1,
596,19.9,0.033333,5.896082401275635,16.35650062561035,2.804992198944092,-0.09489719420027988,0.4013773500919342,1.4424474266920941,-0.47422034582379724,0.04529642053022787,1.519075798265754,3.9546751879099,19.748637972005028,2.0,0.8062073936690974,0.5568516249421896,-0.19986471972943082,0.7878186671971775,1.503888487815857,-0.42480289936065674,0.06291483342647552,0.6232013702392578,macro_normal,SAFE_PROGRESSING,NONE,1,0,"5.876,16.310;5.632,16.746;5.388,17.183;5.144,17.619;4.901,18.056;4.657,18.492;4.413,18.929",0,1,NORMAL_CORRECTION,1,0.8032229958124477,0.5624227965312618,-0.19624835525433423,0.8000000000000002,4.643295938247593,5.660499553550329,0.0,0,0,0,DIRECT_LOCAL,NORMAL_CORRECTION,1,GOAL_OUTSIDE_FOV,1,20,2.0,17.0,2.0,2.0,17.0,2.0,1,
597,19.933333,0.033333,5.915359973907471,16.40329933166504,2.806509494781494,-0.08144971869827405,0.4039582908153534,1.4428249774176458,-0.4735526094501055,0.047518031353663386,1.5192938993759444,3.9546751879099,19.748637972005028,2.0,0.807663693221329,0.5540617667834535,-0.2017298124742125,0.7816817189857781,1.5045526027679443,-0.4277248978614807,0.06316722929477692,0.6235336065292358,macro_normal,SAFE_PROGRESSING,NONE,1,0,"5.896,16.357;5.648,16.790;5.399,17.224;5.151,17.658;4.903,18.092;4.654,18.526;4.406,18.960",0,1,NORMAL_CORRECTION,1,0.8032229958124477,0.5624227965312618,-0.19624835525433423,0.8000000000000002,4.654957384142677,5.706942262159013,0.0,0,0,0,DIRECT_LOCAL,NORMAL_CORRECTION,1,GOAL_OUTSIDE_FOV,1,20,2.0,17.0,2.0,2.0,17.0,2.0,1,
598,19.966667,0.033333,5.9339823722839355,16.45037841796875,2.8080406188964844,-0.06790407282071846,0.40728986263275146,1.4435238185115224,-0.4731551754480308,0.0497337761985625,1.519904695419523,3.9546751879099,19.748637972005028,2.0,0.8091262478779274,0.5512235542958742,-0.2036352331606937,0.7755146793863839,1.503774881362915,-0.4315868616104126,0.06301408261060715,0.6179205775260925,macro_normal,SAFE_PROGRESSING,NONE,1,0,"5.915,16.403;5.663,16.835;5.410,17.266;5.157,17.697;4.904,18.129;4.651,18.560;4.398,18.992",0,1,NORMAL_CORRECTION,1,0.8032229958124477,0.5624227965312618,-0.19624835525433423,0.8000000000000002,4.64177110010951,5.753177489674242,0.0,0,0,0,DIRECT_LOCAL,NORMAL_CORRECTION,1,GOAL_OUTSIDE_FOV,1,20,2.0,17.0,2.0,2.0,17.0,2.0,1,
599,20.0,0.033333,5.951955318450928,16.497737884521484,2.809572696685791,-0.05426557845119447,0.4101836681365967,1.444500039517905,-0.47321774289778,0.05108030954024387,1.5208959840775524,3.9546751879099,19.748637972005028,2.0,0.8105891959211671,0.5483446749528226,-0.2055803320037188,0.7693158783206353,1.502677083015442,-0.43481236696243286,0.06277883052825928,0.611177921295166,macro_normal,SAFE_PROGRESSING,NONE,1,0,"5.934,16.450;5.677,16.879;5.419,17.308;5.162,17.737;4.905,18.165;4.648,18.594;4.390,19.023",0,1,NORMAL_CORRECTION,1,0.8032229958124477,0.5624227965312618,-0.19624835525433423,0.8000000000000002,4.655018790626715,5.799214272005078,0.0,0,0,0,DIRECT_LOCAL,NORMAL_CORRECTION,1,GOAL_OUTSIDE_FOV,1,20,2.0,17.0,2.0,2.0,17.0,2.0,1,
600,20.033333,0.033333,5.969291687011719,16.545373916625977,2.8110971450805664,-0.04056687342535545,0.41191601753234863,1.4455394012672536,-0.4738980529117757,0.05121206874196521,1.5220992744083726,3.9546751879099,19.748637972005028,2.0,0.8120317285271772,0.5454558230823496,-0.20756304326811403,0.7630852979491742,1.5020074844360352,-0.4366106390953064,0.06267724931240082,0.6062437295913696,macro_normal,SAFE_PROGRESSING,NONE,1,0,"5.952,16.498;5.690,16.924;5.428,17.350;5.167,17.776;4.905,18.202;4.643,18.628;4.382,19.054",1,1,NORMAL_CORRECTION,1,0.8301101639265079,0.5575994222969622,0.0,0.7630852979491742,4.660384485682413,5.845064046457426,0.0,0,0,0,DIRECT_LOCAL,NORMAL_CORRECTION,1,GOAL_OUTSIDE_FOV,1,20,2.0,17.0,2.0,2.0,17.0,2.0,1,
601,20.066667,0.033333,5.986008167266846,16.593273162841797,2.8126113414764404,-0.026842359121650148,0.41236159205436707,1.4463925784450629,-0.4752024257349111,0.05032976823053251,1.5232865528112038,3.9546751879099,19.748637972005028,2.0,0.8134317401210491,0.5425902918468779,-0.20958191562527975,0.7568244247363245,1.501924991607666,-0.43703198432922363,0.06275396049022675,0.6036950349807739,macro_normal,SAFE_PROGRESSING,NONE,1,0,"5.969,16.545;5.703,16.969;5.437,17.392;5.171,17.815;4.905,18.238;4.638,18.662;4.372,19.085",0,1,NORMAL_CORRECTION,1,0.8120317285271772,0.5454558230823496,-0.20756304326811403,0.7630852979491742,4.711476583468133,5.8907341078433415,0.0,0,0,0,DIRECT_LOCAL,NORMAL_CORRECTION,1,GOAL_OUTSIDE_FOV,1,20,2.0,17.0,2.0,2.0,17.0,2.0,1,
602,20.1,0.033333,6.002119064331055,16.641422271728516,2.8141191005706787,-0.013115318060718707,0.41181498765945435,1.4469039137198225,-0.4769414217737593,0.048943676501597796,1.5242701659518263,3.9546751879099,19.748637972005028,2.0,0.814773647444769,0.5397721343331431,-0.2116363542187174,0.7505368945476,1.5023484230041504,-0.4366597533226013,0.06291814148426056,0.6023425459861755,macro_normal,SAFE_PROGRESSING,NONE,1,0,"5.986,16.593;5.715,17.014;5.445,17.434;5.174,17.855;4.903,18.275;4.633,18.695;4.362,19.116",0,1,NORMAL_CORRECTION,1,0.8120317285271772,0.5454558230823496,-0.20756304326811403,0.7630852979491742,4.830825980465668,5.9362298450082704,0.0,0,0,0,DIRECT_LOCAL,NORMAL_CORRECTION,1,GOAL_OUTSIDE_FOV,1,20,2.0,17.0,2.0,2.0,17.0,2.0,1,
603,20.133333,0.033333,6.017629146575928,16.689794540405273,2.8156259059906006,0.0006004883092409392,0.4106980264186859,1.4470691579824813,-0.4787918956318451,0.04760155200407658,1.5249645028852505,3.9546751879099,19.748637972005028,2.0,0.8160472892352268,0.5370171633905542,-0.21372736828913835,0.7442261977420397,1.5031840801239014,-0.4362368881702423,0.06303166598081589,0.6001486778259277,macro_normal,SAFE_PROGRESSING,NONE,1,0,"6.002,16.641;5.727,17.059;5.452,17.476;5.177,17.894;4.902,18.311;4.627,18.729;4.351,19.146",0,1,NORMAL_CORRECTION,1,0.8120317285271772,0.5454558230823496,-0.20756304326811403,0.7630852979491742,4.939059509071775,5.981540227524454,0.0,0,0,0,DIRECT_LOCAL,NORMAL_CORRECTION,1,GOAL_OUTSIDE_FOV,1,20,2.0,17.0,2.0,2.0,17.0,2.0,1,
604,20.166667,0.033333,6.032535076141357,16.73837661743164,2.8171346187591553,0.01429451808067267,0.40930941700935364,1.447012596094242,-0.4804241641420649,0.0467188688559719,1.5253968281906778,3.9546751879099,19.748637972005028,2.0,0.8172466177955185,0.5343352288911464,-0.21585603736664793,0.7378970707250924,1.5042755603790283,-0.43621572852134705,0.06301632523536682,0.5957731604576111,macro_normal,SAFE_PROGRESSING,NONE,1,0,"6.018,16.690;5.738,17.104;5.458,17.519;5.179,17.933;4.899,18.348;4.620,18.762;4.340,19.177",0,1,NORMAL_CORRECTION,1,0.8120317285271772,0.5454558230823496,-0.20756304326811403,0.7630852979491742,4.948829408838935,6.026657845422753,0.0,0,0,0,DIRECT_LOCAL,NORMAL_CORRECTION,1,GOAL_OUTSIDE_FOV,1,20,2.0,17.0,2.0,2.0,17.0,2.0,1,
605,20.2,0.033333,6.046823501586914,16.78715705871582,2.8186471462249756,0.027954170997640103,0.4077109098434448,1.4469221636585112,-0.4816200526508758,0.046496393506873,1.5256813354730423,3.9546751879099,19.748637972005028,2.0,0.8183645222028382,0.5317379015079091,-0.21802365215656155,0.7315510956306265,1.5055233240127563,-0.4366278350353241,0.06287924200296402,0.5891584157943726,macro_normal,SAFE_PROGRESSING,NONE,1,0,"6.033,16.738;5.749,17.150;5.464,17.561;5.180,17.973;4.896,18.384;4.612,18.796;4.328,19.207",0,1,NORMAL_CORRECTION,1,0.8120317285271772,0.5454558230823496,-0.20756304326811403,0.7630852979491742,4.9218724313083175,6.071569632381362,0.0,0,0,0,DIRECT_LOCAL,NORMAL_CORRECTION,1,GOAL_OUTSIDE_FOV,1,20,2.0,17.0,2.0,2.0,17.0,2.0,1,
606,20.233333,0.033333,6.060479640960693,16.83612632751465,2.820164203643799,0.04156173233572431,0.40577998757362366,1.4469703612849099,-0.48233036319474376,0.04687703352316468,1.5259630604862255,3.6183567278611863,19.965607802224387,2.0,0.8025171554248847,0.5619285617711175,-0.20050562763821567,0.8,1.5034911632537842,-0.43424293398857117,0.06334386765956879,0.5980333685874939,macro_normal,SAFE_PROGRESSING,NONE,1,0,"6.047,16.787;5.743,17.184;5.440,17.582;5.136,17.979;4.833,18.376;4.529,18.774;4.225,19.171",1,1,NORMAL_CORRECTION,1,0.8191520442889918,0.5735764363510462,0.0,0.8,4.946005384032969,6.116262974265483,0.0,0,0,0,DIRECT_LOCAL,NORMAL_CORRECTION,1,GOAL_OUTSIDE_FOV,1,20,2.0,17.0,2.0,2.0,17.0,2.0,1,
607,20.266667,0.033333,6.073486804962158,16.88528060913086,2.8216915130615234,0.05510382338800466,0.40393707156181335,1.4471811735242301,-0.48260912257218747,0.0470109989896126,1.5262552041578323,3.6183567278611863,19.965607802224387,2.0,0.8040682442460211,0.559046909602563,-0.20233835884217422,0.7939173413709278,1.5029102563858032,-0.43401169776916504,0.06363765895366669,0.6046125292778015,macro_normal,SAFE_PROGRESSING,NONE,1,0,"6.060,16.836;5.753,17.230;5.445,17.624;5.138,18.019;4.830,18.413;4.522,18.807;4.215,19.201",0,1,NORMAL_CORRECTION,1,0.8025171554248847,0.5619285617711175,-0.20050562763821567,0.8,4.913884847248594,6.160728181646218,0.0,0,0,0,DIRECT_LOCAL,NORMAL_CORRECTION,1,GOAL_OUTSIDE_FOV,1,20,2.0,17.0,2.0,2.0,17.0,2.0,1,
608,20.3,0.033333,6.085832118988037,16.934614181518555,2.823228359222412,0.06859603128681481,0.4029217064380646,1.4474251096170867,-0.48255097572478395,0.04662408498101793,1.5264562546706977,3.6183567278611863,19.965607802224387,2.0,0.8055405465047223,0.5562412532211486,-0.20420601399527757,0.7878090964693737,1.5024394989013672,-0.4359821081161499,0.0635770857334137,0.6049323678016663,macro_normal,SAFE_PROGRESSING,NONE,1,0,"6.073,16.885;5.762,17.276;5.450,17.667;5.139,18.058;4.827,18.449;4.515,18.840;4.204,19.231",0,1,NORMAL_CORRECTION,1,0.8025171554248847,0.5619285617711175,-0.20050562763821567,0.8,4.961761055510557,6.204956999701317,0.0,0,0,0,DIRECT_LOCAL,NORMAL_CORRECTION,1,GOAL_OUTSIDE_FOV,1,20,2.0,17.0,2.0,2.0,17.0,2.0,1,
609,20.333333,0.033333,6.097506523132324,16.984113693237305,2.824770212173462,0.08206297359338678,0.4027588963508606,1.4475683837687245,-0.4823472103921966,0.04600732195306666,1.526509001196267,3.6183567278611863,19.965607802224387,2.0,0.806948174998432,0.5534920604403046,-0.20610963562203058,0.7816740275735418,1.502074956893921,-0.4378989338874817,0.06335175782442093,0.6037374138832092,macro_normal,SAFE_PROGRESSING,NONE,1,0,"6.086,16.935;5.770,17.322;5.455,17.710;5.139,18.098;4.823,18.486;4.508,18.873;4.192,19.261",0,1,NORMAL_CORRECTION,1,0.8025171554248847,0.5619285617711175,-0.20050562763821567,0.8,4.915516421016178,6.248938373352935,0.0,0,0,0,DIRECT_LOCAL,NORMAL_CORRECTION,1,GOAL_OUTSIDE_FOV,1,20,2.0,17.0,2.0,2.0,17.0,2.0,1,
610,20.366667,0.033333,6.108508110046387,17.033769607543945,2.8263120651245117,0.09551840202753267,0.4030245542526245,1.4475326746569115,-0.4822503072687145,0.045516271041615514,1.5264297998891712,3.6183567278611863,19.965607802224387,2.0,0.8082994161319608,0.5507882306421139,-0.2080489818933533,0.7755124971093013,1.501874327659607,-0.438807874917984,0.0631430372595787,0.6035382747650146,macro_normal,SAFE_PROGRESSING,NONE,1,0,"6.098,16.984;5.778,17.369;5.458,17.753;5.138,18.137;4.819,18.522;4.499,18.906;4.179,19.291",0,1,NORMAL_CORRECTION,1,0.8025171554248847,0.5619285617711175,-0.20050562763821567,0.8,4.966113538918879,6.292668937661646,0.0,0,0,0,DIRECT_LOCAL,NORMAL_CORRECTION,1,GOAL_OUTSIDE_FOV,1,20,2.0,17.0,2.0,2.0,17.0,2.0,1,
611,20.4,0.033333,6.118843078613281,17.08356285095215,2.8278539180755615,0.10897212794112734,0.40343788266181946,1.4473075118937702,-0.4824417150308767,0.045294979544066215,1.5262701849796996,3.6183567278611863,19.965607802224387,2.0,0.809599146345847,0.548123435293161,-0.21002362228687457,0.7693251355827635,1.501707911491394,-0.4390135109424591,0.06297648698091507,0.6036585569381714,macro_normal,SAFE_PROGRESSING,NONE,1,0,"6.109,17.034;5.785,17.415;5.461,17.796;5.137,18.177;4.814,18.558;4.490,18.939;4.166,19.320",0,1,NORMAL_CORRECTION,1,0.8025171554248847,0.5619285617711175,-0.20050562763821567,0.8,4.916405480494928,6.33614383214169,0.0,0,0,0,DIRECT_LOCAL,NORMAL_CORRECTION,1,GOAL_OUTSIDE_FOV,1,20,2.0,17.0,2.0,2.0,17.0,2.0,1,
612,20.433333,0.033333,6.1285200119018555,17.13348388671875,2.829399347305298,0.12243509991794066,0.40387576818466187,1.4469274981718192,-0.48294529418568394,0.04506959496640983,1.526062453024873,3.106879110820319,20.426925388386113,2.0,0.8056325451489935,0.5641099811403993,-0.18093128909763892,0.9,1.4951915740966797,-0.4407188892364502,0.06318424642086029,0.6058669686317444,macro_normal,SAFE_PROGRESSING,NONE,1,0,"6.119,17.084;5.784,17.455;5.450,17.827;5.115,18.198;4.780,18.570;4.446,18.941;4.111,19.312",1,1,NORMAL_CORRECTION,1,0.8191520442889919,0.5735764363510459,0.0,0.9,4.966534879490212,6.3793666129640565,0.0,0,0,0,DIRECT_LOCAL,NORMAL_CORRECTION,1,GOAL_OUTSIDE_FOV,1,20,2.0,17.0,2.0,2.0,17.0,2.0,1,
613,20.466667,0.033333,6.137546062469482,17.183513641357422,2.8309552669525146,0.1359115385957837,0.4040311276912689,1.4462969059192214,-0.48369197139114756,0.04401551719323119,1.5256703539800318,3.106879110820319,20.426925388386113,2.0,0.8078716100793966,0.5604061854150351,-0.1824510043170291,0.8939143283333995,1.494192361831665,-0.4400135278701782,0.06347530335187912,0.6173987984657288,macro_normal,SAFE_PROGRESSING,NONE,1,0,"6.129,17.133;5.790,17.502;5.452,17.870;5.114,18.239;4.776,18.607;4.438,18.976;4.100,19.344",0,1,NORMAL_CORRECTION,1,0.8056325451489935,0.5641099811403993,-0.18093128909763892,0.9,4.916563035499786,6.422332686804192,0.0,0,0,0,DIRECT_LOCAL,NORMAL_CORRECTION,1,GOAL_OUTSIDE_FOV,1,20,2.0,17.0,2.0,2.0,17.0,2.0,1,
614,20.5,0.033333,6.145926475524902,17.23363494873047,2.832526683807373,0.14940217214741985,0.404674768447876,1.4452266927967932,-0.4845997682166226,0.04258969172025562,1.5249036070417,3.106879110820319,20.426925388386113,2.0,0.8100767312218692,0.5567048168857411,-0.18399846844228113,0.8877986693520585,1.4940240383148193,-0.4402049779891968,0.06355435401201248,0.6253467798233032,macro_normal,SAFE_PROGRESSING,NONE,1,0,"6.138,17.184;5.796,17.549;5.455,17.914;5.113,18.280;4.772,18.645;4.431,19.010;4.089,19.376",0,1,NORMAL_CORRECTION,1,0.8056325451489935,0.5641099811403993,-0.18093128909763892,0.9,4.901826175455195,6.465037359254458,0.0,0,0,0,DIRECT_LOCAL,NORMAL_CORRECTION,1,GOAL_OUTSIDE_FOV,1,20,2.0,17.0,2.0,2.0,17.0,2.0,1,
615,20.533333,0.033333,6.153663158416748,17.283830642700195,2.8341147899627686,0.16294184141427306,0.40646862983703613,1.4437169727184698,-0.4855510520220899,0.04154970936248209,1.5237469933631524,3.106879110820319,20.426925388386113,2.0,0.8122666708461694,0.5529781227672561,-0.18557492064738187,0.8816555499040202,1.4937186241149902,-0.44132500886917114,0.0633159950375557,0.6278583407402039,macro_normal,SAFE_PROGRESSING,NONE,1,0,"6.146,17.234;5.801,17.596;5.457,17.958;5.112,18.320;4.767,18.682;4.422,19.045;4.078,19.407",0,1,NORMAL_CORRECTION,1,0.8056325451489935,0.5641099811403993,-0.18093128909763892,0.9,4.9163667388576835,6.50747350923141,0.0,0,0,0,DIRECT_LOCAL,NORMAL_CORRECTION,1,GOAL_OUTSIDE_FOV,1,20,2.0,17.0,2.0,2.0,17.0,2.0,1,
616,20.566667,0.033333,6.160752296447754,17.334074020385742,2.8357176780700684,0.17656206832896154,0.4090568423271179,1.441930914657378,-0.4864757419970084,0.04131138599419996,1.5223436014280627,3.106879110820319,20.426925388386113,2.0,0.814458305110956,0.5492003122374115,-0.18718089185095488,0.8754870099104043,1.4935375452041626,-0.44274869561195374,0.06287279725074768,0.6264228224754333,macro_normal,SAFE_PROGRESSING,NONE,1,0,"6.154,17.284;5.806,17.643;5.458,18.002;5.110,18.361;4.762,18.720;4.414,19.079;4.066,19.438",0,1,NORMAL_CORRECTION,1,0.8056325451489935,0.5641099811403993,-0.18093128909763892,0.9,4.867273391164354,6.549622932930567,0.0,0,0,0,DIRECT_LOCAL,NORMAL_CORRECTION,1,GOAL_OUTSIDE_FOV,1,20,2.0,17.0,2.0,2.0,17.0,2.0,1,
617,20.6,0.033333,6.167191505432129,17.38435935974121,2.837331533432007,0.19027345380397923,0.4117792546749115,1.4400818086302378,-0.487381840624001,0.04190976289746949,1.5208987810975123,3.106879110820319,20.426925388386113,2.0,0.8166581329905958,0.5453603959726224,-0.18881613364566796,0.8692956003209961,1.4934782981872559,-0.44423019886016846,0.062376778572797775,0.6221779584884644,macro_normal,SAFE_PROGRESSING,NONE,1,0,"6.161,17.334;5.809,17.690;5.458,18.046;5.107,18.401;4.756,18.757;4.404,19.113;4.053,19.469",0,1,NORMAL_CORRECTION,1,0.8056325451489935,0.5641099811403993,-0.18093128909763892,0.9,4.854499089374698,6.591483891680286,0.0,0,0,0,DIRECT_LOCAL,NORMAL_CORRECTION,1,GOAL_OUTSIDE_FOV,1,20,2.0,17.0,2.0,2.0,17.0,2.0,1,
618,20.633333,0.033333,6.172977447509766,17.434677124023438,2.8389527797698975,0.20406636784881294,0.4140257239341736,1.4383513259725669,-0.48831852784815527,0.043098579328215696,1.519594356763324,3.106879110820319,20.426925388386113,2.0,0.8188595605338329,0.5414666861140507,-0.19048057105911392,0.8630809925210654,1.4937138557434082,-0.44569131731987,0.06190333515405655,0.6156885027885437,macro_normal,SAFE_PROGRESSING,NONE,1,0,"6.167,17.384;5.813,17.737;5.458,18.089;5.103,18.442;4.749,18.794;4.394,19.147;4.040,19.500",1,1,NORMAL_CORRECTION,1,0.8341317065980424,0.5515653143987913,0.0,0.8630809925210654,4.865671011073085,6.633051165090739,0.0,0,0,0,DIRECT_LOCAL,NORMAL_CORRECTION,1,GOAL_OUTSIDE_FOV,1,20,2.0,17.0,2.0,2.0,17.0,2.0,1,
619,20.666667,0.033333,6.178108215332031,17.485023498535156,2.840578556060791,0.2179156424328273,0.4153478443622589,1.4368564019059555,-0.48932622908272305,0.044542136592142005,1.518545514661526,3.106879110820319,20.426925388386113,2.0,0.8210482012780241,0.5375397336406513,-0.19217410318682066,0.8568432455433429,1.4941074848175049,-0.44728660583496094,0.06149035692214966,0.6068924069404602,macro_normal,SAFE_PROGRESSING,NONE,1,0,"6.173,17.435;5.815,17.784;5.457,18.133;5.099,18.482;4.742,18.832;4.384,19.181;4.026,19.530",0,1,NORMAL_CORRECTION,1,0.8188595605338329,0.5414666861140507,-0.19048057105911392,0.8630809925210654,4.815377696816446,6.674324772575548,0.0,0,0,0,DIRECT_LOCAL,NORMAL_CORRECTION,1,GOAL_OUTSIDE_FOV,1,20,2.0,17.0,2.0,2.0,17.0,2.0,1,
620,20.7,0.033333,6.182584762573242,17.535404205322266,2.8422062397003174,0.23178538303760365,0.4154388904571533,1.435651711849067,-0.4904086531344597,0.04596169408226035,1.5177974048361076,3.106879110820319,20.426925388386113,2.0,0.8232036426777247,0.5336101058290941,-0.1938969252958596,0.8505817995209737,1.4946067333221436,-0.4486413300037384,0.06120513752102852,0.597570538520813,macro_normal,SAFE_PROGRESSING,NONE,1,0,"6.178,17.485;5.817,17.831;5.456,18.177;5.095,18.523;4.734,18.869;4.373,19.214;4.012,19.560",0,1,NORMAL_CORRECTION,1,0.8188595605338329,0.5414666861140507,-0.19048057105911392,0.8630809925210654,4.765059404800878,6.715313850238907,0.0,0,0,0,DIRECT_LOCAL,NORMAL_CORRECTION,1,GOAL_OUTSIDE_FOV,1,20,2.0,17.0,2.0,2.0,17.0,2.0,1,
621,20.733333,0.033333,6.186408996582031,17.585819244384766,2.8438332080841064,0.24563330288258584,0.41417747735977173,1.4347447627420404,-0.4915273950270806,0.04718266264203454,1.5173390912817788,3.106879110820319,20.426925388386113,2.0,0.8253014702219469,0.5297157325926022,-0.19564949755462177,0.8442952092326907,1.4954322576522827,-0.44978541135787964,0.061017122119665146,0.5878845453262329,macro_normal,SAFE_PROGRESSING,NONE,1,0,"6.183,17.535;5.818,17.878;5.454,18.220;5.090,18.563;4.725,18.905;4.361,19.248;3.997,19.590",0,1,NORMAL_CORRECTION,1,0.8188595605338329,0.5414666861140507,-0.19048057105911392,0.8630809925210654,4.714708397551744,6.756023906534059,0.0,0,0,0,DIRECT_LOCAL,NORMAL_CORRECTION,1,GOAL_OUTSIDE_FOV,1,20,2.0,17.0,2.0,2.0,17.0,2.0,1,
622,20.766667,0.033333,6.189584255218506,17.63626480102539,2.8454573154449463,0.25941742963673803,0.41163668036460876,1.4341239007460054,-0.492606496988434,0.048170410008005114,1.5171331226911149,3.106879110820319,20.426925388386113,2.0,0.8273185294326845,0.5258941171727656,-0.19743208548870106,0.8379830174599423,1.496385931968689,-0.45106858015060425,0.0608784481883049,0.5770017504692078,macro_normal,SAFE_PROGRESSING,NONE,1,0,"6.186,17.586;5.819,17.925;5.451,18.264;5.084,18.603;4.716,18.942;4.349,19.281;3.981,19.620",0,1,NORMAL_CORRECTION,1,0.8188595605338329,0.5414666861140507,-0.19048057105911392,0.8630809925210654,4.664322859331632,6.796458493435544,0.0,0,0,0,DIRECT_LOCAL,NORMAL_CORRECTION,1,GOAL_OUTSIDE_FOV,1,20,2.0,17.0,2.0,2.0,17.0,2.0,1,
623,20.8,0.033333,6.192108631134033,17.68674659729004,2.8470773696899414,0.2730988991562449,0.4079357385635376,1.4337836730762445,-0.4935581242815807,0.04899011847401315,1.5171470841459165,3.106879110820319,20.426925388386113,2.0,0.8292341413820454,0.5221802447592786,-0.19924490143921406,0.8316455379823194,1.4974749088287354,-0.4523047208786011,0.060780517756938934,0.5656479597091675,macro_normal,SAFE_PROGRESSING,NONE,1,0,"6.190,17.636;5.819,17.972;5.448,18.307;5.078,18.643;4.707,18.979;4.336,19.314;3.966,19.650",0,1,NORMAL_CORRECTION,1,0.8188595605338329,0.5414666861140507,-0.19048057105911392,0.8630809925210654,4.61584621175383,6.836625040593289,0.0,0,0,0,DIRECT_LOCAL,NORMAL_CORRECTION,1,GOAL_OUTSIDE_FOV,1,20,2.0,17.0,2.0,2.0,17.0,2.0,1,
624,20.833333,0.033333,6.1939826011657715,17.737260818481445,2.848694324493408,0.2866410311620421,0.4032076299190521,1.4337189811759983,-0.4943220198923383,0.04961155136712485,1.5173548307379643,2.6741240661383783,20.492773076219333,2.0,0.8050137388700638,0.5636766883192017,-0.18499046266210104,0.9,1.4932823181152344,-0.4493531286716461,0.06150733679533005,0.577142596244812,macro_normal,SAFE_PROGRESSING,NONE,1,0,"6.192,17.687;5.801,17.999;5.410,18.310;5.019,18.622;4.629,18.934;4.238,19.246;3.847,19.557",1,1,NORMAL_CORRECTION,1,0.8191520442889915,0.5735764363510463,0.0,0.9,4.595341487342813,6.876525321268064,0.0,0,0,0,DIRECT_LOCAL,NORMAL_CORRECTION,1,GOAL_OUTSIDE_FOV,1,20,2.0,17.0,2.0,2.0,17.0,2.0,1,
625,20.866667,0.033333,6.19520378112793,17.787803649902344,2.850315570831299,0.3000235271814876,0.3983786702156067,1.4337903296007606,-0.4948229984017006,0.048998439028973086,1.5175656018871748,2.6741240661383783,20.492773076219333,2.0,0.8071841031158274,0.5600552187819363,-0.18652607215136058,0.8940302435409875,1.4905978441238403,-0.44925037026405334,0.061867278069257736,0.5857287049293518,macro_normal,SAFE_PROGRESSING,NONE,1,0,"6.194,17.737;5.800,18.045;5.407,18.354;5.013,18.662;4.619,18.970;4.225,19.278;3.832,19.587",0,1,NORMAL_CORRECTION,1,0.8050137388700638,0.5636766883192017,-0.18499046266210104,0.9,4.573655543572356,6.916159284659053,0.0,0,0,0,DIRECT_LOCAL,NORMAL_CORRECTION,1,GOAL_OUTSIDE_FOV,1,20,2.0,17.0,2.0,2.0,17.0,2.0,1,
626,20.9,0.033333,6.195767879486084,17.838361740112305,2.8519399166107178,0.3132719803660486,0.3947327733039856,1.4337055310767803,-0.494980127073377,0.047077257277836675,1.5174759122274506,2.6741240661383783,20.492773076219333,2.0,0.8092367291495726,0.5565596732578535,-0.18808840022290785,0.8880284219915613,1.4884843826293945,-0.4518122673034668,0.061655785888433456,0.5866813063621521,macro_normal,SAFE_PROGRESSING,NONE,1,0,"6.195,17.788;5.799,18.092;5.402,18.397;5.006,18.702;4.609,19.006;4.213,19.311;3.816,19.615",0,1,NORMAL_CORRECTION,1,0.8050137388700638,0.5636766883192017,-0.18499046266210104,0.9,4.62265770009545,6.955518338427724,0.0,0,0,0,DIRECT_LOCAL,NORMAL_CORRECTION,1,GOAL_OUTSIDE_FOV,1,20,2.0,17.0,2.0,2.0,17.0,2.0,1,
627,20.933333,0.033333,6.195672035217285,17.8889102935791,2.85356068611145,0.3264268246922844,0.39255666732788086,1.4332370056437351,-0.49487603243668826,0.0447579861656402,1.516929094965385,2.6741240661383783,20.492773076219333,2.0,0.8111957963954114,0.5531579540945732,-0.18967777342725256,0.8819948909000248,1.4871770143508911,-0.4540683627128601,0.061188213527202606,0.5864993333816528,macro_normal,SAFE_PROGRESSING,NONE,1,0,"6.196,17.838;5.796,18.139;5.397,18.440;4.998,18.741;4.599,19.042;4.199,19.343;3.800,19.644",0,1,NORMAL_CORRECTION,1,0.8050137388700638,0.5636766883192017,-0.18499046266210104,0.9,4.57286010262239,6.994585881744112,0.0,0,0,0,DIRECT_LOCAL,NORMAL_CORRECTION,1,GOAL_OUTSIDE_FOV,1,20,2.0,17.0,2.0,2.0,17.0,2.0,1,
628,20.966667,0.033333,6.194920539855957,17.939428329467773,2.8551738262176514,0.339518699660443,0.39148569107055664,1.432322151732136,-0.4947518786705473,0.0430308073264699,1.5159742142166472,2.6741240661383783,20.492773076219333,2.0,0.8130807979480426,0.5498241495284869,-0.1912930228823052,0.8759315381773327,1.4865686893463135,-0.45512062311172485,0.060714662075042725,0.5874508023262024,macro_normal,SAFE_PROGRESSING,NONE,1,0,"6.196,17.889;5.794,18.186;5.392,18.483;4.990,18.781;4.588,19.078;4.185,19.375;3.783,19.673",0,1,NORMAL_CORRECTION,1,0.8050137388700638,0.5636766883192017,-0.18499046266210104,0.9,4.582002987119276,7.033352596625999,0.0,0,0,0,DIRECT_LOCAL,NORMAL_CORRECTION,1,GOAL_OUTSIDE_FOV,1,20,2.0,17.0,2.0,2.0,17.0,2.0,1,
629,21.0,0.033333,6.1935224533081055,17.98989486694336,2.8567802906036377,0.35257660548718217,0.3912108838558197,1.4310641669900188,-0.4948363316160909,0.0423709096738403,1.514794685466217,2.6741240661383783,20.492773076219333,2.0,0.8149089694119163,0.5465346098198404,-0.1929333870564738,0.8698408407313586,1.4861915111541748,-0.4556148648262024,0.06025930494070053,0.5876619815826416,macro_normal,SAFE_PROGRESSING,NONE,1,0,"6.195,17.939;5.790,18.233;5.385,18.527;4.981,18.820;4.576,19.114;4.171,19.407;3.766,19.701",0,1,NORMAL_CORRECTION,1,0.8050137388700638,0.5636766883192017,-0.18499046266210104,0.9,4.582899694675489,7.071811912931871,0.0,0,0,0,DIRECT_LOCAL,NORMAL_CORRECTION,1,GOAL_OUTSIDE_FOV,1,20,2.0,17.0,2.0,2.0,17.0,2.0,1,
630,21.033333,0.033333,6.191490173339844,18.040300369262695,2.8583827018737793,0.3656285382673678,0.39145615696907043,1.42965688338915,-0.49522035233508266,0.04266171959054577,1.5135990300959115,2.6741240661383783,20.492773076219333,2.0,0.8166961724641757,0.5432665883501719,-0.19459901301067897,0.8637259828922916,1.4856964349746704,-0.45621785521507263,0.05978895723819733,0.5854678153991699,macro_normal,SAFE_PROGRESSING,NONE,1,0,"6.194,17.990;5.786,18.280;5.379,18.569;4.971,18.859;4.564,19.149;4.156,19.439;3.749,19.729",1,1,NORMAL_CORRECTION,1,0.8326133416910781,0.5538546950582037,0.0,0.8637259828922916,4.558812610517651,7.10996800461113,0.0,0,0,0,DIRECT_LOCAL,NORMAL_CORRECTION,1,GOAL_OUTSIDE_FOV,1,20,2.0,17.0,2.0,2.0,17.0,2.0,1,
631,21.066667,0.033333,6.188833236694336,18.09063720703125,2.859982967376709,0.37869219984679137,0.39184799790382385,1.4282904105507654,-0.4958587069672035,0.04345945946766133,1.5125402734352835,2.6741240661383783,20.492773076219333,2.0,0.8184509005466073,0.5400075302238911,-0.19629057719600462,0.8575893355320321,1.4852914810180664,-0.4571477174758911,0.059289515018463135,0.5804569721221924,macro_normal,SAFE_PROGRESSING,NONE,1,0,"6.191,18.040;5.781,18.326;5.371,18.612;4.961,18.898;4.551,19.184;4.141,19.470;3.731,19.756",0,1,NORMAL_CORRECTION,1,0.8166961724641757,0.5432665883501719,-0.19459901301067897,0.8637259828922916,4.555046723048641,7.147824556386249,0.0,0,0,0,DIRECT_LOCAL,NORMAL_CORRECTION,1,GOAL_OUTSIDE_FOV,1,20,2.0,17.0,2.0,2.0,17.0,2.0,1,
632,21.1,0.033333,6.1855573654174805,18.14090919494629,2.8615798950195312,0.3917689770032797,0.3919636905193329,1.427089020274067,-0.49663820144391935,0.044354945818171135,1.5116877773332629,2.6741240661383783,20.492773076219333,2.0,0.8201727080991243,0.5367581066241907,-0.19800874693447926,0.8514326112530606,1.4852206707000732,-0.45815473794937134,0.05881815776228905,0.5737289190292358,macro_normal,SAFE_PROGRESSING,NONE,1,0,"6.189,18.091;5.776,18.373;5.363,18.655;4.950,18.937;4.538,19.219;4.125,19.501;3.712,19.783",0,1,NORMAL_CORRECTION,1,0.8166961724641757,0.5432665883501719,-0.19459901301067897,0.8637259828922916,4.560319988377762,7.185391771662964,0.0,0,0,0,DIRECT_LOCAL,NORMAL_CORRECTION,1,GOAL_OUTSIDE_FOV,1,20,2.0,17.0,2.0,2.0,17.0,2.0,1,
633,21.133333,0.033333,6.181663990020752,18.191110610961914,2.8631718158721924,0.4048440087910408,0.39146462082862854,1.4261083599816202,-0.49744490893554305,0.04515332348229288,1.5110510628224494,2.6741240661383783,20.492773076219333,2.0,0.8218516014597361,0.5335337960322972,-0.19975393280091877,0.8452556425442619,1.4856185913085938,-0.4589465260505676,0.05843530595302582,0.5665709376335144,macro_normal,SAFE_PROGRESSING,NONE,1,0,"6.186,18.141;5.770,18.419;5.355,18.697;4.939,18.976;4.524,19.254;4.108,19.532;3.693,19.810",0,1,NORMAL_CORRECTION,1,0.8166961724641757,0.5432665883501719,-0.19459901301067897,0.8637259828922916,4.5419256395941625,7.222669692031384,0.0,0,0,0,DIRECT_LOCAL,NORMAL_CORRECTION,1,GOAL_OUTSIDE_FOV,1,20,2.0,17.0,2.0,2.0,17.0,2.0,1,
634,21.166667,0.033333,6.17715311050415,18.24124526977539,2.8647572994232178,0.41789272197417193,0.39018991589546204,1.4253650640153144,-0.49819136066346986,0.045849022816225944,1.5106165398433529,2.6741240661383783,20.492773076219333,2.0,0.8234739430201199,0.5303562874345005,-0.20152635943119246,0.839058673076052,1.486429214477539,-0.45957618951797485,0.05814139544963837,0.5590863823890686,macro_normal,SAFE_PROGRESSING,NONE,1,0,"6.182,18.191;5.764,18.465;5.346,18.740;4.928,19.014;4.510,19.288;4.092,19.563;3.673,19.837",0,1,NORMAL_CORRECTION,1,0.8166961724641757,0.5432665883501719,-0.19459901301067897,0.8637259828922916,4.560752811147702,7.259665028402494,0.0,0,0,0,DIRECT_LOCAL,NORMAL_CORRECTION,1,GOAL_OUTSIDE_FOV,1,20,2.0,17.0,2.0,2.0,17.0,2.0,1,
635,21.2,0.033333,6.172022819519043,18.291309356689453,2.866335153579712,0.43088738714910346,0.3881244659423828,1.4248700352801011,-0.4988186583596081,0.04652182461040714,1.5103770891839816,2.6741240661383783,20.492773076219333,2.0,0.8250237518658754,0.5272514569072854,-0.20332660929228946,0.8328406798148237,1.4874540567398071,-0.4601132571697235,0.05791734904050827,0.5512911081314087,macro_normal,SAFE_PROGRESSING,NONE,1,0,"6.177,18.241;5.757,18.512;5.336,18.782;4.915,19.052;4.495,19.323;4.074,19.593;3.653,19.863",0,1,NORMAL_CORRECTION,1,0.8166961724641757,0.5432665883501719,-0.19459901301067897,0.8637259828922916,4.549359762242618,7.296377347339648,0.0,0,0,0,DIRECT_LOCAL,NORMAL_CORRECTION,1,GOAL_OUTSIDE_FOV,1,20,2.0,17.0,2.0,2.0,17.0,2.0,1,
636,21.233333,0.033333,6.1662702560424805,18.34130096435547,2.8679065704345703,0.4438012959962919,0.38531991839408875,1.4246340029258069,-0.4992988363396835,0.04709196644030534,1.510330766277965,2.258212148125647,20.512139388116257,2.0,0.8043810621646033,0.5632336833207886,-0.18904741416862159,0.9,1.483185052871704,-0.45765554904937744,0.05840807780623436,0.5617443323135376,macro_normal,SAFE_PROGRESSING,NONE,1,0,"6.172,18.291;5.737,18.538;5.302,18.785;4.867,19.032;4.433,19.278;3.998,19.525;3.563,19.772",1,1,NORMAL_CORRECTION,1,0.8191520442889917,0.5735764363510463,0.0,0.9,4.59367049170542,7.332807200113391,0.0,0,0,0,DIRECT_LOCAL,NORMAL_CORRECTION,1,GOAL_OUTSIDE_FOV,1,20,2.0,17.0,2.0,2.0,17.0,2.0,1,
637,21.266667,0.033333,6.159893989562988,18.391216278076172,2.869478940963745,0.45661906823713677,0.38242119550704956,1.4245287156811686,-0.49959318674113945,0.046565126134160306,1.5103124593971595,2.258212148125647,20.512139388116257,2.0,0.8062308909113205,0.5600627022579732,-0.19058205602793565,0.8941019547441046,1.4810450077056885,-0.4570592939853668,0.05862456560134888,0.5714513659477234,macro_normal,SAFE_PROGRESSING,NONE,1,0,"6.166,18.341;5.729,18.584;5.292,18.827;4.855,19.070;4.418,19.312;3.981,19.555;3.544,19.798",0,1,NORMAL_CORRECTION,1,0.8043810621646033,0.5632336833207886,-0.18904741416862159,0.9,4.624417721922224,7.36895453023944,0.0,0,0,0,DIRECT_LOCAL,NORMAL_CORRECTION,1,GOAL_OUTSIDE_FOV,1,20,2.0,17.0,2.0,2.0,17.0,2.0,1,
638,21.3,0.033333,6.152891159057617,18.441041946411133,2.871051549911499,0.4693606644378194,0.38053297996520996,1.4242840354472164,-0.49965887417131616,0.04492482844193098,1.5100537223484771,2.258212148125647,20.512139388116257,2.0,0.8079987222819238,0.5569736797611511,-0.19214157500161466,0.8881764696388661,1.4795091152191162,-0.4586755633354187,0.058378878980875015,0.574747622013092,macro_normal,SAFE_PROGRESSING,NONE,1,0,"6.160,18.391;5.721,18.630;5.281,18.869;4.842,19.108;4.403,19.346;3.963,19.585;3.524,19.824",0,1,NORMAL_CORRECTION,1,0.8043810621646033,0.5632336833207886,-0.18904741416862159,0.9,4.618999447393347,7.404810786350653,0.0,0,0,0,DIRECT_LOCAL,NORMAL_CORRECTION,1,GOAL_OUTSIDE_FOV,1,20,2.0,17.0,2.0,2.0,17.0,2.0,1,
639,21.333333,0.033333,6.145262718200684,18.490758895874023,2.8726184368133545,0.4820642822377089,0.379974901676178,1.4237083868903713,-0.4995632066517594,0.04299250294816835,1.50942284455083,2.258212148125647,20.512139388116257,2.0,0.809706867760691,0.5539358128000597,-0.19372636268383395,0.8822237632535531,1.4785914421081543,-0.46024489402770996,0.0579003170132637,0.5763064026832581,macro_normal,SAFE_PROGRESSING,NONE,1,0,"6.153,18.441;5.711,18.676;5.270,18.911;4.829,19.145;4.387,19.380;3.946,19.615;3.504,19.850",0,1,NORMAL_CORRECTION,1,0.8043810621646033,0.5632336833207886,-0.18904741416862159,0.9,4.615808435474278,7.440364998500572,0.0,0,0,0,DIRECT_LOCAL,NORMAL_CORRECTION,1,GOAL_OUTSIDE_FOV,1,20,2.0,17.0,2.0,2.0,17.0,2.0,1,
640,21.366667,0.033333,6.137012958526611,18.54035186767578,2.874176025390625,0.49476006595439675,0.3804060220718384,1.422768966744372,-0.49948960578423657,0.04160897310792715,1.5084736343935334,2.258212148125647,20.512139388116257,2.0,0.8113733630896579,0.5509240677420046,-0.1953354480148989,0.8762451992162494,1.4782607555389404,-0.4609079658985138,0.05739782750606537,0.5782132148742676,macro_normal,SAFE_PROGRESSING,NONE,1,0,"6.145,18.491;5.702,18.721;5.258,18.952;4.814,19.183;4.371,19.414;3.927,19.644;3.484,19.875",0,1,NORMAL_CORRECTION,1,0.8043810621646033,0.5632336833207886,-0.18904741416862159,0.9,4.627404630006201,7.475611080423519,0.0,0,0,0,DIRECT_LOCAL,NORMAL_CORRECTION,1,GOAL_OUTSIDE_FOV,1,20,2.0,17.0,2.0,2.0,17.0,2.0,1,
641,21.4,0.033333,6.128152370452881,18.589801788330078,2.8757245540618896,0.5074728408469729,0.3814873993396759,1.4215738571955727,-0.49961207586362133,0.04115357133638448,1.5073745633532476,2.258212148125647,20.512139388116257,2.0,0.8130123052744518,0.5479183109465076,-0.19696831217697922,0.8702423053961919,1.4780189990997314,-0.461162805557251,0.05692027881741524,0.5791072845458984,macro_normal,SAFE_PROGRESSING,NONE,1,0,"6.137,18.540;5.691,18.767;5.246,18.994;4.800,19.220;4.354,19.447;3.908,19.673;3.463,19.900",0,1,NORMAL_CORRECTION,1,0.8043810621646033,0.5632336833207886,-0.18904741416862159,0.9,4.633635934605303,7.5105432893054385,0.0,0,0,0,DIRECT_LOCAL,NORMAL_CORRECTION,1,GOAL_OUTSIDE_FOV,1,20,2.0,17.0,2.0,2.0,17.0,2.0,1,
642,21.433333,0.033333,6.1186909675598145,18.63910484313965,2.8772659301757812,0.5202232359240867,0.3829062581062317,1.4202979330630512,-0.4999972124054442,0.041484010800007534,1.5063081870017323,2.258212148125647,20.512139388116257,2.0,0.8146352402426222,0.5449014213430154,-0.19862493895079425,0.864218008882894,1.4777369499206543,-0.4615601599216461,0.05643680319190025,0.5775289535522461,macro_normal,SAFE_PROGRESSING,NONE,1,0,"6.128,18.590;5.680,18.812;5.233,19.035;4.785,19.257;4.337,19.480;3.889,19.702;3.441,19.924",1,1,NORMAL_CORRECTION,1,0.8311963491739185,0.5559789826242978,0.0,0.864218008882894,4.619391580371198,7.54516774324083,0.0,0,0,0,DIRECT_LOCAL,NORMAL_CORRECTION,1,GOAL_OUTSIDE_FOV,1,20,2.0,17.0,2.0,2.0,17.0,2.0,1,
643,21.466667,0.033333,6.1086320877075195,18.688257217407227,2.878801107406616,0.5330212795871409,0.38428884744644165,1.4191012635426947,-0.5006041961027016,0.04220683845068572,1.5054017319493516,2.258212148125647,20.512139388116257,2.0,0.8162459649577475,0.5418671749880378,-0.2003059893280248,0.8581737614720122,1.4775115251541138,-0.4621962308883667,0.055960461497306824,0.5735297203063965,macro_normal,SAFE_PROGRESSING,NONE,1,0,"6.119,18.639;5.669,18.857;5.219,19.076;4.769,19.294;4.319,19.512;3.869,19.730;3.420,19.949",0,1,NORMAL_CORRECTION,1,0.8146352402426222,0.5449014213430154,-0.19862493895079425,0.864218008882894,4.595769270035766,7.579486581906515,0.0,0,0,0,DIRECT_LOCAL,NORMAL_CORRECTION,1,GOAL_OUTSIDE_FOV,1,20,2.0,17.0,2.0,2.0,17.0,2.0,1,
644,21.5,0.033333,6.097981929779053,18.73725700378418,2.880328893661499,0.5458620009162958,0.38525164127349854,1.4180815095794344,-0.5013377213327971,0.042971138174354925,1.5047063492117814,2.258212148125647,20.512139388116257,2.0,0.8178404413360929,0.538821017354816,-0.20201218718657885,0.8521098493447885,1.4776057004928589,-0.4628557562828064,0.05553613603115082,0.5681071877479553,macro_normal,SAFE_PROGRESSING,NONE,1,0,"6.109,18.688;5.657,18.902;5.205,19.116;4.753,19.330;4.301,19.544;3.849,19.758;3.397,19.973",0,1,NORMAL_CORRECTION,1,0.8146352402426222,0.5449014213430154,-0.19862493895079425,0.864218008882894,4.632456743365654,7.613505107295515,0.0,0,0,0,DIRECT_LOCAL,NORMAL_CORRECTION,1,GOAL_OUTSIDE_FOV,1,20,2.0,17.0,2.0,2.0,17.0,2.0,1,
645,21.533333,0.033333,6.086740016937256,18.78610610961914,2.8818483352661133,0.5587273858431698,0.3855169713497162,1.4172777302154407,-0.5020968236892952,0.043619113709557,1.5042207324739005,2.258212148125647,20.512139388116257,2.0,0.8194074185984526,0.5357797888885999,-0.20374371196262162,0.8460269370253162,1.4781711101531982,-0.4633835256099701,0.055193062871694565,0.5619833469390869,macro_normal,SAFE_PROGRESSING,NONE,1,0,"6.098,18.737;5.644,18.947;5.190,19.157;4.736,19.367;4.283,19.576;3.829,19.786;3.375,19.996",0,1,NORMAL_CORRECTION,1,0.8146352402426222,0.5449014213430154,-0.19862493895079425,0.864218008882894,4.642070384605256,7.647227905021861,0.0,0,0,0,DIRECT_LOCAL,NORMAL_CORRECTION,1,GOAL_OUTSIDE_FOV,1,20,2.0,17.0,2.0,2.0,17.0,2.0,1,
646,21.566667,0.033333,6.074905872344971,18.834800720214844,2.8833577632904053,0.5715907566655672,0.3849634528160095,1.416700415523471,-0.5027995979928405,0.04417369473750055,1.503927796934713,2.258212148125647,20.512139388116257,2.0,0.820931087100832,0.5327677058952388,-0.20550114789599255,0.8399241994548475,1.479118824005127,-0.4637397825717926,0.05493940785527229,0.5555256605148315,macro_normal,SAFE_PROGRESSING,NONE,1,0,"6.087,18.786;5.631,18.992;5.175,19.197;4.719,19.403;4.263,19.608;3.808,19.814;3.352,20.019",0,1,NORMAL_CORRECTION,1,0.8146352402426222,0.5449014213430154,-0.19862493895079425,0.864218008882894,4.5955734283073575,7.680654913733264,0.0,0,0,0,DIRECT_LOCAL,NORMAL_CORRECTION,1,GOAL_OUTSIDE_FOV,1,20,2.0,17.0,2.0,2.0,17.0,2.0,1,
647,21.6,0.033333,6.062474727630615,18.883338928222656,2.884856939315796,0.5844236434281346,0.3835914134979248,1.416361781449449,-0.503386725688153,0.044726060604591986,1.5038215692185366,2.258212148125647,20.512139388116257,2.0,0.8223956796532237,0.529809728335888,-0.20728482300536288,0.8338013190522657,1.48025381565094,-0.46395784616470337,0.05476301535964012,0.5489100813865662,macro_normal,SAFE_PROGRESSING,NONE,1,0,"6.075,18.835;5.617,19.036;5.159,19.237;4.702,19.438;4.244,19.639;3.786,19.841;3.328,20.042",0,1,NORMAL_CORRECTION,1,0.8146352402426222,0.5449014213430154,-0.19862493895079425,0.864218008882894,4.6073655923592876,7.713785262236428,0.0,0,0,0,DIRECT_LOCAL,NORMAL_CORRECTION,1,GOAL_OUTSIDE_FOV,1,20,2.0,17.0,2.0,2.0,17.0,2.0,1,
648,21.633333,0.033333,6.049443244934082,18.931720733642578,2.8863472938537598,0.5971992361020272,0.3814700245857239,1.4162752718387708,-0.5038225916601325,0.045183113756395304,1.503899718484527,1.8552853566607581,20.480072342665487,2.0,0.8037605998978553,0.562799230964436,-0.19294020751953,0.9,1.4760981798171997,-0.4617714583873749,0.05524163693189621,0.5581671595573425,macro_normal,SAFE_PROGRESSING,NONE,1,0,"6.062,18.883;5.595,19.061;5.128,19.238;4.660,19.416;4.193,19.593;3.725,19.770;3.258,19.948",1,1,NORMAL_CORRECTION,1,0.8191520442889921,0.5735764363510456,0.0,0.9,4.621084018804277,7.746620562663285,0.0,0,0,0,DIRECT_LOCAL,NORMAL_CORRECTION,1,GOAL_OUTSIDE_FOV,1,20,2.0,17.0,2.0,2.0,17.0,2.0,1,
649,21.666667,0.033333,6.035809516906738,18.979942321777344,2.8878350257873535,0.6099004096784179,0.37915438413619995,1.4163170614806766,-0.5040672691541225,0.044597052238844526,1.5040035663329219,1.8552853566607581,20.480072342665487,2.0,0.805543992295208,0.559715781342403,-0.19446624538299953,0.894166720403509,1.4743040800094604,-0.4610891342163086,0.055492427200078964,0.5675135254859924,macro_normal,SAFE_PROGRESSING,NONE,1,0,"6.049,18.932;5.580,19.105;5.111,19.278;4.642,19.451;4.173,19.624;3.704,19.798;3.235,19.971",0,1,NORMAL_CORRECTION,1,0.8037605998978553,0.562799230964436,-0.19294020751953,0.9,4.636670786237242,7.779160142423677,0.0,0,0,0,DIRECT_LOCAL,NORMAL_CORRECTION,1,GOAL_OUTSIDE_FOV,1,20,2.0,17.0,2.0,2.0,17.0,2.0,1,
650,21.7,0.033333,6.021572113037109,19.027986526489258,2.8893213272094727,0.6225412648894155,0.37768468260765076,1.4162264627524745,-0.5040886251972698,0.04300188533664325,1.5038789505795225,1.8552853566607581,20.480072342665487,2.0,0.807254460274875,0.5567026799714538,-0.1960162301415912,0.8883056306017704,1.4731502532958984,-0.4624633491039276,0.05533084645867348,0.5709428787231445,macro_normal,SAFE_PROGRESSING,NONE,1,0,"6.036,18.980;5.565,19.149;5.095,19.318;4.624,19.487;4.153,19.655;3.683,19.824;3.212,19.993",0,1,NORMAL_CORRECTION,1,0.8037605998978553,0.562799230964436,-0.19294020751953,0.9,4.654070293526667,7.8113924776172965,0.0,0,0,0,DIRECT_LOCAL,NORMAL_CORRECTION,1,GOAL_OUTSIDE_FOV,1,20,2.0,17.0,2.0,2.0,17.0,2.0,1,
651,21.733333,0.033333,6.0067338943481445,19.07583999633789,2.890800714492798,0.6351552420348462,0.37741178274154663,1.415828061239675,-0.503954654486319,0.041198300524988365,1.5034083586099518,1.8552853566607581,20.480072342665487,2.0,0.8089118946081353,0.5537322283139496,-0.19759090588371017,0.8824171021438142,1.4725738763809204,-0.46389028429985046,0.0549391470849514,0.5723749399185181,macro_normal,SAFE_PROGRESSING,NONE,1,0,"6.022,19.028;5.549,19.193;5.077,19.357;4.605,19.522;4.133,19.686;3.661,19.851;3.189,20.015",0,1,NORMAL_CORRECTION,1,0.8037605998978553,0.562799230964436,-0.19294020751953,0.9,4.673235940242955,7.8433114846670815,0.0,0,0,0,DIRECT_LOCAL,NORMAL_CORRECTION,1,GOAL_OUTSIDE_FOV,1,20,2.0,17.0,2.0,2.0,17.0,2.0,1,
652,21.766667,0.033333,5.991302490234375,19.123483657836914,2.89227032661438,0.6477690739335715,0.37802350521087646,1.4151039141546176,-0.5038385757762321,0.03996613425721851,1.5026542151085218,1.8552853566607581,20.480072342665487,2.0,0.8105317136003849,0.5507829750623452,-0.19918949678508518,0.876501989582213,1.4724693298339844,-0.46453219652175903,0.05451099947094917,0.5738359093666077,macro_normal,SAFE_PROGRESSING,NONE,1,0,"6.007,19.076;5.533,19.236;5.059,19.396;4.586,19.556;4.112,19.717;3.639,19.877;3.165,20.037",0,1,NORMAL_CORRECTION,1,0.8037605998978553,0.562799230964436,-0.19294020751953,0.9,4.638630730481258,7.874908729909837,0.0,0,0,0,DIRECT_LOCAL,NORMAL_CORRECTION,1,GOAL_OUTSIDE_FOV,1,20,2.0,17.0,2.0,2.0,17.0,2.0,1,
653,21.8,0.033333,5.975286960601807,19.170902252197266,2.8937301635742188,0.6604043549394024,0.3791791796684265,1.414166389872366,-0.5039041160402304,0.03962068463285225,1.501784183915153,1.8552853566607581,20.480072342665487,2.0,0.8121266728343667,0.5478366605431649,-0.20081150523785873,0.8705623605238039,1.4723782539367676,-0.4648520052433014,0.05409637466073036,0.5740483403205872,macro_normal,SAFE_PROGRESSING,NONE,1,0,"5.991,19.123;5.516,19.279;5.041,19.435;4.566,19.591;4.091,19.747;3.616,19.903;3.141,20.058",0,1,NORMAL_CORRECTION,1,0.8037605998978553,0.562799230964436,-0.19294020751953,0.9,4.648526172698544,7.906179511532821,0.0,0,0,0,DIRECT_LOCAL,NORMAL_CORRECTION,1,GOAL_OUTSIDE_FOV,1,20,2.0,17.0,2.0,2.0,17.0,2.0,1,
654,21.833333,0.033333,5.958696365356445,19.218093872070312,2.895181894302368,0.6730775101379388,0.3805544674396515,1.4131811519967792,-0.5042160192493881,0.039985580438293825,1.5009708888148465,1.8552853566607581,20.480072342665487,2.0,0.8137058900821477,0.5448796848763237,-0.20245704101042847,0.8646002438642585,1.4722532033920288,-0.46531134843826294,0.05367182567715645,0.5717525482177734,macro_normal,SAFE_PROGRESSING,NONE,1,0,"5.975,19.171;5.499,19.322;5.022,19.474;4.546,19.625;4.069,19.777;3.593,19.928;3.116,20.079",1,1,NORMAL_CORRECTION,1,0.8309131500799443,0.5564021360708675,0.0,0.8646002438642585,4.67127151506242,7.937130179254213,0.0,0,0,0,DIRECT_LOCAL,NORMAL_CORRECTION,1,GOAL_OUTSIDE_FOV,1,20,2.0,17.0,2.0,2.0,17.0,2.0,1,
655,21.866667,0.033333,5.941537380218506,19.26505470275879,2.896625518798828,0.685794248685707,0.3817785680294037,1.4122910223918783,-0.5047402177782874,0.04067389628872445,1.500327625957369,1.8552853566607581,20.480072342665487,2.0,0.8152708200928467,0.5419093610616741,-0.20412676036930044,0.8586168311075829,1.4720970392227173,-0.46591654419898987,0.053277209401130676,0.5674328207969666,macro_normal,SAFE_PROGRESSING,NONE,1,0,"5.959,19.218;5.481,19.365;5.003,19.512;4.525,19.659;4.047,19.806;3.569,19.953;3.091,20.100",0,1,NORMAL_CORRECTION,1,0.8137058900821477,0.5448796848763237,-0.20245704101042847,0.8646002438642585,4.625724895666307,7.967764096308883,0.0,0,0,0,DIRECT_LOCAL,NORMAL_CORRECTION,1,GOAL_OUTSIDE_FOV,1,20,2.0,17.0,2.0,2.0,17.0,2.0,1,
656,21.9,0.033333,5.9238128662109375,19.311786651611328,2.8980610370635986,0.6985467284839363,0.3824980854988098,1.4115757163839535,-0.5053871276728145,0.04134613214135303,1.499890547521818,1.8552853566607581,20.480072342665487,2.0,0.8168159252151177,0.5389336196110858,-0.20582103383246547,0.8526130063590216,1.47227144241333,-0.4665104150772095,0.05294221639633179,0.5619043707847595,macro_normal,SAFE_PROGRESSING,NONE,1,0,"5.942,19.265;5.462,19.408;4.983,19.550;4.504,19.693;4.024,19.835;3.545,19.978;3.066,20.120",0,1,NORMAL_CORRECTION,1,0.8137058900821477,0.5448796848763237,-0.20245704101042847,0.8646002438642585,4.584261994978439,7.998087397042276,0.0,0,0,0,DIRECT_LOCAL,NORMAL_CORRECTION,1,GOAL_OUTSIDE_FOV,1,20,2.0,17.0,2.0,2.0,17.0,2.0,1,
657,21.933333,0.033333,5.90552282333374,19.35828971862793,2.899487257003784,0.7113146599379242,0.3824855387210846,1.4110582351848013,-0.5060580186452324,0.04186601789546837,1.4996442327340203,1.8552853566607581,20.480072342665487,2.0,0.8183284905873104,0.5359714836455214,-0.2075404784901326,0.8465886262379969,1.4728643894195557,-0.46698716282844543,0.052689582109451294,0.5557613968849182,macro_normal,SAFE_PROGRESSING,NONE,1,0,"5.924,19.312;5.443,19.450;4.963,19.588;4.482,19.726;4.001,19.864;3.521,20.002;3.040,20.140",0,1,NORMAL_CORRECTION,1,0.8137058900821477,0.5448796848763237,-0.20245704101042847,0.8646002438642585,4.606165050135135,8.028103122636328,0.0,0,0,0,DIRECT_LOCAL,NORMAL_CORRECTION,1,GOAL_OUTSIDE_FOV,1,20,2.0,17.0,2.0,2.0,17.0,2.0,1,
658,21.966667,0.033333,5.886667728424072,19.40456199645996,2.9009037017822266,0.7240716876966822,0.3816608786582947,1.4107395420070843,-0.5066683630356876,0.04227887986291412,1.4995620657932383,1.8552853566607581,20.480072342665487,2.0,0.8197931423307444,0.533046675395626,-0.20928556003019905,0.8405431527776349,1.4738649129867554,-0.46733585000038147,0.05251212418079376,0.5491909384727478,macro_normal,SAFE_PROGRESSING,NONE,1,0,"5.906,19.358;5.424,19.492;4.942,19.625;4.460,19.759;3.978,19.892;3.496,20.026;3.014,20.159",0,1,NORMAL_CORRECTION,1,0.8137058900821477,0.5448796848763237,-0.20245704101042847,0.8646002438642585,4.629663641101532,8.057812983929669,0.0,0,0,0,DIRECT_LOCAL,NORMAL_CORRECTION,1,GOAL_OUTSIDE_FOV,1,20,2.0,17.0,2.0,2.0,17.0,2.0,1,
659,22.0,0.033333,5.867245197296143,19.450599670410156,2.9023101329803467,0.7367899911925795,0.38004523515701294,1.4106290062387907,-0.5071569238062562,0.04270673493050316,1.4996353569502447,1.8552853566607581,20.480072342665487,2.0,0.821194199244976,0.5301840105725224,-0.21105686925480074,0.8344762748493005,1.475067377090454,-0.46749457716941833,0.05240752920508385,0.5426608324050903,macro_normal,SAFE_PROGRESSING,NONE,1,0,"5.887,19.405;5.404,19.533;4.920,19.662;4.437,19.791;3.954,19.920;3.471,20.049;2.988,20.178",0,1,NORMAL_CORRECTION,1,0.8137058900821477,0.5448796848763237,-0.20245704101042847,0.8646002438642585,4.583545114760387,8.087215612696705,0.0,0,0,0,DIRECT_LOCAL,NORMAL_CORRECTION,1,GOAL_OUTSIDE_FOV,1,20,2.0,17.0,2.0,2.0,17.0,2.0,1,
660,22.033333,0.033333,5.847253322601318,19.49639892578125,2.9037086963653564,0.7494434717215118,0.37772423028945923,1.4107428295219409,-0.5074881585542363,0.04307409893323964,1.4998649739624073,1.4665640227917525,20.390815177813998,2.0,0.8031652758501471,0.5623823805785536,-0.19660009583760676,0.9,1.4709320068359375,-0.4654798209667206,0.05293213203549385,0.551116943359375,macro_normal,SAFE_PROGRESSING,NONE,1,0,"5.867,19.451;5.378,19.555;4.889,19.660;4.400,19.764;3.911,19.868;3.422,19.973;2.933,20.077",1,1,NORMAL_CORRECTION,1,0.8191520442889919,0.5735764363510459,0.0,0.9,4.6087176272759365,8.116309939982788,0.0,0,0,0,DIRECT_LOCAL,NORMAL_CORRECTION,1,BYPASS_VISIBLE,1,20,2.0,17.0,2.0,2.0,17.0,2.0,1,
661,22.066667,0.033333,5.826690196990967,19.54195213317871,2.9051051139831543,0.7620162195314435,0.37522128224372864,1.4109621801482901,-0.5076264200686589,0.04245504370179704,1.5001004256036528,1.4665640227917525,20.390815177813998,2.0,0.8048719681121254,0.5594020158230634,-0.19811738853620892,0.8942129315407227,1.4693615436553955,-0.4647567570209503,0.05323658138513565,0.5602872371673584,macro_normal,SAFE_PROGRESSING,NONE,1,0,"5.847,19.496;5.357,19.596;4.867,19.696;4.378,19.796;3.888,19.896;3.398,19.997;2.908,20.097",0,1,NORMAL_CORRECTION,1,0.8031652758501471,0.5623823805785536,-0.19660009583760676,0.9,4.635356499045069,8.145091656426182,0.0,0,0,0,DIRECT_LOCAL,NORMAL_CORRECTION,1,BYPASS_VISIBLE,1,20,2.0,17.0,2.0,2.0,17.0,2.0,1,
662,22.1,0.033333,5.805558204650879,19.587249755859375,2.906500816345215,0.7745222242252756,0.37356752157211304,1.4110353889561633,-0.5075474547988889,0.040906836538095966,1.500099549041681,1.4665640227917525,20.390815177813998,2.0,0.8065029886098484,0.5564974198759594,-0.19965858617846324,0.8883978550961178,1.4685132503509521,-0.4659385681152344,0.05313171073794365,0.5639740228652954,macro_normal,SAFE_PROGRESSING,NONE,1,0,"5.827,19.542;5.336,19.638;4.845,19.733;4.354,19.829;3.864,19.924;3.373,20.020;2.882,20.115",0,1,NORMAL_CORRECTION,1,0.8031652758501471,0.5623823805785536,-0.19660009583760676,0.9,4.6634039357861194,8.173556972651104,0.0,0,0,0,DIRECT_LOCAL,NORMAL_CORRECTION,1,BYPASS_VISIBLE,1,20,2.0,17.0,2.0,2.0,17.0,2.0,1,
663,22.133333,0.033333,5.7838616371154785,19.632274627685547,2.9078917503356934,0.7869955347934361,0.3731496036052704,1.4108035864241197,-0.5073209897138174,0.03921520554455911,1.4997597068921635,1.4665640227917525,20.390815177813998,2.0,0.8080776080258345,0.5536418393830898,-0.20122448432473303,0.8825551064396706,1.4681261777877808,-0.46714019775390625,0.052794963121414185,0.5658808350563049,macro_normal,SAFE_PROGRESSING,NONE,1,0,"5.806,19.587;5.314,19.678;4.822,19.769;4.331,19.860;3.839,19.951;3.347,20.042;2.856,20.134",0,1,NORMAL_CORRECTION,1,0.8031652758501471,0.5623823805785536,-0.19660009583760676,0.9,4.617501658225309,8.201696361826246,0.0,0,0,0,DIRECT_LOCAL,NORMAL_CORRECTION,1,BYPASS_VISIBLE,1,20,2.0,17.0,2.0,2.0,17.0,2.0,1,
664,22.166667,0.033333,5.76161003112793,19.67700958251953,2.9092745780944824,0.7994653261175322,0.3736813962459564,1.4102625024793878,-0.5071111948735422,0.0380951340307558,1.4991508693598246,1.4665640227917525,20.390815177813998,2.0,0.8096131288085664,0.5508110604369916,-0.20281458862981325,0.8766856325236432,1.468040943145752,-0.4676986336708069,0.052405040711164474,0.5675814151763916,macro_normal,SAFE_PROGRESSING,NONE,1,0,"5.784,19.632;5.291,19.719;4.799,19.805;4.306,19.892;3.814,19.978;3.322,20.065;2.829,20.151",0,1,NORMAL_CORRECTION,1,0.8031652758501471,0.5623823805785536,-0.19660009583760676,0.9,4.6470253381046795,8.229502714973957,0.0,0,0,0,DIRECT_LOCAL,NORMAL_CORRECTION,1,BYPASS_VISIBLE,1,20,2.0,17.0,2.0,2.0,17.0,2.0,1,
665,22.2,0.033333,5.738814830780029,19.72144317626953,2.910649061203003,0.8119553965139182,0.37481456995010376,1.4095243842304634,-0.5070724035419397,0.03779514046834184,1.4984358127117383,1.4665640227917525,20.390815177813998,2.0,0.8111235006424413,0.5479851496497669,-0.2044283308860929,0.8707913330206777,1.4680073261260986,-0.4679555892944336,0.05200378969311714,0.5680273175239563,macro_normal,SAFE_PROGRESSING,NONE,1,0,"5.762,19.677;5.268,19.759;4.775,19.841;4.282,19.923;3.789,20.005;3.295,20.087;2.802,20.169",0,1,NORMAL_CORRECTION,1,0.8031652758501471,0.5623823805785536,-0.19660009583760676,0.9,4.677862657173102,8.25697458843346,0.0,0,0,0,DIRECT_LOCAL,NORMAL_CORRECTION,1,BYPASS_VISIBLE,1,20,2.0,17.0,2.0,2.0,17.0,2.0,1,
666,22.233333,0.033333,5.715484142303467,19.765573501586914,2.912015676498413,0.8244833268929035,0.3762139678001404,1.4087418647891512,-0.5072706664125956,0.038125379486067965,1.4977752552279833,1.4665640227917525,20.390815177813998,2.0,0.8126182028762645,0.5451500320405441,-0.2060657635812992,0.8648742299966656,1.4678400754928589,-0.46831485629081726,0.051596395671367645,0.5662717223167419,macro_normal,SAFE_PROGRESSING,NONE,1,0,"5.739,19.721;5.245,19.799;4.751,19.876;4.257,19.954;3.763,20.031;3.269,20.108;2.775,20.186",1,1,NORMAL_CORRECTION,1,0.8304410074232044,0.5571065725603435,0.0,0.8648742299966656,4.632066165270634,8.284117018084665,0.0,0,0,0,DIRECT_LOCAL,NORMAL_CORRECTION,1,BYPASS_VISIBLE,1,20,2.0,17.0,2.0,2.0,17.0,2.0,1,
667,22.266667,0.033333,5.691625595092773,19.809398651123047,2.913374662399292,0.8370566551819126,0.37751132249832153,1.408039698956789,-0.5076774487446387,0.03870809017268888,1.4972676788226638,1.4665640227917525,20.390815177813998,2.0,0.8140999157205472,0.542301292482229,-0.20772731018308963,0.858935372089954,1.467775821685791,-0.46881771087646484,0.051199719309806824,0.56247878074646,macro_normal,SAFE_PROGRESSING,NONE,1,0,"5.715,19.766;5.221,19.838;4.726,19.911;4.231,19.984;3.737,20.057;3.242,20.130;2.747,20.202",0,1,NORMAL_CORRECTION,1,0.8126182028762645,0.5451500320405441,-0.2060657635812992,0.8648742299966656,4.664299542506438,8.310934717560098,0.0,0,0,0,DIRECT_LOCAL,NORMAL_CORRECTION,1,BYPASS_VISIBLE,1,20,2.0,17.0,2.0,2.0,17.0,2.0,1,
668,22.3,0.033333,5.667242050170898,19.852916717529297,2.9147255420684814,0.8496688283694017,0.37836530804634094,1.4074837488695844,-0.5082114355409094,0.039251183897179236,1.4969402199098871,1.4665640227917525,20.390815177813998,2.0,0.8155636555349917,0.5394459818100432,-0.20941336270496208,0.8529757433185106,1.4680253267288208,-0.4693385660648346,0.05085432529449463,0.5573298335075378,macro_normal,SAFE_PROGRESSING,NONE,1,0,"5.692,19.809;5.196,19.878;4.701,19.946;4.206,20.014;3.710,20.082;3.215,20.150;2.720,20.218",0,1,NORMAL_CORRECTION,1,0.8126182028762645,0.5451500320405441,-0.2060657635812992,0.8648742299966656,4.618490337553643,8.337430038170806,0.0,0,0,0,DIRECT_LOCAL,NORMAL_CORRECTION,1,BYPASS_VISIBLE,1,20,2.0,17.0,2.0,2.0,17.0,2.0,1,
669,22.333333,0.033333,5.642334938049316,19.896129608154297,2.916067123413086,0.8623015430203077,0.3785405457019806,1.4070943153998783,-0.5087806253358673,0.039665010351385636,1.4967783570702724,1.4665640227917525,20.390815177813998,2.0,0.8169982809197386,0.536600694689779,-0.21112437905802928,0.846995410690816,1.4687098264694214,-0.46964555978775024,0.05060199648141861,0.5518503785133362,macro_normal,SAFE_PROGRESSING,NONE,1,0,"5.667,19.853;5.171,19.916;4.675,19.980;4.179,20.043;3.683,20.107;3.187,20.170;2.692,20.234",0,1,NORMAL_CORRECTION,1,0.8126182028762645,0.5451500320405441,-0.2060657635812992,0.8648742299966656,4.572539222204841,8.363608007681105,0.0,0,0,0,DIRECT_LOCAL,NORMAL_CORRECTION,1,BYPASS_VISIBLE,1,20,2.0,17.0,2.0,2.0,17.0,2.0,1,
670,22.366667,0.033333,5.616903781890869,19.93903160095215,2.9173991680145264,0.8749303663402291,0.3779521584510803,1.4068764059667138,-0.5093029357377838,0.04001312295400767,1.4967604190469077,1.4665640227917525,20.390815177813998,2.0,0.8183891235466373,0.5337879171657655,-0.2128607571827207,0.8409940915259877,1.469726324081421,-0.46979713439941406,0.05043996497988701,0.5461227893829346,macro_normal,SAFE_PROGRESSING,NONE,1,0,"5.642,19.896;5.146,19.955;4.649,20.014;4.153,20.073;3.656,20.131;3.160,20.190;2.663,20.249",0,1,NORMAL_CORRECTION,1,0.8126182028762645,0.5451500320405441,-0.2060657635812992,0.8648742299966656,4.606206620400789,8.389466072389526,0.0,0,0,0,DIRECT_LOCAL,NORMAL_CORRECTION,1,BYPASS_VISIBLE,1,20,2.0,17.0,2.0,2.0,17.0,2.0,1,
671,22.4,0.033333,5.590948581695557,19.98162269592285,2.918721914291382,0.8875296738990681,0.3766273856163025,1.4068463936629394,-0.509713096490169,0.04039746787864204,1.4968821501731595,1.4665640227917525,20.390815177813998,2.0,0.819722068584413,0.5310297807005593,-0.21462316343956614,0.8349713412155175,1.470932960510254,-0.4699147343635559,0.05033573508262634,0.5399278402328491,macro_normal,SAFE_PROGRESSING,NONE,1,0,"5.617,19.939;5.120,19.993;4.623,20.047;4.126,20.101;3.629,20.155;3.132,20.210;2.635,20.264",0,1,NORMAL_CORRECTION,1,0.8126182028762645,0.5451500320405441,-0.2060657635812992,0.8648742299966656,4.641003529696979,8.415006981388688,0.0,0,0,0,DIRECT_LOCAL,NORMAL_CORRECTION,1,BYPASS_VISIBLE,1,20,2.0,17.0,2.0,2.0,17.0,2.0,1,
672,22.433333,0.033333,5.564467430114746,20.023895263671875,2.9200382232666016,0.9000748536276652,0.37463030219078064,1.407024426332881,-0.509970825103841,0.04072688999478163,1.4971461713283416,1.099007405134886,20.250814943802936,2.0,0.8025961056174032,0.5619838432910614,-0.20003412490769176,0.8999999999999998,1.4667866230010986,-0.4682224690914154,0.05082744359970093,0.5472514033317566,macro_normal,SAFE_PROGRESSING,NONE,1,0,"5.591,19.982;5.092,20.012;4.593,20.041;4.094,20.071;3.595,20.101;3.095,20.131;2.596,20.161",1,1,NORMAL_CORRECTION,1,0.8191520442889921,0.5735764363510457,0.0,0.8999999999999998,4.620546286244486,8.440225892026287,0.0,0,0,0,DIRECT_LOCAL,NORMAL_CORRECTION,1,BYPASS_VISIBLE,1,20,2.0,17.0,2.0,2.0,17.0,2.0,1,
673,22.466667,0.033333,5.537459373474121,20.06585121154785,2.921354293823242,0.9125492859394193,0.3723900318145752,1.4072925779421854,-0.510044903813686,0.040109770107251606,1.4974067575296737,1.099007405134886,20.250814943802936,2.0,0.8042427802697579,0.5590819715114468,-0.2015462713990105,0.8942443911129422,1.4654220342636108,-0.46751296520233154,0.05113821476697922,0.556098222732544,macro_normal,SAFE_PROGRESSING,NONE,1,0,"5.564,20.024;5.065,20.049;4.566,20.075;4.066,20.100;3.567,20.125;3.068,20.151;2.568,20.176",0,1,NORMAL_CORRECTION,1,0.8025961056174032,0.5619838432910614,-0.20003412490769176,0.8999999999999998,4.6310460871784915,8.465126906666933,0.0,0,0,0,DIRECT_LOCAL,NORMAL_CORRECTION,1,BYPASS_VISIBLE,1,20,2.0,17.0,2.0,2.0,17.0,2.0,1,
674,22.5,0.033333,5.509927272796631,20.10746955871582,2.9226698875427246,0.9249627042310248,0.37089458107948303,1.4074050036323555,-0.5099246992241763,0.038643346300768495,1.4974329204814412,1.099007405134886,20.250814943802936,2.0,0.805816260722361,0.5562531864385186,-0.20308261011821363,0.8884608591829842,1.4648162126541138,-0.4685249328613281,0.0510811023414135,0.5600416660308838,macro_normal,SAFE_PROGRESSING,NONE,1,0,"5.537,20.066;5.038,20.087;4.538,20.107;4.039,20.128;3.539,20.149;3.040,20.170;2.540,20.191",0,1,NORMAL_CORRECTION,1,0.8025961056174032,0.5619838432910614,-0.20003412490769176,0.8999999999999998,4.613386563423889,8.489695530279397,0.0,0,0,0,DIRECT_LOCAL,NORMAL_CORRECTION,1,BYPASS_VISIBLE,1,20,2.0,17.0,2.0,2.0,17.0,2.0,1,
675,22.533333,0.033333,5.4818830490112305,20.14873504638672,2.9239814281463623,0.9373469540234923,0.37057021260261536,1.4072160527365596,-0.5096803539457061,0.03709500406871181,1.49713296724257,1.099007405134886,20.250814943802936,2.0,0.8073360730699086,0.5534703837754404,-0.20464359116162315,0.8826496921963749,1.464597225189209,-0.4697015583515167,0.05078764259815216,0.5617558360099792,macro_normal,SAFE_PROGRESSING,NONE,1,0,"5.510,20.107;5.010,20.124;4.510,20.140;4.011,20.156;3.511,20.172;3.011,20.189;2.512,20.205",0,1,NORMAL_CORRECTION,1,0.8025961056174032,0.5619838432910614,-0.20003412490769176,0.8999999999999998,4.622066593650071,8.513926271482362,0.0,0,0,0,DIRECT_LOCAL,NORMAL_CORRECTION,1,BYPASS_VISIBLE,1,20,2.0,17.0,2.0,2.0,17.0,2.0,1,
676,22.566667,0.033333,5.453332901000977,20.18963623046875,2.9252872467041016,0.9497303113833279,0.3711480498313904,1.4067347170275477,-0.5094644074479029,0.03613275743247593,1.4965834833735445,1.099007405134886,20.250814943802936,2.0,0.8088188581279662,0.5507102905808022,-0.20622858818549258,0.87681284696658,1.46464204788208,-0.4702715277671814,0.05043158680200577,0.5631191730499268,macro_normal,SAFE_PROGRESSING,NONE,1,0,"5.482,20.149;4.982,20.160;4.482,20.172;3.982,20.184;3.482,20.195;2.983,20.207;2.483,20.219",0,1,NORMAL_CORRECTION,1,0.8025961056174032,0.5619838432910614,-0.20003412490769176,0.8999999999999998,4.575986677152116,8.537814245964041,0.0,0,0,0,DIRECT_LOCAL,NORMAL_CORRECTION,1,BYPASS_VISIBLE,1,20,2.0,17.0,2.0,2.0,17.0,2.0,1,
677,22.6,0.033333,5.424291610717773,20.230161666870117,2.926586389541626,0.9621351765437898,0.37227168679237366,1.4060786248723327,-0.509419643026413,0.035966419487397455,1.4959475443192423,1.099007405134886,20.250814943802936,2.0,0.8102771814882379,0.5479547463158041,-0.20783764131999763,0.8709510516421621,1.4646841287612915,-0.4704895615577698,0.05006993189454079,0.5634429454803467,macro_normal,SAFE_PROGRESSING,NONE,1,0,"5.453,20.190;4.953,20.197;4.453,20.204;3.953,20.211;3.454,20.218;2.954,20.225;2.454,20.232",0,1,NORMAL_CORRECTION,1,0.8025961056174032,0.5619838432910614,-0.20003412490769176,0.8999999999999998,4.614043521084161,8.561358197937235,0.0,0,0,0,DIRECT_LOCAL,NORMAL_CORRECTION,1,BYPASS_VISIBLE,1,20,2.0,17.0,2.0,2.0,17.0,2.0,1,
678,22.633333,0.033333,5.394766807556152,20.270313262939453,2.9278793334960938,0.9745771439865563,0.3736133277416229,1.4053966559505109,-0.5096039778133707,0.036379868554034064,1.495379373134489,1.099007405134886,20.250814943802936,2.0,0.81171969943437,0.5451909890708969,-0.20947055875724713,0.865066703021515,1.4646421670913696,-0.4707878828048706,0.04969662055373192,0.5616288781166077,macro_normal,SAFE_PROGRESSING,NONE,1,0,"5.424,20.230;4.924,20.233;4.424,20.235;3.924,20.237;3.424,20.240;2.924,20.242;2.424,20.244",1,1,NORMAL_CORRECTION,1,0.8301363113709299,0.5575604940663091,0.0,0.865066703021515,4.653021745651581,8.584565494017918,0.0,0,0,0,DIRECT_LOCAL,NORMAL_CORRECTION,1,BYPASS_VISIBLE,1,20,2.0,17.0,2.0,2.0,17.0,2.0,1,
679,22.666667,0.033333,5.3647661209106445,20.310091018676758,2.929166316986084,0.9870624170852025,0.37482890486717224,1.4048050104747631,-0.5099852309373276,0.036999372358912,1.4949685638113437,1.099007405134886,20.250814943802936,2.0,0.8131480515764017,0.5424161726781068,-0.2111277855582628,0.8591607306654527,1.4646637439727783,-0.47116535902023315,0.049340493977069855,0.558049201965332,macro_normal,SAFE_PROGRESSING,NONE,1,0,"5.395,20.270;4.895,20.268;4.395,20.266;3.895,20.264;3.395,20.261;2.895,20.259;2.395,20.257",0,1,NORMAL_CORRECTION,1,0.81171969943437,0.5451909890708969,-0.20947055875724713,0.865066703021515,4.6069614858970365,8.6074417257028,0.0,0,0,0,DIRECT_LOCAL,NORMAL_CORRECTION,1,BYPASS_VISIBLE,1,20,2.0,17.0,2.0,2.0,17.0,2.0,1,
680,22.7,0.033333,5.334291458129883,20.3494930267334,2.930446147918701,0.9995839520640389,0.37560614943504333,1.4043616396792813,-0.5104808115144345,0.0375433549160885,1.4947346846264962,1.099007405134886,20.250814943802936,2.0,0.814556915183841,0.5396378959530221,-0.21280971119190042,0.8532341079509023,1.4649841785430908,-0.4714632034301758,0.049043573439121246,0.5535639524459839,macro_normal,SAFE_PROGRESSING,NONE,1,0,"5.365,20.310;4.865,20.303;4.365,20.296;3.865,20.289;3.365,20.282;2.865,20.275;2.365,20.268",0,1,NORMAL_CORRECTION,1,0.81171969943437,0.5451909890708969,-0.20947055875724713,0.865066703021515,4.560763951610185,8.629988249233225,0.0,0,0,0,DIRECT_LOCAL,NORMAL_CORRECTION,1,BYPASS_VISIBLE,1,20,2.0,17.0,2.0,2.0,17.0,2.0,1,
681,22.733333,0.033333,5.303343772888184,20.38851547241211,2.931717872619629,1.0121246368648007,0.37575259804725647,1.4040791477263315,-0.5109957170396039,0.03792768680897991,1.4946549385525076,1.099007405134886,20.250814943802936,2.0,0.815935878583348,0.5368717105249057,-0.214516685781041,0.8472866899368727,1.4657273292541504,-0.471565306186676,0.04882900044322014,0.5488156080245972,macro_normal,SAFE_PROGRESSING,NONE,1,0,"5.334,20.349;4.834,20.338;4.335,20.326;3.835,20.315;3.335,20.303;2.835,20.291;2.335,20.280",0,1,NORMAL_CORRECTION,1,0.81171969943437,0.5451909890708969,-0.20947055875724713,0.865066703021515,4.6007511079578105,8.652204301691697,0.0,0,0,0,DIRECT_LOCAL,NORMAL_CORRECTION,1,BYPASS_VISIBLE,1,20,2.0,17.0,2.0,2.0,17.0,2.0,1,
682,22.766667,0.033333,5.271924018859863,20.427160263061523,2.932981252670288,1.0246622758147177,0.37521860003471375,1.4039586945503224,-0.5114450120580681,0.03822587370845551,1.4947030587321675,1.099007405134886,20.250814943802936,2.0,0.8172722018805212,0.5341371027096733,-0.21624917003836241,0.8413181497814544,1.4668521881103516,-0.47154009342193604,0.048681627959012985,0.5437372922897339,macro_normal,SAFE_PROGRESSING,NONE,1,0,"5.303,20.389;4.804,20.372;4.304,20.356;3.804,20.339;3.304,20.323;2.805,20.307;2.305,20.290",0,1,NORMAL_CORRECTION,1,0.81171969943437,0.5451909890708969,-0.20947055875724713,0.865066703021515,4.5936489966271115,8.674094333526433,0.0,0,0,0,DIRECT_LOCAL,NORMAL_CORRECTION,1,BYPASS_VISIBLE,1,20,2.0,17.0,2.0,2.0,17.0,2.0,1,
683,22.8,0.033333,5.240031719207764,20.46541976928711,2.9342362880706787,1.0371738946032896,0.37404149770736694,1.4040151712138487,-0.5117648093211773,0.03856361431475128,1.4948742333076757,1.099007405134886,20.250814943802936,2.0,0.8185521893087038,0.5314554712445576,-0.21800778761813422,0.8353282166125204,1.4681611061096191,-0.47148293256759644,0.04858063906431198,0.5381757616996765,macro_normal,SAFE_PROGRESSING,NONE,1,0,"5.272,20.427;4.772,20.406;4.273,20.385;3.773,20.364;3.274,20.343;2.774,20.322;2.275,20.300",0,1,NORMAL_CORRECTION,1,0.81171969943437,0.5451909890708969,-0.20947055875724713,0.865066703021515,4.595311666208789,8.69565357975214,0.0,0,0,0,DIRECT_LOCAL,NORMAL_CORRECTION,1,BYPASS_VISIBLE,1,20,2.0,17.0,2.0,2.0,17.0,2.0,1,
684,22.833333,0.033333,5.20766544342041,20.503292083740234,2.9354844093322754,1.0496381314609842,0.3722757399082184,1.40427195158626,-0.5119186948531209,0.03886518277210931,1.4951758982086072,0.7581261254470961,20.062279286803847,2.0,0.8020497651972157,0.5616012916104183,-0.20327361709922245,0.9,1.4640984535217285,-0.46971750259399414,0.04906293377280235,0.5456724166870117,macro_normal,SAFE_PROGRESSING,NONE,1,0,"5.240,20.465;4.742,20.421;4.244,20.376;3.746,20.331;3.248,20.286;2.750,20.241;2.252,20.197",1,1,NORMAL_CORRECTION,1,0.8191520442889917,0.5735764363510462,0.0,0.9,4.590624598287756,8.71688211744773,0.0,0,0,0,DIRECT_LOCAL,NORMAL_CORRECTION,1,BYPASS_VISIBLE,1,20,2.0,17.0,2.0,2.0,17.0,2.0,1,
685,22.866667,0.033333,5.174824237823486,20.540767669677734,2.936732053756714,1.0620404161410388,0.37031126022338867,1.4046142873913041,-0.5118813289805612,0.038250999288279235,1.4954687994903935,0.7581261254470961,20.062279286803847,2.0,0.8036501418770675,0.5587575388416095,-0.20478394040704537,0.8942682467638461,1.4628338813781738,-0.46878910064697266,0.04938869923353195,0.5552180409431458,macro_normal,SAFE_PROGRESSING,NONE,1,0,"5.208,20.503;4.710,20.454;4.213,20.405;3.715,20.355;3.217,20.306;2.720,20.257;2.222,20.207",0,1,NORMAL_CORRECTION,1,0.8020497651972157,0.5616012916104183,-0.20327361709922245,0.9,4.590534144134047,8.737773311334566,0.0,0,0,0,DIRECT_LOCAL,NORMAL_CORRECTION,1,BYPASS_VISIBLE,1,20,2.0,17.0,2.0,2.0,17.0,2.0,1,
686,22.9,0.033333,5.141514778137207,20.577835083007812,2.937981128692627,1.0743903381353008,0.3691202402114868,1.4047998268816737,-0.5116508709523392,0.0368108134635645,1.4955280683895296,0.7581261254470961,20.062279286803847,2.0,0.805183394966722,0.5559787800383148,-0.20631843499060198,0.8885082632911061,1.462402582168579,-0.4697343409061432,0.04933398216962814,0.5593185424804688,macro_normal,SAFE_PROGRESSING,NONE,1,0,"5.175,20.541;4.678,20.487;4.181,20.433;3.684,20.379;3.186,20.325;2.689,20.272;2.192,20.218",0,1,NORMAL_CORRECTION,1,0.8020497651972157,0.5616012916104183,-0.20327361709922245,0.9,4.588157533275023,8.758321833870578,0.0,0,0,0,DIRECT_LOCAL,NORMAL_CORRECTION,1,BYPASS_VISIBLE,1,20,2.0,17.0,2.0,2.0,17.0,2.0,1,
687,22.933333,0.033333,5.107745170593262,20.614479064941406,2.9392261505126953,1.0867212137908777,0.36911359429359436,1.4046870222856598,-0.5113027123945292,0.03531440096391246,1.4952669330909438,0.7581261254470961,20.062279286803847,2.0,0.8066686079167825,0.5532382149177215,-0.20787793186447934,0.8827206547834242,1.4623194932937622,-0.47088760137557983,0.04904751479625702,0.5609935522079468,macro_normal,SAFE_PROGRESSING,NONE,1,0,"5.142,20.578;4.645,20.519;4.148,20.461;3.652,20.403;3.155,20.344;2.659,20.286;2.162,20.227",0,1,NORMAL_CORRECTION,1,0.8020497651972157,0.5616012916104183,-0.20327361709922245,0.9,4.586323213962182,8.778519276003617,0.0,0,0,0,DIRECT_LOCAL,NORMAL_CORRECTION,1,BYPASS_VISIBLE,1,20,2.0,17.0,2.0,2.0,17.0,2.0,1,
688,22.966667,0.033333,5.07352876663208,20.65068817138672,2.9404659271240234,1.0990613537811753,0.3699832260608673,1.4042900258746258,-0.5109938106147908,0.03442448008169497,1.4947676060466648,0.7581261254470961,20.062279286803847,2.0,0.8081225161474821,0.5505123123454835,-0.20946167394416418,0.8769061622060461,1.4624836444854736,-0.4713936448097229,0.04871270805597305,0.5624165534973145,macro_normal,SAFE_PROGRESSING,NONE,1,0,"5.108,20.614;4.612,20.552;4.116,20.489;3.620,20.426;3.124,20.363;2.628,20.300;2.132,20.237",0,1,NORMAL_CORRECTION,1,0.8020497651972157,0.5616012916104183,-0.20327361709922245,0.9,4.5861842738426555,8.798362593443791,0.0,0,0,0,DIRECT_LOCAL,NORMAL_CORRECTION,1,BYPASS_VISIBLE,1,20,2.0,17.0,2.0,2.0,17.0,2.0,1,
689,23.0,0.033333,5.03887939453125,20.686458587646484,2.941699504852295,1.111431351339137,0.37135031819343567,1.4037279271349343,-0.5108701405574263,0.03432984559155031,1.494195078371644,0.7581261254470961,20.062279286803847,2.0,0.8095568339907653,0.547784056831044,-0.21106956109437497,0.8710665869152001,1.4625370502471924,-0.47155624628067017,0.04838913679122925,0.5628368258476257,macro_normal,SAFE_PROGRESSING,NONE,1,0,"5.074,20.651;4.578,20.583;4.083,20.516;3.587,20.448;3.092,20.380;2.596,20.313;2.101,20.245",0,1,NORMAL_CORRECTION,1,0.8020497651972157,0.5616012916104183,-0.20327361709922245,0.9,4.582656137795555,8.817855703016557,0.0,0,0,0,DIRECT_LOCAL,NORMAL_CORRECTION,1,BYPASS_VISIBLE,1,20,2.0,17.0,2.0,2.0,17.0,2.0,1,
690,23.033333,0.033333,5.0038042068481445,20.721786499023438,2.9429280757904053,1.1238455951975537,0.37288162112236023,1.403145109617634,-0.5109885678914937,0.03478139808064588,1.4936985173762896,0.7581261254470961,20.062279286803847,2.0,0.8109787698958876,0.5450426752421035,-0.21270147376801113,0.8652039840494281,1.462465763092041,-0.47177764773368835,0.048064619302749634,0.5612848997116089,macro_normal,SAFE_PROGRESSING,NONE,1,0,"5.039,20.686;4.544,20.614;4.049,20.542;3.555,20.470;3.060,20.398;2.565,20.326;2.070,20.254",1,1,NORMAL_CORRECTION,1,0.8299708000149382,0.5578068403332498,0.0,0.8652039840494281,4.535904494260157,8.836999761356568,0.0,0,0,0,DIRECT_LOCAL,NORMAL_CORRECTION,1,BYPASS_VISIBLE,1,20,2.0,17.0,2.0,2.0,17.0,2.0,1,
691,23.066667,0.033333,4.968310356140137,20.75667381286621,2.9441511631011963,1.1363085867515692,0.3742455542087555,1.4026479095210873,-0.5113129982104321,0.03538680245519833,1.4933567443885671,0.7581261254470961,20.062279286803847,2.0,0.8123897837261043,0.5422854061646318,-0.21435805923340967,0.8593190823869546,1.4624786376953125,-0.4721040725708008,0.04775262996554375,0.5579268932342529,macro_normal,SAFE_PROGRESSING,NONE,1,0,"5.004,20.722;4.510,20.645;4.016,20.568;3.522,20.492;3.028,20.415;2.533,20.338;2.039,20.261",0,1,NORMAL_CORRECTION,1,0.8109787698958876,0.5450426752421035,-0.21270147376801113,0.8652039840494281,4.579530182690975,8.855801132779487,0.0,0,0,0,DIRECT_LOCAL,NORMAL_CORRECTION,1,BYPASS_VISIBLE,1,20,2.0,17.0,2.0,2.0,17.0,2.0,1,
692,23.1,0.033333,4.932400703430176,20.791122436523438,2.9453680515289307,1.148812466858574,0.3751499056816101,1.4022826293055664,-0.5117570166791927,0.03587979523172734,1.4931775434550276,0.7581261254470961,20.062279286803847,2.0,0.813783978443355,0.5395206585155529,-0.2160395692086272,0.8534127961122149,1.462852954864502,-0.4722629189491272,0.047498077154159546,0.5539395213127136,macro_normal,SAFE_PROGRESSING,NONE,1,0,"4.968,20.757;4.475,20.675;3.982,20.594;3.488,20.513;2.995,20.431;2.502,20.350;2.008,20.268",0,1,NORMAL_CORRECTION,1,0.8109787698958876,0.5450426752421035,-0.21270147376801113,0.8652039840494281,4.5326773810163985,8.874264532064734,0.0,0,0,0,DIRECT_LOCAL,NORMAL_CORRECTION,1,BYPASS_VISIBLE,1,20,2.0,17.0,2.0,2.0,17.0,2.0,1,
693,23.133333,0.033333,4.8960771560668945,20.82512664794922,2.9465785026550293,1.1613403093143828,0.3754311501979828,1.4020568416270298,-0.5122216449489858,0.03620755393208076,1.4931327428159735,0.7581261254470961,20.062279286803847,2.0,0.8151505608739861,0.5367644430285234,-0.21774640251243005,0.8474852350168465,1.4636669158935547,-0.4722006320953369,0.04731782525777817,0.5497549176216125,macro_normal,SAFE_PROGRESSING,NONE,1,0,"4.932,20.791;4.440,20.705;3.947,20.619;3.455,20.533;2.962,20.447;2.470,20.361;1.977,20.275",0,1,NORMAL_CORRECTION,1,0.8109787698958876,0.5450426752421035,-0.21270147376801113,0.8652039840494281,4.537193618014827,8.892387256824081,0.0,0,0,0,DIRECT_LOCAL,NORMAL_CORRECTION,1,BYPASS_VISIBLE,1,20,2.0,17.0,2.0,2.0,17.0,2.0,1,
694,23.166667,0.033333,4.859340667724609,20.858686447143555,2.947781801223755,1.173870811807777,0.37506556510925293,1.401974693905798,-0.5126159240495726,0.03646451733478892,1.4931971701573479,0.7581261254470961,20.062279286803847,2.0,0.8164774589054806,0.5340350634299129,-0.2194791792554778,0.8415360913998617,1.4647855758666992,-0.4721173644065857,0.04719319939613342,0.5449225902557373,macro_normal,SAFE_PROGRESSING,NONE,1,0,"4.896,20.825;4.404,20.734;3.913,20.644;3.421,20.553;2.929,20.463;2.438,20.372;1.946,20.281",0,1,NORMAL_CORRECTION,1,0.8109787698958876,0.5450426752421035,-0.21270147376801113,0.8652039840494281,4.583051308450302,8.910171577010493,0.0,0,0,0,DIRECT_LOCAL,NORMAL_CORRECTION,1,BYPASS_VISIBLE,1,20,2.0,17.0,2.0,2.0,17.0,2.0,1,
695,23.2,0.033333,4.822192192077637,20.89179229736328,2.9489777088165283,1.1863818831316508,0.37408140301704407,1.4020571756049733,-0.5128712932023167,0.03677999608055655,1.4933700329014565,0.7581261254470961,20.062279286803847,2.0,0.8177516682690171,0.5313527702572003,-0.22123842926408202,0.8355650803337562,1.4660594463348389,-0.4720364511013031,0.04711262881755829,0.5395348072052002,macro_normal,SAFE_PROGRESSING,NONE,1,0,"4.859,20.859;4.369,20.763;3.878,20.668;3.387,20.573;2.896,20.477;2.405,20.382;1.914,20.287",0,1,NORMAL_CORRECTION,1,0.8109787698958876,0.5450426752421035,-0.21270147376801113,0.8652039840494281,4.536418233698933,8.927610910347154,0.0,0,0,0,DIRECT_LOCAL,NORMAL_CORRECTION,1,BYPASS_VISIBLE,1,20,2.0,17.0,2.0,2.0,17.0,2.0,1,
696,23.233333,0.033333,4.78463077545166,20.924442291259766,2.950167655944824,1.1988518746260834,0.3725109100341797,1.4023305537626363,-0.5129541227047691,0.037076259132681706,1.4936624662243192,0.45001945695845524,19.82684836725219,2.0,0.8015232255588658,0.5612326045864791,-0.2063455413591193,0.9,1.4621295928955078,-0.4704025685787201,0.04758477210998535,0.5464813709259033,macro_normal,SAFE_PROGRESSING,NONE,1,0,"4.822,20.892;4.336,20.773;3.851,20.655;3.365,20.537;2.879,20.418;2.393,20.300;1.907,20.182",1,1,NORMAL_CORRECTION,1,0.819152044288992,0.5735764363510459,0.0,0.9,4.582715233475986,8.944705113106448,0.0,0,0,0,DIRECT_LOCAL,NORMAL_CORRECTION,1,BYPASS_VISIBLE,1,20,2.0,17.0,2.0,2.0,17.0,2.0,1,
697,23.266667,0.033333,4.746657371520996,20.956628799438477,2.951357841491699,1.2112653178714985,0.3707078695297241,1.4026846319054838,-0.5128490517099664,0.03650955110416949,1.4939448697142281,0.45001945695845524,19.82684836725219,2.0,0.8031254377786359,0.5583771126428418,-0.20785699716275405,0.894283348932043,1.4610774517059326,-0.46957579255104065,0.04790710285305977,0.555361270904541,macro_normal,SAFE_PROGRESSING,NONE,1,0,"4.785,20.924;4.300,20.802;3.815,20.679;3.331,20.556;2.846,20.434;2.361,20.311;1.876,20.188",0,1,NORMAL_CORRECTION,1,0.8015232255588658,0.5612326045864791,-0.2063455413591193,0.9,4.535916188472526,8.961449420108154,0.0,0,0,0,DIRECT_LOCAL,NORMAL_CORRECTION,1,BYPASS_VISIBLE,1,20,2.0,17.0,2.0,2.0,17.0,2.0,1,
698,23.3,0.033333,4.708278179168701,20.98834228515625,2.952549934387207,1.2236301553173747,0.3696030080318451,1.402888257784207,-0.5125649472961247,0.03519618964478829,1.4940070484408696,0.45001945695845524,19.82684836725219,2.0,0.8046626582012407,0.5555831474993532,-0.209392866906266,0.8885381521084476,1.4608019590377808,-0.47046706080436707,0.04788830876350403,0.5592676997184753,macro_normal,SAFE_PROGRESSING,NONE,1,0,"4.747,20.957;4.263,20.829;3.780,20.702;3.296,20.575;2.812,20.448;2.329,20.321;1.845,20.194",0,1,NORMAL_CORRECTION,1,0.8015232255588658,0.5612326045864791,-0.2063455413591193,0.9,4.582586207702436,8.977839085403955,0.0,0,0,0,DIRECT_LOCAL,NORMAL_CORRECTION,1,BYPASS_VISIBLE,1,20,2.0,17.0,2.0,2.0,17.0,2.0,1,
699,23.333333,0.033333,4.669505596160889,21.019567489624023,2.953739881515503,1.2359766288958716,0.3696025311946869,1.4028133347084433,-0.5121829205610446,0.033868476884163466,1.4937749729717384,0.45001945695845524,19.82684836725219,2.0,0.8061520510190158,0.552826621617334,-0.21095401647989376,0.8827646451146027,1.4607535600662231,-0.47159117460250854,0.04765729606151581,0.560798168182373,macro_normal,SAFE_PROGRESSING,NONE,1,0,"4.708,20.988;4.226,20.857;3.744,20.725;3.261,20.594;2.779,20.462;2.296,20.330;1.814,20.199",0,1,NORMAL_CORRECTION,1,0.8015232255588658,0.5612326045864791,-0.2063455413591193,0.9,4.535604465726185,8.993865985264229,0.0,0,0,0,DIRECT_LOCAL,NORMAL_CORRECTION,1,BYPASS_VISIBLE,1,20,2.0,17.0,2.0,2.0,17.0,2.0,1,
700,23.366667,0.033333,4.6303534507751465,21.0502986907959,2.954925537109375,1.2483314358662294,0.370415061712265,1.4024772198430366,-0.5118541198733081,0.03311930526941332,1.4933297963247973,0.45001945695845524,19.82684836725219,2.0,0.8076096339780471,0.5500849575821155,-0.21253992224456808,0.8769639031064596,1.4609227180480957,-0.47208818793296814,0.047375261783599854,0.5621318817138672,macro_normal,SAFE_PROGRESSING,NONE,1,0,"4.670,21.020;4.188,20.884;3.707,20.748;3.226,20.612;2.745,20.476;2.264,20.340;1.783,20.204",0,1,NORMAL_CORRECTION,1,0.8015232255588658,0.5612326045864791,-0.2063455413591193,0.9,4.550194035643508,9.009531196138388,0.0,0,0,0,DIRECT_LOCAL,NORMAL_CORRECTION,1,BYPASS_VISIBLE,1,20,2.0,17.0,2.0,2.0,17.0,2.0,1,
701,23.4,0.033333,4.590834617614746,21.08052635192871,2.956106662750244,1.2607138155633153,0.37168431282043457,1.4019916505543042,-0.5117143889322353,0.033094610930837313,1.4928253271354075,0.45001945695845524,19.82684836725219,2.0,0.8090459355378458,0.5473429720552345,-0.21415028632116,0.8711377157267067,1.4610471725463867,-0.4723581075668335,0.04707465320825577,0.5620363354682922,macro_normal,SAFE_PROGRESSING,NONE,1,0,"4.630,21.050;4.150,20.910;3.671,20.769;3.191,20.629;2.711,20.489;2.231,20.348;1.751,20.208",0,1,NORMAL_CORRECTION,1,0.8015232255588658,0.5612326045864791,-0.2063455413591193,0.9,4.535474581605677,9.024831654893523,0.0,0,0,0,DIRECT_LOCAL,NORMAL_CORRECTION,1,BYPASS_VISIBLE,1,20,2.0,17.0,2.0,2.0,17.0,2.0,1,
702,23.433333,0.033333,4.550958633422852,21.11025619506836,2.9572832584381104,1.2731365792967246,0.3730830252170563,1.4014911132160006,-0.51181495395426,0.03356265917314257,1.4924001941856608,0.45001945695845524,19.82684836725219,2.0,0.8104681433329173,0.5445898354289842,-0.21578530948590022,0.8652874362657432,1.4610793590545654,-0.47274354100227356,0.04675726965069771,0.5596548318862915,macro_normal,SAFE_PROGRESSING,NONE,1,0,"4.591,21.081;4.112,20.936;3.634,20.791;3.155,20.646;2.677,20.501;2.198,20.356;1.720,20.211",1,1,NORMAL_CORRECTION,1,0.8300227888895304,0.5577294773669815,0.0,0.8652874362657432,4.551736289620067,9.039777396253683,0.0,0,0,0,DIRECT_LOCAL,NORMAL_CORRECTION,1,BYPASS_VISIBLE,1,20,2.0,17.0,2.0,2.0,17.0,2.0,1,
703,23.466667,0.033333,4.510731220245361,21.139490127563477,2.9584550857543945,1.2856030816136756,0.37425991892814636,1.4010761793976825,-0.5121207760272436,0.03417936503166934,1.4921294778632053,0.45001945695845524,19.82684836725219,2.0,0.8118762457181856,0.5418252029943021,-0.21744519088434103,0.8594146329115022,1.4612388610839844,-0.47310972213745117,0.046465225517749786,0.5557729005813599,macro_normal,SAFE_PROGRESSING,NONE,1,0,"4.551,21.110;4.074,20.961;3.597,20.812;3.119,20.662;2.642,20.513;2.165,20.364;1.688,20.214",0,1,NORMAL_CORRECTION,1,0.8104681433329173,0.5445898354289842,-0.21578530948590022,0.8652874362657432,4.5047928508719774,9.054373543448557,0.0,0,0,0,DIRECT_LOCAL,NORMAL_CORRECTION,1,BYPASS_VISIBLE,1,20,2.0,17.0,2.0,2.0,17.0,2.0,1,
704,23.5,0.033333,4.470155239105225,21.16822624206543,2.9596211910247803,1.2981029212881494,0.3749229311943054,1.4007945442235297,-0.512548933406648,0.03471003932249458,1.4920243131706894,0.45001945695845524,19.82684836725219,2.0,0.8132630776667114,0.5390594402096576,-0.21913029554335808,0.853519968493058,1.461729884147644,-0.47325748205184937,0.04624570161104202,0.5514273643493652,macro_normal,SAFE_PROGRESSING,NONE,1,0,"4.511,21.139;4.035,20.986;3.559,20.832;3.083,20.678;2.608,20.524;2.132,20.371;1.656,20.217",0,1,NORMAL_CORRECTION,1,0.8104681433329173,0.5445898354289842,-0.21578530948590022,0.8652874362657432,4.553395754925789,9.068620667804817,0.0,0,0,0,DIRECT_LOCAL,NORMAL_CORRECTION,1,BYPASS_VISIBLE,1,20,2.0,17.0,2.0,2.0,17.0,2.0,1,
705,23.533333,0.033333,4.429233074188232,21.196468353271484,2.9607808589935303,1.310617591329686,0.3749295771121979,1.4006584926687153,-0.5130002850890667,0.03509630830560452,1.4920607415394131,0.45001945695845524,19.82684836725219,2.0,0.8146175770452376,0.5363090947196234,-0.22084102447227616,0.8476033579436859,1.4625868797302246,-0.47322946786880493,0.046105146408081055,0.5468027591705322,macro_normal,SAFE_PROGRESSING,NONE,1,0,"4.470,21.168;3.996,21.010;3.522,20.852;3.047,20.693;2.573,20.535;2.099,20.377;1.624,20.219",0,1,NORMAL_CORRECTION,1,0.8104681433329173,0.5445898354289842,-0.21578530948590022,0.8652874362657432,4.506293960284664,9.082524628963245,0.0,0,0,0,DIRECT_LOCAL,NORMAL_CORRECTION,1,BYPASS_VISIBLE,1,20,2.0,17.0,2.0,2.0,17.0,2.0,1,
706,23.566667,0.033333,4.387966632843018,21.22420883178711,2.9619345664978027,1.3231255915953455,0.37426793575286865,1.4006744878132866,-0.5133802592015906,0.0354090847414996,1.4922138300629493,0.45001945695845524,19.82684836725219,2.0,0.8159265653435009,0.5335943928901102,-0.22257777032532386,0.841665014543206,1.4637765884399414,-0.4730631113052368,0.04602375999093056,0.5419540405273438,macro_normal,SAFE_PROGRESSING,NONE,1,0,"4.429,21.196;3.956,21.034;3.484,20.871;3.011,20.708;2.538,20.546;2.065,20.383;1.593,20.220",0,1,NORMAL_CORRECTION,1,0.8104681433329173,0.5445898354289842,-0.21578530948590022,0.8652874362657432,4.488193803961909,9.096080299347905,0.0,0,0,0,DIRECT_LOCAL,NORMAL_CORRECTION,1,BYPASS_VISIBLE,1,20,2.0,17.0,2.0,2.0,17.0,2.0,1,
707,23.6,0.033333,4.3463568687438965,21.251445770263672,2.9630818367004395,1.3356045512745789,0.37299540638923645,1.4008623228940156,-0.5136165670750683,0.03575976185031412,1.492479811001002,0.45001945695845524,19.82684836725219,2.0,0.8171778717696048,0.5309343275070866,-0.2243414044814221,0.8357043550898234,1.465132236480713,-0.47278082370758057,0.045986056327819824,0.5370166301727295,macro_normal,SAFE_PROGRESSING,NONE,1,0,"4.388,21.224;3.917,21.057;3.446,20.890;2.974,20.723;2.503,20.555;2.032,20.388;1.561,20.221",0,1,NORMAL_CORRECTION,1,0.8104681433329173,0.5445898354289842,-0.21578530948590022,0.8652874362657432,4.5078285787869214,9.109287699832771,0.0,0,0,0,DIRECT_LOCAL,NORMAL_CORRECTION,1,BYPASS_VISIBLE,1,20,2.0,17.0,2.0,2.0,17.0,2.0,1,
708,23.633333,0.033333,4.304403781890869,21.278173446655273,2.964223861694336,1.3480345619506748,0.3711967468261719,1.4012448252620688,-0.5136674846626763,0.03605608220114399,1.4928634854490554,0.18102891789120967,19.548494490324824,2.0,0.8010127242551967,0.5608751477253846,-0.20927896273944094,0.9,1.4611674547195435,-0.4709815979003906,0.04649495333433151,0.5444399118423462,macro_normal,SAFE_PROGRESSING,NONE,1,0,"4.346,21.251;3.884,21.062;3.421,20.873;2.958,20.684;2.495,20.495;2.032,20.305;1.569,20.116",1,1,NORMAL_CORRECTION,1,0.8191520442889918,0.5735764363510463,0.0,0.9,4.556806552726425,9.12214296513279,0.0,0,0,0,DIRECT_LOCAL,NORMAL_CORRECTION,1,BYPASS_VISIBLE,1,20,2.0,17.0,2.0,2.0,17.0,2.0,1,
709,23.666667,0.033333,4.2621073722839355,21.304378509521484,2.965367555618286,1.3604025486511864,0.36925435066223145,1.4017050645367333,-0.5135095843702817,0.03544328277498849,1.4932265091009918,0.18102891789120967,19.548494490324824,2.0,0.8025833194611603,0.5580554673469645,-0.21079400059504985,0.8942932306807785,1.4601433277130127,-0.4701066315174103,0.046832408756017685,0.5535488128662109,macro_normal,SAFE_PROGRESSING,NONE,1,0,"4.304,21.278;3.843,21.085;3.382,20.891;2.921,20.698;2.460,20.505;1.999,20.311;1.538,20.118",0,1,NORMAL_CORRECTION,1,0.8010127242551967,0.5608751477253846,-0.20927896273944094,0.9,4.509324757307827,9.1346349730705,0.0,0,0,0,DIRECT_LOCAL,NORMAL_CORRECTION,1,BYPASS_VISIBLE,1,20,2.0,17.0,2.0,2.0,17.0,2.0,1,
710,23.7,0.033333,4.219479560852051,21.330055236816406,2.9665119647979736,1.3727192558914127,0.3680981695652008,1.402005012970241,-0.513152162071893,0.034066518103094294,1.4933531817652554,0.18102891789120967,19.548494490324824,2.0,0.8040877434119124,0.5552991484399763,-0.21233406847836728,0.8885568083083657,1.4599477052688599,-0.47089335322380066,0.04682635888457298,0.5579492449760437,macro_normal,SAFE_PROGRESSING,NONE,1,0,"4.262,21.304;3.803,21.107;3.344,20.909;2.884,20.712;2.425,20.514;1.966,20.316;1.506,20.119",0,1,NORMAL_CORRECTION,1,0.8010127242551967,0.5608751477253846,-0.20927896273944094,0.9,4.558414204963001,9.146763345650069,0.0,0,0,0,DIRECT_LOCAL,NORMAL_CORRECTION,1,BYPASS_VISIBLE,1,20,2.0,17.0,2.0,2.0,17.0,2.0,1,
711,23.733333,0.033333,4.176532745361328,21.355194091796875,2.967655897140503,1.3850175306405157,0.3681339621543884,1.402013935517541,-0.5126838109218642,0.032694378913235164,1.4931700130190373,0.18102891789120967,19.548494490324824,2.0,0.8055446238330525,0.5525802812429117,-0.2138992561819018,0.8827919865760105,1.4600410461425781,-0.4718068838119507,0.04660436883568764,0.5603052377700806,macro_normal,SAFE_PROGRESSING,NONE,1,0,"4.219,21.330;3.762,21.128;3.305,20.926;2.847,20.725;2.390,20.523;1.932,20.321;1.475,20.119",0,1,NORMAL_CORRECTION,1,0.8010127242551967,0.5608751477253846,-0.20927896273944094,0.9,4.510723656497501,9.158523996038278,0.0,0,0,0,DIRECT_LOCAL,NORMAL_CORRECTION,1,BYPASS_VISIBLE,1,20,2.0,17.0,2.0,2.0,17.0,2.0,1,
712,23.766667,0.033333,4.133281707763672,21.379785537719727,2.9687957763671875,1.3973262440275593,0.36908382177352905,1.4017535902650844,-0.5122651749454162,0.03193258563059946,1.4927653624424595,0.18102891789120967,19.548494490324824,2.0,0.8069705165196152,0.5498752502128545,-0.21548966256276905,0.8769997556507672,1.4602396488189697,-0.4721197187900543,0.046327732503414154,0.562431812286377,macro_normal,SAFE_PROGRESSING,NONE,1,0,"4.177,21.355;3.721,21.149;3.265,20.943;2.810,20.737;2.354,20.531;1.899,20.325;1.443,20.119",0,1,NORMAL_CORRECTION,1,0.8010127242551967,0.5608751477253846,-0.20927896273944094,0.9,4.53694070280315,9.169913286596337,0.0,0,0,0,DIRECT_LOCAL,NORMAL_CORRECTION,1,BYPASS_VISIBLE,1,20,2.0,17.0,2.0,2.0,17.0,2.0,1,
713,23.8,0.033333,4.08974027633667,21.403827667236328,2.9699316024780273,1.409668494767431,0.37058770656585693,1.401340372071804,-0.5120364358743681,0.031901931545850096,1.492298188465571,0.18102891789120967,19.548494490324824,2.0,0.8083787586473286,0.5471647766987539,-0.21710478969384064,0.8711814739840003,1.4603266716003418,-0.472335547208786,0.046018220484256744,0.5627409219741821,macro_normal,SAFE_PROGRESSING,NONE,1,0,"4.133,21.380;3.680,21.170;3.226,20.959;2.772,20.749;2.319,20.539;1.865,20.329;1.411,20.119",0,1,NORMAL_CORRECTION,1,0.8010127242551967,0.5608751477253846,-0.20927896273944094,0.9,4.489373523380897,9.180934390395793,0.0,0,0,0,DIRECT_LOCAL,NORMAL_CORRECTION,1,BYPASS_VISIBLE,1,20,2.0,17.0,2.0,2.0,17.0,2.0,1,
714,23.833333,0.033333,4.045917510986328,21.42732048034668,2.9710628986358643,1.4220602427841647,0.37228119373321533,1.400907566501971,-0.512052015261292,0.032348450134138576,1.4919067324875592,0.18102891789120967,19.548494490324824,2.0,0.809777543272215,0.5444364482260513,-0.21874479252091492,0.8653389088903628,1.4603005647659302,-0.47250115871429443,0.045708268880844116,0.561375081539154,macro_normal,SAFE_PROGRESSING,NONE,1,0,"4.090,21.404;3.638,21.189;3.186,20.975;2.735,20.761;2.283,20.546;1.831,20.332;1.380,20.117",1,1,NORMAL_CORRECTION,1,0.8298753783428006,0.5579487937260851,0.0,0.8653389088903628,4.464058939563731,9.191590826525996,0.0,0,0,0,DIRECT_LOCAL,NORMAL_CORRECTION,1,BYPASS_VISIBLE,1,20,2.0,17.0,2.0,2.0,17.0,2.0,1,
715,23.866667,0.033333,4.001818656921387,21.450267791748047,2.9721896648406982,1.4345057020330827,0.3738058805465698,1.4005482523759543,-0.5122817016259444,0.03290907001312453,1.4916604693908198,0.18102891789120967,19.548494490324824,2.0,0.8111680676957524,0.5416879598888795,-0.22040989102615807,0.8594731162245477,1.4604449272155762,-0.4726754426956177,0.045413993299007416,0.5584290027618408,macro_normal,SAFE_PROGRESSING,NONE,1,0,"4.046,21.427;3.596,21.209;3.147,20.990;2.697,20.772;2.247,20.553;1.798,20.334;1.348,20.116",0,1,NORMAL_CORRECTION,1,0.809777543272215,0.5444364482260513,-0.21874479252091492,0.8653389088903628,4.51330966844893,9.201888678170892,0.0,0,0,0,DIRECT_LOCAL,NORMAL_CORRECTION,1,BYPASS_VISIBLE,1,20,2.0,17.0,2.0,2.0,17.0,2.0,1,
716,23.9,0.033333,3.957447052001953,21.472671508789062,2.973310947418213,1.4469977592314165,0.3748801350593567,1.4003020710680174,-0.5126412496647599,0.03335109882588212,1.4915626828558426,0.18102891789120967,19.548494490324824,2.0,0.8125447084735007,0.538927145094822,-0.22210049304686,0.8535848152324285,1.4607678651809692,-0.4727745056152344,0.0451928973197937,0.5546854138374329,macro_normal,SAFE_PROGRESSING,NONE,1,0,"4.002,21.450;3.554,21.227;3.107,21.005;2.659,20.782;2.211,20.559;1.764,20.336;1.316,20.113",0,1,NORMAL_CORRECTION,1,0.809777543272215,0.5444364482260513,-0.21874479252091492,0.8653389088903628,4.465175260943896,9.211831681048016,0.0,0,0,0,DIRECT_LOCAL,NORMAL_CORRECTION,1,BYPASS_VISIBLE,1,20,2.0,17.0,2.0,2.0,17.0,2.0,1,
717,23.933333,0.033333,3.9128053188323975,21.494529724121094,2.97442626953125,1.459519800393518,0.3753337860107422,1.4001746024960071,-0.5130299449455256,0.033625071193797255,1.491582812752429,0.18102891789120967,19.548494490324824,2.0,0.8138969460262842,0.5361695123702996,-0.22381692351938634,0.8476742563514925,1.4616596698760986,-0.4727531671524048,0.04503006115555763,0.5503415465354919,macro_normal,SAFE_PROGRESSING,NONE,1,0,"3.957,21.473;3.512,21.246;3.066,21.019;2.621,20.792;2.175,20.565;1.730,20.338;1.284,20.111",0,1,NORMAL_CORRECTION,1,0.809777543272215,0.5444364482260513,-0.21874479252091492,0.8653389088903628,4.493917533476907,9.221419716750292,0.0,0,0,0,DIRECT_LOCAL,NORMAL_CORRECTION,1,BYPASS_VISIBLE,1,20,2.0,17.0,2.0,2.0,17.0,2.0,1,
718,23.966667,0.033333,3.867896556854248,21.515838623046875,2.9755353927612305,1.4720499917883005,0.37512174248695374,1.400170007155999,-0.5133574338272976,0.033857539109656554,1.4916964291569315,0.18102891789120967,19.548494490324824,2.0,0.8152119901317488,0.5334343609890456,-0.2255597341318744,0.8417412485508373,1.4630354642868042,-0.47252821922302246,0.04492204636335373,0.5456937551498413,macro_normal,SAFE_PROGRESSING,NONE,1,0,"3.913,21.495;3.469,21.263;3.026,21.032;2.583,20.801;2.139,20.570;1.696,20.339;1.253,20.107",0,1,NORMAL_CORRECTION,1,0.809777543272215,0.5444364482260513,-0.21874479252091492,0.8653389088903628,4.466205738445148,9.230650950735852,0.0,0,0,0,DIRECT_LOCAL,NORMAL_CORRECTION,1,BYPASS_VISIBLE,1,20,2.0,17.0,2.0,2.0,17.0,2.0,1,
719,24.0,0.033333,3.822723388671875,21.536596298217773,2.9766383171081543,1.4845653018781417,0.3742803633213043,1.4003193512912897,-0.5135558600727417,0.03421202909926933,1.4919129900738182,0.18102891789120967,19.548494490324824,2.0,0.8164768534999232,0.5307417591408063,-0.22732956869485113,0.8357855209032703,1.4645121097564697,-0.472314715385437,0.044861890375614166,0.540343701839447,macro_normal,SAFE_PROGRESSING,NONE,1,0,"3.868,21.516;3.427,21.280;2.986,21.045;2.545,20.810;2.103,20.574;1.662,20.339;1.221,20.104",0,1,NORMAL_CORRECTION,1,0.809777543272215,0.5444364482260513,-0.21874479252091492,0.8653389088903628,4.495957649918975,9.239525271739419,0.0,0,0,0,DIRECT_LOCAL,NORMAL_CORRECTION,1,BYPASS_VISIBLE,1,20,2.0,17.0,2.0,2.0,17.0,2.0,1,
720,24.033333,0.033333,3.777287006378174,21.55678939819336,2.977736234664917,1.4970446206084782,0.37284204363822937,1.4006643670391878,-0.5135856584644845,0.03459961178921902,1.4922560205305426,-0.04362775618948511,19.234134827393724,2.0,0.8005158848882835,0.5605272570553924,-0.21209316853563784,0.8999999999999998,1.460599660873413,-0.4705706238746643,0.04537676274776459,0.5473237037658691,macro_normal,SAFE_PROGRESSING,NONE,1,0,"3.823,21.537;3.393,21.281;2.964,21.025;2.534,20.769;2.104,20.513;1.675,20.257;1.245,20.002",1,1,NORMAL_CORRECTION,1,0.8191520442889918,0.573576436351046,0.0,0.8999999999999998,4.467103777199219,9.248031128713775,0.0,0,0,0,DIRECT_LOCAL,NORMAL_CORRECTION,1,BYPASS_VISIBLE,1,20,2.0,17.0,2.0,2.0,17.0,2.0,1,
721,24.066667,0.033333,3.7315902709960938,21.5764217376709,2.9788365364074707,1.509471757337223,0.37114080786705017,1.401102345093229,-0.5134229532427156,0.034131524397645545,1.492600372269793,-0.04362775618948511,19.234134827393724,2.0,0.8021159684823519,0.5576551031496068,-0.21361357409308054,0.894295563626789,1.459791898727417,-0.46950775384902954,0.04574774205684662,0.556678831577301,macro_normal,SAFE_PROGRESSING,NONE,1,0,"3.777,21.557;3.350,21.297;2.923,21.037;2.496,20.778;2.068,20.518;1.641,20.258;1.214,19.998",0,1,NORMAL_CORRECTION,1,0.8005158848882835,0.5605272570553924,-0.21209316853563784,0.8999999999999998,4.497783153472771,9.256174028979975,0.0,0,0,0,DIRECT_LOCAL,NORMAL_CORRECTION,1,BYPASS_VISIBLE,1,20,2.0,17.0,2.0,2.0,17.0,2.0,1,
722,24.1,0.033333,3.685641050338745,21.595476150512695,2.9799396991729736,1.5218538187005803,0.3701387047767639,1.401403876890696,-0.513071443506622,0.03291407229746912,1.4927352305286576,-0.04362775618948511,19.234134827393724,2.0,0.8036523121720346,0.5548419092590716,-0.21515905017054412,0.8885624147541413,1.4596205949783325,-0.4702070355415344,0.04579561948776245,0.5611798167228699,macro_normal,SAFE_PROGRESSING,NONE,1,0,"3.732,21.576;3.307,21.313;2.882,21.049;2.457,20.786;2.032,20.522;1.607,20.258;1.182,19.995",0,1,NORMAL_CORRECTION,1,0.8005158848882835,0.5605272570553924,-0.21209316853563784,0.8999999999999998,4.5478648490291524,9.263940265738208,0.0,0,0,0,DIRECT_LOCAL,NORMAL_CORRECTION,1,BYPASS_VISIBLE,1,20,2.0,17.0,2.0,2.0,17.0,2.0,1,
723,24.133333,0.033333,3.6394543647766113,21.61394691467285,2.9810428619384766,1.53422230629681,0.3702746033668518,1.4014400800920963,-0.5126067393670957,0.031659128026943525,1.492582415721334,-0.04362775618948511,19.234134827393724,2.0,0.8051436943297992,0.5520611598240411,-0.21673049461185065,0.8827996075126844,1.4597105979919434,-0.47121256589889526,0.045618779957294464,0.5631942749023438,macro_normal,SAFE_PROGRESSING,NONE,1,0,"3.686,21.595;3.263,21.328;2.841,21.061;2.418,20.793;1.996,20.526;1.573,20.258;1.151,19.991",0,1,NORMAL_CORRECTION,1,0.8005158848882835,0.5605272570553924,-0.21209316853563784,0.8999999999999998,4.499357483785363,9.271328741869793,0.0,0,0,0,DIRECT_LOCAL,NORMAL_CORRECTION,1,BYPASS_VISIBLE,1,20,2.0,17.0,2.0,2.0,17.0,2.0,1,
724,24.166667,0.033333,3.593046188354492,21.63182830810547,2.9821431636810303,1.5466043251128643,0.3712650239467621,1.4012240481150438,-0.5121812485861225,0.030954180943503946,1.4922186923293224,-0.04362775618948511,19.234134827393724,2.0,0.8066056017301135,0.5492908827108354,-0.2183275736785274,0.8770085399935386,1.4600239992141724,-0.4717618227005005,0.04535781592130661,0.5643576979637146,macro_normal,SAFE_PROGRESSING,NONE,1,0,"3.639,21.614;3.219,21.343;2.800,21.071;2.380,20.800;1.960,20.529;1.540,20.257;1.120,19.986",0,1,NORMAL_CORRECTION,1,0.8005158848882835,0.5605272570553924,-0.21209316853563784,0.8999999999999998,4.549392776825428,9.278338328943692,0.0,0,0,0,DIRECT_LOCAL,NORMAL_CORRECTION,1,BYPASS_VISIBLE,1,20,2.0,17.0,2.0,2.0,17.0,2.0,1,
725,24.2,0.033333,3.54642915725708,21.64912223815918,2.9832401275634766,1.5590198222350458,0.37272265553474426,1.4008639635937412,-0.5119391614409803,0.030964904049367803,1.4917976990179491,-0.04362775618948511,19.234134827393724,2.0,0.8080494104217848,0.5465145784565638,-0.21994991668889113,0.8711907117588582,1.4601919651031494,-0.4719635844230652,0.045095622539520264,0.5644786357879639,macro_normal,SAFE_PROGRESSING,NONE,1,0,"3.593,21.632;3.176,21.357;2.758,21.081;2.341,20.806;1.923,20.531;1.506,20.256;1.088,19.981",0,1,NORMAL_CORRECTION,1,0.8005158848882835,0.5605272570553924,-0.21209316853563784,0.8999999999999998,4.500714388948718,9.28497435980799,0.0,0,0,0,DIRECT_LOCAL,NORMAL_CORRECTION,1,BYPASS_VISIBLE,1,20,2.0,17.0,2.0,2.0,17.0,2.0,1,
726,24.233333,0.033333,3.4996120929718018,21.665828704833984,2.9843332767486572,1.5714806069616047,0.37429279088974,1.4004877284484079,-0.511944869010108,0.03145619713257926,1.491456643278108,-0.04362775618948511,19.234134827393724,2.0,0.8094807720228817,0.5437236309842527,-0.22159759212261232,0.8653478568978169,1.4602270126342773,-0.47220271825790405,0.0448334664106369,0.5626541376113892,macro_normal,SAFE_PROGRESSING,NONE,1,0,"3.546,21.649;3.132,21.370;2.717,21.091;2.302,20.812;1.887,20.533;1.472,20.254;1.057,19.975",1,1,NORMAL_CORRECTION,1,0.8301190260477737,0.5575862288413298,0.0,0.8653478568978169,4.536400472941784,9.291239330445203,0.0,0,0,0,DIRECT_LOCAL,NORMAL_CORRECTION,1,BYPASS_VISIBLE,1,20,2.0,17.0,2.0,2.0,17.0,2.0,1,
727,24.266667,0.033333,3.4526004791259766,21.68195343017578,2.9854226112365723,1.5839900921911059,0.3756389617919922,1.4001870438138986,-0.5121701412791373,0.0320647717512291,1.491264617990266,-0.04362775618948511,19.234134827393724,2.0,0.8109005828687529,0.5409162254313302,-0.2232708708457939,0.8594808605725888,1.4604477882385254,-0.47253039479255676,0.04457458481192589,0.5588886141777039,macro_normal,SAFE_PROGRESSING,NONE,1,0,"3.500,21.666;3.087,21.383;2.675,21.100;2.263,20.817;1.851,20.534;1.438,20.251;1.026,19.968",0,1,NORMAL_CORRECTION,1,0.8094807720228817,0.5437236309842527,-0.22159759212261232,0.8653478568978169,4.4877949908632,9.297140544167329,0.0,0,0,0,DIRECT_LOCAL,NORMAL_CORRECTION,1,BYPASS_VISIBLE,1,20,2.0,17.0,2.0,2.0,17.0,2.0,1,
728,24.3,0.033333,3.4053971767425537,21.69749641418457,2.9865078926086426,1.5965388122914208,0.37647420167922974,1.4000034837186837,-0.512531169307799,0.03256859596382594,1.4912272353265028,-0.04362775618948511,19.234134827393724,2.0,0.8123019318516252,0.5381022430785419,-0.22497010357814073,0.8535907165742366,1.4610141515731812,-0.47255367040634155,0.044386498630046844,0.5547935962677002,macro_normal,SAFE_PROGRESSING,NONE,1,0,"3.453,21.682;3.043,21.395;2.633,21.108;2.224,20.822;1.814,20.535;1.405,20.248;0.995,19.961",0,1,NORMAL_CORRECTION,1,0.8094807720228817,0.5437236309842527,-0.22159759212261232,0.8653478568978169,4.533915033004175,9.302679159682475,0.0,0,0,0,DIRECT_LOCAL,NORMAL_CORRECTION,1,BYPASS_VISIBLE,1,20,2.0,17.0,2.0,2.0,17.0,2.0,1,
729,24.333333,0.033333,3.3580055236816406,21.71245574951172,2.9875876903533936,1.6091081530084228,0.37665197253227234,1.3999486559072873,-0.5129248371833575,0.032929314896930614,1.49131903614075,-0.04362775618948511,19.234134827393724,2.0,0.813673475692574,0.5352984800697085,-0.22669585834202294,0.847677374836997,1.4618515968322754,-0.4723101854324341,0.04429914802312851,0.5507689714431763,macro_normal,SAFE_PROGRESSING,NONE,1,0,"3.405,21.697;2.999,21.407;2.592,21.116;2.185,20.826;1.778,20.535;1.371,20.244;0.964,19.954",0,1,NORMAL_CORRECTION,1,0.8094807720228817,0.5437236309842527,-0.22159759212261232,0.8653478568978169,4.489523829412694,9.307854576899636,0.0,0,0,0,DIRECT_LOCAL,NORMAL_CORRECTION,1,BYPASS_VISIBLE,1,20,2.0,17.0,2.0,2.0,17.0,2.0,1,
730,24.366667,0.033333,3.3104286193847656,21.726831436157227,2.9886629581451416,1.6216769983989374,0.3761723041534424,1.4000292869823223,-0.5132482558776411,0.03321185168969232,1.491512253943067,-0.04362775618948511,19.234134827393724,2.0,0.8150030000604919,0.5325236113676015,-0.22844849141197227,0.8417406622882033,1.4630757570266724,-0.4719875752925873,0.04426494240760803,0.5463293194770813,macro_normal,SAFE_PROGRESSING,NONE,1,0,"3.358,21.712;2.954,21.418;2.550,21.124;2.146,20.829;1.742,20.535;1.337,20.240;0.933,19.946",0,1,NORMAL_CORRECTION,1,0.8094807720228817,0.5437236309842527,-0.22159759212261232,0.8653478568978169,4.531664056591201,9.312668021132396,0.0,0,0,0,DIRECT_LOCAL,NORMAL_CORRECTION,1,BYPASS_VISIBLE,1,20,2.0,17.0,2.0,2.0,17.0,2.0,1,
731,24.4,0.033333,3.262669086456299,21.740617752075195,2.9897332191467285,1.6342241698031443,0.375104159116745,1.400266434611445,-0.51341897862658,0.03353322153143966,1.4918007951665946,-0.04362775618948511,19.234134827393724,2.0,0.8162781601402058,0.529796794400083,-0.2302288468492098,0.8357806064720895,1.464461088180542,-0.47167307138442993,0.04426129534840584,0.5413292646408081,macro_normal,SAFE_PROGRESSING,NONE,1,0,"3.310,21.727;2.909,21.429;2.508,21.130;2.107,20.832;1.705,20.534;1.304,20.236;0.903,19.937",0,1,NORMAL_CORRECTION,1,0.8094807720228817,0.5437236309842527,-0.22159759212261232,0.8653478568978169,4.491005323401431,9.317115019887709,0.0,0,0,0,DIRECT_LOCAL,NORMAL_CORRECTION,1,BYPASS_VISIBLE,1,20,2.0,17.0,2.0,2.0,17.0,2.0,1,
732,24.433333,0.033333,3.2147295475006104,21.753808975219727,2.9908013343811035,1.64672974367565,0.37350955605506897,1.4006855653319448,-0.513391359405295,0.03382126804702294,1.4921912139580489,-0.21709016877433074,18.88732570154185,2.0,0.8000302629418311,0.5601872209077662,-0.21480655462266027,0.9,1.4603886604309082,-0.46981239318847656,0.04483542591333389,0.548912525177002,macro_normal,SAFE_PROGRESSING,NONE,1,0,"3.263,21.741;2.876,21.424;2.489,21.107;2.103,20.790;1.716,20.472;1.329,20.155;0.943,19.838",1,1,NORMAL_CORRECTION,1,0.8191520442889919,0.573576436351046,0.0,0.9,4.539260739647993,9.321191100651609,0.0,0,0,0,DIRECT_LOCAL,NORMAL_CORRECTION,1,BYPASS_VISIBLE,1,20,2.0,17.0,2.0,2.0,17.0,2.0,1,
733,24.466667,0.033333,3.1666147708892822,21.76639747619629,2.9918715953826904,1.659179421132056,0.37174192070961,1.4011685105918836,-0.5131471424075849,0.0332205656027031,1.4925470816072473,-0.21709016877433074,18.88732570154185,2.0,0.8016366652605527,0.5572949948817518,-0.2163352620117406,0.8942955422742183,1.4594700336456299,-0.4688138961791992,0.04524547979235649,0.5584213137626648,macro_normal,SAFE_PROGRESSING,NONE,1,0,"3.215,21.754;2.831,21.433;2.447,21.113;2.063,20.792;1.680,20.472;1.296,20.151;0.912,19.831",0,1,NORMAL_CORRECTION,1,0.8000302629418311,0.5601872209077662,-0.21480655462266027,0.9,4.492217210398168,9.324890297216259,0.0,0,0,0,DIRECT_LOCAL,NORMAL_CORRECTION,1,BYPASS_VISIBLE,1,20,2.0,17.0,2.0,2.0,17.0,2.0,1,
734,24.5,0.033333,3.1183362007141113,21.77837371826172,2.9929463863372803,1.6715837037351058,0.3707544207572937,1.401478480735863,-0.5127005020780253,0.031894903874787515,1.49265569428785,-0.21709016877433074,18.88732570154185,2.0,0.8031796476838736,0.5544606690295621,-0.21788946749601942,0.8885609354977472,1.459366798400879,-0.4696974456310272,0.04530346393585205,0.5625606775283813,macro_normal,SAFE_PROGRESSING,NONE,1,0,"3.167,21.766;2.786,21.442;2.405,21.118;2.024,20.794;1.643,20.470;1.263,20.146;0.882,19.822",0,1,NORMAL_CORRECTION,1,0.8000302629418311,0.5601872209077662,-0.21480655462266027,0.9,4.5424311100604005,9.328205873806008,0.0,0,0,0,DIRECT_LOCAL,NORMAL_CORRECTION,1,BYPASS_VISIBLE,1,20,2.0,17.0,2.0,2.0,17.0,2.0,1,
735,24.533333,0.033333,3.0699102878570557,21.789735794067383,2.994023561477661,1.6839739583996347,0.37094566226005554,1.4014924599636924,-0.5121495243666632,0.030629829428028676,1.49245316077084,-0.21709016877433074,18.88732570154185,2.0,0.8046773441613073,0.5516585684933795,-0.21947026131423944,0.882796187152136,1.4596153497695923,-0.47083571553230286,0.04512934386730194,0.564099133014679,macro_normal,SAFE_PROGRESSING,NONE,1,0,"3.118,21.778;2.741,21.451;2.363,21.123;1.985,20.796;1.607,20.468;1.229,20.141;0.851,19.813",0,1,NORMAL_CORRECTION,1,0.8000302629418311,0.5601872209077662,-0.21480655462266027,0.9,4.493156991719574,9.331139274380103,0.0,0,0,0,DIRECT_LOCAL,NORMAL_CORRECTION,1,BYPASS_VISIBLE,1,20,2.0,17.0,2.0,2.0,17.0,2.0,1,
736,24.566667,0.033333,3.0213546752929688,21.800479888916016,2.995098114013672,1.6963783868393687,0.37198320031166077,1.4012444751497843,-0.5116663610680664,0.030039720431435345,1.492042535918474,-0.21709016877433074,18.88732570154185,2.0,0.8061457304995825,0.5488659624773642,-0.22107739918655425,0.877002995367496,1.4599837064743042,-0.4714951515197754,0.04488486051559448,0.5647261142730713,macro_normal,SAFE_PROGRESSING,NONE,1,0,"3.070,21.790;2.695,21.459;2.320,21.128;1.946,20.797;1.571,20.466;1.196,20.135;0.821,19.804",0,1,NORMAL_CORRECTION,1,0.8000302629418311,0.5601872209077662,-0.21480655462266027,0.9,4.534245175147933,9.33369000100877,0.0,0,0,0,DIRECT_LOCAL,NORMAL_CORRECTION,1,BYPASS_VISIBLE,1,20,2.0,17.0,2.0,2.0,17.0,2.0,1,
737,24.6,0.033333,2.9726815223693848,21.810606002807617,2.9961705207824707,1.7088160340362983,0.37343576550483704,1.4008631401924267,-0.5114044301703903,0.03023742308080749,1.4915985822272209,-0.21709016877433074,18.88732570154185,2.0,0.8075958911303899,0.5460669477564917,-0.22271004736477615,0.8711829274608567,1.4601314067840576,-0.47193628549575806,0.0446367971599102,0.5638214349746704,macro_normal,SAFE_PROGRESSING,NONE,1,0,"3.021,21.800;2.650,21.466;2.278,21.132;1.906,20.797;1.534,20.463;1.163,20.129;0.791,19.794",0,1,NORMAL_CORRECTION,1,0.8000302629418311,0.5601872209077662,-0.21480655462266027,0.9,4.484994642172546,9.335860169765219,0.0,0,0,0,DIRECT_LOCAL,NORMAL_CORRECTION,1,BYPASS_VISIBLE,1,20,2.0,17.0,2.0,2.0,17.0,2.0,1,
738,24.633333,0.033333,2.923898458480835,21.820119857788086,2.997241735458374,1.7212971505534458,0.3749012053012848,1.4004874344041167,-0.5114263523052399,0.030918231599919976,1.4912672144191108,-0.21709016877433074,18.88732570154185,2.0,0.8090329049997688,0.5432536109570456,-0.22436860923437194,0.8653371865669547,1.460207462310791,-0.4722643494606018,0.044396910816431046,0.5613473057746887,macro_normal,SAFE_PROGRESSING,NONE,1,0,"2.973,21.811;2.604,21.473;2.235,21.135;1.867,20.797;1.498,20.459;1.130,20.122;0.761,19.784",1,1,NORMAL_CORRECTION,1,0.8301993781932843,0.5574665841532422,0.0,0.8653371865669547,4.471745983310437,9.337656692253168,0.0,0,0,0,DIRECT_LOCAL,NORMAL_CORRECTION,1,BYPASS_VISIBLE,1,20,2.0,17.0,2.0,2.0,17.0,2.0,1,
739,24.666667,0.033333,2.875009298324585,21.82902717590332,2.998309850692749,1.7338211485921173,0.3760394752025604,1.4002082548237982,-0.5116971409496637,0.031674047261413596,1.4911138005540303,-0.21709016877433074,18.88732570154185,2.0,0.810454965540863,0.5404281002600702,-0.22605357170248336,0.8594670702117296,1.4604765176773071,-0.47256889939308167,0.04416798800230026,0.5572687387466431,macro_normal,SAFE_PROGRESSING,NONE,1,0,"2.924,21.820;2.558,21.479;2.193,21.138;1.828,20.796;1.462,20.455;1.097,20.114;0.731,19.773",0,1,NORMAL_CORRECTION,1,0.8090329049997688,0.5432536109570456,-0.22436860923437194,0.8653371865669547,4.486043727497866,9.339085856093105,0.0,0,0,0,DIRECT_LOCAL,NORMAL_CORRECTION,1,BYPASS_VISIBLE,1,20,2.0,17.0,2.0,2.0,17.0,2.0,1,
740,24.7,0.033333,2.826016664505005,21.83733367919922,2.9993748664855957,1.7463766826859317,0.3766036033630371,1.4000609423320531,-0.5121180256543055,0.03225842976963774,1.4911324960361445,-0.21709016877433074,18.88732570154185,2.0,0.8118542660745157,0.5376018809644981,-0.2277649407613978,0.8535733519433194,1.4609780311584473,-0.47266796231269836,0.044011153280735016,0.5526853203773499,macro_normal,SAFE_PROGRESSING,NONE,1,0,"2.875,21.829;2.513,21.484;2.151,21.140;1.788,20.795;1.426,20.450;1.064,20.106;0.701,19.761",0,1,NORMAL_CORRECTION,1,0.8090329049997688,0.5432536109570456,-0.22436860923437194,0.8653371865669547,4.476805244353866,9.34015379374752,0.0,0,0,0,DIRECT_LOCAL,NORMAL_CORRECTION,1,BYPASS_VISIBLE,1,20,2.0,17.0,2.0,2.0,17.0,2.0,1,
741,24.733333,0.033333,2.7769227027893066,21.84503936767578,3.0004358291625977,1.7589445890226874,0.3764702379703522,1.4000480273940978,-0.5125673032924618,0.032633789519844386,1.4912828985920266,-0.21709016877433074,18.88732570154185,2.0,0.8132187576371843,0.5347929958285816,-0.22950316738495183,0.8476566820828701,1.4619935750961304,-0.47227662801742554,0.04394802451133728,0.5488470196723938,macro_normal,SAFE_PROGRESSING,NONE,1,0,"2.826,21.837;2.467,21.489;2.108,21.141;1.749,20.793;1.390,20.445;1.031,20.097;0.672,19.749",0,1,NORMAL_CORRECTION,1,0.8090329049997688,0.5432536109570456,-0.22436860923437194,0.8653371865669547,4.446281161873019,9.340860942621749,0.0,0,0,0,DIRECT_LOCAL,NORMAL_CORRECTION,1,BYPASS_VISIBLE,1,20,2.0,17.0,2.0,2.0,17.0,2.0,1,
742,24.766667,0.033333,2.727731227874756,21.852142333984375,3.001493215560913,1.771502228889645,0.37569692730903625,1.4001709889505207,-0.5129292315569934,0.032909533560203305,1.4915288238191968,-0.21709016877433074,18.88732570154185,2.0,0.8145352213236339,0.5320217610158711,-0.23126871606170665,0.8417168931635898,1.4633259773254395,-0.4716566205024719,0.043945468962192535,0.5452123880386353,macro_normal,SAFE_PROGRESSING,NONE,1,0,"2.777,21.845;2.421,21.494;2.066,21.142;1.710,20.791;1.354,20.439;0.998,20.088;0.643,19.737",0,1,NORMAL_CORRECTION,1,0.8090329049997688,0.5432536109570456,-0.22436860923437194,0.8653371865669547,4.481152121842164,9.341206103011892,0.0,0,0,0,DIRECT_LOCAL,NORMAL_CORRECTION,1,BYPASS_VISIBLE,1,20,2.0,17.0,2.0,2.0,17.0,2.0,1,
743,24.8,0.033333,2.678445816040039,21.85863494873047,3.002546548843384,1.7840308563505656,0.37442854046821594,1.4004533301871236,-0.5131078792774862,0.033215264407786674,1.4918620846440611,-0.21709016877433074,18.88732570154185,2.0,0.8157929754117935,0.5293049648875718,-0.23306238524081774,0.8357538087779224,1.4647667407989502,-0.4711666405200958,0.04394960403442383,0.5407822132110596,macro_normal,SAFE_PROGRESSING,NONE,1,0,"2.728,21.852;2.375,21.497;2.023,21.143;1.671,20.788;1.318,20.433;0.966,20.078;0.614,19.724",0,1,NORMAL_CORRECTION,1,0.8090329049997688,0.5432536109570456,-0.22436860923437194,0.8653371865669547,4.45061378098344,9.341182362117703,0.0,0,0,0,DIRECT_LOCAL,NORMAL_CORRECTION,1,BYPASS_VISIBLE,1,20,2.0,17.0,2.0,2.0,17.0,2.0,1,
744,24.833333,0.033333,2.629070520401001,21.86451530456543,3.0035977363586426,1.7965142712650854,0.3727550804615021,1.4009233029488912,-0.5130494539506751,0.033475841961594165,1.492289005166008,-0.33656873794294784,18.51802314259813,2.0,0.7995496936025988,0.5598507226338039,-0.21745679071116128,0.9,1.4606248140335083,-0.4692666232585907,0.04451718553900719,0.5486295223236084,macro_normal,SAFE_PROGRESSING,NONE,1,0,"2.678,21.859;2.343,21.487;2.008,21.116;1.673,20.745;1.338,20.374;1.003,20.003;0.668,19.632",1,1,NORMAL_CORRECTION,1,0.8191520442889915,0.5735764363510465,0.0,0.9,4.501668893411737,9.340788526979356,0.0,0,0,0,DIRECT_LOCAL,NORMAL_CORRECTION,1,BYPASS_VISIBLE,1,20,2.0,17.0,2.0,2.0,17.0,2.0,1,
745,24.866667,0.033333,2.579610586166382,21.86977195739746,3.0046517848968506,1.8089417147373354,0.371004194021225,1.4014611200757758,-0.5127393915337544,0.0328353018877031,1.492673142976891,-0.33656873794294784,18.51802314259813,2.0,0.8011373662696053,0.5569734589422333,-0.2189965442661705,0.8942935983386985,1.4597636461257935,-0.4680803418159485,0.044924501329660416,0.558997631072998,macro_normal,SAFE_PROGRESSING,NONE,1,0,"2.629,21.865;2.297,21.490;1.966,21.116;1.634,20.742;1.303,20.368;0.971,19.993;0.639,19.619",0,1,NORMAL_CORRECTION,1,0.7995496936025988,0.5598507226338039,-0.21745679071116128,0.9,4.5525276394654215,9.340014065685477,0.0,0,0,0,DIRECT_LOCAL,NORMAL_CORRECTION,1,BYPASS_VISIBLE,1,20,2.0,17.0,2.0,2.0,17.0,2.0,1,
746,24.9,0.033333,2.530078887939453,21.874399185180664,3.0057101249694824,1.8213249245243792,0.370132178068161,1.4018242383717057,-0.5122080473705798,0.031469956469562764,1.4928022766722293,-0.33656873794294784,18.51802314259813,2.0,0.8026622075475855,0.5541531247912376,-0.22056222446045376,0.8885566266225575,1.459764838218689,-0.4688279628753662,0.044961996376514435,0.5638450384140015,macro_normal,SAFE_PROGRESSING,NONE,1,0,"2.580,21.870;2.251,21.493;1.923,21.115;1.595,20.738;1.267,20.361;0.939,19.984;0.610,19.606",0,1,NORMAL_CORRECTION,1,0.7995496936025988,0.5598507226338039,-0.21745679071116128,0.9,4.504828077431206,9.338854942158228,0.0,0,0,0,DIRECT_LOCAL,NORMAL_CORRECTION,1,BYPASS_VISIBLE,1,20,2.0,17.0,2.0,2.0,17.0,2.0,1,
747,24.933333,0.033333,2.4804937839508057,21.878389358520508,3.0067687034606934,1.8336992530832807,0.37054476141929626,1.4018882351267012,-0.5115686005199309,0.030177713736543786,1.4926164112828662,-0.33656873794294784,18.51802314259813,2.0,0.8041444140366975,0.5513611082571406,-0.22215465260721926,0.8827894143044356,1.4600239992141724,-0.4699289798736572,0.044757161289453506,0.565776526927948,macro_normal,SAFE_PROGRESSING,NONE,1,0,"2.530,21.874;2.205,21.494;1.881,21.114;1.556,20.734;1.231,20.354;0.906,19.973;0.582,19.593",0,1,NORMAL_CORRECTION,1,0.7995496936025988,0.5598507226338039,-0.21745679071116128,0.9,4.456986098374041,9.337305627567643,0.0,0,0,0,DIRECT_LOCAL,NORMAL_CORRECTION,1,BYPASS_VISIBLE,1,20,2.0,17.0,2.0,2.0,17.0,2.0,1,
748,24.966667,0.033333,2.43087100982666,21.88174819946289,3.0078256130218506,1.8460960077558888,0.37187138199806213,1.4016868885501461,-0.5110056360005998,0.029570285571857896,1.4922222674074292,-0.33656873794294784,18.51802314259813,2.0,0.8056024701082096,0.5485709736153372,-0.22377342796291094,0.8769926420984587,1.4603995084762573,-0.4703037142753601,0.04450330510735512,0.5676164627075195,macro_normal,SAFE_PROGRESSING,NONE,1,0,"2.480,21.878;2.159,21.495;1.838,21.112;1.517,20.729;1.196,20.346;0.874,19.963;0.553,19.579",0,1,NORMAL_CORRECTION,1,0.7995496936025988,0.5598507226338039,-0.21745679071116128,0.9,4.507272356862489,9.335373295276284,0.0,0,0,0,DIRECT_LOCAL,NORMAL_CORRECTION,1,BYPASS_VISIBLE,1,20,2.0,17.0,2.0,2.0,17.0,2.0,1,
749,25.0,0.033333,2.381223678588867,21.88447380065918,3.0088796615600586,1.8585359019048275,0.37368011474609375,1.4013468652337626,-0.5106791438361166,0.029737959155094848,1.4917944130691705,-0.33656873794294784,18.51802314259813,2.0,0.8070474208358954,0.5457665223130215,-0.22541819723456097,0.8711686177937071,1.4606549739837646,-0.4705292284488678,0.04422692209482193,0.5675843358039856,macro_normal,SAFE_PROGRESSING,NONE,1,0,"2.431,21.882;2.113,21.496;1.796,21.110;1.478,20.723;1.160,20.337;0.843,19.951;0.525,19.565",0,1,NORMAL_CORRECTION,1,0.7995496936025988,0.5598507226338039,-0.21745679071116128,0.9,4.459129497115935,9.333057043193762,0.0,0,0,0,DIRECT_LOCAL,NORMAL_CORRECTION,1,BYPASS_VISIBLE,1,20,2.0,17.0,2.0,2.0,17.0,2.0,1,
750,25.033333,0.033333,2.3315587043762207,21.88657569885254,3.0099313259124756,1.8710326756449964,0.37557902932167053,1.4010060606524264,-0.510647700757865,0.030376291760904353,1.491476374393932,-0.33656873794294784,18.51802314259813,2.0,0.8084865871530293,0.5429364312810819,-0.22708912343265195,0.8653181068836483,1.4606136083602905,-0.4706079959869385,0.043984003365039825,0.5662103295326233,macro_normal,SAFE_PROGRESSING,NONE,1,0,"2.381,21.884;2.067,21.495;1.753,21.106;1.439,20.717;1.125,20.328;0.811,19.939;0.497,19.550",1,1,NORMAL_CORRECTION,1,0.8301757756021249,0.557501732377049,0.0,0.8653181068836483,4.509111865287135,9.330366592872625,0.0,0,0,0,DIRECT_LOCAL,NORMAL_CORRECTION,1,BYPASS_VISIBLE,1,20,2.0,17.0,2.0,2.0,17.0,2.0,1,
751,25.066667,0.033333,2.281879425048828,21.8880615234375,3.0109801292419434,1.8835887251686594,0.3772110044956207,1.4007523588680575,-0.5108670150819639,0.03105186789339943,1.4913270923821007,-0.33656873794294784,18.51802314259813,2.0,0.8099194922382729,0.5400806983989634,-0.2287864841055651,0.8594428514498158,1.4606534242630005,-0.4707145690917969,0.04377260431647301,0.5633471012115479,macro_normal,SAFE_PROGRESSING,NONE,1,0,"2.332,21.887;2.021,21.495;1.711,21.103;1.400,20.711;1.090,20.319;0.779,19.927;0.469,19.535",0,1,NORMAL_CORRECTION,1,0.8084865871530293,0.5429364312810819,-0.22708912343265195,0.8653181068836483,4.46070796845138,9.327309404446384,0.0,0,0,0,DIRECT_LOCAL,NORMAL_CORRECTION,1,BYPASS_VISIBLE,1,20,2.0,17.0,2.0,2.0,17.0,2.0,1,
752,25.1,0.033333,2.2321877479553223,21.888927459716797,3.0120251178741455,1.8961942175660227,0.37832021713256836,1.4006090280669028,-0.511231601572576,0.03149733037335383,1.4913267521806295,-0.33656873794294784,18.51802314259813,2.0,0.811338883292532,0.5372095619042854,-0.23051052699656296,0.8535438939060009,1.461082935333252,-0.47079747915267944,0.04360552132129669,0.559358537197113,macro_normal,SAFE_PROGRESSING,NONE,1,0,"2.282,21.888;1.975,21.493;1.668,21.098;1.362,20.704;1.055,20.309;0.748,19.914;0.441,19.519",0,1,NORMAL_CORRECTION,1,0.8084865871530293,0.5429364312810819,-0.22708912343265195,0.8653181068836483,4.4122019978949,9.323881435778436,0.0,0,0,0,DIRECT_LOCAL,NORMAL_CORRECTION,1,BYPASS_VISIBLE,1,20,2.0,17.0,2.0,2.0,17.0,2.0,1,
753,25.133333,0.033333,2.1824872493743896,21.889177322387695,3.013066291809082,1.9088312769192,0.37876489758491516,1.4005673770513134,-0.511620959613872,0.031718218700417286,1.4914258377050273,-0.33656873794294784,18.51802314259813,2.0,0.8127339799276122,0.534338738059085,-0.2322619014828906,0.8476203347965103,1.4619636535644531,-0.47075673937797546,0.04350753128528595,0.554767370223999,macro_normal,SAFE_PROGRESSING,NONE,1,0,"2.232,21.889;1.929,21.491;1.626,21.094;1.323,20.696;1.020,20.298;0.717,19.900;0.414,19.503",0,1,NORMAL_CORRECTION,1,0.8084865871530293,0.5429364312810819,-0.22708912343265195,0.8653181068836483,4.481646375266568,9.320086411370648,0.0,0,0,0,DIRECT_LOCAL,NORMAL_CORRECTION,1,BYPASS_VISIBLE,1,20,2.0,17.0,2.0,2.0,17.0,2.0,1,
754,25.166667,0.033333,2.132782220840454,21.888813018798828,3.014103412628174,1.9214761911969442,0.37850356101989746,1.4006273858503993,-0.5119331488460718,0.0318906266364469,1.4915929856863916,-0.33656873794294784,18.51802314259813,2.0,0.8140906870587702,0.5314895192929178,-0.23404111631498137,0.841672705299441,1.4631778001785278,-0.47060850262641907,0.04348503425717354,0.549768328666687,macro_normal,SAFE_PROGRESSING,NONE,1,0,"2.182,21.889;1.883,21.489;1.584,21.088;1.285,20.688;0.985,20.287;0.686,19.887;0.387,19.486",0,1,NORMAL_CORRECTION,1,0.8084865871530293,0.5429364312810819,-0.22708912343265195,0.8653181068836483,4.455371507894321,9.315926215132153,0.0,0,0,0,DIRECT_LOCAL,NORMAL_CORRECTION,1,BYPASS_VISIBLE,1,20,2.0,17.0,2.0,2.0,17.0,2.0,1,
755,25.2,0.033333,2.0830795764923096,21.887828826904297,3.015136241912842,1.9341038490155946,0.3775617778301239,1.4008165466242968,-0.5120999637938733,0.03219739584093001,1.4918344554651648,-0.33656873794294784,18.51802314259813,2.0,0.8153946452519045,0.5286841852085632,-0.23584869048794488,0.8357013473039668,1.4646841287612915,-0.4703238308429718,0.043509647250175476,0.5445170402526855,macro_normal,SAFE_PROGRESSING,NONE,1,0,"2.133,21.889;1.837,21.485;1.542,21.082;1.246,20.679;0.951,20.275;0.655,19.872;0.360,19.469",0,1,NORMAL_CORRECTION,1,0.8084865871530293,0.5429364312810819,-0.22708912343265195,0.8653181068836483,4.482203685641846,9.311395291177753,0.0,0,0,0,DIRECT_LOCAL,NORMAL_CORRECTION,1,BYPASS_VISIBLE,1,20,2.0,17.0,2.0,2.0,17.0,2.0,1,
756,25.233333,0.033333,2.0333831310272217,21.886219024658203,3.016167402267456,1.9466914393773944,0.3760068714618683,1.401176156284563,-0.5120874139208773,0.032578653194508166,1.4921760985488683,-0.3981997568784994,18.13373068356988,2.0,0.7990723497904332,0.5595164828982077,-0.22005609549752334,0.9,1.4607447385787964,-0.4684908986091614,0.04411551356315613,0.5517758131027222,macro_normal,SAFE_PROGRESSING,NONE,1,0,"2.083,21.888;1.807,21.471;1.532,21.054;1.256,20.636;0.980,20.219;0.705,19.802;0.429,19.385",1,1,NORMAL_CORRECTION,1,0.8191520442889917,0.5735764363510464,0.0,0.9,4.455633208666117,9.306487813255698,0.0,0,0,0,DIRECT_LOCAL,NORMAL_CORRECTION,1,BYPASS_VISIBLE,1,20,2.0,17.0,2.0,2.0,17.0,2.0,1,
757,25.266667,0.033333,1.9836997985839844,21.88397979736328,3.0172040462493896,1.9592230931268466,0.3742111325263977,1.4016080068892627,-0.5118761617182934,0.03214976072315624,1.49249985495011,-0.3981997568784994,18.13373068356988,2.0,0.8007141053705847,0.5565494760069476,-0.22160686410166988,0.8942877409594683,1.4598816633224487,-0.46749746799468994,0.04457221180200577,0.5611581802368164,macro_normal,SAFE_PROGRESSING,NONE,1,0,"2.033,21.886;1.761,21.467;1.490,21.047;1.218,20.627;0.946,20.208;0.674,19.788;0.402,19.369",0,1,NORMAL_CORRECTION,1,0.7990723497904332,0.5595164828982077,-0.22005609549752334,0.9,4.40694008516478,9.301200032801704,0.0,0,0,0,DIRECT_LOCAL,NORMAL_CORRECTION,1,BYPASS_VISIBLE,1,20,2.0,17.0,2.0,2.0,17.0,2.0,1,
758,25.3,0.033333,1.9340418577194214,21.881107330322266,3.0182478427886963,1.9717071190511681,0.3731444776058197,1.4018890193629163,-0.5114744279962395,0.031013511227868273,1.4926020068936934,-0.3981997568784994,18.13373068356988,2.0,0.802290651444332,0.5536411377812089,-0.22318423143528313,0.8885451909232434,1.459881067276001,-0.46820536255836487,0.044680044054985046,0.5658605098724365,macro_normal,SAFE_PROGRESSING,NONE,1,0,"1.984,21.884;1.716,21.462;1.448,21.040;1.179,20.618;0.911,20.196;0.643,19.774;0.375,19.352",0,1,NORMAL_CORRECTION,1,0.7990723497904332,0.5595164828982077,-0.22005609549752334,0.9,4.455341531869613,9.295528423441814,0.0,0,0,0,DIRECT_LOCAL,NORMAL_CORRECTION,1,BYPASS_VISIBLE,1,20,2.0,17.0,2.0,2.0,17.0,2.0,1,
759,25.333333,0.033333,1.8844261169433594,21.877599716186523,3.019293785095215,1.9841756417538465,0.37326234579086304,1.4019018018743612,-0.5109664579499927,0.02989192603441477,1.4924171368925614,-0.3981997568784994,18.13373068356988,2.0,0.803820281313772,0.5507656560517091,-0.2247891177583532,0.8827725116129856,1.4601104259490967,-0.4693503677845001,0.044527143239974976,0.5674939155578613,macro_normal,SAFE_PROGRESSING,NONE,1,0,"1.934,21.881;1.670,21.457;1.406,21.032;1.141,20.608;0.877,20.183;0.613,19.759;0.349,19.334",0,1,NORMAL_CORRECTION,1,0.7990723497904332,0.5595164828982077,-0.22005609549752334,0.9,4.481828183990971,9.289471412365017,0.0,0,0,0,DIRECT_LOCAL,NORMAL_CORRECTION,1,BYPASS_VISIBLE,1,20,2.0,17.0,2.0,2.0,17.0,2.0,1,
760,25.366667,0.033333,1.834869384765625,21.873458862304688,3.0203397274017334,1.996657320419116,0.3742569386959076,1.4016746028662628,-0.5105114239582603,0.029361638339853224,1.4920374365672553,-0.3981997568784994,18.13373068356988,2.0,0.8053196644425975,0.547899465098299,-0.2264208784698528,0.8769706087030942,1.4604629278182983,-0.470064640045166,0.044278986752033234,0.568081796169281,macro_normal,SAFE_PROGRESSING,NONE,1,0,"1.884,21.878;1.624,21.451;1.364,21.024;1.104,20.597;0.843,20.170;0.583,19.743;0.323,19.316",0,1,NORMAL_CORRECTION,1,0.7990723497904332,0.5595164828982077,-0.22005609549752334,0.9,4.454571914331085,9.283030976751485,0.0,0,0,0,DIRECT_LOCAL,NORMAL_CORRECTION,1,BYPASS_VISIBLE,1,20,2.0,17.0,2.0,2.0,17.0,2.0,1,
761,25.4,0.033333,1.7853822708129883,21.868690490722656,3.0213851928710938,2.0091713894266845,0.3756851553916931,1.4013237738844349,-0.5102608216074368,0.029544297194573604,1.4916257207550199,-0.3981997568784994,18.13373068356988,2.0,0.8067996946502685,0.5450266767817626,-0.2280793158277657,0.8711409677471582,1.4606525897979736,-0.4707202911376953,0.04399579018354416,0.5664942860603333,macro_normal,SAFE_PROGRESSING,NONE,1,0,"1.835,21.873;1.579,21.444;1.322,21.015;1.066,20.586;0.810,20.156;0.553,19.727;0.297,19.298",0,1,NORMAL_CORRECTION,1,0.7990723497904332,0.5595164828982077,-0.22005609549752334,0.9,4.429702637851968,9.27621240640038,0.0,0,0,0,DIRECT_LOCAL,NORMAL_CORRECTION,1,BYPASS_VISIBLE,1,20,2.0,17.0,2.0,2.0,17.0,2.0,1,
762,25.433333,0.033333,1.7359713315963745,21.863298416137695,3.022427797317505,2.0217279809990734,0.37710830569267273,1.4009786392256545,-0.510285281301101,0.030187205579476163,1.4913227294116485,-0.3981997568784994,18.13373068356988,2.0,0.80826516146118,0.5421398938219251,-0.2297645845096332,0.8652850451199067,1.460720419883728,-0.4713073968887329,0.043729282915592194,0.5631275177001953,macro_normal,SAFE_PROGRESSING,NONE,1,0,"1.785,21.869;1.533,21.437;1.281,21.005;1.028,20.574;0.776,20.142;0.524,19.710;0.271,19.279",1,1,NORMAL_CORRECTION,1,0.8304837271821521,0.5570428878332806,0.0,0.8652850451199067,4.453455933313851,9.269018815537795,0.0,0,0,0,DIRECT_LOCAL,NORMAL_CORRECTION,1,BYPASS_VISIBLE,1,20,2.0,17.0,2.0,2.0,17.0,2.0,1,
763,25.466667,0.033333,1.686638355255127,21.85729217529297,3.0234673023223877,2.0343235492466927,0.37813517451286316,1.4007243869480193,-0.5105674956975997,0.030925257314650286,1.4911956100370602,-0.3981997568784994,18.13373068356988,2.0,0.809713107375698,0.5392432285131004,-0.23147661706263045,0.8594035537904894,1.4609341621398926,-0.47164562344551086,0.043520525097846985,0.5589911341667175,macro_normal,SAFE_PROGRESSING,NONE,1,0,"1.736,21.863;1.488,21.429;1.239,20.995;0.991,20.561;0.743,20.127;0.494,19.693;0.246,19.259",0,1,NORMAL_CORRECTION,1,0.80826516146118,0.5421398938219251,-0.2297645845096332,0.8652850451199067,4.4282032043076685,9.261458846225306,0.0,0,0,0,DIRECT_LOCAL,NORMAL_CORRECTION,1,BYPASS_VISIBLE,1,20,2.0,17.0,2.0,2.0,17.0,2.0,1,
764,25.5,0.033333,1.6373844146728516,21.850679397583008,3.024503469467163,2.046944989344481,0.3785291612148285,1.4005924859671421,-0.5110207238454008,0.031505952042850296,1.4912391213220044,-0.3981997568784994,18.13373068356988,2.0,0.8111345577860509,0.5363498691805741,-0.23321566627310603,0.8534977477755399,1.4614379405975342,-0.47162336111068726,0.04339461028575897,0.5549094676971436,macro_normal,SAFE_PROGRESSING,NONE,1,0,"1.687,21.857;1.442,21.421;1.198,20.985;0.954,20.548;0.710,20.112;0.465,19.676;0.221,19.240",0,1,NORMAL_CORRECTION,1,0.80826516146118,0.5421398938219251,-0.2297645845096332,0.8652850451199067,4.452085999919175,9.253539260301139,0.0,0,0,0,DIRECT_LOCAL,NORMAL_CORRECTION,1,BYPASS_VISIBLE,1,20,2.0,17.0,2.0,2.0,17.0,2.0,1,
765,25.533333,0.033333,1.5882115364074707,21.843463897705078,3.025536298751831,2.059572799653282,0.3782377243041992,1.4005835143466154,-0.5115206379394335,0.03186753868192378,1.4914097638540273,-0.3981997568784994,18.13373068356988,2.0,0.8125173071254901,0.5334782563734133,-0.23498207505749158,0.8475685379265618,1.4624689817428589,-0.4711030423641205,0.043337076902389526,0.5515615940093994,macro_normal,SAFE_PROGRESSING,NONE,1,0,"1.637,21.851;1.397,21.412;1.157,20.974;0.917,20.535;0.677,20.097;0.437,19.658;0.196,19.219",0,1,NORMAL_CORRECTION,1,0.80826516146118,0.5421398938219251,-0.2297645845096332,0.8652850451199067,4.500055695084376,9.245263078651586,0.0,0,0,0,DIRECT_LOCAL,NORMAL_CORRECTION,1,BYPASS_VISIBLE,1,20,2.0,17.0,2.0,2.0,17.0,2.0,1,
766,25.566667,0.033333,1.5391243696212769,21.83563995361328,3.0265655517578125,2.072187185510603,0.37737295031547546,1.400701309493687,-0.5119351068264951,0.032102090954099334,1.4916676091751844,-0.3981997568784994,18.13373068356988,2.0,0.813849512036042,0.5306466964283685,-0.23677638253921146,0.8416163103493636,1.4636650085449219,-0.47051405906677246,0.04331342503428459,0.5479328632354736,macro_normal,SAFE_PROGRESSING,NONE,1,0,"1.588,21.843;1.352,21.403;1.116,20.962;0.880,20.521;0.644,20.080;0.408,19.640;0.172,19.199",0,1,NORMAL_CORRECTION,1,0.80826516146118,0.5421398938219251,-0.2297645845096332,0.8652850451199067,4.548042673276464,9.236623856147819,0.0,0,0,0,DIRECT_LOCAL,NORMAL_CORRECTION,1,BYPASS_VISIBLE,1,20,2.0,17.0,2.0,2.0,17.0,2.0,1,
767,25.6,0.033333,1.4901280403137207,21.82720947265625,3.027590751647949,2.084771595671768,0.37606701254844666,1.400970038403368,-0.5121530088300963,0.032328630087742824,1.4919996291155722,-0.3981997568784994,18.13373068356988,2.0,0.8151220309990594,0.5278696506835634,-0.23859946870682885,0.8356400424764574,1.4649909734725952,-0.47024005651474,0.04326910525560379,0.5428749322891235,macro_normal,SAFE_PROGRESSING,NONE,1,0,"1.539,21.836;1.307,21.393;1.075,20.950;0.844,20.507;0.612,20.064;0.380,19.621;0.148,19.178",0,1,NORMAL_CORRECTION,1,0.80826516146118,0.5421398938219251,-0.2297645845096332,0.8652850451199067,4.498432932718033,9.22762275848618,0.0,0,0,0,DIRECT_LOCAL,NORMAL_CORRECTION,1,BYPASS_VISIBLE,1,20,2.0,17.0,2.0,2.0,17.0,2.0,1,
768,25.633333,0.033333,1.441228985786438,21.818159103393555,3.028613328933716,2.097310347342199,0.3743545114994049,1.4014157722379603,-0.5121176910542906,0.032498188836370616,1.4924097387935196,-0.3997565816796027,17.74329760833386,2.0,0.7985951260718214,0.5591823272530234,-0.22262288629479357,0.9,1.4607648849487305,-0.46872496604919434,0.04377751052379608,0.549555778503418,macro_normal,SAFE_PROGRESSING,NONE,1,0,"1.490,21.827;1.280,21.373;1.070,20.920;0.860,20.466;0.650,20.012;0.440,19.558;0.230,19.105",1,1,NORMAL_CORRECTION,1,0.8191520442889917,0.5735764363510465,0.0,0.9,4.471810780243029,9.218245668591651,0.0,0,0,0,DIRECT_LOCAL,NORMAL_CORRECTION,1,BYPASS_VISIBLE,1,20,2.0,17.0,2.0,2.0,17.0,2.0,1,
769,25.666667,0.033333,1.3924355506896973,21.808488845825195,3.0296380519866943,2.109789733848132,0.37249717116355896,1.401916346353988,-0.5118298551392957,0.031804312430781946,1.4927661427951873,-0.3997565816796027,17.74329760833386,2.0,0.8002001836499498,0.5562557436369169,-0.2241856680466601,0.8942868457835746,1.4599109888076782,-0.4680304229259491,0.04413483291864395,0.5583496689796448,macro_normal,SAFE_PROGRESSING,NONE,1,0,"1.441,21.818;1.235,21.363;1.030,20.907;0.824,20.451;0.618,19.996;0.412,19.540;0.206,19.084",0,1,NORMAL_CORRECTION,1,0.7985951260718214,0.5591823272530234,-0.22262288629479357,0.9,4.519276034474273,9.208491762731446,0.0,0,0,0,DIRECT_LOCAL,NORMAL_CORRECTION,1,BYPASS_VISIBLE,1,20,2.0,17.0,2.0,2.0,17.0,2.0,1,
770,25.7,0.033333,1.343761920928955,21.79819679260254,3.0306661128997803,2.1222175232657157,0.3713906407356262,1.402232953674584,-0.5113449879207539,0.030472775186695326,1.4928695666635459,-0.3997565816796027,17.74329760833386,2.0,0.8017379032873879,0.5533915330200458,-0.22577454598352412,0.8885433571121387,1.459996223449707,-0.46903911232948303,0.04416361078619957,0.5622855424880981,macro_normal,SAFE_PROGRESSING,NONE,1,0,"1.392,21.808;1.191,21.351;0.989,20.893;0.787,20.436;0.586,19.978;0.384,19.521;0.182,19.063",0,1,NORMAL_CORRECTION,1,0.7985951260718214,0.5591823272530234,-0.22262288629479357,0.9,4.494312285299623,9.198358184313548,0.0,0,0,0,DIRECT_LOCAL,NORMAL_CORRECTION,1,BYPASS_VISIBLE,1,20,2.0,17.0,2.0,2.0,17.0,2.0,1,
771,25.733333,0.033333,1.2952253818511963,21.787281036376953,3.031696081161499,2.134624631280284,0.3714419901371002,1.4022517154520746,-0.5107953569462396,0.02929972552585814,1.49267553208392,-0.3997565816796027,17.74329760833386,2.0,0.80322612260136,0.5505646624763918,-0.22739029971184227,0.8827698264784807,1.4602909088134766,-0.47010356187820435,0.04398885741829872,0.5642815232276917,macro_normal,SAFE_PROGRESSING,NONE,1,0,"1.344,21.798;1.146,21.339;0.949,20.880;0.751,20.420;0.554,19.961;0.356,19.502;0.159,19.042",0,1,NORMAL_CORRECTION,1,0.7985951260718214,0.5591823272530234,-0.22262288629479357,0.9,4.5413103497061345,9.18784183595302,0.0,0,0,0,DIRECT_LOCAL,NORMAL_CORRECTION,1,BYPASS_VISIBLE,1,20,2.0,17.0,2.0,2.0,17.0,2.0,1,
772,25.766667,0.033333,1.2468409538269043,21.775753021240234,3.0327229499816895,2.147040422217269,0.3723568022251129,1.4020162470218864,-0.5103608257740003,0.028822686195501053,1.4922963769431252,-0.3997565816796027,17.74329760833386,2.0,0.8046819367579462,0.5477506771930801,-0.22903313360735145,0.8769667228118037,1.4606070518493652,-0.4706674814224243,0.043737657368183136,0.5654621720314026,macro_normal,SAFE_PROGRESSING,NONE,1,0,"1.295,21.787;1.102,21.326;0.909,20.865;0.715,20.404;0.522,19.943;0.329,19.482;0.136,19.020",0,1,NORMAL_CORRECTION,1,0.7985951260718214,0.5591823272530234,-0.22262288629479357,0.9,4.588402429076677,9.17695273721379,0.0,0,0,0,DIRECT_LOCAL,NORMAL_CORRECTION,1,BYPASS_VISIBLE,1,20,2.0,17.0,2.0,2.0,17.0,2.0,1,
773,25.8,0.033333,1.1986184120178223,21.76361846923828,3.0337486267089844,2.1594864508220906,0.37374016642570496,1.4016569744204068,-0.5101799815811618,0.029066763371609662,1.491901727420551,-0.3997565816796027,17.74329760833386,2.0,0.8061172225668245,0.5449326888675227,-0.2307019464260335,0.8711367309673955,1.4607291221618652,-0.47101855278015137,0.043452635407447815,0.5649796724319458,macro_normal,SAFE_PROGRESSING,NONE,1,0,"1.247,21.776;1.058,21.313;0.869,20.850;0.680,20.387;0.491,19.924;0.302,19.461;0.113,18.998",0,1,NORMAL_CORRECTION,1,0.7985951260718214,0.5591823272530234,-0.22262288629479357,0.9,4.61234732263284,9.165695067778284,0.0,0,0,0,DIRECT_LOCAL,NORMAL_CORRECTION,1,BYPASS_VISIBLE,1,20,2.0,17.0,2.0,2.0,17.0,2.0,1,
774,25.833333,0.033333,1.150561809539795,21.750885009765625,3.034771680831909,2.171976493713722,0.37520700693130493,1.4013063083346318,-0.5102895599323966,0.029694395309488763,1.4916221243556391,-0.3997565816796027,17.74329760833386,2.0,0.8075387571435695,0.5421001599429619,-0.2323974446951478,0.8652810513376679,1.4607011079788208,-0.47171714901924133,0.04312805458903313,0.5612649321556091,macro_normal,SAFE_PROGRESSING,NONE,1,0,"1.199,21.764;1.014,21.299;0.829,20.834;0.644,20.370;0.460,19.905;0.275,19.440;0.090,18.976",1,1,NORMAL_CORRECTION,1,0.8302708195692184,0.5573601763418861,0.0,0.8652810513376679,4.562633907834917,9.15407493740601,0.0,0,0,0,DIRECT_LOCAL,NORMAL_CORRECTION,1,BYPASS_VISIBLE,1,20,2.0,17.0,2.0,2.0,17.0,2.0,1,
775,25.866667,0.033333,1.1026721000671387,21.737565994262695,3.0357911586761475,2.1845110057496657,0.37633436918258667,1.4010459563211146,-0.5106393829731836,0.030340223279873187,1.4915102682568606,-0.3997565816796027,17.74329760833386,2.0,0.808945373036628,0.5392544599231301,-0.23411965081052868,0.8594008120607682,1.4607514142990112,-0.4722431004047394,0.04286479204893112,0.5565149784088135,macro_normal,SAFE_PROGRESSING,NONE,1,0,"1.151,21.751;0.970,21.285;0.790,20.818;0.609,20.352;0.429,19.886;0.249,19.419;0.068,18.953",0,1,NORMAL_CORRECTION,1,0.8075387571435695,0.5421001599429619,-0.2323974446951478,0.8652810513376679,4.536175927398188,9.14210425794652,0.0,0,0,0,DIRECT_LOCAL,NORMAL_CORRECTION,1,BYPASS_VISIBLE,1,20,2.0,17.0,2.0,2.0,17.0,2.0,1,
776,25.9,0.033333,1.0549498796463013,21.723661422729492,3.036806344985962,2.19707520742132,0.37680137157440186,1.4008988727597869,-0.5111348843321211,0.03079845185362111,1.4915512281907823,-0.3997565816796027,17.74329760833386,2.0,0.8103271478324644,0.5364102768151782,-0.23586845573914103,0.853498023022099,1.461214542388916,-0.47242462635040283,0.0427023246884346,0.551753044128418,macro_normal,SAFE_PROGRESSING,NONE,1,0,"1.103,21.738;0.927,21.270;0.751,20.802;0.575,20.334;0.399,19.866;0.223,19.398;0.046,18.930",0,1,NORMAL_CORRECTION,1,0.8075387571435695,0.5421001599429619,-0.2323974446951478,0.8652810513376679,4.5835672377083005,9.12978165476666,0.0,0,0,0,DIRECT_LOCAL,NORMAL_CORRECTION,1,BYPASS_VISIBLE,1,20,2.0,17.0,2.0,2.0,17.0,2.0,1,
777,25.933333,0.033333,1.0073977708816528,21.709171295166016,3.0378172397613525,2.2096462209928966,0.37651142477989197,1.4008589826772424,-0.5116642740871828,0.031069115841876615,1.4917008777512595,-0.3997565816796027,17.74329760833386,2.0,0.8116704309703848,0.5335880728755351,-0.23764444023229872,0.8475722266231586,1.462133526802063,-0.4723496437072754,0.04262370616197586,0.5469542145729065,macro_normal,SAFE_PROGRESSING,NONE,1,0,"1.055,21.724;0.883,21.254;0.712,20.784;0.540,20.315;0.368,19.845;0.197,19.376;0.025,18.906",0,1,NORMAL_CORRECTION,1,0.8075387571435695,0.5421001599429619,-0.2323974446951478,0.8652810513376679,4.631125378218854,9.117105729031891,0.0,0,0,0,DIRECT_LOCAL,NORMAL_CORRECTION,1,BYPASS_VISIBLE,1,20,2.0,17.0,2.0,2.0,17.0,2.0,1,
778,25.966667,0.033333,0.9600203037261963,21.694101333618164,3.0388240814208984,2.2222005046786744,0.3755203187465668,1.4009293870540367,-0.5121176695773566,0.03128539076146307,1.4919270862478635,-0.3997565816796027,17.74329760833386,2.0,0.8129616595864301,0.5308086693989464,-0.2394483170402279,0.8416231335185541,1.4633586406707764,-0.4721607267856598,0.04259418323636055,0.5418572425842285,macro_normal,SAFE_PROGRESSING,NONE,1,0,"1.007,21.709;0.840,21.238;0.673,20.767;0.506,20.296;0.339,19.824;0.171,19.353;0.004,18.882",0,1,NORMAL_CORRECTION,1,0.8075387571435695,0.5421001599429619,-0.2323974446951478,0.8652810513376679,4.678858650840043,9.104080729239152,0.0,0,0,0,DIRECT_LOCAL,NORMAL_CORRECTION,1,BYPASS_VISIBLE,1,20,2.0,17.0,2.0,2.0,17.0,2.0,1,
779,26.0,0.033333,0.9128230214118958,21.678447723388672,3.039827346801758,2.2347158699502767,0.3739249110221863,1.4011404404217171,-0.5124073796007554,0.03159168805473657,1.4922311788756544,-0.3997565816796027,17.74329760833386,2.0,0.8141882604905346,0.5280920155102227,-0.24128054134916904,0.8356516799194319,1.4647847414016724,-0.47201064229011536,0.042574211955070496,0.536057710647583,macro_normal,SAFE_PROGRESSING,NONE,1,0,"0.960,21.694;0.797,21.221;0.635,20.749;0.472,20.276;0.309,19.803;0.146,19.330;-0.016,18.857",0,1,NORMAL_CORRECTION,1,0.8075387571435695,0.5421001599429619,-0.2323974446951478,0.8652810513376679,4.629301322541638,9.090701302941579,0.0,0,0,0,DIRECT_LOCAL,NORMAL_CORRECTION,1,BYPASS_VISIBLE,1,20,2.0,17.0,2.0,2.0,17.0,2.0,1,
780,26.033333,0.033333,0.8658119440078735,21.662206649780273,3.0408287048339844,2.2471716792202376,0.37179818749427795,1.4015311535586739,-0.5124865527632464,0.03191651077364835,1.4926321398183229,-0.3461471712812618,17.358147496100045,2.0,0.7981214316542201,0.5588506428510103,-0.2251402658771425,0.9,1.4607396125793457,-0.4704344868659973,0.043108612298965454,0.5424017906188965,macro_normal,SAFE_PROGRESSING,NONE,1,0,"0.913,21.678;0.773,21.198;0.633,20.718;0.493,20.238;0.353,19.758;0.213,19.278;0.074,18.798",1,1,NORMAL_CORRECTION,1,0.8191520442889919,0.5735764363510458,0.0,0.9,4.700292351455116,9.07696203476188,0.0,0,0,0,DIRECT_LOCAL,NORMAL_CORRECTION,1,BYPASS_VISIBLE,1,20,2.0,17.0,2.0,2.0,17.0,2.0,1,
781,26.066667,0.033333,0.8189943432807922,21.64537811279297,3.0418341159820557,2.259553658997515,0.36948150396347046,1.4019953662819897,-0.5123393761095731,0.03140182821847408,1.4930066035366287,-0.3461471712812618,17.358147496100045,2.0,0.7996644248269555,0.5560023588903151,-0.2267116771906104,0.8942878752507155,1.4599300622940063,-0.4695495367050171,0.04349697753787041,0.5513932108879089,macro_normal,SAFE_PROGRESSING,NONE,1,0,"0.866,21.662;0.730,21.181;0.595,20.700;0.459,20.218;0.324,19.737;0.188,19.256;0.053,18.775",0,1,NORMAL_CORRECTION,1,0.7981214316542201,0.5588506428510103,-0.2251402658771425,0.9,4.7479178103944895,9.062861196968804,0.0,0,0,0,DIRECT_LOCAL,NORMAL_CORRECTION,1,BYPASS_VISIBLE,1,20,2.0,17.0,2.0,2.0,17.0,2.0,1,
782,26.1,0.033333,0.7723831534385681,21.627960205078125,3.042844295501709,2.271870797721045,0.3679417371749878,1.4023053849433966,-0.5119884206079973,0.03019753227872837,1.4931525127841578,-0.3461471712812618,17.358147496100045,2.0,0.801132475366994,0.5532283637550257,-0.22830929558230822,0.8885471537215152,1.460038185119629,-0.4703386127948761,0.0435369610786438,0.555757462978363,macro_normal,SAFE_PROGRESSING,NONE,1,0,"0.819,21.645;0.688,21.163;0.557,20.680;0.426,20.198;0.294,19.715;0.163,19.233;0.032,18.750",0,1,NORMAL_CORRECTION,1,0.7981214316542201,0.5588506428510103,-0.2251402658771425,0.9,4.698463846718177,9.048394717084067,0.0,0,0,0,DIRECT_LOCAL,NORMAL_CORRECTION,1,BYPASS_VISIBLE,1,20,2.0,17.0,2.0,2.0,17.0,2.0,1,
783,26.133333,0.033333,0.7259950637817383,21.609954833984375,3.0438551902770996,2.284156855594633,0.36764371395111084,1.4023468176805631,-0.5115306591120301,0.02905025910889622,1.4930117647978147,-0.3461471712812618,17.358147496100045,2.0,0.8025449972458945,0.5505015237194144,-0.22993390306388176,0.88277767658836,1.4602611064910889,-0.4713951349258423,0.04333474487066269,0.5576277375221252,macro_normal,SAFE_PROGRESSING,NONE,1,0,"0.772,21.628;0.646,21.144;0.519,20.661;0.392,20.177;0.266,19.693;0.139,19.210;0.012,18.726",0,1,NORMAL_CORRECTION,1,0.7981214316542201,0.5588506428510103,-0.2251402658771425,0.9,4.746411720544768,9.033561883605993,0.0,0,0,0,DIRECT_LOCAL,NORMAL_CORRECTION,1,BYPASS_VISIBLE,1,20,2.0,17.0,2.0,2.0,17.0,2.0,1,
784,26.166667,0.033333,0.6798441410064697,21.591373443603516,3.0448660850524902,2.2964431262688008,0.3682967722415924,1.4021525695855117,-0.5111300094412189,0.02850061213302518,1.4926814796997347,-0.3461471712812618,17.358147496100045,2.0,0.8039202311514907,0.547796138421111,-0.2315850873356333,0.8769801505323347,1.4604699611663818,-0.47195661067962646,0.04304676502943039,0.5588662624359131,macro_normal,SAFE_PROGRESSING,NONE,1,0,"0.726,21.610;0.604,21.125;0.481,20.640;0.359,20.155;0.237,19.671;0.115,19.186;-0.008,18.701",0,1,NORMAL_CORRECTION,1,0.7981214316542201,0.5588506428510103,-0.2251402658771425,0.9,4.720723042144979,9.0183714315837,0.0,0,0,0,DIRECT_LOCAL,NORMAL_CORRECTION,1,BYPASS_VISIBLE,1,20,2.0,17.0,2.0,2.0,17.0,2.0,1,
785,26.2,0.033333,0.633939266204834,21.572223663330078,3.0458741188049316,2.308752902837448,0.3694891929626465,1.4018359790135275,-0.5109307904716192,0.028611415589576677,1.4923179948693268,-0.3461471712812618,17.358147496100045,2.0,0.8052710759236382,0.5450935707305531,-0.23326271332770143,0.8711569340941173,1.4605110883712769,-0.47227707505226135,0.04272840917110443,0.5587634444236755,macro_normal,SAFE_PROGRESSING,NONE,1,0,"0.680,21.591;0.562,21.105;0.444,20.620;0.327,20.134;0.209,19.648;0.091,19.162;-0.027,18.676",0,1,NORMAL_CORRECTION,1,0.7981214316542201,0.5588506428510103,-0.2251402658771425,0.9,4.768457833280617,9.00282848481004,0.0,0,0,0,DIRECT_LOCAL,NORMAL_CORRECTION,1,BYPASS_VISIBLE,1,20,2.0,17.0,2.0,2.0,17.0,2.0,1,
786,26.233333,0.033333,0.5882840156555176,21.55251121520996,3.0468785762786865,2.321100502605351,0.37084445357322693,1.4015131508090124,-0.5109925171778609,0.029093333489406646,1.4920452025846598,-0.3461471712812618,17.358147496100045,2.0,0.8066048770969739,0.5423830251824815,-0.23496643640587303,0.8653093635957108,1.4604021310806274,-0.47262129187583923,0.0423981212079525,0.5567232966423035,macro_normal,SAFE_PROGRESSING,NONE,1,0,"0.634,21.572;0.521,21.085;0.407,20.598;0.294,20.111;0.181,19.624;0.068,19.137;-0.046,18.650",1,1,NORMAL_CORRECTION,1,0.8298374337227962,0.5580052272088174,0.0,0.8653093635957108,4.816500077860837,8.986936599141169,0.0,0,0,0,DIRECT_LOCAL,NORMAL_CORRECTION,1,BYPASS_VISIBLE,1,20,2.0,17.0,2.0,2.0,17.0,2.0,1,
787,26.266667,0.033333,0.5428792834281921,21.53224754333496,3.0478787422180176,2.3334901871134055,0.3720065951347351,1.4012553503930878,-0.511283946980405,0.029590778789316808,1.4919126802981715,-0.3461471712812618,17.358147496100045,2.0,0.8079227028882447,0.5396625473273347,-0.23669651702111102,0.8594381572005199,1.4604260921478271,-0.4729127585887909,0.042092904448509216,0.5532978177070618,macro_normal,SAFE_PROGRESSING,NONE,1,0,"0.588,21.553;0.480,21.064;0.371,20.576;0.262,20.088;0.153,19.600;0.045,19.112;-0.064,18.624",0,1,NORMAL_CORRECTION,1,0.8066048770969739,0.5423830251824815,-0.23496643640587303,0.8653093635957108,4.843177071885595,8.970705258767087,0.0,0,0,0,DIRECT_LOCAL,NORMAL_CORRECTION,1,BYPASS_VISIBLE,1,20,2.0,17.0,2.0,2.0,17.0,2.0,1,
788,26.3,0.033333,0.49772584438323975,21.51143455505371,3.0488734245300293,2.3459138519333615,0.3726993501186371,1.4010840417346697,-0.5117183029043612,0.029909187077307706,1.4919070591033818,-0.3461471712812618,17.358147496100045,2.0,0.8092185117613369,0.5369409568146039,-0.23845294948434728,0.853545060122775,1.4608253240585327,-0.47294852137565613,0.04185947775840759,0.5494929552078247,macro_normal,SAFE_PROGRESSING,NONE,1,0,"0.543,21.532;0.439,21.043;0.335,20.554;0.230,20.065;0.126,19.576;0.022,19.087;-0.082,18.598",0,1,NORMAL_CORRECTION,1,0.8066048770969739,0.5423830251824815,-0.23496643640587303,0.8653093635957108,4.9135477580430305,8.954134494917042,0.0,0,0,0,DIRECT_LOCAL,NORMAL_CORRECTION,1,BYPASS_VISIBLE,1,20,2.0,17.0,2.0,2.0,17.0,2.0,1,
789,26.333333,0.033333,0.452826589345932,21.490076065063477,3.0498626232147217,2.358355073283388,0.372795432806015,1.4009974197524278,-0.5121857535028483,0.030063318217999745,1.4919892155597225,-0.3461471712812618,17.358147496100045,2.0,0.8104820776468964,0.5342334852946695,-0.24023610262215128,0.8476299914618096,1.4616963863372803,-0.4727049171924591,0.041707322001457214,0.545665979385376,macro_normal,SAFE_PROGRESSING,NONE,1,0,"0.498,21.511;0.398,21.021;0.299,20.531;0.199,20.041;0.099,19.551;-0.000,19.061;-0.100,18.572",0,1,NORMAL_CORRECTION,1,0.8066048770969739,0.5423830251824815,-0.23496643640587303,0.8653093635957108,4.962568808285005,8.937226074207361,0.0,0,0,0,DIRECT_LOCAL,NORMAL_CORRECTION,1,BYPASS_VISIBLE,1,20,2.0,17.0,2.0,2.0,17.0,2.0,1,
790,26.366667,0.033333,0.4081864356994629,21.468170166015625,3.050846576690674,2.3707945365385092,0.37230390310287476,1.4010058408737842,-0.512579365694632,0.030194264084491426,1.4921349355477114,-0.3461471712812618,17.358147496100045,2.0,0.811701981594159,0.5315575154052111,-0.24204648498243955,0.8416933591085758,1.4628887176513672,-0.4723353981971741,0.04161258786916733,0.5415353178977966,macro_normal,SAFE_PROGRESSING,NONE,1,0,"0.453,21.490;0.358,20.999;0.263,20.508;0.168,20.017;0.073,19.526;-0.022,19.036;-0.117,18.545",0,1,NORMAL_CORRECTION,1,0.8066048770969739,0.5423830251824815,-0.23496643640587303,0.8653093635957108,inf,8.9199758633601,0.0,0,0,0,DIRECT_LOCAL,NORMAL_CORRECTION,1,BYPASS_VISIBLE,1,20,2.0,17.0,2.0,2.0,17.0,2.0,1,
791,26.4,0.033333,0.3638117015361786,21.445716857910156,3.051825523376465,2.383212900379769,0.3712860345840454,1.4011454785280137,-0.5128143723859526,0.03044076737922089,1.4923517925890435,-0.3461471712812618,17.358147496100045,2.0,0.8128672938970796,0.5289299504244531,-0.2438849525010198,0.8357345400984822,1.4642137289047241,-0.47200456261634827,0.04154175892472267,0.5367567539215088,macro_normal,SAFE_PROGRESSING,NONE,1,0,"0.408,21.468;0.318,20.976;0.228,20.485;0.137,19.993;0.047,19.501;-0.043,19.009;-0.133,18.517",0,1,NORMAL_CORRECTION,1,0.8066048770969739,0.5423830251824815,-0.23496643640587303,0.8653093635957108,4.985206110501516,8.902381446231333,0.0,0,0,0,DIRECT_LOCAL,NORMAL_CORRECTION,1,BYPASS_VISIBLE,1,20,2.0,17.0,2.0,2.0,17.0,2.0,1,
792,26.433333,0.033333,0.3197091221809387,21.42271614074707,3.0528013706207275,2.3955922242501178,0.3697853088378906,1.4014577828788317,-0.5128439583460439,0.03070723176754085,1.4926606368784952,-0.24244751733044,16.98674278761784,2.0,0.7976523540317094,0.5585221911637234,-0.22760422686177473,0.9,1.4601216316223145,-0.47054237127304077,0.042001936584711075,0.5430279970169067,macro_normal,SAFE_PROGRESSING,NONE,1,0,"0.364,21.446;0.296,20.950;0.229,20.455;0.162,19.959;0.094,19.464;0.027,18.969;-0.040,18.473",1,1,NORMAL_CORRECTION,1,0.8191520442889917,0.5735764363510463,0.0,0.9,inf,8.884440302400266,0.0,0,0,0,DIRECT_LOCAL,NORMAL_CORRECTION,1,BYPASS_VISIBLE,1,20,2.0,17.0,2.0,2.0,17.0,2.0,1,
793,26.466667,0.033333,0.27588677406311035,21.3991641998291,3.0537796020507812,2.4079184474987834,0.3680770695209503,1.4018366045567892,-0.5126565758234859,0.030153639287341806,1.492940679522344,-0.24244751733044,16.98674278761784,2.0,0.7991570241744504,0.5557187564935303,-0.22918270963124862,0.894290325946095,1.4594061374664307,-0.46968841552734375,0.04232931509613991,0.5519652962684631,macro_normal,SAFE_PROGRESSING,NONE,1,0,"0.320,21.423;0.257,20.927;0.194,20.431;0.131,19.935;0.068,19.439;0.005,18.943;-0.057,18.447",0,1,NORMAL_CORRECTION,1,0.7976523540317094,0.5585221911637234,-0.22760422686177473,0.9,inf,8.866145899999392,0.0,0,0,0,DIRECT_LOCAL,NORMAL_CORRECTION,1,BYPASS_VISIBLE,1,20,2.0,17.0,2.0,2.0,17.0,2.0,1,
794,26.5,0.033333,0.23235760629177094,21.375062942504883,3.0547616481781006,2.420198280453739,0.3670685589313507,1.4020586673666189,-0.5122837921865135,0.028966044439022672,1.492997730140705,-0.24244751733044,16.98674278761784,2.0,0.8005975141760813,0.5529746307420467,-0.23078708380404753,0.8885523767696508,1.4595720767974854,-0.4703843891620636,0.042349305003881454,0.5566218495368958,macro_normal,SAFE_PROGRESSING,NONE,1,0,"0.276,21.399;0.218,20.903;0.159,20.406;0.101,19.909;0.043,19.413;-0.016,18.916;-0.074,18.420",0,1,NORMAL_CORRECTION,1,0.7976523540317094,0.5585221911637234,-0.22760422686177473,0.9,inf,8.84749670206415,0.0,0,0,0,DIRECT_LOCAL,NORMAL_CORRECTION,1,BYPASS_VISIBLE,1,20,2.0,17.0,2.0,2.0,17.0,2.0,1,
795,26.533333,0.033333,0.18913695216178894,21.350419998168945,3.055743932723999,2.432462551670247,0.3672129213809967,1.4020181822855968,-0.5118260848596975,0.02788343009788879,1.4927821040849323,-0.24244751733044,16.98674278761784,2.0,0.8019914106969054,0.5502649954844749,-0.2324181832664095,0.882786354384927,1.45989990234375,-0.4713643193244934,0.04214344918727875,0.5587619543075562,macro_normal,SAFE_PROGRESSING,NONE,1,0,"0.232,21.375;0.179,20.878;0.125,20.381;0.071,19.884;0.017,19.387;-0.037,18.890;-0.090,18.392",0,1,NORMAL_CORRECTION,1,0.7976523540317094,0.5585221911637234,-0.22760422686177473,0.9,inf,8.828496352164422,0.0,0,0,0,DIRECT_LOCAL,NORMAL_CORRECTION,1,BYPASS_VISIBLE,1,20,2.0,17.0,2.0,2.0,17.0,2.0,1,
796,26.566667,0.033333,0.146237313747406,21.325241088867188,3.0567257404327393,2.4447406299833037,0.3682335615158081,1.401756600064155,-0.5114405148243719,0.027422904286386964,1.4923957188717543,-0.24244751733044,16.98674278761784,2.0,0.8033556399753521,0.5475658521777224,-0.234075528940291,0.876993590676465,1.4602255821228027,-0.47198817133903503,0.04184247553348541,0.55970299243927,macro_normal,SAFE_PROGRESSING,NONE,1,0,"0.189,21.350;0.140,20.853;0.091,20.355;0.042,19.858;-0.008,19.360;-0.057,18.863;-0.106,18.365",0,1,NORMAL_CORRECTION,1,0.7976523540317094,0.5585221911637234,-0.22760422686177473,0.9,inf,8.809146732777432,0.0,0,0,0,DIRECT_LOCAL,NORMAL_CORRECTION,1,BYPASS_VISIBLE,1,20,2.0,17.0,2.0,2.0,17.0,2.0,1,
797,26.6,0.033333,0.10366570204496384,21.299537658691406,3.057704210281372,2.457053273051013,0.36970922350883484,1.4013946275500417,-0.5112638931579774,0.02763010183011707,1.4919990258375897,-0.24244751733044,16.98674278761784,2.0,0.8047016736929027,0.5448602958495038,-0.23575935689306693,0.8711749171745821,1.4602447748184204,-0.4723711311817169,0.041525475680828094,0.5592837333679199,macro_normal,SAFE_PROGRESSING,NONE,1,0,"0.146,21.325;0.102,20.827;0.057,20.329;0.012,19.831;-0.032,19.333;-0.077,18.835;-0.121,18.337",0,1,NORMAL_CORRECTION,1,0.7976523540317094,0.5585221911637234,-0.22760422686177473,0.9,inf,8.789455962806057,0.0,0,0,0,DIRECT_LOCAL,NORMAL_CORRECTION,1,BYPASS_VISIBLE,1,20,2.0,17.0,2.0,2.0,17.0,2.0,1,
798,26.633333,0.033333,0.06142391264438629,21.273317337036133,3.0586788654327393,2.4694118337761006,0.3712403178215027,1.4010492228099467,-0.5113491507449656,0.028183942205148083,1.4917141861972671,-0.24244751733044,16.98674278761784,2.0,0.8060350739497494,0.5421400575628941,-0.23746919284093232,0.8653321665253146,1.4601026773452759,-0.47275590896606445,0.041209422051906586,0.5571316480636597,macro_normal,SAFE_PROGRESSING,NONE,1,0,"0.104,21.300;0.064,20.801;0.024,20.303;-0.016,19.804;-0.056,19.306;-0.096,18.808;-0.136,18.309",1,1,NORMAL_CORRECTION,1,0.8297706038034506,0.5581046004680996,0.0,0.8653321665253146,inf,8.769429031430633,0.0,0,0,0,DIRECT_LOCAL,NORMAL_CORRECTION,1,BYPASS_VISIBLE,1,20,2.0,17.0,2.0,2.0,17.0,2.0,1,
799,26.666667,0.033333,0.019511468708515167,21.2465877532959,3.0596489906311035,2.481816278916764,0.3724812865257263,1.4007843267850955,-0.5116644342287918,0.028709052332757595,1.4915835320582245,-0.24244751733044,16.98674278761784,2.0,0.8073544102350527,0.5394067986597806,-0.23920527133325786,0.8594663277563722,1.460137128829956,-0.47316595911979675,0.040912337601184845,0.5534054040908813,macro_normal,SAFE_PROGRESSING,NONE,1,0,"0.061,21.273;0.026,20.775;-0.009,20.276;-0.045,19.777;-0.080,19.278;-0.115,18.780;-0.151,18.281",0,1,NORMAL_CORRECTION,1,0.8060350739497494,0.5421400575628941,-0.23746919284093232,0.8653321665253146,inf,8.749071272828603,0.0,0,0,0,DIRECT_LOCAL,NORMAL_CORRECTION,1,BYPASS_VISIBLE,1,20,2.0,17.0,2.0,2.0,17.0,2.0,1,
800,26.7,0.033333,-0.022071598097682,21.219350814819336,3.0606131553649902,2.494255989896046,0.37317731976509094,1.4006119976785083,-0.5121222640002191,0.029022338285706568,1.4915848877771791,-0.24244751733044,16.98674278761784,2.0,0.8086523041149907,0.5366712039494462,-0.24096777772342987,0.8535783887137554,1.460540533065796,-0.47340381145477295,0.040677063167095184,0.5489593148231506,macro_normal,SAFE_PROGRESSING,NONE,1,0,"0.020,21.247;-0.011,20.748;-0.042,20.248;-0.073,19.749;-0.103,19.250;-0.134,18.751;-0.165,18.252",0,1,NORMAL_CORRECTION,1,0.8060350739497494,0.5421400575628941,-0.23746919284093232,0.8653321665253146,inf,8.721754991817745,0.0,0,0,0,DIRECT_LOCAL,NORMAL_CORRECTION,1,BYPASS_VISIBLE,1,20,2.0,17.0,2.0,2.0,17.0,2.0,1,
801,26.733333,0.033333,-0.06332315504550934,21.191608428955078,3.0615713596343994,2.506711661602456,0.37319815158843994,1.400524993339499,-0.5126173455157452,0.029163359293933204,1.4916760041703154,-0.24244751733044,16.98674278761784,2.0,0.8099169328890077,0.533950917327605,-0.24275703842457813,0.8476682430693799,1.461379051208496,-0.4733569920063019,0.04052785784006119,0.5444390177726746,macro_normal,SAFE_PROGRESSING,NONE,1,0,"-0.022,21.219;-0.048,20.720;-0.074,20.221;-0.100,19.721;-0.126,19.222;-0.152,18.723;-0.178,18.223",0,1,NORMAL_CORRECTION,1,0.8060350739497494,0.5421400575628941,-0.23746919284093232,0.8653321665253146,inf,8.688292119602803,0.0,0,0,0,DIRECT_LOCAL,NORMAL_CORRECTION,1,BYPASS_VISIBLE,1,20,2.0,17.0,2.0,2.0,17.0,2.0,1,
802,26.766667,0.033333,-0.1042388379573822,21.163368225097656,3.062523603439331,2.519160940406346,0.37254399061203003,1.4005310223279364,-0.513048720730374,0.02928843391388477,1.4918324124066802,-0.24244751733044,16.98674278761784,2.0,0.811135242220734,0.5312657812756101,-0.24457368720515912,0.8417358397707065,1.462552547454834,-0.4731331467628479,0.04044756293296814,0.5397493839263916,macro_normal,SAFE_PROGRESSING,NONE,1,0,"-0.063,21.192;-0.085,20.692;-0.106,20.193;-0.127,19.693;-0.148,19.193;-0.170,18.694;-0.191,18.194",0,1,NORMAL_CORRECTION,1,0.8060350739497494,0.5421400575628941,-0.23746919284093232,0.8653321665253146,inf,8.65452938931999,0.0,0,0,0,DIRECT_LOCAL,NORMAL_CORRECTION,1,BYPASS_VISIBLE,1,20,2.0,17.0,2.0,2.0,17.0,2.0,1,
803,26.8,0.033333,-0.14481277763843536,21.134628295898438,3.0634703636169434,2.531582188941746,0.37128746509552,1.400666071419847,-0.5133337366227246,0.029541558236376626,1.4920622213717463,-0.24244751733044,16.98674278761784,2.0,0.8122950942652993,0.5286348687027819,-0.2464180501183319,0.8357823085961446,1.4638731479644775,-0.4729187786579132,0.04039845988154411,0.5344754457473755,macro_normal,SAFE_PROGRESSING,NONE,1,0,"-0.104,21.163;-0.121,20.664;-0.137,20.164;-0.154,19.664;-0.170,19.164;-0.187,18.665;-0.203,18.165",0,1,NORMAL_CORRECTION,1,0.8060350739497494,0.5421400575628941,-0.23746919284093232,0.8653321665253146,inf,8.620462519169422,0.0,0,0,0,DIRECT_LOCAL,NORMAL_CORRECTION,1,BYPASS_VISIBLE,1,20,2.0,17.0,2.0,2.0,17.0,2.0,1,
804,26.833333,0.033333,-0.1850384771823883,21.105384826660156,3.0644145011901855,2.543955246977083,0.36949634552001953,1.400973188305486,-0.5134232900839517,0.02982419489159676,1.4923869577801867,-0.08528927139949234,16.6350219850969,2.0,0.7971927476344299,0.5582003712997389,-0.2299914533192521,0.9,1.4597597122192383,-0.47162535786628723,0.04087648540735245,0.5400421619415283,macro_normal,SAFE_PROGRESSING,NONE,1,0,"-0.145,21.135;-0.138,20.635;-0.132,20.135;-0.125,19.635;-0.118,19.135;-0.112,18.635;-0.105,18.135",1,1,NORMAL_CORRECTION,1,0.8191520442889917,0.5735764363510462,0.0,0.9,inf,8.586085365567875,0.0,0,0,0,DIRECT_LOCAL,NORMAL_CORRECTION,1,BYPASS_VISIBLE,1,20,2.0,17.0,2.0,2.0,17.0,2.0,1,
805,26.866667,0.033333,-0.2249080240726471,21.07564353942871,3.0653605461120605,2.556264904072377,0.36745765805244446,1.4013482167464852,-0.5132995736331342,0.02929264146856072,1.4926859467800715,-0.08528927139949234,16.6350219850969,2.0,0.798682013024546,0.5554099355815693,-0.23157470830886517,0.8942951154799816,1.4590063095092773,-0.47088509798049927,0.04122812673449516,0.5485349893569946,macro_normal,SAFE_PROGRESSING,NONE,1,0,"-0.185,21.105;-0.174,20.606;-0.163,20.106;-0.152,19.606;-0.140,19.106;-0.129,18.606;-0.118,18.106",0,1,NORMAL_CORRECTION,1,0.7971927476344299,0.5582003712997389,-0.2299914533192521,0.9,inf,8.551401357533335,0.0,0,0,0,DIRECT_LOCAL,NORMAL_CORRECTION,1,BYPASS_VISIBLE,1,20,2.0,17.0,2.0,2.0,17.0,2.0,1,
806,26.9,0.033333,-0.26440951228141785,21.045400619506836,3.0663108825683594,2.5685166423021264,0.3660920262336731,1.4015692802273427,-0.5129899147156364,0.028123475122664617,1.4927645593763017,-0.08528927139949234,16.6350219850969,2.0,0.8001005889212166,0.5526884209598791,-0.23318352631521316,0.8885631814315579,1.4591453075408936,-0.4716980755329132,0.04126594960689545,0.5528072118759155,macro_normal,SAFE_PROGRESSING,NONE,1,0,"-0.225,21.076;-0.209,20.576;-0.193,20.076;-0.178,19.576;-0.162,19.077;-0.146,18.577;-0.131,18.077",0,1,NORMAL_CORRECTION,1,0.7971927476344299,0.5582003712997389,-0.2299914533192521,0.9,inf,8.51640489026083,0.0,0,0,0,DIRECT_LOCAL,NORMAL_CORRECTION,1,BYPASS_VISIBLE,1,20,2.0,17.0,2.0,2.0,17.0,2.0,1,
807,26.933333,0.033333,-0.30352914333343506,21.01466941833496,3.0672614574432373,2.5807410846910517,0.3658735752105713,1.4015305962717102,-0.5125910644317387,0.027049564694416862,1.4925713686692361,-0.08528927139949234,16.6350219850969,2.0,0.801465821532513,0.5500113011412089,-0.23481930400239354,0.8828028944119579,1.4594247341156006,-0.4727751612663269,0.04107150435447693,0.554650068283081,macro_normal,SAFE_PROGRESSING,NONE,1,0,"-0.264,21.045;-0.244,20.546;-0.224,20.046;-0.204,19.547;-0.183,19.047;-0.163,18.547;-0.143,18.048",0,1,NORMAL_CORRECTION,1,0.7971927476344299,0.5582003712997389,-0.2299914533192521,0.9,inf,8.481107479893778,0.0,0,0,0,DIRECT_LOCAL,NORMAL_CORRECTION,1,BYPASS_VISIBLE,1,20,2.0,17.0,2.0,2.0,17.0,2.0,1,
808,26.966667,0.033333,-0.3422561585903168,20.98345947265625,3.0682120323181152,2.592967618080369,0.3665437698364258,1.4012724034214672,-0.5122583618587421,0.026581681272780964,1.4922062738321626,-0.08528927139949234,16.6350219850969,2.0,0.8027947718524509,0.5473546915233057,-0.23648128034539734,0.8770163118476301,1.4596378803253174,-0.4734951853752136,0.040777869522571564,0.5553786754608154,macro_normal,SAFE_PROGRESSING,NONE,1,0,"-0.304,21.015;-0.279,20.515;-0.254,20.016;-0.229,19.517;-0.204,19.017;-0.179,18.518;-0.154,18.018",0,1,NORMAL_CORRECTION,1,0.7971927476344299,0.5582003712997389,-0.2299914533192521,0.9,inf,8.445516355128513,0.0,0,0,0,DIRECT_LOCAL,NORMAL_CORRECTION,1,BYPASS_VISIBLE,1,20,2.0,17.0,2.0,2.0,17.0,2.0,1,
809,27.0,0.033333,-0.3805851936340332,20.9517822265625,3.069159507751465,2.60521752650238,0.3676929175853729,1.4009110993963199,-0.5121280928327875,0.026757707681686584,1.4918254143165461,-0.08528927139949234,16.6350219850969,2.0,0.8040992147563731,0.544701440237121,-0.23816967445875667,0.8712046961380324,1.4596138000488281,-0.4740152359008789,0.04045024514198303,0.5545777082443237,macro_normal,SAFE_PROGRESSING,NONE,1,0,"-0.342,20.983;-0.313,20.484;-0.283,19.985;-0.254,19.486;-0.224,18.987;-0.195,18.488;-0.165,17.989",0,1,NORMAL_CORRECTION,1,0.7971927476344299,0.5582003712997389,-0.2299914533192521,0.9,inf,8.409639925060182,0.0,0,0,0,DIRECT_LOCAL,NORMAL_CORRECTION,1,BYPASS_VISIBLE,1,20,2.0,17.0,2.0,2.0,17.0,2.0,1,
810,27.033333,0.033333,-0.4185158610343933,20.919649124145508,3.0701029300689697,2.617502881676507,0.3689248263835907,1.4005601549958542,-0.5122566368150582,0.02727266931250362,1.4915493314719814,-0.08528927139949234,16.6350219850969,2.0,0.8053852157725867,0.5420427324261965,-0.23988399371130778,0.8653697166873014,1.459436297416687,-0.4745337963104248,0.04011717438697815,0.5519251823425293,macro_normal,SAFE_PROGRESSING,NONE,1,0,"-0.381,20.952;-0.346,20.453;-0.312,19.954;-0.278,19.455;-0.244,18.956;-0.210,18.458;-0.176,17.959",1,1,NORMAL_CORRECTION,1,0.8296084891843775,0.5583455513149671,0.0,0.8653697166873014,inf,8.373486034586046,0.0,0,0,0,DIRECT_LOCAL,NORMAL_CORRECTION,1,BYPASS_VISIBLE,1,20,2.0,17.0,2.0,2.0,17.0,2.0,1,
811,27.066667,0.033333,-0.4560498595237732,20.887060165405273,3.0710418224334717,2.629824415312414,0.369882732629776,1.4002826450582433,-0.5126150301761492,0.027767887544652595,1.4914210373977212,-0.08528927139949234,16.6350219850969,2.0,0.8066519196118688,0.5393796843508807,-0.2416241641393332,0.85951311056229,1.4592945575714111,-0.47496873140335083,0.03982667624950409,0.5481268763542175,macro_normal,SAFE_PROGRESSING,NONE,1,0,"-0.419,20.920;-0.380,20.421;-0.341,19.923;-0.302,19.424;-0.263,18.926;-0.225,18.427;-0.186,17.929",0,1,NORMAL_CORRECTION,1,0.8053852157725867,0.5420427324261965,-0.23988399371130778,0.8653697166873014,4.9803273251988545,8.337050981796976,0.0,0,0,0,DIRECT_LOCAL,NORMAL_CORRECTION,1,BYPASS_VISIBLE,1,20,2.0,17.0,2.0,2.0,17.0,2.0,1,
812,27.1,0.033333,-0.4931880533695221,20.85402488708496,3.071974992752075,2.642171643464786,0.3703106939792633,1.4000882975724416,-0.5131180064088139,0.02804118413481245,1.4914166545630145,-0.08528927139949234,16.6350219850969,2.0,0.807891941560725,0.5367229552777991,-0.24339079694825633,0.8536343971632452,1.459558129310608,-0.4751729369163513,0.039602912962436676,0.5439531207084656,macro_normal,SAFE_PROGRESSING,NONE,1,0,"-0.456,20.887;-0.413,20.389;-0.369,19.891;-0.326,19.393;-0.282,18.895;-0.239,18.397;-0.195,17.898",0,1,NORMAL_CORRECTION,1,0.8053852157725867,0.5420427324261965,-0.23988399371130778,0.8653697166873014,4.971979895786291,8.300340701774939,0.0,0,0,0,DIRECT_LOCAL,NORMAL_CORRECTION,1,BYPASS_VISIBLE,1,20,2.0,17.0,2.0,2.0,17.0,2.0,1,
813,27.133333,0.033333,-0.5299290418624878,20.820545196533203,3.072902202606201,2.654526695775693,0.3701097369194031,1.3999652173965431,-0.5136576671067108,0.028118821920009664,1.4914883429124839,-0.08528927139949234,16.6350219850969,2.0,0.8090943884503013,0.5340890862552203,-0.24518384637103693,0.8477350270766527,1.4603052139282227,-0.4750850796699524,0.039448704570531845,0.5397989749908447,macro_normal,SAFE_PROGRESSING,NONE,1,0,"-0.493,20.854;-0.445,20.356;-0.397,19.859;-0.349,19.361;-0.301,18.863;-0.253,18.366;-0.204,17.868",0,1,NORMAL_CORRECTION,1,0.8053852157725867,0.5420427324261965,-0.23988399371130778,0.8653697166873014,4.927822376742212,8.263353825515447,0.0,0,0,0,DIRECT_LOCAL,NORMAL_CORRECTION,1,BYPASS_VISIBLE,1,20,2.0,17.0,2.0,2.0,17.0,2.0,1,
814,27.166667,0.033333,-0.5662686824798584,20.7866268157959,3.073823928833008,2.666869622170035,0.36931246519088745,1.399917569945557,-0.5141276185055579,0.028165102998033258,1.4916064104780993,-0.08528927139949234,16.6350219850969,2.0,0.8102475170156357,0.5314960414489726,-0.24700388477525884,0.8418149221521192,1.461411714553833,-0.47477808594703674,0.03934256732463837,0.5356093645095825,macro_normal,SAFE_PROGRESSING,NONE,1,0,"-0.530,20.821;-0.477,20.323;-0.424,19.826;-0.371,19.329;-0.319,18.832;-0.266,18.335;-0.213,17.837",0,1,NORMAL_CORRECTION,1,0.8053852157725867,0.5420427324261965,-0.23988399371130778,0.8653697166873014,4.883495417688117,8.226093060345413,0.0,0,0,0,DIRECT_LOCAL,NORMAL_CORRECTION,1,BYPASS_VISIBLE,1,20,2.0,17.0,2.0,2.0,17.0,2.0,1,
815,27.2,0.033333,-0.602200984954834,20.75227165222168,3.0747408866882324,2.6791817964792934,0.36800843477249146,1.3999831465722254,-0.5144401501682135,0.028337064502468628,1.4917789608437244,-0.08528927139949234,16.6350219850969,2.0,0.8113408688411616,0.5289602509287678,-0.24885145666731323,0.8358747242061215,1.4625989198684692,-0.474510133266449,0.039253536611795425,0.5307955741882324,macro_normal,SAFE_PROGRESSING,NONE,1,0,"-0.566,20.787;-0.509,20.290;-0.451,19.793;-0.394,19.297;-0.336,18.800;-0.279,18.303;-0.221,17.807",0,1,NORMAL_CORRECTION,1,0.8053852157725867,0.5420427324261965,-0.23988399371130778,0.8653697166873014,4.839001344843432,8.188557466540813,0.0,0,0,0,DIRECT_LOCAL,NORMAL_CORRECTION,1,BYPASS_VISIBLE,1,20,2.0,17.0,2.0,2.0,17.0,2.0,1,
816,27.233333,0.033333,-0.637718915939331,20.71747589111328,3.075653553009033,2.6914461068288578,0.3662600815296173,1.400208070801208,-0.5145440302728539,0.02853533679039724,1.492029646512432,0.11792356245808489,16.31026527714596,2.0,0.7967438640709936,0.5578860596448422,-0.23229799723453023,0.9,1.4583120346069336,-0.4733431041240692,0.03966842219233513,0.5362616777420044,macro_normal,SAFE_PROGRESSING,NONE,1,0,"-0.602,20.752;-0.522,20.259;-0.442,19.765;-0.362,19.272;-0.282,18.778;-0.202,18.284;-0.122,17.791",1,1,NORMAL_CORRECTION,1,0.8191520442889918,0.5735764363510463,0.0,0.9,4.794339539955712,8.15074044657125,0.0,0,0,0,DIRECT_LOCAL,NORMAL_CORRECTION,1,BYPASS_VISIBLE,1,20,2.0,17.0,2.0,2.0,17.0,2.0,1,
817,27.266667,0.033333,-0.6728139519691467,20.68224334716797,3.076568841934204,2.7036495712960935,0.3643154203891754,1.400487244921427,-0.5144261159011548,0.027929173690445796,1.4922395218770306,0.11792356245808489,16.31026527714596,2.0,0.7981668922904859,0.5551825251283913,-0.23388453528057565,0.8943042200733442,1.4575729370117188,-0.47260209918022156,0.039953846484422684,0.5450228452682495,macro_normal,SAFE_PROGRESSING,NONE,1,0,"-0.638,20.717;-0.553,20.225;-0.469,19.732;-0.384,19.239;-0.300,18.746;-0.215,18.253;-0.131,17.761",0,1,NORMAL_CORRECTION,1,0.7967438640709936,0.5578860596448422,-0.23229799723453023,0.9,4.749504303787739,8.112643059823649,0.0,0,0,0,DIRECT_LOCAL,NORMAL_CORRECTION,1,BYPASS_VISIBLE,1,20,2.0,17.0,2.0,2.0,17.0,2.0,1,
818,27.3,0.033333,-0.7074748277664185,20.64657974243164,3.0774874687194824,2.715798147528494,0.36307665705680847,1.4006027358100404,-0.5141248644668445,0.026726882204622736,1.4922220766541419,0.11792356245808489,16.31026527714596,2.0,0.7995212864179775,0.5525459747689807,-0.2354966206363463,0.8885821979192683,1.4577653408050537,-0.4733799695968628,0.03992689400911331,0.5495862364768982,macro_normal,SAFE_PROGRESSING,NONE,1,0,"-0.673,20.682;-0.584,20.190;-0.495,19.698;-0.406,19.206;-0.317,18.714;-0.228,18.222;-0.139,17.730",0,1,NORMAL_CORRECTION,1,0.7967438640709936,0.5578860596448422,-0.23229799723453023,0.9,4.70449752031159,8.074268404678655,0.0,0,0,0,DIRECT_LOCAL,NORMAL_CORRECTION,1,BYPASS_VISIBLE,1,20,2.0,17.0,2.0,2.0,17.0,2.0,1,
819,27.333333,0.033333,-0.7416892647743225,20.610492706298828,3.0784060955047607,2.7279237829014003,0.36301594972610474,1.4004583029586029,-0.5137438372565298,0.025670055947152968,1.4919367079125996,0.11792356245808489,16.31026527714596,2.0,0.8008252823946669,0.5499508212687912,-0.23713490098103254,0.8828342006159717,1.4580788612365723,-0.47443366050720215,0.03966766968369484,0.5515981912612915,macro_normal,SAFE_PROGRESSING,NONE,1,0,"-0.707,20.647;-0.614,20.155;-0.520,19.664;-0.427,19.173;-0.333,18.682;-0.240,18.191;-0.147,17.699",0,1,NORMAL_CORRECTION,1,0.7967438640709936,0.5578860596448422,-0.23229799723453023,0.9,4.659323699694465,8.03562144083092,0.0,0,0,0,DIRECT_LOCAL,NORMAL_CORRECTION,1,BYPASS_VISIBLE,1,20,2.0,17.0,2.0,2.0,17.0,2.0,1,
820,27.366667,0.033333,-0.7754485607147217,20.573997497558594,3.0793230533599854,2.7400571276439,0.36385905742645264,1.400105659488309,-0.5134390809163039,0.02525295772313631,1.491493633716597,0.11792356245808489,16.31026527714596,2.0,0.8020964146195169,0.5473721961668421,-0.2387991216859987,0.8770607768035505,1.4583836793899536,-0.4749843180179596,0.03931642323732376,0.5528639554977417,macro_normal,SAFE_PROGRESSING,NONE,1,0,"-0.742,20.610;-0.644,20.120;-0.546,19.630;-0.448,19.140;-0.350,18.649;-0.252,18.159;-0.154,17.669",0,1,NORMAL_CORRECTION,1,0.7967438640709936,0.5578860596448422,-0.23229799723453023,0.9,4.648405335472777,7.996714348427215,0.0,0,0,0,DIRECT_LOCAL,NORMAL_CORRECTION,1,BYPASS_VISIBLE,1,20,2.0,17.0,2.0,2.0,17.0,2.0,1,
821,27.4,0.033333,-0.8087493777275085,20.5371036529541,3.0802359580993652,2.7522203792494597,0.3652022182941437,1.3996693275038228,-0.5133412019667613,0.025484652917589123,1.4910542859084683,0.11792356245808489,16.31026527714596,2.0,0.8033470758917843,0.5447921935389924,-0.24048896339560483,0.8712640517741368,1.4582977294921875,-0.4752628207206726,0.03895389288663864,0.5529564023017883,macro_normal,SAFE_PROGRESSING,NONE,1,0,"-0.775,20.574;-0.673,20.085;-0.570,19.595;-0.468,19.106;-0.365,18.617;-0.263,18.127;-0.160,17.638",0,1,NORMAL_CORRECTION,1,0.7967438640709936,0.5578860596448422,-0.23229799723453023,0.9,4.603936927216624,7.957553159614019,0.0,0,0,0,DIRECT_LOCAL,NORMAL_CORRECTION,1,BYPASS_VISIBLE,1,20,2.0,17.0,2.0,2.0,17.0,2.0,1,
822,27.433333,0.033333,-0.8415924906730652,20.499820709228516,3.081143617630005,2.764426894771864,0.36667051911354065,1.3992631193450946,-0.5134943420049612,0.026010704085938797,1.4907348098027082,0.11792356245808489,16.31026527714596,2.0,0.8045838575391844,0.5422010231470986,-0.2422041838730393,0.8654452124375437,1.4581586122512817,-0.4754735827445984,0.038581691682338715,0.5514501929283142,macro_normal,SAFE_PROGRESSING,NONE,1,0,"-0.809,20.537;-0.702,20.049;-0.595,19.560;-0.488,19.072;-0.380,18.584;-0.273,18.095;-0.166,17.607",1,1,NORMAL_CORRECTION,1,0.82927527998115,0.5588403260433031,0.0,0.8654452124375437,4.559318103516692,7.918143637876897,0.0,0,0,0,DIRECT_LOCAL,NORMAL_CORRECTION,1,BYPASS_VISIBLE,1,20,2.0,17.0,2.0,2.0,17.0,2.0,1,
823,27.466667,0.033333,-0.873979926109314,20.46215057373047,3.082045316696167,2.7766797007053197,0.36794206500053406,1.3989436111158602,-0.5138560757164558,0.026459729963231586,1.490567479499779,0.11792356245808489,16.31026527714596,2.0,0.8058071136827051,0.5395978703209545,-0.2439447353058441,0.8596056252656525,1.4580609798431396,-0.47566747665405273,0.03823883831501007,0.5485694408416748,macro_normal,SAFE_PROGRESSING,NONE,1,0,"-0.842,20.500;-0.730,20.012;-0.618,19.525;-0.507,19.038;-0.395,18.550;-0.283,18.063;-0.172,17.576",0,1,NORMAL_CORRECTION,1,0.8045838575391844,0.5422010231470986,-0.2422041838730393,0.8654452124375437,4.514553013425689,7.878483912270099,0.0,0,0,0,DIRECT_LOCAL,NORMAL_CORRECTION,1,BYPASS_VISIBLE,1,20,2.0,17.0,2.0,2.0,17.0,2.0,1,
824,27.5,0.033333,-0.9059119820594788,20.424097061157227,3.082939624786377,2.7889711108158006,0.36877110600471497,1.3987150196396958,-0.5143323302138392,0.02665121883868426,1.4905206270073759,0.11792356245808489,16.31026527714596,2.0,0.8070109566790894,0.5369910609471349,-0.24571104220765383,0.8537452558375203,1.4583334922790527,-0.4756019115447998,0.03797128424048424,0.5454349517822266,macro_normal,SAFE_PROGRESSING,NONE,1,0,"-0.874,20.462;-0.758,19.976;-0.642,19.490;-0.525,19.003;-0.409,18.517;-0.293,18.031;-0.177,17.544",0,1,NORMAL_CORRECTION,1,0.8045838575391844,0.5422010231470986,-0.2422041838730393,0.8654452124375437,4.469638216312126,7.838574184379148,0.0,0,0,0,DIRECT_LOCAL,NORMAL_CORRECTION,1,BYPASS_VISIBLE,1,20,2.0,17.0,2.0,2.0,17.0,2.0,1,
825,27.533333,0.033333,-0.9373867511749268,20.385665893554688,3.083826780319214,2.80128557243115,0.3690471351146698,1.3985608715879205,-0.5148137988628358,0.026634351965331246,1.4905418973450435,0.11792356245808489,16.31026527714596,2.0,0.8081856721507776,0.5343950195745675,-0.24750329772367377,0.847864403530633,1.4589470624923706,-0.47522202134132385,0.03780931979417801,0.5426729321479797,macro_normal,SAFE_PROGRESSING,NONE,1,0,"-0.906,20.424;-0.785,19.939;-0.664,19.454;-0.544,18.968;-0.423,18.483;-0.302,17.998;-0.181,17.513",0,1,NORMAL_CORRECTION,1,0.8045838575391844,0.5422010231470986,-0.2422041838730393,0.8654452124375437,4.451478482995958,7.798416725568863,0.0,0,0,0,DIRECT_LOCAL,NORMAL_CORRECTION,1,BYPASS_VISIBLE,1,20,2.0,17.0,2.0,2.0,17.0,2.0,1,
826,27.566667,0.033333,-0.968398928642273,20.346858978271484,3.0847067832946777,2.8136051862840787,0.36880168318748474,1.3984787383753206,-0.5151995279151895,0.026571166856188995,1.4905969818029157,0.11792356245808489,16.31026527714596,2.0,0.8093207164200957,0.5318256558340126,-0.2493219801180502,0.8419636581773551,1.4601796865463257,-0.4748067855834961,0.03766279295086861,0.5391466021537781,macro_normal,SAFE_PROGRESSING,NONE,1,0,"-0.937,20.386;-0.812,19.902;-0.687,19.418;-0.561,18.934;-0.436,18.450;-0.311,17.965;-0.185,17.481",0,1,NORMAL_CORRECTION,1,0.8045838575391844,0.5422010231470986,-0.2422041838730393,0.8654452124375437,4.476148677378182,7.758010187116813,0.0,0,0,0,DIRECT_LOCAL,NORMAL_CORRECTION,1,BYPASS_VISIBLE,1,20,2.0,17.0,2.0,2.0,17.0,2.0,1,
827,27.6,0.033333,-0.9989412426948547,20.307676315307617,3.0855801105499268,2.8259131928346033,0.36810824275016785,1.39850337349871,-0.5154132350549787,0.02666941755208638,1.4906957256226638,0.11792356245808489,16.31026527714596,2.0,0.8104065698723529,0.5292975894908971,-0.2511677791175712,0.8360427085415376,1.4614686965942383,-0.474388062953949,0.03754352405667305,0.5349534153938293,macro_normal,SAFE_PROGRESSING,NONE,1,0,"-0.968,20.347;-0.838,19.864;-0.709,19.381;-0.579,18.898;-0.449,18.416;-0.319,17.933;-0.189,17.450",0,1,NORMAL_CORRECTION,1,0.8045838575391844,0.5422010231470986,-0.2422041838730393,0.8654452124375437,4.43089809820926,7.717351374490217,0.0,0,0,0,DIRECT_LOCAL,NORMAL_CORRECTION,1,BYPASS_VISIBLE,1,20,2.0,17.0,2.0,2.0,17.0,2.0,1,
828,27.633333,0.033333,-1.029005765914917,20.268117904663086,3.0864481925964355,2.8381934975353276,0.36698824167251587,1.398686300281814,-0.5154176351684951,0.026861530265491824,1.4908723107787991,0.3629591181727183,16.018710541712686,2.0,0.7963084199339703,0.5575811583776293,-0.2345125842348864,0.8999999999999998,1.4573365449905396,-0.47304198145866394,0.037941791117191315,0.5409170389175415,macro_normal,SAFE_PROGRESSING,NONE,1,0,"-0.999,20.308;-0.848,19.831;-0.696,19.355;-0.545,18.878;-0.394,18.401;-0.242,17.925;-0.091,17.448",1,1,NORMAL_CORRECTION,1,0.8191520442889917,0.5735764363510463,0.0,0.8999999999999998,4.385491091911974,7.676437059939179,0.0,0,0,0,DIRECT_LOCAL,NORMAL_CORRECTION,1,BYPASS_VISIBLE,1,20,2.0,17.0,2.0,2.0,17.0,2.0,1,
829,27.666667,0.033333,-1.0585832595825195,20.22818946838379,3.0873172283172607,2.8504330679658065,0.36565035581588745,1.3989341717863386,-0.5152088812609571,0.02631767653827889,1.4910230140477612,0.3629591181727183,16.018710541712686,2.0,0.7977478019065218,0.5548476766885726,-0.23609849687494003,0.8943160330628134,1.456830382347107,-0.47214794158935547,0.03821594640612602,0.5497667789459229,macro_normal,SAFE_PROGRESSING,NONE,1,0,"-1.029,20.268;-0.873,19.793;-0.718,19.318;-0.562,18.843;-0.406,18.367;-0.251,17.892;-0.095,17.417",0,1,NORMAL_CORRECTION,1,0.7963084199339703,0.5575811583776293,-0.2345125842348864,0.8999999999999998,4.339924870740769,7.6352697173959765,0.0,0,0,0,DIRECT_LOCAL,NORMAL_CORRECTION,1,BYPASS_VISIBLE,1,20,2.0,17.0,2.0,2.0,17.0,2.0,1,
830,27.7,0.033333,-1.0876636505126953,20.187896728515625,3.0881881713867188,2.862636872126771,0.3649623394012451,1.3990417291653068,-0.5148261041429977,0.025233193536267597,1.490972968067814,0.3629591181727183,16.018710541712686,2.0,0.7991296535279785,0.55216475040638,-0.23770966589710507,0.8886055495177174,1.4570338726043701,-0.4728357195854187,0.038220152258872986,0.5542024374008179,macro_normal,SAFE_PROGRESSING,NONE,1,0,"-1.059,20.228;-0.899,19.754;-0.739,19.281;-0.579,18.807;-0.419,18.333;-0.259,17.860;-0.099,17.386",0,1,NORMAL_CORRECTION,1,0.7963084199339703,0.5575811583776293,-0.2345125842348864,0.8999999999999998,4.272223196277288,7.593851770202335,0.0,0,0,0,DIRECT_LOCAL,NORMAL_CORRECTION,1,BYPASS_VISIBLE,1,20,2.0,17.0,2.0,2.0,17.0,2.0,1,
831,27.733333,0.033333,-1.1162358522415161,20.147253036499023,3.0890591144561768,2.8748343465864914,0.36534884572029114,1.3989200582096442,-0.5143701644067201,0.02429304772562408,1.4906857976987877,0.3629591181727183,16.018710541712686,2.0,0.800470556516436,0.5495088420714136,-0.2393468625981999,0.8828685038499667,1.4572209119796753,-0.473935067653656,0.03803058713674545,0.5558615922927856,macro_normal,SAFE_PROGRESSING,NONE,1,0,"-1.088,20.188;-0.923,19.716;-0.759,19.243;-0.595,18.771;-0.430,18.299;-0.266,17.827;-0.102,17.355",0,1,NORMAL_CORRECTION,1,0.7963084199339703,0.5575811583776293,-0.2345125842348864,0.8999999999999998,4.226797051610994,7.552193209946367,0.0,0,0,0,DIRECT_LOCAL,NORMAL_CORRECTION,1,BYPASS_VISIBLE,1,20,2.0,17.0,2.0,2.0,17.0,2.0,1,
832,27.766667,0.033333,-1.1442928314208984,20.10625457763672,3.089928388595581,2.887052130023856,0.3664979934692383,1.3986113300652823,-0.5139945872148379,0.023940847833305537,1.490260800151472,0.3629591181727183,16.018710541712686,2.0,0.8017858604584385,0.546857972554174,-0.24100994133616133,0.8771061712644682,1.457552194595337,-0.4746335744857788,0.03775212541222572,0.5564522743225098,macro_normal,SAFE_PROGRESSING,NONE,1,0,"-1.116,20.147;-0.948,19.677;-0.779,19.206;-0.610,18.735;-0.442,18.264;-0.273,17.794;-0.104,17.323",0,1,NORMAL_CORRECTION,1,0.7963084199339703,0.5575811583776293,-0.2345125842348864,0.8999999999999998,4.181225310741803,7.510286643116814,0.0,0,0,0,DIRECT_LOCAL,NORMAL_CORRECTION,1,BYPASS_VISIBLE,1,20,2.0,17.0,2.0,2.0,17.0,2.0,1,
833,27.8,0.033333,-1.1718329191207886,20.064924240112305,3.090794324874878,2.899306817029698,0.36799684166908264,1.3982248514007463,-0.5138340386107786,0.024210357789416527,1.489847071257313,0.3629591181727183,16.018710541712686,2.0,0.8030838047719875,0.5441996988995454,-0.2426995884433928,0.8713168123058775,1.457679271697998,-0.47498568892478943,0.037467531859874725,0.5559123158454895,macro_normal,SAFE_PROGRESSING,NONE,1,0,"-1.144,20.106;-0.971,19.637;-0.798,19.168;-0.625,18.699;-0.452,18.230;-0.279,17.761;-0.106,17.292",0,1,NORMAL_CORRECTION,1,0.7963084199339703,0.5575811583776293,-0.2345125842348864,0.8999999999999998,4.156140839025357,7.468151164644102,0.0,0,0,0,DIRECT_LOCAL,NORMAL_CORRECTION,1,BYPASS_VISIBLE,1,20,2.0,17.0,2.0,2.0,17.0,2.0,1,
834,27.833333,0.033333,-1.1988581418991089,20.02327537536621,3.091655969619751,2.911607019468282,0.36948660016059875,1.3978690169233015,-0.5139373594611598,0.024804196068276576,1.4895585406645224,0.3629591181727183,16.018710541712686,2.0,0.8043689226897124,0.5415273737140754,-0.24441509717962942,0.8655040587046665,1.457599401473999,-0.47525256872177124,0.03719828650355339,0.553798258304596,macro_normal,SAFE_PROGRESSING,NONE,1,0,"-1.172,20.065;-0.995,19.597;-0.817,19.130;-0.640,18.662;-0.463,18.195;-0.285,17.727;-0.108,17.260",1,1,NORMAL_CORRECTION,1,0.8295279266744018,0.5584652351465296,0.0,0.8655040587046665,4.1098411253698455,7.425796271775038,0.0,0,0,0,DIRECT_LOCAL,NORMAL_CORRECTION,1,BYPASS_VISIBLE,1,20,2.0,17.0,2.0,2.0,17.0,2.0,1,
835,27.866667,0.033333,-1.2253717184066772,19.98130989074707,3.092512845993042,2.9239516312651808,0.3706570863723755,1.3976052146169935,-0.5142618494910374,0.025353957584859057,1.4894322438203653,0.3629591181727183,16.018710541712686,2.0,0.8056395248756221,0.5388432405616943,-0.246156287872469,0.859669998564397,1.4575555324554443,-0.4754626154899597,0.03696906194090843,0.5504536032676697,macro_normal,SAFE_PROGRESSING,NONE,1,0,"-1.199,20.023;-1.017,19.557;-0.836,19.092;-0.654,18.626;-0.472,18.160;-0.290,17.694;-0.109,17.228",0,1,NORMAL_CORRECTION,1,0.8043689226897124,0.5415273737140754,-0.24441509717962942,0.8655040587046665,4.063417240587402,7.383220065166014,0.0,0,0,0,DIRECT_LOCAL,NORMAL_CORRECTION,1,BYPASS_VISIBLE,1,20,2.0,17.0,2.0,2.0,17.0,2.0,1,
836,27.9,0.033333,-1.2513750791549683,19.93902587890625,3.0933644771575928,2.9363297127180066,0.3712867796421051,1.3974413515311133,-0.5147077473972484,0.025653587870652163,1.489437646486247,0.3629591181727183,16.018710541712686,2.0,0.8068878904902753,0.5361583837340569,-0.24792361672869478,0.8538146976340177,1.4577609300613403,-0.4754393696784973,0.03681947663426399,0.5469063520431519,macro_normal,SAFE_PROGRESSING,NONE,1,0,"-1.225,19.981;-1.039,19.517;-0.853,19.053;-0.667,18.589;-0.481,18.125;-0.295,17.661;-0.109,17.197",0,1,NORMAL_CORRECTION,1,0.8043689226897124,0.5415273737140754,-0.24441509717962942,0.8655040587046665,4.016865601422245,7.340416945793171,0.0,0,0,0,DIRECT_LOCAL,NORMAL_CORRECTION,1,BYPASS_VISIBLE,1,20,2.0,17.0,2.0,2.0,17.0,2.0,1,
837,27.933333,0.033333,-1.276867151260376,19.89643096923828,3.094210386276245,2.948723316312593,0.3712952136993408,1.3973607732557651,-0.5151581132811739,0.025716176404503292,1.4895188263470316,0.3629591181727183,16.018710541712686,2.0,0.8081026338927179,0.5334896135620226,-0.24971777132814593,0.8479374326846696,1.4587515592575073,-0.47525766491889954,0.036686208099126816,0.5427159667015076,macro_normal,SAFE_PROGRESSING,NONE,1,0,"-1.251,19.939;-1.061,19.477;-0.871,19.014;-0.680,18.552;-0.490,18.090;-0.299,17.627;-0.109,17.165",0,1,NORMAL_CORRECTION,1,0.8043689226897124,0.5415273737140754,-0.24441509717962942,0.8655040587046665,3.9701793474599176,7.29739094577343,0.0,0,0,0,DIRECT_LOCAL,NORMAL_CORRECTION,1,BYPASS_VISIBLE,1,20,2.0,17.0,2.0,2.0,17.0,2.0,1,
838,27.966667,0.033333,-1.301843285560608,19.85352897644043,3.095050811767578,2.961112268162158,0.37071627378463745,1.3973663344199063,-0.5155078422434841,0.025761758807651063,1.489645822402601,0.3629591181727183,16.018710541712686,2.0,0.8092721887722608,0.5308546404401867,-0.25153901328198464,0.8420390942936592,1.460007667541504,-0.47485417127609253,0.03660765662789345,0.5383644700050354,macro_normal,SAFE_PROGRESSING,NONE,1,0,"-1.277,19.896;-1.082,19.436;-0.887,18.975;-0.693,18.515;-0.498,18.054;-0.303,17.594;-0.108,17.133",0,1,NORMAL_CORRECTION,1,0.8043689226897124,0.5415273737140754,-0.24441509717962942,0.8655040587046665,3.9233615182539046,7.254142354476331,0.0,0,0,0,DIRECT_LOCAL,NORMAL_CORRECTION,1,BYPASS_VISIBLE,1,20,2.0,17.0,2.0,2.0,17.0,2.0,1,
839,28.0,0.033333,-1.3262975215911865,19.810319900512695,3.0958852767944336,2.973477102191483,0.36960750818252563,1.3975018681201605,-0.5156798121872788,0.025981556115006167,1.4898362934748919,0.3629591181727183,16.018710541712686,2.0,0.8103857040781001,0.52827030253806,-0.2533880385538924,0.8361195960101403,1.461392879486084,-0.47441399097442627,0.03656588867306709,0.5335533022880554,macro_normal,SAFE_PROGRESSING,NONE,1,0,"-1.302,19.854;-1.103,19.395;-0.904,18.936;-0.705,18.478;-0.505,18.019;-0.306,17.560;-0.107,17.102",0,1,NORMAL_CORRECTION,1,0.8043689226897124,0.5415273737140754,-0.24441509717962942,0.8655040587046665,3.876412148363835,7.210667641352322,0.0,0,0,0,DIRECT_LOCAL,NORMAL_CORRECTION,1,BYPASS_VISIBLE,1,20,2.0,17.0,2.0,2.0,17.0,2.0,1,
840,28.033333,0.033333,-1.3502222299575806,19.76680564880371,3.096715211868286,2.9857993888686605,0.36801546812057495,1.3978197012882265,-0.515632872055646,0.02627810006993514,1.4901233890511034,0.6515738147748455,15.768287617516721,2.0,0.7958910495347862,0.557288912477895,-0.23661467684744628,0.9,1.4573643207550049,-0.47319504618644714,0.037031881511211395,0.5384964346885681,macro_normal,SAFE_PROGRESSING,NONE,1,0,"-1.326,19.810;-1.107,19.361;-0.887,18.912;-0.667,18.463;-0.447,18.014;-0.227,17.565;-0.008,17.116",1,1,NORMAL_CORRECTION,1,0.8191520442889917,0.5735764363510463,0.0,0.9,3.829327751896782,7.166965161031665,0.0,0,0,0,DIRECT_LOCAL,NORMAL_CORRECTION,1,BYPASS_VISIBLE,1,20,2.0,17.0,2.0,2.0,17.0,2.0,1,
841,28.066667,0.033333,-1.3736090660095215,19.72298812866211,3.0975472927093506,2.9980646257723813,0.3661668598651886,1.398221780666336,-0.5153618242259596,0.025815751745305374,1.490398742228879,0.6515738147748455,15.768287617516721,2.0,0.7973419230678178,0.5545319779480975,-0.23820189577642933,0.8943228466551343,1.4566694498062134,-0.4724395275115967,0.03740813955664635,0.5467180013656616,macro_normal,SAFE_PROGRESSING,NONE,1,0,"-1.350,19.767;-1.126,19.320;-0.903,18.873;-0.679,18.426;-0.455,17.978;-0.231,17.531;-0.007,17.084",0,1,NORMAL_CORRECTION,1,0.7958910495347862,0.557288912477895,-0.23661467684744628,0.9,3.782106973424299,7.123033219975993,0.0,0,0,0,DIRECT_LOCAL,NORMAL_CORRECTION,1,BYPASS_VISIBLE,1,20,2.0,17.0,2.0,2.0,17.0,2.0,1,
842,28.1,0.033333,-1.3964488506317139,19.678874969482422,3.0983831882476807,3.0102761416917576,0.36493057012557983,1.3984910457317168,-0.5149111270217063,0.024760371262361084,1.490477691784619,0.6515738147748455,15.768287617516721,2.0,0.7987247981267029,0.5518400300883579,-0.23981509137153512,0.8886173942361395,1.4570499658584595,-0.47318923473358154,0.03748871758580208,0.5508376359939575,macro_normal,SAFE_PROGRESSING,NONE,1,0,"-1.374,19.723;-1.146,19.278;-0.918,18.833;-0.690,18.388;-0.462,17.943;-0.234,17.498;-0.006,17.053",0,1,NORMAL_CORRECTION,1,0.7958910495347862,0.557288912477895,-0.23661467684744628,0.9,3.816761182968043,7.078875790609294,0.0,0,0,0,DIRECT_LOCAL,NORMAL_CORRECTION,1,BYPASS_VISIBLE,1,20,2.0,17.0,2.0,2.0,17.0,2.0,1,
843,28.133333,0.033333,-1.4187331199645996,19.634479522705078,3.09921932220459,3.02246265722917,0.36478671431541443,1.3985260132727677,-0.5143899261215941,0.02383366161868538,1.4903154194069637,0.6515738147748455,15.768287617516721,2.0,0.8000559688127291,0.549190170557005,-0.24145517871997124,0.8828836905362586,1.4573988914489746,-0.4742273986339569,0.03735826164484024,0.5525996685028076,macro_normal,SAFE_PROGRESSING,NONE,1,0,"-1.396,19.679;-1.164,19.236;-0.933,18.793;-0.701,18.350;-0.469,17.907;-0.237,17.464;-0.005,17.021",0,1,NORMAL_CORRECTION,1,0.7958910495347862,0.557288912477895,-0.23661467684744628,0.9,3.7697383746089694,7.0345025058864685,0.0,0,0,0,DIRECT_LOCAL,NORMAL_CORRECTION,1,BYPASS_VISIBLE,1,20,2.0,17.0,2.0,2.0,17.0,2.0,1,
844,28.166667,0.033333,-1.440457820892334,19.58981704711914,3.100055456161499,3.034652569402883,0.36548295617103577,1.3983683822799875,-0.5139556592226824,0.023501900253658104,1.4900123796542446,0.6515738147748455,15.768287617516721,2.0,0.801351761014226,0.5465593984275465,-0.2431217372221524,0.8771228112818459,1.4577791690826416,-0.4749499261379242,0.03711463510990143,0.5530573129653931,macro_normal,SAFE_PROGRESSING,NONE,1,0,"-1.419,19.634;-1.183,19.194;-0.947,18.753;-0.711,18.312;-0.475,17.871;-0.239,17.431;-0.003,16.990",0,1,NORMAL_CORRECTION,1,0.7958910495347862,0.557288912477895,-0.23661467684744628,0.9,4.913531493882522,6.9899248773628635,0.0,0,0,0,DIRECT_LOCAL,NORMAL_CORRECTION,1,BYPASS_VISIBLE,1,20,2.0,17.0,2.0,2.0,17.0,2.0,1,
845,28.2,0.033333,-1.4616230726242065,19.544898986816406,3.1008880138397217,3.046865883284105,0.3666137158870697,1.3981319149513025,-0.5137406939719117,0.02378446019690778,1.4897207969263895,0.6515738147748455,15.768287617516721,2.0,0.8026231844290652,0.5439317176317783,-0.24481484916379198,0.8713365261699911,1.4578642845153809,-0.4754886031150818,0.03683294355869293,0.551742434501648,macro_normal,SAFE_PROGRESSING,NONE,1,0,"-1.440,19.590;-1.200,19.151;-0.960,18.713;-0.720,18.274;-0.480,17.835;-0.240,17.397;0.000,16.958",0,1,NORMAL_CORRECTION,1,0.7958910495347862,0.557288912477895,-0.23661467684744628,0.9,4.86433352007836,6.945150636292352,0.0,0,0,0,DIRECT_LOCAL,NORMAL_CORRECTION,1,BYPASS_VISIBLE,1,20,2.0,17.0,2.0,2.0,17.0,2.0,1,
846,28.233333,0.033333,-1.482232689857483,19.499731063842773,3.1017167568206787,3.059113196747125,0.3677730858325958,1.3979254041827691,-0.5137955609219547,0.024370843132410298,1.4895553873816343,0.6515738147748455,15.768287617516721,2.0,0.8038754248952051,0.5412996431859359,-0.24653396832147056,0.8655263027692847,1.4577335119247437,-0.47583574056625366,0.03657102584838867,0.5491667985916138,macro_normal,SAFE_PROGRESSING,NONE,1,0,"-1.462,19.545;-1.217,19.109;-0.973,18.672;-0.729,18.236;-0.485,17.800;-0.241,17.363;0.003,16.927",1,1,NORMAL_CORRECTION,1,0.8294779666353005,0.5585394371631848,0.0,0.8655263027692847,4.871782405238191,6.900181880811256,0.0,0,0,0,DIRECT_LOCAL,NORMAL_CORRECTION,1,BYPASS_VISIBLE,1,20,2.0,17.0,2.0,2.0,17.0,2.0,1,
847,28.266667,0.033333,-1.5022914409637451,19.45431900024414,3.102540969848633,3.0713936857409325,0.36862024664878845,1.3978030040516436,-0.5140829770725275,0.024889757279676364,1.48954826892887,0.6515738147748455,15.768287617516721,2.0,0.8051064919730978,0.5386658267900073,-0.24827940637799525,0.8596929775760851,1.4576280117034912,-0.47585856914520264,0.036381516605615616,0.5464704632759094,macro_normal,SAFE_PROGRESSING,NONE,1,0,"-1.482,19.500;-1.234,19.066;-0.986,18.632;-0.738,18.198;-0.489,17.764;-0.241,17.330;0.007,16.895",0,1,NORMAL_CORRECTION,1,0.8038754248952051,0.5412996431859359,-0.24653396832147056,0.8655263027692847,4.822956703079358,6.85502081125836,0.0,0,0,0,DIRECT_LOCAL,NORMAL_CORRECTION,1,BYPASS_VISIBLE,1,20,2.0,17.0,2.0,2.0,17.0,2.0,1,
848,28.3,0.033333,-1.5218018293380737,19.408668518066406,3.1033596992492676,3.0836974733644413,0.3689812421798706,1.3977641881489888,-0.5145030992758916,0.025121320782176573,1.4896607820554781,0.6515738147748455,15.768287617516721,2.0,0.8063094781142912,0.5360404392780085,-0.25005134065167256,0.8538375230529349,1.4580236673355103,-0.47577038407325745,0.036221228539943695,0.5431145429611206,macro_normal,SAFE_PROGRESSING,NONE,1,0,"-1.502,19.454;-1.250,19.023;-0.998,18.591;-0.746,18.159;-0.493,17.728;-0.241,17.296;0.011,16.864",0,1,NORMAL_CORRECTION,1,0.8038754248952051,0.5412996431859359,-0.24653396832147056,0.8655263027692847,4.832509792320729,6.809669688739059,0.0,0,0,0,DIRECT_LOCAL,NORMAL_CORRECTION,1,BYPASS_VISIBLE,1,20,2.0,17.0,2.0,2.0,17.0,2.0,1,
849,28.333333,0.033333,-1.5407634973526,19.36277961730957,3.104172945022583,3.096010140131509,0.36882200837135315,1.3977901183404853,-0.5149310684385917,0.025113602186682033,1.4898328473987976,0.6515738147748455,15.768287617516721,2.0,0.8074754044545565,0.5334370386250122,-0.2518499494221259,0.8479607253053689,1.4587912559509277,-0.47558829188346863,0.036097511649131775,0.539132833480835,macro_normal,SAFE_PROGRESSING,NONE,1,0,"-1.522,19.409;-1.265,18.979;-1.009,18.550;-0.753,18.121;-0.497,17.691;-0.240,17.262;0.016,16.833",0,1,NORMAL_CORRECTION,1,0.8038754248952051,0.5412996431859359,-0.24653396832147056,0.8655263027692847,4.84393097174027,6.764125070587558,0.0,0,0,0,DIRECT_LOCAL,NORMAL_CORRECTION,1,BYPASS_VISIBLE,1,20,2.0,17.0,2.0,2.0,17.0,2.0,1,
850,28.366667,0.033333,-1.5591726303100586,19.316661834716797,3.10498046875,3.1083146813453624,0.3681506812572479,1.3978836798691299,-0.5152563273815899,0.02506452516558036,1.490032246554752,0.6515738147748455,15.768287617516721,2.0,0.8085938789184905,0.5308713989393219,-0.25367596804537257,0.8420621266087436,1.4598312377929688,-0.47519129514694214,0.03602657467126846,0.5352091789245605,macro_normal,SAFE_PROGRESSING,NONE,1,0,"-1.541,19.363;-1.280,18.936;-1.020,18.509;-0.760,18.082;-0.499,17.655;-0.239,17.228;0.021,16.802",0,1,NORMAL_CORRECTION,1,0.8038754248952051,0.5412996431859359,-0.24653396832147056,0.8655263027692847,4.857241268357674,6.718393015535664,0.0,0,0,0,DIRECT_LOCAL,NORMAL_CORRECTION,1,BYPASS_VISIBLE,1,20,2.0,17.0,2.0,2.0,17.0,2.0,1,
851,28.4,0.033333,-1.5770236253738403,19.270315170288086,3.105782985687256,3.120593188574145,0.36701133847236633,1.3980789716513602,-0.5154033892316398,0.025153159254455965,1.4902678101689193,0.6515738147748455,15.768287617516721,2.0,0.8096552616429826,0.528358695246146,-0.2555297369223859,0.8361425579348486,1.461142897605896,-0.4747564196586609,0.03597346693277359,0.5308876633644104,macro_normal,SAFE_PROGRESSING,NONE,1,0,"-1.559,19.317;-1.295,18.892;-1.030,18.468;-0.766,18.044;-0.502,17.619;-0.237,17.195;0.027,16.770",0,1,NORMAL_CORRECTION,1,0.8038754248952051,0.5412996431859359,-0.24653396832147056,0.8655263027692847,4.936508956770415,6.672470009512695,0.0,0,0,0,DIRECT_LOCAL,NORMAL_CORRECTION,1,BYPASS_VISIBLE,1,20,2.0,17.0,2.0,2.0,17.0,2.0,1,
852,28.433333,0.033333,-1.5943090915679932,19.22374725341797,3.106581211090088,3.132829185556333,0.36546680331230164,1.3984193917946552,-0.5153377319177683,0.025313916566320104,1.4905671966259721,0.9716678830147378,15.561653471633441,2.0,0.7954870948759944,0.5570060603807141,-0.23863053154386304,0.9,1.4569833278656006,-0.47357600927352905,0.036419861018657684,0.5361864566802979,macro_normal,SAFE_PROGRESSING,NONE,1,0,"-1.577,19.270;-1.294,18.858;-1.011,18.446;-0.727,18.034;-0.444,17.622;-0.161,17.210;0.122,16.798",1,1,NORMAL_CORRECTION,1,0.8191520442889917,0.5735764363510463,0.0,0.9,4.95511042411132,6.626360107573496,0.0,0,0,0,DIRECT_LOCAL,NORMAL_CORRECTION,1,BYPASS_VISIBLE,1,20,2.0,17.0,2.0,2.0,17.0,2.0,1,
853,28.466667,0.033333,-1.6110213994979858,19.176959991455078,3.1073827743530273,-3.138174742825362,0.36373576521873474,1.398804951962241,-0.5150617800765604,0.024743316190304857,1.4908239878086937,0.9716678830147378,15.561653471633441,2.0,0.7968860881306948,0.5543155152125602,-0.24022254710662,0.8943191533378595,1.4564298391342163,-0.47272560000419617,0.03676063194870949,0.5450174808502197,macro_normal,SAFE_PROGRESSING,NONE,1,0,"-1.594,19.224;-1.307,18.814;-1.020,18.405;-0.734,17.995;-0.447,17.586;-0.160,17.176;0.127,16.767",0,1,NORMAL_CORRECTION,1,0.7954870948759944,0.5570060603807141,-0.23863053154386304,0.9,inf,6.580061611852155,0.0,0,0,0,DIRECT_LOCAL,NORMAL_CORRECTION,1,BYPASS_VISIBLE,1,20,2.0,17.0,2.0,2.0,17.0,2.0,1,
854,28.5,0.033333,-1.6271528005599976,19.129962921142578,3.1081881523132324,-3.1260422473558407,0.3626914322376251,1.3990275735739488,-0.5146239397410691,0.0236498353509556,1.4908639326534658,0.9716678830147378,15.561653471633441,2.0,0.7982198663171305,0.5516866148567778,-0.24184069964447974,0.8886107170695372,1.456828236579895,-0.4733556807041168,0.03681041672825813,0.5497947931289673,macro_normal,SAFE_PROGRESSING,NONE,1,0,"-1.611,19.177;-1.320,18.770;-1.030,18.363;-0.739,17.956;-0.448,17.550;-0.158,17.143;0.133,16.736",0,1,NORMAL_CORRECTION,1,0.7954870948759944,0.5570060603807141,-0.23863053154386304,0.9,4.998140913812516,6.533580423018321,0.0,0,0,0,DIRECT_LOCAL,NORMAL_CORRECTION,1,BYPASS_VISIBLE,1,20,2.0,17.0,2.0,2.0,17.0,2.0,1,
855,28.533333,0.033333,-1.6426973342895508,19.08277130126953,3.1089956760406494,-3.1139269444054123,0.3628077208995819,1.3990038313711142,-0.5141291838897054,0.022742249859782238,1.4906568175964705,0.9716678830147378,15.561653471633441,2.0,0.799506389748348,0.5490940591791226,-0.24348561954611786,0.8828748784019638,1.4572542905807495,-0.4743625223636627,0.0366315096616745,0.5517401695251465,macro_normal,SAFE_PROGRESSING,NONE,1,0,"-1.627,19.130;-1.333,18.726;-1.038,18.322;-0.744,17.917;-0.450,17.513;-0.155,17.109;0.139,16.705",0,1,NORMAL_CORRECTION,1,0.7954870948759944,0.5570060603807141,-0.23863053154386304,0.9,4.952980664960238,6.48692819930882,0.0,0,0,0,DIRECT_LOCAL,NORMAL_CORRECTION,1,BYPASS_VISIBLE,1,20,2.0,17.0,2.0,2.0,17.0,2.0,1,
856,28.566667,0.033333,-1.6576526165008545,19.035396575927734,3.109802007675171,-3.10179827852876,0.3637978732585907,1.3987907623625813,-0.5137279291755302,0.022463185518036315,1.4903142543737165,0.9716678830147378,15.561653471633441,2.0,0.8007630504211658,0.5465130123323056,-0.24515722390265876,0.8771129062927228,1.4575386047363281,-0.4750441312789917,0.03635698929429054,0.5524450540542603,macro_normal,SAFE_PROGRESSING,NONE,1,0,"-1.643,19.083;-1.345,18.681;-1.047,18.280;-0.749,17.878;-0.450,17.477;-0.152,17.076;0.146,16.674",0,1,NORMAL_CORRECTION,1,0.7954870948759944,0.5570060603807141,-0.23863053154386304,0.9,4.908175274257343,6.440112914674411,0.0,0,0,0,DIRECT_LOCAL,NORMAL_CORRECTION,1,BYPASS_VISIBLE,1,20,2.0,17.0,2.0,2.0,17.0,2.0,1,
857,28.6,0.033333,-1.6720200777053833,18.987857818603516,3.1106057167053223,-3.0896359577638433,0.3652164340019226,1.3985076581923144,-0.5135476070001291,0.022785169062652055,1.4899912679634486,0.9716678830147378,15.561653471633441,2.0,0.8020007845128666,0.5439276440849184,-0.24685513898028738,0.8713258275479976,1.4575614929199219,-0.47549277544021606,0.03605765849351883,0.5517259240150452,macro_normal,SAFE_PROGRESSING,NONE,1,0,"-1.658,19.035;-1.356,18.637;-1.054,18.238;-0.752,17.839;-0.451,17.441;-0.149,17.042;0.153,16.643",0,1,NORMAL_CORRECTION,1,0.7954870948759944,0.5570060603807141,-0.23863053154386304,0.9,4.863744448654994,6.393150349856145,0.0,0,0,0,DIRECT_LOCAL,NORMAL_CORRECTION,1,BYPASS_VISIBLE,1,20,2.0,17.0,2.0,2.0,17.0,2.0,1,
858,28.633333,0.033333,-1.6858046054840088,18.940153121948242,3.111405611038208,-3.0774299405511902,0.3666585385799408,1.3982574868383972,-0.5136360427793004,0.023369802139298266,1.4897960033486592,0.9716678830147378,15.561653471633441,2.0,0.8032250053572865,0.5413299390486068,-0.24857893687603322,0.8655163143662434,1.457419991493225,-0.4758639633655548,0.035766709595918655,0.5494362115859985,macro_normal,SAFE_PROGRESSING,NONE,1,0,"-1.672,18.988;-1.367,18.592;-1.061,18.196;-0.756,17.800;-0.450,17.404;-0.145,17.009;0.161,16.613",1,1,NORMAL_CORRECTION,1,0.8292539247968501,0.5588720141579998,0.0,0.8655163143662434,4.819711063576204,6.346035533209127,0.0,0,0,0,DIRECT_LOCAL,NORMAL_CORRECTION,1,BYPASS_VISIBLE,1,20,2.0,17.0,2.0,2.0,17.0,2.0,1,
859,28.666667,0.033333,-1.6990106105804443,18.892290115356445,3.112200975418091,-3.0651811811357974,0.367788702249527,1.3980870966261485,-0.5139562973640873,0.023858673537888935,1.489754289020751,0.9716678830147378,15.561653471633441,2.0,0.8044330159348922,0.5387234079086444,-0.250329008796803,0.8596841260440943,1.4574017524719238,-0.4760906398296356,0.03551815450191498,0.5461685657501221,macro_normal,SAFE_PROGRESSING,NONE,1,0,"-1.686,18.940;-1.377,18.547;-1.068,18.154;-0.758,17.761;-0.449,17.368;-0.140,16.975;0.169,16.582",0,1,NORMAL_CORRECTION,1,0.8032250053572865,0.5413299390486068,-0.24857893687603322,0.8655163143662434,4.776080908311543,6.298773106827029,0.0,0,0,0,DIRECT_LOCAL,NORMAL_CORRECTION,1,BYPASS_VISIBLE,1,20,2.0,17.0,2.0,2.0,17.0,2.0,1,
860,28.7,0.033333,-1.7116411924362183,18.84427261352539,3.1129910945892334,-3.052900549462052,0.36838874220848083,1.397994252693514,-0.5144144387916054,0.024083071490022895,1.4898288961265898,0.9716678830147378,15.561653471633441,2.0,0.805617644981692,0.5361185072827884,-0.2521054466746551,0.8538305234333631,1.4577546119689941,-0.4760521948337555,0.03533893823623657,0.5426324605941772,macro_normal,SAFE_PROGRESSING,NONE,1,0,"-1.699,18.892;-1.386,18.502;-1.073,18.112;-0.761,17.722;-0.448,17.332;-0.135,16.942;0.178,16.552",0,1,NORMAL_CORRECTION,1,0.8032250053572865,0.5413299390486068,-0.24857893687603322,0.8655163143662434,4.732867323643442,6.251363940200283,0.0,0,0,0,DIRECT_LOCAL,NORMAL_CORRECTION,1,BYPASS_VISIBLE,1,20,2.0,17.0,2.0,2.0,17.0,2.0,1,
861,28.733333,0.033333,-1.7236968278884888,18.79610252380371,3.1137754917144775,-3.0406052177981837,0.3683876395225525,1.3979630009816821,-0.5148938228293344,0.024098510408712276,1.4899654154058186,0.9716678830147378,15.561653471633441,2.0,0.8067682655933357,0.5335310840044506,-0.2539085426537616,0.8479560371885538,1.4585381746292114,-0.47575104236602783,0.03522994741797447,0.5390684604644775,macro_normal,SAFE_PROGRESSING,NONE,1,0,"-1.712,18.844;-1.395,18.457;-1.079,18.070;-0.762,17.683;-0.446,17.296;-0.129,16.909;0.187,16.522",0,1,NORMAL_CORRECTION,1,0.8032250053572865,0.5413299390486068,-0.24857893687603322,0.8655163143662434,4.6900822573023255,6.20380696010963,0.0,0,0,0,DIRECT_LOCAL,NORMAL_CORRECTION,1,BYPASS_VISIBLE,1,20,2.0,17.0,2.0,2.0,17.0,2.0,1,
862,28.766667,0.033333,-1.7351750135421753,18.747785568237305,3.1145551204681396,-3.028314088190169,0.36782604455947876,1.3979976074017038,-0.5152824466149429,0.024084442502644292,1.4901319976636407,0.9716678830147378,15.561653471633441,2.0,0.8078735520385043,0.5309783261637704,-0.2557388141464073,0.8420606057966988,1.4596483707427979,-0.4753161072731018,0.035167329013347626,0.53524249792099,macro_normal,SAFE_PROGRESSING,NONE,1,0,"-1.724,18.796;-1.404,18.412;-1.084,18.028;-0.763,17.644;-0.443,17.260;-0.123,16.876;0.197,16.491",0,1,NORMAL_CORRECTION,1,0.8032250053572865,0.5413299390486068,-0.24857893687603322,0.8655163143662434,4.647738631619029,6.156104821908452,0.0,0,0,0,DIRECT_LOCAL,NORMAL_CORRECTION,1,BYPASS_VISIBLE,1,20,2.0,17.0,2.0,2.0,17.0,2.0,1,
863,28.8,0.033333,-1.746070384979248,18.69932746887207,3.1153299808502197,-3.0160451980070877,0.3667815327644348,1.3981361126219691,-0.5154944726264056,0.0242113312350269,1.4903373206379216,0.9716678830147378,15.561653471633441,2.0,0.808923342180813,0.5284759146269375,-0.2575970382870216,0.8361443943159566,1.460919976234436,-0.47490137815475464,0.03512110933661461,0.530799388885498,macro_normal,SAFE_PROGRESSING,NONE,1,0,"-1.735,18.748;-1.411,18.367;-1.088,17.986;-0.764,17.605;-0.440,17.224;-0.117,16.843;0.207,16.461",0,1,NORMAL_CORRECTION,1,0.8032250053572865,0.5413299390486068,-0.24857893687603322,0.8655163143662434,4.605854668926484,6.108260075946933,0.0,0,0,0,DIRECT_LOCAL,NORMAL_CORRECTION,1,BYPASS_VISIBLE,1,20,2.0,17.0,2.0,2.0,17.0,2.0,1,
864,28.833333,0.033333,-1.7563761472702026,18.650732040405273,3.116102457046509,-3.0038154255265015,0.3653070032596588,1.3984253427547877,-0.5154853824133862,0.02440124772340387,1.490608613832343,1.3168313946044767,15.402566529916555,2.0,0.7950946025314236,0.5567312342823557,-0.2405720386907889,0.9,1.4567620754241943,-0.47379833459854126,0.0355696827173233,0.5357425808906555,macro_normal,SAFE_PROGRESSING,NONE,1,0,"-1.746,18.699;-1.406,18.333;-1.065,17.967;-0.725,17.600;-0.385,17.234;-0.044,16.868;0.296,16.501",1,1,NORMAL_CORRECTION,1,0.8191520442889917,0.573576436351046,0.0,0.9,4.56445116166263,6.060273315083732,0.0,0,0,0,DIRECT_LOCAL,NORMAL_CORRECTION,1,BYPASS_VISIBLE,1,20,2.0,17.0,2.0,2.0,17.0,2.0,1,
865,28.866667,0.033333,-1.766084909439087,18.602006912231445,3.116877555847168,-2.991638243468716,0.36360427737236023,1.3987652280228955,-0.5152537632212625,0.023860173713007714,1.4908386604623687,1.3168313946044767,15.402566529916555,2.0,0.7964860052007491,0.5540436680938712,-0.24216865479339097,0.8943194905393451,1.4562771320343018,-0.4729495942592621,0.03592216968536377,0.544445276260376,macro_normal,SAFE_PROGRESSING,NONE,1,0,"-1.756,18.651;-1.413,18.288;-1.069,17.924;-0.725,17.561;-0.382,17.198;-0.038,16.835;0.305,16.472",0,1,NORMAL_CORRECTION,1,0.7950946025314236,0.5567312342823557,-0.2405720386907889,0.9,4.5235491894823605,6.012148926791562,0.0,0,0,0,DIRECT_LOCAL,NORMAL_CORRECTION,1,BYPASS_VISIBLE,1,20,2.0,17.0,2.0,2.0,17.0,2.0,1,
866,28.9,0.033333,-1.7751902341842651,18.553159713745117,3.1176576614379883,-2.9795097411059777,0.3625507950782776,1.3989496134467112,-0.5148494619319477,0.022811761384788805,1.4908555818293723,1.3168313946044767,15.402566529916555,2.0,0.797812464483519,0.5514174086933549,-0.24379112556579982,0.8886122145846269,1.4567430019378662,-0.4735565781593323,0.0359901487827301,0.5491938591003418,macro_normal,SAFE_PROGRESSING,NONE,1,0,"-1.766,18.602;-1.419,18.242;-1.072,17.882;-0.725,17.522;-0.378,17.162;-0.031,16.802;0.316,16.442",0,1,NORMAL_CORRECTION,1,0.7950946025314236,0.5567312342823557,-0.2405720386907889,0.9,4.483173486975739,5.963891372172397,0.0,0,0,0,DIRECT_LOCAL,NORMAL_CORRECTION,1,BYPASS_VISIBLE,1,20,2.0,17.0,2.0,2.0,17.0,2.0,1,
867,28.933333,0.033333,-1.783687949180603,18.504207611083984,3.1184396743774414,-2.9673992606478046,0.3626365065574646,1.3988977281151087,-0.5143790297816032,0.021962789808902733,1.4906317466567203,1.3168313946044767,15.402566529916555,2.0,0.7990910315240025,0.5488282463642754,-0.24544058207765873,0.8828779114438049,1.457195520401001,-0.474567711353302,0.03582741692662239,0.5510464906692505,macro_normal,SAFE_PROGRESSING,NONE,1,0,"-1.775,18.553;-1.425,18.196;-1.075,17.839;-0.725,17.483;-0.374,17.126;-0.024,16.769;0.326,16.412",0,1,NORMAL_CORRECTION,1,0.7950946025314236,0.5567312342823557,-0.2405720386907889,0.9,4.443348654848475,5.9155147985734216,0.0,0,0,0,DIRECT_LOCAL,NORMAL_CORRECTION,1,BYPASS_VISIBLE,1,20,2.0,17.0,2.0,2.0,17.0,2.0,1,
868,28.966667,0.033333,-1.7915774583816528,18.455163955688477,3.1192216873168945,-2.955276730087938,0.3635818362236023,1.3986693066702696,-0.513993871668243,0.021740125762050058,1.4902812360766515,1.3168313946044767,15.402566529916555,2.0,0.8003390544860967,0.5462515682592931,-0.24711661627370066,0.877117953243939,1.457470417022705,-0.47528076171875,0.03556418791413307,0.5515894293785095,macro_normal,SAFE_PROGRESSING,NONE,1,0,"-1.784,18.504;-1.430,18.151;-1.077,17.797;-0.723,17.443;-0.370,17.090;-0.016,16.736;0.337,16.383",0,1,NORMAL_CORRECTION,1,0.7950946025314236,0.5567312342823557,-0.2405720386907889,0.9,4.40410456537019,5.867029812884145,0.0,0,0,0,DIRECT_LOCAL,NORMAL_CORRECTION,1,BYPASS_VISIBLE,1,20,2.0,17.0,2.0,2.0,17.0,2.0,1,
869,29.0,0.033333,-1.7988618612289429,18.406038284301758,3.120002031326294,-2.9431223621291047,0.36494043469429016,1.398381874022856,-0.5138229081513324,0.02210071452053433,1.4899578142078669,1.3168313946044767,15.402566529916555,2.0,0.8015673025701523,0.5436717065331814,-0.24881908079106038,0.8713336132883182,1.45746648311615,-0.4757656455039978,0.03527349978685379,0.5507069826126099,macro_normal,SAFE_PROGRESSING,NONE,1,0,"-1.792,18.455;-1.435,18.105;-1.078,17.754;-0.721,17.404;-0.365,17.054;-0.008,16.703;0.349,16.353",0,1,NORMAL_CORRECTION,1,0.7950946025314236,0.5567312342823557,-0.2405720386907889,0.9,4.3654661915032715,5.818443525052069,0.0,0,0,0,DIRECT_LOCAL,NORMAL_CORRECTION,1,BYPASS_VISIBLE,1,20,2.0,17.0,2.0,2.0,17.0,2.0,1,
870,29.033333,0.033333,-1.8055461645126343,18.356836318969727,3.120779037475586,-2.9309267556226932,0.3663070499897003,1.3981339292270345,-0.5139165367084876,0.02269956989385793,1.4897664116335956,1.3168313946044767,15.402566529916555,2.0,0.8027800703359188,0.5410821739186673,-0.2505478791347202,0.8655261300234807,1.4572964906692505,-0.47615545988082886,0.034991733729839325,0.5483261346817017,macro_normal,SAFE_PROGRESSING,NONE,1,0,"-1.799,18.406;-1.439,18.059;-1.079,17.712;-0.719,17.365;-0.359,17.018;0.001,16.671;0.361,16.324",1,1,NORMAL_CORRECTION,1,0.829228984379823,0.5589090189506762,0.0,0.8655261300234807,4.3274535097178175,5.769759467807517,0.0,0,0,0,DIRECT_LOCAL,NORMAL_CORRECTION,1,BYPASS_VISIBLE,1,20,2.0,17.0,2.0,2.0,17.0,2.0,1,
871,29.066667,0.033333,-1.811635971069336,18.307559967041016,3.121551513671875,-2.918691278260554,0.36735227704048157,1.3979663116364802,-0.5142398819849942,0.023181154616763344,1.4897281062743664,1.3168313946044767,15.402566529916555,2.0,0.803975250366383,0.5384858453610522,-0.2523029749014161,0.8596964954724522,1.4572529792785645,-0.47637850046157837,0.03475356474518776,0.5450540781021118,macro_normal,SAFE_PROGRESSING,NONE,1,0,"-1.806,18.357;-1.442,18.013;-1.079,17.670;-0.716,17.326;-0.353,16.982;0.010,16.639;0.374,16.295",0,1,NORMAL_CORRECTION,1,0.8027800703359188,0.5410821739186673,-0.2505478791347202,0.8655261300234807,4.29008284443275,5.720977528080341,0.0,0,0,0,DIRECT_LOCAL,NORMAL_CORRECTION,1,BYPASS_VISIBLE,1,20,2.0,17.0,2.0,2.0,17.0,2.0,1,
872,29.1,0.033333,-1.8171347379684448,18.25821304321289,3.122318744659424,-2.9064268658615564,0.36786940693855286,1.3978725346606113,-0.5146998520081841,0.0233850511496738,1.489802141706409,1.3168313946044767,15.402566529916555,2.0,0.8051451830540386,0.5358939082198204,-0.2540845397456627,0.8538453004572253,1.457582712173462,-0.4763210415840149,0.03458437696099281,0.5415787100791931,macro_normal,SAFE_PROGRESSING,NONE,1,0,"-1.812,18.308;-1.445,17.967;-1.079,17.627;-0.712,17.287;-0.346,16.947;0.020,16.606;0.387,16.266",0,1,NORMAL_CORRECTION,1,0.8027800703359188,0.5410821739186673,-0.2505478791347202,0.8655261300234807,4.253367907399886,5.672099479748384,0.0,0,0,0,DIRECT_LOCAL,NORMAL_CORRECTION,1,BYPASS_VISIBLE,1,20,2.0,17.0,2.0,2.0,17.0,2.0,1,
873,29.133333,0.033333,-1.8220436573028564,18.208799362182617,3.1230804920196533,-2.8941502373887045,0.36779889464378357,1.3978341548474544,-0.5151785470546721,0.023375488397899685,1.4899314324026123,1.3168313946044767,15.402566529916555,2.0,0.8062795669451286,0.5333217682225756,-0.255892851535015,0.8479731299756047,1.4583433866500854,-0.4759956896305084,0.034482941031455994,0.5381048917770386,macro_normal,SAFE_PROGRESSING,NONE,1,0,"-1.817,18.258;-1.448,17.921;-1.078,17.585;-0.708,17.248;-0.339,16.911;0.031,16.574;0.400,16.238",0,1,NORMAL_CORRECTION,1,0.8027800703359188,0.5410821739186673,-0.2505478791347202,0.8655261300234807,4.217325656133135,5.623127057075796,0.0,0,0,0,DIRECT_LOCAL,NORMAL_CORRECTION,1,BYPASS_VISIBLE,1,20,2.0,17.0,2.0,2.0,17.0,2.0,1,
874,29.166667,0.033333,-1.8263611793518066,18.15932846069336,3.12383770942688,-2.8818795989807544,0.3671893775463104,1.397856419835273,-0.5155620888857176,0.023338840687854204,1.490084406822494,1.3168313946044767,15.402566529916555,2.0,0.8073676230721303,0.5307858344536173,-0.2577283825236092,0.8420802645917851,1.4594314098358154,-0.47553783655166626,0.034424200654029846,0.5343725681304932,macro_normal,SAFE_PROGRESSING,NONE,1,0,"-1.822,18.209;-1.449,17.876;-1.077,17.542;-0.704,17.209;-0.331,16.876;0.042,16.543;0.414,16.209",0,1,NORMAL_CORRECTION,1,0.8027800703359188,0.5410821739186673,-0.2505478791347202,0.8655261300234807,4.181975155198965,5.574067617216829,0.0,0,0,0,DIRECT_LOCAL,NORMAL_CORRECTION,1,BYPASS_VISIBLE,1,20,2.0,17.0,2.0,2.0,17.0,2.0,1,
875,29.2,0.033333,-1.8300821781158447,18.10980224609375,3.1245903968811035,-2.8696323028571755,0.3661211133003235,1.3979789717170064,-0.5157634786801121,0.0234495898824551,1.4902707990727067,1.3168313946044767,15.402566529916555,2.0,0.8083999249852818,0.5283007429997105,-0.25959176841676734,0.836167349277743,1.4606821537017822,-0.47510361671447754,0.03437843173742294,0.5300140380859375,macro_normal,SAFE_PROGRESSING,NONE,1,0,"-1.826,18.159;-1.450,17.830;-1.075,17.500;-0.699,17.170;-0.323,16.841;0.053,16.511;0.429,16.181",0,1,NORMAL_CORRECTION,1,0.8027800703359188,0.5410821739186673,-0.2505478791347202,0.8655261300234807,4.147341589714361,5.5249207477570765,0.0,0,0,0,DIRECT_LOCAL,NORMAL_CORRECTION,1,BYPASS_VISIBLE,1,20,2.0,17.0,2.0,2.0,17.0,2.0,1,
876,29.233333,0.033333,-1.8332009315490723,18.060224533081055,3.125340700149536,-2.857424431753064,0.3646453619003296,1.3982499633804009,-0.5157382469079966,0.023631086712748404,1.4905191470344323,1.6809528696513194,15.295085050112842,2.0,0.7947112297841968,0.5564627937948036,-0.24245251159138614,0.9,1.4565036296844482,-0.474033921957016,0.03482173755764961,0.5348568558692932,macro_normal,SAFE_PROGRESSING,NONE,1,0,"-1.830,18.110;-1.440,17.797;-1.050,17.484;-0.660,17.172;-0.270,16.859;0.120,16.546;0.511,16.233",1,1,NORMAL_CORRECTION,1,0.8191520442889916,0.5735764363510462,0.0,0.9,4.113448470419169,5.475687980669553,0.0,0,0,0,DIRECT_LOCAL,NORMAL_CORRECTION,1,BYPASS_VISIBLE,1,20,2.0,17.0,2.0,2.0,17.0,2.0,1,
877,29.266667,0.033333,-1.8357105255126953,18.010604858398438,3.126093864440918,-2.8452689384654613,0.3629521429538727,1.3985709052116344,-0.5154871307771471,0.02309356406561129,1.4907249483397669,1.6809528696513194,15.295085050112842,2.0,0.7960853681861985,0.5537922711224575,-0.24405369697030865,0.8943214925016815,1.4560275077819824,-0.47319644689559937,0.035172365605831146,0.5435305833816528,macro_normal,SAFE_PROGRESSING,NONE,1,0,"-1.833,18.060;-1.440,17.751;-1.047,17.442;-0.654,17.133;-0.261,16.823;0.132,16.514;0.524,16.205",0,1,NORMAL_CORRECTION,1,0.7947112297841968,0.5564627937948036,-0.24245251159138614,0.9,4.08032148896,5.426376558583562,0.0,0,0,0,DIRECT_LOCAL,NORMAL_CORRECTION,1,BYPASS_VISIBLE,1,20,2.0,17.0,2.0,2.0,17.0,2.0,1,
878,29.3,0.033333,-1.8376063108444214,17.960956573486328,3.126852035522461,-2.8331620344906865,0.3619094491004944,1.3987373249073807,-0.5150638195433165,0.022062740502244816,1.4907191575914207,1.6809528696513194,15.295085050112842,2.0,0.797394572799988,0.5511831024323743,-0.24568085570949058,0.8886162110625246,1.4564882516860962,-0.4739682674407959,0.03523033857345581,0.5477157831192017,macro_normal,SAFE_PROGRESSING,NONE,1,0,"-1.836,18.011;-1.440,17.705;-1.044,17.399;-0.648,17.094;-0.253,16.788;0.143,16.483;0.539,16.177",0,1,NORMAL_CORRECTION,1,0.7947112297841968,0.5564627937948036,-0.24245251159138614,0.9,4.047991241958641,5.376997787709206,0.0,0,0,0,DIRECT_LOCAL,NORMAL_CORRECTION,1,BYPASS_VISIBLE,1,20,2.0,17.0,2.0,2.0,17.0,2.0,1,
879,29.333333,0.033333,-1.8388861417770386,17.91128921508789,3.1276118755340576,-2.821073478407831,0.3619779050350189,1.3986717034544554,-0.5145805561259136,0.02124720800126372,1.4904788246180796,1.6809528696513194,15.295085050112842,2.0,0.7986561355489743,0.5486108178623326,-0.24733488972322693,0.8828845833014535,1.456883192062378,-0.4753190577030182,0.035054974257946014,0.5483574867248535,macro_normal,SAFE_PROGRESSING,NONE,1,0,"-1.838,17.961;-1.439,17.659;-1.041,17.357;-0.642,17.055;-0.243,16.753;0.155,16.451;0.554,16.149",0,1,NORMAL_CORRECTION,1,0.7947112297841968,0.5564627937948036,-0.24245251159138614,0.9,4.0164891153049975,5.327559466581365,0.0,0,0,0,DIRECT_LOCAL,NORMAL_CORRECTION,1,BYPASS_VISIBLE,1,20,2.0,17.0,2.0,2.0,17.0,2.0,1,
880,29.366667,0.033333,-1.839552402496338,17.861621856689453,3.1283717155456543,-2.808975524118914,0.36281511187553406,1.398433839233545,-0.5141990413619089,0.021077345121386416,1.49012150891407,1.6809528696513194,15.295085050112842,2.0,0.7998853284808812,0.5460537374732561,-0.24901561612180295,0.8771269212424334,1.4571380615234375,-0.4762938916683197,0.03479825705289841,0.5478224158287048,macro_normal,SAFE_PROGRESSING,NONE,1,0,"-1.839,17.911;-1.438,17.613;-1.036,17.315;-0.635,17.016;-0.234,16.718;0.168,16.420;0.569,16.122",0,1,NORMAL_CORRECTION,1,0.7947112297841968,0.5564627937948036,-0.24245251159138614,0.9,3.9858423159680987,5.278079372155485,0.0,0,0,0,DIRECT_LOCAL,NORMAL_CORRECTION,1,BYPASS_VISIBLE,1,20,2.0,17.0,2.0,2.0,17.0,2.0,1,
881,29.4,0.033333,-1.8396104574203491,17.81195640563965,3.1291301250457764,-2.796852293785545,0.36394089460372925,1.3981405287128192,-0.514059155528739,0.021510679326742454,1.4898041692576172,1.6809528696513194,15.295085050112842,2.0,0.8010913479574269,0.5434986450185412,-0.25072270557482934,0.8713453632339343,1.4571168422698975,-0.47676268219947815,0.03455304354429245,0.5467551946640015,macro_normal,SAFE_PROGRESSING,NONE,1,0,"-1.840,17.862;-1.436,17.567;-1.031,17.273;-0.627,16.978;-0.223,16.683;0.181,16.389;0.585,16.094",0,1,NORMAL_CORRECTION,1,0.7947112297841968,0.5564627937948036,-0.24245251159138614,0.9,3.956080052860587,5.228558536664882,0.0,0,0,0,DIRECT_LOCAL,NORMAL_CORRECTION,1,BYPASS_VISIBLE,1,20,2.0,17.0,2.0,2.0,17.0,2.0,1,
882,29.433333,0.033333,-1.8390675783157349,17.762313842773438,3.1298863887786865,-2.7846978100778403,0.3649944067001343,1.3978876617548301,-0.5142106168629089,0.022174578675723665,1.4896288750290678,1.6809528696513194,15.295085050112842,2.0,0.8022758595588644,0.540942941985967,-0.25245629064186925,0.8655404683824617,1.4568068981170654,-0.4769288897514343,0.0343475267291069,0.5450810194015503,macro_normal,SAFE_PROGRESSING,NONE,1,0,"-1.840,17.812;-1.433,17.521;-1.026,17.230;-0.619,16.940;-0.213,16.649;0.194,16.358;0.601,16.067",1,1,NORMAL_CORRECTION,1,0.8291328835751681,0.559051573089931,0.0,0.8655404683824617,3.927218837309555,5.1790173179310015,0.0,0,0,0,DIRECT_LOCAL,NORMAL_CORRECTION,1,BYPASS_VISIBLE,1,20,2.0,17.0,2.0,2.0,17.0,2.0,1,
883,29.466667,0.033333,-1.83793044090271,17.712675094604492,3.1306397914886475,-2.772513306919763,0.36574241518974304,1.3977102335238787,-0.5146003002819932,0.022658329341794733,1.4896042312762994,1.6809528696513194,15.295085050112842,2.0,0.8034385198906857,0.5383872161492086,-0.25421595198368147,0.8597153452030419,1.456587314605713,-0.47671839594841003,0.0341881588101387,0.5435100197792053,macro_normal,SAFE_PROGRESSING,NONE,1,0,"-1.839,17.762;-1.430,17.475;-1.020,17.188;-0.611,16.901;-0.201,16.614;0.208,16.327;0.618,16.040",0,1,NORMAL_CORRECTION,1,0.8022758595588644,0.540942941985967,-0.25245629064186925,0.8655404683824617,3.899284492769173,5.129436255652355,0.0,0,0,0,DIRECT_LOCAL,NORMAL_CORRECTION,1,BYPASS_VISIBLE,1,20,2.0,17.0,2.0,2.0,17.0,2.0,1,
884,29.5,0.033333,-1.8362033367156982,17.66305923461914,3.131389617919922,-2.760305869942408,0.36610180139541626,1.397590896371797,-0.5151049712164607,0.022762953209393665,1.4896682842270783,1.6809528696513194,15.295085050112842,2.0,0.8045715511951645,0.5358426174327582,-0.25600255535876526,0.8538684061732422,1.456817626953125,-0.4762625992298126,0.03404933214187622,0.541818380355835,macro_normal,SAFE_PROGRESSING,NONE,1,0,"-1.838,17.713;-1.426,17.430;-1.014,17.146;-0.602,16.863;-0.189,16.580;0.223,16.297;0.635,16.014",0,1,NORMAL_CORRECTION,1,0.8022758595588644,0.540942941985967,-0.25245629064186925,0.8655404683824617,3.872280260686461,5.07983391005116,0.0,0,0,0,DIRECT_LOCAL,NORMAL_CORRECTION,1,BYPASS_VISIBLE,1,20,2.0,17.0,2.0,2.0,17.0,2.0,1,
885,29.533333,0.033333,-1.8338868618011475,17.613462448120117,3.1321358680725098,-2.74808533969386,0.3661057949066162,1.3975027333297796,-0.515578962085646,0.022580441598153797,1.4897467677938703,1.6809528696513194,15.295085050112842,2.0,0.8056700924538771,0.533316686010761,-0.25781585394979245,0.848002111282143,1.4575634002685547,-0.4755297601222992,0.03393309563398361,0.5402495861053467,macro_normal,SAFE_PROGRESSING,NONE,1,0,"-1.836,17.663;-1.421,17.384;-1.007,17.105;-0.592,16.825;-0.177,16.546;0.238,16.267;0.652,15.988",0,1,NORMAL_CORRECTION,1,0.8022758595588644,0.540942941985967,-0.25245629064186925,0.8655404683824617,3.846233004115395,5.03020589901456,0.0,0,0,0,DIRECT_LOCAL,NORMAL_CORRECTION,1,BYPASS_VISIBLE,1,20,2.0,17.0,2.0,2.0,17.0,2.0,1,
886,29.566667,0.033333,-1.8309781551361084,17.563894271850586,3.132878303527832,-2.735861960231259,0.3658374845981598,1.3974500261698728,-0.5158958498046567,0.022367413566816985,1.489803814157259,1.6809528696513194,15.295085050112842,2.0,0.8067268341241818,0.530820344519456,-0.25965665203922816,0.8421157188269991,1.4587397575378418,-0.4744752049446106,0.033840205520391464,0.5390900373458862,macro_normal,SAFE_PROGRESSING,NONE,1,0,"-1.834,17.613;-1.417,17.338;-0.999,17.063;-0.582,16.788;-0.164,16.512;0.253,16.237;0.670,15.962",0,1,NORMAL_CORRECTION,1,0.8022758595588644,0.540942941985967,-0.25245629064186925,0.8655404683824617,3.8211596397555985,4.9805610505160045,0.0,0,0,0,DIRECT_LOCAL,NORMAL_CORRECTION,1,BYPASS_VISIBLE,1,20,2.0,17.0,2.0,2.0,17.0,2.0,1,
887,29.6,0.033333,-1.8274706602096558,17.51436424255371,3.1336166858673096,-2.723644793818474,0.3654018044471741,1.3974806070934174,-0.5159713877896592,0.022350972728046096,1.4898584114611908,1.6809528696513194,15.295085050112842,2.0,0.8077368637642417,0.5283612334835448,-0.2615254593114292,0.8362094189258261,1.4599130153656006,-0.4729652404785156,0.03379812836647034,0.5392191410064697,macro_normal,SAFE_PROGRESSING,NONE,1,0,"-1.831,17.564;-1.411,17.293;-0.991,17.021;-0.571,16.750;-0.151,16.479;0.269,16.207;0.689,15.936",0,1,NORMAL_CORRECTION,1,0.8022758595588644,0.540942941985967,-0.25245629064186925,0.8655404683824617,3.7970872752550116,4.9309080777838865,0.0,0,0,0,DIRECT_LOCAL,NORMAL_CORRECTION,1,BYPASS_VISIBLE,1,20,2.0,17.0,2.0,2.0,17.0,2.0,1,
888,29.633333,0.033333,-1.8233563899993896,17.46487808227539,3.1343538761138916,-2.711439094407611,0.36492812633514404,1.3976491648405194,-0.5157636768032237,0.022402319355301625,1.4899453755763925,2.055667159363114,15.240328034793677,2.0,0.7943350386729736,0.5561993819429173,-0.2442828153242104,0.9,1.4554946422576904,-0.4705272912979126,0.03424903750419617,0.5499711632728577,macro_normal,SAFE_PROGRESSING,NONE,1,0,"-1.827,17.514;-1.396,17.262;-0.965,17.009;-0.533,16.756;-0.102,16.504;0.330,16.251;0.761,15.998",1,1,NORMAL_CORRECTION,1,0.8191520442889918,0.573576436351046,0.0,0.9,3.774045869254003,4.8812519634739715,0.0,0,0,0,DIRECT_LOCAL,NORMAL_CORRECTION,1,BYPASS_VISIBLE,1,20,2.0,17.0,2.0,2.0,17.0,2.0,1,
889,29.666667,0.033333,-1.8186249732971191,17.415441513061523,3.1350934505462646,-2.69924277530396,0.3647063076496124,1.3978492081825316,-0.5152644781314644,0.021632357065379935,1.4899489421160794,2.055667159363114,15.240328034793677,2.0,0.79572832875014,0.5534931868719468,-0.24588964783179762,0.8943253683142343,1.4546356201171875,-0.46816113591194153,0.034588973969221115,0.5655047297477722,macro_normal,SAFE_PROGRESSING,NONE,1,0,"-1.823,17.465;-1.390,17.216;-0.956,16.967;-0.522,16.719;-0.088,16.470;0.345,16.221;0.779,15.972",0,1,NORMAL_CORRECTION,1,0.7943350386729736,0.5561993819429173,-0.2442828153242104,0.9,3.752064372573643,4.831597706905225,0.0,0,0,0,DIRECT_LOCAL,NORMAL_CORRECTION,1,BYPASS_VISIBLE,1,20,2.0,17.0,2.0,2.0,17.0,2.0,1,
890,29.7,0.033333,-1.813268780708313,17.36607551574707,3.135838270187378,-2.687033876439832,0.36570340394973755,1.397853523924587,-0.5145125976334098,0.020209479476027123,1.4896731556058052,2.055667159363114,15.240328034793677,2.0,0.7970908732214965,0.5507981720473868,-0.24752275349197575,0.8886227134737312,1.4548029899597168,-0.46738430857658386,0.03459402546286583,0.5768300294876099,macro_normal,SAFE_PROGRESSING,NONE,1,0,"-1.819,17.415;-1.383,17.171;-0.947,16.926;-0.511,16.681;-0.075,16.436;0.361,16.192;0.797,15.947",0,1,NORMAL_CORRECTION,1,0.7943350386729736,0.5561993819429173,-0.2442828153242104,0.9,3.7311736225820833,4.781965953609176,0.0,0,0,0,DIRECT_LOCAL,NORMAL_CORRECTION,1,BYPASS_VISIBLE,1,20,2.0,17.0,2.0,2.0,17.0,2.0,1,
891,29.733333,0.033333,-1.8072823286056519,17.31679916381836,3.136585235595703,-2.6747624247227084,0.3684326112270355,1.3975587652276162,-0.5136118163913365,0.01889104414802465,1.4890683233990134,2.055667159363114,15.240328034793677,2.0,0.7984512902552225,0.5480722989951949,-0.24918325016720477,0.8828922394302958,1.4551308155059814,-0.46707457304000854,0.03432977572083473,0.5848073959350586,macro_normal,SAFE_PROGRESSING,NONE,1,0,"-1.813,17.366;-1.375,17.125;-0.937,16.885;-0.499,16.644;-0.060,16.403;0.378,16.162;0.816,15.921",0,1,NORMAL_CORRECTION,1,0.7943350386729736,0.5561993819429173,-0.2442828153242104,0.9,3.7114093367390013,4.732375853554778,0.0,0,0,0,DIRECT_LOCAL,NORMAL_CORRECTION,1,BYPASS_VISIBLE,1,20,2.0,17.0,2.0,2.0,17.0,2.0,1,
892,29.766667,0.033333,-1.8006631135940552,17.267623901367188,3.137329578399658,-2.6623807707336615,0.3725336492061615,1.397016436636164,-0.5127265853293855,0.018230561472123076,1.4882458899344309,2.055667159363114,15.240328034793677,2.0,0.7998363089531835,0.545275714698641,-0.25087103029252616,0.8771342222549794,1.4554725885391235,-0.46636444330215454,0.03396814316511154,0.5912127494812012,macro_normal,SAFE_PROGRESSING,NONE,1,0,"-1.807,17.317;-1.367,17.080;-0.926,16.843;-0.486,16.607;-0.046,16.370;0.395,16.133;0.835,15.896",0,1,NORMAL_CORRECTION,1,0.7943350386729736,0.5561993819429173,-0.2442828153242104,0.9,3.6928034312216553,4.6828394350812665,0.0,0,0,0,DIRECT_LOCAL,NORMAL_CORRECTION,1,BYPASS_VISIBLE,1,20,2.0,17.0,2.0,2.0,17.0,2.0,1,
893,29.8,0.033333,-1.7934107780456543,17.218568801879883,3.1380698680877686,-2.6498550442703377,0.3774334192276001,1.3963577243152108,-0.5120068895643061,0.018302020527403564,1.4873805542535015,2.055667159363114,15.240328034793677,2.0,0.8012636911057875,0.5423808183819909,-0.25258571845377775,0.8713486490435836,1.455606460571289,-0.4653719365596771,0.033618684858083725,0.5956487059593201,macro_normal,SAFE_PROGRESSING,NONE,1,0,"-1.801,17.268;-1.358,17.035;-0.916,16.802;-0.473,16.570;-0.030,16.337;0.412,16.104;0.855,15.872",0,1,NORMAL_CORRECTION,1,0.7943350386729736,0.5561993819429173,-0.2442828153242104,0.9,3.675380533755126,4.6333767665090315,0.0,0,0,0,DIRECT_LOCAL,NORMAL_CORRECTION,1,BYPASS_VISIBLE,1,20,2.0,17.0,2.0,2.0,17.0,2.0,1,
894,29.833333,0.033333,-1.7855257987976074,17.16963768005371,3.138805627822876,-2.6371654965021603,0.38257521390914917,1.395711308295591,-0.5115187983670205,0.01880378042796686,1.4866119599093146,2.055667159363114,15.240328034793677,2.0,0.8027437921629923,0.5393700055222332,-0.25432735064621814,0.8655365388199104,1.455470085144043,-0.46439704298973083,0.03334596008062363,0.5977295637130737,macro_normal,SAFE_PROGRESSING,NONE,1,0,"-1.793,17.219;-1.349,16.990;-0.904,16.761;-0.459,16.533;-0.015,16.304;0.430,16.076;0.875,15.847",1,1,NORMAL_CORRECTION,1,0.8300369057222503,0.5577084678745984,0.0,0.8655365388199104,3.6591659168663115,4.583993044417561,0.0,0,0,0,DIRECT_LOCAL,NORMAL_CORRECTION,1,BYPASS_VISIBLE,1,20,2.0,17.0,2.0,2.0,17.0,2.0,1,
895,29.866667,0.033333,-1.7770075798034668,17.120838165283203,3.1395370960235596,-2.6243084886363723,0.38745152950286865,1.3951485264276713,-0.5112342029545782,0.01934478606895574,1.4859926116276485,2.055667159363114,15.240328034793677,2.0,0.8042761966700092,0.5362409615673749,-0.2560965259571509,0.8596975991386021,1.4554500579833984,-0.46349138021469116,0.03318323194980621,0.5978385806083679,macro_normal,SAFE_PROGRESSING,NONE,1,0,"-1.786,17.170;-1.339,16.945;-0.892,16.721;-0.445,16.496;0.002,16.272;0.449,16.048;0.895,15.823",0,1,NORMAL_CORRECTION,1,0.8027437921629923,0.5393700055222332,-0.25432735064621814,0.8655365388199104,3.644175904778166,4.534697481863008,0.0,0,0,0,DIRECT_LOCAL,NORMAL_CORRECTION,1,BYPASS_VISIBLE,1,20,2.0,17.0,2.0,2.0,17.0,2.0,1,
896,29.9,0.033333,-1.7678544521331787,17.072174072265625,3.1402647495269775,-2.6112962512951277,0.39167797565460205,1.3946825509428795,-0.5110651858434194,0.019713643681298628,1.485501824244218,2.055667159363114,15.240328034793677,2.0,0.8058523734344676,0.5330034257411466,-0.2578939711940503,0.8538316931836004,1.4557437896728516,-0.4627334773540497,0.03315570205450058,0.5961834788322449,macro_normal,SAFE_PROGRESSING,NONE,1,0,"-1.777,17.121;-1.328,16.901;-0.879,16.680;-0.430,16.460;0.019,16.240;0.467,16.020;0.916,15.799",0,1,NORMAL_CORRECTION,1,0.8027437921629923,0.5393700055222332,-0.25432735064621814,0.8655365388199104,3.6304286143889755,4.485495719919333,0.0,0,0,0,DIRECT_LOCAL,NORMAL_CORRECTION,1,BYPASS_VISIBLE,1,20,2.0,17.0,2.0,2.0,17.0,2.0,1,
897,29.933333,0.033333,-1.7580633163452148,17.02364730834961,3.1409895420074463,-2.5981534136739537,0.39501193165779114,1.3943031122713494,-0.5109076430379432,0.01994815689142701,1.4850945146917496,2.055667159363114,15.240328034793677,2.0,0.8074568982508024,0.5296777760874105,-0.25972064027775715,0.84793814440868,1.456824541091919,-0.46238455176353455,0.03319649398326874,0.5918457508087158,macro_normal,SAFE_PROGRESSING,NONE,1,0,"-1.768,17.072;-1.317,16.856;-0.866,16.640;-0.415,16.424;0.036,16.208;0.487,15.992;0.938,15.776",0,1,NORMAL_CORRECTION,1,0.8027437921629923,0.5393700055222332,-0.25432735064621814,0.8655365388199104,3.617940478180882,4.436391725948291,0.0,0,0,0,DIRECT_LOCAL,NORMAL_CORRECTION,1,BYPASS_VISIBLE,1,20,2.0,17.0,2.0,2.0,17.0,2.0,1,
898,29.966667,0.033333,-1.7476296424865723,16.97526741027832,3.141711950302124,-2.5849130481104625,0.39728879928588867,1.394026100715168,-0.5106788247871829,0.02031482393091586,1.4847606957461184,2.055667159363114,15.240328034793677,2.0,0.8090699685965698,0.5262916217425722,-0.26157774140534024,0.842015861436886,1.458890438079834,-0.46213045716285706,0.03326820582151413,0.585350751876831,macro_normal,SAFE_PROGRESSING,NONE,1,0,"-1.758,17.024;-1.305,16.812;-0.852,16.600;-0.399,16.388;0.054,16.176;0.507,15.965;0.960,15.753",0,1,NORMAL_CORRECTION,1,0.8027437921629923,0.5393700055222332,-0.25432735064621814,0.8655365388199104,3.6067275359525164,4.387397334493502,0.0,0,0,0,DIRECT_LOCAL,NORMAL_CORRECTION,1,BYPASS_VISIBLE,1,20,2.0,17.0,2.0,2.0,17.0,2.0,1,
899,30.0,0.033333,-1.736548662185669,16.92704200744629,3.1424336433410645,-2.5716151415660864,0.39839696884155273,1.3939275338916486,-0.5103348279074177,0.02112279775392465,1.4845611401695455,2.055667159363114,15.240328034793677,2.0,0.8106695343678576,0.5228770506496119,-0.26346630895005146,0.8360641410697409,1.4609715938568115,-0.4615727365016937,0.033468808978796005,0.5785043835639954,macro_normal,SAFE_PROGRESSING,NONE,1,0,"-1.748,16.975;-1.293,16.768;-0.838,16.560;-0.383,16.353;0.072,16.145;0.527,15.938;0.982,15.730",0,1,NORMAL_CORRECTION,1,0.8027437921629923,0.5393700055222332,-0.25432735064621814,0.8655365388199104,3.596809303950493,4.338522850525178,0.0,0,0,0,DIRECT_LOCAL,NORMAL_CORRECTION,1,BYPASS_VISIBLE,1,20,2.0,17.0,2.0,2.0,17.0,2.0,1,
